00:00.110  translation      | WARNING Falling back to standard locale ("C")
00:00.613  blend            | Read blend: "/Users/kazuki.tanaka/dev0/exfract-bonsai-02/improvement/2026-10-04/runs/anatomy-2150/models/best-coarse.blend"
/Users/kazuki.tanaka/dev0/exfract-bonsai-02/improvement/2026-10-04/runs/integrated-form-2245/sculpt/integrate.py:15: DeprecationWarning: 'Material.use_nodes' is expected to be removed in Blender 6.0
  wood=bpy.data.materials.new('Continuous wood growth');wood.use_nodes=True;wood.diffuse_color=(.43,.39,.31,1);bs=wood.node_tree.nodes.get('Principled BSDF');bs.inputs['Base Color'].default_value=(.43,.39,.31,1);bs.inputs['Roughness'].default_value=.93;me.materials.append(wood);core['authoring_version']=a.version;core['construction']='shared cage major planes and continuous living/dead surface attributes';core['wood_basis']=a.base
0.0s Restored connected editable wood and explicit branch-led canopy routes
<string>:6: DeprecationWarning: 'Material.use_nodes' is expected to be removed in Blender 6.0
0.3s Canopy left lower primary: 375 twig nodes; 380 rooted scale shoots
0.3s Canopy left lower rear fork: 262 twig nodes; 230 rooted scale shoots
0.3s Canopy left rear primary: 378 twig nodes; 380 rooted scale shoots
0.4s Canopy upper left primary: 330 twig nodes; 330 rooted scale shoots
0.4s Canopy apex: 413 twig nodes; 450 rooted scale shoots
0.5s Canopy crown right primary: 416 twig nodes; 390 rooted scale shoots
0.5s Canopy subordinate low right: 235 twig nodes; 230 rooted scale shoots
0.5s Canopy rear crown fork: 276 twig nodes; 170 rooted scale shoots
0.8s Substrate: 1400 moss tufts and 1600 embedded grains, shared geometry
0.8s Canopy complete: 2560 scale-shoot instances
INFO Draco is available, use library at /Applications/Blender.app/Contents/Resources/5.2/scripts/addons_core/io_scene_gltf2/libbf_intern_draco_bridge.dylib
INFO MeshOptimizer is available, use library at /Applications/Blender.app/Contents/Resources/5.2/scripts/addons_core/io_scene_gltf2/libbf_intern_meshopt_bridge.dylib
23:00:31 | INFO: Starting glTF 2.0 export
23:00:31 | INFO: Extracting primitive: Volumetric scale shoot 01
23:00:31 | INFO: Primitives created: 1
23:00:31 | INFO: Extracting primitive: Volumetric scale shoot 05
23:00:31 | INFO: Primitives created: 1
23:00:31 | INFO: Extracting primitive: Volumetric scale shoot 08
23:00:31 | INFO: Primitives created: 1
23:00:31 | INFO: Extracting primitive: Volumetric scale shoot 07
23:00:31 | INFO: Primitives created: 1
23:00:31 | INFO: Extracting primitive: Volumetric scale shoot 03
23:00:31 | INFO: Primitives created: 1
23:00:31 | INFO: Extracting primitive: Volumetric scale shoot 06
23:00:31 | INFO: Primitives created: 1
23:00:31 | INFO: Extracting primitive: Volumetric scale shoot 10
23:00:31 | INFO: Primitives created: 1
23:00:31 | INFO: Extracting primitive: Volumetric scale shoot 11
23:00:31 | INFO: Primitives created: 1
23:00:31 | INFO: Extracting primitive: Volumetric scale shoot 04
23:00:31 | INFO: Primitives created: 1
23:00:31 | INFO: Extracting primitive: Volumetric scale shoot 09
23:00:31 | INFO: Primitives created: 1
23:00:31 | INFO: Extracting primitive: Volumetric scale shoot 00
23:00:31 | INFO: Primitives created: 1
23:00:31 | INFO: Extracting primitive: Volumetric scale shoot 02
23:00:31 | INFO: Primitives created: 1
23:00:32 | INFO: Extracting primitive: Embedded mineral grain 02
23:00:32 | INFO: Primitives created: 1
23:00:32 | INFO: Extracting primitive: Embedded mineral grain 04
23:00:32 | INFO: Primitives created: 1
23:00:32 | INFO: Extracting primitive: Embedded mineral grain 05
23:00:32 | INFO: Primitives created: 1
23:00:32 | INFO: Extracting primitive: Embedded mineral grain 03
23:00:32 | INFO: Primitives created: 1
23:00:32 | INFO: Extracting primitive: Embedded mineral grain 00
23:00:32 | INFO: Primitives created: 1
23:00:32 | INFO: Extracting primitive: Embedded mineral grain 01
23:00:32 | INFO: Primitives created: 1
23:00:32 | INFO: Extracting primitive: Root moss tuft 05
23:00:32 | INFO: Primitives created: 1
23:00:32 | INFO: Extracting primitive: Root moss tuft 04
23:00:32 | INFO: Primitives created: 1
23:00:32 | INFO: Extracting primitive: Root moss tuft 03
23:00:32 | INFO: Primitives created: 1
23:00:32 | INFO: Extracting primitive: Root moss tuft 01
23:00:32 | INFO: Primitives created: 1
23:00:32 | INFO: Extracting primitive: Root moss tuft 02
23:00:32 | INFO: Primitives created: 1
23:00:32 | INFO: Extracting primitive: Root moss tuft 00
23:00:32 | INFO: Primitives created: 1
23:00:32 | INFO: Extracting primitive: Terminal branch hierarchy
23:00:32 | INFO: Primitives created: 1
23:00:32 | INFO: Extracting primitive: Editable major growth planes
23:00:32 | INFO: Primitives created: 1
23:00:32 | INFO: Extracting primitive: Continuous planted soil
23:00:32 | INFO: Primitives created: 1
23:00:32 | INFO: Extracting primitive: Volumetric scale shoot low 00
23:00:32 | INFO: Primitives created: 1
23:00:32 | INFO: Extracting primitive: Volumetric scale shoot low 01
23:00:32 | INFO: Primitives created: 1
23:00:32 | INFO: Extracting primitive: Volumetric scale shoot low 02
23:00:32 | INFO: Primitives created: 1
23:00:32 | INFO: Extracting primitive: Volumetric scale shoot low 03
23:00:32 | INFO: Primitives created: 1
23:00:32 | INFO: Extracting primitive: Volumetric scale shoot low 04
23:00:32 | INFO: Primitives created: 1
23:00:32 | INFO: Extracting primitive: Volumetric scale shoot low 05
23:00:32 | INFO: Primitives created: 1
23:00:32 | INFO: Extracting primitive: Volumetric scale shoot low 06
23:00:32 | INFO: Primitives created: 1
23:00:32 | INFO: Extracting primitive: Volumetric scale shoot low 07
23:00:32 | INFO: Primitives created: 1
23:00:32 | INFO: Extracting primitive: Volumetric scale shoot low 08
23:00:32 | INFO: Primitives created: 1
23:00:32 | INFO: Extracting primitive: Volumetric scale shoot low 09
23:00:32 | INFO: Primitives created: 1
23:00:32 | INFO: Extracting primitive: Volumetric scale shoot low 10
23:00:32 | INFO: Primitives created: 1
23:00:32 | INFO: Extracting primitive: Volumetric scale shoot low 11
23:00:32 | INFO: Primitives created: 1
23:00:32 | INFO: Extracting primitive: Cube.001
23:00:32 | INFO: Primitives created: 1
23:00:32 | INFO: Extracting primitive: Cube.002
23:00:32 | INFO: Primitives created: 1
23:00:32 | INFO: Extracting primitive: Cube.003
23:00:32 | INFO: Primitives created: 1
23:00:32 | INFO: Extracting primitive: Cube.004
23:00:32 | INFO: Primitives created: 1
23:00:32 | INFO: Extracting primitive: Low split natural bedding stone
23:00:32 | INFO: Primitives created: 1
23:00:32 | INFO: Extracting primitive: Shallow unglazed pot
23:00:32 | INFO: Primitives created: 1
23:00:32 | INFO: Draco encoder: Encoding mesh Canopy sprays 0000.
23:00:32 | INFO: Draco encoder: Encoding mesh Canopy sprays 0001.
23:00:32 | INFO: Draco encoder: Encoding mesh Canopy sprays 0002.
23:00:32 | INFO: Draco encoder: Encoding mesh Canopy sprays 0003.
23:00:32 | INFO: Draco encoder: Encoding mesh Canopy sprays 0004.
23:00:32 | INFO: Draco encoder: Encoding mesh Canopy sprays 0005.
23:00:32 | INFO: Draco encoder: Encoding mesh Canopy sprays 0006.
23:00:32 | INFO: Draco encoder: Encoding mesh Canopy sprays 0007.
23:00:32 | INFO: Draco encoder: Encoding mesh Canopy sprays 0008.
23:00:32 | INFO: Draco encoder: Encoding mesh Canopy sprays 0009.
23:00:32 | INFO: Draco encoder: Encoding mesh Canopy sprays 0010.
23:00:32 | INFO: Draco encoder: Encoding mesh Canopy sprays 0011.
23:00:32 | INFO: Draco encoder: Encoding mesh Canopy sprays 0012.
23:00:32 | INFO: Draco encoder: Encoding mesh Canopy sprays 0013.
23:00:32 | INFO: Draco encoder: Encoding mesh Canopy sprays 0014.
23:00:32 | INFO: Draco encoder: Encoding mesh Canopy sprays 0015.
23:00:32 | INFO: Draco encoder: Encoding mesh Canopy sprays 0016.
23:00:32 | INFO: Draco encoder: Encoding mesh Canopy sprays 0017.
23:00:32 | INFO: Draco encoder: Encoding mesh Canopy sprays 0018.
23:00:32 | INFO: Draco encoder: Encoding mesh Canopy sprays 0019.
23:00:32 | INFO: Draco encoder: Encoding mesh Canopy sprays 0020.
23:00:32 | INFO: Draco encoder: Encoding mesh Canopy sprays 0021.
23:00:32 | INFO: Draco encoder: Encoding mesh Canopy sprays 0022.
23:00:32 | INFO: Draco encoder: Encoding mesh Canopy sprays 0023.
23:00:32 | INFO: Draco encoder: Encoding mesh Canopy sprays 0024.
23:00:32 | INFO: Draco encoder: Encoding mesh Canopy sprays 0025.
23:00:32 | INFO: Draco encoder: Encoding mesh Canopy sprays 0026.
23:00:32 | INFO: Draco encoder: Encoding mesh Canopy sprays 0027.
23:00:32 | INFO: Draco encoder: Encoding mesh Canopy sprays 0028.
23:00:32 | INFO: Draco encoder: Encoding mesh Canopy sprays 0029.
23:00:32 | INFO: Draco encoder: Encoding mesh Canopy sprays 0030.
23:00:32 | INFO: Draco encoder: Encoding mesh Canopy sprays 0031.
23:00:32 | INFO: Draco encoder: Encoding mesh Canopy sprays 0032.
23:00:32 | INFO: Draco encoder: Encoding mesh Canopy sprays 0033.
23:00:32 | INFO: Draco encoder: Encoding mesh Canopy sprays 0034.
23:00:32 | INFO: Draco encoder: Encoding mesh Canopy sprays 0035.
23:00:32 | INFO: Draco encoder: Encoding mesh Canopy sprays 0036.
23:00:32 | INFO: Draco encoder: Encoding mesh Canopy sprays 0037.
23:00:32 | INFO: Draco encoder: Encoding mesh Canopy sprays 0038.
23:00:32 | INFO: Draco encoder: Encoding mesh Canopy sprays 0039.
23:00:32 | INFO: Draco encoder: Encoding mesh Canopy sprays 0040.
23:00:32 | INFO: Draco encoder: Encoding mesh Canopy sprays 0041.
23:00:32 | INFO: Draco encoder: Encoding mesh Canopy sprays 0042.
23:00:32 | INFO: Draco encoder: Encoding mesh Canopy sprays 0043.
23:00:32 | INFO: Draco encoder: Encoding mesh Canopy sprays 0044.
23:00:32 | INFO: Draco encoder: Encoding mesh Canopy sprays 0045.
23:00:32 | INFO: Draco encoder: Encoding mesh Canopy sprays 0046.
23:00:32 | INFO: Draco encoder: Encoding mesh Canopy sprays 0047.
23:00:32 | INFO: Draco encoder: Encoding mesh Canopy sprays 0048.
23:00:32 | INFO: Draco encoder: Encoding mesh Canopy sprays 0049.
23:00:32 | INFO: Draco encoder: Encoding mesh Canopy sprays 0050.
23:00:32 | INFO: Draco encoder: Encoding mesh Canopy sprays 0051.
23:00:32 | INFO: Draco encoder: Encoding mesh Canopy sprays 0052.
23:00:32 | INFO: Draco encoder: Encoding mesh Canopy sprays 0053.
23:00:32 | INFO: Draco encoder: Encoding mesh Canopy sprays 0054.
23:00:32 | INFO: Draco encoder: Encoding mesh Canopy sprays 0055.
23:00:32 | INFO: Draco encoder: Encoding mesh Canopy sprays 0056.
23:00:32 | INFO: Draco encoder: Encoding mesh Canopy sprays 0057.
23:00:32 | INFO: Draco encoder: Encoding mesh Canopy sprays 0058.
23:00:32 | INFO: Draco encoder: Encoding mesh Canopy sprays 0059.
23:00:32 | INFO: Draco encoder: Encoding mesh Canopy sprays 0060.
23:00:32 | INFO: Draco encoder: Encoding mesh Canopy sprays 0061.
23:00:32 | INFO: Draco encoder: Encoding mesh Canopy sprays 0062.
23:00:32 | INFO: Draco encoder: Encoding mesh Canopy sprays 0063.
23:00:32 | INFO: Draco encoder: Encoding mesh Canopy sprays 0064.
23:00:32 | INFO: Draco encoder: Encoding mesh Canopy sprays 0065.
23:00:32 | INFO: Draco encoder: Encoding mesh Canopy sprays 0066.
23:00:32 | INFO: Draco encoder: Encoding mesh Canopy sprays 0067.
23:00:32 | INFO: Draco encoder: Encoding mesh Canopy sprays 0068.
23:00:32 | INFO: Draco encoder: Encoding mesh Canopy sprays 0069.
23:00:32 | INFO: Draco encoder: Encoding mesh Canopy sprays 0070.
23:00:32 | INFO: Draco encoder: Encoding mesh Canopy sprays 0071.
23:00:32 | INFO: Draco encoder: Encoding mesh Canopy sprays 0072.
23:00:32 | INFO: Draco encoder: Encoding mesh Canopy sprays 0073.
23:00:32 | INFO: Draco encoder: Encoding mesh Canopy sprays 0074.
23:00:32 | INFO: Draco encoder: Encoding mesh Canopy sprays 0075.
23:00:32 | INFO: Draco encoder: Encoding mesh Canopy sprays 0076.
23:00:32 | INFO: Draco encoder: Encoding mesh Canopy sprays 0077.
23:00:32 | INFO: Draco encoder: Encoding mesh Canopy sprays 0078.
23:00:32 | INFO: Draco encoder: Encoding mesh Canopy sprays 0079.
23:00:32 | INFO: Draco encoder: Encoding mesh Canopy sprays 0080.
23:00:32 | INFO: Draco encoder: Encoding mesh Canopy sprays 0081.
23:00:32 | INFO: Draco encoder: Encoding mesh Canopy sprays 0082.
23:00:32 | INFO: Draco encoder: Encoding mesh Canopy sprays 0083.
23:00:32 | INFO: Draco encoder: Encoding mesh Canopy sprays 0084.
23:00:32 | INFO: Draco encoder: Encoding mesh Canopy sprays 0085.
23:00:32 | INFO: Draco encoder: Encoding mesh Canopy sprays 0086.
23:00:32 | INFO: Draco encoder: Encoding mesh Canopy sprays 0087.
23:00:32 | INFO: Draco encoder: Encoding mesh Canopy sprays 0088.
23:00:32 | INFO: Draco encoder: Encoding mesh Canopy sprays 0089.
23:00:32 | INFO: Draco encoder: Encoding mesh Canopy sprays 0090.
23:00:32 | INFO: Draco encoder: Encoding mesh Canopy sprays 0091.
23:00:32 | INFO: Draco encoder: Encoding mesh Canopy sprays 0092.
23:00:32 | INFO: Draco encoder: Encoding mesh Canopy sprays 0093.
23:00:32 | INFO: Draco encoder: Encoding mesh Canopy sprays 0094.
23:00:32 | INFO: Draco encoder: Encoding mesh Canopy sprays 0095.
23:00:32 | INFO: Draco encoder: Encoding mesh Canopy sprays 0096.
23:00:32 | INFO: Draco encoder: Encoding mesh Canopy sprays 0097.
23:00:32 | INFO: Draco encoder: Encoding mesh Canopy sprays 0098.
23:00:32 | INFO: Draco encoder: Encoding mesh Canopy sprays 0099.
23:00:32 | INFO: Draco encoder: Encoding mesh Canopy sprays 0100.
23:00:32 | INFO: Draco encoder: Encoding mesh Canopy sprays 0101.
23:00:32 | INFO: Draco encoder: Encoding mesh Canopy sprays 0102.
23:00:32 | INFO: Draco encoder: Encoding mesh Canopy sprays 0103.
23:00:32 | INFO: Draco encoder: Encoding mesh Canopy sprays 0104.
23:00:32 | INFO: Draco encoder: Encoding mesh Canopy sprays 0105.
23:00:32 | INFO: Draco encoder: Encoding mesh Canopy sprays 0106.
23:00:32 | INFO: Draco encoder: Encoding mesh Canopy sprays 0107.
23:00:32 | INFO: Draco encoder: Encoding mesh Canopy sprays 0108.
23:00:32 | INFO: Draco encoder: Encoding mesh Canopy sprays 0109.
23:00:32 | INFO: Draco encoder: Encoding mesh Canopy sprays 0110.
23:00:32 | INFO: Draco encoder: Encoding mesh Canopy sprays 0111.
23:00:32 | INFO: Draco encoder: Encoding mesh Canopy sprays 0112.
23:00:32 | INFO: Draco encoder: Encoding mesh Canopy sprays 0113.
23:00:32 | INFO: Draco encoder: Encoding mesh Canopy sprays 0114.
23:00:32 | INFO: Draco encoder: Encoding mesh Canopy sprays 0115.
23:00:32 | INFO: Draco encoder: Encoding mesh Canopy sprays 0116.
23:00:32 | INFO: Draco encoder: Encoding mesh Canopy sprays 0117.
23:00:32 | INFO: Draco encoder: Encoding mesh Canopy sprays 0118.
23:00:32 | INFO: Draco encoder: Encoding mesh Canopy sprays 0119.
23:00:32 | INFO: Draco encoder: Encoding mesh Canopy sprays 0120.
23:00:32 | INFO: Draco encoder: Encoding mesh Canopy sprays 0121.
23:00:32 | INFO: Draco encoder: Encoding mesh Canopy sprays 0122.
23:00:32 | INFO: Draco encoder: Encoding mesh Canopy sprays 0123.
23:00:32 | INFO: Draco encoder: Encoding mesh Canopy sprays 0124.
23:00:32 | INFO: Draco encoder: Encoding mesh Canopy sprays 0125.
23:00:32 | INFO: Draco encoder: Encoding mesh Canopy sprays 0126.
23:00:32 | INFO: Draco encoder: Encoding mesh Canopy sprays 0127.
23:00:32 | INFO: Draco encoder: Encoding mesh Canopy sprays 0128.
23:00:32 | INFO: Draco encoder: Encoding mesh Canopy sprays 0129.
23:00:32 | INFO: Draco encoder: Encoding mesh Canopy sprays 0130.
23:00:32 | INFO: Draco encoder: Encoding mesh Canopy sprays 0131.
23:00:32 | INFO: Draco encoder: Encoding mesh Canopy sprays 0132.
23:00:32 | INFO: Draco encoder: Encoding mesh Canopy sprays 0133.
23:00:32 | INFO: Draco encoder: Encoding mesh Canopy sprays 0134.
23:00:32 | INFO: Draco encoder: Encoding mesh Canopy sprays 0135.
23:00:32 | INFO: Draco encoder: Encoding mesh Canopy sprays 0136.
23:00:32 | INFO: Draco encoder: Encoding mesh Canopy sprays 0137.
23:00:32 | INFO: Draco encoder: Encoding mesh Canopy sprays 0138.
23:00:32 | INFO: Draco encoder: Encoding mesh Canopy sprays 0139.
23:00:32 | INFO: Draco encoder: Encoding mesh Canopy sprays 0140.
23:00:32 | INFO: Draco encoder: Encoding mesh Canopy sprays 0141.
23:00:32 | INFO: Draco encoder: Encoding mesh Canopy sprays 0142.
23:00:32 | INFO: Draco encoder: Encoding mesh Canopy sprays 0143.
23:00:32 | INFO: Draco encoder: Encoding mesh Canopy sprays 0144.
23:00:32 | INFO: Draco encoder: Encoding mesh Canopy sprays 0145.
23:00:32 | INFO: Draco encoder: Encoding mesh Canopy sprays 0146.
23:00:32 | INFO: Draco encoder: Encoding mesh Canopy sprays 0147.
23:00:32 | INFO: Draco encoder: Encoding mesh Canopy sprays 0148.
23:00:32 | INFO: Draco encoder: Encoding mesh Canopy sprays 0149.
23:00:32 | INFO: Draco encoder: Encoding mesh Canopy sprays 0150.
23:00:32 | INFO: Draco encoder: Encoding mesh Canopy sprays 0151.
23:00:32 | INFO: Draco encoder: Encoding mesh Canopy sprays 0152.
23:00:32 | INFO: Draco encoder: Encoding mesh Canopy sprays 0153.
23:00:32 | INFO: Draco encoder: Encoding mesh Canopy sprays 0154.
23:00:32 | INFO: Draco encoder: Encoding mesh Canopy sprays 0155.
23:00:32 | INFO: Draco encoder: Encoding mesh Canopy sprays 0156.
23:00:32 | INFO: Draco encoder: Encoding mesh Canopy sprays 0157.
23:00:32 | INFO: Draco encoder: Encoding mesh Canopy sprays 0158.
23:00:32 | INFO: Draco encoder: Encoding mesh Canopy sprays 0159.
23:00:32 | INFO: Draco encoder: Encoding mesh Canopy sprays 0160.
23:00:32 | INFO: Draco encoder: Encoding mesh Canopy sprays 0161.
23:00:32 | INFO: Draco encoder: Encoding mesh Canopy sprays 0162.
23:00:32 | INFO: Draco encoder: Encoding mesh Canopy sprays 0163.
23:00:32 | INFO: Draco encoder: Encoding mesh Canopy sprays 0164.
23:00:32 | INFO: Draco encoder: Encoding mesh Canopy sprays 0165.
23:00:32 | INFO: Draco encoder: Encoding mesh Canopy sprays 0166.
23:00:32 | INFO: Draco encoder: Encoding mesh Canopy sprays 0167.
23:00:32 | INFO: Draco encoder: Encoding mesh Canopy sprays 0168.
23:00:32 | INFO: Draco encoder: Encoding mesh Canopy sprays 0169.
23:00:32 | INFO: Draco encoder: Encoding mesh Canopy sprays 0170.
23:00:32 | INFO: Draco encoder: Encoding mesh Canopy sprays 0171.
23:00:32 | INFO: Draco encoder: Encoding mesh Canopy sprays 0172.
23:00:32 | INFO: Draco encoder: Encoding mesh Canopy sprays 0173.
23:00:32 | INFO: Draco encoder: Encoding mesh Canopy sprays 0174.
23:00:32 | INFO: Draco encoder: Encoding mesh Canopy sprays 0175.
23:00:32 | INFO: Draco encoder: Encoding mesh Canopy sprays 0176.
23:00:32 | INFO: Draco encoder: Encoding mesh Canopy sprays 0177.
23:00:32 | INFO: Draco encoder: Encoding mesh Canopy sprays 0178.
23:00:32 | INFO: Draco encoder: Encoding mesh Canopy sprays 0179.
23:00:32 | INFO: Draco encoder: Encoding mesh Canopy sprays 0180.
23:00:32 | INFO: Draco encoder: Encoding mesh Canopy sprays 0181.
23:00:32 | INFO: Draco encoder: Encoding mesh Canopy sprays 0182.
23:00:32 | INFO: Draco encoder: Encoding mesh Canopy sprays 0183.
23:00:32 | INFO: Draco encoder: Encoding mesh Canopy sprays 0184.
23:00:32 | INFO: Draco encoder: Encoding mesh Canopy sprays 0185.
23:00:32 | INFO: Draco encoder: Encoding mesh Canopy sprays 0186.
23:00:32 | INFO: Draco encoder: Encoding mesh Canopy sprays 0187.
23:00:32 | INFO: Draco encoder: Encoding mesh Canopy sprays 0188.
23:00:32 | INFO: Draco encoder: Encoding mesh Canopy sprays 0189.
23:00:32 | INFO: Draco encoder: Encoding mesh Canopy sprays 0190.
23:00:32 | INFO: Draco encoder: Encoding mesh Canopy sprays 0191.
23:00:32 | INFO: Draco encoder: Encoding mesh Canopy sprays 0192.
23:00:32 | INFO: Draco encoder: Encoding mesh Canopy sprays 0193.
23:00:32 | INFO: Draco encoder: Encoding mesh Canopy sprays 0194.
23:00:32 | INFO: Draco encoder: Encoding mesh Canopy sprays 0195.
23:00:32 | INFO: Draco encoder: Encoding mesh Canopy sprays 0196.
23:00:32 | INFO: Draco encoder: Encoding mesh Canopy sprays 0197.
23:00:32 | INFO: Draco encoder: Encoding mesh Canopy sprays 0198.
23:00:32 | INFO: Draco encoder: Encoding mesh Canopy sprays 0199.
23:00:32 | INFO: Draco encoder: Encoding mesh Canopy sprays 0200.
23:00:32 | INFO: Draco encoder: Encoding mesh Canopy sprays 0201.
23:00:32 | INFO: Draco encoder: Encoding mesh Canopy sprays 0202.
23:00:32 | INFO: Draco encoder: Encoding mesh Canopy sprays 0203.
23:00:32 | INFO: Draco encoder: Encoding mesh Canopy sprays 0204.
23:00:32 | INFO: Draco encoder: Encoding mesh Canopy sprays 0205.
23:00:32 | INFO: Draco encoder: Encoding mesh Canopy sprays 0206.
23:00:32 | INFO: Draco encoder: Encoding mesh Canopy sprays 0207.
23:00:32 | INFO: Draco encoder: Encoding mesh Canopy sprays 0208.
23:00:32 | INFO: Draco encoder: Encoding mesh Canopy sprays 0209.
23:00:32 | INFO: Draco encoder: Encoding mesh Canopy sprays 0210.
23:00:32 | INFO: Draco encoder: Encoding mesh Canopy sprays 0211.
23:00:32 | INFO: Draco encoder: Encoding mesh Canopy sprays 0212.
23:00:32 | INFO: Draco encoder: Encoding mesh Canopy sprays 0213.
23:00:32 | INFO: Draco encoder: Encoding mesh Canopy sprays 0214.
23:00:32 | INFO: Draco encoder: Encoding mesh Canopy sprays 0215.
23:00:32 | INFO: Draco encoder: Encoding mesh Canopy sprays 0216.
23:00:32 | INFO: Draco encoder: Encoding mesh Canopy sprays 0217.
23:00:32 | INFO: Draco encoder: Encoding mesh Canopy sprays 0218.
23:00:32 | INFO: Draco encoder: Encoding mesh Canopy sprays 0219.
23:00:32 | INFO: Draco encoder: Encoding mesh Canopy sprays 0220.
23:00:32 | INFO: Draco encoder: Encoding mesh Canopy sprays 0221.
23:00:32 | INFO: Draco encoder: Encoding mesh Canopy sprays 0222.
23:00:32 | INFO: Draco encoder: Encoding mesh Canopy sprays 0223.
23:00:32 | INFO: Draco encoder: Encoding mesh Canopy sprays 0224.
23:00:32 | INFO: Draco encoder: Encoding mesh Canopy sprays 0225.
23:00:32 | INFO: Draco encoder: Encoding mesh Canopy sprays 0226.
23:00:32 | INFO: Draco encoder: Encoding mesh Canopy sprays 0227.
23:00:32 | INFO: Draco encoder: Encoding mesh Canopy sprays 0228.
23:00:32 | INFO: Draco encoder: Encoding mesh Canopy sprays 0229.
23:00:32 | INFO: Draco encoder: Encoding mesh Canopy sprays 0230.
23:00:32 | INFO: Draco encoder: Encoding mesh Canopy sprays 0231.
23:00:32 | INFO: Draco encoder: Encoding mesh Canopy sprays 0232.
23:00:32 | INFO: Draco encoder: Encoding mesh Canopy sprays 0233.
23:00:32 | INFO: Draco encoder: Encoding mesh Canopy sprays 0234.
23:00:32 | INFO: Draco encoder: Encoding mesh Canopy sprays 0235.
23:00:32 | INFO: Draco encoder: Encoding mesh Canopy sprays 0236.
23:00:32 | INFO: Draco encoder: Encoding mesh Canopy sprays 0237.
23:00:32 | INFO: Draco encoder: Encoding mesh Canopy sprays 0238.
23:00:32 | INFO: Draco encoder: Encoding mesh Canopy sprays 0239.
23:00:32 | INFO: Draco encoder: Encoding mesh Canopy sprays 0240.
23:00:32 | INFO: Draco encoder: Encoding mesh Canopy sprays 0241.
23:00:32 | INFO: Draco encoder: Encoding mesh Canopy sprays 0242.
23:00:32 | INFO: Draco encoder: Encoding mesh Canopy sprays 0243.
23:00:32 | INFO: Draco encoder: Encoding mesh Canopy sprays 0244.
23:00:32 | INFO: Draco encoder: Encoding mesh Canopy sprays 0245.
23:00:32 | INFO: Draco encoder: Encoding mesh Canopy sprays 0246.
23:00:32 | INFO: Draco encoder: Encoding mesh Canopy sprays 0247.
23:00:32 | INFO: Draco encoder: Encoding mesh Canopy sprays 0248.
23:00:32 | INFO: Draco encoder: Encoding mesh Canopy sprays 0249.
23:00:32 | INFO: Draco encoder: Encoding mesh Canopy sprays 0250.
23:00:32 | INFO: Draco encoder: Encoding mesh Canopy sprays 0251.
23:00:32 | INFO: Draco encoder: Encoding mesh Canopy sprays 0252.
23:00:32 | INFO: Draco encoder: Encoding mesh Canopy sprays 0253.
23:00:32 | INFO: Draco encoder: Encoding mesh Canopy sprays 0254.
23:00:32 | INFO: Draco encoder: Encoding mesh Canopy sprays 0255.
23:00:32 | INFO: Draco encoder: Encoding mesh Canopy sprays 0256.
23:00:32 | INFO: Draco encoder: Encoding mesh Canopy sprays 0257.
23:00:32 | INFO: Draco encoder: Encoding mesh Canopy sprays 0258.
23:00:32 | INFO: Draco encoder: Encoding mesh Canopy sprays 0259.
23:00:32 | INFO: Draco encoder: Encoding mesh Canopy sprays 0260.
23:00:32 | INFO: Draco encoder: Encoding mesh Canopy sprays 0261.
23:00:32 | INFO: Draco encoder: Encoding mesh Canopy sprays 0262.
23:00:32 | INFO: Draco encoder: Encoding mesh Canopy sprays 0263.
23:00:32 | INFO: Draco encoder: Encoding mesh Canopy sprays 0264.
23:00:32 | INFO: Draco encoder: Encoding mesh Canopy sprays 0265.
23:00:32 | INFO: Draco encoder: Encoding mesh Canopy sprays 0266.
23:00:32 | INFO: Draco encoder: Encoding mesh Canopy sprays 0267.
23:00:32 | INFO: Draco encoder: Encoding mesh Canopy sprays 0268.
23:00:32 | INFO: Draco encoder: Encoding mesh Canopy sprays 0269.
23:00:32 | INFO: Draco encoder: Encoding mesh Canopy sprays 0270.
23:00:32 | INFO: Draco encoder: Encoding mesh Canopy sprays 0271.
23:00:32 | INFO: Draco encoder: Encoding mesh Canopy sprays 0272.
23:00:32 | INFO: Draco encoder: Encoding mesh Canopy sprays 0273.
23:00:32 | INFO: Draco encoder: Encoding mesh Canopy sprays 0274.
23:00:32 | INFO: Draco encoder: Encoding mesh Canopy sprays 0275.
23:00:32 | INFO: Draco encoder: Encoding mesh Canopy sprays 0276.
23:00:32 | INFO: Draco encoder: Encoding mesh Canopy sprays 0277.
23:00:32 | INFO: Draco encoder: Encoding mesh Canopy sprays 0278.
23:00:32 | INFO: Draco encoder: Encoding mesh Canopy sprays 0279.
23:00:32 | INFO: Draco encoder: Encoding mesh Canopy sprays 0280.
23:00:32 | INFO: Draco encoder: Encoding mesh Canopy sprays 0281.
23:00:32 | INFO: Draco encoder: Encoding mesh Canopy sprays 0282.
23:00:32 | INFO: Draco encoder: Encoding mesh Canopy sprays 0283.
23:00:32 | INFO: Draco encoder: Encoding mesh Canopy sprays 0284.
23:00:32 | INFO: Draco encoder: Encoding mesh Canopy sprays 0285.
23:00:32 | INFO: Draco encoder: Encoding mesh Canopy sprays 0286.
23:00:32 | INFO: Draco encoder: Encoding mesh Canopy sprays 0287.
23:00:32 | INFO: Draco encoder: Encoding mesh Canopy sprays 0288.
23:00:32 | INFO: Draco encoder: Encoding mesh Canopy sprays 0289.
23:00:32 | INFO: Draco encoder: Encoding mesh Canopy sprays 0290.
23:00:32 | INFO: Draco encoder: Encoding mesh Canopy sprays 0291.
23:00:32 | INFO: Draco encoder: Encoding mesh Canopy sprays 0292.
23:00:32 | INFO: Draco encoder: Encoding mesh Canopy sprays 0293.
23:00:32 | INFO: Draco encoder: Encoding mesh Canopy sprays 0294.
23:00:32 | INFO: Draco encoder: Encoding mesh Canopy sprays 0295.
23:00:32 | INFO: Draco encoder: Encoding mesh Canopy sprays 0296.
23:00:32 | INFO: Draco encoder: Encoding mesh Canopy sprays 0297.
23:00:32 | INFO: Draco encoder: Encoding mesh Canopy sprays 0298.
23:00:32 | INFO: Draco encoder: Encoding mesh Canopy sprays 0299.
23:00:32 | INFO: Draco encoder: Encoding mesh Canopy sprays 0300.
23:00:32 | INFO: Draco encoder: Encoding mesh Canopy sprays 0301.
23:00:32 | INFO: Draco encoder: Encoding mesh Canopy sprays 0302.
23:00:32 | INFO: Draco encoder: Encoding mesh Canopy sprays 0303.
23:00:32 | INFO: Draco encoder: Encoding mesh Canopy sprays 0304.
23:00:32 | INFO: Draco encoder: Encoding mesh Canopy sprays 0305.
23:00:32 | INFO: Draco encoder: Encoding mesh Canopy sprays 0306.
23:00:32 | INFO: Draco encoder: Encoding mesh Canopy sprays 0307.
23:00:32 | INFO: Draco encoder: Encoding mesh Canopy sprays 0308.
23:00:32 | INFO: Draco encoder: Encoding mesh Canopy sprays 0309.
23:00:32 | INFO: Draco encoder: Encoding mesh Canopy sprays 0310.
23:00:32 | INFO: Draco encoder: Encoding mesh Canopy sprays 0311.
23:00:32 | INFO: Draco encoder: Encoding mesh Canopy sprays 0312.
23:00:32 | INFO: Draco encoder: Encoding mesh Canopy sprays 0313.
23:00:32 | INFO: Draco encoder: Encoding mesh Canopy sprays 0314.
23:00:32 | INFO: Draco encoder: Encoding mesh Canopy sprays 0315.
23:00:32 | INFO: Draco encoder: Encoding mesh Canopy sprays 0316.
23:00:32 | INFO: Draco encoder: Encoding mesh Canopy sprays 0317.
23:00:32 | INFO: Draco encoder: Encoding mesh Canopy sprays 0318.
23:00:32 | INFO: Draco encoder: Encoding mesh Canopy sprays 0319.
23:00:32 | INFO: Draco encoder: Encoding mesh Canopy sprays 0320.
23:00:32 | INFO: Draco encoder: Encoding mesh Canopy sprays 0321.
23:00:32 | INFO: Draco encoder: Encoding mesh Canopy sprays 0322.
23:00:32 | INFO: Draco encoder: Encoding mesh Canopy sprays 0323.
23:00:32 | INFO: Draco encoder: Encoding mesh Canopy sprays 0324.
23:00:32 | INFO: Draco encoder: Encoding mesh Canopy sprays 0325.
23:00:32 | INFO: Draco encoder: Encoding mesh Canopy sprays 0326.
23:00:32 | INFO: Draco encoder: Encoding mesh Canopy sprays 0327.
23:00:32 | INFO: Draco encoder: Encoding mesh Canopy sprays 0328.
23:00:32 | INFO: Draco encoder: Encoding mesh Canopy sprays 0329.
23:00:32 | INFO: Draco encoder: Encoding mesh Canopy sprays 0330.
23:00:32 | INFO: Draco encoder: Encoding mesh Canopy sprays 0331.
23:00:32 | INFO: Draco encoder: Encoding mesh Canopy sprays 0332.
23:00:32 | INFO: Draco encoder: Encoding mesh Canopy sprays 0333.
23:00:32 | INFO: Draco encoder: Encoding mesh Canopy sprays 0334.
23:00:32 | INFO: Draco encoder: Encoding mesh Canopy sprays 0335.
23:00:32 | INFO: Draco encoder: Encoding mesh Canopy sprays 0336.
23:00:32 | INFO: Draco encoder: Encoding mesh Canopy sprays 0337.
23:00:32 | INFO: Draco encoder: Encoding mesh Canopy sprays 0338.
23:00:32 | INFO: Draco encoder: Encoding mesh Canopy sprays 0339.
23:00:32 | INFO: Draco encoder: Encoding mesh Canopy sprays 0340.
23:00:32 | INFO: Draco encoder: Encoding mesh Canopy sprays 0341.
23:00:32 | INFO: Draco encoder: Encoding mesh Canopy sprays 0342.
23:00:32 | INFO: Draco encoder: Encoding mesh Canopy sprays 0343.
23:00:32 | INFO: Draco encoder: Encoding mesh Canopy sprays 0344.
23:00:32 | INFO: Draco encoder: Encoding mesh Canopy sprays 0345.
23:00:32 | INFO: Draco encoder: Encoding mesh Canopy sprays 0346.
23:00:32 | INFO: Draco encoder: Encoding mesh Canopy sprays 0347.
23:00:32 | INFO: Draco encoder: Encoding mesh Canopy sprays 0348.
23:00:32 | INFO: Draco encoder: Encoding mesh Canopy sprays 0349.
23:00:32 | INFO: Draco encoder: Encoding mesh Canopy sprays 0350.
23:00:32 | INFO: Draco encoder: Encoding mesh Canopy sprays 0351.
23:00:32 | INFO: Draco encoder: Encoding mesh Canopy sprays 0352.
23:00:32 | INFO: Draco encoder: Encoding mesh Canopy sprays 0353.
23:00:32 | INFO: Draco encoder: Encoding mesh Canopy sprays 0354.
23:00:32 | INFO: Draco encoder: Encoding mesh Canopy sprays 0355.
23:00:32 | INFO: Draco encoder: Encoding mesh Canopy sprays 0356.
23:00:32 | INFO: Draco encoder: Encoding mesh Canopy sprays 0357.
23:00:32 | INFO: Draco encoder: Encoding mesh Canopy sprays 0358.
23:00:32 | INFO: Draco encoder: Encoding mesh Canopy sprays 0359.
23:00:32 | INFO: Draco encoder: Encoding mesh Canopy sprays 0360.
23:00:32 | INFO: Draco encoder: Encoding mesh Canopy sprays 0361.
23:00:32 | INFO: Draco encoder: Encoding mesh Canopy sprays 0362.
23:00:32 | INFO: Draco encoder: Encoding mesh Canopy sprays 0363.
23:00:32 | INFO: Draco encoder: Encoding mesh Canopy sprays 0364.
23:00:32 | INFO: Draco encoder: Encoding mesh Canopy sprays 0365.
23:00:32 | INFO: Draco encoder: Encoding mesh Canopy sprays 0366.
23:00:32 | INFO: Draco encoder: Encoding mesh Canopy sprays 0367.
23:00:32 | INFO: Draco encoder: Encoding mesh Canopy sprays 0368.
23:00:32 | INFO: Draco encoder: Encoding mesh Canopy sprays 0369.
23:00:32 | INFO: Draco encoder: Encoding mesh Canopy sprays 0370.
23:00:32 | INFO: Draco encoder: Encoding mesh Canopy sprays 0371.
23:00:32 | INFO: Draco encoder: Encoding mesh Canopy sprays 0372.
23:00:32 | INFO: Draco encoder: Encoding mesh Canopy sprays 0373.
23:00:32 | INFO: Draco encoder: Encoding mesh Canopy sprays 0374.
23:00:32 | INFO: Draco encoder: Encoding mesh Canopy sprays 0375.
23:00:32 | INFO: Draco encoder: Encoding mesh Canopy sprays 0376.
23:00:32 | INFO: Draco encoder: Encoding mesh Canopy sprays 0377.
23:00:32 | INFO: Draco encoder: Encoding mesh Canopy sprays 0378.
23:00:32 | INFO: Draco encoder: Encoding mesh Canopy sprays 0379.
23:00:32 | INFO: Draco encoder: Encoding mesh Canopy sprays 0380.
23:00:32 | INFO: Draco encoder: Encoding mesh Canopy sprays 0381.
23:00:32 | INFO: Draco encoder: Encoding mesh Canopy sprays 0382.
23:00:32 | INFO: Draco encoder: Encoding mesh Canopy sprays 0383.
23:00:32 | INFO: Draco encoder: Encoding mesh Canopy sprays 0384.
23:00:32 | INFO: Draco encoder: Encoding mesh Canopy sprays 0385.
23:00:32 | INFO: Draco encoder: Encoding mesh Canopy sprays 0386.
23:00:32 | INFO: Draco encoder: Encoding mesh Canopy sprays 0387.
23:00:32 | INFO: Draco encoder: Encoding mesh Canopy sprays 0388.
23:00:32 | INFO: Draco encoder: Encoding mesh Canopy sprays 0389.
23:00:32 | INFO: Draco encoder: Encoding mesh Canopy sprays 0390.
23:00:32 | INFO: Draco encoder: Encoding mesh Canopy sprays 0391.
23:00:32 | INFO: Draco encoder: Encoding mesh Canopy sprays 0392.
23:00:32 | INFO: Draco encoder: Encoding mesh Canopy sprays 0393.
23:00:32 | INFO: Draco encoder: Encoding mesh Canopy sprays 0394.
23:00:32 | INFO: Draco encoder: Encoding mesh Canopy sprays 0395.
23:00:32 | INFO: Draco encoder: Encoding mesh Canopy sprays 0396.
23:00:32 | INFO: Draco encoder: Encoding mesh Canopy sprays 0397.
23:00:32 | INFO: Draco encoder: Encoding mesh Canopy sprays 0398.
23:00:32 | INFO: Draco encoder: Encoding mesh Canopy sprays 0399.
23:00:32 | INFO: Draco encoder: Encoding mesh Canopy sprays 0400.
23:00:32 | INFO: Draco encoder: Encoding mesh Canopy sprays 0401.
23:00:32 | INFO: Draco encoder: Encoding mesh Canopy sprays 0402.
23:00:32 | INFO: Draco encoder: Encoding mesh Canopy sprays 0403.
23:00:32 | INFO: Draco encoder: Encoding mesh Canopy sprays 0404.
23:00:32 | INFO: Draco encoder: Encoding mesh Canopy sprays 0405.
23:00:32 | INFO: Draco encoder: Encoding mesh Canopy sprays 0406.
23:00:32 | INFO: Draco encoder: Encoding mesh Canopy sprays 0407.
23:00:32 | INFO: Draco encoder: Encoding mesh Canopy sprays 0408.
23:00:32 | INFO: Draco encoder: Encoding mesh Canopy sprays 0409.
23:00:32 | INFO: Draco encoder: Encoding mesh Canopy sprays 0410.
23:00:32 | INFO: Draco encoder: Encoding mesh Canopy sprays 0411.
23:00:32 | INFO: Draco encoder: Encoding mesh Canopy sprays 0412.
23:00:32 | INFO: Draco encoder: Encoding mesh Canopy sprays 0413.
23:00:32 | INFO: Draco encoder: Encoding mesh Canopy sprays 0414.
23:00:32 | INFO: Draco encoder: Encoding mesh Canopy sprays 0415.
23:00:32 | INFO: Draco encoder: Encoding mesh Canopy sprays 0416.
23:00:32 | INFO: Draco encoder: Encoding mesh Canopy sprays 0417.
23:00:32 | INFO: Draco encoder: Encoding mesh Canopy sprays 0418.
23:00:32 | INFO: Draco encoder: Encoding mesh Canopy sprays 0419.
23:00:32 | INFO: Draco encoder: Encoding mesh Canopy sprays 0420.
23:00:32 | INFO: Draco encoder: Encoding mesh Canopy sprays 0421.
23:00:32 | INFO: Draco encoder: Encoding mesh Canopy sprays 0422.
23:00:32 | INFO: Draco encoder: Encoding mesh Canopy sprays 0423.
23:00:32 | INFO: Draco encoder: Encoding mesh Canopy sprays 0424.
23:00:32 | INFO: Draco encoder: Encoding mesh Canopy sprays 0425.
23:00:32 | INFO: Draco encoder: Encoding mesh Canopy sprays 0426.
23:00:32 | INFO: Draco encoder: Encoding mesh Canopy sprays 0427.
23:00:32 | INFO: Draco encoder: Encoding mesh Canopy sprays 0428.
23:00:32 | INFO: Draco encoder: Encoding mesh Canopy sprays 0429.
23:00:32 | INFO: Draco encoder: Encoding mesh Canopy sprays 0430.
23:00:32 | INFO: Draco encoder: Encoding mesh Canopy sprays 0431.
23:00:32 | INFO: Draco encoder: Encoding mesh Canopy sprays 0432.
23:00:32 | INFO: Draco encoder: Encoding mesh Canopy sprays 0433.
23:00:32 | INFO: Draco encoder: Encoding mesh Canopy sprays 0434.
23:00:32 | INFO: Draco encoder: Encoding mesh Canopy sprays 0435.
23:00:32 | INFO: Draco encoder: Encoding mesh Canopy sprays 0436.
23:00:32 | INFO: Draco encoder: Encoding mesh Canopy sprays 0437.
23:00:32 | INFO: Draco encoder: Encoding mesh Canopy sprays 0438.
23:00:32 | INFO: Draco encoder: Encoding mesh Canopy sprays 0439.
23:00:32 | INFO: Draco encoder: Encoding mesh Canopy sprays 0440.
23:00:32 | INFO: Draco encoder: Encoding mesh Canopy sprays 0441.
23:00:32 | INFO: Draco encoder: Encoding mesh Canopy sprays 0442.
23:00:32 | INFO: Draco encoder: Encoding mesh Canopy sprays 0443.
23:00:32 | INFO: Draco encoder: Encoding mesh Canopy sprays 0444.
23:00:32 | INFO: Draco encoder: Encoding mesh Canopy sprays 0445.
23:00:32 | INFO: Draco encoder: Encoding mesh Canopy sprays 0446.
23:00:32 | INFO: Draco encoder: Encoding mesh Canopy sprays 0447.
23:00:32 | INFO: Draco encoder: Encoding mesh Canopy sprays 0448.
23:00:32 | INFO: Draco encoder: Encoding mesh Canopy sprays 0449.
23:00:32 | INFO: Draco encoder: Encoding mesh Canopy sprays 0450.
23:00:32 | INFO: Draco encoder: Encoding mesh Canopy sprays 0451.
23:00:32 | INFO: Draco encoder: Encoding mesh Canopy sprays 0452.
23:00:32 | INFO: Draco encoder: Encoding mesh Canopy sprays 0453.
23:00:32 | INFO: Draco encoder: Encoding mesh Canopy sprays 0454.
23:00:32 | INFO: Draco encoder: Encoding mesh Canopy sprays 0455.
23:00:32 | INFO: Draco encoder: Encoding mesh Canopy sprays 0456.
23:00:32 | INFO: Draco encoder: Encoding mesh Canopy sprays 0457.
23:00:32 | INFO: Draco encoder: Encoding mesh Canopy sprays 0458.
23:00:32 | INFO: Draco encoder: Encoding mesh Canopy sprays 0459.
23:00:32 | INFO: Draco encoder: Encoding mesh Canopy sprays 0460.
23:00:32 | INFO: Draco encoder: Encoding mesh Canopy sprays 0461.
23:00:32 | INFO: Draco encoder: Encoding mesh Canopy sprays 0462.
23:00:32 | INFO: Draco encoder: Encoding mesh Canopy sprays 0463.
23:00:32 | INFO: Draco encoder: Encoding mesh Canopy sprays 0464.
23:00:32 | INFO: Draco encoder: Encoding mesh Canopy sprays 0465.
23:00:32 | INFO: Draco encoder: Encoding mesh Canopy sprays 0466.
23:00:32 | INFO: Draco encoder: Encoding mesh Canopy sprays 0467.
23:00:32 | INFO: Draco encoder: Encoding mesh Canopy sprays 0468.
23:00:32 | INFO: Draco encoder: Encoding mesh Canopy sprays 0469.
23:00:32 | INFO: Draco encoder: Encoding mesh Canopy sprays 0470.
23:00:32 | INFO: Draco encoder: Encoding mesh Canopy sprays 0471.
23:00:32 | INFO: Draco encoder: Encoding mesh Canopy sprays 0472.
23:00:32 | INFO: Draco encoder: Encoding mesh Canopy sprays 0473.
23:00:32 | INFO: Draco encoder: Encoding mesh Canopy sprays 0474.
23:00:32 | INFO: Draco encoder: Encoding mesh Canopy sprays 0475.
23:00:32 | INFO: Draco encoder: Encoding mesh Canopy sprays 0476.
23:00:32 | INFO: Draco encoder: Encoding mesh Canopy sprays 0477.
23:00:32 | INFO: Draco encoder: Encoding mesh Canopy sprays 0478.
23:00:32 | INFO: Draco encoder: Encoding mesh Canopy sprays 0479.
23:00:32 | INFO: Draco encoder: Encoding mesh Canopy sprays 0480.
23:00:32 | INFO: Draco encoder: Encoding mesh Canopy sprays 0481.
23:00:32 | INFO: Draco encoder: Encoding mesh Canopy sprays 0482.
23:00:32 | INFO: Draco encoder: Encoding mesh Canopy sprays 0483.
23:00:32 | INFO: Draco encoder: Encoding mesh Canopy sprays 0484.
23:00:32 | INFO: Draco encoder: Encoding mesh Canopy sprays 0485.
23:00:32 | INFO: Draco encoder: Encoding mesh Canopy sprays 0486.
23:00:32 | INFO: Draco encoder: Encoding mesh Canopy sprays 0487.
23:00:32 | INFO: Draco encoder: Encoding mesh Canopy sprays 0488.
23:00:32 | INFO: Draco encoder: Encoding mesh Canopy sprays 0489.
23:00:32 | INFO: Draco encoder: Encoding mesh Canopy sprays 0490.
23:00:32 | INFO: Draco encoder: Encoding mesh Canopy sprays 0491.
23:00:32 | INFO: Draco encoder: Encoding mesh Canopy sprays 0492.
23:00:32 | INFO: Draco encoder: Encoding mesh Canopy sprays 0493.
23:00:32 | INFO: Draco encoder: Encoding mesh Canopy sprays 0494.
23:00:32 | INFO: Draco encoder: Encoding mesh Canopy sprays 0495.
23:00:32 | INFO: Draco encoder: Encoding mesh Canopy sprays 0496.
23:00:32 | INFO: Draco encoder: Encoding mesh Canopy sprays 0497.
23:00:32 | INFO: Draco encoder: Encoding mesh Canopy sprays 0498.
23:00:32 | INFO: Draco encoder: Encoding mesh Canopy sprays 0499.
23:00:32 | INFO: Draco encoder: Encoding mesh Canopy sprays 0500.
23:00:32 | INFO: Draco encoder: Encoding mesh Canopy sprays 0501.
23:00:32 | INFO: Draco encoder: Encoding mesh Canopy sprays 0502.
23:00:32 | INFO: Draco encoder: Encoding mesh Canopy sprays 0503.
23:00:32 | INFO: Draco encoder: Encoding mesh Canopy sprays 0504.
23:00:32 | INFO: Draco encoder: Encoding mesh Canopy sprays 0505.
23:00:32 | INFO: Draco encoder: Encoding mesh Canopy sprays 0506.
23:00:32 | INFO: Draco encoder: Encoding mesh Canopy sprays 0507.
23:00:32 | INFO: Draco encoder: Encoding mesh Canopy sprays 0508.
23:00:32 | INFO: Draco encoder: Encoding mesh Canopy sprays 0509.
23:00:32 | INFO: Draco encoder: Encoding mesh Canopy sprays 0510.
23:00:32 | INFO: Draco encoder: Encoding mesh Canopy sprays 0511.
23:00:32 | INFO: Draco encoder: Encoding mesh Canopy sprays 0512.
23:00:32 | INFO: Draco encoder: Encoding mesh Canopy sprays 0513.
23:00:32 | INFO: Draco encoder: Encoding mesh Canopy sprays 0514.
23:00:32 | INFO: Draco encoder: Encoding mesh Canopy sprays 0515.
23:00:32 | INFO: Draco encoder: Encoding mesh Canopy sprays 0516.
23:00:32 | INFO: Draco encoder: Encoding mesh Canopy sprays 0517.
23:00:32 | INFO: Draco encoder: Encoding mesh Canopy sprays 0518.
23:00:32 | INFO: Draco encoder: Encoding mesh Canopy sprays 0519.
23:00:32 | INFO: Draco encoder: Encoding mesh Canopy sprays 0520.
23:00:32 | INFO: Draco encoder: Encoding mesh Canopy sprays 0521.
23:00:32 | INFO: Draco encoder: Encoding mesh Canopy sprays 0522.
23:00:32 | INFO: Draco encoder: Encoding mesh Canopy sprays 0523.
23:00:32 | INFO: Draco encoder: Encoding mesh Canopy sprays 0524.
23:00:32 | INFO: Draco encoder: Encoding mesh Canopy sprays 0525.
23:00:32 | INFO: Draco encoder: Encoding mesh Canopy sprays 0526.
23:00:32 | INFO: Draco encoder: Encoding mesh Canopy sprays 0527.
23:00:32 | INFO: Draco encoder: Encoding mesh Canopy sprays 0528.
23:00:32 | INFO: Draco encoder: Encoding mesh Canopy sprays 0529.
23:00:32 | INFO: Draco encoder: Encoding mesh Canopy sprays 0530.
23:00:32 | INFO: Draco encoder: Encoding mesh Canopy sprays 0531.
23:00:32 | INFO: Draco encoder: Encoding mesh Canopy sprays 0532.
23:00:32 | INFO: Draco encoder: Encoding mesh Canopy sprays 0533.
23:00:32 | INFO: Draco encoder: Encoding mesh Canopy sprays 0534.
23:00:32 | INFO: Draco encoder: Encoding mesh Canopy sprays 0535.
23:00:32 | INFO: Draco encoder: Encoding mesh Canopy sprays 0536.
23:00:32 | INFO: Draco encoder: Encoding mesh Canopy sprays 0537.
23:00:32 | INFO: Draco encoder: Encoding mesh Canopy sprays 0538.
23:00:32 | INFO: Draco encoder: Encoding mesh Canopy sprays 0539.
23:00:32 | INFO: Draco encoder: Encoding mesh Canopy sprays 0540.
23:00:32 | INFO: Draco encoder: Encoding mesh Canopy sprays 0541.
23:00:32 | INFO: Draco encoder: Encoding mesh Canopy sprays 0542.
23:00:32 | INFO: Draco encoder: Encoding mesh Canopy sprays 0543.
23:00:32 | INFO: Draco encoder: Encoding mesh Canopy sprays 0544.
23:00:32 | INFO: Draco encoder: Encoding mesh Canopy sprays 0545.
23:00:32 | INFO: Draco encoder: Encoding mesh Canopy sprays 0546.
23:00:32 | INFO: Draco encoder: Encoding mesh Canopy sprays 0547.
23:00:32 | INFO: Draco encoder: Encoding mesh Canopy sprays 0548.
23:00:32 | INFO: Draco encoder: Encoding mesh Canopy sprays 0549.
23:00:32 | INFO: Draco encoder: Encoding mesh Canopy sprays 0550.
23:00:32 | INFO: Draco encoder: Encoding mesh Canopy sprays 0551.
23:00:32 | INFO: Draco encoder: Encoding mesh Canopy sprays 0552.
23:00:32 | INFO: Draco encoder: Encoding mesh Canopy sprays 0553.
23:00:32 | INFO: Draco encoder: Encoding mesh Canopy sprays 0554.
23:00:32 | INFO: Draco encoder: Encoding mesh Canopy sprays 0555.
23:00:32 | INFO: Draco encoder: Encoding mesh Canopy sprays 0556.
23:00:32 | INFO: Draco encoder: Encoding mesh Canopy sprays 0557.
23:00:32 | INFO: Draco encoder: Encoding mesh Canopy sprays 0558.
23:00:32 | INFO: Draco encoder: Encoding mesh Canopy sprays 0559.
23:00:32 | INFO: Draco encoder: Encoding mesh Canopy sprays 0560.
23:00:32 | INFO: Draco encoder: Encoding mesh Canopy sprays 0561.
23:00:32 | INFO: Draco encoder: Encoding mesh Canopy sprays 0562.
23:00:32 | INFO: Draco encoder: Encoding mesh Canopy sprays 0563.
23:00:32 | INFO: Draco encoder: Encoding mesh Canopy sprays 0564.
23:00:32 | INFO: Draco encoder: Encoding mesh Canopy sprays 0565.
23:00:32 | INFO: Draco encoder: Encoding mesh Canopy sprays 0566.
23:00:32 | INFO: Draco encoder: Encoding mesh Canopy sprays 0567.
23:00:32 | INFO: Draco encoder: Encoding mesh Canopy sprays 0568.
23:00:32 | INFO: Draco encoder: Encoding mesh Canopy sprays 0569.
23:00:32 | INFO: Draco encoder: Encoding mesh Canopy sprays 0570.
23:00:32 | INFO: Draco encoder: Encoding mesh Canopy sprays 0571.
23:00:32 | INFO: Draco encoder: Encoding mesh Canopy sprays 0572.
23:00:32 | INFO: Draco encoder: Encoding mesh Canopy sprays 0573.
23:00:32 | INFO: Draco encoder: Encoding mesh Canopy sprays 0574.
23:00:32 | INFO: Draco encoder: Encoding mesh Canopy sprays 0575.
23:00:32 | INFO: Draco encoder: Encoding mesh Canopy sprays 0576.
23:00:32 | INFO: Draco encoder: Encoding mesh Canopy sprays 0577.
23:00:32 | INFO: Draco encoder: Encoding mesh Canopy sprays 0578.
23:00:32 | INFO: Draco encoder: Encoding mesh Canopy sprays 0579.
23:00:32 | INFO: Draco encoder: Encoding mesh Canopy sprays 0580.
23:00:32 | INFO: Draco encoder: Encoding mesh Canopy sprays 0581.
23:00:32 | INFO: Draco encoder: Encoding mesh Canopy sprays 0582.
23:00:32 | INFO: Draco encoder: Encoding mesh Canopy sprays 0583.
23:00:32 | INFO: Draco encoder: Encoding mesh Canopy sprays 0584.
23:00:32 | INFO: Draco encoder: Encoding mesh Canopy sprays 0585.
23:00:32 | INFO: Draco encoder: Encoding mesh Canopy sprays 0586.
23:00:32 | INFO: Draco encoder: Encoding mesh Canopy sprays 0587.
23:00:32 | INFO: Draco encoder: Encoding mesh Canopy sprays 0588.
23:00:32 | INFO: Draco encoder: Encoding mesh Canopy sprays 0589.
23:00:32 | INFO: Draco encoder: Encoding mesh Canopy sprays 0590.
23:00:32 | INFO: Draco encoder: Encoding mesh Canopy sprays 0591.
23:00:32 | INFO: Draco encoder: Encoding mesh Canopy sprays 0592.
23:00:32 | INFO: Draco encoder: Encoding mesh Canopy sprays 0593.
23:00:32 | INFO: Draco encoder: Encoding mesh Canopy sprays 0594.
23:00:32 | INFO: Draco encoder: Encoding mesh Canopy sprays 0595.
23:00:32 | INFO: Draco encoder: Encoding mesh Canopy sprays 0596.
23:00:32 | INFO: Draco encoder: Encoding mesh Canopy sprays 0597.
23:00:32 | INFO: Draco encoder: Encoding mesh Canopy sprays 0598.
23:00:32 | INFO: Draco encoder: Encoding mesh Canopy sprays 0599.
23:00:32 | INFO: Draco encoder: Encoding mesh Canopy sprays 0600.
23:00:32 | INFO: Draco encoder: Encoding mesh Canopy sprays 0601.
23:00:32 | INFO: Draco encoder: Encoding mesh Canopy sprays 0602.
23:00:32 | INFO: Draco encoder: Encoding mesh Canopy sprays 0603.
23:00:32 | INFO: Draco encoder: Encoding mesh Canopy sprays 0604.
23:00:32 | INFO: Draco encoder: Encoding mesh Canopy sprays 0605.
23:00:32 | INFO: Draco encoder: Encoding mesh Canopy sprays 0606.
23:00:32 | INFO: Draco encoder: Encoding mesh Canopy sprays 0607.
23:00:32 | INFO: Draco encoder: Encoding mesh Canopy sprays 0608.
23:00:32 | INFO: Draco encoder: Encoding mesh Canopy sprays 0609.
23:00:32 | INFO: Draco encoder: Encoding mesh Canopy sprays 0610.
23:00:32 | INFO: Draco encoder: Encoding mesh Canopy sprays 0611.
23:00:32 | INFO: Draco encoder: Encoding mesh Canopy sprays 0612.
23:00:32 | INFO: Draco encoder: Encoding mesh Canopy sprays 0613.
23:00:32 | INFO: Draco encoder: Encoding mesh Canopy sprays 0614.
23:00:32 | INFO: Draco encoder: Encoding mesh Canopy sprays 0615.
23:00:32 | INFO: Draco encoder: Encoding mesh Canopy sprays 0616.
23:00:32 | INFO: Draco encoder: Encoding mesh Canopy sprays 0617.
23:00:32 | INFO: Draco encoder: Encoding mesh Canopy sprays 0618.
23:00:32 | INFO: Draco encoder: Encoding mesh Canopy sprays 0619.
23:00:32 | INFO: Draco encoder: Encoding mesh Canopy sprays 0620.
23:00:32 | INFO: Draco encoder: Encoding mesh Canopy sprays 0621.
23:00:32 | INFO: Draco encoder: Encoding mesh Canopy sprays 0622.
23:00:32 | INFO: Draco encoder: Encoding mesh Canopy sprays 0623.
23:00:32 | INFO: Draco encoder: Encoding mesh Canopy sprays 0624.
23:00:32 | INFO: Draco encoder: Encoding mesh Canopy sprays 0625.
23:00:32 | INFO: Draco encoder: Encoding mesh Canopy sprays 0626.
23:00:32 | INFO: Draco encoder: Encoding mesh Canopy sprays 0627.
23:00:32 | INFO: Draco encoder: Encoding mesh Canopy sprays 0628.
23:00:32 | INFO: Draco encoder: Encoding mesh Canopy sprays 0629.
23:00:32 | INFO: Draco encoder: Encoding mesh Canopy sprays 0630.
23:00:32 | INFO: Draco encoder: Encoding mesh Canopy sprays 0631.
23:00:32 | INFO: Draco encoder: Encoding mesh Canopy sprays 0632.
23:00:32 | INFO: Draco encoder: Encoding mesh Canopy sprays 0633.
23:00:32 | INFO: Draco encoder: Encoding mesh Canopy sprays 0634.
23:00:32 | INFO: Draco encoder: Encoding mesh Canopy sprays 0635.
23:00:32 | INFO: Draco encoder: Encoding mesh Canopy sprays 0636.
23:00:32 | INFO: Draco encoder: Encoding mesh Canopy sprays 0637.
23:00:32 | INFO: Draco encoder: Encoding mesh Canopy sprays 0638.
23:00:32 | INFO: Draco encoder: Encoding mesh Canopy sprays 0639.
23:00:32 | INFO: Draco encoder: Encoding mesh Canopy sprays 0640.
23:00:32 | INFO: Draco encoder: Encoding mesh Canopy sprays 0641.
23:00:32 | INFO: Draco encoder: Encoding mesh Canopy sprays 0642.
23:00:32 | INFO: Draco encoder: Encoding mesh Canopy sprays 0643.
23:00:32 | INFO: Draco encoder: Encoding mesh Canopy sprays 0644.
23:00:32 | INFO: Draco encoder: Encoding mesh Canopy sprays 0645.
23:00:32 | INFO: Draco encoder: Encoding mesh Canopy sprays 0646.
23:00:32 | INFO: Draco encoder: Encoding mesh Canopy sprays 0647.
23:00:32 | INFO: Draco encoder: Encoding mesh Canopy sprays 0648.
23:00:32 | INFO: Draco encoder: Encoding mesh Canopy sprays 0649.
23:00:32 | INFO: Draco encoder: Encoding mesh Canopy sprays 0650.
23:00:32 | INFO: Draco encoder: Encoding mesh Canopy sprays 0651.
23:00:32 | INFO: Draco encoder: Encoding mesh Canopy sprays 0652.
23:00:32 | INFO: Draco encoder: Encoding mesh Canopy sprays 0653.
23:00:32 | INFO: Draco encoder: Encoding mesh Canopy sprays 0654.
23:00:32 | INFO: Draco encoder: Encoding mesh Canopy sprays 0655.
23:00:32 | INFO: Draco encoder: Encoding mesh Canopy sprays 0656.
23:00:32 | INFO: Draco encoder: Encoding mesh Canopy sprays 0657.
23:00:32 | INFO: Draco encoder: Encoding mesh Canopy sprays 0658.
23:00:32 | INFO: Draco encoder: Encoding mesh Canopy sprays 0659.
23:00:32 | INFO: Draco encoder: Encoding mesh Canopy sprays 0660.
23:00:32 | INFO: Draco encoder: Encoding mesh Canopy sprays 0661.
23:00:32 | INFO: Draco encoder: Encoding mesh Canopy sprays 0662.
23:00:32 | INFO: Draco encoder: Encoding mesh Canopy sprays 0663.
23:00:32 | INFO: Draco encoder: Encoding mesh Canopy sprays 0664.
23:00:32 | INFO: Draco encoder: Encoding mesh Canopy sprays 0665.
23:00:32 | INFO: Draco encoder: Encoding mesh Canopy sprays 0666.
23:00:32 | INFO: Draco encoder: Encoding mesh Canopy sprays 0667.
23:00:32 | INFO: Draco encoder: Encoding mesh Canopy sprays 0668.
23:00:32 | INFO: Draco encoder: Encoding mesh Canopy sprays 0669.
23:00:32 | INFO: Draco encoder: Encoding mesh Canopy sprays 0670.
23:00:32 | INFO: Draco encoder: Encoding mesh Canopy sprays 0671.
23:00:32 | INFO: Draco encoder: Encoding mesh Canopy sprays 0672.
23:00:32 | INFO: Draco encoder: Encoding mesh Canopy sprays 0673.
23:00:32 | INFO: Draco encoder: Encoding mesh Canopy sprays 0674.
23:00:32 | INFO: Draco encoder: Encoding mesh Canopy sprays 0675.
23:00:32 | INFO: Draco encoder: Encoding mesh Canopy sprays 0676.
23:00:32 | INFO: Draco encoder: Encoding mesh Canopy sprays 0677.
23:00:32 | INFO: Draco encoder: Encoding mesh Canopy sprays 0678.
23:00:32 | INFO: Draco encoder: Encoding mesh Canopy sprays 0679.
23:00:32 | INFO: Draco encoder: Encoding mesh Canopy sprays 0680.
23:00:32 | INFO: Draco encoder: Encoding mesh Canopy sprays 0681.
23:00:32 | INFO: Draco encoder: Encoding mesh Canopy sprays 0682.
23:00:32 | INFO: Draco encoder: Encoding mesh Canopy sprays 0683.
23:00:32 | INFO: Draco encoder: Encoding mesh Canopy sprays 0684.
23:00:32 | INFO: Draco encoder: Encoding mesh Canopy sprays 0685.
23:00:32 | INFO: Draco encoder: Encoding mesh Canopy sprays 0686.
23:00:32 | INFO: Draco encoder: Encoding mesh Canopy sprays 0687.
23:00:32 | INFO: Draco encoder: Encoding mesh Canopy sprays 0688.
23:00:32 | INFO: Draco encoder: Encoding mesh Canopy sprays 0689.
23:00:32 | INFO: Draco encoder: Encoding mesh Canopy sprays 0690.
23:00:32 | INFO: Draco encoder: Encoding mesh Canopy sprays 0691.
23:00:32 | INFO: Draco encoder: Encoding mesh Canopy sprays 0692.
23:00:32 | INFO: Draco encoder: Encoding mesh Canopy sprays 0693.
23:00:32 | INFO: Draco encoder: Encoding mesh Canopy sprays 0694.
23:00:32 | INFO: Draco encoder: Encoding mesh Canopy sprays 0695.
23:00:32 | INFO: Draco encoder: Encoding mesh Canopy sprays 0696.
23:00:32 | INFO: Draco encoder: Encoding mesh Canopy sprays 0697.
23:00:32 | INFO: Draco encoder: Encoding mesh Canopy sprays 0698.
23:00:32 | INFO: Draco encoder: Encoding mesh Canopy sprays 0699.
23:00:32 | INFO: Draco encoder: Encoding mesh Canopy sprays 0700.
23:00:32 | INFO: Draco encoder: Encoding mesh Canopy sprays 0701.
23:00:32 | INFO: Draco encoder: Encoding mesh Canopy sprays 0702.
23:00:32 | INFO: Draco encoder: Encoding mesh Canopy sprays 0703.
23:00:32 | INFO: Draco encoder: Encoding mesh Canopy sprays 0704.
23:00:32 | INFO: Draco encoder: Encoding mesh Canopy sprays 0705.
23:00:32 | INFO: Draco encoder: Encoding mesh Canopy sprays 0706.
23:00:32 | INFO: Draco encoder: Encoding mesh Canopy sprays 0707.
23:00:32 | INFO: Draco encoder: Encoding mesh Canopy sprays 0708.
23:00:32 | INFO: Draco encoder: Encoding mesh Canopy sprays 0709.
23:00:32 | INFO: Draco encoder: Encoding mesh Canopy sprays 0710.
23:00:32 | INFO: Draco encoder: Encoding mesh Canopy sprays 0711.
23:00:32 | INFO: Draco encoder: Encoding mesh Canopy sprays 0712.
23:00:32 | INFO: Draco encoder: Encoding mesh Canopy sprays 0713.
23:00:32 | INFO: Draco encoder: Encoding mesh Canopy sprays 0714.
23:00:32 | INFO: Draco encoder: Encoding mesh Canopy sprays 0715.
23:00:32 | INFO: Draco encoder: Encoding mesh Canopy sprays 0716.
23:00:32 | INFO: Draco encoder: Encoding mesh Canopy sprays 0717.
23:00:32 | INFO: Draco encoder: Encoding mesh Canopy sprays 0718.
23:00:32 | INFO: Draco encoder: Encoding mesh Canopy sprays 0719.
23:00:32 | INFO: Draco encoder: Encoding mesh Canopy sprays 0720.
23:00:32 | INFO: Draco encoder: Encoding mesh Canopy sprays 0721.
23:00:32 | INFO: Draco encoder: Encoding mesh Canopy sprays 0722.
23:00:32 | INFO: Draco encoder: Encoding mesh Canopy sprays 0723.
23:00:32 | INFO: Draco encoder: Encoding mesh Canopy sprays 0724.
23:00:32 | INFO: Draco encoder: Encoding mesh Canopy sprays 0725.
23:00:32 | INFO: Draco encoder: Encoding mesh Canopy sprays 0726.
23:00:32 | INFO: Draco encoder: Encoding mesh Canopy sprays 0727.
23:00:32 | INFO: Draco encoder: Encoding mesh Canopy sprays 0728.
23:00:32 | INFO: Draco encoder: Encoding mesh Canopy sprays 0729.
23:00:32 | INFO: Draco encoder: Encoding mesh Canopy sprays 0730.
23:00:32 | INFO: Draco encoder: Encoding mesh Canopy sprays 0731.
23:00:32 | INFO: Draco encoder: Encoding mesh Canopy sprays 0732.
23:00:32 | INFO: Draco encoder: Encoding mesh Canopy sprays 0733.
23:00:32 | INFO: Draco encoder: Encoding mesh Canopy sprays 0734.
23:00:32 | INFO: Draco encoder: Encoding mesh Canopy sprays 0735.
23:00:32 | INFO: Draco encoder: Encoding mesh Canopy sprays 0736.
23:00:32 | INFO: Draco encoder: Encoding mesh Canopy sprays 0737.
23:00:32 | INFO: Draco encoder: Encoding mesh Canopy sprays 0738.
23:00:32 | INFO: Draco encoder: Encoding mesh Canopy sprays 0739.
23:00:32 | INFO: Draco encoder: Encoding mesh Canopy sprays 0740.
23:00:32 | INFO: Draco encoder: Encoding mesh Canopy sprays 0741.
23:00:32 | INFO: Draco encoder: Encoding mesh Canopy sprays 0742.
23:00:32 | INFO: Draco encoder: Encoding mesh Canopy sprays 0743.
23:00:32 | INFO: Draco encoder: Encoding mesh Canopy sprays 0744.
23:00:32 | INFO: Draco encoder: Encoding mesh Canopy sprays 0745.
23:00:32 | INFO: Draco encoder: Encoding mesh Canopy sprays 0746.
23:00:32 | INFO: Draco encoder: Encoding mesh Canopy sprays 0747.
23:00:32 | INFO: Draco encoder: Encoding mesh Canopy sprays 0748.
23:00:32 | INFO: Draco encoder: Encoding mesh Canopy sprays 0749.
23:00:32 | INFO: Draco encoder: Encoding mesh Canopy sprays 0750.
23:00:32 | INFO: Draco encoder: Encoding mesh Canopy sprays 0751.
23:00:32 | INFO: Draco encoder: Encoding mesh Canopy sprays 0752.
23:00:32 | INFO: Draco encoder: Encoding mesh Canopy sprays 0753.
23:00:32 | INFO: Draco encoder: Encoding mesh Canopy sprays 0754.
23:00:32 | INFO: Draco encoder: Encoding mesh Canopy sprays 0755.
23:00:32 | INFO: Draco encoder: Encoding mesh Canopy sprays 0756.
23:00:32 | INFO: Draco encoder: Encoding mesh Canopy sprays 0757.
23:00:32 | INFO: Draco encoder: Encoding mesh Canopy sprays 0758.
23:00:32 | INFO: Draco encoder: Encoding mesh Canopy sprays 0759.
23:00:32 | INFO: Draco encoder: Encoding mesh Canopy sprays 0760.
23:00:32 | INFO: Draco encoder: Encoding mesh Canopy sprays 0761.
23:00:32 | INFO: Draco encoder: Encoding mesh Canopy sprays 0762.
23:00:32 | INFO: Draco encoder: Encoding mesh Canopy sprays 0763.
23:00:32 | INFO: Draco encoder: Encoding mesh Canopy sprays 0764.
23:00:32 | INFO: Draco encoder: Encoding mesh Canopy sprays 0765.
23:00:32 | INFO: Draco encoder: Encoding mesh Canopy sprays 0766.
23:00:32 | INFO: Draco encoder: Encoding mesh Canopy sprays 0767.
23:00:32 | INFO: Draco encoder: Encoding mesh Canopy sprays 0768.
23:00:32 | INFO: Draco encoder: Encoding mesh Canopy sprays 0769.
23:00:32 | INFO: Draco encoder: Encoding mesh Canopy sprays 0770.
23:00:32 | INFO: Draco encoder: Encoding mesh Canopy sprays 0771.
23:00:32 | INFO: Draco encoder: Encoding mesh Canopy sprays 0772.
23:00:32 | INFO: Draco encoder: Encoding mesh Canopy sprays 0773.
23:00:32 | INFO: Draco encoder: Encoding mesh Canopy sprays 0774.
23:00:32 | INFO: Draco encoder: Encoding mesh Canopy sprays 0775.
23:00:32 | INFO: Draco encoder: Encoding mesh Canopy sprays 0776.
23:00:32 | INFO: Draco encoder: Encoding mesh Canopy sprays 0777.
23:00:32 | INFO: Draco encoder: Encoding mesh Canopy sprays 0778.
23:00:32 | INFO: Draco encoder: Encoding mesh Canopy sprays 0779.
23:00:32 | INFO: Draco encoder: Encoding mesh Canopy sprays 0780.
23:00:32 | INFO: Draco encoder: Encoding mesh Canopy sprays 0781.
23:00:32 | INFO: Draco encoder: Encoding mesh Canopy sprays 0782.
23:00:32 | INFO: Draco encoder: Encoding mesh Canopy sprays 0783.
23:00:32 | INFO: Draco encoder: Encoding mesh Canopy sprays 0784.
23:00:32 | INFO: Draco encoder: Encoding mesh Canopy sprays 0785.
23:00:32 | INFO: Draco encoder: Encoding mesh Canopy sprays 0786.
23:00:32 | INFO: Draco encoder: Encoding mesh Canopy sprays 0787.
23:00:32 | INFO: Draco encoder: Encoding mesh Canopy sprays 0788.
23:00:32 | INFO: Draco encoder: Encoding mesh Canopy sprays 0789.
23:00:32 | INFO: Draco encoder: Encoding mesh Canopy sprays 0790.
23:00:32 | INFO: Draco encoder: Encoding mesh Canopy sprays 0791.
23:00:32 | INFO: Draco encoder: Encoding mesh Canopy sprays 0792.
23:00:32 | INFO: Draco encoder: Encoding mesh Canopy sprays 0793.
23:00:32 | INFO: Draco encoder: Encoding mesh Canopy sprays 0794.
23:00:32 | INFO: Draco encoder: Encoding mesh Canopy sprays 0795.
23:00:32 | INFO: Draco encoder: Encoding mesh Canopy sprays 0796.
23:00:32 | INFO: Draco encoder: Encoding mesh Canopy sprays 0797.
23:00:32 | INFO: Draco encoder: Encoding mesh Canopy sprays 0798.
23:00:32 | INFO: Draco encoder: Encoding mesh Canopy sprays 0799.
23:00:32 | INFO: Draco encoder: Encoding mesh Canopy sprays 0800.
23:00:32 | INFO: Draco encoder: Encoding mesh Canopy sprays 0801.
23:00:32 | INFO: Draco encoder: Encoding mesh Canopy sprays 0802.
23:00:32 | INFO: Draco encoder: Encoding mesh Canopy sprays 0803.
23:00:32 | INFO: Draco encoder: Encoding mesh Canopy sprays 0804.
23:00:32 | INFO: Draco encoder: Encoding mesh Canopy sprays 0805.
23:00:32 | INFO: Draco encoder: Encoding mesh Canopy sprays 0806.
23:00:32 | INFO: Draco encoder: Encoding mesh Canopy sprays 0807.
23:00:32 | INFO: Draco encoder: Encoding mesh Canopy sprays 0808.
23:00:32 | INFO: Draco encoder: Encoding mesh Canopy sprays 0809.
23:00:32 | INFO: Draco encoder: Encoding mesh Canopy sprays 0810.
23:00:32 | INFO: Draco encoder: Encoding mesh Canopy sprays 0811.
23:00:32 | INFO: Draco encoder: Encoding mesh Canopy sprays 0812.
23:00:32 | INFO: Draco encoder: Encoding mesh Canopy sprays 0813.
23:00:32 | INFO: Draco encoder: Encoding mesh Canopy sprays 0814.
23:00:32 | INFO: Draco encoder: Encoding mesh Canopy sprays 0815.
23:00:32 | INFO: Draco encoder: Encoding mesh Canopy sprays 0816.
23:00:32 | INFO: Draco encoder: Encoding mesh Canopy sprays 0817.
23:00:32 | INFO: Draco encoder: Encoding mesh Canopy sprays 0818.
23:00:32 | INFO: Draco encoder: Encoding mesh Canopy sprays 0819.
23:00:32 | INFO: Draco encoder: Encoding mesh Canopy sprays 0820.
23:00:32 | INFO: Draco encoder: Encoding mesh Canopy sprays 0821.
23:00:32 | INFO: Draco encoder: Encoding mesh Canopy sprays 0822.
23:00:32 | INFO: Draco encoder: Encoding mesh Canopy sprays 0823.
23:00:32 | INFO: Draco encoder: Encoding mesh Canopy sprays 0824.
23:00:32 | INFO: Draco encoder: Encoding mesh Canopy sprays 0825.
23:00:32 | INFO: Draco encoder: Encoding mesh Canopy sprays 0826.
23:00:32 | INFO: Draco encoder: Encoding mesh Canopy sprays 0827.
23:00:32 | INFO: Draco encoder: Encoding mesh Canopy sprays 0828.
23:00:32 | INFO: Draco encoder: Encoding mesh Canopy sprays 0829.
23:00:32 | INFO: Draco encoder: Encoding mesh Canopy sprays 0830.
23:00:32 | INFO: Draco encoder: Encoding mesh Canopy sprays 0831.
23:00:32 | INFO: Draco encoder: Encoding mesh Canopy sprays 0832.
23:00:32 | INFO: Draco encoder: Encoding mesh Canopy sprays 0833.
23:00:32 | INFO: Draco encoder: Encoding mesh Canopy sprays 0834.
23:00:32 | INFO: Draco encoder: Encoding mesh Canopy sprays 0835.
23:00:32 | INFO: Draco encoder: Encoding mesh Canopy sprays 0836.
23:00:32 | INFO: Draco encoder: Encoding mesh Canopy sprays 0837.
23:00:32 | INFO: Draco encoder: Encoding mesh Canopy sprays 0838.
23:00:32 | INFO: Draco encoder: Encoding mesh Canopy sprays 0839.
23:00:32 | INFO: Draco encoder: Encoding mesh Canopy sprays 0840.
23:00:32 | INFO: Draco encoder: Encoding mesh Canopy sprays 0841.
23:00:32 | INFO: Draco encoder: Encoding mesh Canopy sprays 0842.
23:00:32 | INFO: Draco encoder: Encoding mesh Canopy sprays 0843.
23:00:32 | INFO: Draco encoder: Encoding mesh Canopy sprays 0844.
23:00:32 | INFO: Draco encoder: Encoding mesh Canopy sprays 0845.
23:00:32 | INFO: Draco encoder: Encoding mesh Canopy sprays 0846.
23:00:32 | INFO: Draco encoder: Encoding mesh Canopy sprays 0847.
23:00:32 | INFO: Draco encoder: Encoding mesh Canopy sprays 0848.
23:00:32 | INFO: Draco encoder: Encoding mesh Canopy sprays 0849.
23:00:32 | INFO: Draco encoder: Encoding mesh Canopy sprays 0850.
23:00:32 | INFO: Draco encoder: Encoding mesh Canopy sprays 0851.
23:00:32 | INFO: Draco encoder: Encoding mesh Canopy sprays 0852.
23:00:32 | INFO: Draco encoder: Encoding mesh Canopy sprays 0853.
23:00:32 | INFO: Draco encoder: Encoding mesh Canopy sprays 0854.
23:00:32 | INFO: Draco encoder: Encoding mesh Canopy sprays 0855.
23:00:32 | INFO: Draco encoder: Encoding mesh Canopy sprays 0856.
23:00:32 | INFO: Draco encoder: Encoding mesh Canopy sprays 0857.
23:00:32 | INFO: Draco encoder: Encoding mesh Canopy sprays 0858.
23:00:32 | INFO: Draco encoder: Encoding mesh Canopy sprays 0859.
23:00:32 | INFO: Draco encoder: Encoding mesh Canopy sprays 0860.
23:00:32 | INFO: Draco encoder: Encoding mesh Canopy sprays 0861.
23:00:32 | INFO: Draco encoder: Encoding mesh Canopy sprays 0862.
23:00:32 | INFO: Draco encoder: Encoding mesh Canopy sprays 0863.
23:00:32 | INFO: Draco encoder: Encoding mesh Canopy sprays 0864.
23:00:32 | INFO: Draco encoder: Encoding mesh Canopy sprays 0865.
23:00:32 | INFO: Draco encoder: Encoding mesh Canopy sprays 0866.
23:00:32 | INFO: Draco encoder: Encoding mesh Canopy sprays 0867.
23:00:32 | INFO: Draco encoder: Encoding mesh Canopy sprays 0868.
23:00:32 | INFO: Draco encoder: Encoding mesh Canopy sprays 0869.
23:00:32 | INFO: Draco encoder: Encoding mesh Canopy sprays 0870.
23:00:32 | INFO: Draco encoder: Encoding mesh Canopy sprays 0871.
23:00:32 | INFO: Draco encoder: Encoding mesh Canopy sprays 0872.
23:00:32 | INFO: Draco encoder: Encoding mesh Canopy sprays 0873.
23:00:32 | INFO: Draco encoder: Encoding mesh Canopy sprays 0874.
23:00:32 | INFO: Draco encoder: Encoding mesh Canopy sprays 0875.
23:00:32 | INFO: Draco encoder: Encoding mesh Canopy sprays 0876.
23:00:32 | INFO: Draco encoder: Encoding mesh Canopy sprays 0877.
23:00:32 | INFO: Draco encoder: Encoding mesh Canopy sprays 0878.
23:00:32 | INFO: Draco encoder: Encoding mesh Canopy sprays 0879.
23:00:32 | INFO: Draco encoder: Encoding mesh Canopy sprays 0880.
23:00:32 | INFO: Draco encoder: Encoding mesh Canopy sprays 0881.
23:00:32 | INFO: Draco encoder: Encoding mesh Canopy sprays 0882.
23:00:32 | INFO: Draco encoder: Encoding mesh Canopy sprays 0883.
23:00:32 | INFO: Draco encoder: Encoding mesh Canopy sprays 0884.
23:00:32 | INFO: Draco encoder: Encoding mesh Canopy sprays 0885.
23:00:32 | INFO: Draco encoder: Encoding mesh Canopy sprays 0886.
23:00:32 | INFO: Draco encoder: Encoding mesh Canopy sprays 0887.
23:00:32 | INFO: Draco encoder: Encoding mesh Canopy sprays 0888.
23:00:32 | INFO: Draco encoder: Encoding mesh Canopy sprays 0889.
23:00:32 | INFO: Draco encoder: Encoding mesh Canopy sprays 0890.
23:00:32 | INFO: Draco encoder: Encoding mesh Canopy sprays 0891.
23:00:32 | INFO: Draco encoder: Encoding mesh Canopy sprays 0892.
23:00:32 | INFO: Draco encoder: Encoding mesh Canopy sprays 0893.
23:00:32 | INFO: Draco encoder: Encoding mesh Canopy sprays 0894.
23:00:32 | INFO: Draco encoder: Encoding mesh Canopy sprays 0895.
23:00:32 | INFO: Draco encoder: Encoding mesh Canopy sprays 0896.
23:00:32 | INFO: Draco encoder: Encoding mesh Canopy sprays 0897.
23:00:32 | INFO: Draco encoder: Encoding mesh Canopy sprays 0898.
23:00:32 | INFO: Draco encoder: Encoding mesh Canopy sprays 0899.
23:00:32 | INFO: Draco encoder: Encoding mesh Canopy sprays 0900.
23:00:32 | INFO: Draco encoder: Encoding mesh Canopy sprays 0901.
23:00:32 | INFO: Draco encoder: Encoding mesh Canopy sprays 0902.
23:00:32 | INFO: Draco encoder: Encoding mesh Canopy sprays 0903.
23:00:32 | INFO: Draco encoder: Encoding mesh Canopy sprays 0904.
23:00:32 | INFO: Draco encoder: Encoding mesh Canopy sprays 0905.
23:00:32 | INFO: Draco encoder: Encoding mesh Canopy sprays 0906.
23:00:32 | INFO: Draco encoder: Encoding mesh Canopy sprays 0907.
23:00:32 | INFO: Draco encoder: Encoding mesh Canopy sprays 0908.
23:00:32 | INFO: Draco encoder: Encoding mesh Canopy sprays 0909.
23:00:32 | INFO: Draco encoder: Encoding mesh Canopy sprays 0910.
23:00:32 | INFO: Draco encoder: Encoding mesh Canopy sprays 0911.
23:00:32 | INFO: Draco encoder: Encoding mesh Canopy sprays 0912.
23:00:32 | INFO: Draco encoder: Encoding mesh Canopy sprays 0913.
23:00:32 | INFO: Draco encoder: Encoding mesh Canopy sprays 0914.
23:00:32 | INFO: Draco encoder: Encoding mesh Canopy sprays 0915.
23:00:32 | INFO: Draco encoder: Encoding mesh Canopy sprays 0916.
23:00:32 | INFO: Draco encoder: Encoding mesh Canopy sprays 0917.
23:00:32 | INFO: Draco encoder: Encoding mesh Canopy sprays 0918.
23:00:32 | INFO: Draco encoder: Encoding mesh Canopy sprays 0919.
23:00:32 | INFO: Draco encoder: Encoding mesh Canopy sprays 0920.
23:00:32 | INFO: Draco encoder: Encoding mesh Canopy sprays 0921.
23:00:32 | INFO: Draco encoder: Encoding mesh Canopy sprays 0922.
23:00:32 | INFO: Draco encoder: Encoding mesh Canopy sprays 0923.
23:00:32 | INFO: Draco encoder: Encoding mesh Canopy sprays 0924.
23:00:32 | INFO: Draco encoder: Encoding mesh Canopy sprays 0925.
23:00:32 | INFO: Draco encoder: Encoding mesh Canopy sprays 0926.
23:00:32 | INFO: Draco encoder: Encoding mesh Canopy sprays 0927.
23:00:32 | INFO: Draco encoder: Encoding mesh Canopy sprays 0928.
23:00:32 | INFO: Draco encoder: Encoding mesh Canopy sprays 0929.
23:00:32 | INFO: Draco encoder: Encoding mesh Canopy sprays 0930.
23:00:32 | INFO: Draco encoder: Encoding mesh Canopy sprays 0931.
23:00:32 | INFO: Draco encoder: Encoding mesh Canopy sprays 0932.
23:00:32 | INFO: Draco encoder: Encoding mesh Canopy sprays 0933.
23:00:32 | INFO: Draco encoder: Encoding mesh Canopy sprays 0934.
23:00:32 | INFO: Draco encoder: Encoding mesh Canopy sprays 0935.
23:00:32 | INFO: Draco encoder: Encoding mesh Canopy sprays 0936.
23:00:32 | INFO: Draco encoder: Encoding mesh Canopy sprays 0937.
23:00:32 | INFO: Draco encoder: Encoding mesh Canopy sprays 0938.
23:00:32 | INFO: Draco encoder: Encoding mesh Canopy sprays 0939.
23:00:32 | INFO: Draco encoder: Encoding mesh Canopy sprays 0940.
23:00:32 | INFO: Draco encoder: Encoding mesh Canopy sprays 0941.
23:00:32 | INFO: Draco encoder: Encoding mesh Canopy sprays 0942.
23:00:32 | INFO: Draco encoder: Encoding mesh Canopy sprays 0943.
23:00:32 | INFO: Draco encoder: Encoding mesh Canopy sprays 0944.
23:00:32 | INFO: Draco encoder: Encoding mesh Canopy sprays 0945.
23:00:32 | INFO: Draco encoder: Encoding mesh Canopy sprays 0946.
23:00:32 | INFO: Draco encoder: Encoding mesh Canopy sprays 0947.
23:00:32 | INFO: Draco encoder: Encoding mesh Canopy sprays 0948.
23:00:32 | INFO: Draco encoder: Encoding mesh Canopy sprays 0949.
23:00:32 | INFO: Draco encoder: Encoding mesh Canopy sprays 0950.
23:00:32 | INFO: Draco encoder: Encoding mesh Canopy sprays 0951.
23:00:32 | INFO: Draco encoder: Encoding mesh Canopy sprays 0952.
23:00:32 | INFO: Draco encoder: Encoding mesh Canopy sprays 0953.
23:00:32 | INFO: Draco encoder: Encoding mesh Canopy sprays 0954.
23:00:32 | INFO: Draco encoder: Encoding mesh Canopy sprays 0955.
23:00:32 | INFO: Draco encoder: Encoding mesh Canopy sprays 0956.
23:00:32 | INFO: Draco encoder: Encoding mesh Canopy sprays 0957.
23:00:32 | INFO: Draco encoder: Encoding mesh Canopy sprays 0958.
23:00:32 | INFO: Draco encoder: Encoding mesh Canopy sprays 0959.
23:00:32 | INFO: Draco encoder: Encoding mesh Canopy sprays 0960.
23:00:32 | INFO: Draco encoder: Encoding mesh Canopy sprays 0961.
23:00:32 | INFO: Draco encoder: Encoding mesh Canopy sprays 0962.
23:00:32 | INFO: Draco encoder: Encoding mesh Canopy sprays 0963.
23:00:32 | INFO: Draco encoder: Encoding mesh Canopy sprays 0964.
23:00:32 | INFO: Draco encoder: Encoding mesh Canopy sprays 0965.
23:00:32 | INFO: Draco encoder: Encoding mesh Canopy sprays 0966.
23:00:32 | INFO: Draco encoder: Encoding mesh Canopy sprays 0967.
23:00:32 | INFO: Draco encoder: Encoding mesh Canopy sprays 0968.
23:00:32 | INFO: Draco encoder: Encoding mesh Canopy sprays 0969.
23:00:32 | INFO: Draco encoder: Encoding mesh Canopy sprays 0970.
23:00:32 | INFO: Draco encoder: Encoding mesh Canopy sprays 0971.
23:00:32 | INFO: Draco encoder: Encoding mesh Canopy sprays 0972.
23:00:32 | INFO: Draco encoder: Encoding mesh Canopy sprays 0973.
23:00:32 | INFO: Draco encoder: Encoding mesh Canopy sprays 0974.
23:00:32 | INFO: Draco encoder: Encoding mesh Canopy sprays 0975.
23:00:32 | INFO: Draco encoder: Encoding mesh Canopy sprays 0976.
23:00:32 | INFO: Draco encoder: Encoding mesh Canopy sprays 0977.
23:00:32 | INFO: Draco encoder: Encoding mesh Canopy sprays 0978.
23:00:32 | INFO: Draco encoder: Encoding mesh Canopy sprays 0979.
23:00:32 | INFO: Draco encoder: Encoding mesh Canopy sprays 0980.
23:00:32 | INFO: Draco encoder: Encoding mesh Canopy sprays 0981.
23:00:32 | INFO: Draco encoder: Encoding mesh Canopy sprays 0982.
23:00:32 | INFO: Draco encoder: Encoding mesh Canopy sprays 0983.
23:00:32 | INFO: Draco encoder: Encoding mesh Canopy sprays 0984.
23:00:32 | INFO: Draco encoder: Encoding mesh Canopy sprays 0985.
23:00:32 | INFO: Draco encoder: Encoding mesh Canopy sprays 0986.
23:00:32 | INFO: Draco encoder: Encoding mesh Canopy sprays 0987.
23:00:32 | INFO: Draco encoder: Encoding mesh Canopy sprays 0988.
23:00:32 | INFO: Draco encoder: Encoding mesh Canopy sprays 0989.
23:00:32 | INFO: Draco encoder: Encoding mesh Canopy sprays 0990.
23:00:32 | INFO: Draco encoder: Encoding mesh Canopy sprays 0991.
23:00:32 | INFO: Draco encoder: Encoding mesh Canopy sprays 0992.
23:00:32 | INFO: Draco encoder: Encoding mesh Canopy sprays 0993.
23:00:32 | INFO: Draco encoder: Encoding mesh Canopy sprays 0994.
23:00:32 | INFO: Draco encoder: Encoding mesh Canopy sprays 0995.
23:00:32 | INFO: Draco encoder: Encoding mesh Canopy sprays 0996.
23:00:32 | INFO: Draco encoder: Encoding mesh Canopy sprays 0997.
23:00:32 | INFO: Draco encoder: Encoding mesh Canopy sprays 0998.
23:00:32 | INFO: Draco encoder: Encoding mesh Canopy sprays 0999.
23:00:32 | INFO: Draco encoder: Encoding mesh Canopy sprays 1000.
23:00:32 | INFO: Draco encoder: Encoding mesh Canopy sprays 1001.
23:00:32 | INFO: Draco encoder: Encoding mesh Canopy sprays 1002.
23:00:32 | INFO: Draco encoder: Encoding mesh Canopy sprays 1003.
23:00:32 | INFO: Draco encoder: Encoding mesh Canopy sprays 1004.
23:00:32 | INFO: Draco encoder: Encoding mesh Canopy sprays 1005.
23:00:32 | INFO: Draco encoder: Encoding mesh Canopy sprays 1006.
23:00:32 | INFO: Draco encoder: Encoding mesh Canopy sprays 1007.
23:00:32 | INFO: Draco encoder: Encoding mesh Canopy sprays 1008.
23:00:32 | INFO: Draco encoder: Encoding mesh Canopy sprays 1009.
23:00:32 | INFO: Draco encoder: Encoding mesh Canopy sprays 1010.
23:00:32 | INFO: Draco encoder: Encoding mesh Canopy sprays 1011.
23:00:32 | INFO: Draco encoder: Encoding mesh Canopy sprays 1012.
23:00:32 | INFO: Draco encoder: Encoding mesh Canopy sprays 1013.
23:00:32 | INFO: Draco encoder: Encoding mesh Canopy sprays 1014.
23:00:32 | INFO: Draco encoder: Encoding mesh Canopy sprays 1015.
23:00:32 | INFO: Draco encoder: Encoding mesh Canopy sprays 1016.
23:00:32 | INFO: Draco encoder: Encoding mesh Canopy sprays 1017.
23:00:32 | INFO: Draco encoder: Encoding mesh Canopy sprays 1018.
23:00:32 | INFO: Draco encoder: Encoding mesh Canopy sprays 1019.
23:00:32 | INFO: Draco encoder: Encoding mesh Canopy sprays 1020.
23:00:32 | INFO: Draco encoder: Encoding mesh Canopy sprays 1021.
23:00:32 | INFO: Draco encoder: Encoding mesh Canopy sprays 1022.
23:00:32 | INFO: Draco encoder: Encoding mesh Canopy sprays 1023.
23:00:32 | INFO: Draco encoder: Encoding mesh Canopy sprays 1024.
23:00:32 | INFO: Draco encoder: Encoding mesh Canopy sprays 1025.
23:00:32 | INFO: Draco encoder: Encoding mesh Canopy sprays 1026.
23:00:32 | INFO: Draco encoder: Encoding mesh Canopy sprays 1027.
23:00:32 | INFO: Draco encoder: Encoding mesh Canopy sprays 1028.
23:00:32 | INFO: Draco encoder: Encoding mesh Canopy sprays 1029.
23:00:32 | INFO: Draco encoder: Encoding mesh Canopy sprays 1030.
23:00:32 | INFO: Draco encoder: Encoding mesh Canopy sprays 1031.
23:00:32 | INFO: Draco encoder: Encoding mesh Canopy sprays 1032.
23:00:32 | INFO: Draco encoder: Encoding mesh Canopy sprays 1033.
23:00:32 | INFO: Draco encoder: Encoding mesh Canopy sprays 1034.
23:00:32 | INFO: Draco encoder: Encoding mesh Canopy sprays 1035.
23:00:32 | INFO: Draco encoder: Encoding mesh Canopy sprays 1036.
23:00:32 | INFO: Draco encoder: Encoding mesh Canopy sprays 1037.
23:00:32 | INFO: Draco encoder: Encoding mesh Canopy sprays 1038.
23:00:32 | INFO: Draco encoder: Encoding mesh Canopy sprays 1039.
23:00:32 | INFO: Draco encoder: Encoding mesh Canopy sprays 1040.
23:00:32 | INFO: Draco encoder: Encoding mesh Canopy sprays 1041.
23:00:32 | INFO: Draco encoder: Encoding mesh Canopy sprays 1042.
23:00:32 | INFO: Draco encoder: Encoding mesh Canopy sprays 1043.
23:00:32 | INFO: Draco encoder: Encoding mesh Canopy sprays 1044.
23:00:32 | INFO: Draco encoder: Encoding mesh Canopy sprays 1045.
23:00:32 | INFO: Draco encoder: Encoding mesh Canopy sprays 1046.
23:00:32 | INFO: Draco encoder: Encoding mesh Canopy sprays 1047.
23:00:32 | INFO: Draco encoder: Encoding mesh Canopy sprays 1048.
23:00:32 | INFO: Draco encoder: Encoding mesh Canopy sprays 1049.
23:00:32 | INFO: Draco encoder: Encoding mesh Canopy sprays 1050.
23:00:32 | INFO: Draco encoder: Encoding mesh Canopy sprays 1051.
23:00:32 | INFO: Draco encoder: Encoding mesh Canopy sprays 1052.
23:00:32 | INFO: Draco encoder: Encoding mesh Canopy sprays 1053.
23:00:32 | INFO: Draco encoder: Encoding mesh Canopy sprays 1054.
23:00:32 | INFO: Draco encoder: Encoding mesh Canopy sprays 1055.
23:00:32 | INFO: Draco encoder: Encoding mesh Canopy sprays 1056.
23:00:32 | INFO: Draco encoder: Encoding mesh Canopy sprays 1057.
23:00:32 | INFO: Draco encoder: Encoding mesh Canopy sprays 1058.
23:00:32 | INFO: Draco encoder: Encoding mesh Canopy sprays 1059.
23:00:32 | INFO: Draco encoder: Encoding mesh Canopy sprays 1060.
23:00:32 | INFO: Draco encoder: Encoding mesh Canopy sprays 1061.
23:00:32 | INFO: Draco encoder: Encoding mesh Canopy sprays 1062.
23:00:32 | INFO: Draco encoder: Encoding mesh Canopy sprays 1063.
23:00:32 | INFO: Draco encoder: Encoding mesh Canopy sprays 1064.
23:00:32 | INFO: Draco encoder: Encoding mesh Canopy sprays 1065.
23:00:32 | INFO: Draco encoder: Encoding mesh Canopy sprays 1066.
23:00:32 | INFO: Draco encoder: Encoding mesh Canopy sprays 1067.
23:00:32 | INFO: Draco encoder: Encoding mesh Canopy sprays 1068.
23:00:32 | INFO: Draco encoder: Encoding mesh Canopy sprays 1069.
23:00:32 | INFO: Draco encoder: Encoding mesh Canopy sprays 1070.
23:00:32 | INFO: Draco encoder: Encoding mesh Canopy sprays 1071.
23:00:32 | INFO: Draco encoder: Encoding mesh Canopy sprays 1072.
23:00:32 | INFO: Draco encoder: Encoding mesh Canopy sprays 1073.
23:00:32 | INFO: Draco encoder: Encoding mesh Canopy sprays 1074.
23:00:32 | INFO: Draco encoder: Encoding mesh Canopy sprays 1075.
23:00:32 | INFO: Draco encoder: Encoding mesh Canopy sprays 1076.
23:00:32 | INFO: Draco encoder: Encoding mesh Canopy sprays 1077.
23:00:32 | INFO: Draco encoder: Encoding mesh Canopy sprays 1078.
23:00:32 | INFO: Draco encoder: Encoding mesh Canopy sprays 1079.
23:00:32 | INFO: Draco encoder: Encoding mesh Canopy sprays 1080.
23:00:32 | INFO: Draco encoder: Encoding mesh Canopy sprays 1081.
23:00:32 | INFO: Draco encoder: Encoding mesh Canopy sprays 1082.
23:00:32 | INFO: Draco encoder: Encoding mesh Canopy sprays 1083.
23:00:32 | INFO: Draco encoder: Encoding mesh Canopy sprays 1084.
23:00:32 | INFO: Draco encoder: Encoding mesh Canopy sprays 1085.
23:00:32 | INFO: Draco encoder: Encoding mesh Canopy sprays 1086.
23:00:32 | INFO: Draco encoder: Encoding mesh Canopy sprays 1087.
23:00:32 | INFO: Draco encoder: Encoding mesh Canopy sprays 1088.
23:00:32 | INFO: Draco encoder: Encoding mesh Canopy sprays 1089.
23:00:32 | INFO: Draco encoder: Encoding mesh Canopy sprays 1090.
23:00:32 | INFO: Draco encoder: Encoding mesh Canopy sprays 1091.
23:00:32 | INFO: Draco encoder: Encoding mesh Canopy sprays 1092.
23:00:32 | INFO: Draco encoder: Encoding mesh Canopy sprays 1093.
23:00:32 | INFO: Draco encoder: Encoding mesh Canopy sprays 1094.
23:00:32 | INFO: Draco encoder: Encoding mesh Canopy sprays 1095.
23:00:32 | INFO: Draco encoder: Encoding mesh Canopy sprays 1096.
23:00:32 | INFO: Draco encoder: Encoding mesh Canopy sprays 1097.
23:00:32 | INFO: Draco encoder: Encoding mesh Canopy sprays 1098.
23:00:32 | INFO: Draco encoder: Encoding mesh Canopy sprays 1099.
23:00:32 | INFO: Draco encoder: Encoding mesh Canopy sprays 1100.
23:00:32 | INFO: Draco encoder: Encoding mesh Canopy sprays 1101.
23:00:32 | INFO: Draco encoder: Encoding mesh Canopy sprays 1102.
23:00:32 | INFO: Draco encoder: Encoding mesh Canopy sprays 1103.
23:00:32 | INFO: Draco encoder: Encoding mesh Canopy sprays 1104.
23:00:32 | INFO: Draco encoder: Encoding mesh Canopy sprays 1105.
23:00:32 | INFO: Draco encoder: Encoding mesh Canopy sprays 1106.
23:00:32 | INFO: Draco encoder: Encoding mesh Canopy sprays 1107.
23:00:32 | INFO: Draco encoder: Encoding mesh Canopy sprays 1108.
23:00:32 | INFO: Draco encoder: Encoding mesh Canopy sprays 1109.
23:00:32 | INFO: Draco encoder: Encoding mesh Canopy sprays 1110.
23:00:32 | INFO: Draco encoder: Encoding mesh Canopy sprays 1111.
23:00:32 | INFO: Draco encoder: Encoding mesh Canopy sprays 1112.
23:00:32 | INFO: Draco encoder: Encoding mesh Canopy sprays 1113.
23:00:32 | INFO: Draco encoder: Encoding mesh Canopy sprays 1114.
23:00:32 | INFO: Draco encoder: Encoding mesh Canopy sprays 1115.
23:00:32 | INFO: Draco encoder: Encoding mesh Canopy sprays 1116.
23:00:32 | INFO: Draco encoder: Encoding mesh Canopy sprays 1117.
23:00:32 | INFO: Draco encoder: Encoding mesh Canopy sprays 1118.
23:00:32 | INFO: Draco encoder: Encoding mesh Canopy sprays 1119.
23:00:32 | INFO: Draco encoder: Encoding mesh Canopy sprays 1120.
23:00:32 | INFO: Draco encoder: Encoding mesh Canopy sprays 1121.
23:00:32 | INFO: Draco encoder: Encoding mesh Canopy sprays 1122.
23:00:32 | INFO: Draco encoder: Encoding mesh Canopy sprays 1123.
23:00:32 | INFO: Draco encoder: Encoding mesh Canopy sprays 1124.
23:00:32 | INFO: Draco encoder: Encoding mesh Canopy sprays 1125.
23:00:32 | INFO: Draco encoder: Encoding mesh Canopy sprays 1126.
23:00:32 | INFO: Draco encoder: Encoding mesh Canopy sprays 1127.
23:00:32 | INFO: Draco encoder: Encoding mesh Canopy sprays 1128.
23:00:32 | INFO: Draco encoder: Encoding mesh Canopy sprays 1129.
23:00:32 | INFO: Draco encoder: Encoding mesh Canopy sprays 1130.
23:00:32 | INFO: Draco encoder: Encoding mesh Canopy sprays 1131.
23:00:32 | INFO: Draco encoder: Encoding mesh Canopy sprays 1132.
23:00:32 | INFO: Draco encoder: Encoding mesh Canopy sprays 1133.
23:00:32 | INFO: Draco encoder: Encoding mesh Canopy sprays 1134.
23:00:32 | INFO: Draco encoder: Encoding mesh Canopy sprays 1135.
23:00:32 | INFO: Draco encoder: Encoding mesh Canopy sprays 1136.
23:00:32 | INFO: Draco encoder: Encoding mesh Canopy sprays 1137.
23:00:32 | INFO: Draco encoder: Encoding mesh Canopy sprays 1138.
23:00:32 | INFO: Draco encoder: Encoding mesh Canopy sprays 1139.
23:00:32 | INFO: Draco encoder: Encoding mesh Canopy sprays 1140.
23:00:32 | INFO: Draco encoder: Encoding mesh Canopy sprays 1141.
23:00:32 | INFO: Draco encoder: Encoding mesh Canopy sprays 1142.
23:00:32 | INFO: Draco encoder: Encoding mesh Canopy sprays 1143.
23:00:32 | INFO: Draco encoder: Encoding mesh Canopy sprays 1144.
23:00:32 | INFO: Draco encoder: Encoding mesh Canopy sprays 1145.
23:00:32 | INFO: Draco encoder: Encoding mesh Canopy sprays 1146.
23:00:32 | INFO: Draco encoder: Encoding mesh Canopy sprays 1147.
23:00:32 | INFO: Draco encoder: Encoding mesh Canopy sprays 1148.
23:00:32 | INFO: Draco encoder: Encoding mesh Canopy sprays 1149.
23:00:32 | INFO: Draco encoder: Encoding mesh Canopy sprays 1150.
23:00:32 | INFO: Draco encoder: Encoding mesh Canopy sprays 1151.
23:00:32 | INFO: Draco encoder: Encoding mesh Canopy sprays 1152.
23:00:32 | INFO: Draco encoder: Encoding mesh Canopy sprays 1153.
23:00:32 | INFO: Draco encoder: Encoding mesh Canopy sprays 1154.
23:00:32 | INFO: Draco encoder: Encoding mesh Canopy sprays 1155.
23:00:32 | INFO: Draco encoder: Encoding mesh Canopy sprays 1156.
23:00:32 | INFO: Draco encoder: Encoding mesh Canopy sprays 1157.
23:00:32 | INFO: Draco encoder: Encoding mesh Canopy sprays 1158.
23:00:32 | INFO: Draco encoder: Encoding mesh Canopy sprays 1159.
23:00:32 | INFO: Draco encoder: Encoding mesh Canopy sprays 1160.
23:00:32 | INFO: Draco encoder: Encoding mesh Canopy sprays 1161.
23:00:32 | INFO: Draco encoder: Encoding mesh Canopy sprays 1162.
23:00:32 | INFO: Draco encoder: Encoding mesh Canopy sprays 1163.
23:00:32 | INFO: Draco encoder: Encoding mesh Canopy sprays 1164.
23:00:32 | INFO: Draco encoder: Encoding mesh Canopy sprays 1165.
23:00:32 | INFO: Draco encoder: Encoding mesh Canopy sprays 1166.
23:00:32 | INFO: Draco encoder: Encoding mesh Canopy sprays 1167.
23:00:32 | INFO: Draco encoder: Encoding mesh Canopy sprays 1168.
23:00:32 | INFO: Draco encoder: Encoding mesh Canopy sprays 1169.
23:00:32 | INFO: Draco encoder: Encoding mesh Canopy sprays 1170.
23:00:32 | INFO: Draco encoder: Encoding mesh Canopy sprays 1171.
23:00:32 | INFO: Draco encoder: Encoding mesh Canopy sprays 1172.
23:00:32 | INFO: Draco encoder: Encoding mesh Canopy sprays 1173.
23:00:32 | INFO: Draco encoder: Encoding mesh Canopy sprays 1174.
23:00:32 | INFO: Draco encoder: Encoding mesh Canopy sprays 1175.
23:00:32 | INFO: Draco encoder: Encoding mesh Canopy sprays 1176.
23:00:32 | INFO: Draco encoder: Encoding mesh Canopy sprays 1177.
23:00:32 | INFO: Draco encoder: Encoding mesh Canopy sprays 1178.
23:00:32 | INFO: Draco encoder: Encoding mesh Canopy sprays 1179.
23:00:32 | INFO: Draco encoder: Encoding mesh Canopy sprays 1180.
23:00:32 | INFO: Draco encoder: Encoding mesh Canopy sprays 1181.
23:00:32 | INFO: Draco encoder: Encoding mesh Canopy sprays 1182.
23:00:32 | INFO: Draco encoder: Encoding mesh Canopy sprays 1183.
23:00:32 | INFO: Draco encoder: Encoding mesh Canopy sprays 1184.
23:00:32 | INFO: Draco encoder: Encoding mesh Canopy sprays 1185.
23:00:32 | INFO: Draco encoder: Encoding mesh Canopy sprays 1186.
23:00:32 | INFO: Draco encoder: Encoding mesh Canopy sprays 1187.
23:00:32 | INFO: Draco encoder: Encoding mesh Canopy sprays 1188.
23:00:32 | INFO: Draco encoder: Encoding mesh Canopy sprays 1189.
23:00:32 | INFO: Draco encoder: Encoding mesh Canopy sprays 1190.
23:00:32 | INFO: Draco encoder: Encoding mesh Canopy sprays 1191.
23:00:32 | INFO: Draco encoder: Encoding mesh Canopy sprays 1192.
23:00:32 | INFO: Draco encoder: Encoding mesh Canopy sprays 1193.
23:00:32 | INFO: Draco encoder: Encoding mesh Canopy sprays 1194.
23:00:32 | INFO: Draco encoder: Encoding mesh Canopy sprays 1195.
23:00:32 | INFO: Draco encoder: Encoding mesh Canopy sprays 1196.
23:00:32 | INFO: Draco encoder: Encoding mesh Canopy sprays 1197.
23:00:32 | INFO: Draco encoder: Encoding mesh Canopy sprays 1198.
23:00:32 | INFO: Draco encoder: Encoding mesh Canopy sprays 1199.
23:00:32 | INFO: Draco encoder: Encoding mesh Canopy sprays 1200.
23:00:32 | INFO: Draco encoder: Encoding mesh Canopy sprays 1201.
23:00:32 | INFO: Draco encoder: Encoding mesh Canopy sprays 1202.
23:00:32 | INFO: Draco encoder: Encoding mesh Canopy sprays 1203.
23:00:32 | INFO: Draco encoder: Encoding mesh Canopy sprays 1204.
23:00:32 | INFO: Draco encoder: Encoding mesh Canopy sprays 1205.
23:00:32 | INFO: Draco encoder: Encoding mesh Canopy sprays 1206.
23:00:32 | INFO: Draco encoder: Encoding mesh Canopy sprays 1207.
23:00:32 | INFO: Draco encoder: Encoding mesh Canopy sprays 1208.
23:00:32 | INFO: Draco encoder: Encoding mesh Canopy sprays 1209.
23:00:32 | INFO: Draco encoder: Encoding mesh Canopy sprays 1210.
23:00:32 | INFO: Draco encoder: Encoding mesh Canopy sprays 1211.
23:00:32 | INFO: Draco encoder: Encoding mesh Canopy sprays 1212.
23:00:32 | INFO: Draco encoder: Encoding mesh Canopy sprays 1213.
23:00:32 | INFO: Draco encoder: Encoding mesh Canopy sprays 1214.
23:00:32 | INFO: Draco encoder: Encoding mesh Canopy sprays 1215.
23:00:32 | INFO: Draco encoder: Encoding mesh Canopy sprays 1216.
23:00:32 | INFO: Draco encoder: Encoding mesh Canopy sprays 1217.
23:00:32 | INFO: Draco encoder: Encoding mesh Canopy sprays 1218.
23:00:32 | INFO: Draco encoder: Encoding mesh Canopy sprays 1219.
23:00:32 | INFO: Draco encoder: Encoding mesh Canopy sprays 1220.
23:00:32 | INFO: Draco encoder: Encoding mesh Canopy sprays 1221.
23:00:32 | INFO: Draco encoder: Encoding mesh Canopy sprays 1222.
23:00:32 | INFO: Draco encoder: Encoding mesh Canopy sprays 1223.
23:00:32 | INFO: Draco encoder: Encoding mesh Canopy sprays 1224.
23:00:32 | INFO: Draco encoder: Encoding mesh Canopy sprays 1225.
23:00:32 | INFO: Draco encoder: Encoding mesh Canopy sprays 1226.
23:00:32 | INFO: Draco encoder: Encoding mesh Canopy sprays 1227.
23:00:32 | INFO: Draco encoder: Encoding mesh Canopy sprays 1228.
23:00:32 | INFO: Draco encoder: Encoding mesh Canopy sprays 1229.
23:00:32 | INFO: Draco encoder: Encoding mesh Canopy sprays 1230.
23:00:32 | INFO: Draco encoder: Encoding mesh Canopy sprays 1231.
23:00:32 | INFO: Draco encoder: Encoding mesh Canopy sprays 1232.
23:00:32 | INFO: Draco encoder: Encoding mesh Canopy sprays 1233.
23:00:32 | INFO: Draco encoder: Encoding mesh Canopy sprays 1234.
23:00:32 | INFO: Draco encoder: Encoding mesh Canopy sprays 1235.
23:00:32 | INFO: Draco encoder: Encoding mesh Canopy sprays 1236.
23:00:32 | INFO: Draco encoder: Encoding mesh Canopy sprays 1237.
23:00:32 | INFO: Draco encoder: Encoding mesh Canopy sprays 1238.
23:00:32 | INFO: Draco encoder: Encoding mesh Canopy sprays 1239.
23:00:32 | INFO: Draco encoder: Encoding mesh Canopy sprays 1240.
23:00:32 | INFO: Draco encoder: Encoding mesh Canopy sprays 1241.
23:00:32 | INFO: Draco encoder: Encoding mesh Canopy sprays 1242.
23:00:32 | INFO: Draco encoder: Encoding mesh Canopy sprays 1243.
23:00:32 | INFO: Draco encoder: Encoding mesh Canopy sprays 1244.
23:00:32 | INFO: Draco encoder: Encoding mesh Canopy sprays 1245.
23:00:32 | INFO: Draco encoder: Encoding mesh Canopy sprays 1246.
23:00:32 | INFO: Draco encoder: Encoding mesh Canopy sprays 1247.
23:00:32 | INFO: Draco encoder: Encoding mesh Canopy sprays 1248.
23:00:32 | INFO: Draco encoder: Encoding mesh Canopy sprays 1249.
23:00:32 | INFO: Draco encoder: Encoding mesh Canopy sprays 1250.
23:00:32 | INFO: Draco encoder: Encoding mesh Canopy sprays 1251.
23:00:32 | INFO: Draco encoder: Encoding mesh Canopy sprays 1252.
23:00:32 | INFO: Draco encoder: Encoding mesh Canopy sprays 1253.
23:00:32 | INFO: Draco encoder: Encoding mesh Canopy sprays 1254.
23:00:32 | INFO: Draco encoder: Encoding mesh Canopy sprays 1255.
23:00:32 | INFO: Draco encoder: Encoding mesh Canopy sprays 1256.
23:00:32 | INFO: Draco encoder: Encoding mesh Canopy sprays 1257.
23:00:32 | INFO: Draco encoder: Encoding mesh Canopy sprays 1258.
23:00:32 | INFO: Draco encoder: Encoding mesh Canopy sprays 1259.
23:00:32 | INFO: Draco encoder: Encoding mesh Canopy sprays 1260.
23:00:32 | INFO: Draco encoder: Encoding mesh Canopy sprays 1261.
23:00:32 | INFO: Draco encoder: Encoding mesh Canopy sprays 1262.
23:00:32 | INFO: Draco encoder: Encoding mesh Canopy sprays 1263.
23:00:32 | INFO: Draco encoder: Encoding mesh Canopy sprays 1264.
23:00:32 | INFO: Draco encoder: Encoding mesh Canopy sprays 1265.
23:00:32 | INFO: Draco encoder: Encoding mesh Canopy sprays 1266.
23:00:32 | INFO: Draco encoder: Encoding mesh Canopy sprays 1267.
23:00:32 | INFO: Draco encoder: Encoding mesh Canopy sprays 1268.
23:00:32 | INFO: Draco encoder: Encoding mesh Canopy sprays 1269.
23:00:32 | INFO: Draco encoder: Encoding mesh Canopy sprays 1270.
23:00:32 | INFO: Draco encoder: Encoding mesh Canopy sprays 1271.
23:00:32 | INFO: Draco encoder: Encoding mesh Canopy sprays 1272.
23:00:32 | INFO: Draco encoder: Encoding mesh Canopy sprays 1273.
23:00:32 | INFO: Draco encoder: Encoding mesh Canopy sprays 1274.
23:00:32 | INFO: Draco encoder: Encoding mesh Canopy sprays 1275.
23:00:32 | INFO: Draco encoder: Encoding mesh Canopy sprays 1276.
23:00:32 | INFO: Draco encoder: Encoding mesh Canopy sprays 1277.
23:00:32 | INFO: Draco encoder: Encoding mesh Canopy sprays 1278.
23:00:32 | INFO: Draco encoder: Encoding mesh Canopy sprays 1279.
23:00:32 | INFO: Draco encoder: Encoding mesh Canopy sprays 1280.
23:00:32 | INFO: Draco encoder: Encoding mesh Canopy sprays 1281.
23:00:32 | INFO: Draco encoder: Encoding mesh Canopy sprays 1282.
23:00:32 | INFO: Draco encoder: Encoding mesh Canopy sprays 1283.
23:00:32 | INFO: Draco encoder: Encoding mesh Canopy sprays 1284.
23:00:32 | INFO: Draco encoder: Encoding mesh Canopy sprays 1285.
23:00:32 | INFO: Draco encoder: Encoding mesh Canopy sprays 1286.
23:00:32 | INFO: Draco encoder: Encoding mesh Canopy sprays 1287.
23:00:32 | INFO: Draco encoder: Encoding mesh Canopy sprays 1288.
23:00:32 | INFO: Draco encoder: Encoding mesh Canopy sprays 1289.
23:00:32 | INFO: Draco encoder: Encoding mesh Canopy sprays 1290.
23:00:32 | INFO: Draco encoder: Encoding mesh Canopy sprays 1291.
23:00:32 | INFO: Draco encoder: Encoding mesh Canopy sprays 1292.
23:00:32 | INFO: Draco encoder: Encoding mesh Canopy sprays 1293.
23:00:32 | INFO: Draco encoder: Encoding mesh Canopy sprays 1294.
23:00:32 | INFO: Draco encoder: Encoding mesh Canopy sprays 1295.
23:00:32 | INFO: Draco encoder: Encoding mesh Canopy sprays 1296.
23:00:32 | INFO: Draco encoder: Encoding mesh Canopy sprays 1297.
23:00:32 | INFO: Draco encoder: Encoding mesh Canopy sprays 1298.
23:00:32 | INFO: Draco encoder: Encoding mesh Canopy sprays 1299.
23:00:32 | INFO: Draco encoder: Encoding mesh Canopy sprays 1300.
23:00:32 | INFO: Draco encoder: Encoding mesh Canopy sprays 1301.
23:00:32 | INFO: Draco encoder: Encoding mesh Canopy sprays 1302.
23:00:32 | INFO: Draco encoder: Encoding mesh Canopy sprays 1303.
23:00:32 | INFO: Draco encoder: Encoding mesh Canopy sprays 1304.
23:00:32 | INFO: Draco encoder: Encoding mesh Canopy sprays 1305.
23:00:32 | INFO: Draco encoder: Encoding mesh Canopy sprays 1306.
23:00:32 | INFO: Draco encoder: Encoding mesh Canopy sprays 1307.
23:00:32 | INFO: Draco encoder: Encoding mesh Canopy sprays 1308.
23:00:32 | INFO: Draco encoder: Encoding mesh Canopy sprays 1309.
23:00:32 | INFO: Draco encoder: Encoding mesh Canopy sprays 1310.
23:00:32 | INFO: Draco encoder: Encoding mesh Canopy sprays 1311.
23:00:32 | INFO: Draco encoder: Encoding mesh Canopy sprays 1312.
23:00:32 | INFO: Draco encoder: Encoding mesh Canopy sprays 1313.
23:00:32 | INFO: Draco encoder: Encoding mesh Canopy sprays 1314.
23:00:32 | INFO: Draco encoder: Encoding mesh Canopy sprays 1315.
23:00:32 | INFO: Draco encoder: Encoding mesh Canopy sprays 1316.
23:00:32 | INFO: Draco encoder: Encoding mesh Canopy sprays 1317.
23:00:32 | INFO: Draco encoder: Encoding mesh Canopy sprays 1318.
23:00:32 | INFO: Draco encoder: Encoding mesh Canopy sprays 1319.
23:00:32 | INFO: Draco encoder: Encoding mesh Canopy sprays 1320.
23:00:32 | INFO: Draco encoder: Encoding mesh Canopy sprays 1321.
23:00:32 | INFO: Draco encoder: Encoding mesh Canopy sprays 1322.
23:00:32 | INFO: Draco encoder: Encoding mesh Canopy sprays 1323.
23:00:32 | INFO: Draco encoder: Encoding mesh Canopy sprays 1324.
23:00:32 | INFO: Draco encoder: Encoding mesh Canopy sprays 1325.
23:00:32 | INFO: Draco encoder: Encoding mesh Canopy sprays 1326.
23:00:32 | INFO: Draco encoder: Encoding mesh Canopy sprays 1327.
23:00:32 | INFO: Draco encoder: Encoding mesh Canopy sprays 1328.
23:00:32 | INFO: Draco encoder: Encoding mesh Canopy sprays 1329.
23:00:32 | INFO: Draco encoder: Encoding mesh Canopy sprays 1330.
23:00:32 | INFO: Draco encoder: Encoding mesh Canopy sprays 1331.
23:00:32 | INFO: Draco encoder: Encoding mesh Canopy sprays 1332.
23:00:32 | INFO: Draco encoder: Encoding mesh Canopy sprays 1333.
23:00:32 | INFO: Draco encoder: Encoding mesh Canopy sprays 1334.
23:00:32 | INFO: Draco encoder: Encoding mesh Canopy sprays 1335.
23:00:32 | INFO: Draco encoder: Encoding mesh Canopy sprays 1336.
23:00:32 | INFO: Draco encoder: Encoding mesh Canopy sprays 1337.
23:00:32 | INFO: Draco encoder: Encoding mesh Canopy sprays 1338.
23:00:32 | INFO: Draco encoder: Encoding mesh Canopy sprays 1339.
23:00:32 | INFO: Draco encoder: Encoding mesh Canopy sprays 1340.
23:00:32 | INFO: Draco encoder: Encoding mesh Canopy sprays 1341.
23:00:32 | INFO: Draco encoder: Encoding mesh Canopy sprays 1342.
23:00:32 | INFO: Draco encoder: Encoding mesh Canopy sprays 1343.
23:00:32 | INFO: Draco encoder: Encoding mesh Canopy sprays 1344.
23:00:32 | INFO: Draco encoder: Encoding mesh Canopy sprays 1345.
23:00:32 | INFO: Draco encoder: Encoding mesh Canopy sprays 1346.
23:00:32 | INFO: Draco encoder: Encoding mesh Canopy sprays 1347.
23:00:32 | INFO: Draco encoder: Encoding mesh Canopy sprays 1348.
23:00:32 | INFO: Draco encoder: Encoding mesh Canopy sprays 1349.
23:00:32 | INFO: Draco encoder: Encoding mesh Canopy sprays 1350.
23:00:32 | INFO: Draco encoder: Encoding mesh Canopy sprays 1351.
23:00:32 | INFO: Draco encoder: Encoding mesh Canopy sprays 1352.
23:00:32 | INFO: Draco encoder: Encoding mesh Canopy sprays 1353.
23:00:32 | INFO: Draco encoder: Encoding mesh Canopy sprays 1354.
23:00:32 | INFO: Draco encoder: Encoding mesh Canopy sprays 1355.
23:00:32 | INFO: Draco encoder: Encoding mesh Canopy sprays 1356.
23:00:32 | INFO: Draco encoder: Encoding mesh Canopy sprays 1357.
23:00:32 | INFO: Draco encoder: Encoding mesh Canopy sprays 1358.
23:00:32 | INFO: Draco encoder: Encoding mesh Canopy sprays 1359.
23:00:32 | INFO: Draco encoder: Encoding mesh Canopy sprays 1360.
23:00:32 | INFO: Draco encoder: Encoding mesh Canopy sprays 1361.
23:00:32 | INFO: Draco encoder: Encoding mesh Canopy sprays 1362.
23:00:32 | INFO: Draco encoder: Encoding mesh Canopy sprays 1363.
23:00:32 | INFO: Draco encoder: Encoding mesh Canopy sprays 1364.
23:00:32 | INFO: Draco encoder: Encoding mesh Canopy sprays 1365.
23:00:32 | INFO: Draco encoder: Encoding mesh Canopy sprays 1366.
23:00:32 | INFO: Draco encoder: Encoding mesh Canopy sprays 1367.
23:00:32 | INFO: Draco encoder: Encoding mesh Canopy sprays 1368.
23:00:32 | INFO: Draco encoder: Encoding mesh Canopy sprays 1369.
23:00:32 | INFO: Draco encoder: Encoding mesh Canopy sprays 1370.
23:00:32 | INFO: Draco encoder: Encoding mesh Canopy sprays 1371.
23:00:32 | INFO: Draco encoder: Encoding mesh Canopy sprays 1372.
23:00:32 | INFO: Draco encoder: Encoding mesh Canopy sprays 1373.
23:00:32 | INFO: Draco encoder: Encoding mesh Canopy sprays 1374.
23:00:32 | INFO: Draco encoder: Encoding mesh Canopy sprays 1375.
23:00:32 | INFO: Draco encoder: Encoding mesh Canopy sprays 1376.
23:00:32 | INFO: Draco encoder: Encoding mesh Canopy sprays 1377.
23:00:32 | INFO: Draco encoder: Encoding mesh Canopy sprays 1378.
23:00:32 | INFO: Draco encoder: Encoding mesh Canopy sprays 1379.
23:00:32 | INFO: Draco encoder: Encoding mesh Canopy sprays 1380.
23:00:32 | INFO: Draco encoder: Encoding mesh Canopy sprays 1381.
23:00:32 | INFO: Draco encoder: Encoding mesh Canopy sprays 1382.
23:00:32 | INFO: Draco encoder: Encoding mesh Canopy sprays 1383.
23:00:32 | INFO: Draco encoder: Encoding mesh Canopy sprays 1384.
23:00:32 | INFO: Draco encoder: Encoding mesh Canopy sprays 1385.
23:00:32 | INFO: Draco encoder: Encoding mesh Canopy sprays 1386.
23:00:32 | INFO: Draco encoder: Encoding mesh Canopy sprays 1387.
23:00:32 | INFO: Draco encoder: Encoding mesh Canopy sprays 1388.
23:00:32 | INFO: Draco encoder: Encoding mesh Canopy sprays 1389.
23:00:32 | INFO: Draco encoder: Encoding mesh Canopy sprays 1390.
23:00:32 | INFO: Draco encoder: Encoding mesh Canopy sprays 1391.
23:00:32 | INFO: Draco encoder: Encoding mesh Canopy sprays 1392.
23:00:32 | INFO: Draco encoder: Encoding mesh Canopy sprays 1393.
23:00:32 | INFO: Draco encoder: Encoding mesh Canopy sprays 1394.
23:00:32 | INFO: Draco encoder: Encoding mesh Canopy sprays 1395.
23:00:32 | INFO: Draco encoder: Encoding mesh Canopy sprays 1396.
23:00:32 | INFO: Draco encoder: Encoding mesh Canopy sprays 1397.
23:00:32 | INFO: Draco encoder: Encoding mesh Canopy sprays 1398.
23:00:32 | INFO: Draco encoder: Encoding mesh Canopy sprays 1399.
23:00:32 | INFO: Draco encoder: Encoding mesh Canopy sprays 1400.
23:00:32 | INFO: Draco encoder: Encoding mesh Canopy sprays 1401.
23:00:32 | INFO: Draco encoder: Encoding mesh Canopy sprays 1402.
23:00:32 | INFO: Draco encoder: Encoding mesh Canopy sprays 1403.
23:00:32 | INFO: Draco encoder: Encoding mesh Canopy sprays 1404.
23:00:32 | INFO: Draco encoder: Encoding mesh Canopy sprays 1405.
23:00:32 | INFO: Draco encoder: Encoding mesh Canopy sprays 1406.
23:00:32 | INFO: Draco encoder: Encoding mesh Canopy sprays 1407.
23:00:32 | INFO: Draco encoder: Encoding mesh Canopy sprays 1408.
23:00:32 | INFO: Draco encoder: Encoding mesh Canopy sprays 1409.
23:00:32 | INFO: Draco encoder: Encoding mesh Canopy sprays 1410.
23:00:32 | INFO: Draco encoder: Encoding mesh Canopy sprays 1411.
23:00:32 | INFO: Draco encoder: Encoding mesh Canopy sprays 1412.
23:00:32 | INFO: Draco encoder: Encoding mesh Canopy sprays 1413.
23:00:32 | INFO: Draco encoder: Encoding mesh Canopy sprays 1414.
23:00:32 | INFO: Draco encoder: Encoding mesh Canopy sprays 1415.
23:00:32 | INFO: Draco encoder: Encoding mesh Canopy sprays 1416.
23:00:32 | INFO: Draco encoder: Encoding mesh Canopy sprays 1417.
23:00:32 | INFO: Draco encoder: Encoding mesh Canopy sprays 1418.
23:00:32 | INFO: Draco encoder: Encoding mesh Canopy sprays 1419.
23:00:32 | INFO: Draco encoder: Encoding mesh Canopy sprays 1420.
23:00:32 | INFO: Draco encoder: Encoding mesh Canopy sprays 1421.
23:00:32 | INFO: Draco encoder: Encoding mesh Canopy sprays 1422.
23:00:32 | INFO: Draco encoder: Encoding mesh Canopy sprays 1423.
23:00:32 | INFO: Draco encoder: Encoding mesh Canopy sprays 1424.
23:00:32 | INFO: Draco encoder: Encoding mesh Canopy sprays 1425.
23:00:32 | INFO: Draco encoder: Encoding mesh Canopy sprays 1426.
23:00:32 | INFO: Draco encoder: Encoding mesh Canopy sprays 1427.
23:00:32 | INFO: Draco encoder: Encoding mesh Canopy sprays 1428.
23:00:32 | INFO: Draco encoder: Encoding mesh Canopy sprays 1429.
23:00:32 | INFO: Draco encoder: Encoding mesh Canopy sprays 1430.
23:00:32 | INFO: Draco encoder: Encoding mesh Canopy sprays 1431.
23:00:32 | INFO: Draco encoder: Encoding mesh Canopy sprays 1432.
23:00:32 | INFO: Draco encoder: Encoding mesh Canopy sprays 1433.
23:00:32 | INFO: Draco encoder: Encoding mesh Canopy sprays 1434.
23:00:32 | INFO: Draco encoder: Encoding mesh Canopy sprays 1435.
23:00:32 | INFO: Draco encoder: Encoding mesh Canopy sprays 1436.
23:00:32 | INFO: Draco encoder: Encoding mesh Canopy sprays 1437.
23:00:32 | INFO: Draco encoder: Encoding mesh Canopy sprays 1438.
23:00:32 | INFO: Draco encoder: Encoding mesh Canopy sprays 1439.
23:00:32 | INFO: Draco encoder: Encoding mesh Canopy sprays 1440.
23:00:32 | INFO: Draco encoder: Encoding mesh Canopy sprays 1441.
23:00:32 | INFO: Draco encoder: Encoding mesh Canopy sprays 1442.
23:00:32 | INFO: Draco encoder: Encoding mesh Canopy sprays 1443.
23:00:32 | INFO: Draco encoder: Encoding mesh Canopy sprays 1444.
23:00:32 | INFO: Draco encoder: Encoding mesh Canopy sprays 1445.
23:00:32 | INFO: Draco encoder: Encoding mesh Canopy sprays 1446.
23:00:32 | INFO: Draco encoder: Encoding mesh Canopy sprays 1447.
23:00:32 | INFO: Draco encoder: Encoding mesh Canopy sprays 1448.
23:00:32 | INFO: Draco encoder: Encoding mesh Canopy sprays 1449.
23:00:32 | INFO: Draco encoder: Encoding mesh Canopy sprays 1450.
23:00:32 | INFO: Draco encoder: Encoding mesh Canopy sprays 1451.
23:00:32 | INFO: Draco encoder: Encoding mesh Canopy sprays 1452.
23:00:32 | INFO: Draco encoder: Encoding mesh Canopy sprays 1453.
23:00:32 | INFO: Draco encoder: Encoding mesh Canopy sprays 1454.
23:00:32 | INFO: Draco encoder: Encoding mesh Canopy sprays 1455.
23:00:32 | INFO: Draco encoder: Encoding mesh Canopy sprays 1456.
23:00:32 | INFO: Draco encoder: Encoding mesh Canopy sprays 1457.
23:00:32 | INFO: Draco encoder: Encoding mesh Canopy sprays 1458.
23:00:32 | INFO: Draco encoder: Encoding mesh Canopy sprays 1459.
23:00:32 | INFO: Draco encoder: Encoding mesh Canopy sprays 1460.
23:00:32 | INFO: Draco encoder: Encoding mesh Canopy sprays 1461.
23:00:32 | INFO: Draco encoder: Encoding mesh Canopy sprays 1462.
23:00:32 | INFO: Draco encoder: Encoding mesh Canopy sprays 1463.
23:00:32 | INFO: Draco encoder: Encoding mesh Canopy sprays 1464.
23:00:32 | INFO: Draco encoder: Encoding mesh Canopy sprays 1465.
23:00:32 | INFO: Draco encoder: Encoding mesh Canopy sprays 1466.
23:00:32 | INFO: Draco encoder: Encoding mesh Canopy sprays 1467.
23:00:32 | INFO: Draco encoder: Encoding mesh Canopy sprays 1468.
23:00:32 | INFO: Draco encoder: Encoding mesh Canopy sprays 1469.
23:00:32 | INFO: Draco encoder: Encoding mesh Canopy sprays 1470.
23:00:32 | INFO: Draco encoder: Encoding mesh Canopy sprays 1471.
23:00:32 | INFO: Draco encoder: Encoding mesh Canopy sprays 1472.
23:00:32 | INFO: Draco encoder: Encoding mesh Canopy sprays 1473.
23:00:32 | INFO: Draco encoder: Encoding mesh Canopy sprays 1474.
23:00:32 | INFO: Draco encoder: Encoding mesh Canopy sprays 1475.
23:00:32 | INFO: Draco encoder: Encoding mesh Canopy sprays 1476.
23:00:32 | INFO: Draco encoder: Encoding mesh Canopy sprays 1477.
23:00:32 | INFO: Draco encoder: Encoding mesh Canopy sprays 1478.
23:00:32 | INFO: Draco encoder: Encoding mesh Canopy sprays 1479.
23:00:32 | INFO: Draco encoder: Encoding mesh Canopy sprays 1480.
23:00:32 | INFO: Draco encoder: Encoding mesh Canopy sprays 1481.
23:00:32 | INFO: Draco encoder: Encoding mesh Canopy sprays 1482.
23:00:32 | INFO: Draco encoder: Encoding mesh Canopy sprays 1483.
23:00:32 | INFO: Draco encoder: Encoding mesh Canopy sprays 1484.
23:00:32 | INFO: Draco encoder: Encoding mesh Canopy sprays 1485.
23:00:32 | INFO: Draco encoder: Encoding mesh Canopy sprays 1486.
23:00:32 | INFO: Draco encoder: Encoding mesh Canopy sprays 1487.
23:00:32 | INFO: Draco encoder: Encoding mesh Canopy sprays 1488.
23:00:32 | INFO: Draco encoder: Encoding mesh Canopy sprays 1489.
23:00:32 | INFO: Draco encoder: Encoding mesh Canopy sprays 1490.
23:00:32 | INFO: Draco encoder: Encoding mesh Canopy sprays 1491.
23:00:32 | INFO: Draco encoder: Encoding mesh Canopy sprays 1492.
23:00:32 | INFO: Draco encoder: Encoding mesh Canopy sprays 1493.
23:00:32 | INFO: Draco encoder: Encoding mesh Canopy sprays 1494.
23:00:32 | INFO: Draco encoder: Encoding mesh Canopy sprays 1495.
23:00:32 | INFO: Draco encoder: Encoding mesh Canopy sprays 1496.
23:00:32 | INFO: Draco encoder: Encoding mesh Canopy sprays 1497.
23:00:32 | INFO: Draco encoder: Encoding mesh Canopy sprays 1498.
23:00:32 | INFO: Draco encoder: Encoding mesh Canopy sprays 1499.
23:00:32 | INFO: Draco encoder: Encoding mesh Canopy sprays 1500.
23:00:32 | INFO: Draco encoder: Encoding mesh Canopy sprays 1501.
23:00:32 | INFO: Draco encoder: Encoding mesh Canopy sprays 1502.
23:00:32 | INFO: Draco encoder: Encoding mesh Canopy sprays 1503.
23:00:32 | INFO: Draco encoder: Encoding mesh Canopy sprays 1504.
23:00:32 | INFO: Draco encoder: Encoding mesh Canopy sprays 1505.
23:00:32 | INFO: Draco encoder: Encoding mesh Canopy sprays 1506.
23:00:32 | INFO: Draco encoder: Encoding mesh Canopy sprays 1507.
23:00:32 | INFO: Draco encoder: Encoding mesh Canopy sprays 1508.
23:00:32 | INFO: Draco encoder: Encoding mesh Canopy sprays 1509.
23:00:32 | INFO: Draco encoder: Encoding mesh Canopy sprays 1510.
23:00:32 | INFO: Draco encoder: Encoding mesh Canopy sprays 1511.
23:00:32 | INFO: Draco encoder: Encoding mesh Canopy sprays 1512.
23:00:32 | INFO: Draco encoder: Encoding mesh Canopy sprays 1513.
23:00:32 | INFO: Draco encoder: Encoding mesh Canopy sprays 1514.
23:00:32 | INFO: Draco encoder: Encoding mesh Canopy sprays 1515.
23:00:32 | INFO: Draco encoder: Encoding mesh Canopy sprays 1516.
23:00:32 | INFO: Draco encoder: Encoding mesh Canopy sprays 1517.
23:00:32 | INFO: Draco encoder: Encoding mesh Canopy sprays 1518.
23:00:32 | INFO: Draco encoder: Encoding mesh Canopy sprays 1519.
23:00:32 | INFO: Draco encoder: Encoding mesh Canopy sprays 1520.
23:00:32 | INFO: Draco encoder: Encoding mesh Canopy sprays 1521.
23:00:32 | INFO: Draco encoder: Encoding mesh Canopy sprays 1522.
23:00:32 | INFO: Draco encoder: Encoding mesh Canopy sprays 1523.
23:00:32 | INFO: Draco encoder: Encoding mesh Canopy sprays 1524.
23:00:32 | INFO: Draco encoder: Encoding mesh Canopy sprays 1525.
23:00:32 | INFO: Draco encoder: Encoding mesh Canopy sprays 1526.
23:00:32 | INFO: Draco encoder: Encoding mesh Canopy sprays 1527.
23:00:32 | INFO: Draco encoder: Encoding mesh Canopy sprays 1528.
23:00:32 | INFO: Draco encoder: Encoding mesh Canopy sprays 1529.
23:00:32 | INFO: Draco encoder: Encoding mesh Canopy sprays 1530.
23:00:32 | INFO: Draco encoder: Encoding mesh Canopy sprays 1531.
23:00:32 | INFO: Draco encoder: Encoding mesh Canopy sprays 1532.
23:00:32 | INFO: Draco encoder: Encoding mesh Canopy sprays 1533.
23:00:32 | INFO: Draco encoder: Encoding mesh Canopy sprays 1534.
23:00:32 | INFO: Draco encoder: Encoding mesh Canopy sprays 1535.
23:00:32 | INFO: Draco encoder: Encoding mesh Canopy sprays 1536.
23:00:32 | INFO: Draco encoder: Encoding mesh Canopy sprays 1537.
23:00:32 | INFO: Draco encoder: Encoding mesh Canopy sprays 1538.
23:00:32 | INFO: Draco encoder: Encoding mesh Canopy sprays 1539.
23:00:32 | INFO: Draco encoder: Encoding mesh Canopy sprays 1540.
23:00:32 | INFO: Draco encoder: Encoding mesh Canopy sprays 1541.
23:00:32 | INFO: Draco encoder: Encoding mesh Canopy sprays 1542.
23:00:32 | INFO: Draco encoder: Encoding mesh Canopy sprays 1543.
23:00:32 | INFO: Draco encoder: Encoding mesh Canopy sprays 1544.
23:00:32 | INFO: Draco encoder: Encoding mesh Canopy sprays 1545.
23:00:32 | INFO: Draco encoder: Encoding mesh Canopy sprays 1546.
23:00:32 | INFO: Draco encoder: Encoding mesh Canopy sprays 1547.
23:00:32 | INFO: Draco encoder: Encoding mesh Canopy sprays 1548.
23:00:32 | INFO: Draco encoder: Encoding mesh Canopy sprays 1549.
23:00:32 | INFO: Draco encoder: Encoding mesh Canopy sprays 1550.
23:00:32 | INFO: Draco encoder: Encoding mesh Canopy sprays 1551.
23:00:32 | INFO: Draco encoder: Encoding mesh Canopy sprays 1552.
23:00:32 | INFO: Draco encoder: Encoding mesh Canopy sprays 1553.
23:00:32 | INFO: Draco encoder: Encoding mesh Canopy sprays 1554.
23:00:32 | INFO: Draco encoder: Encoding mesh Canopy sprays 1555.
23:00:32 | INFO: Draco encoder: Encoding mesh Canopy sprays 1556.
23:00:32 | INFO: Draco encoder: Encoding mesh Canopy sprays 1557.
23:00:32 | INFO: Draco encoder: Encoding mesh Canopy sprays 1558.
23:00:32 | INFO: Draco encoder: Encoding mesh Canopy sprays 1559.
23:00:32 | INFO: Draco encoder: Encoding mesh Canopy sprays 1560.
23:00:32 | INFO: Draco encoder: Encoding mesh Canopy sprays 1561.
23:00:32 | INFO: Draco encoder: Encoding mesh Canopy sprays 1562.
23:00:32 | INFO: Draco encoder: Encoding mesh Canopy sprays 1563.
23:00:32 | INFO: Draco encoder: Encoding mesh Canopy sprays 1564.
23:00:32 | INFO: Draco encoder: Encoding mesh Canopy sprays 1565.
23:00:32 | INFO: Draco encoder: Encoding mesh Canopy sprays 1566.
23:00:32 | INFO: Draco encoder: Encoding mesh Canopy sprays 1567.
23:00:32 | INFO: Draco encoder: Encoding mesh Canopy sprays 1568.
23:00:32 | INFO: Draco encoder: Encoding mesh Canopy sprays 1569.
23:00:32 | INFO: Draco encoder: Encoding mesh Canopy sprays 1570.
23:00:32 | INFO: Draco encoder: Encoding mesh Canopy sprays 1571.
23:00:32 | INFO: Draco encoder: Encoding mesh Canopy sprays 1572.
23:00:32 | INFO: Draco encoder: Encoding mesh Canopy sprays 1573.
23:00:32 | INFO: Draco encoder: Encoding mesh Canopy sprays 1574.
23:00:32 | INFO: Draco encoder: Encoding mesh Canopy sprays 1575.
23:00:32 | INFO: Draco encoder: Encoding mesh Canopy sprays 1576.
23:00:32 | INFO: Draco encoder: Encoding mesh Canopy sprays 1577.
23:00:32 | INFO: Draco encoder: Encoding mesh Canopy sprays 1578.
23:00:32 | INFO: Draco encoder: Encoding mesh Canopy sprays 1579.
23:00:32 | INFO: Draco encoder: Encoding mesh Canopy sprays 1580.
23:00:32 | INFO: Draco encoder: Encoding mesh Canopy sprays 1581.
23:00:32 | INFO: Draco encoder: Encoding mesh Canopy sprays 1582.
23:00:32 | INFO: Draco encoder: Encoding mesh Canopy sprays 1583.
23:00:32 | INFO: Draco encoder: Encoding mesh Canopy sprays 1584.
23:00:32 | INFO: Draco encoder: Encoding mesh Canopy sprays 1585.
23:00:32 | INFO: Draco encoder: Encoding mesh Canopy sprays 1586.
23:00:32 | INFO: Draco encoder: Encoding mesh Canopy sprays 1587.
23:00:32 | INFO: Draco encoder: Encoding mesh Canopy sprays 1588.
23:00:32 | INFO: Draco encoder: Encoding mesh Canopy sprays 1589.
23:00:32 | INFO: Draco encoder: Encoding mesh Canopy sprays 1590.
23:00:32 | INFO: Draco encoder: Encoding mesh Canopy sprays 1591.
23:00:32 | INFO: Draco encoder: Encoding mesh Canopy sprays 1592.
23:00:32 | INFO: Draco encoder: Encoding mesh Canopy sprays 1593.
23:00:32 | INFO: Draco encoder: Encoding mesh Canopy sprays 1594.
23:00:32 | INFO: Draco encoder: Encoding mesh Canopy sprays 1595.
23:00:32 | INFO: Draco encoder: Encoding mesh Canopy sprays 1596.
23:00:32 | INFO: Draco encoder: Encoding mesh Canopy sprays 1597.
23:00:32 | INFO: Draco encoder: Encoding mesh Canopy sprays 1598.
23:00:32 | INFO: Draco encoder: Encoding mesh Canopy sprays 1599.
23:00:32 | INFO: Draco encoder: Encoding mesh Canopy sprays 1600.
23:00:32 | INFO: Draco encoder: Encoding mesh Canopy sprays 1601.
23:00:32 | INFO: Draco encoder: Encoding mesh Canopy sprays 1602.
23:00:32 | INFO: Draco encoder: Encoding mesh Canopy sprays 1603.
23:00:32 | INFO: Draco encoder: Encoding mesh Canopy sprays 1604.
23:00:32 | INFO: Draco encoder: Encoding mesh Canopy sprays 1605.
23:00:32 | INFO: Draco encoder: Encoding mesh Canopy sprays 1606.
23:00:32 | INFO: Draco encoder: Encoding mesh Canopy sprays 1607.
23:00:32 | INFO: Draco encoder: Encoding mesh Canopy sprays 1608.
23:00:32 | INFO: Draco encoder: Encoding mesh Canopy sprays 1609.
23:00:32 | INFO: Draco encoder: Encoding mesh Canopy sprays 1610.
23:00:32 | INFO: Draco encoder: Encoding mesh Canopy sprays 1611.
23:00:32 | INFO: Draco encoder: Encoding mesh Canopy sprays 1612.
23:00:32 | INFO: Draco encoder: Encoding mesh Canopy sprays 1613.
23:00:32 | INFO: Draco encoder: Encoding mesh Canopy sprays 1614.
23:00:32 | INFO: Draco encoder: Encoding mesh Canopy sprays 1615.
23:00:32 | INFO: Draco encoder: Encoding mesh Canopy sprays 1616.
23:00:32 | INFO: Draco encoder: Encoding mesh Canopy sprays 1617.
23:00:32 | INFO: Draco encoder: Encoding mesh Canopy sprays 1618.
23:00:32 | INFO: Draco encoder: Encoding mesh Canopy sprays 1619.
23:00:32 | INFO: Draco encoder: Encoding mesh Canopy sprays 1620.
23:00:32 | INFO: Draco encoder: Encoding mesh Canopy sprays 1621.
23:00:32 | INFO: Draco encoder: Encoding mesh Canopy sprays 1622.
23:00:32 | INFO: Draco encoder: Encoding mesh Canopy sprays 1623.
23:00:32 | INFO: Draco encoder: Encoding mesh Canopy sprays 1624.
23:00:32 | INFO: Draco encoder: Encoding mesh Canopy sprays 1625.
23:00:32 | INFO: Draco encoder: Encoding mesh Canopy sprays 1626.
23:00:32 | INFO: Draco encoder: Encoding mesh Canopy sprays 1627.
23:00:32 | INFO: Draco encoder: Encoding mesh Canopy sprays 1628.
23:00:32 | INFO: Draco encoder: Encoding mesh Canopy sprays 1629.
23:00:32 | INFO: Draco encoder: Encoding mesh Canopy sprays 1630.
23:00:32 | INFO: Draco encoder: Encoding mesh Canopy sprays 1631.
23:00:32 | INFO: Draco encoder: Encoding mesh Canopy sprays 1632.
23:00:32 | INFO: Draco encoder: Encoding mesh Canopy sprays 1633.
23:00:32 | INFO: Draco encoder: Encoding mesh Canopy sprays 1634.
23:00:32 | INFO: Draco encoder: Encoding mesh Canopy sprays 1635.
23:00:32 | INFO: Draco encoder: Encoding mesh Canopy sprays 1636.
23:00:32 | INFO: Draco encoder: Encoding mesh Canopy sprays 1637.
23:00:32 | INFO: Draco encoder: Encoding mesh Canopy sprays 1638.
23:00:32 | INFO: Draco encoder: Encoding mesh Canopy sprays 1639.
23:00:32 | INFO: Draco encoder: Encoding mesh Canopy sprays 1640.
23:00:32 | INFO: Draco encoder: Encoding mesh Canopy sprays 1641.
23:00:32 | INFO: Draco encoder: Encoding mesh Canopy sprays 1642.
23:00:32 | INFO: Draco encoder: Encoding mesh Canopy sprays 1643.
23:00:32 | INFO: Draco encoder: Encoding mesh Canopy sprays 1644.
23:00:32 | INFO: Draco encoder: Encoding mesh Canopy sprays 1645.
23:00:32 | INFO: Draco encoder: Encoding mesh Canopy sprays 1646.
23:00:32 | INFO: Draco encoder: Encoding mesh Canopy sprays 1647.
23:00:32 | INFO: Draco encoder: Encoding mesh Canopy sprays 1648.
23:00:32 | INFO: Draco encoder: Encoding mesh Canopy sprays 1649.
23:00:32 | INFO: Draco encoder: Encoding mesh Canopy sprays 1650.
23:00:32 | INFO: Draco encoder: Encoding mesh Canopy sprays 1651.
23:00:32 | INFO: Draco encoder: Encoding mesh Canopy sprays 1652.
23:00:32 | INFO: Draco encoder: Encoding mesh Canopy sprays 1653.
23:00:32 | INFO: Draco encoder: Encoding mesh Canopy sprays 1654.
23:00:32 | INFO: Draco encoder: Encoding mesh Canopy sprays 1655.
23:00:32 | INFO: Draco encoder: Encoding mesh Canopy sprays 1656.
23:00:32 | INFO: Draco encoder: Encoding mesh Canopy sprays 1657.
23:00:32 | INFO: Draco encoder: Encoding mesh Canopy sprays 1658.
23:00:32 | INFO: Draco encoder: Encoding mesh Canopy sprays 1659.
23:00:32 | INFO: Draco encoder: Encoding mesh Canopy sprays 1660.
23:00:32 | INFO: Draco encoder: Encoding mesh Canopy sprays 1661.
23:00:32 | INFO: Draco encoder: Encoding mesh Canopy sprays 1662.
23:00:32 | INFO: Draco encoder: Encoding mesh Canopy sprays 1663.
23:00:32 | INFO: Draco encoder: Encoding mesh Canopy sprays 1664.
23:00:32 | INFO: Draco encoder: Encoding mesh Canopy sprays 1665.
23:00:32 | INFO: Draco encoder: Encoding mesh Canopy sprays 1666.
23:00:32 | INFO: Draco encoder: Encoding mesh Canopy sprays 1667.
23:00:32 | INFO: Draco encoder: Encoding mesh Canopy sprays 1668.
23:00:32 | INFO: Draco encoder: Encoding mesh Canopy sprays 1669.
23:00:32 | INFO: Draco encoder: Encoding mesh Canopy sprays 1670.
23:00:32 | INFO: Draco encoder: Encoding mesh Canopy sprays 1671.
23:00:32 | INFO: Draco encoder: Encoding mesh Canopy sprays 1672.
23:00:32 | INFO: Draco encoder: Encoding mesh Canopy sprays 1673.
23:00:32 | INFO: Draco encoder: Encoding mesh Canopy sprays 1674.
23:00:32 | INFO: Draco encoder: Encoding mesh Canopy sprays 1675.
23:00:32 | INFO: Draco encoder: Encoding mesh Canopy sprays 1676.
23:00:32 | INFO: Draco encoder: Encoding mesh Canopy sprays 1677.
23:00:32 | INFO: Draco encoder: Encoding mesh Canopy sprays 1678.
23:00:32 | INFO: Draco encoder: Encoding mesh Canopy sprays 1679.
23:00:32 | INFO: Draco encoder: Encoding mesh Canopy sprays 1680.
23:00:32 | INFO: Draco encoder: Encoding mesh Canopy sprays 1681.
23:00:32 | INFO: Draco encoder: Encoding mesh Canopy sprays 1682.
23:00:32 | INFO: Draco encoder: Encoding mesh Canopy sprays 1683.
23:00:32 | INFO: Draco encoder: Encoding mesh Canopy sprays 1684.
23:00:32 | INFO: Draco encoder: Encoding mesh Canopy sprays 1685.
23:00:32 | INFO: Draco encoder: Encoding mesh Canopy sprays 1686.
23:00:32 | INFO: Draco encoder: Encoding mesh Canopy sprays 1687.
23:00:32 | INFO: Draco encoder: Encoding mesh Canopy sprays 1688.
23:00:32 | INFO: Draco encoder: Encoding mesh Canopy sprays 1689.
23:00:32 | INFO: Draco encoder: Encoding mesh Canopy sprays 1690.
23:00:32 | INFO: Draco encoder: Encoding mesh Canopy sprays 1691.
23:00:32 | INFO: Draco encoder: Encoding mesh Canopy sprays 1692.
23:00:32 | INFO: Draco encoder: Encoding mesh Canopy sprays 1693.
23:00:32 | INFO: Draco encoder: Encoding mesh Canopy sprays 1694.
23:00:32 | INFO: Draco encoder: Encoding mesh Canopy sprays 1695.
23:00:32 | INFO: Draco encoder: Encoding mesh Canopy sprays 1696.
23:00:32 | INFO: Draco encoder: Encoding mesh Canopy sprays 1697.
23:00:32 | INFO: Draco encoder: Encoding mesh Canopy sprays 1698.
23:00:32 | INFO: Draco encoder: Encoding mesh Canopy sprays 1699.
23:00:32 | INFO: Draco encoder: Encoding mesh Canopy sprays 1700.
23:00:32 | INFO: Draco encoder: Encoding mesh Canopy sprays 1701.
23:00:32 | INFO: Draco encoder: Encoding mesh Canopy sprays 1702.
23:00:32 | INFO: Draco encoder: Encoding mesh Canopy sprays 1703.
23:00:32 | INFO: Draco encoder: Encoding mesh Canopy sprays 1704.
23:00:32 | INFO: Draco encoder: Encoding mesh Canopy sprays 1705.
23:00:32 | INFO: Draco encoder: Encoding mesh Canopy sprays 1706.
23:00:32 | INFO: Draco encoder: Encoding mesh Canopy sprays 1707.
23:00:32 | INFO: Draco encoder: Encoding mesh Canopy sprays 1708.
23:00:32 | INFO: Draco encoder: Encoding mesh Canopy sprays 1709.
23:00:32 | INFO: Draco encoder: Encoding mesh Canopy sprays 1710.
23:00:32 | INFO: Draco encoder: Encoding mesh Canopy sprays 1711.
23:00:32 | INFO: Draco encoder: Encoding mesh Canopy sprays 1712.
23:00:32 | INFO: Draco encoder: Encoding mesh Canopy sprays 1713.
23:00:32 | INFO: Draco encoder: Encoding mesh Canopy sprays 1714.
23:00:32 | INFO: Draco encoder: Encoding mesh Canopy sprays 1715.
23:00:32 | INFO: Draco encoder: Encoding mesh Canopy sprays 1716.
23:00:32 | INFO: Draco encoder: Encoding mesh Canopy sprays 1717.
23:00:32 | INFO: Draco encoder: Encoding mesh Canopy sprays 1718.
23:00:32 | INFO: Draco encoder: Encoding mesh Canopy sprays 1719.
23:00:32 | INFO: Draco encoder: Encoding mesh Canopy sprays 1720.
23:00:32 | INFO: Draco encoder: Encoding mesh Canopy sprays 1721.
23:00:32 | INFO: Draco encoder: Encoding mesh Canopy sprays 1722.
23:00:32 | INFO: Draco encoder: Encoding mesh Canopy sprays 1723.
23:00:32 | INFO: Draco encoder: Encoding mesh Canopy sprays 1724.
23:00:32 | INFO: Draco encoder: Encoding mesh Canopy sprays 1725.
23:00:32 | INFO: Draco encoder: Encoding mesh Canopy sprays 1726.
23:00:32 | INFO: Draco encoder: Encoding mesh Canopy sprays 1727.
23:00:32 | INFO: Draco encoder: Encoding mesh Canopy sprays 1728.
23:00:32 | INFO: Draco encoder: Encoding mesh Canopy sprays 1729.
23:00:32 | INFO: Draco encoder: Encoding mesh Canopy sprays 1730.
23:00:32 | INFO: Draco encoder: Encoding mesh Canopy sprays 1731.
23:00:32 | INFO: Draco encoder: Encoding mesh Canopy sprays 1732.
23:00:32 | INFO: Draco encoder: Encoding mesh Canopy sprays 1733.
23:00:32 | INFO: Draco encoder: Encoding mesh Canopy sprays 1734.
23:00:32 | INFO: Draco encoder: Encoding mesh Canopy sprays 1735.
23:00:32 | INFO: Draco encoder: Encoding mesh Canopy sprays 1736.
23:00:32 | INFO: Draco encoder: Encoding mesh Canopy sprays 1737.
23:00:32 | INFO: Draco encoder: Encoding mesh Canopy sprays 1738.
23:00:32 | INFO: Draco encoder: Encoding mesh Canopy sprays 1739.
23:00:32 | INFO: Draco encoder: Encoding mesh Canopy sprays 1740.
23:00:32 | INFO: Draco encoder: Encoding mesh Canopy sprays 1741.
23:00:32 | INFO: Draco encoder: Encoding mesh Canopy sprays 1742.
23:00:32 | INFO: Draco encoder: Encoding mesh Canopy sprays 1743.
23:00:32 | INFO: Draco encoder: Encoding mesh Canopy sprays 1744.
23:00:32 | INFO: Draco encoder: Encoding mesh Canopy sprays 1745.
23:00:32 | INFO: Draco encoder: Encoding mesh Canopy sprays 1746.
23:00:32 | INFO: Draco encoder: Encoding mesh Canopy sprays 1747.
23:00:32 | INFO: Draco encoder: Encoding mesh Canopy sprays 1748.
23:00:32 | INFO: Draco encoder: Encoding mesh Canopy sprays 1749.
23:00:32 | INFO: Draco encoder: Encoding mesh Canopy sprays 1750.
23:00:32 | INFO: Draco encoder: Encoding mesh Canopy sprays 1751.
23:00:32 | INFO: Draco encoder: Encoding mesh Canopy sprays 1752.
23:00:32 | INFO: Draco encoder: Encoding mesh Canopy sprays 1753.
23:00:32 | INFO: Draco encoder: Encoding mesh Canopy sprays 1754.
23:00:32 | INFO: Draco encoder: Encoding mesh Canopy sprays 1755.
23:00:32 | INFO: Draco encoder: Encoding mesh Canopy sprays 1756.
23:00:32 | INFO: Draco encoder: Encoding mesh Canopy sprays 1757.
23:00:32 | INFO: Draco encoder: Encoding mesh Canopy sprays 1758.
23:00:32 | INFO: Draco encoder: Encoding mesh Canopy sprays 1759.
23:00:32 | INFO: Draco encoder: Encoding mesh Canopy sprays 1760.
23:00:32 | INFO: Draco encoder: Encoding mesh Canopy sprays 1761.
23:00:32 | INFO: Draco encoder: Encoding mesh Canopy sprays 1762.
23:00:32 | INFO: Draco encoder: Encoding mesh Canopy sprays 1763.
23:00:32 | INFO: Draco encoder: Encoding mesh Canopy sprays 1764.
23:00:32 | INFO: Draco encoder: Encoding mesh Canopy sprays 1765.
23:00:32 | INFO: Draco encoder: Encoding mesh Canopy sprays 1766.
23:00:32 | INFO: Draco encoder: Encoding mesh Canopy sprays 1767.
23:00:32 | INFO: Draco encoder: Encoding mesh Canopy sprays 1768.
23:00:32 | INFO: Draco encoder: Encoding mesh Canopy sprays 1769.
23:00:32 | INFO: Draco encoder: Encoding mesh Canopy sprays 2390.
23:00:32 | INFO: Draco encoder: Encoding mesh Canopy sprays 2391.
23:00:32 | INFO: Draco encoder: Encoding mesh Canopy sprays 2392.
23:00:32 | INFO: Draco encoder: Encoding mesh Canopy sprays 2393.
23:00:32 | INFO: Draco encoder: Encoding mesh Canopy sprays 2394.
23:00:32 | INFO: Draco encoder: Encoding mesh Canopy sprays 2395.
23:00:32 | INFO: Draco encoder: Encoding mesh Canopy sprays 2396.
23:00:32 | INFO: Draco encoder: Encoding mesh Canopy sprays 2397.
23:00:32 | INFO: Draco encoder: Encoding mesh Canopy sprays 2398.
23:00:32 | INFO: Draco encoder: Encoding mesh Canopy sprays 2399.
23:00:32 | INFO: Draco encoder: Encoding mesh Canopy sprays 2400.
23:00:32 | INFO: Draco encoder: Encoding mesh Canopy sprays 2401.
23:00:32 | INFO: Draco encoder: Encoding mesh Canopy sprays 2402.
23:00:32 | INFO: Draco encoder: Encoding mesh Canopy sprays 2403.
23:00:32 | INFO: Draco encoder: Encoding mesh Canopy sprays 2404.
23:00:32 | INFO: Draco encoder: Encoding mesh Canopy sprays 2405.
23:00:32 | INFO: Draco encoder: Encoding mesh Canopy sprays 2406.
23:00:32 | INFO: Draco encoder: Encoding mesh Canopy sprays 2407.
23:00:32 | INFO: Draco encoder: Encoding mesh Canopy sprays 2408.
23:00:32 | INFO: Draco encoder: Encoding mesh Canopy sprays 2409.
23:00:32 | INFO: Draco encoder: Encoding mesh Canopy sprays 2410.
23:00:32 | INFO: Draco encoder: Encoding mesh Canopy sprays 2411.
23:00:32 | INFO: Draco encoder: Encoding mesh Canopy sprays 2412.
23:00:32 | INFO: Draco encoder: Encoding mesh Canopy sprays 2413.
23:00:32 | INFO: Draco encoder: Encoding mesh Canopy sprays 2414.
23:00:32 | INFO: Draco encoder: Encoding mesh Canopy sprays 2415.
23:00:32 | INFO: Draco encoder: Encoding mesh Canopy sprays 2416.
23:00:32 | INFO: Draco encoder: Encoding mesh Canopy sprays 2417.
23:00:32 | INFO: Draco encoder: Encoding mesh Canopy sprays 2418.
23:00:32 | INFO: Draco encoder: Encoding mesh Canopy sprays 2419.
23:00:32 | INFO: Draco encoder: Encoding mesh Canopy sprays 2420.
23:00:32 | INFO: Draco encoder: Encoding mesh Canopy sprays 2421.
23:00:32 | INFO: Draco encoder: Encoding mesh Canopy sprays 2422.
23:00:32 | INFO: Draco encoder: Encoding mesh Canopy sprays 2423.
23:00:32 | INFO: Draco encoder: Encoding mesh Canopy sprays 2424.
23:00:32 | INFO: Draco encoder: Encoding mesh Canopy sprays 2425.
23:00:32 | INFO: Draco encoder: Encoding mesh Canopy sprays 2426.
23:00:32 | INFO: Draco encoder: Encoding mesh Canopy sprays 2427.
23:00:32 | INFO: Draco encoder: Encoding mesh Canopy sprays 2428.
23:00:32 | INFO: Draco encoder: Encoding mesh Canopy sprays 2429.
23:00:32 | INFO: Draco encoder: Encoding mesh Canopy sprays 2430.
23:00:32 | INFO: Draco encoder: Encoding mesh Canopy sprays 2431.
23:00:32 | INFO: Draco encoder: Encoding mesh Canopy sprays 2432.
23:00:32 | INFO: Draco encoder: Encoding mesh Canopy sprays 2433.
23:00:32 | INFO: Draco encoder: Encoding mesh Canopy sprays 2434.
23:00:32 | INFO: Draco encoder: Encoding mesh Canopy sprays 2435.
23:00:32 | INFO: Draco encoder: Encoding mesh Canopy sprays 2436.
23:00:32 | INFO: Draco encoder: Encoding mesh Canopy sprays 2437.
23:00:32 | INFO: Draco encoder: Encoding mesh Canopy sprays 2438.
23:00:32 | INFO: Draco encoder: Encoding mesh Canopy sprays 2439.
23:00:32 | INFO: Draco encoder: Encoding mesh Canopy sprays 2440.
23:00:32 | INFO: Draco encoder: Encoding mesh Canopy sprays 2441.
23:00:32 | INFO: Draco encoder: Encoding mesh Canopy sprays 2442.
23:00:32 | INFO: Draco encoder: Encoding mesh Canopy sprays 2443.
23:00:32 | INFO: Draco encoder: Encoding mesh Canopy sprays 2444.
23:00:32 | INFO: Draco encoder: Encoding mesh Canopy sprays 2445.
23:00:32 | INFO: Draco encoder: Encoding mesh Canopy sprays 2446.
23:00:32 | INFO: Draco encoder: Encoding mesh Canopy sprays 2447.
23:00:32 | INFO: Draco encoder: Encoding mesh Canopy sprays 2448.
23:00:32 | INFO: Draco encoder: Encoding mesh Canopy sprays 2449.
23:00:32 | INFO: Draco encoder: Encoding mesh Canopy sprays 2450.
23:00:32 | INFO: Draco encoder: Encoding mesh Canopy sprays 2451.
23:00:32 | INFO: Draco encoder: Encoding mesh Canopy sprays 2452.
23:00:32 | INFO: Draco encoder: Encoding mesh Canopy sprays 2453.
23:00:32 | INFO: Draco encoder: Encoding mesh Canopy sprays 2454.
23:00:32 | INFO: Draco encoder: Encoding mesh Canopy sprays 2455.
23:00:32 | INFO: Draco encoder: Encoding mesh Canopy sprays 2456.
23:00:32 | INFO: Draco encoder: Encoding mesh Canopy sprays 2457.
23:00:32 | INFO: Draco encoder: Encoding mesh Canopy sprays 2458.
23:00:32 | INFO: Draco encoder: Encoding mesh Canopy sprays 2459.
23:00:32 | INFO: Draco encoder: Encoding mesh Canopy sprays 2460.
23:00:32 | INFO: Draco encoder: Encoding mesh Canopy sprays 2461.
23:00:32 | INFO: Draco encoder: Encoding mesh Canopy sprays 2462.
23:00:32 | INFO: Draco encoder: Encoding mesh Canopy sprays 2463.
23:00:32 | INFO: Draco encoder: Encoding mesh Canopy sprays 2464.
23:00:32 | INFO: Draco encoder: Encoding mesh Canopy sprays 2465.
23:00:32 | INFO: Draco encoder: Encoding mesh Canopy sprays 2466.
23:00:32 | INFO: Draco encoder: Encoding mesh Canopy sprays 2467.
23:00:32 | INFO: Draco encoder: Encoding mesh Canopy sprays 2468.
23:00:32 | INFO: Draco encoder: Encoding mesh Canopy sprays 2469.
23:00:32 | INFO: Draco encoder: Encoding mesh Canopy sprays 2470.
23:00:32 | INFO: Draco encoder: Encoding mesh Canopy sprays 2471.
23:00:32 | INFO: Draco encoder: Encoding mesh Canopy sprays 2472.
23:00:32 | INFO: Draco encoder: Encoding mesh Canopy sprays 2473.
23:00:32 | INFO: Draco encoder: Encoding mesh Canopy sprays 2474.
23:00:32 | INFO: Draco encoder: Encoding mesh Canopy sprays 2475.
23:00:32 | INFO: Draco encoder: Encoding mesh Canopy sprays 2476.
23:00:32 | INFO: Draco encoder: Encoding mesh Canopy sprays 2477.
23:00:32 | INFO: Draco encoder: Encoding mesh Canopy sprays 2478.
23:00:32 | INFO: Draco encoder: Encoding mesh Canopy sprays 2479.
23:00:32 | INFO: Draco encoder: Encoding mesh Canopy sprays 2480.
23:00:32 | INFO: Draco encoder: Encoding mesh Canopy sprays 2481.
23:00:32 | INFO: Draco encoder: Encoding mesh Canopy sprays 2482.
23:00:32 | INFO: Draco encoder: Encoding mesh Canopy sprays 2483.
23:00:32 | INFO: Draco encoder: Encoding mesh Canopy sprays 2484.
23:00:32 | INFO: Draco encoder: Encoding mesh Canopy sprays 2485.
23:00:32 | INFO: Draco encoder: Encoding mesh Canopy sprays 2486.
23:00:32 | INFO: Draco encoder: Encoding mesh Canopy sprays 2487.
23:00:32 | INFO: Draco encoder: Encoding mesh Canopy sprays 2488.
23:00:32 | INFO: Draco encoder: Encoding mesh Canopy sprays 2489.
23:00:32 | INFO: Draco encoder: Encoding mesh Canopy sprays 2490.
23:00:32 | INFO: Draco encoder: Encoding mesh Canopy sprays 2491.
23:00:32 | INFO: Draco encoder: Encoding mesh Canopy sprays 2492.
23:00:32 | INFO: Draco encoder: Encoding mesh Canopy sprays 2493.
23:00:32 | INFO: Draco encoder: Encoding mesh Canopy sprays 2494.
23:00:32 | INFO: Draco encoder: Encoding mesh Canopy sprays 2495.
23:00:32 | INFO: Draco encoder: Encoding mesh Canopy sprays 2496.
23:00:32 | INFO: Draco encoder: Encoding mesh Canopy sprays 2497.
23:00:32 | INFO: Draco encoder: Encoding mesh Canopy sprays 2498.
23:00:32 | INFO: Draco encoder: Encoding mesh Canopy sprays 2499.
23:00:32 | INFO: Draco encoder: Encoding mesh Canopy sprays 2500.
23:00:32 | INFO: Draco encoder: Encoding mesh Canopy sprays 2501.
23:00:32 | INFO: Draco encoder: Encoding mesh Canopy sprays 2502.
23:00:32 | INFO: Draco encoder: Encoding mesh Canopy sprays 2503.
23:00:32 | INFO: Draco encoder: Encoding mesh Canopy sprays 2504.
23:00:32 | INFO: Draco encoder: Encoding mesh Canopy sprays 2505.
23:00:32 | INFO: Draco encoder: Encoding mesh Canopy sprays 2506.
23:00:32 | INFO: Draco encoder: Encoding mesh Canopy sprays 2507.
23:00:32 | INFO: Draco encoder: Encoding mesh Canopy sprays 2508.
23:00:32 | INFO: Draco encoder: Encoding mesh Canopy sprays 2509.
23:00:32 | INFO: Draco encoder: Encoding mesh Canopy sprays 2510.
23:00:32 | INFO: Draco encoder: Encoding mesh Canopy sprays 2511.
23:00:32 | INFO: Draco encoder: Encoding mesh Canopy sprays 2512.
23:00:32 | INFO: Draco encoder: Encoding mesh Canopy sprays 2513.
23:00:32 | INFO: Draco encoder: Encoding mesh Canopy sprays 2514.
23:00:32 | INFO: Draco encoder: Encoding mesh Canopy sprays 2515.
23:00:32 | INFO: Draco encoder: Encoding mesh Canopy sprays 2516.
23:00:32 | INFO: Draco encoder: Encoding mesh Canopy sprays 2517.
23:00:32 | INFO: Draco encoder: Encoding mesh Canopy sprays 2518.
23:00:32 | INFO: Draco encoder: Encoding mesh Canopy sprays 2519.
23:00:32 | INFO: Draco encoder: Encoding mesh Canopy sprays 2520.
23:00:32 | INFO: Draco encoder: Encoding mesh Canopy sprays 2521.
23:00:32 | INFO: Draco encoder: Encoding mesh Canopy sprays 2522.
23:00:32 | INFO: Draco encoder: Encoding mesh Canopy sprays 2523.
23:00:32 | INFO: Draco encoder: Encoding mesh Canopy sprays 2524.
23:00:32 | INFO: Draco encoder: Encoding mesh Canopy sprays 2525.
23:00:32 | INFO: Draco encoder: Encoding mesh Canopy sprays 2526.
23:00:32 | INFO: Draco encoder: Encoding mesh Canopy sprays 2527.
23:00:32 | INFO: Draco encoder: Encoding mesh Canopy sprays 2528.
23:00:32 | INFO: Draco encoder: Encoding mesh Canopy sprays 2529.
23:00:32 | INFO: Draco encoder: Encoding mesh Canopy sprays 2530.
23:00:32 | INFO: Draco encoder: Encoding mesh Canopy sprays 2531.
23:00:32 | INFO: Draco encoder: Encoding mesh Canopy sprays 2532.
23:00:32 | INFO: Draco encoder: Encoding mesh Canopy sprays 2533.
23:00:32 | INFO: Draco encoder: Encoding mesh Canopy sprays 2534.
23:00:32 | INFO: Draco encoder: Encoding mesh Canopy sprays 2535.
23:00:32 | INFO: Draco encoder: Encoding mesh Canopy sprays 2536.
23:00:32 | INFO: Draco encoder: Encoding mesh Canopy sprays 2537.
23:00:32 | INFO: Draco encoder: Encoding mesh Canopy sprays 2538.
23:00:32 | INFO: Draco encoder: Encoding mesh Canopy sprays 2539.
23:00:32 | INFO: Draco encoder: Encoding mesh Canopy sprays 2540.
23:00:32 | INFO: Draco encoder: Encoding mesh Canopy sprays 2541.
23:00:32 | INFO: Draco encoder: Encoding mesh Canopy sprays 2542.
23:00:32 | INFO: Draco encoder: Encoding mesh Canopy sprays 2543.
23:00:32 | INFO: Draco encoder: Encoding mesh Canopy sprays 2544.
23:00:32 | INFO: Draco encoder: Encoding mesh Canopy sprays 2545.
23:00:32 | INFO: Draco encoder: Encoding mesh Canopy sprays 2546.
23:00:32 | INFO: Draco encoder: Encoding mesh Canopy sprays 2547.
23:00:32 | INFO: Draco encoder: Encoding mesh Canopy sprays 2548.
23:00:32 | INFO: Draco encoder: Encoding mesh Canopy sprays 2549.
23:00:32 | INFO: Draco encoder: Encoding mesh Canopy sprays 2550.
23:00:32 | INFO: Draco encoder: Encoding mesh Canopy sprays 2551.
23:00:32 | INFO: Draco encoder: Encoding mesh Canopy sprays 2552.
23:00:32 | INFO: Draco encoder: Encoding mesh Canopy sprays 2553.
23:00:32 | INFO: Draco encoder: Encoding mesh Canopy sprays 2554.
23:00:32 | INFO: Draco encoder: Encoding mesh Canopy sprays 2555.
23:00:32 | INFO: Draco encoder: Encoding mesh Canopy sprays 2556.
23:00:32 | INFO: Draco encoder: Encoding mesh Canopy sprays 2557.
23:00:32 | INFO: Draco encoder: Encoding mesh Canopy sprays 2558.
23:00:32 | INFO: Draco encoder: Encoding mesh Canopy sprays 2559.
23:00:32 | INFO: Draco encoder: Encoding mesh Canopy sprays 1770.
23:00:32 | INFO: Draco encoder: Encoding mesh Canopy sprays 1771.
23:00:32 | INFO: Draco encoder: Encoding mesh Canopy sprays 1772.
23:00:32 | INFO: Draco encoder: Encoding mesh Canopy sprays 1773.
23:00:32 | INFO: Draco encoder: Encoding mesh Canopy sprays 1774.
23:00:32 | INFO: Draco encoder: Encoding mesh Canopy sprays 1775.
23:00:32 | INFO: Draco encoder: Encoding mesh Canopy sprays 1776.
23:00:32 | INFO: Draco encoder: Encoding mesh Canopy sprays 1777.
23:00:32 | INFO: Draco encoder: Encoding mesh Canopy sprays 1778.
23:00:32 | INFO: Draco encoder: Encoding mesh Canopy sprays 1779.
23:00:32 | INFO: Draco encoder: Encoding mesh Canopy sprays 1780.
23:00:32 | INFO: Draco encoder: Encoding mesh Canopy sprays 1781.
23:00:32 | INFO: Draco encoder: Encoding mesh Canopy sprays 1782.
23:00:32 | INFO: Draco encoder: Encoding mesh Canopy sprays 1783.
23:00:32 | INFO: Draco encoder: Encoding mesh Canopy sprays 1784.
23:00:32 | INFO: Draco encoder: Encoding mesh Canopy sprays 1785.
23:00:32 | INFO: Draco encoder: Encoding mesh Canopy sprays 1786.
23:00:32 | INFO: Draco encoder: Encoding mesh Canopy sprays 1787.
23:00:32 | INFO: Draco encoder: Encoding mesh Canopy sprays 1788.
23:00:32 | INFO: Draco encoder: Encoding mesh Canopy sprays 1789.
23:00:32 | INFO: Draco encoder: Encoding mesh Canopy sprays 1790.
23:00:32 | INFO: Draco encoder: Encoding mesh Canopy sprays 1791.
23:00:32 | INFO: Draco encoder: Encoding mesh Canopy sprays 1792.
23:00:32 | INFO: Draco encoder: Encoding mesh Canopy sprays 1793.
23:00:32 | INFO: Draco encoder: Encoding mesh Canopy sprays 1794.
23:00:32 | INFO: Draco encoder: Encoding mesh Canopy sprays 1795.
23:00:32 | INFO: Draco encoder: Encoding mesh Canopy sprays 1796.
23:00:32 | INFO: Draco encoder: Encoding mesh Canopy sprays 1797.
23:00:32 | INFO: Draco encoder: Encoding mesh Canopy sprays 1798.
23:00:32 | INFO: Draco encoder: Encoding mesh Canopy sprays 1799.
23:00:32 | INFO: Draco encoder: Encoding mesh Canopy sprays 1800.
23:00:32 | INFO: Draco encoder: Encoding mesh Canopy sprays 1801.
23:00:32 | INFO: Draco encoder: Encoding mesh Canopy sprays 1802.
23:00:32 | INFO: Draco encoder: Encoding mesh Canopy sprays 1803.
23:00:32 | INFO: Draco encoder: Encoding mesh Canopy sprays 1804.
23:00:32 | INFO: Draco encoder: Encoding mesh Canopy sprays 1805.
23:00:32 | INFO: Draco encoder: Encoding mesh Canopy sprays 1806.
23:00:32 | INFO: Draco encoder: Encoding mesh Canopy sprays 1807.
23:00:32 | INFO: Draco encoder: Encoding mesh Canopy sprays 1808.
23:00:32 | INFO: Draco encoder: Encoding mesh Canopy sprays 1809.
23:00:32 | INFO: Draco encoder: Encoding mesh Canopy sprays 1810.
23:00:32 | INFO: Draco encoder: Encoding mesh Canopy sprays 1811.
23:00:32 | INFO: Draco encoder: Encoding mesh Canopy sprays 1812.
23:00:32 | INFO: Draco encoder: Encoding mesh Canopy sprays 1813.
23:00:32 | INFO: Draco encoder: Encoding mesh Canopy sprays 1814.
23:00:32 | INFO: Draco encoder: Encoding mesh Canopy sprays 1815.
23:00:32 | INFO: Draco encoder: Encoding mesh Canopy sprays 1816.
23:00:32 | INFO: Draco encoder: Encoding mesh Canopy sprays 1817.
23:00:32 | INFO: Draco encoder: Encoding mesh Canopy sprays 1818.
23:00:32 | INFO: Draco encoder: Encoding mesh Canopy sprays 1819.
23:00:32 | INFO: Draco encoder: Encoding mesh Canopy sprays 1820.
23:00:32 | INFO: Draco encoder: Encoding mesh Canopy sprays 1821.
23:00:32 | INFO: Draco encoder: Encoding mesh Canopy sprays 1822.
23:00:32 | INFO: Draco encoder: Encoding mesh Canopy sprays 1823.
23:00:32 | INFO: Draco encoder: Encoding mesh Canopy sprays 1824.
23:00:32 | INFO: Draco encoder: Encoding mesh Canopy sprays 1825.
23:00:32 | INFO: Draco encoder: Encoding mesh Canopy sprays 1826.
23:00:32 | INFO: Draco encoder: Encoding mesh Canopy sprays 1827.
23:00:32 | INFO: Draco encoder: Encoding mesh Canopy sprays 1828.
23:00:32 | INFO: Draco encoder: Encoding mesh Canopy sprays 1829.
23:00:32 | INFO: Draco encoder: Encoding mesh Canopy sprays 1830.
23:00:32 | INFO: Draco encoder: Encoding mesh Canopy sprays 1831.
23:00:32 | INFO: Draco encoder: Encoding mesh Canopy sprays 1832.
23:00:32 | INFO: Draco encoder: Encoding mesh Canopy sprays 1833.
23:00:32 | INFO: Draco encoder: Encoding mesh Canopy sprays 1834.
23:00:32 | INFO: Draco encoder: Encoding mesh Canopy sprays 1835.
23:00:32 | INFO: Draco encoder: Encoding mesh Canopy sprays 1836.
23:00:32 | INFO: Draco encoder: Encoding mesh Canopy sprays 1837.
23:00:32 | INFO: Draco encoder: Encoding mesh Canopy sprays 1838.
23:00:32 | INFO: Draco encoder: Encoding mesh Canopy sprays 1839.
23:00:32 | INFO: Draco encoder: Encoding mesh Canopy sprays 1840.
23:00:32 | INFO: Draco encoder: Encoding mesh Canopy sprays 1841.
23:00:32 | INFO: Draco encoder: Encoding mesh Canopy sprays 1842.
23:00:32 | INFO: Draco encoder: Encoding mesh Canopy sprays 1843.
23:00:32 | INFO: Draco encoder: Encoding mesh Canopy sprays 1844.
23:00:32 | INFO: Draco encoder: Encoding mesh Canopy sprays 1845.
23:00:32 | INFO: Draco encoder: Encoding mesh Canopy sprays 1846.
23:00:32 | INFO: Draco encoder: Encoding mesh Canopy sprays 1847.
23:00:32 | INFO: Draco encoder: Encoding mesh Canopy sprays 1848.
23:00:32 | INFO: Draco encoder: Encoding mesh Canopy sprays 1849.
23:00:32 | INFO: Draco encoder: Encoding mesh Canopy sprays 1850.
23:00:32 | INFO: Draco encoder: Encoding mesh Canopy sprays 1851.
23:00:32 | INFO: Draco encoder: Encoding mesh Canopy sprays 1852.
23:00:32 | INFO: Draco encoder: Encoding mesh Canopy sprays 1853.
23:00:32 | INFO: Draco encoder: Encoding mesh Canopy sprays 1854.
23:00:32 | INFO: Draco encoder: Encoding mesh Canopy sprays 1855.
23:00:32 | INFO: Draco encoder: Encoding mesh Canopy sprays 1856.
23:00:32 | INFO: Draco encoder: Encoding mesh Canopy sprays 1857.
23:00:32 | INFO: Draco encoder: Encoding mesh Canopy sprays 1858.
23:00:32 | INFO: Draco encoder: Encoding mesh Canopy sprays 1859.
23:00:32 | INFO: Draco encoder: Encoding mesh Canopy sprays 1860.
23:00:32 | INFO: Draco encoder: Encoding mesh Canopy sprays 1861.
23:00:32 | INFO: Draco encoder: Encoding mesh Canopy sprays 1862.
23:00:32 | INFO: Draco encoder: Encoding mesh Canopy sprays 1863.
23:00:32 | INFO: Draco encoder: Encoding mesh Canopy sprays 1864.
23:00:32 | INFO: Draco encoder: Encoding mesh Canopy sprays 1865.
23:00:32 | INFO: Draco encoder: Encoding mesh Canopy sprays 1866.
23:00:32 | INFO: Draco encoder: Encoding mesh Canopy sprays 1867.
23:00:32 | INFO: Draco encoder: Encoding mesh Canopy sprays 1868.
23:00:32 | INFO: Draco encoder: Encoding mesh Canopy sprays 1869.
23:00:32 | INFO: Draco encoder: Encoding mesh Canopy sprays 1870.
23:00:32 | INFO: Draco encoder: Encoding mesh Canopy sprays 1871.
23:00:32 | INFO: Draco encoder: Encoding mesh Canopy sprays 1872.
23:00:32 | INFO: Draco encoder: Encoding mesh Canopy sprays 1873.
23:00:32 | INFO: Draco encoder: Encoding mesh Canopy sprays 1874.
23:00:32 | INFO: Draco encoder: Encoding mesh Canopy sprays 1875.
23:00:32 | INFO: Draco encoder: Encoding mesh Canopy sprays 1876.
23:00:32 | INFO: Draco encoder: Encoding mesh Canopy sprays 1877.
23:00:32 | INFO: Draco encoder: Encoding mesh Canopy sprays 1878.
23:00:32 | INFO: Draco encoder: Encoding mesh Canopy sprays 1879.
23:00:32 | INFO: Draco encoder: Encoding mesh Canopy sprays 1880.
23:00:32 | INFO: Draco encoder: Encoding mesh Canopy sprays 1881.
23:00:32 | INFO: Draco encoder: Encoding mesh Canopy sprays 1882.
23:00:32 | INFO: Draco encoder: Encoding mesh Canopy sprays 1883.
23:00:32 | INFO: Draco encoder: Encoding mesh Canopy sprays 1884.
23:00:32 | INFO: Draco encoder: Encoding mesh Canopy sprays 1885.
23:00:32 | INFO: Draco encoder: Encoding mesh Canopy sprays 1886.
23:00:32 | INFO: Draco encoder: Encoding mesh Canopy sprays 1887.
23:00:32 | INFO: Draco encoder: Encoding mesh Canopy sprays 1888.
23:00:32 | INFO: Draco encoder: Encoding mesh Canopy sprays 1889.
23:00:32 | INFO: Draco encoder: Encoding mesh Canopy sprays 1890.
23:00:32 | INFO: Draco encoder: Encoding mesh Canopy sprays 1891.
23:00:32 | INFO: Draco encoder: Encoding mesh Canopy sprays 1892.
23:00:32 | INFO: Draco encoder: Encoding mesh Canopy sprays 1893.
23:00:32 | INFO: Draco encoder: Encoding mesh Canopy sprays 1894.
23:00:32 | INFO: Draco encoder: Encoding mesh Canopy sprays 1895.
23:00:32 | INFO: Draco encoder: Encoding mesh Canopy sprays 1896.
23:00:32 | INFO: Draco encoder: Encoding mesh Canopy sprays 1897.
23:00:32 | INFO: Draco encoder: Encoding mesh Canopy sprays 1898.
23:00:32 | INFO: Draco encoder: Encoding mesh Canopy sprays 1899.
23:00:32 | INFO: Draco encoder: Encoding mesh Canopy sprays 1900.
23:00:32 | INFO: Draco encoder: Encoding mesh Canopy sprays 1901.
23:00:32 | INFO: Draco encoder: Encoding mesh Canopy sprays 1902.
23:00:32 | INFO: Draco encoder: Encoding mesh Canopy sprays 1903.
23:00:32 | INFO: Draco encoder: Encoding mesh Canopy sprays 1904.
23:00:32 | INFO: Draco encoder: Encoding mesh Canopy sprays 1905.
23:00:32 | INFO: Draco encoder: Encoding mesh Canopy sprays 1906.
23:00:32 | INFO: Draco encoder: Encoding mesh Canopy sprays 1907.
23:00:32 | INFO: Draco encoder: Encoding mesh Canopy sprays 1908.
23:00:32 | INFO: Draco encoder: Encoding mesh Canopy sprays 1909.
23:00:32 | INFO: Draco encoder: Encoding mesh Canopy sprays 1910.
23:00:32 | INFO: Draco encoder: Encoding mesh Canopy sprays 1911.
23:00:32 | INFO: Draco encoder: Encoding mesh Canopy sprays 1912.
23:00:32 | INFO: Draco encoder: Encoding mesh Canopy sprays 1913.
23:00:32 | INFO: Draco encoder: Encoding mesh Canopy sprays 1914.
23:00:32 | INFO: Draco encoder: Encoding mesh Canopy sprays 1915.
23:00:32 | INFO: Draco encoder: Encoding mesh Canopy sprays 1916.
23:00:32 | INFO: Draco encoder: Encoding mesh Canopy sprays 1917.
23:00:32 | INFO: Draco encoder: Encoding mesh Canopy sprays 1918.
23:00:32 | INFO: Draco encoder: Encoding mesh Canopy sprays 1919.
23:00:32 | INFO: Draco encoder: Encoding mesh Canopy sprays 1920.
23:00:32 | INFO: Draco encoder: Encoding mesh Canopy sprays 1921.
23:00:32 | INFO: Draco encoder: Encoding mesh Canopy sprays 1922.
23:00:32 | INFO: Draco encoder: Encoding mesh Canopy sprays 1923.
23:00:32 | INFO: Draco encoder: Encoding mesh Canopy sprays 1924.
23:00:32 | INFO: Draco encoder: Encoding mesh Canopy sprays 1925.
23:00:32 | INFO: Draco encoder: Encoding mesh Canopy sprays 1926.
23:00:32 | INFO: Draco encoder: Encoding mesh Canopy sprays 1927.
23:00:32 | INFO: Draco encoder: Encoding mesh Canopy sprays 1928.
23:00:32 | INFO: Draco encoder: Encoding mesh Canopy sprays 1929.
23:00:32 | INFO: Draco encoder: Encoding mesh Canopy sprays 1930.
23:00:32 | INFO: Draco encoder: Encoding mesh Canopy sprays 1931.
23:00:32 | INFO: Draco encoder: Encoding mesh Canopy sprays 1932.
23:00:32 | INFO: Draco encoder: Encoding mesh Canopy sprays 1933.
23:00:32 | INFO: Draco encoder: Encoding mesh Canopy sprays 1934.
23:00:32 | INFO: Draco encoder: Encoding mesh Canopy sprays 1935.
23:00:32 | INFO: Draco encoder: Encoding mesh Canopy sprays 1936.
23:00:32 | INFO: Draco encoder: Encoding mesh Canopy sprays 1937.
23:00:32 | INFO: Draco encoder: Encoding mesh Canopy sprays 1938.
23:00:32 | INFO: Draco encoder: Encoding mesh Canopy sprays 1939.
23:00:32 | INFO: Draco encoder: Encoding mesh Canopy sprays 1940.
23:00:32 | INFO: Draco encoder: Encoding mesh Canopy sprays 1941.
23:00:32 | INFO: Draco encoder: Encoding mesh Canopy sprays 1942.
23:00:32 | INFO: Draco encoder: Encoding mesh Canopy sprays 1943.
23:00:32 | INFO: Draco encoder: Encoding mesh Canopy sprays 1944.
23:00:32 | INFO: Draco encoder: Encoding mesh Canopy sprays 1945.
23:00:32 | INFO: Draco encoder: Encoding mesh Canopy sprays 1946.
23:00:32 | INFO: Draco encoder: Encoding mesh Canopy sprays 1947.
23:00:32 | INFO: Draco encoder: Encoding mesh Canopy sprays 1948.
23:00:32 | INFO: Draco encoder: Encoding mesh Canopy sprays 1949.
23:00:32 | INFO: Draco encoder: Encoding mesh Canopy sprays 1950.
23:00:32 | INFO: Draco encoder: Encoding mesh Canopy sprays 1951.
23:00:32 | INFO: Draco encoder: Encoding mesh Canopy sprays 1952.
23:00:32 | INFO: Draco encoder: Encoding mesh Canopy sprays 1953.
23:00:32 | INFO: Draco encoder: Encoding mesh Canopy sprays 1954.
23:00:32 | INFO: Draco encoder: Encoding mesh Canopy sprays 1955.
23:00:32 | INFO: Draco encoder: Encoding mesh Canopy sprays 1956.
23:00:32 | INFO: Draco encoder: Encoding mesh Canopy sprays 1957.
23:00:32 | INFO: Draco encoder: Encoding mesh Canopy sprays 1958.
23:00:32 | INFO: Draco encoder: Encoding mesh Canopy sprays 1959.
23:00:32 | INFO: Draco encoder: Encoding mesh Canopy sprays 1960.
23:00:32 | INFO: Draco encoder: Encoding mesh Canopy sprays 1961.
23:00:32 | INFO: Draco encoder: Encoding mesh Canopy sprays 1962.
23:00:32 | INFO: Draco encoder: Encoding mesh Canopy sprays 1963.
23:00:32 | INFO: Draco encoder: Encoding mesh Canopy sprays 1964.
23:00:32 | INFO: Draco encoder: Encoding mesh Canopy sprays 1965.
23:00:32 | INFO: Draco encoder: Encoding mesh Canopy sprays 1966.
23:00:32 | INFO: Draco encoder: Encoding mesh Canopy sprays 1967.
23:00:32 | INFO: Draco encoder: Encoding mesh Canopy sprays 1968.
23:00:32 | INFO: Draco encoder: Encoding mesh Canopy sprays 1969.
23:00:32 | INFO: Draco encoder: Encoding mesh Canopy sprays 1970.
23:00:32 | INFO: Draco encoder: Encoding mesh Canopy sprays 1971.
23:00:32 | INFO: Draco encoder: Encoding mesh Canopy sprays 1972.
23:00:32 | INFO: Draco encoder: Encoding mesh Canopy sprays 1973.
23:00:32 | INFO: Draco encoder: Encoding mesh Canopy sprays 1974.
23:00:32 | INFO: Draco encoder: Encoding mesh Canopy sprays 1975.
23:00:32 | INFO: Draco encoder: Encoding mesh Canopy sprays 1976.
23:00:32 | INFO: Draco encoder: Encoding mesh Canopy sprays 1977.
23:00:32 | INFO: Draco encoder: Encoding mesh Canopy sprays 1978.
23:00:32 | INFO: Draco encoder: Encoding mesh Canopy sprays 1979.
23:00:32 | INFO: Draco encoder: Encoding mesh Canopy sprays 1980.
23:00:32 | INFO: Draco encoder: Encoding mesh Canopy sprays 1981.
23:00:32 | INFO: Draco encoder: Encoding mesh Canopy sprays 1982.
23:00:32 | INFO: Draco encoder: Encoding mesh Canopy sprays 1983.
23:00:32 | INFO: Draco encoder: Encoding mesh Canopy sprays 1984.
23:00:32 | INFO: Draco encoder: Encoding mesh Canopy sprays 1985.
23:00:32 | INFO: Draco encoder: Encoding mesh Canopy sprays 1986.
23:00:32 | INFO: Draco encoder: Encoding mesh Canopy sprays 1987.
23:00:32 | INFO: Draco encoder: Encoding mesh Canopy sprays 1988.
23:00:32 | INFO: Draco encoder: Encoding mesh Canopy sprays 1989.
23:00:32 | INFO: Draco encoder: Encoding mesh Canopy sprays 1990.
23:00:32 | INFO: Draco encoder: Encoding mesh Canopy sprays 1991.
23:00:32 | INFO: Draco encoder: Encoding mesh Canopy sprays 1992.
23:00:32 | INFO: Draco encoder: Encoding mesh Canopy sprays 1993.
23:00:32 | INFO: Draco encoder: Encoding mesh Canopy sprays 1994.
23:00:32 | INFO: Draco encoder: Encoding mesh Canopy sprays 1995.
23:00:32 | INFO: Draco encoder: Encoding mesh Canopy sprays 1996.
23:00:32 | INFO: Draco encoder: Encoding mesh Canopy sprays 1997.
23:00:32 | INFO: Draco encoder: Encoding mesh Canopy sprays 1998.
23:00:32 | INFO: Draco encoder: Encoding mesh Canopy sprays 1999.
23:00:32 | INFO: Draco encoder: Encoding mesh Canopy sprays 2000.
23:00:32 | INFO: Draco encoder: Encoding mesh Canopy sprays 2001.
23:00:32 | INFO: Draco encoder: Encoding mesh Canopy sprays 2002.
23:00:32 | INFO: Draco encoder: Encoding mesh Canopy sprays 2003.
23:00:32 | INFO: Draco encoder: Encoding mesh Canopy sprays 2004.
23:00:32 | INFO: Draco encoder: Encoding mesh Canopy sprays 2005.
23:00:32 | INFO: Draco encoder: Encoding mesh Canopy sprays 2006.
23:00:32 | INFO: Draco encoder: Encoding mesh Canopy sprays 2007.
23:00:32 | INFO: Draco encoder: Encoding mesh Canopy sprays 2008.
23:00:32 | INFO: Draco encoder: Encoding mesh Canopy sprays 2009.
23:00:32 | INFO: Draco encoder: Encoding mesh Canopy sprays 2010.
23:00:32 | INFO: Draco encoder: Encoding mesh Canopy sprays 2011.
23:00:32 | INFO: Draco encoder: Encoding mesh Canopy sprays 2012.
23:00:32 | INFO: Draco encoder: Encoding mesh Canopy sprays 2013.
23:00:32 | INFO: Draco encoder: Encoding mesh Canopy sprays 2014.
23:00:32 | INFO: Draco encoder: Encoding mesh Canopy sprays 2015.
23:00:32 | INFO: Draco encoder: Encoding mesh Canopy sprays 2016.
23:00:32 | INFO: Draco encoder: Encoding mesh Canopy sprays 2017.
23:00:32 | INFO: Draco encoder: Encoding mesh Canopy sprays 2018.
23:00:32 | INFO: Draco encoder: Encoding mesh Canopy sprays 2019.
23:00:32 | INFO: Draco encoder: Encoding mesh Canopy sprays 2020.
23:00:32 | INFO: Draco encoder: Encoding mesh Canopy sprays 2021.
23:00:32 | INFO: Draco encoder: Encoding mesh Canopy sprays 2022.
23:00:32 | INFO: Draco encoder: Encoding mesh Canopy sprays 2023.
23:00:32 | INFO: Draco encoder: Encoding mesh Canopy sprays 2024.
23:00:32 | INFO: Draco encoder: Encoding mesh Canopy sprays 2025.
23:00:32 | INFO: Draco encoder: Encoding mesh Canopy sprays 2026.
23:00:32 | INFO: Draco encoder: Encoding mesh Canopy sprays 2027.
23:00:32 | INFO: Draco encoder: Encoding mesh Canopy sprays 2028.
23:00:32 | INFO: Draco encoder: Encoding mesh Canopy sprays 2029.
23:00:32 | INFO: Draco encoder: Encoding mesh Canopy sprays 2030.
23:00:32 | INFO: Draco encoder: Encoding mesh Canopy sprays 2031.
23:00:32 | INFO: Draco encoder: Encoding mesh Canopy sprays 2032.
23:00:32 | INFO: Draco encoder: Encoding mesh Canopy sprays 2033.
23:00:32 | INFO: Draco encoder: Encoding mesh Canopy sprays 2034.
23:00:32 | INFO: Draco encoder: Encoding mesh Canopy sprays 2035.
23:00:32 | INFO: Draco encoder: Encoding mesh Canopy sprays 2036.
23:00:32 | INFO: Draco encoder: Encoding mesh Canopy sprays 2037.
23:00:32 | INFO: Draco encoder: Encoding mesh Canopy sprays 2038.
23:00:32 | INFO: Draco encoder: Encoding mesh Canopy sprays 2039.
23:00:32 | INFO: Draco encoder: Encoding mesh Canopy sprays 2040.
23:00:32 | INFO: Draco encoder: Encoding mesh Canopy sprays 2041.
23:00:32 | INFO: Draco encoder: Encoding mesh Canopy sprays 2042.
23:00:32 | INFO: Draco encoder: Encoding mesh Canopy sprays 2043.
23:00:32 | INFO: Draco encoder: Encoding mesh Canopy sprays 2044.
23:00:32 | INFO: Draco encoder: Encoding mesh Canopy sprays 2045.
23:00:32 | INFO: Draco encoder: Encoding mesh Canopy sprays 2046.
23:00:32 | INFO: Draco encoder: Encoding mesh Canopy sprays 2047.
23:00:32 | INFO: Draco encoder: Encoding mesh Canopy sprays 2048.
23:00:32 | INFO: Draco encoder: Encoding mesh Canopy sprays 2049.
23:00:32 | INFO: Draco encoder: Encoding mesh Canopy sprays 2050.
23:00:32 | INFO: Draco encoder: Encoding mesh Canopy sprays 2051.
23:00:32 | INFO: Draco encoder: Encoding mesh Canopy sprays 2052.
23:00:32 | INFO: Draco encoder: Encoding mesh Canopy sprays 2053.
23:00:32 | INFO: Draco encoder: Encoding mesh Canopy sprays 2054.
23:00:32 | INFO: Draco encoder: Encoding mesh Canopy sprays 2055.
23:00:32 | INFO: Draco encoder: Encoding mesh Canopy sprays 2056.
23:00:32 | INFO: Draco encoder: Encoding mesh Canopy sprays 2057.
23:00:32 | INFO: Draco encoder: Encoding mesh Canopy sprays 2058.
23:00:32 | INFO: Draco encoder: Encoding mesh Canopy sprays 2059.
23:00:32 | INFO: Draco encoder: Encoding mesh Canopy sprays 2060.
23:00:32 | INFO: Draco encoder: Encoding mesh Canopy sprays 2061.
23:00:32 | INFO: Draco encoder: Encoding mesh Canopy sprays 2062.
23:00:32 | INFO: Draco encoder: Encoding mesh Canopy sprays 2063.
23:00:32 | INFO: Draco encoder: Encoding mesh Canopy sprays 2064.
23:00:32 | INFO: Draco encoder: Encoding mesh Canopy sprays 2065.
23:00:32 | INFO: Draco encoder: Encoding mesh Canopy sprays 2066.
23:00:32 | INFO: Draco encoder: Encoding mesh Canopy sprays 2067.
23:00:32 | INFO: Draco encoder: Encoding mesh Canopy sprays 2068.
23:00:32 | INFO: Draco encoder: Encoding mesh Canopy sprays 2069.
23:00:32 | INFO: Draco encoder: Encoding mesh Canopy sprays 2070.
23:00:32 | INFO: Draco encoder: Encoding mesh Canopy sprays 2071.
23:00:32 | INFO: Draco encoder: Encoding mesh Canopy sprays 2072.
23:00:32 | INFO: Draco encoder: Encoding mesh Canopy sprays 2073.
23:00:32 | INFO: Draco encoder: Encoding mesh Canopy sprays 2074.
23:00:32 | INFO: Draco encoder: Encoding mesh Canopy sprays 2075.
23:00:32 | INFO: Draco encoder: Encoding mesh Canopy sprays 2076.
23:00:32 | INFO: Draco encoder: Encoding mesh Canopy sprays 2077.
23:00:32 | INFO: Draco encoder: Encoding mesh Canopy sprays 2078.
23:00:32 | INFO: Draco encoder: Encoding mesh Canopy sprays 2079.
23:00:32 | INFO: Draco encoder: Encoding mesh Canopy sprays 2080.
23:00:32 | INFO: Draco encoder: Encoding mesh Canopy sprays 2081.
23:00:32 | INFO: Draco encoder: Encoding mesh Canopy sprays 2082.
23:00:32 | INFO: Draco encoder: Encoding mesh Canopy sprays 2083.
23:00:32 | INFO: Draco encoder: Encoding mesh Canopy sprays 2084.
23:00:32 | INFO: Draco encoder: Encoding mesh Canopy sprays 2085.
23:00:32 | INFO: Draco encoder: Encoding mesh Canopy sprays 2086.
23:00:32 | INFO: Draco encoder: Encoding mesh Canopy sprays 2087.
23:00:32 | INFO: Draco encoder: Encoding mesh Canopy sprays 2088.
23:00:32 | INFO: Draco encoder: Encoding mesh Canopy sprays 2089.
23:00:32 | INFO: Draco encoder: Encoding mesh Canopy sprays 2090.
23:00:32 | INFO: Draco encoder: Encoding mesh Canopy sprays 2091.
23:00:32 | INFO: Draco encoder: Encoding mesh Canopy sprays 2092.
23:00:32 | INFO: Draco encoder: Encoding mesh Canopy sprays 2093.
23:00:32 | INFO: Draco encoder: Encoding mesh Canopy sprays 2094.
23:00:32 | INFO: Draco encoder: Encoding mesh Canopy sprays 2095.
23:00:32 | INFO: Draco encoder: Encoding mesh Canopy sprays 2096.
23:00:32 | INFO: Draco encoder: Encoding mesh Canopy sprays 2097.
23:00:32 | INFO: Draco encoder: Encoding mesh Canopy sprays 2098.
23:00:32 | INFO: Draco encoder: Encoding mesh Canopy sprays 2099.
23:00:32 | INFO: Draco encoder: Encoding mesh Canopy sprays 2100.
23:00:32 | INFO: Draco encoder: Encoding mesh Canopy sprays 2101.
23:00:32 | INFO: Draco encoder: Encoding mesh Canopy sprays 2102.
23:00:32 | INFO: Draco encoder: Encoding mesh Canopy sprays 2103.
23:00:32 | INFO: Draco encoder: Encoding mesh Canopy sprays 2104.
23:00:32 | INFO: Draco encoder: Encoding mesh Canopy sprays 2105.
23:00:32 | INFO: Draco encoder: Encoding mesh Canopy sprays 2106.
23:00:32 | INFO: Draco encoder: Encoding mesh Canopy sprays 2107.
23:00:32 | INFO: Draco encoder: Encoding mesh Canopy sprays 2108.
23:00:32 | INFO: Draco encoder: Encoding mesh Canopy sprays 2109.
23:00:32 | INFO: Draco encoder: Encoding mesh Canopy sprays 2110.
23:00:32 | INFO: Draco encoder: Encoding mesh Canopy sprays 2111.
23:00:32 | INFO: Draco encoder: Encoding mesh Canopy sprays 2112.
23:00:32 | INFO: Draco encoder: Encoding mesh Canopy sprays 2113.
23:00:32 | INFO: Draco encoder: Encoding mesh Canopy sprays 2114.
23:00:32 | INFO: Draco encoder: Encoding mesh Canopy sprays 2115.
23:00:32 | INFO: Draco encoder: Encoding mesh Canopy sprays 2116.
23:00:32 | INFO: Draco encoder: Encoding mesh Canopy sprays 2117.
23:00:32 | INFO: Draco encoder: Encoding mesh Canopy sprays 2118.
23:00:32 | INFO: Draco encoder: Encoding mesh Canopy sprays 2119.
23:00:32 | INFO: Draco encoder: Encoding mesh Canopy sprays 2120.
23:00:32 | INFO: Draco encoder: Encoding mesh Canopy sprays 2121.
23:00:32 | INFO: Draco encoder: Encoding mesh Canopy sprays 2122.
23:00:32 | INFO: Draco encoder: Encoding mesh Canopy sprays 2123.
23:00:32 | INFO: Draco encoder: Encoding mesh Canopy sprays 2124.
23:00:32 | INFO: Draco encoder: Encoding mesh Canopy sprays 2125.
23:00:32 | INFO: Draco encoder: Encoding mesh Canopy sprays 2126.
23:00:32 | INFO: Draco encoder: Encoding mesh Canopy sprays 2127.
23:00:32 | INFO: Draco encoder: Encoding mesh Canopy sprays 2128.
23:00:32 | INFO: Draco encoder: Encoding mesh Canopy sprays 2129.
23:00:32 | INFO: Draco encoder: Encoding mesh Canopy sprays 2130.
23:00:32 | INFO: Draco encoder: Encoding mesh Canopy sprays 2131.
23:00:32 | INFO: Draco encoder: Encoding mesh Canopy sprays 2132.
23:00:32 | INFO: Draco encoder: Encoding mesh Canopy sprays 2133.
23:00:32 | INFO: Draco encoder: Encoding mesh Canopy sprays 2134.
23:00:32 | INFO: Draco encoder: Encoding mesh Canopy sprays 2135.
23:00:32 | INFO: Draco encoder: Encoding mesh Canopy sprays 2136.
23:00:32 | INFO: Draco encoder: Encoding mesh Canopy sprays 2137.
23:00:32 | INFO: Draco encoder: Encoding mesh Canopy sprays 2138.
23:00:32 | INFO: Draco encoder: Encoding mesh Canopy sprays 2139.
23:00:32 | INFO: Draco encoder: Encoding mesh Canopy sprays 2140.
23:00:32 | INFO: Draco encoder: Encoding mesh Canopy sprays 2141.
23:00:32 | INFO: Draco encoder: Encoding mesh Canopy sprays 2142.
23:00:32 | INFO: Draco encoder: Encoding mesh Canopy sprays 2143.
23:00:32 | INFO: Draco encoder: Encoding mesh Canopy sprays 2144.
23:00:32 | INFO: Draco encoder: Encoding mesh Canopy sprays 2145.
23:00:32 | INFO: Draco encoder: Encoding mesh Canopy sprays 2146.
23:00:32 | INFO: Draco encoder: Encoding mesh Canopy sprays 2147.
23:00:32 | INFO: Draco encoder: Encoding mesh Canopy sprays 2148.
23:00:32 | INFO: Draco encoder: Encoding mesh Canopy sprays 2149.
23:00:32 | INFO: Draco encoder: Encoding mesh Canopy sprays 2150.
23:00:32 | INFO: Draco encoder: Encoding mesh Canopy sprays 2151.
23:00:32 | INFO: Draco encoder: Encoding mesh Canopy sprays 2152.
23:00:32 | INFO: Draco encoder: Encoding mesh Canopy sprays 2153.
23:00:32 | INFO: Draco encoder: Encoding mesh Canopy sprays 2154.
23:00:32 | INFO: Draco encoder: Encoding mesh Canopy sprays 2155.
23:00:32 | INFO: Draco encoder: Encoding mesh Canopy sprays 2156.
23:00:32 | INFO: Draco encoder: Encoding mesh Canopy sprays 2157.
23:00:32 | INFO: Draco encoder: Encoding mesh Canopy sprays 2158.
23:00:32 | INFO: Draco encoder: Encoding mesh Canopy sprays 2159.
23:00:32 | INFO: Draco encoder: Encoding mesh Canopy sprays 2160.
23:00:32 | INFO: Draco encoder: Encoding mesh Canopy sprays 2161.
23:00:32 | INFO: Draco encoder: Encoding mesh Canopy sprays 2162.
23:00:32 | INFO: Draco encoder: Encoding mesh Canopy sprays 2163.
23:00:32 | INFO: Draco encoder: Encoding mesh Canopy sprays 2164.
23:00:32 | INFO: Draco encoder: Encoding mesh Canopy sprays 2165.
23:00:32 | INFO: Draco encoder: Encoding mesh Canopy sprays 2166.
23:00:32 | INFO: Draco encoder: Encoding mesh Canopy sprays 2167.
23:00:32 | INFO: Draco encoder: Encoding mesh Canopy sprays 2168.
23:00:32 | INFO: Draco encoder: Encoding mesh Canopy sprays 2169.
23:00:32 | INFO: Draco encoder: Encoding mesh Canopy sprays 2170.
23:00:32 | INFO: Draco encoder: Encoding mesh Canopy sprays 2171.
23:00:32 | INFO: Draco encoder: Encoding mesh Canopy sprays 2172.
23:00:32 | INFO: Draco encoder: Encoding mesh Canopy sprays 2173.
23:00:32 | INFO: Draco encoder: Encoding mesh Canopy sprays 2174.
23:00:32 | INFO: Draco encoder: Encoding mesh Canopy sprays 2175.
23:00:32 | INFO: Draco encoder: Encoding mesh Canopy sprays 2176.
23:00:32 | INFO: Draco encoder: Encoding mesh Canopy sprays 2177.
23:00:32 | INFO: Draco encoder: Encoding mesh Canopy sprays 2178.
23:00:32 | INFO: Draco encoder: Encoding mesh Canopy sprays 2179.
23:00:32 | INFO: Draco encoder: Encoding mesh Canopy sprays 2180.
23:00:32 | INFO: Draco encoder: Encoding mesh Canopy sprays 2181.
23:00:32 | INFO: Draco encoder: Encoding mesh Canopy sprays 2182.
23:00:32 | INFO: Draco encoder: Encoding mesh Canopy sprays 2183.
23:00:32 | INFO: Draco encoder: Encoding mesh Canopy sprays 2184.
23:00:32 | INFO: Draco encoder: Encoding mesh Canopy sprays 2185.
23:00:32 | INFO: Draco encoder: Encoding mesh Canopy sprays 2186.
23:00:32 | INFO: Draco encoder: Encoding mesh Canopy sprays 2187.
23:00:32 | INFO: Draco encoder: Encoding mesh Canopy sprays 2188.
23:00:32 | INFO: Draco encoder: Encoding mesh Canopy sprays 2189.
23:00:32 | INFO: Draco encoder: Encoding mesh Canopy sprays 2190.
23:00:32 | INFO: Draco encoder: Encoding mesh Canopy sprays 2191.
23:00:32 | INFO: Draco encoder: Encoding mesh Canopy sprays 2192.
23:00:32 | INFO: Draco encoder: Encoding mesh Canopy sprays 2193.
23:00:32 | INFO: Draco encoder: Encoding mesh Canopy sprays 2194.
23:00:32 | INFO: Draco encoder: Encoding mesh Canopy sprays 2195.
23:00:32 | INFO: Draco encoder: Encoding mesh Canopy sprays 2196.
23:00:32 | INFO: Draco encoder: Encoding mesh Canopy sprays 2197.
23:00:32 | INFO: Draco encoder: Encoding mesh Canopy sprays 2198.
23:00:32 | INFO: Draco encoder: Encoding mesh Canopy sprays 2199.
23:00:32 | INFO: Draco encoder: Encoding mesh Canopy sprays 2200.
23:00:32 | INFO: Draco encoder: Encoding mesh Canopy sprays 2201.
23:00:32 | INFO: Draco encoder: Encoding mesh Canopy sprays 2202.
23:00:32 | INFO: Draco encoder: Encoding mesh Canopy sprays 2203.
23:00:32 | INFO: Draco encoder: Encoding mesh Canopy sprays 2204.
23:00:32 | INFO: Draco encoder: Encoding mesh Canopy sprays 2205.
23:00:32 | INFO: Draco encoder: Encoding mesh Canopy sprays 2206.
23:00:32 | INFO: Draco encoder: Encoding mesh Canopy sprays 2207.
23:00:32 | INFO: Draco encoder: Encoding mesh Canopy sprays 2208.
23:00:32 | INFO: Draco encoder: Encoding mesh Canopy sprays 2209.
23:00:32 | INFO: Draco encoder: Encoding mesh Canopy sprays 2210.
23:00:32 | INFO: Draco encoder: Encoding mesh Canopy sprays 2211.
23:00:32 | INFO: Draco encoder: Encoding mesh Canopy sprays 2212.
23:00:32 | INFO: Draco encoder: Encoding mesh Canopy sprays 2213.
23:00:32 | INFO: Draco encoder: Encoding mesh Canopy sprays 2214.
23:00:32 | INFO: Draco encoder: Encoding mesh Canopy sprays 2215.
23:00:32 | INFO: Draco encoder: Encoding mesh Canopy sprays 2216.
23:00:32 | INFO: Draco encoder: Encoding mesh Canopy sprays 2217.
23:00:32 | INFO: Draco encoder: Encoding mesh Canopy sprays 2218.
23:00:32 | INFO: Draco encoder: Encoding mesh Canopy sprays 2219.
23:00:32 | INFO: Draco encoder: Encoding mesh Canopy sprays 2220.
23:00:32 | INFO: Draco encoder: Encoding mesh Canopy sprays 2221.
23:00:32 | INFO: Draco encoder: Encoding mesh Canopy sprays 2222.
23:00:32 | INFO: Draco encoder: Encoding mesh Canopy sprays 2223.
23:00:32 | INFO: Draco encoder: Encoding mesh Canopy sprays 2224.
23:00:32 | INFO: Draco encoder: Encoding mesh Canopy sprays 2225.
23:00:32 | INFO: Draco encoder: Encoding mesh Canopy sprays 2226.
23:00:32 | INFO: Draco encoder: Encoding mesh Canopy sprays 2227.
23:00:32 | INFO: Draco encoder: Encoding mesh Canopy sprays 2228.
23:00:32 | INFO: Draco encoder: Encoding mesh Canopy sprays 2229.
23:00:32 | INFO: Draco encoder: Encoding mesh Canopy sprays 2230.
23:00:32 | INFO: Draco encoder: Encoding mesh Canopy sprays 2231.
23:00:32 | INFO: Draco encoder: Encoding mesh Canopy sprays 2232.
23:00:32 | INFO: Draco encoder: Encoding mesh Canopy sprays 2233.
23:00:32 | INFO: Draco encoder: Encoding mesh Canopy sprays 2234.
23:00:32 | INFO: Draco encoder: Encoding mesh Canopy sprays 2235.
23:00:32 | INFO: Draco encoder: Encoding mesh Canopy sprays 2236.
23:00:32 | INFO: Draco encoder: Encoding mesh Canopy sprays 2237.
23:00:32 | INFO: Draco encoder: Encoding mesh Canopy sprays 2238.
23:00:32 | INFO: Draco encoder: Encoding mesh Canopy sprays 2239.
23:00:32 | INFO: Draco encoder: Encoding mesh Canopy sprays 2240.
23:00:32 | INFO: Draco encoder: Encoding mesh Canopy sprays 2241.
23:00:32 | INFO: Draco encoder: Encoding mesh Canopy sprays 2242.
23:00:32 | INFO: Draco encoder: Encoding mesh Canopy sprays 2243.
23:00:32 | INFO: Draco encoder: Encoding mesh Canopy sprays 2244.
23:00:32 | INFO: Draco encoder: Encoding mesh Canopy sprays 2245.
23:00:32 | INFO: Draco encoder: Encoding mesh Canopy sprays 2246.
23:00:32 | INFO: Draco encoder: Encoding mesh Canopy sprays 2247.
23:00:32 | INFO: Draco encoder: Encoding mesh Canopy sprays 2248.
23:00:32 | INFO: Draco encoder: Encoding mesh Canopy sprays 2249.
23:00:32 | INFO: Draco encoder: Encoding mesh Canopy sprays 2250.
23:00:32 | INFO: Draco encoder: Encoding mesh Canopy sprays 2251.
23:00:32 | INFO: Draco encoder: Encoding mesh Canopy sprays 2252.
23:00:32 | INFO: Draco encoder: Encoding mesh Canopy sprays 2253.
23:00:32 | INFO: Draco encoder: Encoding mesh Canopy sprays 2254.
23:00:32 | INFO: Draco encoder: Encoding mesh Canopy sprays 2255.
23:00:32 | INFO: Draco encoder: Encoding mesh Canopy sprays 2256.
23:00:32 | INFO: Draco encoder: Encoding mesh Canopy sprays 2257.
23:00:32 | INFO: Draco encoder: Encoding mesh Canopy sprays 2258.
23:00:32 | INFO: Draco encoder: Encoding mesh Canopy sprays 2259.
23:00:32 | INFO: Draco encoder: Encoding mesh Canopy sprays 2260.
23:00:32 | INFO: Draco encoder: Encoding mesh Canopy sprays 2261.
23:00:32 | INFO: Draco encoder: Encoding mesh Canopy sprays 2262.
23:00:32 | INFO: Draco encoder: Encoding mesh Canopy sprays 2263.
23:00:32 | INFO: Draco encoder: Encoding mesh Canopy sprays 2264.
23:00:32 | INFO: Draco encoder: Encoding mesh Canopy sprays 2265.
23:00:32 | INFO: Draco encoder: Encoding mesh Canopy sprays 2266.
23:00:32 | INFO: Draco encoder: Encoding mesh Canopy sprays 2267.
23:00:32 | INFO: Draco encoder: Encoding mesh Canopy sprays 2268.
23:00:32 | INFO: Draco encoder: Encoding mesh Canopy sprays 2269.
23:00:32 | INFO: Draco encoder: Encoding mesh Canopy sprays 2270.
23:00:32 | INFO: Draco encoder: Encoding mesh Canopy sprays 2271.
23:00:32 | INFO: Draco encoder: Encoding mesh Canopy sprays 2272.
23:00:32 | INFO: Draco encoder: Encoding mesh Canopy sprays 2273.
23:00:32 | INFO: Draco encoder: Encoding mesh Canopy sprays 2274.
23:00:32 | INFO: Draco encoder: Encoding mesh Canopy sprays 2275.
23:00:32 | INFO: Draco encoder: Encoding mesh Canopy sprays 2276.
23:00:32 | INFO: Draco encoder: Encoding mesh Canopy sprays 2277.
23:00:32 | INFO: Draco encoder: Encoding mesh Canopy sprays 2278.
23:00:32 | INFO: Draco encoder: Encoding mesh Canopy sprays 2279.
23:00:32 | INFO: Draco encoder: Encoding mesh Canopy sprays 2280.
23:00:32 | INFO: Draco encoder: Encoding mesh Canopy sprays 2281.
23:00:32 | INFO: Draco encoder: Encoding mesh Canopy sprays 2282.
23:00:32 | INFO: Draco encoder: Encoding mesh Canopy sprays 2283.
23:00:32 | INFO: Draco encoder: Encoding mesh Canopy sprays 2284.
23:00:32 | INFO: Draco encoder: Encoding mesh Canopy sprays 2285.
23:00:32 | INFO: Draco encoder: Encoding mesh Canopy sprays 2286.
23:00:32 | INFO: Draco encoder: Encoding mesh Canopy sprays 2287.
23:00:32 | INFO: Draco encoder: Encoding mesh Canopy sprays 2288.
23:00:32 | INFO: Draco encoder: Encoding mesh Canopy sprays 2289.
23:00:32 | INFO: Draco encoder: Encoding mesh Canopy sprays 2290.
23:00:32 | INFO: Draco encoder: Encoding mesh Canopy sprays 2291.
23:00:32 | INFO: Draco encoder: Encoding mesh Canopy sprays 2292.
23:00:32 | INFO: Draco encoder: Encoding mesh Canopy sprays 2293.
23:00:32 | INFO: Draco encoder: Encoding mesh Canopy sprays 2294.
23:00:32 | INFO: Draco encoder: Encoding mesh Canopy sprays 2295.
23:00:32 | INFO: Draco encoder: Encoding mesh Canopy sprays 2296.
23:00:32 | INFO: Draco encoder: Encoding mesh Canopy sprays 2297.
23:00:32 | INFO: Draco encoder: Encoding mesh Canopy sprays 2298.
23:00:32 | INFO: Draco encoder: Encoding mesh Canopy sprays 2299.
23:00:32 | INFO: Draco encoder: Encoding mesh Canopy sprays 2300.
23:00:32 | INFO: Draco encoder: Encoding mesh Canopy sprays 2301.
23:00:32 | INFO: Draco encoder: Encoding mesh Canopy sprays 2302.
23:00:32 | INFO: Draco encoder: Encoding mesh Canopy sprays 2303.
23:00:32 | INFO: Draco encoder: Encoding mesh Canopy sprays 2304.
23:00:32 | INFO: Draco encoder: Encoding mesh Canopy sprays 2305.
23:00:32 | INFO: Draco encoder: Encoding mesh Canopy sprays 2306.
23:00:32 | INFO: Draco encoder: Encoding mesh Canopy sprays 2307.
23:00:32 | INFO: Draco encoder: Encoding mesh Canopy sprays 2308.
23:00:32 | INFO: Draco encoder: Encoding mesh Canopy sprays 2309.
23:00:32 | INFO: Draco encoder: Encoding mesh Canopy sprays 2310.
23:00:32 | INFO: Draco encoder: Encoding mesh Canopy sprays 2311.
23:00:32 | INFO: Draco encoder: Encoding mesh Canopy sprays 2312.
23:00:32 | INFO: Draco encoder: Encoding mesh Canopy sprays 2313.
23:00:32 | INFO: Draco encoder: Encoding mesh Canopy sprays 2314.
23:00:32 | INFO: Draco encoder: Encoding mesh Canopy sprays 2315.
23:00:32 | INFO: Draco encoder: Encoding mesh Canopy sprays 2316.
23:00:32 | INFO: Draco encoder: Encoding mesh Canopy sprays 2317.
23:00:32 | INFO: Draco encoder: Encoding mesh Canopy sprays 2318.
23:00:32 | INFO: Draco encoder: Encoding mesh Canopy sprays 2319.
23:00:32 | INFO: Draco encoder: Encoding mesh Canopy sprays 2320.
23:00:32 | INFO: Draco encoder: Encoding mesh Canopy sprays 2321.
23:00:32 | INFO: Draco encoder: Encoding mesh Canopy sprays 2322.
23:00:32 | INFO: Draco encoder: Encoding mesh Canopy sprays 2323.
23:00:32 | INFO: Draco encoder: Encoding mesh Canopy sprays 2324.
23:00:32 | INFO: Draco encoder: Encoding mesh Canopy sprays 2325.
23:00:32 | INFO: Draco encoder: Encoding mesh Canopy sprays 2326.
23:00:32 | INFO: Draco encoder: Encoding mesh Canopy sprays 2327.
23:00:32 | INFO: Draco encoder: Encoding mesh Canopy sprays 2328.
23:00:32 | INFO: Draco encoder: Encoding mesh Canopy sprays 2329.
23:00:32 | INFO: Draco encoder: Encoding mesh Canopy sprays 2330.
23:00:32 | INFO: Draco encoder: Encoding mesh Canopy sprays 2331.
23:00:32 | INFO: Draco encoder: Encoding mesh Canopy sprays 2332.
23:00:32 | INFO: Draco encoder: Encoding mesh Canopy sprays 2333.
23:00:32 | INFO: Draco encoder: Encoding mesh Canopy sprays 2334.
23:00:32 | INFO: Draco encoder: Encoding mesh Canopy sprays 2335.
23:00:32 | INFO: Draco encoder: Encoding mesh Canopy sprays 2336.
23:00:32 | INFO: Draco encoder: Encoding mesh Canopy sprays 2337.
23:00:32 | INFO: Draco encoder: Encoding mesh Canopy sprays 2338.
23:00:32 | INFO: Draco encoder: Encoding mesh Canopy sprays 2339.
23:00:32 | INFO: Draco encoder: Encoding mesh Canopy sprays 2340.
23:00:32 | INFO: Draco encoder: Encoding mesh Canopy sprays 2341.
23:00:32 | INFO: Draco encoder: Encoding mesh Canopy sprays 2342.
23:00:32 | INFO: Draco encoder: Encoding mesh Canopy sprays 2343.
23:00:32 | INFO: Draco encoder: Encoding mesh Canopy sprays 2344.
23:00:32 | INFO: Draco encoder: Encoding mesh Canopy sprays 2345.
23:00:32 | INFO: Draco encoder: Encoding mesh Canopy sprays 2346.
23:00:32 | INFO: Draco encoder: Encoding mesh Canopy sprays 2347.
23:00:32 | INFO: Draco encoder: Encoding mesh Canopy sprays 2348.
23:00:32 | INFO: Draco encoder: Encoding mesh Canopy sprays 2349.
23:00:32 | INFO: Draco encoder: Encoding mesh Canopy sprays 2350.
23:00:32 | INFO: Draco encoder: Encoding mesh Canopy sprays 2351.
23:00:32 | INFO: Draco encoder: Encoding mesh Canopy sprays 2352.
23:00:32 | INFO: Draco encoder: Encoding mesh Canopy sprays 2353.
23:00:32 | INFO: Draco encoder: Encoding mesh Canopy sprays 2354.
23:00:32 | INFO: Draco encoder: Encoding mesh Canopy sprays 2355.
23:00:32 | INFO: Draco encoder: Encoding mesh Canopy sprays 2356.
23:00:32 | INFO: Draco encoder: Encoding mesh Canopy sprays 2357.
23:00:32 | INFO: Draco encoder: Encoding mesh Canopy sprays 2358.
23:00:32 | INFO: Draco encoder: Encoding mesh Canopy sprays 2359.
23:00:32 | INFO: Draco encoder: Encoding mesh Canopy sprays 2360.
23:00:32 | INFO: Draco encoder: Encoding mesh Canopy sprays 2361.
23:00:32 | INFO: Draco encoder: Encoding mesh Canopy sprays 2362.
23:00:32 | INFO: Draco encoder: Encoding mesh Canopy sprays 2363.
23:00:32 | INFO: Draco encoder: Encoding mesh Canopy sprays 2364.
23:00:32 | INFO: Draco encoder: Encoding mesh Canopy sprays 2365.
23:00:32 | INFO: Draco encoder: Encoding mesh Canopy sprays 2366.
23:00:32 | INFO: Draco encoder: Encoding mesh Canopy sprays 2367.
23:00:32 | INFO: Draco encoder: Encoding mesh Canopy sprays 2368.
23:00:32 | INFO: Draco encoder: Encoding mesh Canopy sprays 2369.
23:00:32 | INFO: Draco encoder: Encoding mesh Canopy sprays 2370.
23:00:32 | INFO: Draco encoder: Encoding mesh Canopy sprays 2371.
23:00:32 | INFO: Draco encoder: Encoding mesh Canopy sprays 2372.
23:00:32 | INFO: Draco encoder: Encoding mesh Canopy sprays 2373.
23:00:32 | INFO: Draco encoder: Encoding mesh Canopy sprays 2374.
23:00:32 | INFO: Draco encoder: Encoding mesh Canopy sprays 2375.
23:00:32 | INFO: Draco encoder: Encoding mesh Canopy sprays 2376.
23:00:32 | INFO: Draco encoder: Encoding mesh Canopy sprays 2377.
23:00:32 | INFO: Draco encoder: Encoding mesh Canopy sprays 2378.
23:00:32 | INFO: Draco encoder: Encoding mesh Canopy sprays 2379.
23:00:32 | INFO: Draco encoder: Encoding mesh Canopy sprays 2380.
23:00:32 | INFO: Draco encoder: Encoding mesh Canopy sprays 2381.
23:00:32 | INFO: Draco encoder: Encoding mesh Canopy sprays 2382.
23:00:32 | INFO: Draco encoder: Encoding mesh Canopy sprays 2383.
23:00:32 | INFO: Draco encoder: Encoding mesh Canopy sprays 2384.
23:00:32 | INFO: Draco encoder: Encoding mesh Canopy sprays 2385.
23:00:32 | INFO: Draco encoder: Encoding mesh Canopy sprays 2386.
23:00:32 | INFO: Draco encoder: Encoding mesh Canopy sprays 2387.
23:00:32 | INFO: Draco encoder: Encoding mesh Canopy sprays 2388.
23:00:32 | INFO: Draco encoder: Encoding mesh Canopy sprays 2389.
23:00:32 | INFO: Draco encoder: Encoding mesh Loose soil particles 0000.
23:00:32 | INFO: Draco encoder: Encoding mesh Loose soil particles 0001.
23:00:32 | INFO: Draco encoder: Encoding mesh Loose soil particles 0002.
23:00:32 | INFO: Draco encoder: Encoding mesh Loose soil particles 0003.
23:00:32 | INFO: Draco encoder: Encoding mesh Loose soil particles 0004.
23:00:32 | INFO: Draco encoder: Encoding mesh Loose soil particles 0005.
23:00:32 | INFO: Draco encoder: Encoding mesh Loose soil particles 0006.
23:00:32 | INFO: Draco encoder: Encoding mesh Loose soil particles 0007.
23:00:32 | INFO: Draco encoder: Encoding mesh Loose soil particles 0008.
23:00:32 | INFO: Draco encoder: Encoding mesh Loose soil particles 0009.
23:00:32 | INFO: Draco encoder: Encoding mesh Loose soil particles 0010.
23:00:32 | INFO: Draco encoder: Encoding mesh Loose soil particles 0011.
23:00:32 | INFO: Draco encoder: Encoding mesh Loose soil particles 0012.
23:00:32 | INFO: Draco encoder: Encoding mesh Loose soil particles 0013.
23:00:32 | INFO: Draco encoder: Encoding mesh Loose soil particles 0014.
23:00:32 | INFO: Draco encoder: Encoding mesh Loose soil particles 0015.
23:00:32 | INFO: Draco encoder: Encoding mesh Loose soil particles 0016.
23:00:32 | INFO: Draco encoder: Encoding mesh Loose soil particles 0017.
23:00:32 | INFO: Draco encoder: Encoding mesh Loose soil particles 0018.
23:00:32 | INFO: Draco encoder: Encoding mesh Loose soil particles 0019.
23:00:32 | INFO: Draco encoder: Encoding mesh Loose soil particles 0020.
23:00:32 | INFO: Draco encoder: Encoding mesh Loose soil particles 0021.
23:00:32 | INFO: Draco encoder: Encoding mesh Loose soil particles 0022.
23:00:32 | INFO: Draco encoder: Encoding mesh Loose soil particles 0023.
23:00:32 | INFO: Draco encoder: Encoding mesh Loose soil particles 0024.
23:00:32 | INFO: Draco encoder: Encoding mesh Loose soil particles 0025.
23:00:32 | INFO: Draco encoder: Encoding mesh Loose soil particles 0026.
23:00:32 | INFO: Draco encoder: Encoding mesh Loose soil particles 0027.
23:00:32 | INFO: Draco encoder: Encoding mesh Loose soil particles 0028.
23:00:32 | INFO: Draco encoder: Encoding mesh Loose soil particles 0029.
23:00:32 | INFO: Draco encoder: Encoding mesh Loose soil particles 0030.
23:00:32 | INFO: Draco encoder: Encoding mesh Loose soil particles 0031.
23:00:32 | INFO: Draco encoder: Encoding mesh Loose soil particles 0032.
23:00:32 | INFO: Draco encoder: Encoding mesh Loose soil particles 0033.
23:00:32 | INFO: Draco encoder: Encoding mesh Loose soil particles 0034.
23:00:32 | INFO: Draco encoder: Encoding mesh Loose soil particles 0035.
23:00:32 | INFO: Draco encoder: Encoding mesh Loose soil particles 0036.
23:00:32 | INFO: Draco encoder: Encoding mesh Loose soil particles 0037.
23:00:32 | INFO: Draco encoder: Encoding mesh Loose soil particles 0038.
23:00:32 | INFO: Draco encoder: Encoding mesh Loose soil particles 0039.
23:00:32 | INFO: Draco encoder: Encoding mesh Loose soil particles 0040.
23:00:32 | INFO: Draco encoder: Encoding mesh Loose soil particles 0041.
23:00:32 | INFO: Draco encoder: Encoding mesh Loose soil particles 0042.
23:00:32 | INFO: Draco encoder: Encoding mesh Loose soil particles 0043.
23:00:32 | INFO: Draco encoder: Encoding mesh Loose soil particles 0044.
23:00:32 | INFO: Draco encoder: Encoding mesh Loose soil particles 0045.
23:00:32 | INFO: Draco encoder: Encoding mesh Loose soil particles 0046.
23:00:32 | INFO: Draco encoder: Encoding mesh Loose soil particles 0047.
23:00:32 | INFO: Draco encoder: Encoding mesh Loose soil particles 0048.
23:00:32 | INFO: Draco encoder: Encoding mesh Loose soil particles 0049.
23:00:32 | INFO: Draco encoder: Encoding mesh Loose soil particles 0050.
23:00:32 | INFO: Draco encoder: Encoding mesh Loose soil particles 0051.
23:00:32 | INFO: Draco encoder: Encoding mesh Loose soil particles 0052.
23:00:32 | INFO: Draco encoder: Encoding mesh Loose soil particles 0053.
23:00:32 | INFO: Draco encoder: Encoding mesh Loose soil particles 0054.
23:00:32 | INFO: Draco encoder: Encoding mesh Loose soil particles 0055.
23:00:32 | INFO: Draco encoder: Encoding mesh Loose soil particles 0056.
23:00:32 | INFO: Draco encoder: Encoding mesh Loose soil particles 0057.
23:00:32 | INFO: Draco encoder: Encoding mesh Loose soil particles 0058.
23:00:32 | INFO: Draco encoder: Encoding mesh Loose soil particles 0059.
23:00:32 | INFO: Draco encoder: Encoding mesh Loose soil particles 0060.
23:00:32 | INFO: Draco encoder: Encoding mesh Loose soil particles 0061.
23:00:32 | INFO: Draco encoder: Encoding mesh Loose soil particles 0062.
23:00:32 | INFO: Draco encoder: Encoding mesh Loose soil particles 0063.
23:00:32 | INFO: Draco encoder: Encoding mesh Loose soil particles 0064.
23:00:32 | INFO: Draco encoder: Encoding mesh Loose soil particles 0065.
23:00:32 | INFO: Draco encoder: Encoding mesh Loose soil particles 0066.
23:00:32 | INFO: Draco encoder: Encoding mesh Loose soil particles 0067.
23:00:32 | INFO: Draco encoder: Encoding mesh Loose soil particles 0068.
23:00:32 | INFO: Draco encoder: Encoding mesh Loose soil particles 0069.
23:00:32 | INFO: Draco encoder: Encoding mesh Loose soil particles 0070.
23:00:32 | INFO: Draco encoder: Encoding mesh Loose soil particles 0071.
23:00:32 | INFO: Draco encoder: Encoding mesh Loose soil particles 0072.
23:00:32 | INFO: Draco encoder: Encoding mesh Loose soil particles 0073.
23:00:32 | INFO: Draco encoder: Encoding mesh Loose soil particles 0074.
23:00:32 | INFO: Draco encoder: Encoding mesh Loose soil particles 0075.
23:00:32 | INFO: Draco encoder: Encoding mesh Loose soil particles 0076.
23:00:32 | INFO: Draco encoder: Encoding mesh Loose soil particles 0077.
23:00:32 | INFO: Draco encoder: Encoding mesh Loose soil particles 0078.
23:00:32 | INFO: Draco encoder: Encoding mesh Loose soil particles 0079.
23:00:32 | INFO: Draco encoder: Encoding mesh Loose soil particles 0080.
23:00:32 | INFO: Draco encoder: Encoding mesh Loose soil particles 0081.
23:00:32 | INFO: Draco encoder: Encoding mesh Loose soil particles 0082.
23:00:32 | INFO: Draco encoder: Encoding mesh Loose soil particles 0083.
23:00:32 | INFO: Draco encoder: Encoding mesh Loose soil particles 0084.
23:00:32 | INFO: Draco encoder: Encoding mesh Loose soil particles 0085.
23:00:32 | INFO: Draco encoder: Encoding mesh Loose soil particles 0086.
23:00:32 | INFO: Draco encoder: Encoding mesh Loose soil particles 0087.
23:00:32 | INFO: Draco encoder: Encoding mesh Loose soil particles 0088.
23:00:32 | INFO: Draco encoder: Encoding mesh Loose soil particles 0089.
23:00:32 | INFO: Draco encoder: Encoding mesh Loose soil particles 0090.
23:00:32 | INFO: Draco encoder: Encoding mesh Loose soil particles 0091.
23:00:32 | INFO: Draco encoder: Encoding mesh Loose soil particles 0092.
23:00:32 | INFO: Draco encoder: Encoding mesh Loose soil particles 0093.
23:00:32 | INFO: Draco encoder: Encoding mesh Loose soil particles 0094.
23:00:32 | INFO: Draco encoder: Encoding mesh Loose soil particles 0095.
23:00:32 | INFO: Draco encoder: Encoding mesh Loose soil particles 0096.
23:00:32 | INFO: Draco encoder: Encoding mesh Loose soil particles 0097.
23:00:32 | INFO: Draco encoder: Encoding mesh Loose soil particles 0098.
23:00:32 | INFO: Draco encoder: Encoding mesh Loose soil particles 0099.
23:00:32 | INFO: Draco encoder: Encoding mesh Loose soil particles 0100.
23:00:32 | INFO: Draco encoder: Encoding mesh Loose soil particles 0101.
23:00:32 | INFO: Draco encoder: Encoding mesh Loose soil particles 0102.
23:00:32 | INFO: Draco encoder: Encoding mesh Loose soil particles 0103.
23:00:32 | INFO: Draco encoder: Encoding mesh Loose soil particles 0104.
23:00:32 | INFO: Draco encoder: Encoding mesh Loose soil particles 0105.
23:00:32 | INFO: Draco encoder: Encoding mesh Loose soil particles 0106.
23:00:32 | INFO: Draco encoder: Encoding mesh Loose soil particles 0107.
23:00:32 | INFO: Draco encoder: Encoding mesh Loose soil particles 0108.
23:00:32 | INFO: Draco encoder: Encoding mesh Loose soil particles 0109.
23:00:32 | INFO: Draco encoder: Encoding mesh Loose soil particles 0110.
23:00:32 | INFO: Draco encoder: Encoding mesh Loose soil particles 0111.
23:00:32 | INFO: Draco encoder: Encoding mesh Loose soil particles 0112.
23:00:32 | INFO: Draco encoder: Encoding mesh Loose soil particles 0113.
23:00:32 | INFO: Draco encoder: Encoding mesh Loose soil particles 0114.
23:00:32 | INFO: Draco encoder: Encoding mesh Loose soil particles 0115.
23:00:32 | INFO: Draco encoder: Encoding mesh Loose soil particles 0116.
23:00:32 | INFO: Draco encoder: Encoding mesh Loose soil particles 0117.
23:00:32 | INFO: Draco encoder: Encoding mesh Loose soil particles 0118.
23:00:32 | INFO: Draco encoder: Encoding mesh Loose soil particles 0119.
23:00:32 | INFO: Draco encoder: Encoding mesh Loose soil particles 0120.
23:00:32 | INFO: Draco encoder: Encoding mesh Loose soil particles 0121.
23:00:32 | INFO: Draco encoder: Encoding mesh Loose soil particles 0122.
23:00:32 | INFO: Draco encoder: Encoding mesh Loose soil particles 0123.
23:00:32 | INFO: Draco encoder: Encoding mesh Loose soil particles 0124.
23:00:32 | INFO: Draco encoder: Encoding mesh Loose soil particles 0125.
23:00:32 | INFO: Draco encoder: Encoding mesh Loose soil particles 0126.
23:00:32 | INFO: Draco encoder: Encoding mesh Loose soil particles 0127.
23:00:32 | INFO: Draco encoder: Encoding mesh Loose soil particles 0128.
23:00:32 | INFO: Draco encoder: Encoding mesh Loose soil particles 0129.
23:00:32 | INFO: Draco encoder: Encoding mesh Loose soil particles 0130.
23:00:32 | INFO: Draco encoder: Encoding mesh Loose soil particles 0131.
23:00:32 | INFO: Draco encoder: Encoding mesh Loose soil particles 0132.
23:00:32 | INFO: Draco encoder: Encoding mesh Loose soil particles 0133.
23:00:32 | INFO: Draco encoder: Encoding mesh Loose soil particles 0134.
23:00:32 | INFO: Draco encoder: Encoding mesh Loose soil particles 0135.
23:00:32 | INFO: Draco encoder: Encoding mesh Loose soil particles 0136.
23:00:32 | INFO: Draco encoder: Encoding mesh Loose soil particles 0137.
23:00:32 | INFO: Draco encoder: Encoding mesh Loose soil particles 0138.
23:00:32 | INFO: Draco encoder: Encoding mesh Loose soil particles 0139.
23:00:32 | INFO: Draco encoder: Encoding mesh Loose soil particles 0140.
23:00:32 | INFO: Draco encoder: Encoding mesh Loose soil particles 0141.
23:00:32 | INFO: Draco encoder: Encoding mesh Loose soil particles 0142.
23:00:32 | INFO: Draco encoder: Encoding mesh Loose soil particles 0143.
23:00:32 | INFO: Draco encoder: Encoding mesh Loose soil particles 0144.
23:00:32 | INFO: Draco encoder: Encoding mesh Loose soil particles 0145.
23:00:32 | INFO: Draco encoder: Encoding mesh Loose soil particles 0146.
23:00:32 | INFO: Draco encoder: Encoding mesh Loose soil particles 0147.
23:00:32 | INFO: Draco encoder: Encoding mesh Loose soil particles 0148.
23:00:32 | INFO: Draco encoder: Encoding mesh Loose soil particles 0149.
23:00:32 | INFO: Draco encoder: Encoding mesh Loose soil particles 0150.
23:00:32 | INFO: Draco encoder: Encoding mesh Loose soil particles 0151.
23:00:32 | INFO: Draco encoder: Encoding mesh Loose soil particles 0152.
23:00:32 | INFO: Draco encoder: Encoding mesh Loose soil particles 0153.
23:00:32 | INFO: Draco encoder: Encoding mesh Loose soil particles 0154.
23:00:32 | INFO: Draco encoder: Encoding mesh Loose soil particles 0155.
23:00:32 | INFO: Draco encoder: Encoding mesh Loose soil particles 0156.
23:00:32 | INFO: Draco encoder: Encoding mesh Loose soil particles 0157.
23:00:32 | INFO: Draco encoder: Encoding mesh Loose soil particles 0158.
23:00:32 | INFO: Draco encoder: Encoding mesh Loose soil particles 0159.
23:00:32 | INFO: Draco encoder: Encoding mesh Loose soil particles 0160.
23:00:32 | INFO: Draco encoder: Encoding mesh Loose soil particles 0161.
23:00:32 | INFO: Draco encoder: Encoding mesh Loose soil particles 0162.
23:00:32 | INFO: Draco encoder: Encoding mesh Loose soil particles 0163.
23:00:32 | INFO: Draco encoder: Encoding mesh Loose soil particles 0164.
23:00:32 | INFO: Draco encoder: Encoding mesh Loose soil particles 0165.
23:00:32 | INFO: Draco encoder: Encoding mesh Loose soil particles 0166.
23:00:32 | INFO: Draco encoder: Encoding mesh Loose soil particles 0167.
23:00:32 | INFO: Draco encoder: Encoding mesh Loose soil particles 0168.
23:00:32 | INFO: Draco encoder: Encoding mesh Loose soil particles 0169.
23:00:32 | INFO: Draco encoder: Encoding mesh Loose soil particles 0170.
23:00:32 | INFO: Draco encoder: Encoding mesh Loose soil particles 0171.
23:00:32 | INFO: Draco encoder: Encoding mesh Loose soil particles 0172.
23:00:32 | INFO: Draco encoder: Encoding mesh Loose soil particles 0173.
23:00:32 | INFO: Draco encoder: Encoding mesh Loose soil particles 0174.
23:00:32 | INFO: Draco encoder: Encoding mesh Loose soil particles 0175.
23:00:32 | INFO: Draco encoder: Encoding mesh Loose soil particles 0176.
23:00:32 | INFO: Draco encoder: Encoding mesh Loose soil particles 0177.
23:00:32 | INFO: Draco encoder: Encoding mesh Loose soil particles 0178.
23:00:32 | INFO: Draco encoder: Encoding mesh Loose soil particles 0179.
23:00:32 | INFO: Draco encoder: Encoding mesh Loose soil particles 0180.
23:00:32 | INFO: Draco encoder: Encoding mesh Loose soil particles 0181.
23:00:32 | INFO: Draco encoder: Encoding mesh Loose soil particles 0182.
23:00:32 | INFO: Draco encoder: Encoding mesh Loose soil particles 0183.
23:00:32 | INFO: Draco encoder: Encoding mesh Loose soil particles 0184.
23:00:32 | INFO: Draco encoder: Encoding mesh Loose soil particles 0185.
23:00:32 | INFO: Draco encoder: Encoding mesh Loose soil particles 0186.
23:00:32 | INFO: Draco encoder: Encoding mesh Loose soil particles 0187.
23:00:32 | INFO: Draco encoder: Encoding mesh Loose soil particles 0188.
23:00:32 | INFO: Draco encoder: Encoding mesh Loose soil particles 0189.
23:00:32 | INFO: Draco encoder: Encoding mesh Loose soil particles 0190.
23:00:32 | INFO: Draco encoder: Encoding mesh Loose soil particles 0191.
23:00:32 | INFO: Draco encoder: Encoding mesh Loose soil particles 0192.
23:00:32 | INFO: Draco encoder: Encoding mesh Loose soil particles 0193.
23:00:32 | INFO: Draco encoder: Encoding mesh Loose soil particles 0194.
23:00:32 | INFO: Draco encoder: Encoding mesh Loose soil particles 0195.
23:00:32 | INFO: Draco encoder: Encoding mesh Loose soil particles 0196.
23:00:32 | INFO: Draco encoder: Encoding mesh Loose soil particles 0197.
23:00:32 | INFO: Draco encoder: Encoding mesh Loose soil particles 0198.
23:00:32 | INFO: Draco encoder: Encoding mesh Loose soil particles 0199.
23:00:32 | INFO: Draco encoder: Encoding mesh Loose soil particles 0200.
23:00:32 | INFO: Draco encoder: Encoding mesh Loose soil particles 0201.
23:00:32 | INFO: Draco encoder: Encoding mesh Loose soil particles 0202.
23:00:32 | INFO: Draco encoder: Encoding mesh Loose soil particles 0203.
23:00:32 | INFO: Draco encoder: Encoding mesh Loose soil particles 0204.
23:00:32 | INFO: Draco encoder: Encoding mesh Loose soil particles 0205.
23:00:32 | INFO: Draco encoder: Encoding mesh Loose soil particles 0206.
23:00:32 | INFO: Draco encoder: Encoding mesh Loose soil particles 0207.
23:00:32 | INFO: Draco encoder: Encoding mesh Loose soil particles 0208.
23:00:32 | INFO: Draco encoder: Encoding mesh Loose soil particles 0209.
23:00:32 | INFO: Draco encoder: Encoding mesh Loose soil particles 0210.
23:00:32 | INFO: Draco encoder: Encoding mesh Loose soil particles 0211.
23:00:32 | INFO: Draco encoder: Encoding mesh Loose soil particles 0212.
23:00:32 | INFO: Draco encoder: Encoding mesh Loose soil particles 0213.
23:00:32 | INFO: Draco encoder: Encoding mesh Loose soil particles 0214.
23:00:32 | INFO: Draco encoder: Encoding mesh Loose soil particles 0215.
23:00:32 | INFO: Draco encoder: Encoding mesh Loose soil particles 0216.
23:00:32 | INFO: Draco encoder: Encoding mesh Loose soil particles 0217.
23:00:32 | INFO: Draco encoder: Encoding mesh Loose soil particles 0218.
23:00:32 | INFO: Draco encoder: Encoding mesh Loose soil particles 0219.
23:00:32 | INFO: Draco encoder: Encoding mesh Loose soil particles 0220.
23:00:32 | INFO: Draco encoder: Encoding mesh Loose soil particles 0221.
23:00:32 | INFO: Draco encoder: Encoding mesh Loose soil particles 0222.
23:00:32 | INFO: Draco encoder: Encoding mesh Loose soil particles 0223.
23:00:32 | INFO: Draco encoder: Encoding mesh Loose soil particles 0224.
23:00:32 | INFO: Draco encoder: Encoding mesh Loose soil particles 0225.
23:00:32 | INFO: Draco encoder: Encoding mesh Loose soil particles 0226.
23:00:32 | INFO: Draco encoder: Encoding mesh Loose soil particles 0227.
23:00:32 | INFO: Draco encoder: Encoding mesh Loose soil particles 0228.
23:00:32 | INFO: Draco encoder: Encoding mesh Loose soil particles 0229.
23:00:32 | INFO: Draco encoder: Encoding mesh Loose soil particles 0230.
23:00:32 | INFO: Draco encoder: Encoding mesh Loose soil particles 0231.
23:00:32 | INFO: Draco encoder: Encoding mesh Loose soil particles 0232.
23:00:32 | INFO: Draco encoder: Encoding mesh Loose soil particles 0233.
23:00:32 | INFO: Draco encoder: Encoding mesh Loose soil particles 0234.
23:00:32 | INFO: Draco encoder: Encoding mesh Loose soil particles 0235.
23:00:32 | INFO: Draco encoder: Encoding mesh Loose soil particles 0236.
23:00:32 | INFO: Draco encoder: Encoding mesh Loose soil particles 0237.
23:00:32 | INFO: Draco encoder: Encoding mesh Loose soil particles 0238.
23:00:32 | INFO: Draco encoder: Encoding mesh Loose soil particles 0239.
23:00:32 | INFO: Draco encoder: Encoding mesh Loose soil particles 0240.
23:00:32 | INFO: Draco encoder: Encoding mesh Loose soil particles 0241.
23:00:32 | INFO: Draco encoder: Encoding mesh Loose soil particles 0242.
23:00:32 | INFO: Draco encoder: Encoding mesh Loose soil particles 0243.
23:00:32 | INFO: Draco encoder: Encoding mesh Loose soil particles 0244.
23:00:32 | INFO: Draco encoder: Encoding mesh Loose soil particles 0245.
23:00:32 | INFO: Draco encoder: Encoding mesh Loose soil particles 0246.
23:00:32 | INFO: Draco encoder: Encoding mesh Loose soil particles 0247.
23:00:32 | INFO: Draco encoder: Encoding mesh Loose soil particles 0248.
23:00:32 | INFO: Draco encoder: Encoding mesh Loose soil particles 0249.
23:00:32 | INFO: Draco encoder: Encoding mesh Loose soil particles 0250.
23:00:32 | INFO: Draco encoder: Encoding mesh Loose soil particles 0251.
23:00:32 | INFO: Draco encoder: Encoding mesh Loose soil particles 0252.
23:00:32 | INFO: Draco encoder: Encoding mesh Loose soil particles 0253.
23:00:32 | INFO: Draco encoder: Encoding mesh Loose soil particles 0254.
23:00:32 | INFO: Draco encoder: Encoding mesh Loose soil particles 0255.
23:00:32 | INFO: Draco encoder: Encoding mesh Loose soil particles 0256.
23:00:32 | INFO: Draco encoder: Encoding mesh Loose soil particles 0257.
23:00:32 | INFO: Draco encoder: Encoding mesh Loose soil particles 0258.
23:00:32 | INFO: Draco encoder: Encoding mesh Loose soil particles 0259.
23:00:32 | INFO: Draco encoder: Encoding mesh Loose soil particles 0260.
23:00:32 | INFO: Draco encoder: Encoding mesh Loose soil particles 0261.
23:00:32 | INFO: Draco encoder: Encoding mesh Loose soil particles 0262.
23:00:32 | INFO: Draco encoder: Encoding mesh Loose soil particles 0263.
23:00:32 | INFO: Draco encoder: Encoding mesh Loose soil particles 0264.
23:00:32 | INFO: Draco encoder: Encoding mesh Loose soil particles 0265.
23:00:32 | INFO: Draco encoder: Encoding mesh Loose soil particles 0266.
23:00:32 | INFO: Draco encoder: Encoding mesh Loose soil particles 0267.
23:00:32 | INFO: Draco encoder: Encoding mesh Loose soil particles 0268.
23:00:32 | INFO: Draco encoder: Encoding mesh Loose soil particles 0269.
23:00:32 | INFO: Draco encoder: Encoding mesh Loose soil particles 0270.
23:00:32 | INFO: Draco encoder: Encoding mesh Loose soil particles 0271.
23:00:32 | INFO: Draco encoder: Encoding mesh Loose soil particles 0272.
23:00:32 | INFO: Draco encoder: Encoding mesh Loose soil particles 0273.
23:00:32 | INFO: Draco encoder: Encoding mesh Loose soil particles 0274.
23:00:32 | INFO: Draco encoder: Encoding mesh Loose soil particles 0275.
23:00:32 | INFO: Draco encoder: Encoding mesh Loose soil particles 0276.
23:00:32 | INFO: Draco encoder: Encoding mesh Loose soil particles 0277.
23:00:32 | INFO: Draco encoder: Encoding mesh Loose soil particles 0278.
23:00:32 | INFO: Draco encoder: Encoding mesh Loose soil particles 0279.
23:00:32 | INFO: Draco encoder: Encoding mesh Loose soil particles 0280.
23:00:32 | INFO: Draco encoder: Encoding mesh Loose soil particles 0281.
23:00:32 | INFO: Draco encoder: Encoding mesh Loose soil particles 0282.
23:00:32 | INFO: Draco encoder: Encoding mesh Loose soil particles 0283.
23:00:32 | INFO: Draco encoder: Encoding mesh Loose soil particles 0284.
23:00:32 | INFO: Draco encoder: Encoding mesh Loose soil particles 0285.
23:00:32 | INFO: Draco encoder: Encoding mesh Loose soil particles 0286.
23:00:32 | INFO: Draco encoder: Encoding mesh Loose soil particles 0287.
23:00:32 | INFO: Draco encoder: Encoding mesh Loose soil particles 0288.
23:00:32 | INFO: Draco encoder: Encoding mesh Loose soil particles 0289.
23:00:32 | INFO: Draco encoder: Encoding mesh Loose soil particles 0290.
23:00:32 | INFO: Draco encoder: Encoding mesh Loose soil particles 0291.
23:00:32 | INFO: Draco encoder: Encoding mesh Loose soil particles 0292.
23:00:32 | INFO: Draco encoder: Encoding mesh Loose soil particles 0293.
23:00:32 | INFO: Draco encoder: Encoding mesh Loose soil particles 0294.
23:00:32 | INFO: Draco encoder: Encoding mesh Loose soil particles 0295.
23:00:32 | INFO: Draco encoder: Encoding mesh Loose soil particles 0296.
23:00:32 | INFO: Draco encoder: Encoding mesh Loose soil particles 0297.
23:00:32 | INFO: Draco encoder: Encoding mesh Loose soil particles 0298.
23:00:32 | INFO: Draco encoder: Encoding mesh Loose soil particles 0299.
23:00:32 | INFO: Draco encoder: Encoding mesh Loose soil particles 0300.
23:00:32 | INFO: Draco encoder: Encoding mesh Loose soil particles 0301.
23:00:32 | INFO: Draco encoder: Encoding mesh Loose soil particles 0302.
23:00:32 | INFO: Draco encoder: Encoding mesh Loose soil particles 0303.
23:00:32 | INFO: Draco encoder: Encoding mesh Loose soil particles 0304.
23:00:32 | INFO: Draco encoder: Encoding mesh Loose soil particles 0305.
23:00:32 | INFO: Draco encoder: Encoding mesh Loose soil particles 0306.
23:00:32 | INFO: Draco encoder: Encoding mesh Loose soil particles 0307.
23:00:32 | INFO: Draco encoder: Encoding mesh Loose soil particles 0308.
23:00:32 | INFO: Draco encoder: Encoding mesh Loose soil particles 0309.
23:00:32 | INFO: Draco encoder: Encoding mesh Loose soil particles 0310.
23:00:32 | INFO: Draco encoder: Encoding mesh Loose soil particles 0311.
23:00:32 | INFO: Draco encoder: Encoding mesh Loose soil particles 0312.
23:00:32 | INFO: Draco encoder: Encoding mesh Loose soil particles 0313.
23:00:32 | INFO: Draco encoder: Encoding mesh Loose soil particles 0314.
23:00:32 | INFO: Draco encoder: Encoding mesh Loose soil particles 0315.
23:00:32 | INFO: Draco encoder: Encoding mesh Loose soil particles 0316.
23:00:32 | INFO: Draco encoder: Encoding mesh Loose soil particles 0317.
23:00:32 | INFO: Draco encoder: Encoding mesh Loose soil particles 0318.
23:00:32 | INFO: Draco encoder: Encoding mesh Loose soil particles 0319.
23:00:32 | INFO: Draco encoder: Encoding mesh Loose soil particles 0320.
23:00:32 | INFO: Draco encoder: Encoding mesh Loose soil particles 0321.
23:00:32 | INFO: Draco encoder: Encoding mesh Loose soil particles 0322.
23:00:32 | INFO: Draco encoder: Encoding mesh Loose soil particles 0323.
23:00:32 | INFO: Draco encoder: Encoding mesh Loose soil particles 0324.
23:00:32 | INFO: Draco encoder: Encoding mesh Loose soil particles 0325.
23:00:32 | INFO: Draco encoder: Encoding mesh Loose soil particles 0326.
23:00:32 | INFO: Draco encoder: Encoding mesh Loose soil particles 0327.
23:00:32 | INFO: Draco encoder: Encoding mesh Loose soil particles 0328.
23:00:32 | INFO: Draco encoder: Encoding mesh Loose soil particles 0329.
23:00:32 | INFO: Draco encoder: Encoding mesh Loose soil particles 0330.
23:00:32 | INFO: Draco encoder: Encoding mesh Loose soil particles 0331.
23:00:32 | INFO: Draco encoder: Encoding mesh Loose soil particles 0332.
23:00:32 | INFO: Draco encoder: Encoding mesh Loose soil particles 0333.
23:00:32 | INFO: Draco encoder: Encoding mesh Loose soil particles 0334.
23:00:32 | INFO: Draco encoder: Encoding mesh Loose soil particles 0335.
23:00:32 | INFO: Draco encoder: Encoding mesh Loose soil particles 0336.
23:00:32 | INFO: Draco encoder: Encoding mesh Loose soil particles 0337.
23:00:32 | INFO: Draco encoder: Encoding mesh Loose soil particles 0338.
23:00:32 | INFO: Draco encoder: Encoding mesh Loose soil particles 0339.
23:00:32 | INFO: Draco encoder: Encoding mesh Loose soil particles 0340.
23:00:32 | INFO: Draco encoder: Encoding mesh Loose soil particles 0341.
23:00:32 | INFO: Draco encoder: Encoding mesh Loose soil particles 0342.
23:00:32 | INFO: Draco encoder: Encoding mesh Loose soil particles 0343.
23:00:32 | INFO: Draco encoder: Encoding mesh Loose soil particles 0344.
23:00:32 | INFO: Draco encoder: Encoding mesh Loose soil particles 0345.
23:00:32 | INFO: Draco encoder: Encoding mesh Loose soil particles 0346.
23:00:32 | INFO: Draco encoder: Encoding mesh Loose soil particles 0347.
23:00:32 | INFO: Draco encoder: Encoding mesh Loose soil particles 0348.
23:00:32 | INFO: Draco encoder: Encoding mesh Loose soil particles 0349.
23:00:32 | INFO: Draco encoder: Encoding mesh Loose soil particles 0350.
23:00:32 | INFO: Draco encoder: Encoding mesh Loose soil particles 0351.
23:00:32 | INFO: Draco encoder: Encoding mesh Loose soil particles 0352.
23:00:32 | INFO: Draco encoder: Encoding mesh Loose soil particles 0353.
23:00:32 | INFO: Draco encoder: Encoding mesh Loose soil particles 0354.
23:00:32 | INFO: Draco encoder: Encoding mesh Loose soil particles 0355.
23:00:32 | INFO: Draco encoder: Encoding mesh Loose soil particles 0356.
23:00:32 | INFO: Draco encoder: Encoding mesh Loose soil particles 0357.
23:00:32 | INFO: Draco encoder: Encoding mesh Loose soil particles 0358.
23:00:32 | INFO: Draco encoder: Encoding mesh Loose soil particles 0359.
23:00:32 | INFO: Draco encoder: Encoding mesh Loose soil particles 0360.
23:00:32 | INFO: Draco encoder: Encoding mesh Loose soil particles 0361.
23:00:32 | INFO: Draco encoder: Encoding mesh Loose soil particles 0362.
23:00:32 | INFO: Draco encoder: Encoding mesh Loose soil particles 0363.
23:00:32 | INFO: Draco encoder: Encoding mesh Loose soil particles 0364.
23:00:32 | INFO: Draco encoder: Encoding mesh Loose soil particles 0365.
23:00:32 | INFO: Draco encoder: Encoding mesh Loose soil particles 0366.
23:00:32 | INFO: Draco encoder: Encoding mesh Loose soil particles 0367.
23:00:32 | INFO: Draco encoder: Encoding mesh Loose soil particles 0368.
23:00:32 | INFO: Draco encoder: Encoding mesh Loose soil particles 0369.
23:00:32 | INFO: Draco encoder: Encoding mesh Loose soil particles 0370.
23:00:32 | INFO: Draco encoder: Encoding mesh Loose soil particles 0371.
23:00:32 | INFO: Draco encoder: Encoding mesh Loose soil particles 0372.
23:00:32 | INFO: Draco encoder: Encoding mesh Loose soil particles 0373.
23:00:32 | INFO: Draco encoder: Encoding mesh Loose soil particles 0374.
23:00:32 | INFO: Draco encoder: Encoding mesh Loose soil particles 0375.
23:00:32 | INFO: Draco encoder: Encoding mesh Loose soil particles 0376.
23:00:32 | INFO: Draco encoder: Encoding mesh Loose soil particles 0377.
23:00:32 | INFO: Draco encoder: Encoding mesh Loose soil particles 0378.
23:00:32 | INFO: Draco encoder: Encoding mesh Loose soil particles 0379.
23:00:32 | INFO: Draco encoder: Encoding mesh Loose soil particles 0380.
23:00:32 | INFO: Draco encoder: Encoding mesh Loose soil particles 0381.
23:00:32 | INFO: Draco encoder: Encoding mesh Loose soil particles 0382.
23:00:32 | INFO: Draco encoder: Encoding mesh Loose soil particles 0383.
23:00:32 | INFO: Draco encoder: Encoding mesh Loose soil particles 0384.
23:00:32 | INFO: Draco encoder: Encoding mesh Loose soil particles 0385.
23:00:32 | INFO: Draco encoder: Encoding mesh Loose soil particles 0386.
23:00:32 | INFO: Draco encoder: Encoding mesh Loose soil particles 0387.
23:00:32 | INFO: Draco encoder: Encoding mesh Loose soil particles 0388.
23:00:32 | INFO: Draco encoder: Encoding mesh Loose soil particles 0389.
23:00:32 | INFO: Draco encoder: Encoding mesh Loose soil particles 0390.
23:00:32 | INFO: Draco encoder: Encoding mesh Loose soil particles 0391.
23:00:32 | INFO: Draco encoder: Encoding mesh Loose soil particles 0392.
23:00:32 | INFO: Draco encoder: Encoding mesh Loose soil particles 0393.
23:00:32 | INFO: Draco encoder: Encoding mesh Loose soil particles 0394.
23:00:32 | INFO: Draco encoder: Encoding mesh Loose soil particles 0395.
23:00:32 | INFO: Draco encoder: Encoding mesh Loose soil particles 0396.
23:00:32 | INFO: Draco encoder: Encoding mesh Loose soil particles 0397.
23:00:32 | INFO: Draco encoder: Encoding mesh Loose soil particles 0398.
23:00:32 | INFO: Draco encoder: Encoding mesh Loose soil particles 0399.
23:00:32 | INFO: Draco encoder: Encoding mesh Loose soil particles 0400.
23:00:32 | INFO: Draco encoder: Encoding mesh Loose soil particles 0401.
23:00:32 | INFO: Draco encoder: Encoding mesh Loose soil particles 0402.
23:00:32 | INFO: Draco encoder: Encoding mesh Loose soil particles 0403.
23:00:32 | INFO: Draco encoder: Encoding mesh Loose soil particles 0404.
23:00:32 | INFO: Draco encoder: Encoding mesh Loose soil particles 0405.
23:00:32 | INFO: Draco encoder: Encoding mesh Loose soil particles 0406.
23:00:32 | INFO: Draco encoder: Encoding mesh Loose soil particles 0407.
23:00:32 | INFO: Draco encoder: Encoding mesh Loose soil particles 0408.
23:00:32 | INFO: Draco encoder: Encoding mesh Loose soil particles 0409.
23:00:32 | INFO: Draco encoder: Encoding mesh Loose soil particles 0410.
23:00:32 | INFO: Draco encoder: Encoding mesh Loose soil particles 0411.
23:00:32 | INFO: Draco encoder: Encoding mesh Loose soil particles 0412.
23:00:32 | INFO: Draco encoder: Encoding mesh Loose soil particles 0413.
23:00:32 | INFO: Draco encoder: Encoding mesh Loose soil particles 0414.
23:00:32 | INFO: Draco encoder: Encoding mesh Loose soil particles 0415.
23:00:32 | INFO: Draco encoder: Encoding mesh Loose soil particles 0416.
23:00:32 | INFO: Draco encoder: Encoding mesh Loose soil particles 0417.
23:00:32 | INFO: Draco encoder: Encoding mesh Loose soil particles 0418.
23:00:32 | INFO: Draco encoder: Encoding mesh Loose soil particles 0419.
23:00:32 | INFO: Draco encoder: Encoding mesh Loose soil particles 0420.
23:00:32 | INFO: Draco encoder: Encoding mesh Loose soil particles 0421.
23:00:32 | INFO: Draco encoder: Encoding mesh Loose soil particles 0422.
23:00:32 | INFO: Draco encoder: Encoding mesh Loose soil particles 0423.
23:00:32 | INFO: Draco encoder: Encoding mesh Loose soil particles 0424.
23:00:32 | INFO: Draco encoder: Encoding mesh Loose soil particles 0425.
23:00:32 | INFO: Draco encoder: Encoding mesh Loose soil particles 0426.
23:00:32 | INFO: Draco encoder: Encoding mesh Loose soil particles 0427.
23:00:32 | INFO: Draco encoder: Encoding mesh Loose soil particles 0428.
23:00:32 | INFO: Draco encoder: Encoding mesh Loose soil particles 0429.
23:00:32 | INFO: Draco encoder: Encoding mesh Loose soil particles 0430.
23:00:32 | INFO: Draco encoder: Encoding mesh Loose soil particles 0431.
23:00:32 | INFO: Draco encoder: Encoding mesh Loose soil particles 0432.
23:00:32 | INFO: Draco encoder: Encoding mesh Loose soil particles 0433.
23:00:32 | INFO: Draco encoder: Encoding mesh Loose soil particles 0434.
23:00:32 | INFO: Draco encoder: Encoding mesh Loose soil particles 0435.
23:00:32 | INFO: Draco encoder: Encoding mesh Loose soil particles 0436.
23:00:32 | INFO: Draco encoder: Encoding mesh Loose soil particles 0437.
23:00:32 | INFO: Draco encoder: Encoding mesh Loose soil particles 0438.
23:00:32 | INFO: Draco encoder: Encoding mesh Loose soil particles 0439.
23:00:32 | INFO: Draco encoder: Encoding mesh Loose soil particles 0440.
23:00:32 | INFO: Draco encoder: Encoding mesh Loose soil particles 0441.
23:00:32 | INFO: Draco encoder: Encoding mesh Loose soil particles 0442.
23:00:32 | INFO: Draco encoder: Encoding mesh Loose soil particles 0443.
23:00:32 | INFO: Draco encoder: Encoding mesh Loose soil particles 0444.
23:00:32 | INFO: Draco encoder: Encoding mesh Loose soil particles 0445.
23:00:32 | INFO: Draco encoder: Encoding mesh Loose soil particles 0446.
23:00:32 | INFO: Draco encoder: Encoding mesh Loose soil particles 0447.
23:00:32 | INFO: Draco encoder: Encoding mesh Loose soil particles 0448.
23:00:32 | INFO: Draco encoder: Encoding mesh Loose soil particles 0449.
23:00:32 | INFO: Draco encoder: Encoding mesh Loose soil particles 0450.
23:00:32 | INFO: Draco encoder: Encoding mesh Loose soil particles 0451.
23:00:32 | INFO: Draco encoder: Encoding mesh Loose soil particles 0452.
23:00:32 | INFO: Draco encoder: Encoding mesh Loose soil particles 0453.
23:00:32 | INFO: Draco encoder: Encoding mesh Loose soil particles 0454.
23:00:32 | INFO: Draco encoder: Encoding mesh Loose soil particles 0455.
23:00:32 | INFO: Draco encoder: Encoding mesh Loose soil particles 0456.
23:00:32 | INFO: Draco encoder: Encoding mesh Loose soil particles 0457.
23:00:32 | INFO: Draco encoder: Encoding mesh Loose soil particles 0458.
23:00:32 | INFO: Draco encoder: Encoding mesh Loose soil particles 0459.
23:00:32 | INFO: Draco encoder: Encoding mesh Loose soil particles 0460.
23:00:32 | INFO: Draco encoder: Encoding mesh Loose soil particles 0461.
23:00:32 | INFO: Draco encoder: Encoding mesh Loose soil particles 0462.
23:00:32 | INFO: Draco encoder: Encoding mesh Loose soil particles 0463.
23:00:32 | INFO: Draco encoder: Encoding mesh Loose soil particles 0464.
23:00:32 | INFO: Draco encoder: Encoding mesh Loose soil particles 0465.
23:00:32 | INFO: Draco encoder: Encoding mesh Loose soil particles 0466.
23:00:32 | INFO: Draco encoder: Encoding mesh Loose soil particles 0467.
23:00:32 | INFO: Draco encoder: Encoding mesh Loose soil particles 0468.
23:00:32 | INFO: Draco encoder: Encoding mesh Loose soil particles 0469.
23:00:32 | INFO: Draco encoder: Encoding mesh Loose soil particles 0470.
23:00:32 | INFO: Draco encoder: Encoding mesh Loose soil particles 0471.
23:00:32 | INFO: Draco encoder: Encoding mesh Loose soil particles 0472.
23:00:32 | INFO: Draco encoder: Encoding mesh Loose soil particles 0473.
23:00:32 | INFO: Draco encoder: Encoding mesh Loose soil particles 0474.
23:00:32 | INFO: Draco encoder: Encoding mesh Loose soil particles 0475.
23:00:32 | INFO: Draco encoder: Encoding mesh Loose soil particles 0476.
23:00:32 | INFO: Draco encoder: Encoding mesh Loose soil particles 0477.
23:00:32 | INFO: Draco encoder: Encoding mesh Loose soil particles 0478.
23:00:32 | INFO: Draco encoder: Encoding mesh Loose soil particles 0479.
23:00:32 | INFO: Draco encoder: Encoding mesh Loose soil particles 0480.
23:00:32 | INFO: Draco encoder: Encoding mesh Loose soil particles 0481.
23:00:32 | INFO: Draco encoder: Encoding mesh Loose soil particles 0482.
23:00:32 | INFO: Draco encoder: Encoding mesh Loose soil particles 0483.
23:00:32 | INFO: Draco encoder: Encoding mesh Loose soil particles 0484.
23:00:32 | INFO: Draco encoder: Encoding mesh Loose soil particles 0485.
23:00:32 | INFO: Draco encoder: Encoding mesh Loose soil particles 0486.
23:00:32 | INFO: Draco encoder: Encoding mesh Loose soil particles 0487.
23:00:32 | INFO: Draco encoder: Encoding mesh Loose soil particles 0488.
23:00:32 | INFO: Draco encoder: Encoding mesh Loose soil particles 0489.
23:00:32 | INFO: Draco encoder: Encoding mesh Loose soil particles 0490.
23:00:32 | INFO: Draco encoder: Encoding mesh Loose soil particles 0491.
23:00:32 | INFO: Draco encoder: Encoding mesh Loose soil particles 0492.
23:00:32 | INFO: Draco encoder: Encoding mesh Loose soil particles 0493.
23:00:32 | INFO: Draco encoder: Encoding mesh Loose soil particles 0494.
23:00:32 | INFO: Draco encoder: Encoding mesh Loose soil particles 0495.
23:00:32 | INFO: Draco encoder: Encoding mesh Loose soil particles 0496.
23:00:32 | INFO: Draco encoder: Encoding mesh Loose soil particles 0497.
23:00:32 | INFO: Draco encoder: Encoding mesh Loose soil particles 0498.
23:00:32 | INFO: Draco encoder: Encoding mesh Loose soil particles 0499.
23:00:32 | INFO: Draco encoder: Encoding mesh Loose soil particles 0500.
23:00:32 | INFO: Draco encoder: Encoding mesh Loose soil particles 0501.
23:00:32 | INFO: Draco encoder: Encoding mesh Loose soil particles 0502.
23:00:32 | INFO: Draco encoder: Encoding mesh Loose soil particles 0503.
23:00:32 | INFO: Draco encoder: Encoding mesh Loose soil particles 0504.
23:00:32 | INFO: Draco encoder: Encoding mesh Loose soil particles 0505.
23:00:32 | INFO: Draco encoder: Encoding mesh Loose soil particles 0506.
23:00:32 | INFO: Draco encoder: Encoding mesh Loose soil particles 0507.
23:00:32 | INFO: Draco encoder: Encoding mesh Loose soil particles 0508.
23:00:32 | INFO: Draco encoder: Encoding mesh Loose soil particles 0509.
23:00:32 | INFO: Draco encoder: Encoding mesh Loose soil particles 0510.
23:00:32 | INFO: Draco encoder: Encoding mesh Loose soil particles 0511.
23:00:32 | INFO: Draco encoder: Encoding mesh Loose soil particles 0512.
23:00:32 | INFO: Draco encoder: Encoding mesh Loose soil particles 0513.
23:00:32 | INFO: Draco encoder: Encoding mesh Loose soil particles 0514.
23:00:32 | INFO: Draco encoder: Encoding mesh Loose soil particles 0515.
23:00:32 | INFO: Draco encoder: Encoding mesh Loose soil particles 0516.
23:00:32 | INFO: Draco encoder: Encoding mesh Loose soil particles 0517.
23:00:32 | INFO: Draco encoder: Encoding mesh Loose soil particles 0518.
23:00:32 | INFO: Draco encoder: Encoding mesh Loose soil particles 0519.
23:00:32 | INFO: Draco encoder: Encoding mesh Loose soil particles 0520.
23:00:32 | INFO: Draco encoder: Encoding mesh Loose soil particles 0521.
23:00:32 | INFO: Draco encoder: Encoding mesh Loose soil particles 0522.
23:00:32 | INFO: Draco encoder: Encoding mesh Loose soil particles 0523.
23:00:32 | INFO: Draco encoder: Encoding mesh Loose soil particles 0524.
23:00:32 | INFO: Draco encoder: Encoding mesh Loose soil particles 0525.
23:00:32 | INFO: Draco encoder: Encoding mesh Loose soil particles 0526.
23:00:32 | INFO: Draco encoder: Encoding mesh Loose soil particles 0527.
23:00:32 | INFO: Draco encoder: Encoding mesh Loose soil particles 0528.
23:00:32 | INFO: Draco encoder: Encoding mesh Loose soil particles 0529.
23:00:32 | INFO: Draco encoder: Encoding mesh Loose soil particles 0530.
23:00:32 | INFO: Draco encoder: Encoding mesh Loose soil particles 0531.
23:00:32 | INFO: Draco encoder: Encoding mesh Loose soil particles 0532.
23:00:32 | INFO: Draco encoder: Encoding mesh Loose soil particles 0533.
23:00:32 | INFO: Draco encoder: Encoding mesh Loose soil particles 0534.
23:00:32 | INFO: Draco encoder: Encoding mesh Loose soil particles 0535.
23:00:32 | INFO: Draco encoder: Encoding mesh Loose soil particles 0536.
23:00:32 | INFO: Draco encoder: Encoding mesh Loose soil particles 0537.
23:00:32 | INFO: Draco encoder: Encoding mesh Loose soil particles 0538.
23:00:32 | INFO: Draco encoder: Encoding mesh Loose soil particles 0539.
23:00:32 | INFO: Draco encoder: Encoding mesh Loose soil particles 0540.
23:00:32 | INFO: Draco encoder: Encoding mesh Loose soil particles 0541.
23:00:32 | INFO: Draco encoder: Encoding mesh Loose soil particles 0542.
23:00:32 | INFO: Draco encoder: Encoding mesh Loose soil particles 0543.
23:00:32 | INFO: Draco encoder: Encoding mesh Loose soil particles 0544.
23:00:32 | INFO: Draco encoder: Encoding mesh Loose soil particles 0545.
23:00:32 | INFO: Draco encoder: Encoding mesh Loose soil particles 0546.
23:00:32 | INFO: Draco encoder: Encoding mesh Loose soil particles 0547.
23:00:32 | INFO: Draco encoder: Encoding mesh Loose soil particles 0548.
23:00:32 | INFO: Draco encoder: Encoding mesh Loose soil particles 0549.
23:00:32 | INFO: Draco encoder: Encoding mesh Loose soil particles 0550.
23:00:32 | INFO: Draco encoder: Encoding mesh Loose soil particles 0551.
23:00:32 | INFO: Draco encoder: Encoding mesh Loose soil particles 0552.
23:00:32 | INFO: Draco encoder: Encoding mesh Loose soil particles 0553.
23:00:32 | INFO: Draco encoder: Encoding mesh Loose soil particles 0554.
23:00:32 | INFO: Draco encoder: Encoding mesh Loose soil particles 0555.
23:00:32 | INFO: Draco encoder: Encoding mesh Loose soil particles 0556.
23:00:32 | INFO: Draco encoder: Encoding mesh Loose soil particles 0557.
23:00:32 | INFO: Draco encoder: Encoding mesh Loose soil particles 0558.
23:00:32 | INFO: Draco encoder: Encoding mesh Loose soil particles 0559.
23:00:32 | INFO: Draco encoder: Encoding mesh Loose soil particles 0560.
23:00:32 | INFO: Draco encoder: Encoding mesh Loose soil particles 0561.
23:00:32 | INFO: Draco encoder: Encoding mesh Loose soil particles 0562.
23:00:32 | INFO: Draco encoder: Encoding mesh Loose soil particles 0563.
23:00:32 | INFO: Draco encoder: Encoding mesh Loose soil particles 0564.
23:00:32 | INFO: Draco encoder: Encoding mesh Loose soil particles 0565.
23:00:32 | INFO: Draco encoder: Encoding mesh Loose soil particles 0566.
23:00:32 | INFO: Draco encoder: Encoding mesh Loose soil particles 0567.
23:00:32 | INFO: Draco encoder: Encoding mesh Loose soil particles 0568.
23:00:32 | INFO: Draco encoder: Encoding mesh Loose soil particles 0569.
23:00:32 | INFO: Draco encoder: Encoding mesh Loose soil particles 0570.
23:00:32 | INFO: Draco encoder: Encoding mesh Loose soil particles 0571.
23:00:32 | INFO: Draco encoder: Encoding mesh Loose soil particles 0572.
23:00:32 | INFO: Draco encoder: Encoding mesh Loose soil particles 0573.
23:00:32 | INFO: Draco encoder: Encoding mesh Loose soil particles 0574.
23:00:32 | INFO: Draco encoder: Encoding mesh Loose soil particles 0575.
23:00:32 | INFO: Draco encoder: Encoding mesh Loose soil particles 0576.
23:00:32 | INFO: Draco encoder: Encoding mesh Loose soil particles 0577.
23:00:32 | INFO: Draco encoder: Encoding mesh Loose soil particles 0578.
23:00:32 | INFO: Draco encoder: Encoding mesh Loose soil particles 0579.
23:00:32 | INFO: Draco encoder: Encoding mesh Loose soil particles 0580.
23:00:32 | INFO: Draco encoder: Encoding mesh Loose soil particles 0581.
23:00:32 | INFO: Draco encoder: Encoding mesh Loose soil particles 0582.
23:00:32 | INFO: Draco encoder: Encoding mesh Loose soil particles 0583.
23:00:32 | INFO: Draco encoder: Encoding mesh Loose soil particles 0584.
23:00:32 | INFO: Draco encoder: Encoding mesh Loose soil particles 0585.
23:00:32 | INFO: Draco encoder: Encoding mesh Loose soil particles 0586.
23:00:32 | INFO: Draco encoder: Encoding mesh Loose soil particles 0587.
23:00:32 | INFO: Draco encoder: Encoding mesh Loose soil particles 0588.
23:00:32 | INFO: Draco encoder: Encoding mesh Loose soil particles 0589.
23:00:32 | INFO: Draco encoder: Encoding mesh Loose soil particles 0590.
23:00:32 | INFO: Draco encoder: Encoding mesh Loose soil particles 0591.
23:00:32 | INFO: Draco encoder: Encoding mesh Loose soil particles 0592.
23:00:32 | INFO: Draco encoder: Encoding mesh Loose soil particles 0593.
23:00:32 | INFO: Draco encoder: Encoding mesh Loose soil particles 0594.
23:00:32 | INFO: Draco encoder: Encoding mesh Loose soil particles 0595.
23:00:32 | INFO: Draco encoder: Encoding mesh Loose soil particles 0596.
23:00:32 | INFO: Draco encoder: Encoding mesh Loose soil particles 0597.
23:00:32 | INFO: Draco encoder: Encoding mesh Loose soil particles 0598.
23:00:32 | INFO: Draco encoder: Encoding mesh Loose soil particles 0599.
23:00:32 | INFO: Draco encoder: Encoding mesh Loose soil particles 0600.
23:00:32 | INFO: Draco encoder: Encoding mesh Loose soil particles 0601.
23:00:32 | INFO: Draco encoder: Encoding mesh Loose soil particles 0602.
23:00:32 | INFO: Draco encoder: Encoding mesh Loose soil particles 0603.
23:00:32 | INFO: Draco encoder: Encoding mesh Loose soil particles 0604.
23:00:32 | INFO: Draco encoder: Encoding mesh Loose soil particles 0605.
23:00:32 | INFO: Draco encoder: Encoding mesh Loose soil particles 0606.
23:00:32 | INFO: Draco encoder: Encoding mesh Loose soil particles 0607.
23:00:32 | INFO: Draco encoder: Encoding mesh Loose soil particles 0608.
23:00:32 | INFO: Draco encoder: Encoding mesh Loose soil particles 0609.
23:00:32 | INFO: Draco encoder: Encoding mesh Loose soil particles 0610.
23:00:32 | INFO: Draco encoder: Encoding mesh Loose soil particles 0611.
23:00:32 | INFO: Draco encoder: Encoding mesh Loose soil particles 0612.
23:00:32 | INFO: Draco encoder: Encoding mesh Loose soil particles 0613.
23:00:32 | INFO: Draco encoder: Encoding mesh Loose soil particles 0614.
23:00:32 | INFO: Draco encoder: Encoding mesh Loose soil particles 0615.
23:00:32 | INFO: Draco encoder: Encoding mesh Loose soil particles 0616.
23:00:32 | INFO: Draco encoder: Encoding mesh Loose soil particles 0617.
23:00:32 | INFO: Draco encoder: Encoding mesh Loose soil particles 0618.
23:00:32 | INFO: Draco encoder: Encoding mesh Loose soil particles 0619.
23:00:32 | INFO: Draco encoder: Encoding mesh Loose soil particles 0620.
23:00:32 | INFO: Draco encoder: Encoding mesh Loose soil particles 0621.
23:00:32 | INFO: Draco encoder: Encoding mesh Loose soil particles 0622.
23:00:32 | INFO: Draco encoder: Encoding mesh Loose soil particles 0623.
23:00:32 | INFO: Draco encoder: Encoding mesh Loose soil particles 0624.
23:00:32 | INFO: Draco encoder: Encoding mesh Loose soil particles 0625.
23:00:32 | INFO: Draco encoder: Encoding mesh Loose soil particles 0626.
23:00:32 | INFO: Draco encoder: Encoding mesh Loose soil particles 0627.
23:00:32 | INFO: Draco encoder: Encoding mesh Loose soil particles 0628.
23:00:32 | INFO: Draco encoder: Encoding mesh Loose soil particles 0629.
23:00:32 | INFO: Draco encoder: Encoding mesh Loose soil particles 0630.
23:00:32 | INFO: Draco encoder: Encoding mesh Loose soil particles 0631.
23:00:32 | INFO: Draco encoder: Encoding mesh Loose soil particles 0632.
23:00:32 | INFO: Draco encoder: Encoding mesh Loose soil particles 0633.
23:00:32 | INFO: Draco encoder: Encoding mesh Loose soil particles 0634.
23:00:32 | INFO: Draco encoder: Encoding mesh Loose soil particles 0635.
23:00:32 | INFO: Draco encoder: Encoding mesh Loose soil particles 0636.
23:00:32 | INFO: Draco encoder: Encoding mesh Loose soil particles 0637.
23:00:32 | INFO: Draco encoder: Encoding mesh Loose soil particles 0638.
23:00:32 | INFO: Draco encoder: Encoding mesh Loose soil particles 0639.
23:00:32 | INFO: Draco encoder: Encoding mesh Loose soil particles 0640.
23:00:32 | INFO: Draco encoder: Encoding mesh Loose soil particles 0641.
23:00:32 | INFO: Draco encoder: Encoding mesh Loose soil particles 0642.
23:00:32 | INFO: Draco encoder: Encoding mesh Loose soil particles 0643.
23:00:32 | INFO: Draco encoder: Encoding mesh Loose soil particles 0644.
23:00:32 | INFO: Draco encoder: Encoding mesh Loose soil particles 0645.
23:00:32 | INFO: Draco encoder: Encoding mesh Loose soil particles 0646.
23:00:32 | INFO: Draco encoder: Encoding mesh Loose soil particles 0647.
23:00:32 | INFO: Draco encoder: Encoding mesh Loose soil particles 0648.
23:00:32 | INFO: Draco encoder: Encoding mesh Loose soil particles 0649.
23:00:32 | INFO: Draco encoder: Encoding mesh Loose soil particles 0650.
23:00:32 | INFO: Draco encoder: Encoding mesh Loose soil particles 0651.
23:00:32 | INFO: Draco encoder: Encoding mesh Loose soil particles 0652.
23:00:32 | INFO: Draco encoder: Encoding mesh Loose soil particles 0653.
23:00:32 | INFO: Draco encoder: Encoding mesh Loose soil particles 0654.
23:00:32 | INFO: Draco encoder: Encoding mesh Loose soil particles 0655.
23:00:32 | INFO: Draco encoder: Encoding mesh Loose soil particles 0656.
23:00:32 | INFO: Draco encoder: Encoding mesh Loose soil particles 0657.
23:00:32 | INFO: Draco encoder: Encoding mesh Loose soil particles 0658.
23:00:32 | INFO: Draco encoder: Encoding mesh Loose soil particles 0659.
23:00:32 | INFO: Draco encoder: Encoding mesh Loose soil particles 0660.
23:00:32 | INFO: Draco encoder: Encoding mesh Loose soil particles 0661.
23:00:32 | INFO: Draco encoder: Encoding mesh Loose soil particles 0662.
23:00:32 | INFO: Draco encoder: Encoding mesh Loose soil particles 0663.
23:00:32 | INFO: Draco encoder: Encoding mesh Loose soil particles 0664.
23:00:32 | INFO: Draco encoder: Encoding mesh Loose soil particles 0665.
23:00:32 | INFO: Draco encoder: Encoding mesh Loose soil particles 0666.
23:00:32 | INFO: Draco encoder: Encoding mesh Loose soil particles 0667.
23:00:32 | INFO: Draco encoder: Encoding mesh Loose soil particles 0668.
23:00:32 | INFO: Draco encoder: Encoding mesh Loose soil particles 0669.
23:00:32 | INFO: Draco encoder: Encoding mesh Loose soil particles 0670.
23:00:32 | INFO: Draco encoder: Encoding mesh Loose soil particles 0671.
23:00:32 | INFO: Draco encoder: Encoding mesh Loose soil particles 0672.
23:00:32 | INFO: Draco encoder: Encoding mesh Loose soil particles 0673.
23:00:32 | INFO: Draco encoder: Encoding mesh Loose soil particles 0674.
23:00:32 | INFO: Draco encoder: Encoding mesh Loose soil particles 0675.
23:00:32 | INFO: Draco encoder: Encoding mesh Loose soil particles 0676.
23:00:32 | INFO: Draco encoder: Encoding mesh Loose soil particles 0677.
23:00:32 | INFO: Draco encoder: Encoding mesh Loose soil particles 0678.
23:00:32 | INFO: Draco encoder: Encoding mesh Loose soil particles 0679.
23:00:32 | INFO: Draco encoder: Encoding mesh Loose soil particles 0680.
23:00:32 | INFO: Draco encoder: Encoding mesh Loose soil particles 0681.
23:00:32 | INFO: Draco encoder: Encoding mesh Loose soil particles 0682.
23:00:32 | INFO: Draco encoder: Encoding mesh Loose soil particles 0683.
23:00:32 | INFO: Draco encoder: Encoding mesh Loose soil particles 0684.
23:00:32 | INFO: Draco encoder: Encoding mesh Loose soil particles 0685.
23:00:32 | INFO: Draco encoder: Encoding mesh Loose soil particles 0686.
23:00:32 | INFO: Draco encoder: Encoding mesh Loose soil particles 0687.
23:00:32 | INFO: Draco encoder: Encoding mesh Loose soil particles 0688.
23:00:32 | INFO: Draco encoder: Encoding mesh Loose soil particles 0689.
23:00:32 | INFO: Draco encoder: Encoding mesh Loose soil particles 0690.
23:00:32 | INFO: Draco encoder: Encoding mesh Loose soil particles 0691.
23:00:32 | INFO: Draco encoder: Encoding mesh Loose soil particles 0692.
23:00:32 | INFO: Draco encoder: Encoding mesh Loose soil particles 0693.
23:00:32 | INFO: Draco encoder: Encoding mesh Loose soil particles 0694.
23:00:32 | INFO: Draco encoder: Encoding mesh Loose soil particles 0695.
23:00:32 | INFO: Draco encoder: Encoding mesh Loose soil particles 0696.
23:00:32 | INFO: Draco encoder: Encoding mesh Loose soil particles 0697.
23:00:32 | INFO: Draco encoder: Encoding mesh Loose soil particles 0698.
23:00:32 | INFO: Draco encoder: Encoding mesh Loose soil particles 0699.
23:00:32 | INFO: Draco encoder: Encoding mesh Loose soil particles 0700.
23:00:32 | INFO: Draco encoder: Encoding mesh Loose soil particles 0701.
23:00:32 | INFO: Draco encoder: Encoding mesh Loose soil particles 0702.
23:00:32 | INFO: Draco encoder: Encoding mesh Loose soil particles 0703.
23:00:32 | INFO: Draco encoder: Encoding mesh Loose soil particles 0704.
23:00:32 | INFO: Draco encoder: Encoding mesh Loose soil particles 0705.
23:00:32 | INFO: Draco encoder: Encoding mesh Loose soil particles 0706.
23:00:32 | INFO: Draco encoder: Encoding mesh Loose soil particles 0707.
23:00:32 | INFO: Draco encoder: Encoding mesh Loose soil particles 0708.
23:00:32 | INFO: Draco encoder: Encoding mesh Loose soil particles 0709.
23:00:32 | INFO: Draco encoder: Encoding mesh Loose soil particles 0710.
23:00:32 | INFO: Draco encoder: Encoding mesh Loose soil particles 0711.
23:00:32 | INFO: Draco encoder: Encoding mesh Loose soil particles 0712.
23:00:32 | INFO: Draco encoder: Encoding mesh Loose soil particles 0713.
23:00:32 | INFO: Draco encoder: Encoding mesh Loose soil particles 0714.
23:00:32 | INFO: Draco encoder: Encoding mesh Loose soil particles 0715.
23:00:32 | INFO: Draco encoder: Encoding mesh Loose soil particles 0716.
23:00:32 | INFO: Draco encoder: Encoding mesh Loose soil particles 0717.
23:00:32 | INFO: Draco encoder: Encoding mesh Loose soil particles 0718.
23:00:32 | INFO: Draco encoder: Encoding mesh Loose soil particles 0719.
23:00:32 | INFO: Draco encoder: Encoding mesh Loose soil particles 0720.
23:00:32 | INFO: Draco encoder: Encoding mesh Loose soil particles 0721.
23:00:32 | INFO: Draco encoder: Encoding mesh Loose soil particles 0722.
23:00:32 | INFO: Draco encoder: Encoding mesh Loose soil particles 0723.
23:00:32 | INFO: Draco encoder: Encoding mesh Loose soil particles 0724.
23:00:32 | INFO: Draco encoder: Encoding mesh Loose soil particles 0725.
23:00:32 | INFO: Draco encoder: Encoding mesh Loose soil particles 0726.
23:00:32 | INFO: Draco encoder: Encoding mesh Loose soil particles 0727.
23:00:32 | INFO: Draco encoder: Encoding mesh Loose soil particles 0728.
23:00:32 | INFO: Draco encoder: Encoding mesh Loose soil particles 0729.
23:00:32 | INFO: Draco encoder: Encoding mesh Loose soil particles 0730.
23:00:32 | INFO: Draco encoder: Encoding mesh Loose soil particles 0731.
23:00:32 | INFO: Draco encoder: Encoding mesh Loose soil particles 0732.
23:00:32 | INFO: Draco encoder: Encoding mesh Loose soil particles 0733.
23:00:32 | INFO: Draco encoder: Encoding mesh Loose soil particles 0734.
23:00:32 | INFO: Draco encoder: Encoding mesh Loose soil particles 0735.
23:00:32 | INFO: Draco encoder: Encoding mesh Loose soil particles 0736.
23:00:32 | INFO: Draco encoder: Encoding mesh Loose soil particles 0737.
23:00:32 | INFO: Draco encoder: Encoding mesh Loose soil particles 0738.
23:00:32 | INFO: Draco encoder: Encoding mesh Loose soil particles 0739.
23:00:32 | INFO: Draco encoder: Encoding mesh Loose soil particles 0740.
23:00:32 | INFO: Draco encoder: Encoding mesh Loose soil particles 0741.
23:00:32 | INFO: Draco encoder: Encoding mesh Loose soil particles 0742.
23:00:32 | INFO: Draco encoder: Encoding mesh Loose soil particles 0743.
23:00:32 | INFO: Draco encoder: Encoding mesh Loose soil particles 0744.
23:00:32 | INFO: Draco encoder: Encoding mesh Loose soil particles 0745.
23:00:32 | INFO: Draco encoder: Encoding mesh Loose soil particles 0746.
23:00:32 | INFO: Draco encoder: Encoding mesh Loose soil particles 0747.
23:00:32 | INFO: Draco encoder: Encoding mesh Loose soil particles 0748.
23:00:32 | INFO: Draco encoder: Encoding mesh Loose soil particles 0749.
23:00:32 | INFO: Draco encoder: Encoding mesh Loose soil particles 0750.
23:00:32 | INFO: Draco encoder: Encoding mesh Loose soil particles 0751.
23:00:32 | INFO: Draco encoder: Encoding mesh Loose soil particles 0752.
23:00:32 | INFO: Draco encoder: Encoding mesh Loose soil particles 0753.
23:00:32 | INFO: Draco encoder: Encoding mesh Loose soil particles 0754.
23:00:32 | INFO: Draco encoder: Encoding mesh Loose soil particles 0755.
23:00:32 | INFO: Draco encoder: Encoding mesh Loose soil particles 0756.
23:00:32 | INFO: Draco encoder: Encoding mesh Loose soil particles 0757.
23:00:32 | INFO: Draco encoder: Encoding mesh Loose soil particles 0758.
23:00:32 | INFO: Draco encoder: Encoding mesh Loose soil particles 0759.
23:00:32 | INFO: Draco encoder: Encoding mesh Loose soil particles 0760.
23:00:32 | INFO: Draco encoder: Encoding mesh Loose soil particles 0761.
23:00:32 | INFO: Draco encoder: Encoding mesh Loose soil particles 0762.
23:00:32 | INFO: Draco encoder: Encoding mesh Loose soil particles 0763.
23:00:32 | INFO: Draco encoder: Encoding mesh Loose soil particles 0764.
23:00:32 | INFO: Draco encoder: Encoding mesh Loose soil particles 0765.
23:00:32 | INFO: Draco encoder: Encoding mesh Loose soil particles 0766.
23:00:32 | INFO: Draco encoder: Encoding mesh Loose soil particles 0767.
23:00:32 | INFO: Draco encoder: Encoding mesh Loose soil particles 0768.
23:00:32 | INFO: Draco encoder: Encoding mesh Loose soil particles 0769.
23:00:32 | INFO: Draco encoder: Encoding mesh Loose soil particles 0770.
23:00:32 | INFO: Draco encoder: Encoding mesh Loose soil particles 0771.
23:00:32 | INFO: Draco encoder: Encoding mesh Loose soil particles 0772.
23:00:32 | INFO: Draco encoder: Encoding mesh Loose soil particles 0773.
23:00:32 | INFO: Draco encoder: Encoding mesh Loose soil particles 0774.
23:00:32 | INFO: Draco encoder: Encoding mesh Loose soil particles 0775.
23:00:32 | INFO: Draco encoder: Encoding mesh Loose soil particles 0776.
23:00:32 | INFO: Draco encoder: Encoding mesh Loose soil particles 0777.
23:00:32 | INFO: Draco encoder: Encoding mesh Loose soil particles 0778.
23:00:32 | INFO: Draco encoder: Encoding mesh Loose soil particles 0779.
23:00:32 | INFO: Draco encoder: Encoding mesh Loose soil particles 0780.
23:00:32 | INFO: Draco encoder: Encoding mesh Loose soil particles 0781.
23:00:32 | INFO: Draco encoder: Encoding mesh Loose soil particles 0782.
23:00:32 | INFO: Draco encoder: Encoding mesh Loose soil particles 0783.
23:00:32 | INFO: Draco encoder: Encoding mesh Loose soil particles 0784.
23:00:32 | INFO: Draco encoder: Encoding mesh Loose soil particles 0785.
23:00:32 | INFO: Draco encoder: Encoding mesh Loose soil particles 0786.
23:00:32 | INFO: Draco encoder: Encoding mesh Loose soil particles 0787.
23:00:32 | INFO: Draco encoder: Encoding mesh Loose soil particles 0788.
23:00:32 | INFO: Draco encoder: Encoding mesh Loose soil particles 0789.
23:00:32 | INFO: Draco encoder: Encoding mesh Loose soil particles 0790.
23:00:32 | INFO: Draco encoder: Encoding mesh Loose soil particles 0791.
23:00:32 | INFO: Draco encoder: Encoding mesh Loose soil particles 0792.
23:00:32 | INFO: Draco encoder: Encoding mesh Loose soil particles 0793.
23:00:32 | INFO: Draco encoder: Encoding mesh Loose soil particles 0794.
23:00:32 | INFO: Draco encoder: Encoding mesh Loose soil particles 0795.
23:00:32 | INFO: Draco encoder: Encoding mesh Loose soil particles 0796.
23:00:32 | INFO: Draco encoder: Encoding mesh Loose soil particles 0797.
23:00:32 | INFO: Draco encoder: Encoding mesh Loose soil particles 0798.
23:00:32 | INFO: Draco encoder: Encoding mesh Loose soil particles 0799.
23:00:32 | INFO: Draco encoder: Encoding mesh Loose soil particles 0800.
23:00:32 | INFO: Draco encoder: Encoding mesh Loose soil particles 0801.
23:00:32 | INFO: Draco encoder: Encoding mesh Loose soil particles 0802.
23:00:32 | INFO: Draco encoder: Encoding mesh Loose soil particles 0803.
23:00:32 | INFO: Draco encoder: Encoding mesh Loose soil particles 0804.
23:00:32 | INFO: Draco encoder: Encoding mesh Loose soil particles 0805.
23:00:32 | INFO: Draco encoder: Encoding mesh Loose soil particles 0806.
23:00:32 | INFO: Draco encoder: Encoding mesh Loose soil particles 0807.
23:00:32 | INFO: Draco encoder: Encoding mesh Loose soil particles 0808.
23:00:32 | INFO: Draco encoder: Encoding mesh Loose soil particles 0809.
23:00:32 | INFO: Draco encoder: Encoding mesh Loose soil particles 0810.
23:00:32 | INFO: Draco encoder: Encoding mesh Loose soil particles 0811.
23:00:32 | INFO: Draco encoder: Encoding mesh Loose soil particles 0812.
23:00:32 | INFO: Draco encoder: Encoding mesh Loose soil particles 0813.
23:00:32 | INFO: Draco encoder: Encoding mesh Loose soil particles 0814.
23:00:32 | INFO: Draco encoder: Encoding mesh Loose soil particles 0815.
23:00:32 | INFO: Draco encoder: Encoding mesh Loose soil particles 0816.
23:00:32 | INFO: Draco encoder: Encoding mesh Loose soil particles 0817.
23:00:32 | INFO: Draco encoder: Encoding mesh Loose soil particles 0818.
23:00:32 | INFO: Draco encoder: Encoding mesh Loose soil particles 0819.
23:00:32 | INFO: Draco encoder: Encoding mesh Loose soil particles 0820.
23:00:32 | INFO: Draco encoder: Encoding mesh Loose soil particles 0821.
23:00:32 | INFO: Draco encoder: Encoding mesh Loose soil particles 0822.
23:00:32 | INFO: Draco encoder: Encoding mesh Loose soil particles 0823.
23:00:32 | INFO: Draco encoder: Encoding mesh Loose soil particles 0824.
23:00:32 | INFO: Draco encoder: Encoding mesh Loose soil particles 0825.
23:00:32 | INFO: Draco encoder: Encoding mesh Loose soil particles 0826.
23:00:32 | INFO: Draco encoder: Encoding mesh Loose soil particles 0827.
23:00:32 | INFO: Draco encoder: Encoding mesh Loose soil particles 0828.
23:00:32 | INFO: Draco encoder: Encoding mesh Loose soil particles 0829.
23:00:32 | INFO: Draco encoder: Encoding mesh Loose soil particles 0830.
23:00:32 | INFO: Draco encoder: Encoding mesh Loose soil particles 0831.
23:00:32 | INFO: Draco encoder: Encoding mesh Loose soil particles 0832.
23:00:32 | INFO: Draco encoder: Encoding mesh Loose soil particles 0833.
23:00:32 | INFO: Draco encoder: Encoding mesh Loose soil particles 0834.
23:00:32 | INFO: Draco encoder: Encoding mesh Loose soil particles 0835.
23:00:32 | INFO: Draco encoder: Encoding mesh Loose soil particles 0836.
23:00:32 | INFO: Draco encoder: Encoding mesh Loose soil particles 0837.
23:00:32 | INFO: Draco encoder: Encoding mesh Loose soil particles 0838.
23:00:32 | INFO: Draco encoder: Encoding mesh Loose soil particles 0839.
23:00:32 | INFO: Draco encoder: Encoding mesh Loose soil particles 0840.
23:00:32 | INFO: Draco encoder: Encoding mesh Loose soil particles 0841.
23:00:32 | INFO: Draco encoder: Encoding mesh Loose soil particles 0842.
23:00:32 | INFO: Draco encoder: Encoding mesh Loose soil particles 0843.
23:00:32 | INFO: Draco encoder: Encoding mesh Loose soil particles 0844.
23:00:32 | INFO: Draco encoder: Encoding mesh Loose soil particles 0845.
23:00:32 | INFO: Draco encoder: Encoding mesh Loose soil particles 0846.
23:00:32 | INFO: Draco encoder: Encoding mesh Loose soil particles 0847.
23:00:32 | INFO: Draco encoder: Encoding mesh Loose soil particles 0848.
23:00:32 | INFO: Draco encoder: Encoding mesh Loose soil particles 0849.
23:00:32 | INFO: Draco encoder: Encoding mesh Loose soil particles 0850.
23:00:32 | INFO: Draco encoder: Encoding mesh Loose soil particles 0851.
23:00:32 | INFO: Draco encoder: Encoding mesh Loose soil particles 0852.
23:00:32 | INFO: Draco encoder: Encoding mesh Loose soil particles 0853.
23:00:32 | INFO: Draco encoder: Encoding mesh Loose soil particles 0854.
23:00:32 | INFO: Draco encoder: Encoding mesh Loose soil particles 0855.
23:00:32 | INFO: Draco encoder: Encoding mesh Loose soil particles 0856.
23:00:32 | INFO: Draco encoder: Encoding mesh Loose soil particles 0857.
23:00:32 | INFO: Draco encoder: Encoding mesh Loose soil particles 0858.
23:00:32 | INFO: Draco encoder: Encoding mesh Loose soil particles 0859.
23:00:32 | INFO: Draco encoder: Encoding mesh Loose soil particles 0860.
23:00:32 | INFO: Draco encoder: Encoding mesh Loose soil particles 0861.
23:00:32 | INFO: Draco encoder: Encoding mesh Loose soil particles 0862.
23:00:32 | INFO: Draco encoder: Encoding mesh Loose soil particles 0863.
23:00:32 | INFO: Draco encoder: Encoding mesh Loose soil particles 0864.
23:00:32 | INFO: Draco encoder: Encoding mesh Loose soil particles 0865.
23:00:32 | INFO: Draco encoder: Encoding mesh Loose soil particles 0866.
23:00:32 | INFO: Draco encoder: Encoding mesh Loose soil particles 0867.
23:00:32 | INFO: Draco encoder: Encoding mesh Loose soil particles 0868.
23:00:32 | INFO: Draco encoder: Encoding mesh Loose soil particles 0869.
23:00:32 | INFO: Draco encoder: Encoding mesh Loose soil particles 0870.
23:00:32 | INFO: Draco encoder: Encoding mesh Loose soil particles 0871.
23:00:32 | INFO: Draco encoder: Encoding mesh Loose soil particles 0872.
23:00:32 | INFO: Draco encoder: Encoding mesh Loose soil particles 0873.
23:00:32 | INFO: Draco encoder: Encoding mesh Loose soil particles 0874.
23:00:32 | INFO: Draco encoder: Encoding mesh Loose soil particles 0875.
23:00:32 | INFO: Draco encoder: Encoding mesh Loose soil particles 0876.
23:00:32 | INFO: Draco encoder: Encoding mesh Loose soil particles 0877.
23:00:32 | INFO: Draco encoder: Encoding mesh Loose soil particles 0878.
23:00:32 | INFO: Draco encoder: Encoding mesh Loose soil particles 0879.
23:00:32 | INFO: Draco encoder: Encoding mesh Loose soil particles 0880.
23:00:32 | INFO: Draco encoder: Encoding mesh Loose soil particles 0881.
23:00:32 | INFO: Draco encoder: Encoding mesh Loose soil particles 0882.
23:00:32 | INFO: Draco encoder: Encoding mesh Loose soil particles 0883.
23:00:32 | INFO: Draco encoder: Encoding mesh Loose soil particles 0884.
23:00:32 | INFO: Draco encoder: Encoding mesh Loose soil particles 0885.
23:00:32 | INFO: Draco encoder: Encoding mesh Loose soil particles 0886.
23:00:32 | INFO: Draco encoder: Encoding mesh Loose soil particles 0887.
23:00:32 | INFO: Draco encoder: Encoding mesh Loose soil particles 0888.
23:00:32 | INFO: Draco encoder: Encoding mesh Loose soil particles 0889.
23:00:32 | INFO: Draco encoder: Encoding mesh Loose soil particles 0890.
23:00:32 | INFO: Draco encoder: Encoding mesh Loose soil particles 0891.
23:00:32 | INFO: Draco encoder: Encoding mesh Loose soil particles 0892.
23:00:32 | INFO: Draco encoder: Encoding mesh Loose soil particles 0893.
23:00:32 | INFO: Draco encoder: Encoding mesh Loose soil particles 0894.
23:00:32 | INFO: Draco encoder: Encoding mesh Loose soil particles 0895.
23:00:32 | INFO: Draco encoder: Encoding mesh Loose soil particles 0896.
23:00:32 | INFO: Draco encoder: Encoding mesh Loose soil particles 0897.
23:00:32 | INFO: Draco encoder: Encoding mesh Loose soil particles 0898.
23:00:32 | INFO: Draco encoder: Encoding mesh Loose soil particles 0899.
23:00:32 | INFO: Draco encoder: Encoding mesh Loose soil particles 0900.
23:00:32 | INFO: Draco encoder: Encoding mesh Loose soil particles 0901.
23:00:32 | INFO: Draco encoder: Encoding mesh Loose soil particles 0902.
23:00:32 | INFO: Draco encoder: Encoding mesh Loose soil particles 0903.
23:00:32 | INFO: Draco encoder: Encoding mesh Loose soil particles 0904.
23:00:32 | INFO: Draco encoder: Encoding mesh Loose soil particles 0905.
23:00:32 | INFO: Draco encoder: Encoding mesh Loose soil particles 0906.
23:00:32 | INFO: Draco encoder: Encoding mesh Loose soil particles 0907.
23:00:32 | INFO: Draco encoder: Encoding mesh Loose soil particles 0908.
23:00:32 | INFO: Draco encoder: Encoding mesh Loose soil particles 0909.
23:00:32 | INFO: Draco encoder: Encoding mesh Loose soil particles 0910.
23:00:32 | INFO: Draco encoder: Encoding mesh Loose soil particles 0911.
23:00:32 | INFO: Draco encoder: Encoding mesh Loose soil particles 0912.
23:00:32 | INFO: Draco encoder: Encoding mesh Loose soil particles 0913.
23:00:32 | INFO: Draco encoder: Encoding mesh Loose soil particles 0914.
23:00:32 | INFO: Draco encoder: Encoding mesh Loose soil particles 0915.
23:00:32 | INFO: Draco encoder: Encoding mesh Loose soil particles 0916.
23:00:32 | INFO: Draco encoder: Encoding mesh Loose soil particles 0917.
23:00:32 | INFO: Draco encoder: Encoding mesh Loose soil particles 0918.
23:00:32 | INFO: Draco encoder: Encoding mesh Loose soil particles 0919.
23:00:32 | INFO: Draco encoder: Encoding mesh Loose soil particles 0920.
23:00:32 | INFO: Draco encoder: Encoding mesh Loose soil particles 0921.
23:00:32 | INFO: Draco encoder: Encoding mesh Loose soil particles 0922.
23:00:32 | INFO: Draco encoder: Encoding mesh Loose soil particles 0923.
23:00:32 | INFO: Draco encoder: Encoding mesh Loose soil particles 0924.
23:00:32 | INFO: Draco encoder: Encoding mesh Loose soil particles 0925.
23:00:32 | INFO: Draco encoder: Encoding mesh Loose soil particles 0926.
23:00:32 | INFO: Draco encoder: Encoding mesh Loose soil particles 0927.
23:00:32 | INFO: Draco encoder: Encoding mesh Loose soil particles 0928.
23:00:32 | INFO: Draco encoder: Encoding mesh Loose soil particles 0929.
23:00:32 | INFO: Draco encoder: Encoding mesh Loose soil particles 0930.
23:00:32 | INFO: Draco encoder: Encoding mesh Loose soil particles 0931.
23:00:32 | INFO: Draco encoder: Encoding mesh Loose soil particles 0932.
23:00:32 | INFO: Draco encoder: Encoding mesh Loose soil particles 0933.
23:00:32 | INFO: Draco encoder: Encoding mesh Loose soil particles 0934.
23:00:32 | INFO: Draco encoder: Encoding mesh Loose soil particles 0935.
23:00:32 | INFO: Draco encoder: Encoding mesh Loose soil particles 0936.
23:00:32 | INFO: Draco encoder: Encoding mesh Loose soil particles 0937.
23:00:32 | INFO: Draco encoder: Encoding mesh Loose soil particles 0938.
23:00:32 | INFO: Draco encoder: Encoding mesh Loose soil particles 0939.
23:00:32 | INFO: Draco encoder: Encoding mesh Loose soil particles 0940.
23:00:32 | INFO: Draco encoder: Encoding mesh Loose soil particles 0941.
23:00:32 | INFO: Draco encoder: Encoding mesh Loose soil particles 0942.
23:00:32 | INFO: Draco encoder: Encoding mesh Loose soil particles 0943.
23:00:32 | INFO: Draco encoder: Encoding mesh Loose soil particles 0944.
23:00:32 | INFO: Draco encoder: Encoding mesh Loose soil particles 0945.
23:00:32 | INFO: Draco encoder: Encoding mesh Loose soil particles 0946.
23:00:32 | INFO: Draco encoder: Encoding mesh Loose soil particles 0947.
23:00:32 | INFO: Draco encoder: Encoding mesh Loose soil particles 0948.
23:00:32 | INFO: Draco encoder: Encoding mesh Loose soil particles 0949.
23:00:32 | INFO: Draco encoder: Encoding mesh Loose soil particles 0950.
23:00:32 | INFO: Draco encoder: Encoding mesh Loose soil particles 0951.
23:00:32 | INFO: Draco encoder: Encoding mesh Loose soil particles 0952.
23:00:32 | INFO: Draco encoder: Encoding mesh Loose soil particles 0953.
23:00:32 | INFO: Draco encoder: Encoding mesh Loose soil particles 0954.
23:00:32 | INFO: Draco encoder: Encoding mesh Loose soil particles 0955.
23:00:32 | INFO: Draco encoder: Encoding mesh Loose soil particles 0956.
23:00:32 | INFO: Draco encoder: Encoding mesh Loose soil particles 0957.
23:00:32 | INFO: Draco encoder: Encoding mesh Loose soil particles 0958.
23:00:32 | INFO: Draco encoder: Encoding mesh Loose soil particles 0959.
23:00:32 | INFO: Draco encoder: Encoding mesh Loose soil particles 0960.
23:00:32 | INFO: Draco encoder: Encoding mesh Loose soil particles 0961.
23:00:32 | INFO: Draco encoder: Encoding mesh Loose soil particles 0962.
23:00:32 | INFO: Draco encoder: Encoding mesh Loose soil particles 0963.
23:00:32 | INFO: Draco encoder: Encoding mesh Loose soil particles 0964.
23:00:32 | INFO: Draco encoder: Encoding mesh Loose soil particles 0965.
23:00:32 | INFO: Draco encoder: Encoding mesh Loose soil particles 0966.
23:00:32 | INFO: Draco encoder: Encoding mesh Loose soil particles 0967.
23:00:32 | INFO: Draco encoder: Encoding mesh Loose soil particles 0968.
23:00:32 | INFO: Draco encoder: Encoding mesh Loose soil particles 0969.
23:00:32 | INFO: Draco encoder: Encoding mesh Loose soil particles 0970.
23:00:32 | INFO: Draco encoder: Encoding mesh Loose soil particles 0971.
23:00:32 | INFO: Draco encoder: Encoding mesh Loose soil particles 0972.
23:00:32 | INFO: Draco encoder: Encoding mesh Loose soil particles 0973.
23:00:32 | INFO: Draco encoder: Encoding mesh Loose soil particles 0974.
23:00:32 | INFO: Draco encoder: Encoding mesh Loose soil particles 0975.
23:00:32 | INFO: Draco encoder: Encoding mesh Loose soil particles 0976.
23:00:32 | INFO: Draco encoder: Encoding mesh Loose soil particles 0977.
23:00:32 | INFO: Draco encoder: Encoding mesh Loose soil particles 0978.
23:00:32 | INFO: Draco encoder: Encoding mesh Loose soil particles 0979.
23:00:32 | INFO: Draco encoder: Encoding mesh Loose soil particles 0980.
23:00:32 | INFO: Draco encoder: Encoding mesh Loose soil particles 0981.
23:00:32 | INFO: Draco encoder: Encoding mesh Loose soil particles 0982.
23:00:32 | INFO: Draco encoder: Encoding mesh Loose soil particles 0983.
23:00:32 | INFO: Draco encoder: Encoding mesh Loose soil particles 0984.
23:00:32 | INFO: Draco encoder: Encoding mesh Loose soil particles 0985.
23:00:32 | INFO: Draco encoder: Encoding mesh Loose soil particles 0986.
23:00:32 | INFO: Draco encoder: Encoding mesh Loose soil particles 0987.
23:00:32 | INFO: Draco encoder: Encoding mesh Loose soil particles 0988.
23:00:32 | INFO: Draco encoder: Encoding mesh Loose soil particles 0989.
23:00:32 | INFO: Draco encoder: Encoding mesh Loose soil particles 0990.
23:00:32 | INFO: Draco encoder: Encoding mesh Loose soil particles 0991.
23:00:32 | INFO: Draco encoder: Encoding mesh Loose soil particles 0992.
23:00:32 | INFO: Draco encoder: Encoding mesh Loose soil particles 0993.
23:00:32 | INFO: Draco encoder: Encoding mesh Loose soil particles 0994.
23:00:32 | INFO: Draco encoder: Encoding mesh Loose soil particles 0995.
23:00:32 | INFO: Draco encoder: Encoding mesh Loose soil particles 0996.
23:00:32 | INFO: Draco encoder: Encoding mesh Loose soil particles 0997.
23:00:32 | INFO: Draco encoder: Encoding mesh Loose soil particles 0998.
23:00:32 | INFO: Draco encoder: Encoding mesh Loose soil particles 0999.
23:00:32 | INFO: Draco encoder: Encoding mesh Loose soil particles 1000.
23:00:32 | INFO: Draco encoder: Encoding mesh Loose soil particles 1001.
23:00:32 | INFO: Draco encoder: Encoding mesh Loose soil particles 1002.
23:00:32 | INFO: Draco encoder: Encoding mesh Loose soil particles 1003.
23:00:32 | INFO: Draco encoder: Encoding mesh Loose soil particles 1004.
23:00:32 | INFO: Draco encoder: Encoding mesh Loose soil particles 1005.
23:00:32 | INFO: Draco encoder: Encoding mesh Loose soil particles 1006.
23:00:32 | INFO: Draco encoder: Encoding mesh Loose soil particles 1007.
23:00:32 | INFO: Draco encoder: Encoding mesh Loose soil particles 1008.
23:00:32 | INFO: Draco encoder: Encoding mesh Loose soil particles 1009.
23:00:32 | INFO: Draco encoder: Encoding mesh Loose soil particles 1010.
23:00:32 | INFO: Draco encoder: Encoding mesh Loose soil particles 1011.
23:00:32 | INFO: Draco encoder: Encoding mesh Loose soil particles 1012.
23:00:32 | INFO: Draco encoder: Encoding mesh Loose soil particles 1013.
23:00:32 | INFO: Draco encoder: Encoding mesh Loose soil particles 1014.
23:00:32 | INFO: Draco encoder: Encoding mesh Loose soil particles 1015.
23:00:32 | INFO: Draco encoder: Encoding mesh Loose soil particles 1016.
23:00:32 | INFO: Draco encoder: Encoding mesh Loose soil particles 1017.
23:00:32 | INFO: Draco encoder: Encoding mesh Loose soil particles 1018.
23:00:32 | INFO: Draco encoder: Encoding mesh Loose soil particles 1019.
23:00:32 | INFO: Draco encoder: Encoding mesh Loose soil particles 1020.
23:00:32 | INFO: Draco encoder: Encoding mesh Loose soil particles 1021.
23:00:32 | INFO: Draco encoder: Encoding mesh Loose soil particles 1022.
23:00:32 | INFO: Draco encoder: Encoding mesh Loose soil particles 1023.
23:00:32 | INFO: Draco encoder: Encoding mesh Loose soil particles 1024.
23:00:32 | INFO: Draco encoder: Encoding mesh Loose soil particles 1025.
23:00:32 | INFO: Draco encoder: Encoding mesh Loose soil particles 1026.
23:00:32 | INFO: Draco encoder: Encoding mesh Loose soil particles 1027.
23:00:32 | INFO: Draco encoder: Encoding mesh Loose soil particles 1028.
23:00:32 | INFO: Draco encoder: Encoding mesh Loose soil particles 1029.
23:00:32 | INFO: Draco encoder: Encoding mesh Loose soil particles 1030.
23:00:32 | INFO: Draco encoder: Encoding mesh Loose soil particles 1031.
23:00:32 | INFO: Draco encoder: Encoding mesh Loose soil particles 1032.
23:00:32 | INFO: Draco encoder: Encoding mesh Loose soil particles 1033.
23:00:32 | INFO: Draco encoder: Encoding mesh Loose soil particles 1034.
23:00:32 | INFO: Draco encoder: Encoding mesh Loose soil particles 1035.
23:00:32 | INFO: Draco encoder: Encoding mesh Loose soil particles 1036.
23:00:32 | INFO: Draco encoder: Encoding mesh Loose soil particles 1037.
23:00:32 | INFO: Draco encoder: Encoding mesh Loose soil particles 1038.
23:00:32 | INFO: Draco encoder: Encoding mesh Loose soil particles 1039.
23:00:32 | INFO: Draco encoder: Encoding mesh Loose soil particles 1040.
23:00:32 | INFO: Draco encoder: Encoding mesh Loose soil particles 1041.
23:00:32 | INFO: Draco encoder: Encoding mesh Loose soil particles 1042.
23:00:32 | INFO: Draco encoder: Encoding mesh Loose soil particles 1043.
23:00:32 | INFO: Draco encoder: Encoding mesh Loose soil particles 1044.
23:00:32 | INFO: Draco encoder: Encoding mesh Loose soil particles 1045.
23:00:32 | INFO: Draco encoder: Encoding mesh Loose soil particles 1046.
23:00:32 | INFO: Draco encoder: Encoding mesh Loose soil particles 1047.
23:00:32 | INFO: Draco encoder: Encoding mesh Loose soil particles 1048.
23:00:32 | INFO: Draco encoder: Encoding mesh Loose soil particles 1049.
23:00:32 | INFO: Draco encoder: Encoding mesh Loose soil particles 1050.
23:00:32 | INFO: Draco encoder: Encoding mesh Loose soil particles 1051.
23:00:32 | INFO: Draco encoder: Encoding mesh Loose soil particles 1052.
23:00:32 | INFO: Draco encoder: Encoding mesh Loose soil particles 1053.
23:00:32 | INFO: Draco encoder: Encoding mesh Loose soil particles 1054.
23:00:32 | INFO: Draco encoder: Encoding mesh Loose soil particles 1055.
23:00:32 | INFO: Draco encoder: Encoding mesh Loose soil particles 1056.
23:00:32 | INFO: Draco encoder: Encoding mesh Loose soil particles 1057.
23:00:32 | INFO: Draco encoder: Encoding mesh Loose soil particles 1058.
23:00:32 | INFO: Draco encoder: Encoding mesh Loose soil particles 1059.
23:00:32 | INFO: Draco encoder: Encoding mesh Loose soil particles 1060.
23:00:32 | INFO: Draco encoder: Encoding mesh Loose soil particles 1061.
23:00:32 | INFO: Draco encoder: Encoding mesh Loose soil particles 1062.
23:00:32 | INFO: Draco encoder: Encoding mesh Loose soil particles 1063.
23:00:32 | INFO: Draco encoder: Encoding mesh Loose soil particles 1064.
23:00:32 | INFO: Draco encoder: Encoding mesh Loose soil particles 1065.
23:00:32 | INFO: Draco encoder: Encoding mesh Loose soil particles 1066.
23:00:32 | INFO: Draco encoder: Encoding mesh Loose soil particles 1067.
23:00:32 | INFO: Draco encoder: Encoding mesh Loose soil particles 1068.
23:00:32 | INFO: Draco encoder: Encoding mesh Loose soil particles 1069.
23:00:32 | INFO: Draco encoder: Encoding mesh Loose soil particles 1070.
23:00:32 | INFO: Draco encoder: Encoding mesh Loose soil particles 1071.
23:00:32 | INFO: Draco encoder: Encoding mesh Loose soil particles 1072.
23:00:32 | INFO: Draco encoder: Encoding mesh Loose soil particles 1073.
23:00:32 | INFO: Draco encoder: Encoding mesh Loose soil particles 1074.
23:00:32 | INFO: Draco encoder: Encoding mesh Loose soil particles 1075.
23:00:32 | INFO: Draco encoder: Encoding mesh Loose soil particles 1076.
23:00:32 | INFO: Draco encoder: Encoding mesh Loose soil particles 1077.
23:00:32 | INFO: Draco encoder: Encoding mesh Loose soil particles 1078.
23:00:32 | INFO: Draco encoder: Encoding mesh Loose soil particles 1079.
23:00:32 | INFO: Draco encoder: Encoding mesh Loose soil particles 1080.
23:00:32 | INFO: Draco encoder: Encoding mesh Loose soil particles 1081.
23:00:32 | INFO: Draco encoder: Encoding mesh Loose soil particles 1082.
23:00:32 | INFO: Draco encoder: Encoding mesh Loose soil particles 1083.
23:00:32 | INFO: Draco encoder: Encoding mesh Loose soil particles 1084.
23:00:32 | INFO: Draco encoder: Encoding mesh Loose soil particles 1085.
23:00:32 | INFO: Draco encoder: Encoding mesh Loose soil particles 1086.
23:00:32 | INFO: Draco encoder: Encoding mesh Loose soil particles 1087.
23:00:32 | INFO: Draco encoder: Encoding mesh Loose soil particles 1088.
23:00:32 | INFO: Draco encoder: Encoding mesh Loose soil particles 1089.
23:00:32 | INFO: Draco encoder: Encoding mesh Loose soil particles 1090.
23:00:32 | INFO: Draco encoder: Encoding mesh Loose soil particles 1091.
23:00:32 | INFO: Draco encoder: Encoding mesh Loose soil particles 1092.
23:00:32 | INFO: Draco encoder: Encoding mesh Loose soil particles 1093.
23:00:32 | INFO: Draco encoder: Encoding mesh Loose soil particles 1094.
23:00:32 | INFO: Draco encoder: Encoding mesh Loose soil particles 1095.
23:00:32 | INFO: Draco encoder: Encoding mesh Loose soil particles 1096.
23:00:32 | INFO: Draco encoder: Encoding mesh Loose soil particles 1097.
23:00:32 | INFO: Draco encoder: Encoding mesh Loose soil particles 1098.
23:00:32 | INFO: Draco encoder: Encoding mesh Loose soil particles 1099.
23:00:32 | INFO: Draco encoder: Encoding mesh Loose soil particles 1100.
23:00:32 | INFO: Draco encoder: Encoding mesh Loose soil particles 1101.
23:00:32 | INFO: Draco encoder: Encoding mesh Loose soil particles 1102.
23:00:32 | INFO: Draco encoder: Encoding mesh Loose soil particles 1103.
23:00:32 | INFO: Draco encoder: Encoding mesh Loose soil particles 1104.
23:00:32 | INFO: Draco encoder: Encoding mesh Loose soil particles 1105.
23:00:32 | INFO: Draco encoder: Encoding mesh Loose soil particles 1106.
23:00:32 | INFO: Draco encoder: Encoding mesh Loose soil particles 1107.
23:00:32 | INFO: Draco encoder: Encoding mesh Loose soil particles 1108.
23:00:32 | INFO: Draco encoder: Encoding mesh Loose soil particles 1109.
23:00:32 | INFO: Draco encoder: Encoding mesh Loose soil particles 1110.
23:00:32 | INFO: Draco encoder: Encoding mesh Loose soil particles 1111.
23:00:32 | INFO: Draco encoder: Encoding mesh Loose soil particles 1112.
23:00:32 | INFO: Draco encoder: Encoding mesh Loose soil particles 1113.
23:00:32 | INFO: Draco encoder: Encoding mesh Loose soil particles 1114.
23:00:32 | INFO: Draco encoder: Encoding mesh Loose soil particles 1115.
23:00:32 | INFO: Draco encoder: Encoding mesh Loose soil particles 1116.
23:00:32 | INFO: Draco encoder: Encoding mesh Loose soil particles 1117.
23:00:32 | INFO: Draco encoder: Encoding mesh Loose soil particles 1118.
23:00:32 | INFO: Draco encoder: Encoding mesh Loose soil particles 1119.
23:00:32 | INFO: Draco encoder: Encoding mesh Loose soil particles 1120.
23:00:32 | INFO: Draco encoder: Encoding mesh Loose soil particles 1121.
23:00:32 | INFO: Draco encoder: Encoding mesh Loose soil particles 1122.
23:00:32 | INFO: Draco encoder: Encoding mesh Loose soil particles 1123.
23:00:32 | INFO: Draco encoder: Encoding mesh Loose soil particles 1124.
23:00:32 | INFO: Draco encoder: Encoding mesh Loose soil particles 1125.
23:00:32 | INFO: Draco encoder: Encoding mesh Loose soil particles 1126.
23:00:32 | INFO: Draco encoder: Encoding mesh Loose soil particles 1127.
23:00:32 | INFO: Draco encoder: Encoding mesh Loose soil particles 1128.
23:00:32 | INFO: Draco encoder: Encoding mesh Loose soil particles 1129.
23:00:32 | INFO: Draco encoder: Encoding mesh Loose soil particles 1130.
23:00:32 | INFO: Draco encoder: Encoding mesh Loose soil particles 1131.
23:00:32 | INFO: Draco encoder: Encoding mesh Loose soil particles 1132.
23:00:32 | INFO: Draco encoder: Encoding mesh Loose soil particles 1133.
23:00:32 | INFO: Draco encoder: Encoding mesh Loose soil particles 1134.
23:00:32 | INFO: Draco encoder: Encoding mesh Loose soil particles 1135.
23:00:32 | INFO: Draco encoder: Encoding mesh Loose soil particles 1136.
23:00:32 | INFO: Draco encoder: Encoding mesh Loose soil particles 1137.
23:00:32 | INFO: Draco encoder: Encoding mesh Loose soil particles 1138.
23:00:32 | INFO: Draco encoder: Encoding mesh Loose soil particles 1139.
23:00:32 | INFO: Draco encoder: Encoding mesh Loose soil particles 1140.
23:00:32 | INFO: Draco encoder: Encoding mesh Loose soil particles 1141.
23:00:32 | INFO: Draco encoder: Encoding mesh Loose soil particles 1142.
23:00:32 | INFO: Draco encoder: Encoding mesh Loose soil particles 1143.
23:00:32 | INFO: Draco encoder: Encoding mesh Loose soil particles 1144.
23:00:32 | INFO: Draco encoder: Encoding mesh Loose soil particles 1145.
23:00:32 | INFO: Draco encoder: Encoding mesh Loose soil particles 1146.
23:00:32 | INFO: Draco encoder: Encoding mesh Loose soil particles 1147.
23:00:32 | INFO: Draco encoder: Encoding mesh Loose soil particles 1148.
23:00:32 | INFO: Draco encoder: Encoding mesh Loose soil particles 1149.
23:00:32 | INFO: Draco encoder: Encoding mesh Loose soil particles 1150.
23:00:32 | INFO: Draco encoder: Encoding mesh Loose soil particles 1151.
23:00:32 | INFO: Draco encoder: Encoding mesh Loose soil particles 1152.
23:00:32 | INFO: Draco encoder: Encoding mesh Loose soil particles 1153.
23:00:32 | INFO: Draco encoder: Encoding mesh Loose soil particles 1154.
23:00:32 | INFO: Draco encoder: Encoding mesh Loose soil particles 1155.
23:00:32 | INFO: Draco encoder: Encoding mesh Loose soil particles 1156.
23:00:32 | INFO: Draco encoder: Encoding mesh Loose soil particles 1157.
23:00:32 | INFO: Draco encoder: Encoding mesh Loose soil particles 1158.
23:00:32 | INFO: Draco encoder: Encoding mesh Loose soil particles 1159.
23:00:32 | INFO: Draco encoder: Encoding mesh Loose soil particles 1160.
23:00:32 | INFO: Draco encoder: Encoding mesh Loose soil particles 1161.
23:00:32 | INFO: Draco encoder: Encoding mesh Loose soil particles 1162.
23:00:32 | INFO: Draco encoder: Encoding mesh Loose soil particles 1163.
23:00:32 | INFO: Draco encoder: Encoding mesh Loose soil particles 1164.
23:00:32 | INFO: Draco encoder: Encoding mesh Loose soil particles 1165.
23:00:32 | INFO: Draco encoder: Encoding mesh Loose soil particles 1166.
23:00:32 | INFO: Draco encoder: Encoding mesh Loose soil particles 1167.
23:00:32 | INFO: Draco encoder: Encoding mesh Loose soil particles 1168.
23:00:32 | INFO: Draco encoder: Encoding mesh Loose soil particles 1169.
23:00:32 | INFO: Draco encoder: Encoding mesh Loose soil particles 1170.
23:00:32 | INFO: Draco encoder: Encoding mesh Loose soil particles 1171.
23:00:32 | INFO: Draco encoder: Encoding mesh Loose soil particles 1172.
23:00:32 | INFO: Draco encoder: Encoding mesh Loose soil particles 1173.
23:00:32 | INFO: Draco encoder: Encoding mesh Loose soil particles 1174.
23:00:32 | INFO: Draco encoder: Encoding mesh Loose soil particles 1175.
23:00:32 | INFO: Draco encoder: Encoding mesh Loose soil particles 1176.
23:00:32 | INFO: Draco encoder: Encoding mesh Loose soil particles 1177.
23:00:32 | INFO: Draco encoder: Encoding mesh Loose soil particles 1178.
23:00:32 | INFO: Draco encoder: Encoding mesh Loose soil particles 1179.
23:00:32 | INFO: Draco encoder: Encoding mesh Loose soil particles 1180.
23:00:32 | INFO: Draco encoder: Encoding mesh Loose soil particles 1181.
23:00:32 | INFO: Draco encoder: Encoding mesh Loose soil particles 1182.
23:00:32 | INFO: Draco encoder: Encoding mesh Loose soil particles 1183.
23:00:32 | INFO: Draco encoder: Encoding mesh Loose soil particles 1184.
23:00:32 | INFO: Draco encoder: Encoding mesh Loose soil particles 1185.
23:00:32 | INFO: Draco encoder: Encoding mesh Loose soil particles 1186.
23:00:32 | INFO: Draco encoder: Encoding mesh Loose soil particles 1187.
23:00:32 | INFO: Draco encoder: Encoding mesh Loose soil particles 1188.
23:00:32 | INFO: Draco encoder: Encoding mesh Loose soil particles 1189.
23:00:32 | INFO: Draco encoder: Encoding mesh Loose soil particles 1190.
23:00:32 | INFO: Draco encoder: Encoding mesh Loose soil particles 1191.
23:00:32 | INFO: Draco encoder: Encoding mesh Loose soil particles 1192.
23:00:32 | INFO: Draco encoder: Encoding mesh Loose soil particles 1193.
23:00:32 | INFO: Draco encoder: Encoding mesh Loose soil particles 1194.
23:00:32 | INFO: Draco encoder: Encoding mesh Loose soil particles 1195.
23:00:32 | INFO: Draco encoder: Encoding mesh Loose soil particles 1196.
23:00:32 | INFO: Draco encoder: Encoding mesh Loose soil particles 1197.
23:00:32 | INFO: Draco encoder: Encoding mesh Loose soil particles 1198.
23:00:32 | INFO: Draco encoder: Encoding mesh Loose soil particles 1199.
23:00:32 | INFO: Draco encoder: Encoding mesh Loose soil particles 1200.
23:00:32 | INFO: Draco encoder: Encoding mesh Loose soil particles 1201.
23:00:32 | INFO: Draco encoder: Encoding mesh Loose soil particles 1202.
23:00:32 | INFO: Draco encoder: Encoding mesh Loose soil particles 1203.
23:00:32 | INFO: Draco encoder: Encoding mesh Loose soil particles 1204.
23:00:32 | INFO: Draco encoder: Encoding mesh Loose soil particles 1205.
23:00:32 | INFO: Draco encoder: Encoding mesh Loose soil particles 1206.
23:00:32 | INFO: Draco encoder: Encoding mesh Loose soil particles 1207.
23:00:32 | INFO: Draco encoder: Encoding mesh Loose soil particles 1208.
23:00:32 | INFO: Draco encoder: Encoding mesh Loose soil particles 1209.
23:00:32 | INFO: Draco encoder: Encoding mesh Loose soil particles 1210.
23:00:32 | INFO: Draco encoder: Encoding mesh Loose soil particles 1211.
23:00:32 | INFO: Draco encoder: Encoding mesh Loose soil particles 1212.
23:00:32 | INFO: Draco encoder: Encoding mesh Loose soil particles 1213.
23:00:32 | INFO: Draco encoder: Encoding mesh Loose soil particles 1214.
23:00:32 | INFO: Draco encoder: Encoding mesh Loose soil particles 1215.
23:00:32 | INFO: Draco encoder: Encoding mesh Loose soil particles 1216.
23:00:32 | INFO: Draco encoder: Encoding mesh Loose soil particles 1217.
23:00:32 | INFO: Draco encoder: Encoding mesh Loose soil particles 1218.
23:00:32 | INFO: Draco encoder: Encoding mesh Loose soil particles 1219.
23:00:32 | INFO: Draco encoder: Encoding mesh Loose soil particles 1220.
23:00:32 | INFO: Draco encoder: Encoding mesh Loose soil particles 1221.
23:00:32 | INFO: Draco encoder: Encoding mesh Loose soil particles 1222.
23:00:32 | INFO: Draco encoder: Encoding mesh Loose soil particles 1223.
23:00:32 | INFO: Draco encoder: Encoding mesh Loose soil particles 1224.
23:00:32 | INFO: Draco encoder: Encoding mesh Loose soil particles 1225.
23:00:32 | INFO: Draco encoder: Encoding mesh Loose soil particles 1226.
23:00:32 | INFO: Draco encoder: Encoding mesh Loose soil particles 1227.
23:00:32 | INFO: Draco encoder: Encoding mesh Loose soil particles 1228.
23:00:32 | INFO: Draco encoder: Encoding mesh Loose soil particles 1229.
23:00:32 | INFO: Draco encoder: Encoding mesh Loose soil particles 1230.
23:00:32 | INFO: Draco encoder: Encoding mesh Loose soil particles 1231.
23:00:32 | INFO: Draco encoder: Encoding mesh Loose soil particles 1232.
23:00:32 | INFO: Draco encoder: Encoding mesh Loose soil particles 1233.
23:00:32 | INFO: Draco encoder: Encoding mesh Loose soil particles 1234.
23:00:32 | INFO: Draco encoder: Encoding mesh Loose soil particles 1235.
23:00:32 | INFO: Draco encoder: Encoding mesh Loose soil particles 1236.
23:00:32 | INFO: Draco encoder: Encoding mesh Loose soil particles 1237.
23:00:32 | INFO: Draco encoder: Encoding mesh Loose soil particles 1238.
23:00:32 | INFO: Draco encoder: Encoding mesh Loose soil particles 1239.
23:00:32 | INFO: Draco encoder: Encoding mesh Loose soil particles 1240.
23:00:32 | INFO: Draco encoder: Encoding mesh Loose soil particles 1241.
23:00:32 | INFO: Draco encoder: Encoding mesh Loose soil particles 1242.
23:00:32 | INFO: Draco encoder: Encoding mesh Loose soil particles 1243.
23:00:32 | INFO: Draco encoder: Encoding mesh Loose soil particles 1244.
23:00:32 | INFO: Draco encoder: Encoding mesh Loose soil particles 1245.
23:00:32 | INFO: Draco encoder: Encoding mesh Loose soil particles 1246.
23:00:32 | INFO: Draco encoder: Encoding mesh Loose soil particles 1247.
23:00:32 | INFO: Draco encoder: Encoding mesh Loose soil particles 1248.
23:00:32 | INFO: Draco encoder: Encoding mesh Loose soil particles 1249.
23:00:32 | INFO: Draco encoder: Encoding mesh Loose soil particles 1250.
23:00:32 | INFO: Draco encoder: Encoding mesh Loose soil particles 1251.
23:00:32 | INFO: Draco encoder: Encoding mesh Loose soil particles 1252.
23:00:32 | INFO: Draco encoder: Encoding mesh Loose soil particles 1253.
23:00:32 | INFO: Draco encoder: Encoding mesh Loose soil particles 1254.
23:00:32 | INFO: Draco encoder: Encoding mesh Loose soil particles 1255.
23:00:32 | INFO: Draco encoder: Encoding mesh Loose soil particles 1256.
23:00:32 | INFO: Draco encoder: Encoding mesh Loose soil particles 1257.
23:00:32 | INFO: Draco encoder: Encoding mesh Loose soil particles 1258.
23:00:32 | INFO: Draco encoder: Encoding mesh Loose soil particles 1259.
23:00:32 | INFO: Draco encoder: Encoding mesh Loose soil particles 1260.
23:00:32 | INFO: Draco encoder: Encoding mesh Loose soil particles 1261.
23:00:32 | INFO: Draco encoder: Encoding mesh Loose soil particles 1262.
23:00:32 | INFO: Draco encoder: Encoding mesh Loose soil particles 1263.
23:00:32 | INFO: Draco encoder: Encoding mesh Loose soil particles 1264.
23:00:32 | INFO: Draco encoder: Encoding mesh Loose soil particles 1265.
23:00:32 | INFO: Draco encoder: Encoding mesh Loose soil particles 1266.
23:00:32 | INFO: Draco encoder: Encoding mesh Loose soil particles 1267.
23:00:32 | INFO: Draco encoder: Encoding mesh Loose soil particles 1268.
23:00:32 | INFO: Draco encoder: Encoding mesh Loose soil particles 1269.
23:00:32 | INFO: Draco encoder: Encoding mesh Loose soil particles 1270.
23:00:32 | INFO: Draco encoder: Encoding mesh Loose soil particles 1271.
23:00:32 | INFO: Draco encoder: Encoding mesh Loose soil particles 1272.
23:00:32 | INFO: Draco encoder: Encoding mesh Loose soil particles 1273.
23:00:32 | INFO: Draco encoder: Encoding mesh Loose soil particles 1274.
23:00:32 | INFO: Draco encoder: Encoding mesh Loose soil particles 1275.
23:00:32 | INFO: Draco encoder: Encoding mesh Loose soil particles 1276.
23:00:32 | INFO: Draco encoder: Encoding mesh Loose soil particles 1277.
23:00:32 | INFO: Draco encoder: Encoding mesh Loose soil particles 1278.
23:00:32 | INFO: Draco encoder: Encoding mesh Loose soil particles 1279.
23:00:32 | INFO: Draco encoder: Encoding mesh Loose soil particles 1280.
23:00:32 | INFO: Draco encoder: Encoding mesh Loose soil particles 1281.
23:00:32 | INFO: Draco encoder: Encoding mesh Loose soil particles 1282.
23:00:32 | INFO: Draco encoder: Encoding mesh Loose soil particles 1283.
23:00:32 | INFO: Draco encoder: Encoding mesh Loose soil particles 1284.
23:00:32 | INFO: Draco encoder: Encoding mesh Loose soil particles 1285.
23:00:32 | INFO: Draco encoder: Encoding mesh Loose soil particles 1286.
23:00:32 | INFO: Draco encoder: Encoding mesh Loose soil particles 1287.
23:00:32 | INFO: Draco encoder: Encoding mesh Loose soil particles 1288.
23:00:32 | INFO: Draco encoder: Encoding mesh Loose soil particles 1289.
23:00:32 | INFO: Draco encoder: Encoding mesh Loose soil particles 1290.
23:00:32 | INFO: Draco encoder: Encoding mesh Loose soil particles 1291.
23:00:32 | INFO: Draco encoder: Encoding mesh Loose soil particles 1292.
23:00:32 | INFO: Draco encoder: Encoding mesh Loose soil particles 1293.
23:00:32 | INFO: Draco encoder: Encoding mesh Loose soil particles 1294.
23:00:32 | INFO: Draco encoder: Encoding mesh Loose soil particles 1295.
23:00:32 | INFO: Draco encoder: Encoding mesh Loose soil particles 1296.
23:00:32 | INFO: Draco encoder: Encoding mesh Loose soil particles 1297.
23:00:32 | INFO: Draco encoder: Encoding mesh Loose soil particles 1298.
23:00:32 | INFO: Draco encoder: Encoding mesh Loose soil particles 1299.
23:00:32 | INFO: Draco encoder: Encoding mesh Loose soil particles 1300.
23:00:32 | INFO: Draco encoder: Encoding mesh Loose soil particles 1301.
23:00:32 | INFO: Draco encoder: Encoding mesh Loose soil particles 1302.
23:00:32 | INFO: Draco encoder: Encoding mesh Loose soil particles 1303.
23:00:32 | INFO: Draco encoder: Encoding mesh Loose soil particles 1304.
23:00:32 | INFO: Draco encoder: Encoding mesh Loose soil particles 1305.
23:00:32 | INFO: Draco encoder: Encoding mesh Loose soil particles 1306.
23:00:32 | INFO: Draco encoder: Encoding mesh Loose soil particles 1307.
23:00:32 | INFO: Draco encoder: Encoding mesh Loose soil particles 1308.
23:00:32 | INFO: Draco encoder: Encoding mesh Loose soil particles 1309.
23:00:32 | INFO: Draco encoder: Encoding mesh Loose soil particles 1310.
23:00:32 | INFO: Draco encoder: Encoding mesh Loose soil particles 1311.
23:00:32 | INFO: Draco encoder: Encoding mesh Loose soil particles 1312.
23:00:32 | INFO: Draco encoder: Encoding mesh Loose soil particles 1313.
23:00:32 | INFO: Draco encoder: Encoding mesh Loose soil particles 1314.
23:00:32 | INFO: Draco encoder: Encoding mesh Loose soil particles 1315.
23:00:32 | INFO: Draco encoder: Encoding mesh Loose soil particles 1316.
23:00:32 | INFO: Draco encoder: Encoding mesh Loose soil particles 1317.
23:00:32 | INFO: Draco encoder: Encoding mesh Loose soil particles 1318.
23:00:32 | INFO: Draco encoder: Encoding mesh Loose soil particles 1319.
23:00:32 | INFO: Draco encoder: Encoding mesh Loose soil particles 1320.
23:00:32 | INFO: Draco encoder: Encoding mesh Loose soil particles 1321.
23:00:32 | INFO: Draco encoder: Encoding mesh Loose soil particles 1322.
23:00:32 | INFO: Draco encoder: Encoding mesh Loose soil particles 1323.
23:00:32 | INFO: Draco encoder: Encoding mesh Loose soil particles 1324.
23:00:32 | INFO: Draco encoder: Encoding mesh Loose soil particles 1325.
23:00:32 | INFO: Draco encoder: Encoding mesh Loose soil particles 1326.
23:00:32 | INFO: Draco encoder: Encoding mesh Loose soil particles 1327.
23:00:32 | INFO: Draco encoder: Encoding mesh Loose soil particles 1328.
23:00:32 | INFO: Draco encoder: Encoding mesh Loose soil particles 1329.
23:00:32 | INFO: Draco encoder: Encoding mesh Loose soil particles 1330.
23:00:32 | INFO: Draco encoder: Encoding mesh Loose soil particles 1331.
23:00:32 | INFO: Draco encoder: Encoding mesh Loose soil particles 1332.
23:00:32 | INFO: Draco encoder: Encoding mesh Loose soil particles 1333.
23:00:32 | INFO: Draco encoder: Encoding mesh Loose soil particles 1334.
23:00:32 | INFO: Draco encoder: Encoding mesh Loose soil particles 1335.
23:00:32 | INFO: Draco encoder: Encoding mesh Loose soil particles 1336.
23:00:32 | INFO: Draco encoder: Encoding mesh Loose soil particles 1337.
23:00:32 | INFO: Draco encoder: Encoding mesh Loose soil particles 1338.
23:00:32 | INFO: Draco encoder: Encoding mesh Loose soil particles 1339.
23:00:32 | INFO: Draco encoder: Encoding mesh Loose soil particles 1340.
23:00:32 | INFO: Draco encoder: Encoding mesh Loose soil particles 1341.
23:00:32 | INFO: Draco encoder: Encoding mesh Loose soil particles 1342.
23:00:32 | INFO: Draco encoder: Encoding mesh Loose soil particles 1343.
23:00:32 | INFO: Draco encoder: Encoding mesh Loose soil particles 1344.
23:00:32 | INFO: Draco encoder: Encoding mesh Loose soil particles 1345.
23:00:32 | INFO: Draco encoder: Encoding mesh Loose soil particles 1346.
23:00:32 | INFO: Draco encoder: Encoding mesh Loose soil particles 1347.
23:00:32 | INFO: Draco encoder: Encoding mesh Loose soil particles 1348.
23:00:32 | INFO: Draco encoder: Encoding mesh Loose soil particles 1349.
23:00:32 | INFO: Draco encoder: Encoding mesh Loose soil particles 1350.
23:00:32 | INFO: Draco encoder: Encoding mesh Loose soil particles 1351.
23:00:32 | INFO: Draco encoder: Encoding mesh Loose soil particles 1352.
23:00:32 | INFO: Draco encoder: Encoding mesh Loose soil particles 1353.
23:00:32 | INFO: Draco encoder: Encoding mesh Loose soil particles 1354.
23:00:32 | INFO: Draco encoder: Encoding mesh Loose soil particles 1355.
23:00:32 | INFO: Draco encoder: Encoding mesh Loose soil particles 1356.
23:00:32 | INFO: Draco encoder: Encoding mesh Loose soil particles 1357.
23:00:32 | INFO: Draco encoder: Encoding mesh Loose soil particles 1358.
23:00:32 | INFO: Draco encoder: Encoding mesh Loose soil particles 1359.
23:00:32 | INFO: Draco encoder: Encoding mesh Loose soil particles 1360.
23:00:32 | INFO: Draco encoder: Encoding mesh Loose soil particles 1361.
23:00:32 | INFO: Draco encoder: Encoding mesh Loose soil particles 1362.
23:00:32 | INFO: Draco encoder: Encoding mesh Loose soil particles 1363.
23:00:32 | INFO: Draco encoder: Encoding mesh Loose soil particles 1364.
23:00:32 | INFO: Draco encoder: Encoding mesh Loose soil particles 1365.
23:00:32 | INFO: Draco encoder: Encoding mesh Loose soil particles 1366.
23:00:32 | INFO: Draco encoder: Encoding mesh Loose soil particles 1367.
23:00:32 | INFO: Draco encoder: Encoding mesh Loose soil particles 1368.
23:00:32 | INFO: Draco encoder: Encoding mesh Loose soil particles 1369.
23:00:32 | INFO: Draco encoder: Encoding mesh Loose soil particles 1370.
23:00:32 | INFO: Draco encoder: Encoding mesh Loose soil particles 1371.
23:00:32 | INFO: Draco encoder: Encoding mesh Loose soil particles 1372.
23:00:32 | INFO: Draco encoder: Encoding mesh Loose soil particles 1373.
23:00:32 | INFO: Draco encoder: Encoding mesh Loose soil particles 1374.
23:00:32 | INFO: Draco encoder: Encoding mesh Loose soil particles 1375.
23:00:32 | INFO: Draco encoder: Encoding mesh Loose soil particles 1376.
23:00:32 | INFO: Draco encoder: Encoding mesh Loose soil particles 1377.
23:00:32 | INFO: Draco encoder: Encoding mesh Loose soil particles 1378.
23:00:32 | INFO: Draco encoder: Encoding mesh Loose soil particles 1379.
23:00:32 | INFO: Draco encoder: Encoding mesh Loose soil particles 1380.
23:00:32 | INFO: Draco encoder: Encoding mesh Loose soil particles 1381.
23:00:32 | INFO: Draco encoder: Encoding mesh Loose soil particles 1382.
23:00:32 | INFO: Draco encoder: Encoding mesh Loose soil particles 1383.
23:00:32 | INFO: Draco encoder: Encoding mesh Loose soil particles 1384.
23:00:32 | INFO: Draco encoder: Encoding mesh Loose soil particles 1385.
23:00:32 | INFO: Draco encoder: Encoding mesh Loose soil particles 1386.
23:00:32 | INFO: Draco encoder: Encoding mesh Loose soil particles 1387.
23:00:32 | INFO: Draco encoder: Encoding mesh Loose soil particles 1388.
23:00:32 | INFO: Draco encoder: Encoding mesh Loose soil particles 1389.
23:00:32 | INFO: Draco encoder: Encoding mesh Loose soil particles 1390.
23:00:32 | INFO: Draco encoder: Encoding mesh Loose soil particles 1391.
23:00:32 | INFO: Draco encoder: Encoding mesh Loose soil particles 1392.
23:00:32 | INFO: Draco encoder: Encoding mesh Loose soil particles 1393.
23:00:32 | INFO: Draco encoder: Encoding mesh Loose soil particles 1394.
23:00:32 | INFO: Draco encoder: Encoding mesh Loose soil particles 1395.
23:00:32 | INFO: Draco encoder: Encoding mesh Loose soil particles 1396.
23:00:32 | INFO: Draco encoder: Encoding mesh Loose soil particles 1397.
23:00:32 | INFO: Draco encoder: Encoding mesh Loose soil particles 1398.
23:00:32 | INFO: Draco encoder: Encoding mesh Loose soil particles 1399.
23:00:32 | INFO: Draco encoder: Encoding mesh Loose soil particles 1400.
23:00:32 | INFO: Draco encoder: Encoding mesh Loose soil particles 1401.
23:00:32 | INFO: Draco encoder: Encoding mesh Loose soil particles 1402.
23:00:32 | INFO: Draco encoder: Encoding mesh Loose soil particles 1403.
23:00:32 | INFO: Draco encoder: Encoding mesh Loose soil particles 1404.
23:00:32 | INFO: Draco encoder: Encoding mesh Loose soil particles 1405.
23:00:32 | INFO: Draco encoder: Encoding mesh Loose soil particles 1406.
23:00:32 | INFO: Draco encoder: Encoding mesh Loose soil particles 1407.
23:00:32 | INFO: Draco encoder: Encoding mesh Loose soil particles 1408.
23:00:32 | INFO: Draco encoder: Encoding mesh Loose soil particles 1409.
23:00:32 | INFO: Draco encoder: Encoding mesh Loose soil particles 1410.
23:00:32 | INFO: Draco encoder: Encoding mesh Loose soil particles 1411.
23:00:32 | INFO: Draco encoder: Encoding mesh Loose soil particles 1412.
23:00:32 | INFO: Draco encoder: Encoding mesh Loose soil particles 1413.
23:00:32 | INFO: Draco encoder: Encoding mesh Loose soil particles 1414.
23:00:32 | INFO: Draco encoder: Encoding mesh Loose soil particles 1415.
23:00:32 | INFO: Draco encoder: Encoding mesh Loose soil particles 1416.
23:00:32 | INFO: Draco encoder: Encoding mesh Loose soil particles 1417.
23:00:32 | INFO: Draco encoder: Encoding mesh Loose soil particles 1418.
23:00:32 | INFO: Draco encoder: Encoding mesh Loose soil particles 1419.
23:00:32 | INFO: Draco encoder: Encoding mesh Loose soil particles 1420.
23:00:32 | INFO: Draco encoder: Encoding mesh Loose soil particles 1421.
23:00:32 | INFO: Draco encoder: Encoding mesh Loose soil particles 1422.
23:00:32 | INFO: Draco encoder: Encoding mesh Loose soil particles 1423.
23:00:32 | INFO: Draco encoder: Encoding mesh Loose soil particles 1424.
23:00:32 | INFO: Draco encoder: Encoding mesh Loose soil particles 1425.
23:00:32 | INFO: Draco encoder: Encoding mesh Loose soil particles 1426.
23:00:32 | INFO: Draco encoder: Encoding mesh Loose soil particles 1427.
23:00:32 | INFO: Draco encoder: Encoding mesh Loose soil particles 1428.
23:00:32 | INFO: Draco encoder: Encoding mesh Loose soil particles 1429.
23:00:32 | INFO: Draco encoder: Encoding mesh Loose soil particles 1430.
23:00:32 | INFO: Draco encoder: Encoding mesh Loose soil particles 1431.
23:00:32 | INFO: Draco encoder: Encoding mesh Loose soil particles 1432.
23:00:32 | INFO: Draco encoder: Encoding mesh Loose soil particles 1433.
23:00:32 | INFO: Draco encoder: Encoding mesh Loose soil particles 1434.
23:00:32 | INFO: Draco encoder: Encoding mesh Loose soil particles 1435.
23:00:32 | INFO: Draco encoder: Encoding mesh Loose soil particles 1436.
23:00:32 | INFO: Draco encoder: Encoding mesh Loose soil particles 1437.
23:00:32 | INFO: Draco encoder: Encoding mesh Loose soil particles 1438.
23:00:32 | INFO: Draco encoder: Encoding mesh Loose soil particles 1439.
23:00:32 | INFO: Draco encoder: Encoding mesh Loose soil particles 1440.
23:00:32 | INFO: Draco encoder: Encoding mesh Loose soil particles 1441.
23:00:32 | INFO: Draco encoder: Encoding mesh Loose soil particles 1442.
23:00:32 | INFO: Draco encoder: Encoding mesh Loose soil particles 1443.
23:00:32 | INFO: Draco encoder: Encoding mesh Loose soil particles 1444.
23:00:32 | INFO: Draco encoder: Encoding mesh Loose soil particles 1445.
23:00:32 | INFO: Draco encoder: Encoding mesh Loose soil particles 1446.
23:00:32 | INFO: Draco encoder: Encoding mesh Loose soil particles 1447.
23:00:32 | INFO: Draco encoder: Encoding mesh Loose soil particles 1448.
23:00:32 | INFO: Draco encoder: Encoding mesh Loose soil particles 1449.
23:00:32 | INFO: Draco encoder: Encoding mesh Loose soil particles 1450.
23:00:32 | INFO: Draco encoder: Encoding mesh Loose soil particles 1451.
23:00:32 | INFO: Draco encoder: Encoding mesh Loose soil particles 1452.
23:00:32 | INFO: Draco encoder: Encoding mesh Loose soil particles 1453.
23:00:32 | INFO: Draco encoder: Encoding mesh Loose soil particles 1454.
23:00:32 | INFO: Draco encoder: Encoding mesh Loose soil particles 1455.
23:00:32 | INFO: Draco encoder: Encoding mesh Loose soil particles 1456.
23:00:32 | INFO: Draco encoder: Encoding mesh Loose soil particles 1457.
23:00:32 | INFO: Draco encoder: Encoding mesh Loose soil particles 1458.
23:00:32 | INFO: Draco encoder: Encoding mesh Loose soil particles 1459.
23:00:32 | INFO: Draco encoder: Encoding mesh Loose soil particles 1460.
23:00:32 | INFO: Draco encoder: Encoding mesh Loose soil particles 1461.
23:00:32 | INFO: Draco encoder: Encoding mesh Loose soil particles 1462.
23:00:32 | INFO: Draco encoder: Encoding mesh Loose soil particles 1463.
23:00:32 | INFO: Draco encoder: Encoding mesh Loose soil particles 1464.
23:00:32 | INFO: Draco encoder: Encoding mesh Loose soil particles 1465.
23:00:32 | INFO: Draco encoder: Encoding mesh Loose soil particles 1466.
23:00:32 | INFO: Draco encoder: Encoding mesh Loose soil particles 1467.
23:00:32 | INFO: Draco encoder: Encoding mesh Loose soil particles 1468.
23:00:32 | INFO: Draco encoder: Encoding mesh Loose soil particles 1469.
23:00:32 | INFO: Draco encoder: Encoding mesh Loose soil particles 1470.
23:00:32 | INFO: Draco encoder: Encoding mesh Loose soil particles 1471.
23:00:32 | INFO: Draco encoder: Encoding mesh Loose soil particles 1472.
23:00:32 | INFO: Draco encoder: Encoding mesh Loose soil particles 1473.
23:00:32 | INFO: Draco encoder: Encoding mesh Loose soil particles 1474.
23:00:32 | INFO: Draco encoder: Encoding mesh Loose soil particles 1475.
23:00:32 | INFO: Draco encoder: Encoding mesh Loose soil particles 1476.
23:00:32 | INFO: Draco encoder: Encoding mesh Loose soil particles 1477.
23:00:32 | INFO: Draco encoder: Encoding mesh Loose soil particles 1478.
23:00:32 | INFO: Draco encoder: Encoding mesh Loose soil particles 1479.
23:00:32 | INFO: Draco encoder: Encoding mesh Loose soil particles 1480.
23:00:32 | INFO: Draco encoder: Encoding mesh Loose soil particles 1481.
23:00:32 | INFO: Draco encoder: Encoding mesh Loose soil particles 1482.
23:00:32 | INFO: Draco encoder: Encoding mesh Loose soil particles 1483.
23:00:32 | INFO: Draco encoder: Encoding mesh Loose soil particles 1484.
23:00:32 | INFO: Draco encoder: Encoding mesh Loose soil particles 1485.
23:00:32 | INFO: Draco encoder: Encoding mesh Loose soil particles 1486.
23:00:32 | INFO: Draco encoder: Encoding mesh Loose soil particles 1487.
23:00:32 | INFO: Draco encoder: Encoding mesh Loose soil particles 1488.
23:00:32 | INFO: Draco encoder: Encoding mesh Loose soil particles 1489.
23:00:32 | INFO: Draco encoder: Encoding mesh Loose soil particles 1490.
23:00:32 | INFO: Draco encoder: Encoding mesh Loose soil particles 1491.
23:00:32 | INFO: Draco encoder: Encoding mesh Loose soil particles 1492.
23:00:32 | INFO: Draco encoder: Encoding mesh Loose soil particles 1493.
23:00:32 | INFO: Draco encoder: Encoding mesh Loose soil particles 1494.
23:00:32 | INFO: Draco encoder: Encoding mesh Loose soil particles 1495.
23:00:32 | INFO: Draco encoder: Encoding mesh Loose soil particles 1496.
23:00:32 | INFO: Draco encoder: Encoding mesh Loose soil particles 1497.
23:00:32 | INFO: Draco encoder: Encoding mesh Loose soil particles 1498.
23:00:32 | INFO: Draco encoder: Encoding mesh Loose soil particles 1499.
23:00:32 | INFO: Draco encoder: Encoding mesh Loose soil particles 1500.
23:00:32 | INFO: Draco encoder: Encoding mesh Loose soil particles 1501.
23:00:32 | INFO: Draco encoder: Encoding mesh Loose soil particles 1502.
23:00:32 | INFO: Draco encoder: Encoding mesh Loose soil particles 1503.
23:00:32 | INFO: Draco encoder: Encoding mesh Loose soil particles 1504.
23:00:32 | INFO: Draco encoder: Encoding mesh Loose soil particles 1505.
23:00:32 | INFO: Draco encoder: Encoding mesh Loose soil particles 1506.
23:00:32 | INFO: Draco encoder: Encoding mesh Loose soil particles 1507.
23:00:32 | INFO: Draco encoder: Encoding mesh Loose soil particles 1508.
23:00:32 | INFO: Draco encoder: Encoding mesh Loose soil particles 1509.
23:00:32 | INFO: Draco encoder: Encoding mesh Loose soil particles 1510.
23:00:32 | INFO: Draco encoder: Encoding mesh Loose soil particles 1511.
23:00:32 | INFO: Draco encoder: Encoding mesh Loose soil particles 1512.
23:00:32 | INFO: Draco encoder: Encoding mesh Loose soil particles 1513.
23:00:32 | INFO: Draco encoder: Encoding mesh Loose soil particles 1514.
23:00:32 | INFO: Draco encoder: Encoding mesh Loose soil particles 1515.
23:00:32 | INFO: Draco encoder: Encoding mesh Loose soil particles 1516.
23:00:32 | INFO: Draco encoder: Encoding mesh Loose soil particles 1517.
23:00:32 | INFO: Draco encoder: Encoding mesh Loose soil particles 1518.
23:00:32 | INFO: Draco encoder: Encoding mesh Loose soil particles 1519.
23:00:32 | INFO: Draco encoder: Encoding mesh Loose soil particles 1520.
23:00:32 | INFO: Draco encoder: Encoding mesh Loose soil particles 1521.
23:00:32 | INFO: Draco encoder: Encoding mesh Loose soil particles 1522.
23:00:32 | INFO: Draco encoder: Encoding mesh Loose soil particles 1523.
23:00:32 | INFO: Draco encoder: Encoding mesh Loose soil particles 1524.
23:00:32 | INFO: Draco encoder: Encoding mesh Loose soil particles 1525.
23:00:32 | INFO: Draco encoder: Encoding mesh Loose soil particles 1526.
23:00:32 | INFO: Draco encoder: Encoding mesh Loose soil particles 1527.
23:00:32 | INFO: Draco encoder: Encoding mesh Loose soil particles 1528.
23:00:32 | INFO: Draco encoder: Encoding mesh Loose soil particles 1529.
23:00:32 | INFO: Draco encoder: Encoding mesh Loose soil particles 1530.
23:00:32 | INFO: Draco encoder: Encoding mesh Loose soil particles 1531.
23:00:32 | INFO: Draco encoder: Encoding mesh Loose soil particles 1532.
23:00:32 | INFO: Draco encoder: Encoding mesh Loose soil particles 1533.
23:00:32 | INFO: Draco encoder: Encoding mesh Loose soil particles 1534.
23:00:32 | INFO: Draco encoder: Encoding mesh Loose soil particles 1535.
23:00:32 | INFO: Draco encoder: Encoding mesh Loose soil particles 1536.
23:00:32 | INFO: Draco encoder: Encoding mesh Loose soil particles 1537.
23:00:32 | INFO: Draco encoder: Encoding mesh Loose soil particles 1538.
23:00:32 | INFO: Draco encoder: Encoding mesh Loose soil particles 1539.
23:00:32 | INFO: Draco encoder: Encoding mesh Loose soil particles 1540.
23:00:32 | INFO: Draco encoder: Encoding mesh Loose soil particles 1541.
23:00:32 | INFO: Draco encoder: Encoding mesh Loose soil particles 1542.
23:00:32 | INFO: Draco encoder: Encoding mesh Loose soil particles 1543.
23:00:32 | INFO: Draco encoder: Encoding mesh Loose soil particles 1544.
23:00:32 | INFO: Draco encoder: Encoding mesh Loose soil particles 1545.
23:00:32 | INFO: Draco encoder: Encoding mesh Loose soil particles 1546.
23:00:32 | INFO: Draco encoder: Encoding mesh Loose soil particles 1547.
23:00:32 | INFO: Draco encoder: Encoding mesh Loose soil particles 1548.
23:00:32 | INFO: Draco encoder: Encoding mesh Loose soil particles 1549.
23:00:32 | INFO: Draco encoder: Encoding mesh Loose soil particles 1550.
23:00:32 | INFO: Draco encoder: Encoding mesh Loose soil particles 1551.
23:00:32 | INFO: Draco encoder: Encoding mesh Loose soil particles 1552.
23:00:32 | INFO: Draco encoder: Encoding mesh Loose soil particles 1553.
23:00:32 | INFO: Draco encoder: Encoding mesh Loose soil particles 1554.
23:00:32 | INFO: Draco encoder: Encoding mesh Loose soil particles 1555.
23:00:32 | INFO: Draco encoder: Encoding mesh Loose soil particles 1556.
23:00:32 | INFO: Draco encoder: Encoding mesh Loose soil particles 1557.
23:00:32 | INFO: Draco encoder: Encoding mesh Loose soil particles 1558.
23:00:32 | INFO: Draco encoder: Encoding mesh Loose soil particles 1559.
23:00:32 | INFO: Draco encoder: Encoding mesh Loose soil particles 1560.
23:00:32 | INFO: Draco encoder: Encoding mesh Loose soil particles 1561.
23:00:32 | INFO: Draco encoder: Encoding mesh Loose soil particles 1562.
23:00:32 | INFO: Draco encoder: Encoding mesh Loose soil particles 1563.
23:00:32 | INFO: Draco encoder: Encoding mesh Loose soil particles 1564.
23:00:32 | INFO: Draco encoder: Encoding mesh Loose soil particles 1565.
23:00:32 | INFO: Draco encoder: Encoding mesh Loose soil particles 1566.
23:00:32 | INFO: Draco encoder: Encoding mesh Loose soil particles 1567.
23:00:32 | INFO: Draco encoder: Encoding mesh Loose soil particles 1568.
23:00:32 | INFO: Draco encoder: Encoding mesh Loose soil particles 1569.
23:00:32 | INFO: Draco encoder: Encoding mesh Loose soil particles 1570.
23:00:32 | INFO: Draco encoder: Encoding mesh Loose soil particles 1571.
23:00:32 | INFO: Draco encoder: Encoding mesh Loose soil particles 1572.
23:00:32 | INFO: Draco encoder: Encoding mesh Loose soil particles 1573.
23:00:32 | INFO: Draco encoder: Encoding mesh Loose soil particles 1574.
23:00:32 | INFO: Draco encoder: Encoding mesh Loose soil particles 1575.
23:00:32 | INFO: Draco encoder: Encoding mesh Loose soil particles 1576.
23:00:32 | INFO: Draco encoder: Encoding mesh Loose soil particles 1577.
23:00:32 | INFO: Draco encoder: Encoding mesh Loose soil particles 1578.
23:00:32 | INFO: Draco encoder: Encoding mesh Loose soil particles 1579.
23:00:32 | INFO: Draco encoder: Encoding mesh Loose soil particles 1580.
23:00:32 | INFO: Draco encoder: Encoding mesh Loose soil particles 1581.
23:00:32 | INFO: Draco encoder: Encoding mesh Loose soil particles 1582.
23:00:32 | INFO: Draco encoder: Encoding mesh Loose soil particles 1583.
23:00:32 | INFO: Draco encoder: Encoding mesh Loose soil particles 1584.
23:00:32 | INFO: Draco encoder: Encoding mesh Loose soil particles 1585.
23:00:32 | INFO: Draco encoder: Encoding mesh Loose soil particles 1586.
23:00:32 | INFO: Draco encoder: Encoding mesh Loose soil particles 1587.
23:00:32 | INFO: Draco encoder: Encoding mesh Loose soil particles 1588.
23:00:32 | INFO: Draco encoder: Encoding mesh Loose soil particles 1589.
23:00:32 | INFO: Draco encoder: Encoding mesh Loose soil particles 1590.
23:00:32 | INFO: Draco encoder: Encoding mesh Loose soil particles 1591.
23:00:32 | INFO: Draco encoder: Encoding mesh Loose soil particles 1592.
23:00:32 | INFO: Draco encoder: Encoding mesh Loose soil particles 1593.
23:00:32 | INFO: Draco encoder: Encoding mesh Loose soil particles 1594.
23:00:32 | INFO: Draco encoder: Encoding mesh Loose soil particles 1595.
23:00:32 | INFO: Draco encoder: Encoding mesh Loose soil particles 1596.
23:00:32 | INFO: Draco encoder: Encoding mesh Loose soil particles 1597.
23:00:32 | INFO: Draco encoder: Encoding mesh Loose soil particles 1598.
23:00:32 | INFO: Draco encoder: Encoding mesh Loose soil particles 1599.
23:00:32 | INFO: Draco encoder: Encoding mesh Root moss shoots 0000.
23:00:32 | INFO: Draco encoder: Encoding mesh Root moss shoots 0001.
23:00:32 | INFO: Draco encoder: Encoding mesh Root moss shoots 0002.
23:00:32 | INFO: Draco encoder: Encoding mesh Root moss shoots 0003.
23:00:32 | INFO: Draco encoder: Encoding mesh Root moss shoots 0004.
23:00:32 | INFO: Draco encoder: Encoding mesh Root moss shoots 0005.
23:00:32 | INFO: Draco encoder: Encoding mesh Root moss shoots 0006.
23:00:32 | INFO: Draco encoder: Encoding mesh Root moss shoots 0007.
23:00:32 | INFO: Draco encoder: Encoding mesh Root moss shoots 0008.
23:00:32 | INFO: Draco encoder: Encoding mesh Root moss shoots 0009.
23:00:32 | INFO: Draco encoder: Encoding mesh Root moss shoots 0010.
23:00:32 | INFO: Draco encoder: Encoding mesh Root moss shoots 0011.
23:00:32 | INFO: Draco encoder: Encoding mesh Root moss shoots 0012.
23:00:32 | INFO: Draco encoder: Encoding mesh Root moss shoots 0013.
23:00:32 | INFO: Draco encoder: Encoding mesh Root moss shoots 0014.
23:00:32 | INFO: Draco encoder: Encoding mesh Root moss shoots 0015.
23:00:32 | INFO: Draco encoder: Encoding mesh Root moss shoots 0016.
23:00:32 | INFO: Draco encoder: Encoding mesh Root moss shoots 0017.
23:00:32 | INFO: Draco encoder: Encoding mesh Root moss shoots 0018.
23:00:32 | INFO: Draco encoder: Encoding mesh Root moss shoots 0019.
23:00:32 | INFO: Draco encoder: Encoding mesh Root moss shoots 0020.
23:00:32 | INFO: Draco encoder: Encoding mesh Root moss shoots 0021.
23:00:32 | INFO: Draco encoder: Encoding mesh Root moss shoots 0022.
23:00:32 | INFO: Draco encoder: Encoding mesh Root moss shoots 0023.
23:00:32 | INFO: Draco encoder: Encoding mesh Root moss shoots 0024.
23:00:32 | INFO: Draco encoder: Encoding mesh Root moss shoots 0025.
23:00:32 | INFO: Draco encoder: Encoding mesh Root moss shoots 0026.
23:00:32 | INFO: Draco encoder: Encoding mesh Root moss shoots 0027.
23:00:32 | INFO: Draco encoder: Encoding mesh Root moss shoots 0028.
23:00:32 | INFO: Draco encoder: Encoding mesh Root moss shoots 0029.
23:00:32 | INFO: Draco encoder: Encoding mesh Root moss shoots 0030.
23:00:32 | INFO: Draco encoder: Encoding mesh Root moss shoots 0031.
23:00:32 | INFO: Draco encoder: Encoding mesh Root moss shoots 0032.
23:00:32 | INFO: Draco encoder: Encoding mesh Root moss shoots 0033.
23:00:32 | INFO: Draco encoder: Encoding mesh Root moss shoots 0034.
23:00:32 | INFO: Draco encoder: Encoding mesh Root moss shoots 0035.
23:00:32 | INFO: Draco encoder: Encoding mesh Root moss shoots 0036.
23:00:32 | INFO: Draco encoder: Encoding mesh Root moss shoots 0037.
23:00:32 | INFO: Draco encoder: Encoding mesh Root moss shoots 0038.
23:00:32 | INFO: Draco encoder: Encoding mesh Root moss shoots 0039.
23:00:32 | INFO: Draco encoder: Encoding mesh Root moss shoots 0040.
23:00:32 | INFO: Draco encoder: Encoding mesh Root moss shoots 0041.
23:00:32 | INFO: Draco encoder: Encoding mesh Root moss shoots 0042.
23:00:32 | INFO: Draco encoder: Encoding mesh Root moss shoots 0043.
23:00:32 | INFO: Draco encoder: Encoding mesh Root moss shoots 0044.
23:00:32 | INFO: Draco encoder: Encoding mesh Root moss shoots 0045.
23:00:32 | INFO: Draco encoder: Encoding mesh Root moss shoots 0046.
23:00:32 | INFO: Draco encoder: Encoding mesh Root moss shoots 0047.
23:00:32 | INFO: Draco encoder: Encoding mesh Root moss shoots 0048.
23:00:32 | INFO: Draco encoder: Encoding mesh Root moss shoots 0049.
23:00:32 | INFO: Draco encoder: Encoding mesh Root moss shoots 0050.
23:00:32 | INFO: Draco encoder: Encoding mesh Root moss shoots 0051.
23:00:32 | INFO: Draco encoder: Encoding mesh Root moss shoots 0052.
23:00:32 | INFO: Draco encoder: Encoding mesh Root moss shoots 0053.
23:00:32 | INFO: Draco encoder: Encoding mesh Root moss shoots 0054.
23:00:32 | INFO: Draco encoder: Encoding mesh Root moss shoots 0055.
23:00:32 | INFO: Draco encoder: Encoding mesh Root moss shoots 0056.
23:00:32 | INFO: Draco encoder: Encoding mesh Root moss shoots 0057.
23:00:32 | INFO: Draco encoder: Encoding mesh Root moss shoots 0058.
23:00:32 | INFO: Draco encoder: Encoding mesh Root moss shoots 0059.
23:00:32 | INFO: Draco encoder: Encoding mesh Root moss shoots 0060.
23:00:32 | INFO: Draco encoder: Encoding mesh Root moss shoots 0061.
23:00:32 | INFO: Draco encoder: Encoding mesh Root moss shoots 0062.
23:00:32 | INFO: Draco encoder: Encoding mesh Root moss shoots 0063.
23:00:32 | INFO: Draco encoder: Encoding mesh Root moss shoots 0064.
23:00:32 | INFO: Draco encoder: Encoding mesh Root moss shoots 0065.
23:00:32 | INFO: Draco encoder: Encoding mesh Root moss shoots 0066.
23:00:32 | INFO: Draco encoder: Encoding mesh Root moss shoots 0067.
23:00:32 | INFO: Draco encoder: Encoding mesh Root moss shoots 0068.
23:00:32 | INFO: Draco encoder: Encoding mesh Root moss shoots 0069.
23:00:32 | INFO: Draco encoder: Encoding mesh Root moss shoots 0070.
23:00:32 | INFO: Draco encoder: Encoding mesh Root moss shoots 0071.
23:00:32 | INFO: Draco encoder: Encoding mesh Root moss shoots 0072.
23:00:32 | INFO: Draco encoder: Encoding mesh Root moss shoots 0073.
23:00:32 | INFO: Draco encoder: Encoding mesh Root moss shoots 0074.
23:00:32 | INFO: Draco encoder: Encoding mesh Root moss shoots 0075.
23:00:32 | INFO: Draco encoder: Encoding mesh Root moss shoots 0076.
23:00:32 | INFO: Draco encoder: Encoding mesh Root moss shoots 0077.
23:00:32 | INFO: Draco encoder: Encoding mesh Root moss shoots 0078.
23:00:32 | INFO: Draco encoder: Encoding mesh Root moss shoots 0079.
23:00:32 | INFO: Draco encoder: Encoding mesh Root moss shoots 0080.
23:00:32 | INFO: Draco encoder: Encoding mesh Root moss shoots 0081.
23:00:32 | INFO: Draco encoder: Encoding mesh Root moss shoots 0082.
23:00:32 | INFO: Draco encoder: Encoding mesh Root moss shoots 0083.
23:00:32 | INFO: Draco encoder: Encoding mesh Root moss shoots 0084.
23:00:32 | INFO: Draco encoder: Encoding mesh Root moss shoots 0085.
23:00:32 | INFO: Draco encoder: Encoding mesh Root moss shoots 0086.
23:00:32 | INFO: Draco encoder: Encoding mesh Root moss shoots 0087.
23:00:32 | INFO: Draco encoder: Encoding mesh Root moss shoots 0088.
23:00:32 | INFO: Draco encoder: Encoding mesh Root moss shoots 0089.
23:00:32 | INFO: Draco encoder: Encoding mesh Root moss shoots 0090.
23:00:32 | INFO: Draco encoder: Encoding mesh Root moss shoots 0091.
23:00:32 | INFO: Draco encoder: Encoding mesh Root moss shoots 0092.
23:00:32 | INFO: Draco encoder: Encoding mesh Root moss shoots 0093.
23:00:32 | INFO: Draco encoder: Encoding mesh Root moss shoots 0094.
23:00:32 | INFO: Draco encoder: Encoding mesh Root moss shoots 0095.
23:00:32 | INFO: Draco encoder: Encoding mesh Root moss shoots 0096.
23:00:32 | INFO: Draco encoder: Encoding mesh Root moss shoots 0097.
23:00:32 | INFO: Draco encoder: Encoding mesh Root moss shoots 0098.
23:00:32 | INFO: Draco encoder: Encoding mesh Root moss shoots 0099.
23:00:32 | INFO: Draco encoder: Encoding mesh Root moss shoots 0100.
23:00:32 | INFO: Draco encoder: Encoding mesh Root moss shoots 0101.
23:00:32 | INFO: Draco encoder: Encoding mesh Root moss shoots 0102.
23:00:32 | INFO: Draco encoder: Encoding mesh Root moss shoots 0103.
23:00:32 | INFO: Draco encoder: Encoding mesh Root moss shoots 0104.
23:00:32 | INFO: Draco encoder: Encoding mesh Root moss shoots 0105.
23:00:32 | INFO: Draco encoder: Encoding mesh Root moss shoots 0106.
23:00:32 | INFO: Draco encoder: Encoding mesh Root moss shoots 0107.
23:00:32 | INFO: Draco encoder: Encoding mesh Root moss shoots 0108.
23:00:32 | INFO: Draco encoder: Encoding mesh Root moss shoots 0109.
23:00:32 | INFO: Draco encoder: Encoding mesh Root moss shoots 0110.
23:00:32 | INFO: Draco encoder: Encoding mesh Root moss shoots 0111.
23:00:32 | INFO: Draco encoder: Encoding mesh Root moss shoots 0112.
23:00:32 | INFO: Draco encoder: Encoding mesh Root moss shoots 0113.
23:00:32 | INFO: Draco encoder: Encoding mesh Root moss shoots 0114.
23:00:32 | INFO: Draco encoder: Encoding mesh Root moss shoots 0115.
23:00:32 | INFO: Draco encoder: Encoding mesh Root moss shoots 0116.
23:00:32 | INFO: Draco encoder: Encoding mesh Root moss shoots 0117.
23:00:32 | INFO: Draco encoder: Encoding mesh Root moss shoots 0118.
23:00:32 | INFO: Draco encoder: Encoding mesh Root moss shoots 0119.
23:00:32 | INFO: Draco encoder: Encoding mesh Root moss shoots 0120.
23:00:32 | INFO: Draco encoder: Encoding mesh Root moss shoots 0121.
23:00:32 | INFO: Draco encoder: Encoding mesh Root moss shoots 0122.
23:00:32 | INFO: Draco encoder: Encoding mesh Root moss shoots 0123.
23:00:32 | INFO: Draco encoder: Encoding mesh Root moss shoots 0124.
23:00:32 | INFO: Draco encoder: Encoding mesh Root moss shoots 0125.
23:00:32 | INFO: Draco encoder: Encoding mesh Root moss shoots 0126.
23:00:32 | INFO: Draco encoder: Encoding mesh Root moss shoots 0127.
23:00:32 | INFO: Draco encoder: Encoding mesh Root moss shoots 0128.
23:00:32 | INFO: Draco encoder: Encoding mesh Root moss shoots 0129.
23:00:32 | INFO: Draco encoder: Encoding mesh Root moss shoots 0130.
23:00:32 | INFO: Draco encoder: Encoding mesh Root moss shoots 0131.
23:00:32 | INFO: Draco encoder: Encoding mesh Root moss shoots 0132.
23:00:32 | INFO: Draco encoder: Encoding mesh Root moss shoots 0133.
23:00:32 | INFO: Draco encoder: Encoding mesh Root moss shoots 0134.
23:00:32 | INFO: Draco encoder: Encoding mesh Root moss shoots 0135.
23:00:32 | INFO: Draco encoder: Encoding mesh Root moss shoots 0136.
23:00:32 | INFO: Draco encoder: Encoding mesh Root moss shoots 0137.
23:00:32 | INFO: Draco encoder: Encoding mesh Root moss shoots 0138.
23:00:32 | INFO: Draco encoder: Encoding mesh Root moss shoots 0139.
23:00:32 | INFO: Draco encoder: Encoding mesh Root moss shoots 0140.
23:00:32 | INFO: Draco encoder: Encoding mesh Root moss shoots 0141.
23:00:32 | INFO: Draco encoder: Encoding mesh Root moss shoots 0142.
23:00:32 | INFO: Draco encoder: Encoding mesh Root moss shoots 0143.
23:00:32 | INFO: Draco encoder: Encoding mesh Root moss shoots 0144.
23:00:32 | INFO: Draco encoder: Encoding mesh Root moss shoots 0145.
23:00:32 | INFO: Draco encoder: Encoding mesh Root moss shoots 0146.
23:00:32 | INFO: Draco encoder: Encoding mesh Root moss shoots 0147.
23:00:32 | INFO: Draco encoder: Encoding mesh Root moss shoots 0148.
23:00:32 | INFO: Draco encoder: Encoding mesh Root moss shoots 0149.
23:00:32 | INFO: Draco encoder: Encoding mesh Root moss shoots 0150.
23:00:32 | INFO: Draco encoder: Encoding mesh Root moss shoots 0151.
23:00:32 | INFO: Draco encoder: Encoding mesh Root moss shoots 0152.
23:00:32 | INFO: Draco encoder: Encoding mesh Root moss shoots 0153.
23:00:32 | INFO: Draco encoder: Encoding mesh Root moss shoots 0154.
23:00:32 | INFO: Draco encoder: Encoding mesh Root moss shoots 0155.
23:00:32 | INFO: Draco encoder: Encoding mesh Root moss shoots 0156.
23:00:32 | INFO: Draco encoder: Encoding mesh Root moss shoots 0157.
23:00:32 | INFO: Draco encoder: Encoding mesh Root moss shoots 0158.
23:00:32 | INFO: Draco encoder: Encoding mesh Root moss shoots 0159.
23:00:32 | INFO: Draco encoder: Encoding mesh Root moss shoots 0160.
23:00:32 | INFO: Draco encoder: Encoding mesh Root moss shoots 0161.
23:00:32 | INFO: Draco encoder: Encoding mesh Root moss shoots 0162.
23:00:32 | INFO: Draco encoder: Encoding mesh Root moss shoots 0163.
23:00:32 | INFO: Draco encoder: Encoding mesh Root moss shoots 0164.
23:00:32 | INFO: Draco encoder: Encoding mesh Root moss shoots 0165.
23:00:32 | INFO: Draco encoder: Encoding mesh Root moss shoots 0166.
23:00:32 | INFO: Draco encoder: Encoding mesh Root moss shoots 0167.
23:00:32 | INFO: Draco encoder: Encoding mesh Root moss shoots 0168.
23:00:32 | INFO: Draco encoder: Encoding mesh Root moss shoots 0169.
23:00:32 | INFO: Draco encoder: Encoding mesh Root moss shoots 0170.
23:00:32 | INFO: Draco encoder: Encoding mesh Root moss shoots 0171.
23:00:32 | INFO: Draco encoder: Encoding mesh Root moss shoots 0172.
23:00:32 | INFO: Draco encoder: Encoding mesh Root moss shoots 0173.
23:00:32 | INFO: Draco encoder: Encoding mesh Root moss shoots 0174.
23:00:32 | INFO: Draco encoder: Encoding mesh Root moss shoots 0175.
23:00:32 | INFO: Draco encoder: Encoding mesh Root moss shoots 0176.
23:00:32 | INFO: Draco encoder: Encoding mesh Root moss shoots 0177.
23:00:32 | INFO: Draco encoder: Encoding mesh Root moss shoots 0178.
23:00:32 | INFO: Draco encoder: Encoding mesh Root moss shoots 0179.
23:00:32 | INFO: Draco encoder: Encoding mesh Root moss shoots 0180.
23:00:32 | INFO: Draco encoder: Encoding mesh Root moss shoots 0181.
23:00:32 | INFO: Draco encoder: Encoding mesh Root moss shoots 0182.
23:00:32 | INFO: Draco encoder: Encoding mesh Root moss shoots 0183.
23:00:32 | INFO: Draco encoder: Encoding mesh Root moss shoots 0184.
23:00:32 | INFO: Draco encoder: Encoding mesh Root moss shoots 0185.
23:00:32 | INFO: Draco encoder: Encoding mesh Root moss shoots 0186.
23:00:32 | INFO: Draco encoder: Encoding mesh Root moss shoots 0187.
23:00:32 | INFO: Draco encoder: Encoding mesh Root moss shoots 0188.
23:00:32 | INFO: Draco encoder: Encoding mesh Root moss shoots 0189.
23:00:32 | INFO: Draco encoder: Encoding mesh Root moss shoots 0190.
23:00:32 | INFO: Draco encoder: Encoding mesh Root moss shoots 0191.
23:00:32 | INFO: Draco encoder: Encoding mesh Root moss shoots 0192.
23:00:32 | INFO: Draco encoder: Encoding mesh Root moss shoots 0193.
23:00:32 | INFO: Draco encoder: Encoding mesh Root moss shoots 0194.
23:00:32 | INFO: Draco encoder: Encoding mesh Root moss shoots 0195.
23:00:32 | INFO: Draco encoder: Encoding mesh Root moss shoots 0196.
23:00:32 | INFO: Draco encoder: Encoding mesh Root moss shoots 0197.
23:00:32 | INFO: Draco encoder: Encoding mesh Root moss shoots 0198.
23:00:32 | INFO: Draco encoder: Encoding mesh Root moss shoots 0199.
23:00:32 | INFO: Draco encoder: Encoding mesh Root moss shoots 0200.
23:00:32 | INFO: Draco encoder: Encoding mesh Root moss shoots 0201.
23:00:32 | INFO: Draco encoder: Encoding mesh Root moss shoots 0202.
23:00:32 | INFO: Draco encoder: Encoding mesh Root moss shoots 0203.
23:00:32 | INFO: Draco encoder: Encoding mesh Root moss shoots 0204.
23:00:32 | INFO: Draco encoder: Encoding mesh Root moss shoots 0205.
23:00:32 | INFO: Draco encoder: Encoding mesh Root moss shoots 0206.
23:00:32 | INFO: Draco encoder: Encoding mesh Root moss shoots 0207.
23:00:32 | INFO: Draco encoder: Encoding mesh Root moss shoots 0208.
23:00:32 | INFO: Draco encoder: Encoding mesh Root moss shoots 0209.
23:00:32 | INFO: Draco encoder: Encoding mesh Root moss shoots 0210.
23:00:32 | INFO: Draco encoder: Encoding mesh Root moss shoots 0211.
23:00:32 | INFO: Draco encoder: Encoding mesh Root moss shoots 0212.
23:00:32 | INFO: Draco encoder: Encoding mesh Root moss shoots 0213.
23:00:32 | INFO: Draco encoder: Encoding mesh Root moss shoots 0214.
23:00:32 | INFO: Draco encoder: Encoding mesh Root moss shoots 0215.
23:00:32 | INFO: Draco encoder: Encoding mesh Root moss shoots 0216.
23:00:32 | INFO: Draco encoder: Encoding mesh Root moss shoots 0217.
23:00:32 | INFO: Draco encoder: Encoding mesh Root moss shoots 0218.
23:00:32 | INFO: Draco encoder: Encoding mesh Root moss shoots 0219.
23:00:32 | INFO: Draco encoder: Encoding mesh Root moss shoots 0220.
23:00:32 | INFO: Draco encoder: Encoding mesh Root moss shoots 0221.
23:00:32 | INFO: Draco encoder: Encoding mesh Root moss shoots 0222.
23:00:32 | INFO: Draco encoder: Encoding mesh Root moss shoots 0223.
23:00:32 | INFO: Draco encoder: Encoding mesh Root moss shoots 0224.
23:00:32 | INFO: Draco encoder: Encoding mesh Root moss shoots 0225.
23:00:32 | INFO: Draco encoder: Encoding mesh Root moss shoots 0226.
23:00:32 | INFO: Draco encoder: Encoding mesh Root moss shoots 0227.
23:00:32 | INFO: Draco encoder: Encoding mesh Root moss shoots 0228.
23:00:32 | INFO: Draco encoder: Encoding mesh Root moss shoots 0229.
23:00:32 | INFO: Draco encoder: Encoding mesh Root moss shoots 0230.
23:00:32 | INFO: Draco encoder: Encoding mesh Root moss shoots 0231.
23:00:32 | INFO: Draco encoder: Encoding mesh Root moss shoots 0232.
23:00:32 | INFO: Draco encoder: Encoding mesh Root moss shoots 0233.
23:00:32 | INFO: Draco encoder: Encoding mesh Root moss shoots 0234.
23:00:32 | INFO: Draco encoder: Encoding mesh Root moss shoots 0235.
23:00:32 | INFO: Draco encoder: Encoding mesh Root moss shoots 0236.
23:00:32 | INFO: Draco encoder: Encoding mesh Root moss shoots 0237.
23:00:32 | INFO: Draco encoder: Encoding mesh Root moss shoots 0238.
23:00:32 | INFO: Draco encoder: Encoding mesh Root moss shoots 0239.
23:00:32 | INFO: Draco encoder: Encoding mesh Root moss shoots 0240.
23:00:32 | INFO: Draco encoder: Encoding mesh Root moss shoots 0241.
23:00:32 | INFO: Draco encoder: Encoding mesh Root moss shoots 0242.
23:00:32 | INFO: Draco encoder: Encoding mesh Root moss shoots 0243.
23:00:32 | INFO: Draco encoder: Encoding mesh Root moss shoots 0244.
23:00:32 | INFO: Draco encoder: Encoding mesh Root moss shoots 0245.
23:00:32 | INFO: Draco encoder: Encoding mesh Root moss shoots 0246.
23:00:32 | INFO: Draco encoder: Encoding mesh Root moss shoots 0247.
23:00:32 | INFO: Draco encoder: Encoding mesh Root moss shoots 0248.
23:00:32 | INFO: Draco encoder: Encoding mesh Root moss shoots 0249.
23:00:32 | INFO: Draco encoder: Encoding mesh Root moss shoots 0250.
23:00:32 | INFO: Draco encoder: Encoding mesh Root moss shoots 0251.
23:00:32 | INFO: Draco encoder: Encoding mesh Root moss shoots 0252.
23:00:32 | INFO: Draco encoder: Encoding mesh Root moss shoots 0253.
23:00:32 | INFO: Draco encoder: Encoding mesh Root moss shoots 0254.
23:00:32 | INFO: Draco encoder: Encoding mesh Root moss shoots 0255.
23:00:32 | INFO: Draco encoder: Encoding mesh Root moss shoots 0256.
23:00:32 | INFO: Draco encoder: Encoding mesh Root moss shoots 0257.
23:00:32 | INFO: Draco encoder: Encoding mesh Root moss shoots 0258.
23:00:32 | INFO: Draco encoder: Encoding mesh Root moss shoots 0259.
23:00:32 | INFO: Draco encoder: Encoding mesh Root moss shoots 0260.
23:00:32 | INFO: Draco encoder: Encoding mesh Root moss shoots 0261.
23:00:32 | INFO: Draco encoder: Encoding mesh Root moss shoots 0262.
23:00:32 | INFO: Draco encoder: Encoding mesh Root moss shoots 0263.
23:00:32 | INFO: Draco encoder: Encoding mesh Root moss shoots 0264.
23:00:32 | INFO: Draco encoder: Encoding mesh Root moss shoots 0265.
23:00:32 | INFO: Draco encoder: Encoding mesh Root moss shoots 0266.
23:00:32 | INFO: Draco encoder: Encoding mesh Root moss shoots 0267.
23:00:32 | INFO: Draco encoder: Encoding mesh Root moss shoots 0268.
23:00:32 | INFO: Draco encoder: Encoding mesh Root moss shoots 0269.
23:00:32 | INFO: Draco encoder: Encoding mesh Root moss shoots 0270.
23:00:32 | INFO: Draco encoder: Encoding mesh Root moss shoots 0271.
23:00:32 | INFO: Draco encoder: Encoding mesh Root moss shoots 0272.
23:00:32 | INFO: Draco encoder: Encoding mesh Root moss shoots 0273.
23:00:32 | INFO: Draco encoder: Encoding mesh Root moss shoots 0274.
23:00:32 | INFO: Draco encoder: Encoding mesh Root moss shoots 0275.
23:00:32 | INFO: Draco encoder: Encoding mesh Root moss shoots 0276.
23:00:32 | INFO: Draco encoder: Encoding mesh Root moss shoots 0277.
23:00:32 | INFO: Draco encoder: Encoding mesh Root moss shoots 0278.
23:00:32 | INFO: Draco encoder: Encoding mesh Root moss shoots 0279.
23:00:32 | INFO: Draco encoder: Encoding mesh Root moss shoots 0280.
23:00:32 | INFO: Draco encoder: Encoding mesh Root moss shoots 0281.
23:00:32 | INFO: Draco encoder: Encoding mesh Root moss shoots 0282.
23:00:32 | INFO: Draco encoder: Encoding mesh Root moss shoots 0283.
23:00:32 | INFO: Draco encoder: Encoding mesh Root moss shoots 0284.
23:00:32 | INFO: Draco encoder: Encoding mesh Root moss shoots 0285.
23:00:32 | INFO: Draco encoder: Encoding mesh Root moss shoots 0286.
23:00:32 | INFO: Draco encoder: Encoding mesh Root moss shoots 0287.
23:00:32 | INFO: Draco encoder: Encoding mesh Root moss shoots 0288.
23:00:32 | INFO: Draco encoder: Encoding mesh Root moss shoots 0289.
23:00:32 | INFO: Draco encoder: Encoding mesh Root moss shoots 0290.
23:00:32 | INFO: Draco encoder: Encoding mesh Root moss shoots 0291.
23:00:32 | INFO: Draco encoder: Encoding mesh Root moss shoots 0292.
23:00:32 | INFO: Draco encoder: Encoding mesh Root moss shoots 0293.
23:00:32 | INFO: Draco encoder: Encoding mesh Root moss shoots 0294.
23:00:32 | INFO: Draco encoder: Encoding mesh Root moss shoots 0295.
23:00:32 | INFO: Draco encoder: Encoding mesh Root moss shoots 0296.
23:00:32 | INFO: Draco encoder: Encoding mesh Root moss shoots 0297.
23:00:32 | INFO: Draco encoder: Encoding mesh Root moss shoots 0298.
23:00:32 | INFO: Draco encoder: Encoding mesh Root moss shoots 0299.
23:00:32 | INFO: Draco encoder: Encoding mesh Root moss shoots 0300.
23:00:32 | INFO: Draco encoder: Encoding mesh Root moss shoots 0301.
23:00:32 | INFO: Draco encoder: Encoding mesh Root moss shoots 0302.
23:00:32 | INFO: Draco encoder: Encoding mesh Root moss shoots 0303.
23:00:32 | INFO: Draco encoder: Encoding mesh Root moss shoots 0304.
23:00:32 | INFO: Draco encoder: Encoding mesh Root moss shoots 0305.
23:00:32 | INFO: Draco encoder: Encoding mesh Root moss shoots 0306.
23:00:32 | INFO: Draco encoder: Encoding mesh Root moss shoots 0307.
23:00:32 | INFO: Draco encoder: Encoding mesh Root moss shoots 0308.
23:00:32 | INFO: Draco encoder: Encoding mesh Root moss shoots 0309.
23:00:32 | INFO: Draco encoder: Encoding mesh Root moss shoots 0310.
23:00:32 | INFO: Draco encoder: Encoding mesh Root moss shoots 0311.
23:00:32 | INFO: Draco encoder: Encoding mesh Root moss shoots 0312.
23:00:32 | INFO: Draco encoder: Encoding mesh Root moss shoots 0313.
23:00:32 | INFO: Draco encoder: Encoding mesh Root moss shoots 0314.
23:00:32 | INFO: Draco encoder: Encoding mesh Root moss shoots 0315.
23:00:32 | INFO: Draco encoder: Encoding mesh Root moss shoots 0316.
23:00:32 | INFO: Draco encoder: Encoding mesh Root moss shoots 0317.
23:00:32 | INFO: Draco encoder: Encoding mesh Root moss shoots 0318.
23:00:32 | INFO: Draco encoder: Encoding mesh Root moss shoots 0319.
23:00:32 | INFO: Draco encoder: Encoding mesh Root moss shoots 0320.
23:00:32 | INFO: Draco encoder: Encoding mesh Root moss shoots 0321.
23:00:32 | INFO: Draco encoder: Encoding mesh Root moss shoots 0322.
23:00:32 | INFO: Draco encoder: Encoding mesh Root moss shoots 0323.
23:00:32 | INFO: Draco encoder: Encoding mesh Root moss shoots 0324.
23:00:32 | INFO: Draco encoder: Encoding mesh Root moss shoots 0325.
23:00:32 | INFO: Draco encoder: Encoding mesh Root moss shoots 0326.
23:00:32 | INFO: Draco encoder: Encoding mesh Root moss shoots 0327.
23:00:32 | INFO: Draco encoder: Encoding mesh Root moss shoots 0328.
23:00:32 | INFO: Draco encoder: Encoding mesh Root moss shoots 0329.
23:00:32 | INFO: Draco encoder: Encoding mesh Root moss shoots 0330.
23:00:32 | INFO: Draco encoder: Encoding mesh Root moss shoots 0331.
23:00:32 | INFO: Draco encoder: Encoding mesh Root moss shoots 0332.
23:00:32 | INFO: Draco encoder: Encoding mesh Root moss shoots 0333.
23:00:32 | INFO: Draco encoder: Encoding mesh Root moss shoots 0334.
23:00:32 | INFO: Draco encoder: Encoding mesh Root moss shoots 0335.
23:00:32 | INFO: Draco encoder: Encoding mesh Root moss shoots 0336.
23:00:32 | INFO: Draco encoder: Encoding mesh Root moss shoots 0337.
23:00:32 | INFO: Draco encoder: Encoding mesh Root moss shoots 0338.
23:00:32 | INFO: Draco encoder: Encoding mesh Root moss shoots 0339.
23:00:32 | INFO: Draco encoder: Encoding mesh Root moss shoots 0340.
23:00:32 | INFO: Draco encoder: Encoding mesh Root moss shoots 0341.
23:00:32 | INFO: Draco encoder: Encoding mesh Root moss shoots 0342.
23:00:32 | INFO: Draco encoder: Encoding mesh Root moss shoots 0343.
23:00:32 | INFO: Draco encoder: Encoding mesh Root moss shoots 0344.
23:00:32 | INFO: Draco encoder: Encoding mesh Root moss shoots 0345.
23:00:32 | INFO: Draco encoder: Encoding mesh Root moss shoots 0346.
23:00:32 | INFO: Draco encoder: Encoding mesh Root moss shoots 0347.
23:00:32 | INFO: Draco encoder: Encoding mesh Root moss shoots 0348.
23:00:32 | INFO: Draco encoder: Encoding mesh Root moss shoots 0349.
23:00:32 | INFO: Draco encoder: Encoding mesh Root moss shoots 0350.
23:00:32 | INFO: Draco encoder: Encoding mesh Root moss shoots 0351.
23:00:32 | INFO: Draco encoder: Encoding mesh Root moss shoots 0352.
23:00:32 | INFO: Draco encoder: Encoding mesh Root moss shoots 0353.
23:00:32 | INFO: Draco encoder: Encoding mesh Root moss shoots 0354.
23:00:32 | INFO: Draco encoder: Encoding mesh Root moss shoots 0355.
23:00:32 | INFO: Draco encoder: Encoding mesh Root moss shoots 0356.
23:00:32 | INFO: Draco encoder: Encoding mesh Root moss shoots 0357.
23:00:32 | INFO: Draco encoder: Encoding mesh Root moss shoots 0358.
23:00:32 | INFO: Draco encoder: Encoding mesh Root moss shoots 0359.
23:00:32 | INFO: Draco encoder: Encoding mesh Root moss shoots 0360.
23:00:32 | INFO: Draco encoder: Encoding mesh Root moss shoots 0361.
23:00:32 | INFO: Draco encoder: Encoding mesh Root moss shoots 0362.
23:00:32 | INFO: Draco encoder: Encoding mesh Root moss shoots 0363.
23:00:32 | INFO: Draco encoder: Encoding mesh Root moss shoots 0364.
23:00:32 | INFO: Draco encoder: Encoding mesh Root moss shoots 0365.
23:00:32 | INFO: Draco encoder: Encoding mesh Root moss shoots 0366.
23:00:32 | INFO: Draco encoder: Encoding mesh Root moss shoots 0367.
23:00:32 | INFO: Draco encoder: Encoding mesh Root moss shoots 0368.
23:00:32 | INFO: Draco encoder: Encoding mesh Root moss shoots 0369.
23:00:32 | INFO: Draco encoder: Encoding mesh Root moss shoots 0370.
23:00:32 | INFO: Draco encoder: Encoding mesh Root moss shoots 0371.
23:00:32 | INFO: Draco encoder: Encoding mesh Root moss shoots 0372.
23:00:32 | INFO: Draco encoder: Encoding mesh Root moss shoots 0373.
23:00:32 | INFO: Draco encoder: Encoding mesh Root moss shoots 0374.
23:00:32 | INFO: Draco encoder: Encoding mesh Root moss shoots 0375.
23:00:32 | INFO: Draco encoder: Encoding mesh Root moss shoots 0376.
23:00:32 | INFO: Draco encoder: Encoding mesh Root moss shoots 0377.
23:00:32 | INFO: Draco encoder: Encoding mesh Root moss shoots 0378.
23:00:32 | INFO: Draco encoder: Encoding mesh Root moss shoots 0379.
23:00:32 | INFO: Draco encoder: Encoding mesh Root moss shoots 0380.
23:00:32 | INFO: Draco encoder: Encoding mesh Root moss shoots 0381.
23:00:32 | INFO: Draco encoder: Encoding mesh Root moss shoots 0382.
23:00:32 | INFO: Draco encoder: Encoding mesh Root moss shoots 0383.
23:00:32 | INFO: Draco encoder: Encoding mesh Root moss shoots 0384.
23:00:32 | INFO: Draco encoder: Encoding mesh Root moss shoots 0385.
23:00:32 | INFO: Draco encoder: Encoding mesh Root moss shoots 0386.
23:00:32 | INFO: Draco encoder: Encoding mesh Root moss shoots 0387.
23:00:32 | INFO: Draco encoder: Encoding mesh Root moss shoots 0388.
23:00:32 | INFO: Draco encoder: Encoding mesh Root moss shoots 0389.
23:00:32 | INFO: Draco encoder: Encoding mesh Root moss shoots 0390.
23:00:32 | INFO: Draco encoder: Encoding mesh Root moss shoots 0391.
23:00:32 | INFO: Draco encoder: Encoding mesh Root moss shoots 0392.
23:00:32 | INFO: Draco encoder: Encoding mesh Root moss shoots 0393.
23:00:32 | INFO: Draco encoder: Encoding mesh Root moss shoots 0394.
23:00:32 | INFO: Draco encoder: Encoding mesh Root moss shoots 0395.
23:00:32 | INFO: Draco encoder: Encoding mesh Root moss shoots 0396.
23:00:32 | INFO: Draco encoder: Encoding mesh Root moss shoots 0397.
23:00:32 | INFO: Draco encoder: Encoding mesh Root moss shoots 0398.
23:00:32 | INFO: Draco encoder: Encoding mesh Root moss shoots 0399.
23:00:32 | INFO: Draco encoder: Encoding mesh Root moss shoots 0400.
23:00:32 | INFO: Draco encoder: Encoding mesh Root moss shoots 0401.
23:00:32 | INFO: Draco encoder: Encoding mesh Root moss shoots 0402.
23:00:32 | INFO: Draco encoder: Encoding mesh Root moss shoots 0403.
23:00:32 | INFO: Draco encoder: Encoding mesh Root moss shoots 0404.
23:00:32 | INFO: Draco encoder: Encoding mesh Root moss shoots 0405.
23:00:32 | INFO: Draco encoder: Encoding mesh Root moss shoots 0406.
23:00:32 | INFO: Draco encoder: Encoding mesh Root moss shoots 0407.
23:00:32 | INFO: Draco encoder: Encoding mesh Root moss shoots 0408.
23:00:32 | INFO: Draco encoder: Encoding mesh Root moss shoots 0409.
23:00:32 | INFO: Draco encoder: Encoding mesh Root moss shoots 0410.
23:00:32 | INFO: Draco encoder: Encoding mesh Root moss shoots 0411.
23:00:32 | INFO: Draco encoder: Encoding mesh Root moss shoots 0412.
23:00:32 | INFO: Draco encoder: Encoding mesh Root moss shoots 0413.
23:00:32 | INFO: Draco encoder: Encoding mesh Root moss shoots 0414.
23:00:32 | INFO: Draco encoder: Encoding mesh Root moss shoots 0415.
23:00:32 | INFO: Draco encoder: Encoding mesh Root moss shoots 0416.
23:00:32 | INFO: Draco encoder: Encoding mesh Root moss shoots 0417.
23:00:32 | INFO: Draco encoder: Encoding mesh Root moss shoots 0418.
23:00:32 | INFO: Draco encoder: Encoding mesh Root moss shoots 0419.
23:00:32 | INFO: Draco encoder: Encoding mesh Root moss shoots 0420.
23:00:32 | INFO: Draco encoder: Encoding mesh Root moss shoots 0421.
23:00:32 | INFO: Draco encoder: Encoding mesh Root moss shoots 0422.
23:00:32 | INFO: Draco encoder: Encoding mesh Root moss shoots 0423.
23:00:32 | INFO: Draco encoder: Encoding mesh Root moss shoots 0424.
23:00:32 | INFO: Draco encoder: Encoding mesh Root moss shoots 0425.
23:00:32 | INFO: Draco encoder: Encoding mesh Root moss shoots 0426.
23:00:32 | INFO: Draco encoder: Encoding mesh Root moss shoots 0427.
23:00:32 | INFO: Draco encoder: Encoding mesh Root moss shoots 0428.
23:00:32 | INFO: Draco encoder: Encoding mesh Root moss shoots 0429.
23:00:32 | INFO: Draco encoder: Encoding mesh Root moss shoots 0430.
23:00:32 | INFO: Draco encoder: Encoding mesh Root moss shoots 0431.
23:00:32 | INFO: Draco encoder: Encoding mesh Root moss shoots 0432.
23:00:32 | INFO: Draco encoder: Encoding mesh Root moss shoots 0433.
23:00:32 | INFO: Draco encoder: Encoding mesh Root moss shoots 0434.
23:00:32 | INFO: Draco encoder: Encoding mesh Root moss shoots 0435.
23:00:32 | INFO: Draco encoder: Encoding mesh Root moss shoots 0436.
23:00:32 | INFO: Draco encoder: Encoding mesh Root moss shoots 0437.
23:00:32 | INFO: Draco encoder: Encoding mesh Root moss shoots 0438.
23:00:32 | INFO: Draco encoder: Encoding mesh Root moss shoots 0439.
23:00:32 | INFO: Draco encoder: Encoding mesh Root moss shoots 0440.
23:00:32 | INFO: Draco encoder: Encoding mesh Root moss shoots 0441.
23:00:32 | INFO: Draco encoder: Encoding mesh Root moss shoots 0442.
23:00:32 | INFO: Draco encoder: Encoding mesh Root moss shoots 0443.
23:00:32 | INFO: Draco encoder: Encoding mesh Root moss shoots 0444.
23:00:32 | INFO: Draco encoder: Encoding mesh Root moss shoots 0445.
23:00:32 | INFO: Draco encoder: Encoding mesh Root moss shoots 0446.
23:00:32 | INFO: Draco encoder: Encoding mesh Root moss shoots 0447.
23:00:32 | INFO: Draco encoder: Encoding mesh Root moss shoots 0448.
23:00:32 | INFO: Draco encoder: Encoding mesh Root moss shoots 0449.
23:00:32 | INFO: Draco encoder: Encoding mesh Root moss shoots 0450.
23:00:32 | INFO: Draco encoder: Encoding mesh Root moss shoots 0451.
23:00:32 | INFO: Draco encoder: Encoding mesh Root moss shoots 0452.
23:00:32 | INFO: Draco encoder: Encoding mesh Root moss shoots 0453.
23:00:32 | INFO: Draco encoder: Encoding mesh Root moss shoots 0454.
23:00:32 | INFO: Draco encoder: Encoding mesh Root moss shoots 0455.
23:00:32 | INFO: Draco encoder: Encoding mesh Root moss shoots 0456.
23:00:32 | INFO: Draco encoder: Encoding mesh Root moss shoots 0457.
23:00:32 | INFO: Draco encoder: Encoding mesh Root moss shoots 0458.
23:00:32 | INFO: Draco encoder: Encoding mesh Root moss shoots 0459.
23:00:32 | INFO: Draco encoder: Encoding mesh Root moss shoots 0460.
23:00:32 | INFO: Draco encoder: Encoding mesh Root moss shoots 0461.
23:00:32 | INFO: Draco encoder: Encoding mesh Root moss shoots 0462.
23:00:32 | INFO: Draco encoder: Encoding mesh Root moss shoots 0463.
23:00:32 | INFO: Draco encoder: Encoding mesh Root moss shoots 0464.
23:00:32 | INFO: Draco encoder: Encoding mesh Root moss shoots 0465.
23:00:32 | INFO: Draco encoder: Encoding mesh Root moss shoots 0466.
23:00:32 | INFO: Draco encoder: Encoding mesh Root moss shoots 0467.
23:00:32 | INFO: Draco encoder: Encoding mesh Root moss shoots 0468.
23:00:32 | INFO: Draco encoder: Encoding mesh Root moss shoots 0469.
23:00:32 | INFO: Draco encoder: Encoding mesh Root moss shoots 0470.
23:00:32 | INFO: Draco encoder: Encoding mesh Root moss shoots 0471.
23:00:32 | INFO: Draco encoder: Encoding mesh Root moss shoots 0472.
23:00:32 | INFO: Draco encoder: Encoding mesh Root moss shoots 0473.
23:00:32 | INFO: Draco encoder: Encoding mesh Root moss shoots 0474.
23:00:32 | INFO: Draco encoder: Encoding mesh Root moss shoots 0475.
23:00:32 | INFO: Draco encoder: Encoding mesh Root moss shoots 0476.
23:00:32 | INFO: Draco encoder: Encoding mesh Root moss shoots 0477.
23:00:32 | INFO: Draco encoder: Encoding mesh Root moss shoots 0478.
23:00:32 | INFO: Draco encoder: Encoding mesh Root moss shoots 0479.
23:00:32 | INFO: Draco encoder: Encoding mesh Root moss shoots 0480.
23:00:32 | INFO: Draco encoder: Encoding mesh Root moss shoots 0481.
23:00:32 | INFO: Draco encoder: Encoding mesh Root moss shoots 0482.
23:00:32 | INFO: Draco encoder: Encoding mesh Root moss shoots 0483.
23:00:32 | INFO: Draco encoder: Encoding mesh Root moss shoots 0484.
23:00:32 | INFO: Draco encoder: Encoding mesh Root moss shoots 0485.
23:00:32 | INFO: Draco encoder: Encoding mesh Root moss shoots 0486.
23:00:32 | INFO: Draco encoder: Encoding mesh Root moss shoots 0487.
23:00:32 | INFO: Draco encoder: Encoding mesh Root moss shoots 0488.
23:00:32 | INFO: Draco encoder: Encoding mesh Root moss shoots 0489.
23:00:32 | INFO: Draco encoder: Encoding mesh Root moss shoots 0490.
23:00:32 | INFO: Draco encoder: Encoding mesh Root moss shoots 0491.
23:00:32 | INFO: Draco encoder: Encoding mesh Root moss shoots 0492.
23:00:32 | INFO: Draco encoder: Encoding mesh Root moss shoots 0493.
23:00:32 | INFO: Draco encoder: Encoding mesh Root moss shoots 0494.
23:00:32 | INFO: Draco encoder: Encoding mesh Root moss shoots 0495.
23:00:32 | INFO: Draco encoder: Encoding mesh Root moss shoots 0496.
23:00:32 | INFO: Draco encoder: Encoding mesh Root moss shoots 0497.
23:00:32 | INFO: Draco encoder: Encoding mesh Root moss shoots 0498.
23:00:32 | INFO: Draco encoder: Encoding mesh Root moss shoots 0499.
23:00:32 | INFO: Draco encoder: Encoding mesh Root moss shoots 0500.
23:00:32 | INFO: Draco encoder: Encoding mesh Root moss shoots 0501.
23:00:32 | INFO: Draco encoder: Encoding mesh Root moss shoots 0502.
23:00:32 | INFO: Draco encoder: Encoding mesh Root moss shoots 0503.
23:00:32 | INFO: Draco encoder: Encoding mesh Root moss shoots 0504.
23:00:32 | INFO: Draco encoder: Encoding mesh Root moss shoots 0505.
23:00:32 | INFO: Draco encoder: Encoding mesh Root moss shoots 0506.
23:00:32 | INFO: Draco encoder: Encoding mesh Root moss shoots 0507.
23:00:32 | INFO: Draco encoder: Encoding mesh Root moss shoots 0508.
23:00:32 | INFO: Draco encoder: Encoding mesh Root moss shoots 0509.
23:00:32 | INFO: Draco encoder: Encoding mesh Root moss shoots 0510.
23:00:32 | INFO: Draco encoder: Encoding mesh Root moss shoots 0511.
23:00:32 | INFO: Draco encoder: Encoding mesh Root moss shoots 0512.
23:00:32 | INFO: Draco encoder: Encoding mesh Root moss shoots 0513.
23:00:32 | INFO: Draco encoder: Encoding mesh Root moss shoots 0514.
23:00:32 | INFO: Draco encoder: Encoding mesh Root moss shoots 0515.
23:00:32 | INFO: Draco encoder: Encoding mesh Root moss shoots 0516.
23:00:32 | INFO: Draco encoder: Encoding mesh Root moss shoots 0517.
23:00:32 | INFO: Draco encoder: Encoding mesh Root moss shoots 0518.
23:00:32 | INFO: Draco encoder: Encoding mesh Root moss shoots 0519.
23:00:32 | INFO: Draco encoder: Encoding mesh Root moss shoots 0520.
23:00:32 | INFO: Draco encoder: Encoding mesh Root moss shoots 0521.
23:00:32 | INFO: Draco encoder: Encoding mesh Root moss shoots 0522.
23:00:32 | INFO: Draco encoder: Encoding mesh Root moss shoots 0523.
23:00:32 | INFO: Draco encoder: Encoding mesh Root moss shoots 0524.
23:00:32 | INFO: Draco encoder: Encoding mesh Root moss shoots 0525.
23:00:32 | INFO: Draco encoder: Encoding mesh Root moss shoots 0526.
23:00:32 | INFO: Draco encoder: Encoding mesh Root moss shoots 0527.
23:00:32 | INFO: Draco encoder: Encoding mesh Root moss shoots 0528.
23:00:32 | INFO: Draco encoder: Encoding mesh Root moss shoots 0529.
23:00:32 | INFO: Draco encoder: Encoding mesh Root moss shoots 0530.
23:00:32 | INFO: Draco encoder: Encoding mesh Root moss shoots 0531.
23:00:32 | INFO: Draco encoder: Encoding mesh Root moss shoots 0532.
23:00:32 | INFO: Draco encoder: Encoding mesh Root moss shoots 0533.
23:00:32 | INFO: Draco encoder: Encoding mesh Root moss shoots 0534.
23:00:32 | INFO: Draco encoder: Encoding mesh Root moss shoots 0535.
23:00:32 | INFO: Draco encoder: Encoding mesh Root moss shoots 0536.
23:00:32 | INFO: Draco encoder: Encoding mesh Root moss shoots 0537.
23:00:32 | INFO: Draco encoder: Encoding mesh Root moss shoots 0538.
23:00:32 | INFO: Draco encoder: Encoding mesh Root moss shoots 0539.
23:00:32 | INFO: Draco encoder: Encoding mesh Root moss shoots 0540.
23:00:32 | INFO: Draco encoder: Encoding mesh Root moss shoots 0541.
23:00:32 | INFO: Draco encoder: Encoding mesh Root moss shoots 0542.
23:00:32 | INFO: Draco encoder: Encoding mesh Root moss shoots 0543.
23:00:32 | INFO: Draco encoder: Encoding mesh Root moss shoots 0544.
23:00:32 | INFO: Draco encoder: Encoding mesh Root moss shoots 0545.
23:00:32 | INFO: Draco encoder: Encoding mesh Root moss shoots 0546.
23:00:32 | INFO: Draco encoder: Encoding mesh Root moss shoots 0547.
23:00:32 | INFO: Draco encoder: Encoding mesh Root moss shoots 0548.
23:00:32 | INFO: Draco encoder: Encoding mesh Root moss shoots 0549.
23:00:32 | INFO: Draco encoder: Encoding mesh Root moss shoots 0550.
23:00:32 | INFO: Draco encoder: Encoding mesh Root moss shoots 0551.
23:00:32 | INFO: Draco encoder: Encoding mesh Root moss shoots 0552.
23:00:32 | INFO: Draco encoder: Encoding mesh Root moss shoots 0553.
23:00:32 | INFO: Draco encoder: Encoding mesh Root moss shoots 0554.
23:00:32 | INFO: Draco encoder: Encoding mesh Root moss shoots 0555.
23:00:32 | INFO: Draco encoder: Encoding mesh Root moss shoots 0556.
23:00:32 | INFO: Draco encoder: Encoding mesh Root moss shoots 0557.
23:00:32 | INFO: Draco encoder: Encoding mesh Root moss shoots 0558.
23:00:32 | INFO: Draco encoder: Encoding mesh Root moss shoots 0559.
23:00:32 | INFO: Draco encoder: Encoding mesh Root moss shoots 0560.
23:00:32 | INFO: Draco encoder: Encoding mesh Root moss shoots 0561.
23:00:32 | INFO: Draco encoder: Encoding mesh Root moss shoots 0562.
23:00:32 | INFO: Draco encoder: Encoding mesh Root moss shoots 0563.
23:00:32 | INFO: Draco encoder: Encoding mesh Root moss shoots 0564.
23:00:32 | INFO: Draco encoder: Encoding mesh Root moss shoots 0565.
23:00:32 | INFO: Draco encoder: Encoding mesh Root moss shoots 0566.
23:00:32 | INFO: Draco encoder: Encoding mesh Root moss shoots 0567.
23:00:32 | INFO: Draco encoder: Encoding mesh Root moss shoots 0568.
23:00:32 | INFO: Draco encoder: Encoding mesh Root moss shoots 0569.
23:00:32 | INFO: Draco encoder: Encoding mesh Root moss shoots 0570.
23:00:32 | INFO: Draco encoder: Encoding mesh Root moss shoots 0571.
23:00:32 | INFO: Draco encoder: Encoding mesh Root moss shoots 0572.
23:00:32 | INFO: Draco encoder: Encoding mesh Root moss shoots 0573.
23:00:32 | INFO: Draco encoder: Encoding mesh Root moss shoots 0574.
23:00:32 | INFO: Draco encoder: Encoding mesh Root moss shoots 0575.
23:00:32 | INFO: Draco encoder: Encoding mesh Root moss shoots 0576.
23:00:32 | INFO: Draco encoder: Encoding mesh Root moss shoots 0577.
23:00:32 | INFO: Draco encoder: Encoding mesh Root moss shoots 0578.
23:00:32 | INFO: Draco encoder: Encoding mesh Root moss shoots 0579.
23:00:32 | INFO: Draco encoder: Encoding mesh Root moss shoots 0580.
23:00:32 | INFO: Draco encoder: Encoding mesh Root moss shoots 0581.
23:00:32 | INFO: Draco encoder: Encoding mesh Root moss shoots 0582.
23:00:32 | INFO: Draco encoder: Encoding mesh Root moss shoots 0583.
23:00:32 | INFO: Draco encoder: Encoding mesh Root moss shoots 0584.
23:00:32 | INFO: Draco encoder: Encoding mesh Root moss shoots 0585.
23:00:32 | INFO: Draco encoder: Encoding mesh Root moss shoots 0586.
23:00:32 | INFO: Draco encoder: Encoding mesh Root moss shoots 0587.
23:00:32 | INFO: Draco encoder: Encoding mesh Root moss shoots 0588.
23:00:32 | INFO: Draco encoder: Encoding mesh Root moss shoots 0589.
23:00:32 | INFO: Draco encoder: Encoding mesh Root moss shoots 0590.
23:00:32 | INFO: Draco encoder: Encoding mesh Root moss shoots 0591.
23:00:32 | INFO: Draco encoder: Encoding mesh Root moss shoots 0592.
23:00:32 | INFO: Draco encoder: Encoding mesh Root moss shoots 0593.
23:00:32 | INFO: Draco encoder: Encoding mesh Root moss shoots 0594.
23:00:32 | INFO: Draco encoder: Encoding mesh Root moss shoots 0595.
23:00:32 | INFO: Draco encoder: Encoding mesh Root moss shoots 0596.
23:00:32 | INFO: Draco encoder: Encoding mesh Root moss shoots 0597.
23:00:32 | INFO: Draco encoder: Encoding mesh Root moss shoots 0598.
23:00:32 | INFO: Draco encoder: Encoding mesh Root moss shoots 0599.
23:00:32 | INFO: Draco encoder: Encoding mesh Root moss shoots 0600.
23:00:32 | INFO: Draco encoder: Encoding mesh Root moss shoots 0601.
23:00:32 | INFO: Draco encoder: Encoding mesh Root moss shoots 0602.
23:00:32 | INFO: Draco encoder: Encoding mesh Root moss shoots 0603.
23:00:32 | INFO: Draco encoder: Encoding mesh Root moss shoots 0604.
23:00:32 | INFO: Draco encoder: Encoding mesh Root moss shoots 0605.
23:00:32 | INFO: Draco encoder: Encoding mesh Root moss shoots 0606.
23:00:32 | INFO: Draco encoder: Encoding mesh Root moss shoots 0607.
23:00:32 | INFO: Draco encoder: Encoding mesh Root moss shoots 0608.
23:00:32 | INFO: Draco encoder: Encoding mesh Root moss shoots 0609.
23:00:32 | INFO: Draco encoder: Encoding mesh Root moss shoots 0610.
23:00:32 | INFO: Draco encoder: Encoding mesh Root moss shoots 0611.
23:00:32 | INFO: Draco encoder: Encoding mesh Root moss shoots 0612.
23:00:32 | INFO: Draco encoder: Encoding mesh Root moss shoots 0613.
23:00:32 | INFO: Draco encoder: Encoding mesh Root moss shoots 0614.
23:00:32 | INFO: Draco encoder: Encoding mesh Root moss shoots 0615.
23:00:32 | INFO: Draco encoder: Encoding mesh Root moss shoots 0616.
23:00:32 | INFO: Draco encoder: Encoding mesh Root moss shoots 0617.
23:00:32 | INFO: Draco encoder: Encoding mesh Root moss shoots 0618.
23:00:32 | INFO: Draco encoder: Encoding mesh Root moss shoots 0619.
23:00:32 | INFO: Draco encoder: Encoding mesh Root moss shoots 0620.
23:00:32 | INFO: Draco encoder: Encoding mesh Root moss shoots 0621.
23:00:32 | INFO: Draco encoder: Encoding mesh Root moss shoots 0622.
23:00:32 | INFO: Draco encoder: Encoding mesh Root moss shoots 0623.
23:00:32 | INFO: Draco encoder: Encoding mesh Root moss shoots 0624.
23:00:32 | INFO: Draco encoder: Encoding mesh Root moss shoots 0625.
23:00:32 | INFO: Draco encoder: Encoding mesh Root moss shoots 0626.
23:00:32 | INFO: Draco encoder: Encoding mesh Root moss shoots 0627.
23:00:32 | INFO: Draco encoder: Encoding mesh Root moss shoots 0628.
23:00:32 | INFO: Draco encoder: Encoding mesh Root moss shoots 0629.
23:00:32 | INFO: Draco encoder: Encoding mesh Root moss shoots 0630.
23:00:32 | INFO: Draco encoder: Encoding mesh Root moss shoots 0631.
23:00:32 | INFO: Draco encoder: Encoding mesh Root moss shoots 0632.
23:00:32 | INFO: Draco encoder: Encoding mesh Root moss shoots 0633.
23:00:32 | INFO: Draco encoder: Encoding mesh Root moss shoots 0634.
23:00:32 | INFO: Draco encoder: Encoding mesh Root moss shoots 0635.
23:00:32 | INFO: Draco encoder: Encoding mesh Root moss shoots 0636.
23:00:32 | INFO: Draco encoder: Encoding mesh Root moss shoots 0637.
23:00:32 | INFO: Draco encoder: Encoding mesh Root moss shoots 0638.
23:00:32 | INFO: Draco encoder: Encoding mesh Root moss shoots 0639.
23:00:32 | INFO: Draco encoder: Encoding mesh Root moss shoots 0640.
23:00:32 | INFO: Draco encoder: Encoding mesh Root moss shoots 0641.
23:00:32 | INFO: Draco encoder: Encoding mesh Root moss shoots 0642.
23:00:32 | INFO: Draco encoder: Encoding mesh Root moss shoots 0643.
23:00:32 | INFO: Draco encoder: Encoding mesh Root moss shoots 0644.
23:00:32 | INFO: Draco encoder: Encoding mesh Root moss shoots 0645.
23:00:32 | INFO: Draco encoder: Encoding mesh Root moss shoots 0646.
23:00:32 | INFO: Draco encoder: Encoding mesh Root moss shoots 0647.
23:00:32 | INFO: Draco encoder: Encoding mesh Root moss shoots 0648.
23:00:32 | INFO: Draco encoder: Encoding mesh Root moss shoots 0649.
23:00:32 | INFO: Draco encoder: Encoding mesh Root moss shoots 0650.
23:00:32 | INFO: Draco encoder: Encoding mesh Root moss shoots 0651.
23:00:32 | INFO: Draco encoder: Encoding mesh Root moss shoots 0652.
23:00:32 | INFO: Draco encoder: Encoding mesh Root moss shoots 0653.
23:00:32 | INFO: Draco encoder: Encoding mesh Root moss shoots 0654.
23:00:32 | INFO: Draco encoder: Encoding mesh Root moss shoots 0655.
23:00:32 | INFO: Draco encoder: Encoding mesh Root moss shoots 0656.
23:00:32 | INFO: Draco encoder: Encoding mesh Root moss shoots 0657.
23:00:32 | INFO: Draco encoder: Encoding mesh Root moss shoots 0658.
23:00:32 | INFO: Draco encoder: Encoding mesh Root moss shoots 0659.
23:00:32 | INFO: Draco encoder: Encoding mesh Root moss shoots 0660.
23:00:32 | INFO: Draco encoder: Encoding mesh Root moss shoots 0661.
23:00:32 | INFO: Draco encoder: Encoding mesh Root moss shoots 0662.
23:00:32 | INFO: Draco encoder: Encoding mesh Root moss shoots 0663.
23:00:32 | INFO: Draco encoder: Encoding mesh Root moss shoots 0664.
23:00:32 | INFO: Draco encoder: Encoding mesh Root moss shoots 0665.
23:00:32 | INFO: Draco encoder: Encoding mesh Root moss shoots 0666.
23:00:32 | INFO: Draco encoder: Encoding mesh Root moss shoots 0667.
23:00:32 | INFO: Draco encoder: Encoding mesh Root moss shoots 0668.
23:00:32 | INFO: Draco encoder: Encoding mesh Root moss shoots 0669.
23:00:32 | INFO: Draco encoder: Encoding mesh Root moss shoots 0670.
23:00:32 | INFO: Draco encoder: Encoding mesh Root moss shoots 0671.
23:00:32 | INFO: Draco encoder: Encoding mesh Root moss shoots 0672.
23:00:32 | INFO: Draco encoder: Encoding mesh Root moss shoots 0673.
23:00:32 | INFO: Draco encoder: Encoding mesh Root moss shoots 0674.
23:00:32 | INFO: Draco encoder: Encoding mesh Root moss shoots 0675.
23:00:32 | INFO: Draco encoder: Encoding mesh Root moss shoots 0676.
23:00:32 | INFO: Draco encoder: Encoding mesh Root moss shoots 0677.
23:00:32 | INFO: Draco encoder: Encoding mesh Root moss shoots 0678.
23:00:32 | INFO: Draco encoder: Encoding mesh Root moss shoots 0679.
23:00:32 | INFO: Draco encoder: Encoding mesh Root moss shoots 0680.
23:00:32 | INFO: Draco encoder: Encoding mesh Root moss shoots 0681.
23:00:32 | INFO: Draco encoder: Encoding mesh Root moss shoots 0682.
23:00:32 | INFO: Draco encoder: Encoding mesh Root moss shoots 0683.
23:00:32 | INFO: Draco encoder: Encoding mesh Root moss shoots 0684.
23:00:32 | INFO: Draco encoder: Encoding mesh Root moss shoots 0685.
23:00:32 | INFO: Draco encoder: Encoding mesh Root moss shoots 0686.
23:00:32 | INFO: Draco encoder: Encoding mesh Root moss shoots 0687.
23:00:32 | INFO: Draco encoder: Encoding mesh Root moss shoots 0688.
23:00:32 | INFO: Draco encoder: Encoding mesh Root moss shoots 0689.
23:00:32 | INFO: Draco encoder: Encoding mesh Root moss shoots 0690.
23:00:32 | INFO: Draco encoder: Encoding mesh Root moss shoots 0691.
23:00:32 | INFO: Draco encoder: Encoding mesh Root moss shoots 0692.
23:00:32 | INFO: Draco encoder: Encoding mesh Root moss shoots 0693.
23:00:32 | INFO: Draco encoder: Encoding mesh Root moss shoots 0694.
23:00:32 | INFO: Draco encoder: Encoding mesh Root moss shoots 0695.
23:00:32 | INFO: Draco encoder: Encoding mesh Root moss shoots 0696.
23:00:32 | INFO: Draco encoder: Encoding mesh Root moss shoots 0697.
23:00:32 | INFO: Draco encoder: Encoding mesh Root moss shoots 0698.
23:00:32 | INFO: Draco encoder: Encoding mesh Root moss shoots 0699.
23:00:32 | INFO: Draco encoder: Encoding mesh Root moss shoots 0700.
23:00:32 | INFO: Draco encoder: Encoding mesh Root moss shoots 0701.
23:00:32 | INFO: Draco encoder: Encoding mesh Root moss shoots 0702.
23:00:32 | INFO: Draco encoder: Encoding mesh Root moss shoots 0703.
23:00:32 | INFO: Draco encoder: Encoding mesh Root moss shoots 0704.
23:00:32 | INFO: Draco encoder: Encoding mesh Root moss shoots 0705.
23:00:32 | INFO: Draco encoder: Encoding mesh Root moss shoots 0706.
23:00:32 | INFO: Draco encoder: Encoding mesh Root moss shoots 0707.
23:00:32 | INFO: Draco encoder: Encoding mesh Root moss shoots 0708.
23:00:32 | INFO: Draco encoder: Encoding mesh Root moss shoots 0709.
23:00:32 | INFO: Draco encoder: Encoding mesh Root moss shoots 0710.
23:00:32 | INFO: Draco encoder: Encoding mesh Root moss shoots 0711.
23:00:32 | INFO: Draco encoder: Encoding mesh Root moss shoots 0712.
23:00:32 | INFO: Draco encoder: Encoding mesh Root moss shoots 0713.
23:00:32 | INFO: Draco encoder: Encoding mesh Root moss shoots 0714.
23:00:32 | INFO: Draco encoder: Encoding mesh Root moss shoots 0715.
23:00:32 | INFO: Draco encoder: Encoding mesh Root moss shoots 0716.
23:00:32 | INFO: Draco encoder: Encoding mesh Root moss shoots 0717.
23:00:32 | INFO: Draco encoder: Encoding mesh Root moss shoots 0718.
23:00:32 | INFO: Draco encoder: Encoding mesh Root moss shoots 0719.
23:00:32 | INFO: Draco encoder: Encoding mesh Root moss shoots 0720.
23:00:32 | INFO: Draco encoder: Encoding mesh Root moss shoots 0721.
23:00:32 | INFO: Draco encoder: Encoding mesh Root moss shoots 0722.
23:00:32 | INFO: Draco encoder: Encoding mesh Root moss shoots 0723.
23:00:32 | INFO: Draco encoder: Encoding mesh Root moss shoots 0724.
23:00:32 | INFO: Draco encoder: Encoding mesh Root moss shoots 0725.
23:00:32 | INFO: Draco encoder: Encoding mesh Root moss shoots 0726.
23:00:32 | INFO: Draco encoder: Encoding mesh Root moss shoots 0727.
23:00:32 | INFO: Draco encoder: Encoding mesh Root moss shoots 0728.
23:00:32 | INFO: Draco encoder: Encoding mesh Root moss shoots 0729.
23:00:32 | INFO: Draco encoder: Encoding mesh Root moss shoots 0730.
23:00:32 | INFO: Draco encoder: Encoding mesh Root moss shoots 0731.
23:00:32 | INFO: Draco encoder: Encoding mesh Root moss shoots 0732.
23:00:32 | INFO: Draco encoder: Encoding mesh Root moss shoots 0733.
23:00:32 | INFO: Draco encoder: Encoding mesh Root moss shoots 0734.
23:00:32 | INFO: Draco encoder: Encoding mesh Root moss shoots 0735.
23:00:32 | INFO: Draco encoder: Encoding mesh Root moss shoots 0736.
23:00:32 | INFO: Draco encoder: Encoding mesh Root moss shoots 0737.
23:00:32 | INFO: Draco encoder: Encoding mesh Root moss shoots 0738.
23:00:32 | INFO: Draco encoder: Encoding mesh Root moss shoots 0739.
23:00:32 | INFO: Draco encoder: Encoding mesh Root moss shoots 0740.
23:00:32 | INFO: Draco encoder: Encoding mesh Root moss shoots 0741.
23:00:32 | INFO: Draco encoder: Encoding mesh Root moss shoots 0742.
23:00:32 | INFO: Draco encoder: Encoding mesh Root moss shoots 0743.
23:00:32 | INFO: Draco encoder: Encoding mesh Root moss shoots 0744.
23:00:32 | INFO: Draco encoder: Encoding mesh Root moss shoots 0745.
23:00:32 | INFO: Draco encoder: Encoding mesh Root moss shoots 0746.
23:00:32 | INFO: Draco encoder: Encoding mesh Root moss shoots 0747.
23:00:32 | INFO: Draco encoder: Encoding mesh Root moss shoots 0748.
23:00:32 | INFO: Draco encoder: Encoding mesh Root moss shoots 0749.
23:00:32 | INFO: Draco encoder: Encoding mesh Root moss shoots 0750.
23:00:32 | INFO: Draco encoder: Encoding mesh Root moss shoots 0751.
23:00:32 | INFO: Draco encoder: Encoding mesh Root moss shoots 0752.
23:00:32 | INFO: Draco encoder: Encoding mesh Root moss shoots 0753.
23:00:32 | INFO: Draco encoder: Encoding mesh Root moss shoots 0754.
23:00:32 | INFO: Draco encoder: Encoding mesh Root moss shoots 0755.
23:00:32 | INFO: Draco encoder: Encoding mesh Root moss shoots 0756.
23:00:32 | INFO: Draco encoder: Encoding mesh Root moss shoots 0757.
23:00:32 | INFO: Draco encoder: Encoding mesh Root moss shoots 0758.
23:00:32 | INFO: Draco encoder: Encoding mesh Root moss shoots 0759.
23:00:32 | INFO: Draco encoder: Encoding mesh Root moss shoots 0760.
23:00:32 | INFO: Draco encoder: Encoding mesh Root moss shoots 0761.
23:00:32 | INFO: Draco encoder: Encoding mesh Root moss shoots 0762.
23:00:32 | INFO: Draco encoder: Encoding mesh Root moss shoots 0763.
23:00:32 | INFO: Draco encoder: Encoding mesh Root moss shoots 0764.
23:00:32 | INFO: Draco encoder: Encoding mesh Root moss shoots 0765.
23:00:32 | INFO: Draco encoder: Encoding mesh Root moss shoots 0766.
23:00:32 | INFO: Draco encoder: Encoding mesh Root moss shoots 0767.
23:00:32 | INFO: Draco encoder: Encoding mesh Root moss shoots 0768.
23:00:32 | INFO: Draco encoder: Encoding mesh Root moss shoots 0769.
23:00:32 | INFO: Draco encoder: Encoding mesh Root moss shoots 0770.
23:00:32 | INFO: Draco encoder: Encoding mesh Root moss shoots 0771.
23:00:32 | INFO: Draco encoder: Encoding mesh Root moss shoots 0772.
23:00:32 | INFO: Draco encoder: Encoding mesh Root moss shoots 0773.
23:00:32 | INFO: Draco encoder: Encoding mesh Root moss shoots 0774.
23:00:32 | INFO: Draco encoder: Encoding mesh Root moss shoots 0775.
23:00:32 | INFO: Draco encoder: Encoding mesh Root moss shoots 0776.
23:00:32 | INFO: Draco encoder: Encoding mesh Root moss shoots 0777.
23:00:32 | INFO: Draco encoder: Encoding mesh Root moss shoots 0778.
23:00:32 | INFO: Draco encoder: Encoding mesh Root moss shoots 0779.
23:00:32 | INFO: Draco encoder: Encoding mesh Root moss shoots 0780.
23:00:32 | INFO: Draco encoder: Encoding mesh Root moss shoots 0781.
23:00:32 | INFO: Draco encoder: Encoding mesh Root moss shoots 0782.
23:00:32 | INFO: Draco encoder: Encoding mesh Root moss shoots 0783.
23:00:32 | INFO: Draco encoder: Encoding mesh Root moss shoots 0784.
23:00:32 | INFO: Draco encoder: Encoding mesh Root moss shoots 0785.
23:00:32 | INFO: Draco encoder: Encoding mesh Root moss shoots 0786.
23:00:32 | INFO: Draco encoder: Encoding mesh Root moss shoots 0787.
23:00:32 | INFO: Draco encoder: Encoding mesh Root moss shoots 0788.
23:00:32 | INFO: Draco encoder: Encoding mesh Root moss shoots 0789.
23:00:32 | INFO: Draco encoder: Encoding mesh Root moss shoots 0790.
23:00:32 | INFO: Draco encoder: Encoding mesh Root moss shoots 0791.
23:00:32 | INFO: Draco encoder: Encoding mesh Root moss shoots 0792.
23:00:32 | INFO: Draco encoder: Encoding mesh Root moss shoots 0793.
23:00:32 | INFO: Draco encoder: Encoding mesh Root moss shoots 0794.
23:00:32 | INFO: Draco encoder: Encoding mesh Root moss shoots 0795.
23:00:32 | INFO: Draco encoder: Encoding mesh Root moss shoots 0796.
23:00:32 | INFO: Draco encoder: Encoding mesh Root moss shoots 0797.
23:00:32 | INFO: Draco encoder: Encoding mesh Root moss shoots 0798.
23:00:32 | INFO: Draco encoder: Encoding mesh Root moss shoots 0799.
23:00:32 | INFO: Draco encoder: Encoding mesh Root moss shoots 0800.
23:00:32 | INFO: Draco encoder: Encoding mesh Root moss shoots 0801.
23:00:32 | INFO: Draco encoder: Encoding mesh Root moss shoots 0802.
23:00:32 | INFO: Draco encoder: Encoding mesh Root moss shoots 0803.
23:00:32 | INFO: Draco encoder: Encoding mesh Root moss shoots 0804.
23:00:32 | INFO: Draco encoder: Encoding mesh Root moss shoots 0805.
23:00:32 | INFO: Draco encoder: Encoding mesh Root moss shoots 0806.
23:00:32 | INFO: Draco encoder: Encoding mesh Root moss shoots 0807.
23:00:32 | INFO: Draco encoder: Encoding mesh Root moss shoots 0808.
23:00:32 | INFO: Draco encoder: Encoding mesh Root moss shoots 0809.
23:00:32 | INFO: Draco encoder: Encoding mesh Root moss shoots 0810.
23:00:32 | INFO: Draco encoder: Encoding mesh Root moss shoots 0811.
23:00:32 | INFO: Draco encoder: Encoding mesh Root moss shoots 0812.
23:00:32 | INFO: Draco encoder: Encoding mesh Root moss shoots 0813.
23:00:32 | INFO: Draco encoder: Encoding mesh Root moss shoots 0814.
23:00:32 | INFO: Draco encoder: Encoding mesh Root moss shoots 0815.
23:00:32 | INFO: Draco encoder: Encoding mesh Root moss shoots 0816.
23:00:32 | INFO: Draco encoder: Encoding mesh Root moss shoots 0817.
23:00:32 | INFO: Draco encoder: Encoding mesh Root moss shoots 0818.
23:00:32 | INFO: Draco encoder: Encoding mesh Root moss shoots 0819.
23:00:32 | INFO: Draco encoder: Encoding mesh Root moss shoots 0820.
23:00:32 | INFO: Draco encoder: Encoding mesh Root moss shoots 0821.
23:00:32 | INFO: Draco encoder: Encoding mesh Root moss shoots 0822.
23:00:32 | INFO: Draco encoder: Encoding mesh Root moss shoots 0823.
23:00:32 | INFO: Draco encoder: Encoding mesh Root moss shoots 0824.
23:00:32 | INFO: Draco encoder: Encoding mesh Root moss shoots 0825.
23:00:32 | INFO: Draco encoder: Encoding mesh Root moss shoots 0826.
23:00:32 | INFO: Draco encoder: Encoding mesh Root moss shoots 0827.
23:00:32 | INFO: Draco encoder: Encoding mesh Root moss shoots 0828.
23:00:32 | INFO: Draco encoder: Encoding mesh Root moss shoots 0829.
23:00:32 | INFO: Draco encoder: Encoding mesh Root moss shoots 0830.
23:00:32 | INFO: Draco encoder: Encoding mesh Root moss shoots 0831.
23:00:32 | INFO: Draco encoder: Encoding mesh Root moss shoots 0832.
23:00:32 | INFO: Draco encoder: Encoding mesh Root moss shoots 0833.
23:00:32 | INFO: Draco encoder: Encoding mesh Root moss shoots 0834.
23:00:32 | INFO: Draco encoder: Encoding mesh Root moss shoots 0835.
23:00:32 | INFO: Draco encoder: Encoding mesh Root moss shoots 0836.
23:00:32 | INFO: Draco encoder: Encoding mesh Root moss shoots 0837.
23:00:32 | INFO: Draco encoder: Encoding mesh Root moss shoots 0838.
23:00:32 | INFO: Draco encoder: Encoding mesh Root moss shoots 0839.
23:00:32 | INFO: Draco encoder: Encoding mesh Root moss shoots 0840.
23:00:32 | INFO: Draco encoder: Encoding mesh Root moss shoots 0841.
23:00:32 | INFO: Draco encoder: Encoding mesh Root moss shoots 0842.
23:00:32 | INFO: Draco encoder: Encoding mesh Root moss shoots 0843.
23:00:32 | INFO: Draco encoder: Encoding mesh Root moss shoots 0844.
23:00:32 | INFO: Draco encoder: Encoding mesh Root moss shoots 0845.
23:00:32 | INFO: Draco encoder: Encoding mesh Root moss shoots 0846.
23:00:32 | INFO: Draco encoder: Encoding mesh Root moss shoots 0847.
23:00:32 | INFO: Draco encoder: Encoding mesh Root moss shoots 0848.
23:00:32 | INFO: Draco encoder: Encoding mesh Root moss shoots 0849.
23:00:32 | INFO: Draco encoder: Encoding mesh Root moss shoots 0850.
23:00:32 | INFO: Draco encoder: Encoding mesh Root moss shoots 0851.
23:00:32 | INFO: Draco encoder: Encoding mesh Root moss shoots 0852.
23:00:32 | INFO: Draco encoder: Encoding mesh Root moss shoots 0853.
23:00:32 | INFO: Draco encoder: Encoding mesh Root moss shoots 0854.
23:00:32 | INFO: Draco encoder: Encoding mesh Root moss shoots 0855.
23:00:32 | INFO: Draco encoder: Encoding mesh Root moss shoots 0856.
23:00:32 | INFO: Draco encoder: Encoding mesh Root moss shoots 0857.
23:00:32 | INFO: Draco encoder: Encoding mesh Root moss shoots 0858.
23:00:32 | INFO: Draco encoder: Encoding mesh Root moss shoots 0859.
23:00:32 | INFO: Draco encoder: Encoding mesh Root moss shoots 0860.
23:00:32 | INFO: Draco encoder: Encoding mesh Root moss shoots 0861.
23:00:32 | INFO: Draco encoder: Encoding mesh Root moss shoots 0862.
23:00:32 | INFO: Draco encoder: Encoding mesh Root moss shoots 0863.
23:00:32 | INFO: Draco encoder: Encoding mesh Root moss shoots 0864.
23:00:32 | INFO: Draco encoder: Encoding mesh Root moss shoots 0865.
23:00:32 | INFO: Draco encoder: Encoding mesh Root moss shoots 0866.
23:00:32 | INFO: Draco encoder: Encoding mesh Root moss shoots 0867.
23:00:32 | INFO: Draco encoder: Encoding mesh Root moss shoots 0868.
23:00:32 | INFO: Draco encoder: Encoding mesh Root moss shoots 0869.
23:00:32 | INFO: Draco encoder: Encoding mesh Root moss shoots 0870.
23:00:32 | INFO: Draco encoder: Encoding mesh Root moss shoots 0871.
23:00:32 | INFO: Draco encoder: Encoding mesh Root moss shoots 0872.
23:00:32 | INFO: Draco encoder: Encoding mesh Root moss shoots 0873.
23:00:32 | INFO: Draco encoder: Encoding mesh Root moss shoots 0874.
23:00:32 | INFO: Draco encoder: Encoding mesh Root moss shoots 0875.
23:00:32 | INFO: Draco encoder: Encoding mesh Root moss shoots 0876.
23:00:32 | INFO: Draco encoder: Encoding mesh Root moss shoots 0877.
23:00:32 | INFO: Draco encoder: Encoding mesh Root moss shoots 0878.
23:00:32 | INFO: Draco encoder: Encoding mesh Root moss shoots 0879.
23:00:32 | INFO: Draco encoder: Encoding mesh Root moss shoots 0880.
23:00:32 | INFO: Draco encoder: Encoding mesh Root moss shoots 0881.
23:00:32 | INFO: Draco encoder: Encoding mesh Root moss shoots 0882.
23:00:32 | INFO: Draco encoder: Encoding mesh Root moss shoots 0883.
23:00:32 | INFO: Draco encoder: Encoding mesh Root moss shoots 0884.
23:00:32 | INFO: Draco encoder: Encoding mesh Root moss shoots 0885.
23:00:32 | INFO: Draco encoder: Encoding mesh Root moss shoots 0886.
23:00:32 | INFO: Draco encoder: Encoding mesh Root moss shoots 0887.
23:00:32 | INFO: Draco encoder: Encoding mesh Root moss shoots 0888.
23:00:32 | INFO: Draco encoder: Encoding mesh Root moss shoots 0889.
23:00:32 | INFO: Draco encoder: Encoding mesh Root moss shoots 0890.
23:00:32 | INFO: Draco encoder: Encoding mesh Root moss shoots 0891.
23:00:32 | INFO: Draco encoder: Encoding mesh Root moss shoots 0892.
23:00:32 | INFO: Draco encoder: Encoding mesh Root moss shoots 0893.
23:00:32 | INFO: Draco encoder: Encoding mesh Root moss shoots 0894.
23:00:32 | INFO: Draco encoder: Encoding mesh Root moss shoots 0895.
23:00:32 | INFO: Draco encoder: Encoding mesh Root moss shoots 0896.
23:00:32 | INFO: Draco encoder: Encoding mesh Root moss shoots 0897.
23:00:32 | INFO: Draco encoder: Encoding mesh Root moss shoots 0898.
23:00:32 | INFO: Draco encoder: Encoding mesh Root moss shoots 0899.
23:00:32 | INFO: Draco encoder: Encoding mesh Root moss shoots 0900.
23:00:32 | INFO: Draco encoder: Encoding mesh Root moss shoots 0901.
23:00:32 | INFO: Draco encoder: Encoding mesh Root moss shoots 0902.
23:00:32 | INFO: Draco encoder: Encoding mesh Root moss shoots 0903.
23:00:32 | INFO: Draco encoder: Encoding mesh Root moss shoots 0904.
23:00:32 | INFO: Draco encoder: Encoding mesh Root moss shoots 0905.
23:00:32 | INFO: Draco encoder: Encoding mesh Root moss shoots 0906.
23:00:32 | INFO: Draco encoder: Encoding mesh Root moss shoots 0907.
23:00:32 | INFO: Draco encoder: Encoding mesh Root moss shoots 0908.
23:00:32 | INFO: Draco encoder: Encoding mesh Root moss shoots 0909.
23:00:32 | INFO: Draco encoder: Encoding mesh Root moss shoots 0910.
23:00:32 | INFO: Draco encoder: Encoding mesh Root moss shoots 0911.
23:00:32 | INFO: Draco encoder: Encoding mesh Root moss shoots 0912.
23:00:32 | INFO: Draco encoder: Encoding mesh Root moss shoots 0913.
23:00:32 | INFO: Draco encoder: Encoding mesh Root moss shoots 0914.
23:00:32 | INFO: Draco encoder: Encoding mesh Root moss shoots 0915.
23:00:32 | INFO: Draco encoder: Encoding mesh Root moss shoots 0916.
23:00:32 | INFO: Draco encoder: Encoding mesh Root moss shoots 0917.
23:00:32 | INFO: Draco encoder: Encoding mesh Root moss shoots 0918.
23:00:32 | INFO: Draco encoder: Encoding mesh Root moss shoots 0919.
23:00:32 | INFO: Draco encoder: Encoding mesh Root moss shoots 0920.
23:00:32 | INFO: Draco encoder: Encoding mesh Root moss shoots 0921.
23:00:32 | INFO: Draco encoder: Encoding mesh Root moss shoots 0922.
23:00:32 | INFO: Draco encoder: Encoding mesh Root moss shoots 0923.
23:00:32 | INFO: Draco encoder: Encoding mesh Root moss shoots 0924.
23:00:32 | INFO: Draco encoder: Encoding mesh Root moss shoots 0925.
23:00:32 | INFO: Draco encoder: Encoding mesh Root moss shoots 0926.
23:00:32 | INFO: Draco encoder: Encoding mesh Root moss shoots 0927.
23:00:32 | INFO: Draco encoder: Encoding mesh Root moss shoots 0928.
23:00:32 | INFO: Draco encoder: Encoding mesh Root moss shoots 0929.
23:00:32 | INFO: Draco encoder: Encoding mesh Root moss shoots 0930.
23:00:32 | INFO: Draco encoder: Encoding mesh Root moss shoots 0931.
23:00:32 | INFO: Draco encoder: Encoding mesh Root moss shoots 0932.
23:00:32 | INFO: Draco encoder: Encoding mesh Root moss shoots 0933.
23:00:32 | INFO: Draco encoder: Encoding mesh Root moss shoots 0934.
23:00:32 | INFO: Draco encoder: Encoding mesh Root moss shoots 0935.
23:00:32 | INFO: Draco encoder: Encoding mesh Root moss shoots 0936.
23:00:32 | INFO: Draco encoder: Encoding mesh Root moss shoots 0937.
23:00:32 | INFO: Draco encoder: Encoding mesh Root moss shoots 0938.
23:00:32 | INFO: Draco encoder: Encoding mesh Root moss shoots 0939.
23:00:32 | INFO: Draco encoder: Encoding mesh Root moss shoots 0940.
23:00:32 | INFO: Draco encoder: Encoding mesh Root moss shoots 0941.
23:00:32 | INFO: Draco encoder: Encoding mesh Root moss shoots 0942.
23:00:32 | INFO: Draco encoder: Encoding mesh Root moss shoots 0943.
23:00:32 | INFO: Draco encoder: Encoding mesh Root moss shoots 0944.
23:00:32 | INFO: Draco encoder: Encoding mesh Root moss shoots 0945.
23:00:32 | INFO: Draco encoder: Encoding mesh Root moss shoots 0946.
23:00:32 | INFO: Draco encoder: Encoding mesh Root moss shoots 0947.
23:00:32 | INFO: Draco encoder: Encoding mesh Root moss shoots 0948.
23:00:32 | INFO: Draco encoder: Encoding mesh Root moss shoots 0949.
23:00:32 | INFO: Draco encoder: Encoding mesh Root moss shoots 0950.
23:00:32 | INFO: Draco encoder: Encoding mesh Root moss shoots 0951.
23:00:32 | INFO: Draco encoder: Encoding mesh Root moss shoots 0952.
23:00:32 | INFO: Draco encoder: Encoding mesh Root moss shoots 0953.
23:00:32 | INFO: Draco encoder: Encoding mesh Root moss shoots 0954.
23:00:32 | INFO: Draco encoder: Encoding mesh Root moss shoots 0955.
23:00:32 | INFO: Draco encoder: Encoding mesh Root moss shoots 0956.
23:00:32 | INFO: Draco encoder: Encoding mesh Root moss shoots 0957.
23:00:32 | INFO: Draco encoder: Encoding mesh Root moss shoots 0958.
23:00:32 | INFO: Draco encoder: Encoding mesh Root moss shoots 0959.
23:00:32 | INFO: Draco encoder: Encoding mesh Root moss shoots 0960.
23:00:32 | INFO: Draco encoder: Encoding mesh Root moss shoots 0961.
23:00:32 | INFO: Draco encoder: Encoding mesh Root moss shoots 0962.
23:00:32 | INFO: Draco encoder: Encoding mesh Root moss shoots 0963.
23:00:32 | INFO: Draco encoder: Encoding mesh Root moss shoots 0964.
23:00:32 | INFO: Draco encoder: Encoding mesh Root moss shoots 0965.
23:00:32 | INFO: Draco encoder: Encoding mesh Root moss shoots 0966.
23:00:32 | INFO: Draco encoder: Encoding mesh Root moss shoots 0967.
23:00:32 | INFO: Draco encoder: Encoding mesh Root moss shoots 0968.
23:00:32 | INFO: Draco encoder: Encoding mesh Root moss shoots 0969.
23:00:32 | INFO: Draco encoder: Encoding mesh Root moss shoots 0970.
23:00:32 | INFO: Draco encoder: Encoding mesh Root moss shoots 0971.
23:00:32 | INFO: Draco encoder: Encoding mesh Root moss shoots 0972.
23:00:32 | INFO: Draco encoder: Encoding mesh Root moss shoots 0973.
23:00:32 | INFO: Draco encoder: Encoding mesh Root moss shoots 0974.
23:00:32 | INFO: Draco encoder: Encoding mesh Root moss shoots 0975.
23:00:32 | INFO: Draco encoder: Encoding mesh Root moss shoots 0976.
23:00:32 | INFO: Draco encoder: Encoding mesh Root moss shoots 0977.
23:00:32 | INFO: Draco encoder: Encoding mesh Root moss shoots 0978.
23:00:32 | INFO: Draco encoder: Encoding mesh Root moss shoots 0979.
23:00:32 | INFO: Draco encoder: Encoding mesh Root moss shoots 0980.
23:00:32 | INFO: Draco encoder: Encoding mesh Root moss shoots 0981.
23:00:32 | INFO: Draco encoder: Encoding mesh Root moss shoots 0982.
23:00:32 | INFO: Draco encoder: Encoding mesh Root moss shoots 0983.
23:00:32 | INFO: Draco encoder: Encoding mesh Root moss shoots 0984.
23:00:32 | INFO: Draco encoder: Encoding mesh Root moss shoots 0985.
23:00:32 | INFO: Draco encoder: Encoding mesh Root moss shoots 0986.
23:00:32 | INFO: Draco encoder: Encoding mesh Root moss shoots 0987.
23:00:32 | INFO: Draco encoder: Encoding mesh Root moss shoots 0988.
23:00:32 | INFO: Draco encoder: Encoding mesh Root moss shoots 0989.
23:00:32 | INFO: Draco encoder: Encoding mesh Root moss shoots 0990.
23:00:32 | INFO: Draco encoder: Encoding mesh Root moss shoots 0991.
23:00:32 | INFO: Draco encoder: Encoding mesh Root moss shoots 0992.
23:00:32 | INFO: Draco encoder: Encoding mesh Root moss shoots 0993.
23:00:32 | INFO: Draco encoder: Encoding mesh Root moss shoots 0994.
23:00:32 | INFO: Draco encoder: Encoding mesh Root moss shoots 0995.
23:00:32 | INFO: Draco encoder: Encoding mesh Root moss shoots 0996.
23:00:32 | INFO: Draco encoder: Encoding mesh Root moss shoots 0997.
23:00:32 | INFO: Draco encoder: Encoding mesh Root moss shoots 0998.
23:00:32 | INFO: Draco encoder: Encoding mesh Root moss shoots 0999.
23:00:32 | INFO: Draco encoder: Encoding mesh Root moss shoots 1000.
23:00:32 | INFO: Draco encoder: Encoding mesh Root moss shoots 1001.
23:00:32 | INFO: Draco encoder: Encoding mesh Root moss shoots 1002.
23:00:32 | INFO: Draco encoder: Encoding mesh Root moss shoots 1003.
23:00:32 | INFO: Draco encoder: Encoding mesh Root moss shoots 1004.
23:00:32 | INFO: Draco encoder: Encoding mesh Root moss shoots 1005.
23:00:32 | INFO: Draco encoder: Encoding mesh Root moss shoots 1006.
23:00:32 | INFO: Draco encoder: Encoding mesh Root moss shoots 1007.
23:00:32 | INFO: Draco encoder: Encoding mesh Root moss shoots 1008.
23:00:32 | INFO: Draco encoder: Encoding mesh Root moss shoots 1009.
23:00:32 | INFO: Draco encoder: Encoding mesh Root moss shoots 1010.
23:00:32 | INFO: Draco encoder: Encoding mesh Root moss shoots 1011.
23:00:32 | INFO: Draco encoder: Encoding mesh Root moss shoots 1012.
23:00:32 | INFO: Draco encoder: Encoding mesh Root moss shoots 1013.
23:00:32 | INFO: Draco encoder: Encoding mesh Root moss shoots 1014.
23:00:32 | INFO: Draco encoder: Encoding mesh Root moss shoots 1015.
23:00:32 | INFO: Draco encoder: Encoding mesh Root moss shoots 1016.
23:00:32 | INFO: Draco encoder: Encoding mesh Root moss shoots 1017.
23:00:32 | INFO: Draco encoder: Encoding mesh Root moss shoots 1018.
23:00:32 | INFO: Draco encoder: Encoding mesh Root moss shoots 1019.
23:00:32 | INFO: Draco encoder: Encoding mesh Root moss shoots 1020.
23:00:32 | INFO: Draco encoder: Encoding mesh Root moss shoots 1021.
23:00:32 | INFO: Draco encoder: Encoding mesh Root moss shoots 1022.
23:00:32 | INFO: Draco encoder: Encoding mesh Root moss shoots 1023.
23:00:32 | INFO: Draco encoder: Encoding mesh Root moss shoots 1024.
23:00:32 | INFO: Draco encoder: Encoding mesh Root moss shoots 1025.
23:00:32 | INFO: Draco encoder: Encoding mesh Root moss shoots 1026.
23:00:32 | INFO: Draco encoder: Encoding mesh Root moss shoots 1027.
23:00:32 | INFO: Draco encoder: Encoding mesh Root moss shoots 1028.
23:00:32 | INFO: Draco encoder: Encoding mesh Root moss shoots 1029.
23:00:32 | INFO: Draco encoder: Encoding mesh Root moss shoots 1030.
23:00:32 | INFO: Draco encoder: Encoding mesh Root moss shoots 1031.
23:00:32 | INFO: Draco encoder: Encoding mesh Root moss shoots 1032.
23:00:32 | INFO: Draco encoder: Encoding mesh Root moss shoots 1033.
23:00:32 | INFO: Draco encoder: Encoding mesh Root moss shoots 1034.
23:00:32 | INFO: Draco encoder: Encoding mesh Root moss shoots 1035.
23:00:32 | INFO: Draco encoder: Encoding mesh Root moss shoots 1036.
23:00:32 | INFO: Draco encoder: Encoding mesh Root moss shoots 1037.
23:00:32 | INFO: Draco encoder: Encoding mesh Root moss shoots 1038.
23:00:32 | INFO: Draco encoder: Encoding mesh Root moss shoots 1039.
23:00:32 | INFO: Draco encoder: Encoding mesh Root moss shoots 1040.
23:00:32 | INFO: Draco encoder: Encoding mesh Root moss shoots 1041.
23:00:32 | INFO: Draco encoder: Encoding mesh Root moss shoots 1042.
23:00:32 | INFO: Draco encoder: Encoding mesh Root moss shoots 1043.
23:00:32 | INFO: Draco encoder: Encoding mesh Root moss shoots 1044.
23:00:32 | INFO: Draco encoder: Encoding mesh Root moss shoots 1045.
23:00:32 | INFO: Draco encoder: Encoding mesh Root moss shoots 1046.
23:00:32 | INFO: Draco encoder: Encoding mesh Root moss shoots 1047.
23:00:32 | INFO: Draco encoder: Encoding mesh Root moss shoots 1048.
23:00:32 | INFO: Draco encoder: Encoding mesh Root moss shoots 1049.
23:00:32 | INFO: Draco encoder: Encoding mesh Root moss shoots 1050.
23:00:32 | INFO: Draco encoder: Encoding mesh Root moss shoots 1051.
23:00:32 | INFO: Draco encoder: Encoding mesh Root moss shoots 1052.
23:00:32 | INFO: Draco encoder: Encoding mesh Root moss shoots 1053.
23:00:32 | INFO: Draco encoder: Encoding mesh Root moss shoots 1054.
23:00:32 | INFO: Draco encoder: Encoding mesh Root moss shoots 1055.
23:00:32 | INFO: Draco encoder: Encoding mesh Root moss shoots 1056.
23:00:32 | INFO: Draco encoder: Encoding mesh Root moss shoots 1057.
23:00:32 | INFO: Draco encoder: Encoding mesh Root moss shoots 1058.
23:00:32 | INFO: Draco encoder: Encoding mesh Root moss shoots 1059.
23:00:32 | INFO: Draco encoder: Encoding mesh Root moss shoots 1060.
23:00:32 | INFO: Draco encoder: Encoding mesh Root moss shoots 1061.
23:00:32 | INFO: Draco encoder: Encoding mesh Root moss shoots 1062.
23:00:32 | INFO: Draco encoder: Encoding mesh Root moss shoots 1063.
23:00:32 | INFO: Draco encoder: Encoding mesh Root moss shoots 1064.
23:00:32 | INFO: Draco encoder: Encoding mesh Root moss shoots 1065.
23:00:32 | INFO: Draco encoder: Encoding mesh Root moss shoots 1066.
23:00:32 | INFO: Draco encoder: Encoding mesh Root moss shoots 1067.
23:00:32 | INFO: Draco encoder: Encoding mesh Root moss shoots 1068.
23:00:32 | INFO: Draco encoder: Encoding mesh Root moss shoots 1069.
23:00:32 | INFO: Draco encoder: Encoding mesh Root moss shoots 1070.
23:00:32 | INFO: Draco encoder: Encoding mesh Root moss shoots 1071.
23:00:32 | INFO: Draco encoder: Encoding mesh Root moss shoots 1072.
23:00:32 | INFO: Draco encoder: Encoding mesh Root moss shoots 1073.
23:00:32 | INFO: Draco encoder: Encoding mesh Root moss shoots 1074.
23:00:32 | INFO: Draco encoder: Encoding mesh Root moss shoots 1075.
23:00:32 | INFO: Draco encoder: Encoding mesh Root moss shoots 1076.
23:00:32 | INFO: Draco encoder: Encoding mesh Root moss shoots 1077.
23:00:32 | INFO: Draco encoder: Encoding mesh Root moss shoots 1078.
23:00:32 | INFO: Draco encoder: Encoding mesh Root moss shoots 1079.
23:00:32 | INFO: Draco encoder: Encoding mesh Root moss shoots 1080.
23:00:32 | INFO: Draco encoder: Encoding mesh Root moss shoots 1081.
23:00:32 | INFO: Draco encoder: Encoding mesh Root moss shoots 1082.
23:00:32 | INFO: Draco encoder: Encoding mesh Root moss shoots 1083.
23:00:32 | INFO: Draco encoder: Encoding mesh Root moss shoots 1084.
23:00:32 | INFO: Draco encoder: Encoding mesh Root moss shoots 1085.
23:00:32 | INFO: Draco encoder: Encoding mesh Root moss shoots 1086.
23:00:32 | INFO: Draco encoder: Encoding mesh Root moss shoots 1087.
23:00:32 | INFO: Draco encoder: Encoding mesh Root moss shoots 1088.
23:00:32 | INFO: Draco encoder: Encoding mesh Root moss shoots 1089.
23:00:32 | INFO: Draco encoder: Encoding mesh Root moss shoots 1090.
23:00:32 | INFO: Draco encoder: Encoding mesh Root moss shoots 1091.
23:00:32 | INFO: Draco encoder: Encoding mesh Root moss shoots 1092.
23:00:32 | INFO: Draco encoder: Encoding mesh Root moss shoots 1093.
23:00:32 | INFO: Draco encoder: Encoding mesh Root moss shoots 1094.
23:00:32 | INFO: Draco encoder: Encoding mesh Root moss shoots 1095.
23:00:32 | INFO: Draco encoder: Encoding mesh Root moss shoots 1096.
23:00:32 | INFO: Draco encoder: Encoding mesh Root moss shoots 1097.
23:00:32 | INFO: Draco encoder: Encoding mesh Root moss shoots 1098.
23:00:32 | INFO: Draco encoder: Encoding mesh Root moss shoots 1099.
23:00:32 | INFO: Draco encoder: Encoding mesh Root moss shoots 1100.
23:00:32 | INFO: Draco encoder: Encoding mesh Root moss shoots 1101.
23:00:32 | INFO: Draco encoder: Encoding mesh Root moss shoots 1102.
23:00:32 | INFO: Draco encoder: Encoding mesh Root moss shoots 1103.
23:00:32 | INFO: Draco encoder: Encoding mesh Root moss shoots 1104.
23:00:32 | INFO: Draco encoder: Encoding mesh Root moss shoots 1105.
23:00:32 | INFO: Draco encoder: Encoding mesh Root moss shoots 1106.
23:00:32 | INFO: Draco encoder: Encoding mesh Root moss shoots 1107.
23:00:32 | INFO: Draco encoder: Encoding mesh Root moss shoots 1108.
23:00:32 | INFO: Draco encoder: Encoding mesh Root moss shoots 1109.
23:00:32 | INFO: Draco encoder: Encoding mesh Root moss shoots 1110.
23:00:32 | INFO: Draco encoder: Encoding mesh Root moss shoots 1111.
23:00:32 | INFO: Draco encoder: Encoding mesh Root moss shoots 1112.
23:00:32 | INFO: Draco encoder: Encoding mesh Root moss shoots 1113.
23:00:32 | INFO: Draco encoder: Encoding mesh Root moss shoots 1114.
23:00:32 | INFO: Draco encoder: Encoding mesh Root moss shoots 1115.
23:00:32 | INFO: Draco encoder: Encoding mesh Root moss shoots 1116.
23:00:32 | INFO: Draco encoder: Encoding mesh Root moss shoots 1117.
23:00:32 | INFO: Draco encoder: Encoding mesh Root moss shoots 1118.
23:00:32 | INFO: Draco encoder: Encoding mesh Root moss shoots 1119.
23:00:32 | INFO: Draco encoder: Encoding mesh Root moss shoots 1120.
23:00:32 | INFO: Draco encoder: Encoding mesh Root moss shoots 1121.
23:00:32 | INFO: Draco encoder: Encoding mesh Root moss shoots 1122.
23:00:32 | INFO: Draco encoder: Encoding mesh Root moss shoots 1123.
23:00:32 | INFO: Draco encoder: Encoding mesh Root moss shoots 1124.
23:00:32 | INFO: Draco encoder: Encoding mesh Root moss shoots 1125.
23:00:32 | INFO: Draco encoder: Encoding mesh Root moss shoots 1126.
23:00:32 | INFO: Draco encoder: Encoding mesh Root moss shoots 1127.
23:00:32 | INFO: Draco encoder: Encoding mesh Root moss shoots 1128.
23:00:32 | INFO: Draco encoder: Encoding mesh Root moss shoots 1129.
23:00:32 | INFO: Draco encoder: Encoding mesh Root moss shoots 1130.
23:00:32 | INFO: Draco encoder: Encoding mesh Root moss shoots 1131.
23:00:32 | INFO: Draco encoder: Encoding mesh Root moss shoots 1132.
23:00:32 | INFO: Draco encoder: Encoding mesh Root moss shoots 1133.
23:00:32 | INFO: Draco encoder: Encoding mesh Root moss shoots 1134.
23:00:32 | INFO: Draco encoder: Encoding mesh Root moss shoots 1135.
23:00:32 | INFO: Draco encoder: Encoding mesh Root moss shoots 1136.
23:00:32 | INFO: Draco encoder: Encoding mesh Root moss shoots 1137.
23:00:32 | INFO: Draco encoder: Encoding mesh Root moss shoots 1138.
23:00:32 | INFO: Draco encoder: Encoding mesh Root moss shoots 1139.
23:00:32 | INFO: Draco encoder: Encoding mesh Root moss shoots 1140.
23:00:32 | INFO: Draco encoder: Encoding mesh Root moss shoots 1141.
23:00:32 | INFO: Draco encoder: Encoding mesh Root moss shoots 1142.
23:00:32 | INFO: Draco encoder: Encoding mesh Root moss shoots 1143.
23:00:32 | INFO: Draco encoder: Encoding mesh Root moss shoots 1144.
23:00:32 | INFO: Draco encoder: Encoding mesh Root moss shoots 1145.
23:00:32 | INFO: Draco encoder: Encoding mesh Root moss shoots 1146.
23:00:32 | INFO: Draco encoder: Encoding mesh Root moss shoots 1147.
23:00:32 | INFO: Draco encoder: Encoding mesh Root moss shoots 1148.
23:00:32 | INFO: Draco encoder: Encoding mesh Root moss shoots 1149.
23:00:32 | INFO: Draco encoder: Encoding mesh Root moss shoots 1150.
23:00:32 | INFO: Draco encoder: Encoding mesh Root moss shoots 1151.
23:00:32 | INFO: Draco encoder: Encoding mesh Root moss shoots 1152.
23:00:32 | INFO: Draco encoder: Encoding mesh Root moss shoots 1153.
23:00:32 | INFO: Draco encoder: Encoding mesh Root moss shoots 1154.
23:00:32 | INFO: Draco encoder: Encoding mesh Root moss shoots 1155.
23:00:32 | INFO: Draco encoder: Encoding mesh Root moss shoots 1156.
23:00:32 | INFO: Draco encoder: Encoding mesh Root moss shoots 1157.
23:00:32 | INFO: Draco encoder: Encoding mesh Root moss shoots 1158.
23:00:32 | INFO: Draco encoder: Encoding mesh Root moss shoots 1159.
23:00:32 | INFO: Draco encoder: Encoding mesh Root moss shoots 1160.
23:00:32 | INFO: Draco encoder: Encoding mesh Root moss shoots 1161.
23:00:32 | INFO: Draco encoder: Encoding mesh Root moss shoots 1162.
23:00:32 | INFO: Draco encoder: Encoding mesh Root moss shoots 1163.
23:00:32 | INFO: Draco encoder: Encoding mesh Root moss shoots 1164.
23:00:32 | INFO: Draco encoder: Encoding mesh Root moss shoots 1165.
23:00:32 | INFO: Draco encoder: Encoding mesh Root moss shoots 1166.
23:00:32 | INFO: Draco encoder: Encoding mesh Root moss shoots 1167.
23:00:32 | INFO: Draco encoder: Encoding mesh Root moss shoots 1168.
23:00:32 | INFO: Draco encoder: Encoding mesh Root moss shoots 1169.
23:00:32 | INFO: Draco encoder: Encoding mesh Root moss shoots 1170.
23:00:32 | INFO: Draco encoder: Encoding mesh Root moss shoots 1171.
23:00:32 | INFO: Draco encoder: Encoding mesh Root moss shoots 1172.
23:00:32 | INFO: Draco encoder: Encoding mesh Root moss shoots 1173.
23:00:32 | INFO: Draco encoder: Encoding mesh Root moss shoots 1174.
23:00:32 | INFO: Draco encoder: Encoding mesh Root moss shoots 1175.
23:00:32 | INFO: Draco encoder: Encoding mesh Root moss shoots 1176.
23:00:32 | INFO: Draco encoder: Encoding mesh Root moss shoots 1177.
23:00:32 | INFO: Draco encoder: Encoding mesh Root moss shoots 1178.
23:00:32 | INFO: Draco encoder: Encoding mesh Root moss shoots 1179.
23:00:32 | INFO: Draco encoder: Encoding mesh Root moss shoots 1180.
23:00:32 | INFO: Draco encoder: Encoding mesh Root moss shoots 1181.
23:00:32 | INFO: Draco encoder: Encoding mesh Root moss shoots 1182.
23:00:32 | INFO: Draco encoder: Encoding mesh Root moss shoots 1183.
23:00:32 | INFO: Draco encoder: Encoding mesh Root moss shoots 1184.
23:00:32 | INFO: Draco encoder: Encoding mesh Root moss shoots 1185.
23:00:32 | INFO: Draco encoder: Encoding mesh Root moss shoots 1186.
23:00:32 | INFO: Draco encoder: Encoding mesh Root moss shoots 1187.
23:00:32 | INFO: Draco encoder: Encoding mesh Root moss shoots 1188.
23:00:32 | INFO: Draco encoder: Encoding mesh Root moss shoots 1189.
23:00:32 | INFO: Draco encoder: Encoding mesh Root moss shoots 1190.
23:00:32 | INFO: Draco encoder: Encoding mesh Root moss shoots 1191.
23:00:32 | INFO: Draco encoder: Encoding mesh Root moss shoots 1192.
23:00:32 | INFO: Draco encoder: Encoding mesh Root moss shoots 1193.
23:00:32 | INFO: Draco encoder: Encoding mesh Root moss shoots 1194.
23:00:32 | INFO: Draco encoder: Encoding mesh Root moss shoots 1195.
23:00:32 | INFO: Draco encoder: Encoding mesh Root moss shoots 1196.
23:00:32 | INFO: Draco encoder: Encoding mesh Root moss shoots 1197.
23:00:32 | INFO: Draco encoder: Encoding mesh Root moss shoots 1198.
23:00:32 | INFO: Draco encoder: Encoding mesh Root moss shoots 1199.
23:00:32 | INFO: Draco encoder: Encoding mesh Root moss shoots 1200.
23:00:32 | INFO: Draco encoder: Encoding mesh Root moss shoots 1201.
23:00:32 | INFO: Draco encoder: Encoding mesh Root moss shoots 1202.
23:00:32 | INFO: Draco encoder: Encoding mesh Root moss shoots 1203.
23:00:32 | INFO: Draco encoder: Encoding mesh Root moss shoots 1204.
23:00:32 | INFO: Draco encoder: Encoding mesh Root moss shoots 1205.
23:00:32 | INFO: Draco encoder: Encoding mesh Root moss shoots 1206.
23:00:32 | INFO: Draco encoder: Encoding mesh Root moss shoots 1207.
23:00:32 | INFO: Draco encoder: Encoding mesh Root moss shoots 1208.
23:00:32 | INFO: Draco encoder: Encoding mesh Root moss shoots 1209.
23:00:32 | INFO: Draco encoder: Encoding mesh Root moss shoots 1210.
23:00:32 | INFO: Draco encoder: Encoding mesh Root moss shoots 1211.
23:00:32 | INFO: Draco encoder: Encoding mesh Root moss shoots 1212.
23:00:32 | INFO: Draco encoder: Encoding mesh Root moss shoots 1213.
23:00:32 | INFO: Draco encoder: Encoding mesh Root moss shoots 1214.
23:00:32 | INFO: Draco encoder: Encoding mesh Root moss shoots 1215.
23:00:32 | INFO: Draco encoder: Encoding mesh Root moss shoots 1216.
23:00:32 | INFO: Draco encoder: Encoding mesh Root moss shoots 1217.
23:00:32 | INFO: Draco encoder: Encoding mesh Root moss shoots 1218.
23:00:32 | INFO: Draco encoder: Encoding mesh Root moss shoots 1219.
23:00:32 | INFO: Draco encoder: Encoding mesh Root moss shoots 1220.
23:00:32 | INFO: Draco encoder: Encoding mesh Root moss shoots 1221.
23:00:32 | INFO: Draco encoder: Encoding mesh Root moss shoots 1222.
23:00:32 | INFO: Draco encoder: Encoding mesh Root moss shoots 1223.
23:00:32 | INFO: Draco encoder: Encoding mesh Root moss shoots 1224.
23:00:32 | INFO: Draco encoder: Encoding mesh Root moss shoots 1225.
23:00:32 | INFO: Draco encoder: Encoding mesh Root moss shoots 1226.
23:00:32 | INFO: Draco encoder: Encoding mesh Root moss shoots 1227.
23:00:32 | INFO: Draco encoder: Encoding mesh Root moss shoots 1228.
23:00:32 | INFO: Draco encoder: Encoding mesh Root moss shoots 1229.
23:00:32 | INFO: Draco encoder: Encoding mesh Root moss shoots 1230.
23:00:32 | INFO: Draco encoder: Encoding mesh Root moss shoots 1231.
23:00:32 | INFO: Draco encoder: Encoding mesh Root moss shoots 1232.
23:00:32 | INFO: Draco encoder: Encoding mesh Root moss shoots 1233.
23:00:32 | INFO: Draco encoder: Encoding mesh Root moss shoots 1234.
23:00:32 | INFO: Draco encoder: Encoding mesh Root moss shoots 1235.
23:00:32 | INFO: Draco encoder: Encoding mesh Root moss shoots 1236.
23:00:32 | INFO: Draco encoder: Encoding mesh Root moss shoots 1237.
23:00:32 | INFO: Draco encoder: Encoding mesh Root moss shoots 1238.
23:00:32 | INFO: Draco encoder: Encoding mesh Root moss shoots 1239.
23:00:32 | INFO: Draco encoder: Encoding mesh Root moss shoots 1240.
23:00:32 | INFO: Draco encoder: Encoding mesh Root moss shoots 1241.
23:00:32 | INFO: Draco encoder: Encoding mesh Root moss shoots 1242.
23:00:32 | INFO: Draco encoder: Encoding mesh Root moss shoots 1243.
23:00:32 | INFO: Draco encoder: Encoding mesh Root moss shoots 1244.
23:00:32 | INFO: Draco encoder: Encoding mesh Root moss shoots 1245.
23:00:32 | INFO: Draco encoder: Encoding mesh Root moss shoots 1246.
23:00:32 | INFO: Draco encoder: Encoding mesh Root moss shoots 1247.
23:00:32 | INFO: Draco encoder: Encoding mesh Root moss shoots 1248.
23:00:32 | INFO: Draco encoder: Encoding mesh Root moss shoots 1249.
23:00:32 | INFO: Draco encoder: Encoding mesh Root moss shoots 1250.
23:00:32 | INFO: Draco encoder: Encoding mesh Root moss shoots 1251.
23:00:32 | INFO: Draco encoder: Encoding mesh Root moss shoots 1252.
23:00:32 | INFO: Draco encoder: Encoding mesh Root moss shoots 1253.
23:00:32 | INFO: Draco encoder: Encoding mesh Root moss shoots 1254.
23:00:32 | INFO: Draco encoder: Encoding mesh Root moss shoots 1255.
23:00:32 | INFO: Draco encoder: Encoding mesh Root moss shoots 1256.
23:00:32 | INFO: Draco encoder: Encoding mesh Root moss shoots 1257.
23:00:32 | INFO: Draco encoder: Encoding mesh Root moss shoots 1258.
23:00:32 | INFO: Draco encoder: Encoding mesh Root moss shoots 1259.
23:00:32 | INFO: Draco encoder: Encoding mesh Root moss shoots 1260.
23:00:32 | INFO: Draco encoder: Encoding mesh Root moss shoots 1261.
23:00:32 | INFO: Draco encoder: Encoding mesh Root moss shoots 1262.
23:00:32 | INFO: Draco encoder: Encoding mesh Root moss shoots 1263.
23:00:32 | INFO: Draco encoder: Encoding mesh Root moss shoots 1264.
23:00:32 | INFO: Draco encoder: Encoding mesh Root moss shoots 1265.
23:00:32 | INFO: Draco encoder: Encoding mesh Root moss shoots 1266.
23:00:32 | INFO: Draco encoder: Encoding mesh Root moss shoots 1267.
23:00:32 | INFO: Draco encoder: Encoding mesh Root moss shoots 1268.
23:00:32 | INFO: Draco encoder: Encoding mesh Root moss shoots 1269.
23:00:32 | INFO: Draco encoder: Encoding mesh Root moss shoots 1270.
23:00:32 | INFO: Draco encoder: Encoding mesh Root moss shoots 1271.
23:00:32 | INFO: Draco encoder: Encoding mesh Root moss shoots 1272.
23:00:32 | INFO: Draco encoder: Encoding mesh Root moss shoots 1273.
23:00:32 | INFO: Draco encoder: Encoding mesh Root moss shoots 1274.
23:00:32 | INFO: Draco encoder: Encoding mesh Root moss shoots 1275.
23:00:32 | INFO: Draco encoder: Encoding mesh Root moss shoots 1276.
23:00:32 | INFO: Draco encoder: Encoding mesh Root moss shoots 1277.
23:00:32 | INFO: Draco encoder: Encoding mesh Root moss shoots 1278.
23:00:32 | INFO: Draco encoder: Encoding mesh Root moss shoots 1279.
23:00:32 | INFO: Draco encoder: Encoding mesh Root moss shoots 1280.
23:00:32 | INFO: Draco encoder: Encoding mesh Root moss shoots 1281.
23:00:32 | INFO: Draco encoder: Encoding mesh Root moss shoots 1282.
23:00:32 | INFO: Draco encoder: Encoding mesh Root moss shoots 1283.
23:00:32 | INFO: Draco encoder: Encoding mesh Root moss shoots 1284.
23:00:32 | INFO: Draco encoder: Encoding mesh Root moss shoots 1285.
23:00:32 | INFO: Draco encoder: Encoding mesh Root moss shoots 1286.
23:00:32 | INFO: Draco encoder: Encoding mesh Root moss shoots 1287.
23:00:32 | INFO: Draco encoder: Encoding mesh Root moss shoots 1288.
23:00:32 | INFO: Draco encoder: Encoding mesh Root moss shoots 1289.
23:00:32 | INFO: Draco encoder: Encoding mesh Root moss shoots 1290.
23:00:32 | INFO: Draco encoder: Encoding mesh Root moss shoots 1291.
23:00:32 | INFO: Draco encoder: Encoding mesh Root moss shoots 1292.
23:00:32 | INFO: Draco encoder: Encoding mesh Root moss shoots 1293.
23:00:32 | INFO: Draco encoder: Encoding mesh Root moss shoots 1294.
23:00:32 | INFO: Draco encoder: Encoding mesh Root moss shoots 1295.
23:00:32 | INFO: Draco encoder: Encoding mesh Root moss shoots 1296.
23:00:32 | INFO: Draco encoder: Encoding mesh Root moss shoots 1297.
23:00:32 | INFO: Draco encoder: Encoding mesh Root moss shoots 1298.
23:00:32 | INFO: Draco encoder: Encoding mesh Root moss shoots 1299.
23:00:32 | INFO: Draco encoder: Encoding mesh Root moss shoots 1300.
23:00:32 | INFO: Draco encoder: Encoding mesh Root moss shoots 1301.
23:00:32 | INFO: Draco encoder: Encoding mesh Root moss shoots 1302.
23:00:32 | INFO: Draco encoder: Encoding mesh Root moss shoots 1303.
23:00:32 | INFO: Draco encoder: Encoding mesh Root moss shoots 1304.
23:00:32 | INFO: Draco encoder: Encoding mesh Root moss shoots 1305.
23:00:32 | INFO: Draco encoder: Encoding mesh Root moss shoots 1306.
23:00:32 | INFO: Draco encoder: Encoding mesh Root moss shoots 1307.
23:00:32 | INFO: Draco encoder: Encoding mesh Root moss shoots 1308.
23:00:32 | INFO: Draco encoder: Encoding mesh Root moss shoots 1309.
23:00:32 | INFO: Draco encoder: Encoding mesh Root moss shoots 1310.
23:00:32 | INFO: Draco encoder: Encoding mesh Root moss shoots 1311.
23:00:32 | INFO: Draco encoder: Encoding mesh Root moss shoots 1312.
23:00:32 | INFO: Draco encoder: Encoding mesh Root moss shoots 1313.
23:00:32 | INFO: Draco encoder: Encoding mesh Root moss shoots 1314.
23:00:32 | INFO: Draco encoder: Encoding mesh Root moss shoots 1315.
23:00:32 | INFO: Draco encoder: Encoding mesh Root moss shoots 1316.
23:00:32 | INFO: Draco encoder: Encoding mesh Root moss shoots 1317.
23:00:32 | INFO: Draco encoder: Encoding mesh Root moss shoots 1318.
23:00:32 | INFO: Draco encoder: Encoding mesh Root moss shoots 1319.
23:00:32 | INFO: Draco encoder: Encoding mesh Root moss shoots 1320.
23:00:32 | INFO: Draco encoder: Encoding mesh Root moss shoots 1321.
23:00:32 | INFO: Draco encoder: Encoding mesh Root moss shoots 1322.
23:00:32 | INFO: Draco encoder: Encoding mesh Root moss shoots 1323.
23:00:32 | INFO: Draco encoder: Encoding mesh Root moss shoots 1324.
23:00:32 | INFO: Draco encoder: Encoding mesh Root moss shoots 1325.
23:00:32 | INFO: Draco encoder: Encoding mesh Root moss shoots 1326.
23:00:32 | INFO: Draco encoder: Encoding mesh Root moss shoots 1327.
23:00:32 | INFO: Draco encoder: Encoding mesh Root moss shoots 1328.
23:00:32 | INFO: Draco encoder: Encoding mesh Root moss shoots 1329.
23:00:32 | INFO: Draco encoder: Encoding mesh Root moss shoots 1330.
23:00:32 | INFO: Draco encoder: Encoding mesh Root moss shoots 1331.
23:00:32 | INFO: Draco encoder: Encoding mesh Root moss shoots 1332.
23:00:32 | INFO: Draco encoder: Encoding mesh Root moss shoots 1333.
23:00:32 | INFO: Draco encoder: Encoding mesh Root moss shoots 1334.
23:00:32 | INFO: Draco encoder: Encoding mesh Root moss shoots 1335.
23:00:32 | INFO: Draco encoder: Encoding mesh Root moss shoots 1336.
23:00:32 | INFO: Draco encoder: Encoding mesh Root moss shoots 1337.
23:00:32 | INFO: Draco encoder: Encoding mesh Root moss shoots 1338.
23:00:32 | INFO: Draco encoder: Encoding mesh Root moss shoots 1339.
23:00:32 | INFO: Draco encoder: Encoding mesh Root moss shoots 1340.
23:00:32 | INFO: Draco encoder: Encoding mesh Root moss shoots 1341.
23:00:32 | INFO: Draco encoder: Encoding mesh Root moss shoots 1342.
23:00:32 | INFO: Draco encoder: Encoding mesh Root moss shoots 1343.
23:00:32 | INFO: Draco encoder: Encoding mesh Root moss shoots 1344.
23:00:32 | INFO: Draco encoder: Encoding mesh Root moss shoots 1345.
23:00:32 | INFO: Draco encoder: Encoding mesh Root moss shoots 1346.
23:00:32 | INFO: Draco encoder: Encoding mesh Root moss shoots 1347.
23:00:32 | INFO: Draco encoder: Encoding mesh Root moss shoots 1348.
23:00:32 | INFO: Draco encoder: Encoding mesh Root moss shoots 1349.
23:00:32 | INFO: Draco encoder: Encoding mesh Root moss shoots 1350.
23:00:32 | INFO: Draco encoder: Encoding mesh Root moss shoots 1351.
23:00:32 | INFO: Draco encoder: Encoding mesh Root moss shoots 1352.
23:00:32 | INFO: Draco encoder: Encoding mesh Root moss shoots 1353.
23:00:32 | INFO: Draco encoder: Encoding mesh Root moss shoots 1354.
23:00:32 | INFO: Draco encoder: Encoding mesh Root moss shoots 1355.
23:00:32 | INFO: Draco encoder: Encoding mesh Root moss shoots 1356.
23:00:32 | INFO: Draco encoder: Encoding mesh Root moss shoots 1357.
23:00:32 | INFO: Draco encoder: Encoding mesh Root moss shoots 1358.
23:00:32 | INFO: Draco encoder: Encoding mesh Root moss shoots 1359.
23:00:32 | INFO: Draco encoder: Encoding mesh Root moss shoots 1360.
23:00:32 | INFO: Draco encoder: Encoding mesh Root moss shoots 1361.
23:00:32 | INFO: Draco encoder: Encoding mesh Root moss shoots 1362.
23:00:32 | INFO: Draco encoder: Encoding mesh Root moss shoots 1363.
23:00:32 | INFO: Draco encoder: Encoding mesh Root moss shoots 1364.
23:00:32 | INFO: Draco encoder: Encoding mesh Root moss shoots 1365.
23:00:32 | INFO: Draco encoder: Encoding mesh Root moss shoots 1366.
23:00:32 | INFO: Draco encoder: Encoding mesh Root moss shoots 1367.
23:00:32 | INFO: Draco encoder: Encoding mesh Root moss shoots 1368.
23:00:32 | INFO: Draco encoder: Encoding mesh Root moss shoots 1369.
23:00:32 | INFO: Draco encoder: Encoding mesh Root moss shoots 1370.
23:00:32 | INFO: Draco encoder: Encoding mesh Root moss shoots 1371.
23:00:32 | INFO: Draco encoder: Encoding mesh Root moss shoots 1372.
23:00:32 | INFO: Draco encoder: Encoding mesh Root moss shoots 1373.
23:00:32 | INFO: Draco encoder: Encoding mesh Root moss shoots 1374.
23:00:32 | INFO: Draco encoder: Encoding mesh Root moss shoots 1375.
23:00:32 | INFO: Draco encoder: Encoding mesh Root moss shoots 1376.
23:00:32 | INFO: Draco encoder: Encoding mesh Root moss shoots 1377.
23:00:32 | INFO: Draco encoder: Encoding mesh Root moss shoots 1378.
23:00:32 | INFO: Draco encoder: Encoding mesh Root moss shoots 1379.
23:00:32 | INFO: Draco encoder: Encoding mesh Root moss shoots 1380.
23:00:32 | INFO: Draco encoder: Encoding mesh Root moss shoots 1381.
23:00:32 | INFO: Draco encoder: Encoding mesh Root moss shoots 1382.
23:00:32 | INFO: Draco encoder: Encoding mesh Root moss shoots 1383.
23:00:32 | INFO: Draco encoder: Encoding mesh Root moss shoots 1384.
23:00:32 | INFO: Draco encoder: Encoding mesh Root moss shoots 1385.
23:00:32 | INFO: Draco encoder: Encoding mesh Root moss shoots 1386.
23:00:32 | INFO: Draco encoder: Encoding mesh Root moss shoots 1387.
23:00:32 | INFO: Draco encoder: Encoding mesh Root moss shoots 1388.
23:00:32 | INFO: Draco encoder: Encoding mesh Root moss shoots 1389.
23:00:32 | INFO: Draco encoder: Encoding mesh Root moss shoots 1390.
23:00:32 | INFO: Draco encoder: Encoding mesh Root moss shoots 1391.
23:00:32 | INFO: Draco encoder: Encoding mesh Root moss shoots 1392.
23:00:32 | INFO: Draco encoder: Encoding mesh Root moss shoots 1393.
23:00:32 | INFO: Draco encoder: Encoding mesh Root moss shoots 1394.
23:00:32 | INFO: Draco encoder: Encoding mesh Root moss shoots 1395.
23:00:32 | INFO: Draco encoder: Encoding mesh Root moss shoots 1396.
23:00:32 | INFO: Draco encoder: Encoding mesh Root moss shoots 1397.
23:00:32 | INFO: Draco encoder: Encoding mesh Root moss shoots 1398.
23:00:32 | INFO: Draco encoder: Encoding mesh Root moss shoots 1399.
23:00:32 | INFO: Draco encoder: Encoding mesh Terminal twig hierarchy.
23:00:32 | INFO: Draco encoder: Encoding mesh Continuous aged trunk and primary branches.
Blender 5.2.1 LTS (hash 9e2066aef7ef built 2026-08-25 01:35:57)
DracoEncoder | Preserve triangle order: no
DracoEncoder | Encoded 4184 vertices, 5004 indices, raw size: 177368, encoded size: 42070, compression ratio: 4.22
DracoEncoder | Preserve triangle order: no
DracoEncoder | Encoded 4184 vertices, 5004 indices, raw size: 177368, encoded size: 42008, compression ratio: 4.22
DracoEncoder | Preserve triangle order: no
DracoEncoder | Encoded 4184 vertices, 5004 indices, raw size: 177368, encoded size: 42080, compression ratio: 4.22
DracoEncoder | Preserve triangle order: no
DracoEncoder | Encoded 4184 vertices, 5004 indices, raw size: 177368, encoded size: 42097, compression ratio: 4.21
DracoEncoder | Preserve triangle order: no
DracoEncoder | Encoded 4184 vertices, 5004 indices, raw size: 177368, encoded size: 42104, compression ratio: 4.21
DracoEncoder | Preserve triangle order: no
DracoEncoder | Encoded 4184 vertices, 5004 indices, raw size: 177368, encoded size: 42042, compression ratio: 4.22
DracoEncoder | Preserve triangle order: no
DracoEncoder | Encoded 4184 vertices, 5004 indices, raw size: 177368, encoded size: 42104, compression ratio: 4.21
DracoEncoder | Preserve triangle order: no
DracoEncoder | Encoded 4184 vertices, 5004 indices, raw size: 177368, encoded size: 42023, compression ratio: 4.22
DracoEncoder | Preserve triangle order: no
DracoEncoder | Encoded 4184 vertices, 5004 indices, raw size: 177368, encoded size: 42101, compression ratio: 4.21
DracoEncoder | Preserve triangle order: no
DracoEncoder | Encoded 4184 vertices, 5004 indices, raw size: 177368, encoded size: 42016, compression ratio: 4.22
DracoEncoder | Preserve triangle order: no
DracoEncoder | Encoded 4184 vertices, 5004 indices, raw size: 177368, encoded size: 42021, compression ratio: 4.22
DracoEncoder | Preserve triangle order: no
DracoEncoder | Encoded 4184 vertices, 5004 indices, raw size: 177368, encoded size: 42014, compression ratio: 4.22
DracoEncoder | Preserve triangle order: no
DracoEncoder | Encoded 30 vertices, 30 indices, raw size: 1020, encoded size: 464, compression ratio: 2.20
DracoEncoder | Preserve triangle order: no
DracoEncoder | Encoded 30 vertices, 30 indices, raw size: 1020, encoded size: 466, compression ratio: 2.19
DracoEncoder | Preserve triangle order: no
DracoEncoder | Encoded 30 vertices, 30 indices, raw size: 1020, encoded size: 462, compression ratio: 2.21
DracoEncoder | Preserve triangle order: no
DracoEncoder | Encoded 30 vertices, 30 indices, raw size: 1020, encoded size: 461, compression ratio: 2.21
DracoEncoder | Preserve triangle order: no
DracoEncoder | Encoded 30 vertices, 30 indices, raw size: 1020, encoded size: 465, compression ratio: 2.19
DracoEncoder | Preserve triangle order: no
DracoEncoder | Encoded 30 vertices, 30 indices, raw size: 1020, encoded size: 462, compression ratio: 2.21
DracoEncoder | Preserve triangle order: no
DracoEncoder | Encoded 144 vertices, 144 indices, raw size: 6048, encoded size: 2793, compression ratio: 2.17
DracoEncoder | Preserve triangle order: no
DracoEncoder | Encoded 144 vertices, 144 indices, raw size: 6048, encoded size: 2793, compression ratio: 2.17
DracoEncoder | Preserve triangle order: no
DracoEncoder | Encoded 144 vertices, 144 indices, raw size: 6048, encoded size: 2790, compression ratio: 2.17
DracoEncoder | Preserve triangle order: no
DracoEncoder | Encoded 144 vertices, 144 indices, raw size: 6048, encoded size: 2794, compression ratio: 2.16
DracoEncoder | Preserve triangle order: no
DracoEncoder | Encoded 144 vertices, 144 indices, raw size: 6048, encoded size: 2788, compression ratio: 2.17
DracoEncoder | Preserve triangle order: no
DracoEncoder | Encoded 144 vertices, 144 indices, raw size: 6048, encoded size: 2793, compression ratio: 2.17
DracoEncoder | Preserve triangle order: no
DracoEncoder | Encoded 31800 vertices, 102888 indices, raw size: 1223376, encoded size: 207513, compression ratio: 5.90
DracoEncoder | Preserve triangle order: no
DracoEncoder | Encoded 11065 vertices, 55488 indices, raw size: 539216, encoded size: 96765, compression ratio: 23:00:32 | INFO: Draco encoder: Encoding mesh Continuous planted soil.
23:00:32 | INFO: Draco encoder: Encoding mesh Foliage detail template 00.
23:00:32 | INFO: Draco encoder: Encoding mesh Foliage detail template 01.
23:00:32 | INFO: Draco encoder: Encoding mesh Foliage detail template 02.
23:00:32 | INFO: Draco encoder: Encoding mesh Foliage detail template 03.
23:00:32 | INFO: Draco encoder: Encoding mesh Foliage detail template 04.
23:00:32 | INFO: Draco encoder: Encoding mesh Foliage detail template 05.
23:00:32 | INFO: Draco encoder: Encoding mesh Foliage detail template 06.
23:00:32 | INFO: Draco encoder: Encoding mesh Foliage detail template 07.
23:00:32 | INFO: Draco encoder: Encoding mesh Foliage detail template 08.
23:00:32 | INFO: Draco encoder: Encoding mesh Foliage detail template 09.
23:00:32 | INFO: Draco encoder: Encoding mesh Foliage detail template 10.
23:00:32 | INFO: Draco encoder: Encoding mesh Foliage detail template 11.
23:00:32 | INFO: Draco encoder: Encoding mesh Low ceramic foot.
23:00:32 | INFO: Draco encoder: Encoding mesh Low ceramic foot.001.
23:00:32 | INFO: Draco encoder: Encoding mesh Low ceramic foot.002.
23:00:32 | INFO: Draco encoder: Encoding mesh Low ceramic foot.003.
23:00:32 | INFO: Draco encoder: Encoding mesh Low split natural bedding stone.
23:00:32 | INFO: Draco encoder: Encoding mesh Shallow unglazed pot.
23:00:33 | INFO: Finished glTF 2.0 export in 1.5924921035766602 s

2.6s Exported integrated-v01: 1328204 bytes
5.57
DracoEncoder | Preserve triangle order: no
DracoEncoder | Encoded 3936 vertices, 23040 indices, raw size: 203520, encoded size: 25414, compression ratio: 8.01
DracoEncoder | Preserve triangle order: no
DracoEncoder | Encoded 807 vertices, 930 indices, raw size: 34140, encoded size: 9739, compression ratio: 3.51
DracoEncoder | Preserve triangle order: no
DracoEncoder | Encoded 807 vertices, 930 indices, raw size: 34140, encoded size: 9748, compression ratio: 3.50
DracoEncoder | Preserve triangle order: no
DracoEncoder | Encoded 807 vertices, 930 indices, raw size: 34140, encoded size: 9751, compression ratio: 3.50
DracoEncoder | Preserve triangle order: no
DracoEncoder | Encoded 807 vertices, 930 indices, raw size: 34140, encoded size: 9741, compression ratio: 3.50
DracoEncoder | Preserve triangle order: no
DracoEncoder | Encoded 807 vertices, 930 indices, raw size: 34140, encoded size: 9802, compression ratio: 3.48
DracoEncoder | Preserve triangle order: no
DracoEncoder | Encoded 807 vertices, 930 indices, raw size: 34140, encoded size: 9720, compression ratio: 3.51
DracoEncoder | Preserve triangle order: no
DracoEncoder | Encoded 807 vertices, 930 indices, raw size: 34140, encoded size: 9725, compression ratio: 3.51
DracoEncoder | Preserve triangle order: no
DracoEncoder | Encoded 807 vertices, 930 indices, raw size: 34140, encoded size: 9750, compression ratio: 3.50
DracoEncoder | Preserve triangle order: no
DracoEncoder | Encoded 807 vertices, 930 indices, raw size: 34140, encoded size: 9747, compression ratio: 3.50
DracoEncoder | Preserve triangle order: no
DracoEncoder | Encoded 807 vertices, 930 indices, raw size: 34140, encoded size: 9762, compression ratio: 3.50
DracoEncoder | Preserve triangle order: no
DracoEncoder | Encoded 807 vertices, 930 indices, raw size: 34140, encoded size: 9732, compression ratio: 3.51
DracoEncoder | Preserve triangle order: no
DracoEncoder | Encoded 807 vertices, 930 indices, raw size: 34140, encoded size: 9766, compression ratio: 3.50
DracoEncoder | Preserve triangle order: no
DracoEncoder | Encoded 116 vertices, 564 indices, raw size: 4840, encoded size: 1202, compression ratio: 4.03
DracoEncoder | Preserve triangle order: no
DracoEncoder | Encoded 116 vertices, 564 indices, raw size: 4840, encoded size: 1202, compression ratio: 4.03
DracoEncoder | Preserve triangle order: no
DracoEncoder | Encoded 116 vertices, 564 indices, raw size: 4840, encoded size: 1202, compression ratio: 4.03
DracoEncoder | Preserve triangle order: no
DracoEncoder | Encoded 116 vertices, 564 indices, raw size: 4840, encoded size: 1202, compression ratio: 4.03
DracoEncoder | Preserve triangle order: no
DracoEncoder | Encoded 5397 vertices, 12102 indices, raw size: 196908, encoded size: 42111, compression ratio: 4.68
DracoEncoder | Preserve triangle order: no
DracoEncoder | Encoded 1440 vertices, 8628 indices, raw size: 63336, encoded size: 9336, compression ratio: 6.78

Blender quit
