00:00.113  translation      | WARNING Falling back to standard locale ("C")
00:00.581  blend            | Read blend: "/Users/kazuki.tanaka/dev0/exfract-bonsai-02/improvement/2026-10-04/runs/integrated-form-2245/models/integrated-v03.blend"
/Users/kazuki.tanaka/dev0/exfract-bonsai-02/improvement/2026-10-04/runs/wood-surface-0000/sculpt/surface.py:118: DeprecationWarning: 'Material.use_nodes' is expected to be removed in Blender 6.0
  material=bpy.data.materials.new('Continuous grey brown wood');material.use_nodes=True
INFO Draco is available, use library at /Applications/Blender.app/Contents/Resources/5.2/scripts/addons_core/io_scene_gltf2/libbf_intern_draco_bridge.dylib
INFO MeshOptimizer is available, use library at /Applications/Blender.app/Contents/Resources/5.2/scripts/addons_core/io_scene_gltf2/libbf_intern_meshopt_bridge.dylib
00:22:34 | INFO: Starting glTF 2.0 export
00:22:34 | INFO: Extracting primitive: Volumetric scale shoot 01
00:22:34 | INFO: Primitives created: 1
00:22:34 | INFO: Extracting primitive: Volumetric scale shoot 05
00:22:34 | INFO: Primitives created: 1
00:22:34 | INFO: Extracting primitive: Volumetric scale shoot 08
00:22:34 | INFO: Primitives created: 1
00:22:34 | INFO: Extracting primitive: Volumetric scale shoot 07
00:22:34 | INFO: Primitives created: 1
00:22:34 | INFO: Extracting primitive: Volumetric scale shoot 03
00:22:34 | INFO: Primitives created: 1
00:22:34 | INFO: Extracting primitive: Volumetric scale shoot 06
00:22:34 | INFO: Primitives created: 1
00:22:34 | INFO: Extracting primitive: Volumetric scale shoot 10
00:22:34 | INFO: Primitives created: 1
00:22:34 | INFO: Extracting primitive: Volumetric scale shoot 11
00:22:34 | INFO: Primitives created: 1
00:22:34 | INFO: Extracting primitive: Volumetric scale shoot 04
00:22:34 | INFO: Primitives created: 1
00:22:34 | INFO: Extracting primitive: Volumetric scale shoot 09
00:22:34 | INFO: Primitives created: 1
00:22:34 | INFO: Extracting primitive: Volumetric scale shoot 00
00:22:34 | INFO: Primitives created: 1
00:22:34 | INFO: Extracting primitive: Volumetric scale shoot 02
00:22:34 | INFO: Primitives created: 1
00:22:35 | INFO: Extracting primitive: Embedded mineral grain 02
00:22:35 | INFO: Primitives created: 1
00:22:35 | INFO: Extracting primitive: Embedded mineral grain 05
00:22:35 | INFO: Primitives created: 1
00:22:35 | INFO: Extracting primitive: Embedded mineral grain 03
00:22:35 | INFO: Primitives created: 1
00:22:35 | INFO: Extracting primitive: Embedded mineral grain 04
00:22:35 | INFO: Primitives created: 1
00:22:35 | INFO: Extracting primitive: Embedded mineral grain 00
00:22:35 | INFO: Primitives created: 1
00:22:35 | INFO: Extracting primitive: Embedded mineral grain 01
00:22:35 | INFO: Primitives created: 1
00:22:35 | INFO: Extracting primitive: Root moss tuft 05
00:22:35 | INFO: Primitives created: 1
00:22:35 | INFO: Extracting primitive: Root moss tuft 04
00:22:35 | INFO: Primitives created: 1
00:22:35 | INFO: Extracting primitive: Root moss tuft 01
00:22:35 | INFO: Primitives created: 1
00:22:35 | INFO: Extracting primitive: Root moss tuft 02
00:22:35 | INFO: Primitives created: 1
00:22:35 | INFO: Extracting primitive: Root moss tuft 03
00:22:35 | INFO: Primitives created: 1
00:22:35 | INFO: Extracting primitive: Root moss tuft 00
00:22:35 | INFO: Primitives created: 1
00:22:35 | INFO: Extracting primitive: Terminal branch hierarchy
00:22:35 | INFO: Primitives created: 1
00:22:35 | INFO: Extracting primitive: Editable major growth planes
00:22:35 | INFO: Primitives created: 1
00:22:35 | INFO: Extracting primitive: Continuous planted soil
00:22:35 | INFO: Primitives created: 1
00:22:35 | INFO: Extracting primitive: Volumetric scale shoot low 00
00:22:35 | INFO: Primitives created: 1
00:22:35 | INFO: Extracting primitive: Volumetric scale shoot low 01
00:22:35 | INFO: Primitives created: 1
00:22:35 | INFO: Extracting primitive: Volumetric scale shoot low 02
00:22:35 | INFO: Primitives created: 1
00:22:35 | INFO: Extracting primitive: Volumetric scale shoot low 03
00:22:35 | INFO: Primitives created: 1
00:22:35 | INFO: Extracting primitive: Volumetric scale shoot low 04
00:22:35 | INFO: Primitives created: 1
00:22:35 | INFO: Extracting primitive: Volumetric scale shoot low 05
00:22:35 | INFO: Primitives created: 1
00:22:35 | INFO: Extracting primitive: Volumetric scale shoot low 06
00:22:35 | INFO: Primitives created: 1
00:22:35 | INFO: Extracting primitive: Volumetric scale shoot low 07
00:22:35 | INFO: Primitives created: 1
00:22:35 | INFO: Extracting primitive: Volumetric scale shoot low 08
00:22:35 | INFO: Primitives created: 1
00:22:35 | INFO: Extracting primitive: Volumetric scale shoot low 09
00:22:35 | INFO: Primitives created: 1
00:22:35 | INFO: Extracting primitive: Volumetric scale shoot low 10
00:22:35 | INFO: Primitives created: 1
00:22:35 | INFO: Extracting primitive: Volumetric scale shoot low 11
00:22:35 | INFO: Primitives created: 1
00:22:35 | INFO: Extracting primitive: Cube.001
00:22:35 | INFO: Primitives created: 1
00:22:35 | INFO: Extracting primitive: Cube.002
00:22:35 | INFO: Primitives created: 1
00:22:35 | INFO: Extracting primitive: Cube.003
00:22:35 | INFO: Primitives created: 1
00:22:35 | INFO: Extracting primitive: Cube.004
00:22:35 | INFO: Primitives created: 1
00:22:35 | INFO: Extracting primitive: Low split natural bedding stone
00:22:35 | INFO: Primitives created: 1
00:22:35 | INFO: Extracting primitive: Shallow unglazed pot
00:22:35 | INFO: Primitives created: 1
00:22:35 | INFO: Draco encoder: Encoding mesh Canopy sprays 0000.
00:22:35 | INFO: Draco encoder: Encoding mesh Canopy sprays 0001.
00:22:35 | INFO: Draco encoder: Encoding mesh Canopy sprays 0002.
00:22:35 | INFO: Draco encoder: Encoding mesh Canopy sprays 0003.
00:22:35 | INFO: Draco encoder: Encoding mesh Canopy sprays 0004.
00:22:35 | INFO: Draco encoder: Encoding mesh Canopy sprays 0005.
00:22:35 | INFO: Draco encoder: Encoding mesh Canopy sprays 0006.
00:22:35 | INFO: Draco encoder: Encoding mesh Canopy sprays 0007.
00:22:35 | INFO: Draco encoder: Encoding mesh Canopy sprays 0008.
00:22:35 | INFO: Draco encoder: Encoding mesh Canopy sprays 0009.
00:22:35 | INFO: Draco encoder: Encoding mesh Canopy sprays 0010.
00:22:35 | INFO: Draco encoder: Encoding mesh Canopy sprays 0011.
00:22:35 | INFO: Draco encoder: Encoding mesh Canopy sprays 0012.
00:22:35 | INFO: Draco encoder: Encoding mesh Canopy sprays 0013.
00:22:35 | INFO: Draco encoder: Encoding mesh Canopy sprays 0014.
00:22:35 | INFO: Draco encoder: Encoding mesh Canopy sprays 0015.
00:22:35 | INFO: Draco encoder: Encoding mesh Canopy sprays 0016.
00:22:35 | INFO: Draco encoder: Encoding mesh Canopy sprays 0017.
00:22:35 | INFO: Draco encoder: Encoding mesh Canopy sprays 0018.
00:22:35 | INFO: Draco encoder: Encoding mesh Canopy sprays 0019.
00:22:35 | INFO: Draco encoder: Encoding mesh Canopy sprays 0020.
00:22:35 | INFO: Draco encoder: Encoding mesh Canopy sprays 0021.
00:22:35 | INFO: Draco encoder: Encoding mesh Canopy sprays 0022.
00:22:35 | INFO: Draco encoder: Encoding mesh Canopy sprays 0023.
00:22:35 | INFO: Draco encoder: Encoding mesh Canopy sprays 0024.
00:22:35 | INFO: Draco encoder: Encoding mesh Canopy sprays 0025.
00:22:35 | INFO: Draco encoder: Encoding mesh Canopy sprays 0026.
00:22:35 | INFO: Draco encoder: Encoding mesh Canopy sprays 0027.
00:22:35 | INFO: Draco encoder: Encoding mesh Canopy sprays 0028.
00:22:35 | INFO: Draco encoder: Encoding mesh Canopy sprays 0029.
00:22:35 | INFO: Draco encoder: Encoding mesh Canopy sprays 0030.
00:22:35 | INFO: Draco encoder: Encoding mesh Canopy sprays 0031.
00:22:35 | INFO: Draco encoder: Encoding mesh Canopy sprays 0032.
00:22:35 | INFO: Draco encoder: Encoding mesh Canopy sprays 0033.
00:22:35 | INFO: Draco encoder: Encoding mesh Canopy sprays 0034.
00:22:35 | INFO: Draco encoder: Encoding mesh Canopy sprays 0035.
00:22:35 | INFO: Draco encoder: Encoding mesh Canopy sprays 0036.
00:22:35 | INFO: Draco encoder: Encoding mesh Canopy sprays 0037.
00:22:35 | INFO: Draco encoder: Encoding mesh Canopy sprays 0038.
00:22:35 | INFO: Draco encoder: Encoding mesh Canopy sprays 0039.
00:22:35 | INFO: Draco encoder: Encoding mesh Canopy sprays 0040.
00:22:35 | INFO: Draco encoder: Encoding mesh Canopy sprays 0041.
00:22:35 | INFO: Draco encoder: Encoding mesh Canopy sprays 0042.
00:22:35 | INFO: Draco encoder: Encoding mesh Canopy sprays 0043.
00:22:35 | INFO: Draco encoder: Encoding mesh Canopy sprays 0044.
00:22:35 | INFO: Draco encoder: Encoding mesh Canopy sprays 0045.
00:22:35 | INFO: Draco encoder: Encoding mesh Canopy sprays 0046.
00:22:35 | INFO: Draco encoder: Encoding mesh Canopy sprays 0047.
00:22:35 | INFO: Draco encoder: Encoding mesh Canopy sprays 0048.
00:22:35 | INFO: Draco encoder: Encoding mesh Canopy sprays 0049.
00:22:35 | INFO: Draco encoder: Encoding mesh Canopy sprays 0050.
00:22:35 | INFO: Draco encoder: Encoding mesh Canopy sprays 0051.
00:22:35 | INFO: Draco encoder: Encoding mesh Canopy sprays 0052.
00:22:35 | INFO: Draco encoder: Encoding mesh Canopy sprays 0053.
00:22:35 | INFO: Draco encoder: Encoding mesh Canopy sprays 0054.
00:22:35 | INFO: Draco encoder: Encoding mesh Canopy sprays 0055.
00:22:35 | INFO: Draco encoder: Encoding mesh Canopy sprays 0056.
00:22:35 | INFO: Draco encoder: Encoding mesh Canopy sprays 0057.
00:22:35 | INFO: Draco encoder: Encoding mesh Canopy sprays 0058.
00:22:35 | INFO: Draco encoder: Encoding mesh Canopy sprays 0059.
00:22:35 | INFO: Draco encoder: Encoding mesh Canopy sprays 0060.
00:22:35 | INFO: Draco encoder: Encoding mesh Canopy sprays 0061.
00:22:35 | INFO: Draco encoder: Encoding mesh Canopy sprays 0062.
00:22:35 | INFO: Draco encoder: Encoding mesh Canopy sprays 0063.
00:22:35 | INFO: Draco encoder: Encoding mesh Canopy sprays 0064.
00:22:35 | INFO: Draco encoder: Encoding mesh Canopy sprays 0065.
00:22:35 | INFO: Draco encoder: Encoding mesh Canopy sprays 0066.
00:22:35 | INFO: Draco encoder: Encoding mesh Canopy sprays 0067.
00:22:35 | INFO: Draco encoder: Encoding mesh Canopy sprays 0068.
00:22:35 | INFO: Draco encoder: Encoding mesh Canopy sprays 0069.
00:22:35 | INFO: Draco encoder: Encoding mesh Canopy sprays 0070.
00:22:35 | INFO: Draco encoder: Encoding mesh Canopy sprays 0071.
00:22:35 | INFO: Draco encoder: Encoding mesh Canopy sprays 0072.
00:22:35 | INFO: Draco encoder: Encoding mesh Canopy sprays 0073.
00:22:35 | INFO: Draco encoder: Encoding mesh Canopy sprays 0074.
00:22:35 | INFO: Draco encoder: Encoding mesh Canopy sprays 0075.
00:22:35 | INFO: Draco encoder: Encoding mesh Canopy sprays 0076.
00:22:35 | INFO: Draco encoder: Encoding mesh Canopy sprays 0077.
00:22:35 | INFO: Draco encoder: Encoding mesh Canopy sprays 0078.
00:22:35 | INFO: Draco encoder: Encoding mesh Canopy sprays 0079.
00:22:35 | INFO: Draco encoder: Encoding mesh Canopy sprays 0080.
00:22:35 | INFO: Draco encoder: Encoding mesh Canopy sprays 0081.
00:22:35 | INFO: Draco encoder: Encoding mesh Canopy sprays 0082.
00:22:35 | INFO: Draco encoder: Encoding mesh Canopy sprays 0083.
00:22:35 | INFO: Draco encoder: Encoding mesh Canopy sprays 0084.
00:22:35 | INFO: Draco encoder: Encoding mesh Canopy sprays 0085.
00:22:35 | INFO: Draco encoder: Encoding mesh Canopy sprays 0086.
00:22:35 | INFO: Draco encoder: Encoding mesh Canopy sprays 0087.
00:22:35 | INFO: Draco encoder: Encoding mesh Canopy sprays 0088.
00:22:35 | INFO: Draco encoder: Encoding mesh Canopy sprays 0089.
00:22:35 | INFO: Draco encoder: Encoding mesh Canopy sprays 0090.
00:22:35 | INFO: Draco encoder: Encoding mesh Canopy sprays 0091.
00:22:35 | INFO: Draco encoder: Encoding mesh Canopy sprays 0092.
00:22:35 | INFO: Draco encoder: Encoding mesh Canopy sprays 0093.
00:22:35 | INFO: Draco encoder: Encoding mesh Canopy sprays 0094.
00:22:35 | INFO: Draco encoder: Encoding mesh Canopy sprays 0095.
00:22:35 | INFO: Draco encoder: Encoding mesh Canopy sprays 0096.
00:22:35 | INFO: Draco encoder: Encoding mesh Canopy sprays 0097.
00:22:35 | INFO: Draco encoder: Encoding mesh Canopy sprays 0098.
00:22:35 | INFO: Draco encoder: Encoding mesh Canopy sprays 0099.
00:22:35 | INFO: Draco encoder: Encoding mesh Canopy sprays 0100.
00:22:35 | INFO: Draco encoder: Encoding mesh Canopy sprays 0101.
00:22:35 | INFO: Draco encoder: Encoding mesh Canopy sprays 0102.
00:22:35 | INFO: Draco encoder: Encoding mesh Canopy sprays 0103.
00:22:35 | INFO: Draco encoder: Encoding mesh Canopy sprays 0104.
00:22:35 | INFO: Draco encoder: Encoding mesh Canopy sprays 0105.
00:22:35 | INFO: Draco encoder: Encoding mesh Canopy sprays 0106.
00:22:35 | INFO: Draco encoder: Encoding mesh Canopy sprays 0107.
00:22:35 | INFO: Draco encoder: Encoding mesh Canopy sprays 0108.
00:22:35 | INFO: Draco encoder: Encoding mesh Canopy sprays 0109.
00:22:35 | INFO: Draco encoder: Encoding mesh Canopy sprays 0110.
00:22:35 | INFO: Draco encoder: Encoding mesh Canopy sprays 0111.
00:22:35 | INFO: Draco encoder: Encoding mesh Canopy sprays 0112.
00:22:35 | INFO: Draco encoder: Encoding mesh Canopy sprays 0113.
00:22:35 | INFO: Draco encoder: Encoding mesh Canopy sprays 0114.
00:22:35 | INFO: Draco encoder: Encoding mesh Canopy sprays 0115.
00:22:35 | INFO: Draco encoder: Encoding mesh Canopy sprays 0116.
00:22:35 | INFO: Draco encoder: Encoding mesh Canopy sprays 0117.
00:22:35 | INFO: Draco encoder: Encoding mesh Canopy sprays 0118.
00:22:35 | INFO: Draco encoder: Encoding mesh Canopy sprays 0119.
00:22:35 | INFO: Draco encoder: Encoding mesh Canopy sprays 0120.
00:22:35 | INFO: Draco encoder: Encoding mesh Canopy sprays 0121.
00:22:35 | INFO: Draco encoder: Encoding mesh Canopy sprays 0122.
00:22:35 | INFO: Draco encoder: Encoding mesh Canopy sprays 0123.
00:22:35 | INFO: Draco encoder: Encoding mesh Canopy sprays 0124.
00:22:35 | INFO: Draco encoder: Encoding mesh Canopy sprays 0125.
00:22:35 | INFO: Draco encoder: Encoding mesh Canopy sprays 0126.
00:22:35 | INFO: Draco encoder: Encoding mesh Canopy sprays 0127.
00:22:35 | INFO: Draco encoder: Encoding mesh Canopy sprays 0128.
00:22:35 | INFO: Draco encoder: Encoding mesh Canopy sprays 0129.
00:22:35 | INFO: Draco encoder: Encoding mesh Canopy sprays 0130.
00:22:35 | INFO: Draco encoder: Encoding mesh Canopy sprays 0131.
00:22:35 | INFO: Draco encoder: Encoding mesh Canopy sprays 0132.
00:22:35 | INFO: Draco encoder: Encoding mesh Canopy sprays 0133.
00:22:35 | INFO: Draco encoder: Encoding mesh Canopy sprays 0134.
00:22:35 | INFO: Draco encoder: Encoding mesh Canopy sprays 0135.
00:22:35 | INFO: Draco encoder: Encoding mesh Canopy sprays 0136.
00:22:35 | INFO: Draco encoder: Encoding mesh Canopy sprays 0137.
00:22:35 | INFO: Draco encoder: Encoding mesh Canopy sprays 0138.
00:22:35 | INFO: Draco encoder: Encoding mesh Canopy sprays 0139.
00:22:35 | INFO: Draco encoder: Encoding mesh Canopy sprays 0140.
00:22:35 | INFO: Draco encoder: Encoding mesh Canopy sprays 0141.
00:22:35 | INFO: Draco encoder: Encoding mesh Canopy sprays 0142.
00:22:35 | INFO: Draco encoder: Encoding mesh Canopy sprays 0143.
00:22:35 | INFO: Draco encoder: Encoding mesh Canopy sprays 0144.
00:22:35 | INFO: Draco encoder: Encoding mesh Canopy sprays 0145.
00:22:35 | INFO: Draco encoder: Encoding mesh Canopy sprays 0146.
00:22:35 | INFO: Draco encoder: Encoding mesh Canopy sprays 0147.
00:22:35 | INFO: Draco encoder: Encoding mesh Canopy sprays 0148.
00:22:35 | INFO: Draco encoder: Encoding mesh Canopy sprays 0149.
00:22:35 | INFO: Draco encoder: Encoding mesh Canopy sprays 0150.
00:22:35 | INFO: Draco encoder: Encoding mesh Canopy sprays 0151.
00:22:35 | INFO: Draco encoder: Encoding mesh Canopy sprays 0152.
00:22:35 | INFO: Draco encoder: Encoding mesh Canopy sprays 0153.
00:22:35 | INFO: Draco encoder: Encoding mesh Canopy sprays 0154.
00:22:35 | INFO: Draco encoder: Encoding mesh Canopy sprays 0155.
00:22:35 | INFO: Draco encoder: Encoding mesh Canopy sprays 0156.
00:22:35 | INFO: Draco encoder: Encoding mesh Canopy sprays 0157.
00:22:35 | INFO: Draco encoder: Encoding mesh Canopy sprays 0158.
00:22:35 | INFO: Draco encoder: Encoding mesh Canopy sprays 0159.
00:22:35 | INFO: Draco encoder: Encoding mesh Canopy sprays 0160.
00:22:35 | INFO: Draco encoder: Encoding mesh Canopy sprays 0161.
00:22:35 | INFO: Draco encoder: Encoding mesh Canopy sprays 0162.
00:22:35 | INFO: Draco encoder: Encoding mesh Canopy sprays 0163.
00:22:35 | INFO: Draco encoder: Encoding mesh Canopy sprays 0164.
00:22:35 | INFO: Draco encoder: Encoding mesh Canopy sprays 0165.
00:22:35 | INFO: Draco encoder: Encoding mesh Canopy sprays 0166.
00:22:35 | INFO: Draco encoder: Encoding mesh Canopy sprays 0167.
00:22:35 | INFO: Draco encoder: Encoding mesh Canopy sprays 0168.
00:22:35 | INFO: Draco encoder: Encoding mesh Canopy sprays 0169.
00:22:35 | INFO: Draco encoder: Encoding mesh Canopy sprays 0170.
00:22:35 | INFO: Draco encoder: Encoding mesh Canopy sprays 0171.
00:22:35 | INFO: Draco encoder: Encoding mesh Canopy sprays 0172.
00:22:35 | INFO: Draco encoder: Encoding mesh Canopy sprays 0173.
00:22:35 | INFO: Draco encoder: Encoding mesh Canopy sprays 0174.
00:22:35 | INFO: Draco encoder: Encoding mesh Canopy sprays 0175.
00:22:35 | INFO: Draco encoder: Encoding mesh Canopy sprays 0176.
00:22:35 | INFO: Draco encoder: Encoding mesh Canopy sprays 0177.
00:22:35 | INFO: Draco encoder: Encoding mesh Canopy sprays 0178.
00:22:35 | INFO: Draco encoder: Encoding mesh Canopy sprays 0179.
00:22:35 | INFO: Draco encoder: Encoding mesh Canopy sprays 0180.
00:22:35 | INFO: Draco encoder: Encoding mesh Canopy sprays 0181.
00:22:35 | INFO: Draco encoder: Encoding mesh Canopy sprays 0182.
00:22:35 | INFO: Draco encoder: Encoding mesh Canopy sprays 0183.
00:22:35 | INFO: Draco encoder: Encoding mesh Canopy sprays 0184.
00:22:35 | INFO: Draco encoder: Encoding mesh Canopy sprays 0185.
00:22:35 | INFO: Draco encoder: Encoding mesh Canopy sprays 0186.
00:22:35 | INFO: Draco encoder: Encoding mesh Canopy sprays 0187.
00:22:35 | INFO: Draco encoder: Encoding mesh Canopy sprays 0188.
00:22:35 | INFO: Draco encoder: Encoding mesh Canopy sprays 0189.
00:22:35 | INFO: Draco encoder: Encoding mesh Canopy sprays 0190.
00:22:35 | INFO: Draco encoder: Encoding mesh Canopy sprays 0191.
00:22:35 | INFO: Draco encoder: Encoding mesh Canopy sprays 0192.
00:22:35 | INFO: Draco encoder: Encoding mesh Canopy sprays 0193.
00:22:35 | INFO: Draco encoder: Encoding mesh Canopy sprays 0194.
00:22:35 | INFO: Draco encoder: Encoding mesh Canopy sprays 0195.
00:22:35 | INFO: Draco encoder: Encoding mesh Canopy sprays 0196.
00:22:35 | INFO: Draco encoder: Encoding mesh Canopy sprays 0197.
00:22:35 | INFO: Draco encoder: Encoding mesh Canopy sprays 0198.
00:22:35 | INFO: Draco encoder: Encoding mesh Canopy sprays 0199.
00:22:35 | INFO: Draco encoder: Encoding mesh Canopy sprays 0200.
00:22:35 | INFO: Draco encoder: Encoding mesh Canopy sprays 0201.
00:22:35 | INFO: Draco encoder: Encoding mesh Canopy sprays 0202.
00:22:35 | INFO: Draco encoder: Encoding mesh Canopy sprays 0203.
00:22:35 | INFO: Draco encoder: Encoding mesh Canopy sprays 0204.
00:22:35 | INFO: Draco encoder: Encoding mesh Canopy sprays 0205.
00:22:35 | INFO: Draco encoder: Encoding mesh Canopy sprays 0206.
00:22:35 | INFO: Draco encoder: Encoding mesh Canopy sprays 0207.
00:22:35 | INFO: Draco encoder: Encoding mesh Canopy sprays 0208.
00:22:35 | INFO: Draco encoder: Encoding mesh Canopy sprays 0209.
00:22:35 | INFO: Draco encoder: Encoding mesh Canopy sprays 0210.
00:22:35 | INFO: Draco encoder: Encoding mesh Canopy sprays 0211.
00:22:35 | INFO: Draco encoder: Encoding mesh Canopy sprays 0212.
00:22:35 | INFO: Draco encoder: Encoding mesh Canopy sprays 0213.
00:22:35 | INFO: Draco encoder: Encoding mesh Canopy sprays 0214.
00:22:35 | INFO: Draco encoder: Encoding mesh Canopy sprays 0215.
00:22:35 | INFO: Draco encoder: Encoding mesh Canopy sprays 0216.
00:22:35 | INFO: Draco encoder: Encoding mesh Canopy sprays 0217.
00:22:35 | INFO: Draco encoder: Encoding mesh Canopy sprays 0218.
00:22:35 | INFO: Draco encoder: Encoding mesh Canopy sprays 0219.
00:22:35 | INFO: Draco encoder: Encoding mesh Canopy sprays 0220.
00:22:35 | INFO: Draco encoder: Encoding mesh Canopy sprays 0221.
00:22:35 | INFO: Draco encoder: Encoding mesh Canopy sprays 0222.
00:22:35 | INFO: Draco encoder: Encoding mesh Canopy sprays 0223.
00:22:35 | INFO: Draco encoder: Encoding mesh Canopy sprays 0224.
00:22:35 | INFO: Draco encoder: Encoding mesh Canopy sprays 0225.
00:22:35 | INFO: Draco encoder: Encoding mesh Canopy sprays 0226.
00:22:35 | INFO: Draco encoder: Encoding mesh Canopy sprays 0227.
00:22:35 | INFO: Draco encoder: Encoding mesh Canopy sprays 0228.
00:22:35 | INFO: Draco encoder: Encoding mesh Canopy sprays 0229.
00:22:35 | INFO: Draco encoder: Encoding mesh Canopy sprays 0230.
00:22:35 | INFO: Draco encoder: Encoding mesh Canopy sprays 0231.
00:22:35 | INFO: Draco encoder: Encoding mesh Canopy sprays 0232.
00:22:35 | INFO: Draco encoder: Encoding mesh Canopy sprays 0233.
00:22:35 | INFO: Draco encoder: Encoding mesh Canopy sprays 0234.
00:22:35 | INFO: Draco encoder: Encoding mesh Canopy sprays 0235.
00:22:35 | INFO: Draco encoder: Encoding mesh Canopy sprays 0236.
00:22:35 | INFO: Draco encoder: Encoding mesh Canopy sprays 0237.
00:22:35 | INFO: Draco encoder: Encoding mesh Canopy sprays 0238.
00:22:35 | INFO: Draco encoder: Encoding mesh Canopy sprays 0239.
00:22:35 | INFO: Draco encoder: Encoding mesh Canopy sprays 0240.
00:22:35 | INFO: Draco encoder: Encoding mesh Canopy sprays 0241.
00:22:35 | INFO: Draco encoder: Encoding mesh Canopy sprays 0242.
00:22:35 | INFO: Draco encoder: Encoding mesh Canopy sprays 0243.
00:22:35 | INFO: Draco encoder: Encoding mesh Canopy sprays 0244.
00:22:35 | INFO: Draco encoder: Encoding mesh Canopy sprays 0245.
00:22:35 | INFO: Draco encoder: Encoding mesh Canopy sprays 0246.
00:22:35 | INFO: Draco encoder: Encoding mesh Canopy sprays 0247.
00:22:35 | INFO: Draco encoder: Encoding mesh Canopy sprays 0248.
00:22:35 | INFO: Draco encoder: Encoding mesh Canopy sprays 0249.
00:22:35 | INFO: Draco encoder: Encoding mesh Canopy sprays 0250.
00:22:35 | INFO: Draco encoder: Encoding mesh Canopy sprays 0251.
00:22:35 | INFO: Draco encoder: Encoding mesh Canopy sprays 0252.
00:22:35 | INFO: Draco encoder: Encoding mesh Canopy sprays 0253.
00:22:35 | INFO: Draco encoder: Encoding mesh Canopy sprays 0254.
00:22:35 | INFO: Draco encoder: Encoding mesh Canopy sprays 0255.
00:22:35 | INFO: Draco encoder: Encoding mesh Canopy sprays 0256.
00:22:35 | INFO: Draco encoder: Encoding mesh Canopy sprays 0257.
00:22:35 | INFO: Draco encoder: Encoding mesh Canopy sprays 0258.
00:22:35 | INFO: Draco encoder: Encoding mesh Canopy sprays 0259.
00:22:35 | INFO: Draco encoder: Encoding mesh Canopy sprays 0260.
00:22:35 | INFO: Draco encoder: Encoding mesh Canopy sprays 0261.
00:22:35 | INFO: Draco encoder: Encoding mesh Canopy sprays 0262.
00:22:35 | INFO: Draco encoder: Encoding mesh Canopy sprays 0263.
00:22:35 | INFO: Draco encoder: Encoding mesh Canopy sprays 0264.
00:22:35 | INFO: Draco encoder: Encoding mesh Canopy sprays 0265.
00:22:35 | INFO: Draco encoder: Encoding mesh Canopy sprays 0266.
00:22:35 | INFO: Draco encoder: Encoding mesh Canopy sprays 0267.
00:22:35 | INFO: Draco encoder: Encoding mesh Canopy sprays 0268.
00:22:35 | INFO: Draco encoder: Encoding mesh Canopy sprays 0269.
00:22:35 | INFO: Draco encoder: Encoding mesh Canopy sprays 0270.
00:22:35 | INFO: Draco encoder: Encoding mesh Canopy sprays 0271.
00:22:35 | INFO: Draco encoder: Encoding mesh Canopy sprays 0272.
00:22:35 | INFO: Draco encoder: Encoding mesh Canopy sprays 0273.
00:22:35 | INFO: Draco encoder: Encoding mesh Canopy sprays 0274.
00:22:35 | INFO: Draco encoder: Encoding mesh Canopy sprays 0275.
00:22:35 | INFO: Draco encoder: Encoding mesh Canopy sprays 0276.
00:22:35 | INFO: Draco encoder: Encoding mesh Canopy sprays 0277.
00:22:35 | INFO: Draco encoder: Encoding mesh Canopy sprays 0278.
00:22:35 | INFO: Draco encoder: Encoding mesh Canopy sprays 0279.
00:22:35 | INFO: Draco encoder: Encoding mesh Canopy sprays 0280.
00:22:35 | INFO: Draco encoder: Encoding mesh Canopy sprays 0281.
00:22:35 | INFO: Draco encoder: Encoding mesh Canopy sprays 0282.
00:22:35 | INFO: Draco encoder: Encoding mesh Canopy sprays 0283.
00:22:35 | INFO: Draco encoder: Encoding mesh Canopy sprays 0284.
00:22:35 | INFO: Draco encoder: Encoding mesh Canopy sprays 0285.
00:22:35 | INFO: Draco encoder: Encoding mesh Canopy sprays 0286.
00:22:35 | INFO: Draco encoder: Encoding mesh Canopy sprays 0287.
00:22:35 | INFO: Draco encoder: Encoding mesh Canopy sprays 0288.
00:22:35 | INFO: Draco encoder: Encoding mesh Canopy sprays 0289.
00:22:35 | INFO: Draco encoder: Encoding mesh Canopy sprays 0290.
00:22:35 | INFO: Draco encoder: Encoding mesh Canopy sprays 0291.
00:22:35 | INFO: Draco encoder: Encoding mesh Canopy sprays 0292.
00:22:35 | INFO: Draco encoder: Encoding mesh Canopy sprays 0293.
00:22:35 | INFO: Draco encoder: Encoding mesh Canopy sprays 0294.
00:22:35 | INFO: Draco encoder: Encoding mesh Canopy sprays 0295.
00:22:35 | INFO: Draco encoder: Encoding mesh Canopy sprays 0296.
00:22:35 | INFO: Draco encoder: Encoding mesh Canopy sprays 0297.
00:22:35 | INFO: Draco encoder: Encoding mesh Canopy sprays 0298.
00:22:35 | INFO: Draco encoder: Encoding mesh Canopy sprays 0299.
00:22:35 | INFO: Draco encoder: Encoding mesh Canopy sprays 0300.
00:22:35 | INFO: Draco encoder: Encoding mesh Canopy sprays 0301.
00:22:35 | INFO: Draco encoder: Encoding mesh Canopy sprays 0302.
00:22:35 | INFO: Draco encoder: Encoding mesh Canopy sprays 0303.
00:22:35 | INFO: Draco encoder: Encoding mesh Canopy sprays 0304.
00:22:35 | INFO: Draco encoder: Encoding mesh Canopy sprays 0305.
00:22:35 | INFO: Draco encoder: Encoding mesh Canopy sprays 0306.
00:22:35 | INFO: Draco encoder: Encoding mesh Canopy sprays 0307.
00:22:35 | INFO: Draco encoder: Encoding mesh Canopy sprays 0308.
00:22:35 | INFO: Draco encoder: Encoding mesh Canopy sprays 0309.
00:22:35 | INFO: Draco encoder: Encoding mesh Canopy sprays 0310.
00:22:35 | INFO: Draco encoder: Encoding mesh Canopy sprays 0311.
00:22:35 | INFO: Draco encoder: Encoding mesh Canopy sprays 0312.
00:22:35 | INFO: Draco encoder: Encoding mesh Canopy sprays 0313.
00:22:35 | INFO: Draco encoder: Encoding mesh Canopy sprays 0314.
00:22:35 | INFO: Draco encoder: Encoding mesh Canopy sprays 0315.
00:22:35 | INFO: Draco encoder: Encoding mesh Canopy sprays 0316.
00:22:35 | INFO: Draco encoder: Encoding mesh Canopy sprays 0317.
00:22:35 | INFO: Draco encoder: Encoding mesh Canopy sprays 0318.
00:22:35 | INFO: Draco encoder: Encoding mesh Canopy sprays 0319.
00:22:35 | INFO: Draco encoder: Encoding mesh Canopy sprays 0320.
00:22:35 | INFO: Draco encoder: Encoding mesh Canopy sprays 0321.
00:22:35 | INFO: Draco encoder: Encoding mesh Canopy sprays 0322.
00:22:35 | INFO: Draco encoder: Encoding mesh Canopy sprays 0323.
00:22:35 | INFO: Draco encoder: Encoding mesh Canopy sprays 0324.
00:22:35 | INFO: Draco encoder: Encoding mesh Canopy sprays 0325.
00:22:35 | INFO: Draco encoder: Encoding mesh Canopy sprays 0326.
00:22:35 | INFO: Draco encoder: Encoding mesh Canopy sprays 0327.
00:22:35 | INFO: Draco encoder: Encoding mesh Canopy sprays 0328.
00:22:35 | INFO: Draco encoder: Encoding mesh Canopy sprays 0329.
00:22:35 | INFO: Draco encoder: Encoding mesh Canopy sprays 0330.
00:22:35 | INFO: Draco encoder: Encoding mesh Canopy sprays 0331.
00:22:35 | INFO: Draco encoder: Encoding mesh Canopy sprays 0332.
00:22:35 | INFO: Draco encoder: Encoding mesh Canopy sprays 0333.
00:22:35 | INFO: Draco encoder: Encoding mesh Canopy sprays 0334.
00:22:35 | INFO: Draco encoder: Encoding mesh Canopy sprays 0335.
00:22:35 | INFO: Draco encoder: Encoding mesh Canopy sprays 0336.
00:22:35 | INFO: Draco encoder: Encoding mesh Canopy sprays 0337.
00:22:35 | INFO: Draco encoder: Encoding mesh Canopy sprays 0338.
00:22:35 | INFO: Draco encoder: Encoding mesh Canopy sprays 0339.
00:22:35 | INFO: Draco encoder: Encoding mesh Canopy sprays 0340.
00:22:35 | INFO: Draco encoder: Encoding mesh Canopy sprays 0341.
00:22:35 | INFO: Draco encoder: Encoding mesh Canopy sprays 0342.
00:22:35 | INFO: Draco encoder: Encoding mesh Canopy sprays 0343.
00:22:35 | INFO: Draco encoder: Encoding mesh Canopy sprays 0344.
00:22:35 | INFO: Draco encoder: Encoding mesh Canopy sprays 0345.
00:22:35 | INFO: Draco encoder: Encoding mesh Canopy sprays 0346.
00:22:35 | INFO: Draco encoder: Encoding mesh Canopy sprays 0347.
00:22:35 | INFO: Draco encoder: Encoding mesh Canopy sprays 0348.
00:22:35 | INFO: Draco encoder: Encoding mesh Canopy sprays 0349.
00:22:35 | INFO: Draco encoder: Encoding mesh Canopy sprays 0350.
00:22:35 | INFO: Draco encoder: Encoding mesh Canopy sprays 0351.
00:22:35 | INFO: Draco encoder: Encoding mesh Canopy sprays 0352.
00:22:35 | INFO: Draco encoder: Encoding mesh Canopy sprays 0353.
00:22:35 | INFO: Draco encoder: Encoding mesh Canopy sprays 0354.
00:22:35 | INFO: Draco encoder: Encoding mesh Canopy sprays 0355.
00:22:35 | INFO: Draco encoder: Encoding mesh Canopy sprays 0356.
00:22:35 | INFO: Draco encoder: Encoding mesh Canopy sprays 0357.
00:22:35 | INFO: Draco encoder: Encoding mesh Canopy sprays 0358.
00:22:35 | INFO: Draco encoder: Encoding mesh Canopy sprays 0359.
00:22:35 | INFO: Draco encoder: Encoding mesh Canopy sprays 0360.
00:22:35 | INFO: Draco encoder: Encoding mesh Canopy sprays 0361.
00:22:35 | INFO: Draco encoder: Encoding mesh Canopy sprays 0362.
00:22:35 | INFO: Draco encoder: Encoding mesh Canopy sprays 0363.
00:22:35 | INFO: Draco encoder: Encoding mesh Canopy sprays 0364.
00:22:35 | INFO: Draco encoder: Encoding mesh Canopy sprays 0365.
00:22:35 | INFO: Draco encoder: Encoding mesh Canopy sprays 0366.
00:22:35 | INFO: Draco encoder: Encoding mesh Canopy sprays 0367.
00:22:35 | INFO: Draco encoder: Encoding mesh Canopy sprays 0368.
00:22:35 | INFO: Draco encoder: Encoding mesh Canopy sprays 0369.
00:22:35 | INFO: Draco encoder: Encoding mesh Canopy sprays 0370.
00:22:35 | INFO: Draco encoder: Encoding mesh Canopy sprays 0371.
00:22:35 | INFO: Draco encoder: Encoding mesh Canopy sprays 0372.
00:22:35 | INFO: Draco encoder: Encoding mesh Canopy sprays 0373.
00:22:35 | INFO: Draco encoder: Encoding mesh Canopy sprays 0374.
00:22:35 | INFO: Draco encoder: Encoding mesh Canopy sprays 0375.
00:22:35 | INFO: Draco encoder: Encoding mesh Canopy sprays 0376.
00:22:35 | INFO: Draco encoder: Encoding mesh Canopy sprays 0377.
00:22:35 | INFO: Draco encoder: Encoding mesh Canopy sprays 0378.
00:22:35 | INFO: Draco encoder: Encoding mesh Canopy sprays 0379.
00:22:35 | INFO: Draco encoder: Encoding mesh Canopy sprays 0380.
00:22:35 | INFO: Draco encoder: Encoding mesh Canopy sprays 0381.
00:22:35 | INFO: Draco encoder: Encoding mesh Canopy sprays 0382.
00:22:35 | INFO: Draco encoder: Encoding mesh Canopy sprays 0383.
00:22:35 | INFO: Draco encoder: Encoding mesh Canopy sprays 0384.
00:22:35 | INFO: Draco encoder: Encoding mesh Canopy sprays 0385.
00:22:35 | INFO: Draco encoder: Encoding mesh Canopy sprays 0386.
00:22:35 | INFO: Draco encoder: Encoding mesh Canopy sprays 0387.
00:22:35 | INFO: Draco encoder: Encoding mesh Canopy sprays 0388.
00:22:35 | INFO: Draco encoder: Encoding mesh Canopy sprays 0389.
00:22:35 | INFO: Draco encoder: Encoding mesh Canopy sprays 0390.
00:22:35 | INFO: Draco encoder: Encoding mesh Canopy sprays 0391.
00:22:35 | INFO: Draco encoder: Encoding mesh Canopy sprays 0392.
00:22:35 | INFO: Draco encoder: Encoding mesh Canopy sprays 0393.
00:22:35 | INFO: Draco encoder: Encoding mesh Canopy sprays 0394.
00:22:35 | INFO: Draco encoder: Encoding mesh Canopy sprays 0395.
00:22:35 | INFO: Draco encoder: Encoding mesh Canopy sprays 0396.
00:22:35 | INFO: Draco encoder: Encoding mesh Canopy sprays 0397.
00:22:35 | INFO: Draco encoder: Encoding mesh Canopy sprays 0398.
00:22:35 | INFO: Draco encoder: Encoding mesh Canopy sprays 0399.
00:22:35 | INFO: Draco encoder: Encoding mesh Canopy sprays 0400.
00:22:35 | INFO: Draco encoder: Encoding mesh Canopy sprays 0401.
00:22:35 | INFO: Draco encoder: Encoding mesh Canopy sprays 0402.
00:22:35 | INFO: Draco encoder: Encoding mesh Canopy sprays 0403.
00:22:35 | INFO: Draco encoder: Encoding mesh Canopy sprays 0404.
00:22:35 | INFO: Draco encoder: Encoding mesh Canopy sprays 0405.
00:22:35 | INFO: Draco encoder: Encoding mesh Canopy sprays 0406.
00:22:35 | INFO: Draco encoder: Encoding mesh Canopy sprays 0407.
00:22:35 | INFO: Draco encoder: Encoding mesh Canopy sprays 0408.
00:22:35 | INFO: Draco encoder: Encoding mesh Canopy sprays 0409.
00:22:35 | INFO: Draco encoder: Encoding mesh Canopy sprays 0410.
00:22:35 | INFO: Draco encoder: Encoding mesh Canopy sprays 0411.
00:22:35 | INFO: Draco encoder: Encoding mesh Canopy sprays 0412.
00:22:35 | INFO: Draco encoder: Encoding mesh Canopy sprays 0413.
00:22:35 | INFO: Draco encoder: Encoding mesh Canopy sprays 0414.
00:22:35 | INFO: Draco encoder: Encoding mesh Canopy sprays 0415.
00:22:35 | INFO: Draco encoder: Encoding mesh Canopy sprays 0416.
00:22:35 | INFO: Draco encoder: Encoding mesh Canopy sprays 0417.
00:22:35 | INFO: Draco encoder: Encoding mesh Canopy sprays 0418.
00:22:35 | INFO: Draco encoder: Encoding mesh Canopy sprays 0419.
00:22:35 | INFO: Draco encoder: Encoding mesh Canopy sprays 0420.
00:22:35 | INFO: Draco encoder: Encoding mesh Canopy sprays 0421.
00:22:35 | INFO: Draco encoder: Encoding mesh Canopy sprays 0422.
00:22:35 | INFO: Draco encoder: Encoding mesh Canopy sprays 0423.
00:22:35 | INFO: Draco encoder: Encoding mesh Canopy sprays 0424.
00:22:35 | INFO: Draco encoder: Encoding mesh Canopy sprays 0425.
00:22:35 | INFO: Draco encoder: Encoding mesh Canopy sprays 0426.
00:22:35 | INFO: Draco encoder: Encoding mesh Canopy sprays 0427.
00:22:35 | INFO: Draco encoder: Encoding mesh Canopy sprays 0428.
00:22:35 | INFO: Draco encoder: Encoding mesh Canopy sprays 0429.
00:22:35 | INFO: Draco encoder: Encoding mesh Canopy sprays 0430.
00:22:35 | INFO: Draco encoder: Encoding mesh Canopy sprays 0431.
00:22:35 | INFO: Draco encoder: Encoding mesh Canopy sprays 0432.
00:22:35 | INFO: Draco encoder: Encoding mesh Canopy sprays 0433.
00:22:35 | INFO: Draco encoder: Encoding mesh Canopy sprays 0434.
00:22:35 | INFO: Draco encoder: Encoding mesh Canopy sprays 0435.
00:22:35 | INFO: Draco encoder: Encoding mesh Canopy sprays 0436.
00:22:35 | INFO: Draco encoder: Encoding mesh Canopy sprays 0437.
00:22:35 | INFO: Draco encoder: Encoding mesh Canopy sprays 0438.
00:22:35 | INFO: Draco encoder: Encoding mesh Canopy sprays 0439.
00:22:35 | INFO: Draco encoder: Encoding mesh Canopy sprays 0440.
00:22:35 | INFO: Draco encoder: Encoding mesh Canopy sprays 0441.
00:22:35 | INFO: Draco encoder: Encoding mesh Canopy sprays 0442.
00:22:35 | INFO: Draco encoder: Encoding mesh Canopy sprays 0443.
00:22:35 | INFO: Draco encoder: Encoding mesh Canopy sprays 0444.
00:22:35 | INFO: Draco encoder: Encoding mesh Canopy sprays 0445.
00:22:35 | INFO: Draco encoder: Encoding mesh Canopy sprays 0446.
00:22:35 | INFO: Draco encoder: Encoding mesh Canopy sprays 0447.
00:22:35 | INFO: Draco encoder: Encoding mesh Canopy sprays 0448.
00:22:35 | INFO: Draco encoder: Encoding mesh Canopy sprays 0449.
00:22:35 | INFO: Draco encoder: Encoding mesh Canopy sprays 0450.
00:22:35 | INFO: Draco encoder: Encoding mesh Canopy sprays 0451.
00:22:35 | INFO: Draco encoder: Encoding mesh Canopy sprays 0452.
00:22:35 | INFO: Draco encoder: Encoding mesh Canopy sprays 0453.
00:22:35 | INFO: Draco encoder: Encoding mesh Canopy sprays 0454.
00:22:35 | INFO: Draco encoder: Encoding mesh Canopy sprays 0455.
00:22:35 | INFO: Draco encoder: Encoding mesh Canopy sprays 0456.
00:22:35 | INFO: Draco encoder: Encoding mesh Canopy sprays 0457.
00:22:35 | INFO: Draco encoder: Encoding mesh Canopy sprays 0458.
00:22:35 | INFO: Draco encoder: Encoding mesh Canopy sprays 0459.
00:22:35 | INFO: Draco encoder: Encoding mesh Canopy sprays 0460.
00:22:35 | INFO: Draco encoder: Encoding mesh Canopy sprays 0461.
00:22:35 | INFO: Draco encoder: Encoding mesh Canopy sprays 0462.
00:22:35 | INFO: Draco encoder: Encoding mesh Canopy sprays 0463.
00:22:35 | INFO: Draco encoder: Encoding mesh Canopy sprays 0464.
00:22:35 | INFO: Draco encoder: Encoding mesh Canopy sprays 0465.
00:22:35 | INFO: Draco encoder: Encoding mesh Canopy sprays 0466.
00:22:35 | INFO: Draco encoder: Encoding mesh Canopy sprays 0467.
00:22:35 | INFO: Draco encoder: Encoding mesh Canopy sprays 0468.
00:22:35 | INFO: Draco encoder: Encoding mesh Canopy sprays 0469.
00:22:35 | INFO: Draco encoder: Encoding mesh Canopy sprays 0470.
00:22:35 | INFO: Draco encoder: Encoding mesh Canopy sprays 0471.
00:22:35 | INFO: Draco encoder: Encoding mesh Canopy sprays 0472.
00:22:35 | INFO: Draco encoder: Encoding mesh Canopy sprays 0473.
00:22:35 | INFO: Draco encoder: Encoding mesh Canopy sprays 0474.
00:22:35 | INFO: Draco encoder: Encoding mesh Canopy sprays 0475.
00:22:35 | INFO: Draco encoder: Encoding mesh Canopy sprays 0476.
00:22:35 | INFO: Draco encoder: Encoding mesh Canopy sprays 0477.
00:22:35 | INFO: Draco encoder: Encoding mesh Canopy sprays 0478.
00:22:35 | INFO: Draco encoder: Encoding mesh Canopy sprays 0479.
00:22:35 | INFO: Draco encoder: Encoding mesh Canopy sprays 0480.
00:22:35 | INFO: Draco encoder: Encoding mesh Canopy sprays 0481.
00:22:35 | INFO: Draco encoder: Encoding mesh Canopy sprays 0482.
00:22:35 | INFO: Draco encoder: Encoding mesh Canopy sprays 0483.
00:22:35 | INFO: Draco encoder: Encoding mesh Canopy sprays 0484.
00:22:35 | INFO: Draco encoder: Encoding mesh Canopy sprays 0485.
00:22:35 | INFO: Draco encoder: Encoding mesh Canopy sprays 0486.
00:22:35 | INFO: Draco encoder: Encoding mesh Canopy sprays 0487.
00:22:35 | INFO: Draco encoder: Encoding mesh Canopy sprays 0488.
00:22:35 | INFO: Draco encoder: Encoding mesh Canopy sprays 0489.
00:22:35 | INFO: Draco encoder: Encoding mesh Canopy sprays 0490.
00:22:35 | INFO: Draco encoder: Encoding mesh Canopy sprays 0491.
00:22:35 | INFO: Draco encoder: Encoding mesh Canopy sprays 0492.
00:22:35 | INFO: Draco encoder: Encoding mesh Canopy sprays 0493.
00:22:35 | INFO: Draco encoder: Encoding mesh Canopy sprays 0494.
00:22:35 | INFO: Draco encoder: Encoding mesh Canopy sprays 0495.
00:22:35 | INFO: Draco encoder: Encoding mesh Canopy sprays 0496.
00:22:35 | INFO: Draco encoder: Encoding mesh Canopy sprays 0497.
00:22:35 | INFO: Draco encoder: Encoding mesh Canopy sprays 0498.
00:22:35 | INFO: Draco encoder: Encoding mesh Canopy sprays 0499.
00:22:35 | INFO: Draco encoder: Encoding mesh Canopy sprays 0500.
00:22:35 | INFO: Draco encoder: Encoding mesh Canopy sprays 0501.
00:22:35 | INFO: Draco encoder: Encoding mesh Canopy sprays 0502.
00:22:35 | INFO: Draco encoder: Encoding mesh Canopy sprays 0503.
00:22:35 | INFO: Draco encoder: Encoding mesh Canopy sprays 0504.
00:22:35 | INFO: Draco encoder: Encoding mesh Canopy sprays 0505.
00:22:35 | INFO: Draco encoder: Encoding mesh Canopy sprays 0506.
00:22:35 | INFO: Draco encoder: Encoding mesh Canopy sprays 0507.
00:22:35 | INFO: Draco encoder: Encoding mesh Canopy sprays 0508.
00:22:35 | INFO: Draco encoder: Encoding mesh Canopy sprays 0509.
00:22:35 | INFO: Draco encoder: Encoding mesh Canopy sprays 0510.
00:22:35 | INFO: Draco encoder: Encoding mesh Canopy sprays 0511.
00:22:35 | INFO: Draco encoder: Encoding mesh Canopy sprays 0512.
00:22:35 | INFO: Draco encoder: Encoding mesh Canopy sprays 0513.
00:22:35 | INFO: Draco encoder: Encoding mesh Canopy sprays 0514.
00:22:35 | INFO: Draco encoder: Encoding mesh Canopy sprays 0515.
00:22:35 | INFO: Draco encoder: Encoding mesh Canopy sprays 0516.
00:22:35 | INFO: Draco encoder: Encoding mesh Canopy sprays 0517.
00:22:35 | INFO: Draco encoder: Encoding mesh Canopy sprays 0518.
00:22:35 | INFO: Draco encoder: Encoding mesh Canopy sprays 0519.
00:22:35 | INFO: Draco encoder: Encoding mesh Canopy sprays 0520.
00:22:35 | INFO: Draco encoder: Encoding mesh Canopy sprays 0521.
00:22:35 | INFO: Draco encoder: Encoding mesh Canopy sprays 0522.
00:22:35 | INFO: Draco encoder: Encoding mesh Canopy sprays 0523.
00:22:35 | INFO: Draco encoder: Encoding mesh Canopy sprays 0524.
00:22:35 | INFO: Draco encoder: Encoding mesh Canopy sprays 0525.
00:22:35 | INFO: Draco encoder: Encoding mesh Canopy sprays 0526.
00:22:35 | INFO: Draco encoder: Encoding mesh Canopy sprays 0527.
00:22:35 | INFO: Draco encoder: Encoding mesh Canopy sprays 0528.
00:22:35 | INFO: Draco encoder: Encoding mesh Canopy sprays 0529.
00:22:35 | INFO: Draco encoder: Encoding mesh Canopy sprays 0530.
00:22:35 | INFO: Draco encoder: Encoding mesh Canopy sprays 0531.
00:22:35 | INFO: Draco encoder: Encoding mesh Canopy sprays 0532.
00:22:35 | INFO: Draco encoder: Encoding mesh Canopy sprays 0533.
00:22:35 | INFO: Draco encoder: Encoding mesh Canopy sprays 0534.
00:22:35 | INFO: Draco encoder: Encoding mesh Canopy sprays 0535.
00:22:35 | INFO: Draco encoder: Encoding mesh Canopy sprays 0536.
00:22:35 | INFO: Draco encoder: Encoding mesh Canopy sprays 0537.
00:22:35 | INFO: Draco encoder: Encoding mesh Canopy sprays 0538.
00:22:35 | INFO: Draco encoder: Encoding mesh Canopy sprays 0539.
00:22:35 | INFO: Draco encoder: Encoding mesh Canopy sprays 0540.
00:22:35 | INFO: Draco encoder: Encoding mesh Canopy sprays 0541.
00:22:35 | INFO: Draco encoder: Encoding mesh Canopy sprays 0542.
00:22:35 | INFO: Draco encoder: Encoding mesh Canopy sprays 0543.
00:22:35 | INFO: Draco encoder: Encoding mesh Canopy sprays 0544.
00:22:35 | INFO: Draco encoder: Encoding mesh Canopy sprays 0545.
00:22:35 | INFO: Draco encoder: Encoding mesh Canopy sprays 0546.
00:22:35 | INFO: Draco encoder: Encoding mesh Canopy sprays 0547.
00:22:35 | INFO: Draco encoder: Encoding mesh Canopy sprays 0548.
00:22:35 | INFO: Draco encoder: Encoding mesh Canopy sprays 0549.
00:22:35 | INFO: Draco encoder: Encoding mesh Canopy sprays 0550.
00:22:35 | INFO: Draco encoder: Encoding mesh Canopy sprays 0551.
00:22:35 | INFO: Draco encoder: Encoding mesh Canopy sprays 0552.
00:22:35 | INFO: Draco encoder: Encoding mesh Canopy sprays 0553.
00:22:35 | INFO: Draco encoder: Encoding mesh Canopy sprays 0554.
00:22:35 | INFO: Draco encoder: Encoding mesh Canopy sprays 0555.
00:22:35 | INFO: Draco encoder: Encoding mesh Canopy sprays 0556.
00:22:35 | INFO: Draco encoder: Encoding mesh Canopy sprays 0557.
00:22:35 | INFO: Draco encoder: Encoding mesh Canopy sprays 0558.
00:22:35 | INFO: Draco encoder: Encoding mesh Canopy sprays 0559.
00:22:35 | INFO: Draco encoder: Encoding mesh Canopy sprays 0560.
00:22:35 | INFO: Draco encoder: Encoding mesh Canopy sprays 0561.
00:22:35 | INFO: Draco encoder: Encoding mesh Canopy sprays 0562.
00:22:35 | INFO: Draco encoder: Encoding mesh Canopy sprays 0563.
00:22:35 | INFO: Draco encoder: Encoding mesh Canopy sprays 0564.
00:22:35 | INFO: Draco encoder: Encoding mesh Canopy sprays 0565.
00:22:35 | INFO: Draco encoder: Encoding mesh Canopy sprays 0566.
00:22:35 | INFO: Draco encoder: Encoding mesh Canopy sprays 0567.
00:22:35 | INFO: Draco encoder: Encoding mesh Canopy sprays 0568.
00:22:35 | INFO: Draco encoder: Encoding mesh Canopy sprays 0569.
00:22:35 | INFO: Draco encoder: Encoding mesh Canopy sprays 0570.
00:22:35 | INFO: Draco encoder: Encoding mesh Canopy sprays 0571.
00:22:35 | INFO: Draco encoder: Encoding mesh Canopy sprays 0572.
00:22:35 | INFO: Draco encoder: Encoding mesh Canopy sprays 0573.
00:22:35 | INFO: Draco encoder: Encoding mesh Canopy sprays 0574.
00:22:35 | INFO: Draco encoder: Encoding mesh Canopy sprays 0575.
00:22:35 | INFO: Draco encoder: Encoding mesh Canopy sprays 0576.
00:22:35 | INFO: Draco encoder: Encoding mesh Canopy sprays 0577.
00:22:35 | INFO: Draco encoder: Encoding mesh Canopy sprays 0578.
00:22:35 | INFO: Draco encoder: Encoding mesh Canopy sprays 0579.
00:22:35 | INFO: Draco encoder: Encoding mesh Canopy sprays 0580.
00:22:35 | INFO: Draco encoder: Encoding mesh Canopy sprays 0581.
00:22:35 | INFO: Draco encoder: Encoding mesh Canopy sprays 0582.
00:22:35 | INFO: Draco encoder: Encoding mesh Canopy sprays 0583.
00:22:35 | INFO: Draco encoder: Encoding mesh Canopy sprays 0584.
00:22:35 | INFO: Draco encoder: Encoding mesh Canopy sprays 0585.
00:22:35 | INFO: Draco encoder: Encoding mesh Canopy sprays 0586.
00:22:35 | INFO: Draco encoder: Encoding mesh Canopy sprays 0587.
00:22:35 | INFO: Draco encoder: Encoding mesh Canopy sprays 0588.
00:22:35 | INFO: Draco encoder: Encoding mesh Canopy sprays 0589.
00:22:35 | INFO: Draco encoder: Encoding mesh Canopy sprays 0590.
00:22:35 | INFO: Draco encoder: Encoding mesh Canopy sprays 0591.
00:22:35 | INFO: Draco encoder: Encoding mesh Canopy sprays 0592.
00:22:35 | INFO: Draco encoder: Encoding mesh Canopy sprays 0593.
00:22:35 | INFO: Draco encoder: Encoding mesh Canopy sprays 0594.
00:22:35 | INFO: Draco encoder: Encoding mesh Canopy sprays 0595.
00:22:35 | INFO: Draco encoder: Encoding mesh Canopy sprays 0596.
00:22:35 | INFO: Draco encoder: Encoding mesh Canopy sprays 0597.
00:22:35 | INFO: Draco encoder: Encoding mesh Canopy sprays 0598.
00:22:35 | INFO: Draco encoder: Encoding mesh Canopy sprays 0599.
00:22:35 | INFO: Draco encoder: Encoding mesh Canopy sprays 0600.
00:22:35 | INFO: Draco encoder: Encoding mesh Canopy sprays 0601.
00:22:35 | INFO: Draco encoder: Encoding mesh Canopy sprays 0602.
00:22:35 | INFO: Draco encoder: Encoding mesh Canopy sprays 0603.
00:22:35 | INFO: Draco encoder: Encoding mesh Canopy sprays 0604.
00:22:35 | INFO: Draco encoder: Encoding mesh Canopy sprays 0605.
00:22:35 | INFO: Draco encoder: Encoding mesh Canopy sprays 0606.
00:22:35 | INFO: Draco encoder: Encoding mesh Canopy sprays 0607.
00:22:35 | INFO: Draco encoder: Encoding mesh Canopy sprays 0608.
00:22:35 | INFO: Draco encoder: Encoding mesh Canopy sprays 0609.
00:22:35 | INFO: Draco encoder: Encoding mesh Canopy sprays 0610.
00:22:35 | INFO: Draco encoder: Encoding mesh Canopy sprays 0611.
00:22:35 | INFO: Draco encoder: Encoding mesh Canopy sprays 0612.
00:22:35 | INFO: Draco encoder: Encoding mesh Canopy sprays 0613.
00:22:35 | INFO: Draco encoder: Encoding mesh Canopy sprays 0614.
00:22:35 | INFO: Draco encoder: Encoding mesh Canopy sprays 0615.
00:22:35 | INFO: Draco encoder: Encoding mesh Canopy sprays 0616.
00:22:35 | INFO: Draco encoder: Encoding mesh Canopy sprays 0617.
00:22:35 | INFO: Draco encoder: Encoding mesh Canopy sprays 0618.
00:22:35 | INFO: Draco encoder: Encoding mesh Canopy sprays 0619.
00:22:35 | INFO: Draco encoder: Encoding mesh Canopy sprays 0620.
00:22:35 | INFO: Draco encoder: Encoding mesh Canopy sprays 0621.
00:22:35 | INFO: Draco encoder: Encoding mesh Canopy sprays 0622.
00:22:35 | INFO: Draco encoder: Encoding mesh Canopy sprays 0623.
00:22:35 | INFO: Draco encoder: Encoding mesh Canopy sprays 0624.
00:22:35 | INFO: Draco encoder: Encoding mesh Canopy sprays 0625.
00:22:35 | INFO: Draco encoder: Encoding mesh Canopy sprays 0626.
00:22:35 | INFO: Draco encoder: Encoding mesh Canopy sprays 0627.
00:22:35 | INFO: Draco encoder: Encoding mesh Canopy sprays 0628.
00:22:35 | INFO: Draco encoder: Encoding mesh Canopy sprays 0629.
00:22:35 | INFO: Draco encoder: Encoding mesh Canopy sprays 0630.
00:22:35 | INFO: Draco encoder: Encoding mesh Canopy sprays 0631.
00:22:35 | INFO: Draco encoder: Encoding mesh Canopy sprays 0632.
00:22:35 | INFO: Draco encoder: Encoding mesh Canopy sprays 0633.
00:22:35 | INFO: Draco encoder: Encoding mesh Canopy sprays 0634.
00:22:35 | INFO: Draco encoder: Encoding mesh Canopy sprays 0635.
00:22:35 | INFO: Draco encoder: Encoding mesh Canopy sprays 0636.
00:22:35 | INFO: Draco encoder: Encoding mesh Canopy sprays 0637.
00:22:35 | INFO: Draco encoder: Encoding mesh Canopy sprays 0638.
00:22:35 | INFO: Draco encoder: Encoding mesh Canopy sprays 0639.
00:22:35 | INFO: Draco encoder: Encoding mesh Canopy sprays 0640.
00:22:35 | INFO: Draco encoder: Encoding mesh Canopy sprays 0641.
00:22:35 | INFO: Draco encoder: Encoding mesh Canopy sprays 0642.
00:22:35 | INFO: Draco encoder: Encoding mesh Canopy sprays 0643.
00:22:35 | INFO: Draco encoder: Encoding mesh Canopy sprays 0644.
00:22:35 | INFO: Draco encoder: Encoding mesh Canopy sprays 0645.
00:22:35 | INFO: Draco encoder: Encoding mesh Canopy sprays 0646.
00:22:35 | INFO: Draco encoder: Encoding mesh Canopy sprays 0647.
00:22:35 | INFO: Draco encoder: Encoding mesh Canopy sprays 0648.
00:22:35 | INFO: Draco encoder: Encoding mesh Canopy sprays 0649.
00:22:35 | INFO: Draco encoder: Encoding mesh Canopy sprays 0650.
00:22:35 | INFO: Draco encoder: Encoding mesh Canopy sprays 0651.
00:22:35 | INFO: Draco encoder: Encoding mesh Canopy sprays 0652.
00:22:35 | INFO: Draco encoder: Encoding mesh Canopy sprays 0653.
00:22:35 | INFO: Draco encoder: Encoding mesh Canopy sprays 0654.
00:22:35 | INFO: Draco encoder: Encoding mesh Canopy sprays 0655.
00:22:35 | INFO: Draco encoder: Encoding mesh Canopy sprays 0656.
00:22:35 | INFO: Draco encoder: Encoding mesh Canopy sprays 0657.
00:22:35 | INFO: Draco encoder: Encoding mesh Canopy sprays 0658.
00:22:35 | INFO: Draco encoder: Encoding mesh Canopy sprays 0659.
00:22:35 | INFO: Draco encoder: Encoding mesh Canopy sprays 0660.
00:22:35 | INFO: Draco encoder: Encoding mesh Canopy sprays 0661.
00:22:35 | INFO: Draco encoder: Encoding mesh Canopy sprays 0662.
00:22:35 | INFO: Draco encoder: Encoding mesh Canopy sprays 0663.
00:22:35 | INFO: Draco encoder: Encoding mesh Canopy sprays 0664.
00:22:35 | INFO: Draco encoder: Encoding mesh Canopy sprays 0665.
00:22:35 | INFO: Draco encoder: Encoding mesh Canopy sprays 0666.
00:22:35 | INFO: Draco encoder: Encoding mesh Canopy sprays 0667.
00:22:35 | INFO: Draco encoder: Encoding mesh Canopy sprays 0668.
00:22:35 | INFO: Draco encoder: Encoding mesh Canopy sprays 0669.
00:22:35 | INFO: Draco encoder: Encoding mesh Canopy sprays 0670.
00:22:35 | INFO: Draco encoder: Encoding mesh Canopy sprays 0671.
00:22:35 | INFO: Draco encoder: Encoding mesh Canopy sprays 0672.
00:22:35 | INFO: Draco encoder: Encoding mesh Canopy sprays 0673.
00:22:35 | INFO: Draco encoder: Encoding mesh Canopy sprays 0674.
00:22:35 | INFO: Draco encoder: Encoding mesh Canopy sprays 0675.
00:22:35 | INFO: Draco encoder: Encoding mesh Canopy sprays 0676.
00:22:35 | INFO: Draco encoder: Encoding mesh Canopy sprays 0677.
00:22:35 | INFO: Draco encoder: Encoding mesh Canopy sprays 0678.
00:22:35 | INFO: Draco encoder: Encoding mesh Canopy sprays 0679.
00:22:35 | INFO: Draco encoder: Encoding mesh Canopy sprays 0680.
00:22:35 | INFO: Draco encoder: Encoding mesh Canopy sprays 0681.
00:22:35 | INFO: Draco encoder: Encoding mesh Canopy sprays 0682.
00:22:35 | INFO: Draco encoder: Encoding mesh Canopy sprays 0683.
00:22:35 | INFO: Draco encoder: Encoding mesh Canopy sprays 0684.
00:22:35 | INFO: Draco encoder: Encoding mesh Canopy sprays 0685.
00:22:35 | INFO: Draco encoder: Encoding mesh Canopy sprays 0686.
00:22:35 | INFO: Draco encoder: Encoding mesh Canopy sprays 0687.
00:22:35 | INFO: Draco encoder: Encoding mesh Canopy sprays 0688.
00:22:35 | INFO: Draco encoder: Encoding mesh Canopy sprays 0689.
00:22:35 | INFO: Draco encoder: Encoding mesh Canopy sprays 0690.
00:22:35 | INFO: Draco encoder: Encoding mesh Canopy sprays 0691.
00:22:35 | INFO: Draco encoder: Encoding mesh Canopy sprays 0692.
00:22:35 | INFO: Draco encoder: Encoding mesh Canopy sprays 0693.
00:22:35 | INFO: Draco encoder: Encoding mesh Canopy sprays 0694.
00:22:35 | INFO: Draco encoder: Encoding mesh Canopy sprays 0695.
00:22:35 | INFO: Draco encoder: Encoding mesh Canopy sprays 0696.
00:22:35 | INFO: Draco encoder: Encoding mesh Canopy sprays 0697.
00:22:35 | INFO: Draco encoder: Encoding mesh Canopy sprays 0698.
00:22:35 | INFO: Draco encoder: Encoding mesh Canopy sprays 0699.
00:22:35 | INFO: Draco encoder: Encoding mesh Canopy sprays 0700.
00:22:35 | INFO: Draco encoder: Encoding mesh Canopy sprays 0701.
00:22:35 | INFO: Draco encoder: Encoding mesh Canopy sprays 0702.
00:22:35 | INFO: Draco encoder: Encoding mesh Canopy sprays 0703.
00:22:35 | INFO: Draco encoder: Encoding mesh Canopy sprays 0704.
00:22:35 | INFO: Draco encoder: Encoding mesh Canopy sprays 0705.
00:22:35 | INFO: Draco encoder: Encoding mesh Canopy sprays 0706.
00:22:35 | INFO: Draco encoder: Encoding mesh Canopy sprays 0707.
00:22:35 | INFO: Draco encoder: Encoding mesh Canopy sprays 0708.
00:22:35 | INFO: Draco encoder: Encoding mesh Canopy sprays 0709.
00:22:35 | INFO: Draco encoder: Encoding mesh Canopy sprays 0710.
00:22:35 | INFO: Draco encoder: Encoding mesh Canopy sprays 0711.
00:22:35 | INFO: Draco encoder: Encoding mesh Canopy sprays 0712.
00:22:35 | INFO: Draco encoder: Encoding mesh Canopy sprays 0713.
00:22:35 | INFO: Draco encoder: Encoding mesh Canopy sprays 0714.
00:22:35 | INFO: Draco encoder: Encoding mesh Canopy sprays 0715.
00:22:35 | INFO: Draco encoder: Encoding mesh Canopy sprays 0716.
00:22:35 | INFO: Draco encoder: Encoding mesh Canopy sprays 0717.
00:22:35 | INFO: Draco encoder: Encoding mesh Canopy sprays 0718.
00:22:35 | INFO: Draco encoder: Encoding mesh Canopy sprays 0719.
00:22:35 | INFO: Draco encoder: Encoding mesh Canopy sprays 0720.
00:22:35 | INFO: Draco encoder: Encoding mesh Canopy sprays 0721.
00:22:35 | INFO: Draco encoder: Encoding mesh Canopy sprays 0722.
00:22:35 | INFO: Draco encoder: Encoding mesh Canopy sprays 0723.
00:22:35 | INFO: Draco encoder: Encoding mesh Canopy sprays 0724.
00:22:35 | INFO: Draco encoder: Encoding mesh Canopy sprays 0725.
00:22:35 | INFO: Draco encoder: Encoding mesh Canopy sprays 0726.
00:22:35 | INFO: Draco encoder: Encoding mesh Canopy sprays 0727.
00:22:35 | INFO: Draco encoder: Encoding mesh Canopy sprays 0728.
00:22:35 | INFO: Draco encoder: Encoding mesh Canopy sprays 0729.
00:22:35 | INFO: Draco encoder: Encoding mesh Canopy sprays 0730.
00:22:35 | INFO: Draco encoder: Encoding mesh Canopy sprays 0731.
00:22:35 | INFO: Draco encoder: Encoding mesh Canopy sprays 0732.
00:22:35 | INFO: Draco encoder: Encoding mesh Canopy sprays 0733.
00:22:35 | INFO: Draco encoder: Encoding mesh Canopy sprays 0734.
00:22:35 | INFO: Draco encoder: Encoding mesh Canopy sprays 0735.
00:22:35 | INFO: Draco encoder: Encoding mesh Canopy sprays 0736.
00:22:35 | INFO: Draco encoder: Encoding mesh Canopy sprays 0737.
00:22:35 | INFO: Draco encoder: Encoding mesh Canopy sprays 0738.
00:22:35 | INFO: Draco encoder: Encoding mesh Canopy sprays 0739.
00:22:35 | INFO: Draco encoder: Encoding mesh Canopy sprays 0740.
00:22:35 | INFO: Draco encoder: Encoding mesh Canopy sprays 0741.
00:22:35 | INFO: Draco encoder: Encoding mesh Canopy sprays 0742.
00:22:35 | INFO: Draco encoder: Encoding mesh Canopy sprays 0743.
00:22:35 | INFO: Draco encoder: Encoding mesh Canopy sprays 0744.
00:22:35 | INFO: Draco encoder: Encoding mesh Canopy sprays 0745.
00:22:35 | INFO: Draco encoder: Encoding mesh Canopy sprays 0746.
00:22:35 | INFO: Draco encoder: Encoding mesh Canopy sprays 0747.
00:22:35 | INFO: Draco encoder: Encoding mesh Canopy sprays 0748.
00:22:35 | INFO: Draco encoder: Encoding mesh Canopy sprays 0749.
00:22:35 | INFO: Draco encoder: Encoding mesh Canopy sprays 0750.
00:22:35 | INFO: Draco encoder: Encoding mesh Canopy sprays 0751.
00:22:35 | INFO: Draco encoder: Encoding mesh Canopy sprays 0752.
00:22:35 | INFO: Draco encoder: Encoding mesh Canopy sprays 0753.
00:22:35 | INFO: Draco encoder: Encoding mesh Canopy sprays 0754.
00:22:35 | INFO: Draco encoder: Encoding mesh Canopy sprays 0755.
00:22:35 | INFO: Draco encoder: Encoding mesh Canopy sprays 0756.
00:22:35 | INFO: Draco encoder: Encoding mesh Canopy sprays 0757.
00:22:35 | INFO: Draco encoder: Encoding mesh Canopy sprays 0758.
00:22:35 | INFO: Draco encoder: Encoding mesh Canopy sprays 0759.
00:22:35 | INFO: Draco encoder: Encoding mesh Canopy sprays 0760.
00:22:35 | INFO: Draco encoder: Encoding mesh Canopy sprays 0761.
00:22:35 | INFO: Draco encoder: Encoding mesh Canopy sprays 0762.
00:22:35 | INFO: Draco encoder: Encoding mesh Canopy sprays 0763.
00:22:35 | INFO: Draco encoder: Encoding mesh Canopy sprays 0764.
00:22:35 | INFO: Draco encoder: Encoding mesh Canopy sprays 0765.
00:22:35 | INFO: Draco encoder: Encoding mesh Canopy sprays 0766.
00:22:35 | INFO: Draco encoder: Encoding mesh Canopy sprays 0767.
00:22:35 | INFO: Draco encoder: Encoding mesh Canopy sprays 0768.
00:22:35 | INFO: Draco encoder: Encoding mesh Canopy sprays 0769.
00:22:35 | INFO: Draco encoder: Encoding mesh Canopy sprays 0770.
00:22:35 | INFO: Draco encoder: Encoding mesh Canopy sprays 0771.
00:22:35 | INFO: Draco encoder: Encoding mesh Canopy sprays 0772.
00:22:35 | INFO: Draco encoder: Encoding mesh Canopy sprays 0773.
00:22:35 | INFO: Draco encoder: Encoding mesh Canopy sprays 0774.
00:22:35 | INFO: Draco encoder: Encoding mesh Canopy sprays 0775.
00:22:35 | INFO: Draco encoder: Encoding mesh Canopy sprays 0776.
00:22:35 | INFO: Draco encoder: Encoding mesh Canopy sprays 0777.
00:22:35 | INFO: Draco encoder: Encoding mesh Canopy sprays 0778.
00:22:35 | INFO: Draco encoder: Encoding mesh Canopy sprays 0779.
00:22:35 | INFO: Draco encoder: Encoding mesh Canopy sprays 0780.
00:22:35 | INFO: Draco encoder: Encoding mesh Canopy sprays 0781.
00:22:35 | INFO: Draco encoder: Encoding mesh Canopy sprays 0782.
00:22:35 | INFO: Draco encoder: Encoding mesh Canopy sprays 0783.
00:22:35 | INFO: Draco encoder: Encoding mesh Canopy sprays 0784.
00:22:35 | INFO: Draco encoder: Encoding mesh Canopy sprays 0785.
00:22:35 | INFO: Draco encoder: Encoding mesh Canopy sprays 0786.
00:22:35 | INFO: Draco encoder: Encoding mesh Canopy sprays 0787.
00:22:35 | INFO: Draco encoder: Encoding mesh Canopy sprays 0788.
00:22:35 | INFO: Draco encoder: Encoding mesh Canopy sprays 0789.
00:22:35 | INFO: Draco encoder: Encoding mesh Canopy sprays 0790.
00:22:35 | INFO: Draco encoder: Encoding mesh Canopy sprays 0791.
00:22:35 | INFO: Draco encoder: Encoding mesh Canopy sprays 0792.
00:22:35 | INFO: Draco encoder: Encoding mesh Canopy sprays 0793.
00:22:35 | INFO: Draco encoder: Encoding mesh Canopy sprays 0794.
00:22:35 | INFO: Draco encoder: Encoding mesh Canopy sprays 0795.
00:22:35 | INFO: Draco encoder: Encoding mesh Canopy sprays 0796.
00:22:35 | INFO: Draco encoder: Encoding mesh Canopy sprays 0797.
00:22:35 | INFO: Draco encoder: Encoding mesh Canopy sprays 0798.
00:22:35 | INFO: Draco encoder: Encoding mesh Canopy sprays 0799.
00:22:35 | INFO: Draco encoder: Encoding mesh Canopy sprays 0800.
00:22:35 | INFO: Draco encoder: Encoding mesh Canopy sprays 0801.
00:22:35 | INFO: Draco encoder: Encoding mesh Canopy sprays 0802.
00:22:35 | INFO: Draco encoder: Encoding mesh Canopy sprays 0803.
00:22:35 | INFO: Draco encoder: Encoding mesh Canopy sprays 0804.
00:22:35 | INFO: Draco encoder: Encoding mesh Canopy sprays 0805.
00:22:35 | INFO: Draco encoder: Encoding mesh Canopy sprays 0806.
00:22:35 | INFO: Draco encoder: Encoding mesh Canopy sprays 0807.
00:22:35 | INFO: Draco encoder: Encoding mesh Canopy sprays 0808.
00:22:35 | INFO: Draco encoder: Encoding mesh Canopy sprays 0809.
00:22:35 | INFO: Draco encoder: Encoding mesh Canopy sprays 0810.
00:22:35 | INFO: Draco encoder: Encoding mesh Canopy sprays 0811.
00:22:35 | INFO: Draco encoder: Encoding mesh Canopy sprays 0812.
00:22:35 | INFO: Draco encoder: Encoding mesh Canopy sprays 0813.
00:22:35 | INFO: Draco encoder: Encoding mesh Canopy sprays 0814.
00:22:35 | INFO: Draco encoder: Encoding mesh Canopy sprays 0815.
00:22:35 | INFO: Draco encoder: Encoding mesh Canopy sprays 0816.
00:22:35 | INFO: Draco encoder: Encoding mesh Canopy sprays 0817.
00:22:35 | INFO: Draco encoder: Encoding mesh Canopy sprays 0818.
00:22:35 | INFO: Draco encoder: Encoding mesh Canopy sprays 0819.
00:22:35 | INFO: Draco encoder: Encoding mesh Canopy sprays 0820.
00:22:35 | INFO: Draco encoder: Encoding mesh Canopy sprays 0821.
00:22:35 | INFO: Draco encoder: Encoding mesh Canopy sprays 0822.
00:22:35 | INFO: Draco encoder: Encoding mesh Canopy sprays 0823.
00:22:35 | INFO: Draco encoder: Encoding mesh Canopy sprays 0824.
00:22:35 | INFO: Draco encoder: Encoding mesh Canopy sprays 0825.
00:22:35 | INFO: Draco encoder: Encoding mesh Canopy sprays 0826.
00:22:35 | INFO: Draco encoder: Encoding mesh Canopy sprays 0827.
00:22:35 | INFO: Draco encoder: Encoding mesh Canopy sprays 0828.
00:22:35 | INFO: Draco encoder: Encoding mesh Canopy sprays 0829.
00:22:35 | INFO: Draco encoder: Encoding mesh Canopy sprays 0830.
00:22:35 | INFO: Draco encoder: Encoding mesh Canopy sprays 0831.
00:22:35 | INFO: Draco encoder: Encoding mesh Canopy sprays 0832.
00:22:35 | INFO: Draco encoder: Encoding mesh Canopy sprays 0833.
00:22:35 | INFO: Draco encoder: Encoding mesh Canopy sprays 0834.
00:22:35 | INFO: Draco encoder: Encoding mesh Canopy sprays 0835.
00:22:35 | INFO: Draco encoder: Encoding mesh Canopy sprays 0836.
00:22:35 | INFO: Draco encoder: Encoding mesh Canopy sprays 0837.
00:22:35 | INFO: Draco encoder: Encoding mesh Canopy sprays 0838.
00:22:35 | INFO: Draco encoder: Encoding mesh Canopy sprays 0839.
00:22:35 | INFO: Draco encoder: Encoding mesh Canopy sprays 0840.
00:22:35 | INFO: Draco encoder: Encoding mesh Canopy sprays 0841.
00:22:35 | INFO: Draco encoder: Encoding mesh Canopy sprays 0842.
00:22:35 | INFO: Draco encoder: Encoding mesh Canopy sprays 0843.
00:22:35 | INFO: Draco encoder: Encoding mesh Canopy sprays 0844.
00:22:35 | INFO: Draco encoder: Encoding mesh Canopy sprays 0845.
00:22:35 | INFO: Draco encoder: Encoding mesh Canopy sprays 0846.
00:22:35 | INFO: Draco encoder: Encoding mesh Canopy sprays 0847.
00:22:35 | INFO: Draco encoder: Encoding mesh Canopy sprays 0848.
00:22:35 | INFO: Draco encoder: Encoding mesh Canopy sprays 0849.
00:22:35 | INFO: Draco encoder: Encoding mesh Canopy sprays 0850.
00:22:35 | INFO: Draco encoder: Encoding mesh Canopy sprays 0851.
00:22:35 | INFO: Draco encoder: Encoding mesh Canopy sprays 0852.
00:22:35 | INFO: Draco encoder: Encoding mesh Canopy sprays 0853.
00:22:35 | INFO: Draco encoder: Encoding mesh Canopy sprays 0854.
00:22:35 | INFO: Draco encoder: Encoding mesh Canopy sprays 0855.
00:22:35 | INFO: Draco encoder: Encoding mesh Canopy sprays 0856.
00:22:35 | INFO: Draco encoder: Encoding mesh Canopy sprays 0857.
00:22:35 | INFO: Draco encoder: Encoding mesh Canopy sprays 0858.
00:22:35 | INFO: Draco encoder: Encoding mesh Canopy sprays 0859.
00:22:35 | INFO: Draco encoder: Encoding mesh Canopy sprays 0860.
00:22:35 | INFO: Draco encoder: Encoding mesh Canopy sprays 0861.
00:22:35 | INFO: Draco encoder: Encoding mesh Canopy sprays 0862.
00:22:35 | INFO: Draco encoder: Encoding mesh Canopy sprays 0863.
00:22:35 | INFO: Draco encoder: Encoding mesh Canopy sprays 0864.
00:22:35 | INFO: Draco encoder: Encoding mesh Canopy sprays 0865.
00:22:35 | INFO: Draco encoder: Encoding mesh Canopy sprays 0866.
00:22:35 | INFO: Draco encoder: Encoding mesh Canopy sprays 0867.
00:22:35 | INFO: Draco encoder: Encoding mesh Canopy sprays 0868.
00:22:35 | INFO: Draco encoder: Encoding mesh Canopy sprays 0869.
00:22:35 | INFO: Draco encoder: Encoding mesh Canopy sprays 0870.
00:22:35 | INFO: Draco encoder: Encoding mesh Canopy sprays 0871.
00:22:35 | INFO: Draco encoder: Encoding mesh Canopy sprays 0872.
00:22:35 | INFO: Draco encoder: Encoding mesh Canopy sprays 0873.
00:22:35 | INFO: Draco encoder: Encoding mesh Canopy sprays 0874.
00:22:35 | INFO: Draco encoder: Encoding mesh Canopy sprays 0875.
00:22:35 | INFO: Draco encoder: Encoding mesh Canopy sprays 0876.
00:22:35 | INFO: Draco encoder: Encoding mesh Canopy sprays 0877.
00:22:35 | INFO: Draco encoder: Encoding mesh Canopy sprays 0878.
00:22:35 | INFO: Draco encoder: Encoding mesh Canopy sprays 0879.
00:22:35 | INFO: Draco encoder: Encoding mesh Canopy sprays 0880.
00:22:35 | INFO: Draco encoder: Encoding mesh Canopy sprays 0881.
00:22:35 | INFO: Draco encoder: Encoding mesh Canopy sprays 0882.
00:22:35 | INFO: Draco encoder: Encoding mesh Canopy sprays 0883.
00:22:35 | INFO: Draco encoder: Encoding mesh Canopy sprays 0884.
00:22:35 | INFO: Draco encoder: Encoding mesh Canopy sprays 0885.
00:22:35 | INFO: Draco encoder: Encoding mesh Canopy sprays 0886.
00:22:35 | INFO: Draco encoder: Encoding mesh Canopy sprays 0887.
00:22:35 | INFO: Draco encoder: Encoding mesh Canopy sprays 0888.
00:22:35 | INFO: Draco encoder: Encoding mesh Canopy sprays 0889.
00:22:35 | INFO: Draco encoder: Encoding mesh Canopy sprays 0890.
00:22:35 | INFO: Draco encoder: Encoding mesh Canopy sprays 0891.
00:22:35 | INFO: Draco encoder: Encoding mesh Canopy sprays 0892.
00:22:35 | INFO: Draco encoder: Encoding mesh Canopy sprays 0893.
00:22:35 | INFO: Draco encoder: Encoding mesh Canopy sprays 0894.
00:22:35 | INFO: Draco encoder: Encoding mesh Canopy sprays 0895.
00:22:35 | INFO: Draco encoder: Encoding mesh Canopy sprays 0896.
00:22:35 | INFO: Draco encoder: Encoding mesh Canopy sprays 0897.
00:22:35 | INFO: Draco encoder: Encoding mesh Canopy sprays 0898.
00:22:35 | INFO: Draco encoder: Encoding mesh Canopy sprays 0899.
00:22:35 | INFO: Draco encoder: Encoding mesh Canopy sprays 0900.
00:22:35 | INFO: Draco encoder: Encoding mesh Canopy sprays 0901.
00:22:35 | INFO: Draco encoder: Encoding mesh Canopy sprays 0902.
00:22:35 | INFO: Draco encoder: Encoding mesh Canopy sprays 0903.
00:22:35 | INFO: Draco encoder: Encoding mesh Canopy sprays 0904.
00:22:35 | INFO: Draco encoder: Encoding mesh Canopy sprays 0905.
00:22:35 | INFO: Draco encoder: Encoding mesh Canopy sprays 0906.
00:22:35 | INFO: Draco encoder: Encoding mesh Canopy sprays 0907.
00:22:35 | INFO: Draco encoder: Encoding mesh Canopy sprays 0908.
00:22:35 | INFO: Draco encoder: Encoding mesh Canopy sprays 0909.
00:22:35 | INFO: Draco encoder: Encoding mesh Canopy sprays 0910.
00:22:35 | INFO: Draco encoder: Encoding mesh Canopy sprays 0911.
00:22:35 | INFO: Draco encoder: Encoding mesh Canopy sprays 0912.
00:22:35 | INFO: Draco encoder: Encoding mesh Canopy sprays 0913.
00:22:35 | INFO: Draco encoder: Encoding mesh Canopy sprays 0914.
00:22:35 | INFO: Draco encoder: Encoding mesh Canopy sprays 0915.
00:22:35 | INFO: Draco encoder: Encoding mesh Canopy sprays 0916.
00:22:35 | INFO: Draco encoder: Encoding mesh Canopy sprays 0917.
00:22:35 | INFO: Draco encoder: Encoding mesh Canopy sprays 0918.
00:22:35 | INFO: Draco encoder: Encoding mesh Canopy sprays 0919.
00:22:35 | INFO: Draco encoder: Encoding mesh Canopy sprays 0920.
00:22:35 | INFO: Draco encoder: Encoding mesh Canopy sprays 0921.
00:22:35 | INFO: Draco encoder: Encoding mesh Canopy sprays 0922.
00:22:35 | INFO: Draco encoder: Encoding mesh Canopy sprays 0923.
00:22:35 | INFO: Draco encoder: Encoding mesh Canopy sprays 0924.
00:22:35 | INFO: Draco encoder: Encoding mesh Canopy sprays 0925.
00:22:35 | INFO: Draco encoder: Encoding mesh Canopy sprays 0926.
00:22:35 | INFO: Draco encoder: Encoding mesh Canopy sprays 0927.
00:22:35 | INFO: Draco encoder: Encoding mesh Canopy sprays 0928.
00:22:35 | INFO: Draco encoder: Encoding mesh Canopy sprays 0929.
00:22:35 | INFO: Draco encoder: Encoding mesh Canopy sprays 0930.
00:22:35 | INFO: Draco encoder: Encoding mesh Canopy sprays 0931.
00:22:35 | INFO: Draco encoder: Encoding mesh Canopy sprays 0932.
00:22:35 | INFO: Draco encoder: Encoding mesh Canopy sprays 0933.
00:22:35 | INFO: Draco encoder: Encoding mesh Canopy sprays 0934.
00:22:35 | INFO: Draco encoder: Encoding mesh Canopy sprays 0935.
00:22:35 | INFO: Draco encoder: Encoding mesh Canopy sprays 0936.
00:22:35 | INFO: Draco encoder: Encoding mesh Canopy sprays 0937.
00:22:35 | INFO: Draco encoder: Encoding mesh Canopy sprays 0938.
00:22:35 | INFO: Draco encoder: Encoding mesh Canopy sprays 0939.
00:22:35 | INFO: Draco encoder: Encoding mesh Canopy sprays 0940.
00:22:35 | INFO: Draco encoder: Encoding mesh Canopy sprays 0941.
00:22:35 | INFO: Draco encoder: Encoding mesh Canopy sprays 0942.
00:22:35 | INFO: Draco encoder: Encoding mesh Canopy sprays 0943.
00:22:35 | INFO: Draco encoder: Encoding mesh Canopy sprays 0944.
00:22:35 | INFO: Draco encoder: Encoding mesh Canopy sprays 0945.
00:22:35 | INFO: Draco encoder: Encoding mesh Canopy sprays 0946.
00:22:35 | INFO: Draco encoder: Encoding mesh Canopy sprays 0947.
00:22:35 | INFO: Draco encoder: Encoding mesh Canopy sprays 0948.
00:22:35 | INFO: Draco encoder: Encoding mesh Canopy sprays 0949.
00:22:35 | INFO: Draco encoder: Encoding mesh Canopy sprays 0950.
00:22:35 | INFO: Draco encoder: Encoding mesh Canopy sprays 0951.
00:22:35 | INFO: Draco encoder: Encoding mesh Canopy sprays 0952.
00:22:35 | INFO: Draco encoder: Encoding mesh Canopy sprays 0953.
00:22:35 | INFO: Draco encoder: Encoding mesh Canopy sprays 0954.
00:22:35 | INFO: Draco encoder: Encoding mesh Canopy sprays 0955.
00:22:35 | INFO: Draco encoder: Encoding mesh Canopy sprays 0956.
00:22:35 | INFO: Draco encoder: Encoding mesh Canopy sprays 0957.
00:22:35 | INFO: Draco encoder: Encoding mesh Canopy sprays 0958.
00:22:35 | INFO: Draco encoder: Encoding mesh Canopy sprays 0959.
00:22:35 | INFO: Draco encoder: Encoding mesh Canopy sprays 0960.
00:22:35 | INFO: Draco encoder: Encoding mesh Canopy sprays 0961.
00:22:35 | INFO: Draco encoder: Encoding mesh Canopy sprays 0962.
00:22:35 | INFO: Draco encoder: Encoding mesh Canopy sprays 0963.
00:22:35 | INFO: Draco encoder: Encoding mesh Canopy sprays 0964.
00:22:35 | INFO: Draco encoder: Encoding mesh Canopy sprays 0965.
00:22:35 | INFO: Draco encoder: Encoding mesh Canopy sprays 0966.
00:22:35 | INFO: Draco encoder: Encoding mesh Canopy sprays 0967.
00:22:35 | INFO: Draco encoder: Encoding mesh Canopy sprays 0968.
00:22:35 | INFO: Draco encoder: Encoding mesh Canopy sprays 0969.
00:22:35 | INFO: Draco encoder: Encoding mesh Canopy sprays 0970.
00:22:35 | INFO: Draco encoder: Encoding mesh Canopy sprays 0971.
00:22:35 | INFO: Draco encoder: Encoding mesh Canopy sprays 0972.
00:22:35 | INFO: Draco encoder: Encoding mesh Canopy sprays 0973.
00:22:35 | INFO: Draco encoder: Encoding mesh Canopy sprays 0974.
00:22:35 | INFO: Draco encoder: Encoding mesh Canopy sprays 0975.
00:22:35 | INFO: Draco encoder: Encoding mesh Canopy sprays 0976.
00:22:35 | INFO: Draco encoder: Encoding mesh Canopy sprays 0977.
00:22:35 | INFO: Draco encoder: Encoding mesh Canopy sprays 0978.
00:22:35 | INFO: Draco encoder: Encoding mesh Canopy sprays 0979.
00:22:35 | INFO: Draco encoder: Encoding mesh Canopy sprays 0980.
00:22:35 | INFO: Draco encoder: Encoding mesh Canopy sprays 0981.
00:22:35 | INFO: Draco encoder: Encoding mesh Canopy sprays 0982.
00:22:35 | INFO: Draco encoder: Encoding mesh Canopy sprays 0983.
00:22:35 | INFO: Draco encoder: Encoding mesh Canopy sprays 0984.
00:22:35 | INFO: Draco encoder: Encoding mesh Canopy sprays 0985.
00:22:35 | INFO: Draco encoder: Encoding mesh Canopy sprays 0986.
00:22:35 | INFO: Draco encoder: Encoding mesh Canopy sprays 0987.
00:22:35 | INFO: Draco encoder: Encoding mesh Canopy sprays 0988.
00:22:35 | INFO: Draco encoder: Encoding mesh Canopy sprays 0989.
00:22:35 | INFO: Draco encoder: Encoding mesh Canopy sprays 0990.
00:22:35 | INFO: Draco encoder: Encoding mesh Canopy sprays 0991.
00:22:35 | INFO: Draco encoder: Encoding mesh Canopy sprays 0992.
00:22:35 | INFO: Draco encoder: Encoding mesh Canopy sprays 0993.
00:22:35 | INFO: Draco encoder: Encoding mesh Canopy sprays 0994.
00:22:35 | INFO: Draco encoder: Encoding mesh Canopy sprays 0995.
00:22:35 | INFO: Draco encoder: Encoding mesh Canopy sprays 0996.
00:22:35 | INFO: Draco encoder: Encoding mesh Canopy sprays 0997.
00:22:35 | INFO: Draco encoder: Encoding mesh Canopy sprays 0998.
00:22:35 | INFO: Draco encoder: Encoding mesh Canopy sprays 0999.
00:22:35 | INFO: Draco encoder: Encoding mesh Canopy sprays 1000.
00:22:35 | INFO: Draco encoder: Encoding mesh Canopy sprays 1001.
00:22:35 | INFO: Draco encoder: Encoding mesh Canopy sprays 1002.
00:22:35 | INFO: Draco encoder: Encoding mesh Canopy sprays 1003.
00:22:35 | INFO: Draco encoder: Encoding mesh Canopy sprays 1004.
00:22:35 | INFO: Draco encoder: Encoding mesh Canopy sprays 1005.
00:22:35 | INFO: Draco encoder: Encoding mesh Canopy sprays 1006.
00:22:35 | INFO: Draco encoder: Encoding mesh Canopy sprays 1007.
00:22:35 | INFO: Draco encoder: Encoding mesh Canopy sprays 1008.
00:22:35 | INFO: Draco encoder: Encoding mesh Canopy sprays 1009.
00:22:35 | INFO: Draco encoder: Encoding mesh Canopy sprays 1010.
00:22:35 | INFO: Draco encoder: Encoding mesh Canopy sprays 1011.
00:22:35 | INFO: Draco encoder: Encoding mesh Canopy sprays 1012.
00:22:35 | INFO: Draco encoder: Encoding mesh Canopy sprays 1013.
00:22:35 | INFO: Draco encoder: Encoding mesh Canopy sprays 1014.
00:22:35 | INFO: Draco encoder: Encoding mesh Canopy sprays 1015.
00:22:35 | INFO: Draco encoder: Encoding mesh Canopy sprays 1016.
00:22:35 | INFO: Draco encoder: Encoding mesh Canopy sprays 1017.
00:22:35 | INFO: Draco encoder: Encoding mesh Canopy sprays 1018.
00:22:35 | INFO: Draco encoder: Encoding mesh Canopy sprays 1019.
00:22:35 | INFO: Draco encoder: Encoding mesh Canopy sprays 1020.
00:22:35 | INFO: Draco encoder: Encoding mesh Canopy sprays 1021.
00:22:35 | INFO: Draco encoder: Encoding mesh Canopy sprays 1022.
00:22:35 | INFO: Draco encoder: Encoding mesh Canopy sprays 1023.
00:22:35 | INFO: Draco encoder: Encoding mesh Canopy sprays 1024.
00:22:35 | INFO: Draco encoder: Encoding mesh Canopy sprays 1025.
00:22:35 | INFO: Draco encoder: Encoding mesh Canopy sprays 1026.
00:22:35 | INFO: Draco encoder: Encoding mesh Canopy sprays 1027.
00:22:35 | INFO: Draco encoder: Encoding mesh Canopy sprays 1028.
00:22:35 | INFO: Draco encoder: Encoding mesh Canopy sprays 1029.
00:22:35 | INFO: Draco encoder: Encoding mesh Canopy sprays 1030.
00:22:35 | INFO: Draco encoder: Encoding mesh Canopy sprays 1031.
00:22:35 | INFO: Draco encoder: Encoding mesh Canopy sprays 1032.
00:22:35 | INFO: Draco encoder: Encoding mesh Canopy sprays 1033.
00:22:35 | INFO: Draco encoder: Encoding mesh Canopy sprays 1034.
00:22:35 | INFO: Draco encoder: Encoding mesh Canopy sprays 1035.
00:22:35 | INFO: Draco encoder: Encoding mesh Canopy sprays 1036.
00:22:35 | INFO: Draco encoder: Encoding mesh Canopy sprays 1037.
00:22:35 | INFO: Draco encoder: Encoding mesh Canopy sprays 1038.
00:22:35 | INFO: Draco encoder: Encoding mesh Canopy sprays 1039.
00:22:35 | INFO: Draco encoder: Encoding mesh Canopy sprays 1040.
00:22:35 | INFO: Draco encoder: Encoding mesh Canopy sprays 1041.
00:22:35 | INFO: Draco encoder: Encoding mesh Canopy sprays 1042.
00:22:35 | INFO: Draco encoder: Encoding mesh Canopy sprays 1043.
00:22:35 | INFO: Draco encoder: Encoding mesh Canopy sprays 1044.
00:22:35 | INFO: Draco encoder: Encoding mesh Canopy sprays 1045.
00:22:35 | INFO: Draco encoder: Encoding mesh Canopy sprays 1046.
00:22:35 | INFO: Draco encoder: Encoding mesh Canopy sprays 1047.
00:22:35 | INFO: Draco encoder: Encoding mesh Canopy sprays 1048.
00:22:35 | INFO: Draco encoder: Encoding mesh Canopy sprays 1049.
00:22:35 | INFO: Draco encoder: Encoding mesh Canopy sprays 1050.
00:22:35 | INFO: Draco encoder: Encoding mesh Canopy sprays 1051.
00:22:35 | INFO: Draco encoder: Encoding mesh Canopy sprays 1052.
00:22:35 | INFO: Draco encoder: Encoding mesh Canopy sprays 1053.
00:22:35 | INFO: Draco encoder: Encoding mesh Canopy sprays 1054.
00:22:35 | INFO: Draco encoder: Encoding mesh Canopy sprays 1055.
00:22:35 | INFO: Draco encoder: Encoding mesh Canopy sprays 1056.
00:22:35 | INFO: Draco encoder: Encoding mesh Canopy sprays 1057.
00:22:35 | INFO: Draco encoder: Encoding mesh Canopy sprays 1058.
00:22:35 | INFO: Draco encoder: Encoding mesh Canopy sprays 1059.
00:22:35 | INFO: Draco encoder: Encoding mesh Canopy sprays 1060.
00:22:35 | INFO: Draco encoder: Encoding mesh Canopy sprays 1061.
00:22:35 | INFO: Draco encoder: Encoding mesh Canopy sprays 1062.
00:22:35 | INFO: Draco encoder: Encoding mesh Canopy sprays 1063.
00:22:35 | INFO: Draco encoder: Encoding mesh Canopy sprays 1064.
00:22:35 | INFO: Draco encoder: Encoding mesh Canopy sprays 1065.
00:22:35 | INFO: Draco encoder: Encoding mesh Canopy sprays 1066.
00:22:35 | INFO: Draco encoder: Encoding mesh Canopy sprays 1067.
00:22:35 | INFO: Draco encoder: Encoding mesh Canopy sprays 1068.
00:22:35 | INFO: Draco encoder: Encoding mesh Canopy sprays 1069.
00:22:35 | INFO: Draco encoder: Encoding mesh Canopy sprays 1070.
00:22:35 | INFO: Draco encoder: Encoding mesh Canopy sprays 1071.
00:22:35 | INFO: Draco encoder: Encoding mesh Canopy sprays 1072.
00:22:35 | INFO: Draco encoder: Encoding mesh Canopy sprays 1073.
00:22:35 | INFO: Draco encoder: Encoding mesh Canopy sprays 1074.
00:22:35 | INFO: Draco encoder: Encoding mesh Canopy sprays 1075.
00:22:35 | INFO: Draco encoder: Encoding mesh Canopy sprays 1076.
00:22:35 | INFO: Draco encoder: Encoding mesh Canopy sprays 1077.
00:22:35 | INFO: Draco encoder: Encoding mesh Canopy sprays 1078.
00:22:35 | INFO: Draco encoder: Encoding mesh Canopy sprays 1079.
00:22:35 | INFO: Draco encoder: Encoding mesh Canopy sprays 1080.
00:22:35 | INFO: Draco encoder: Encoding mesh Canopy sprays 1081.
00:22:35 | INFO: Draco encoder: Encoding mesh Canopy sprays 1082.
00:22:35 | INFO: Draco encoder: Encoding mesh Canopy sprays 1083.
00:22:35 | INFO: Draco encoder: Encoding mesh Canopy sprays 1084.
00:22:35 | INFO: Draco encoder: Encoding mesh Canopy sprays 1085.
00:22:35 | INFO: Draco encoder: Encoding mesh Canopy sprays 1086.
00:22:35 | INFO: Draco encoder: Encoding mesh Canopy sprays 1087.
00:22:35 | INFO: Draco encoder: Encoding mesh Canopy sprays 1088.
00:22:35 | INFO: Draco encoder: Encoding mesh Canopy sprays 1089.
00:22:35 | INFO: Draco encoder: Encoding mesh Canopy sprays 1090.
00:22:35 | INFO: Draco encoder: Encoding mesh Canopy sprays 1091.
00:22:35 | INFO: Draco encoder: Encoding mesh Canopy sprays 1092.
00:22:35 | INFO: Draco encoder: Encoding mesh Canopy sprays 1093.
00:22:35 | INFO: Draco encoder: Encoding mesh Canopy sprays 1094.
00:22:35 | INFO: Draco encoder: Encoding mesh Canopy sprays 1095.
00:22:35 | INFO: Draco encoder: Encoding mesh Canopy sprays 1096.
00:22:35 | INFO: Draco encoder: Encoding mesh Canopy sprays 1097.
00:22:35 | INFO: Draco encoder: Encoding mesh Canopy sprays 1098.
00:22:35 | INFO: Draco encoder: Encoding mesh Canopy sprays 1099.
00:22:35 | INFO: Draco encoder: Encoding mesh Canopy sprays 1100.
00:22:35 | INFO: Draco encoder: Encoding mesh Canopy sprays 1101.
00:22:35 | INFO: Draco encoder: Encoding mesh Canopy sprays 1102.
00:22:35 | INFO: Draco encoder: Encoding mesh Canopy sprays 1103.
00:22:35 | INFO: Draco encoder: Encoding mesh Canopy sprays 1104.
00:22:35 | INFO: Draco encoder: Encoding mesh Canopy sprays 1105.
00:22:35 | INFO: Draco encoder: Encoding mesh Canopy sprays 1106.
00:22:35 | INFO: Draco encoder: Encoding mesh Canopy sprays 1107.
00:22:35 | INFO: Draco encoder: Encoding mesh Canopy sprays 1108.
00:22:35 | INFO: Draco encoder: Encoding mesh Canopy sprays 1109.
00:22:35 | INFO: Draco encoder: Encoding mesh Canopy sprays 1110.
00:22:35 | INFO: Draco encoder: Encoding mesh Canopy sprays 1111.
00:22:35 | INFO: Draco encoder: Encoding mesh Canopy sprays 1112.
00:22:35 | INFO: Draco encoder: Encoding mesh Canopy sprays 1113.
00:22:35 | INFO: Draco encoder: Encoding mesh Canopy sprays 1114.
00:22:35 | INFO: Draco encoder: Encoding mesh Canopy sprays 1115.
00:22:35 | INFO: Draco encoder: Encoding mesh Canopy sprays 1116.
00:22:35 | INFO: Draco encoder: Encoding mesh Canopy sprays 1117.
00:22:35 | INFO: Draco encoder: Encoding mesh Canopy sprays 1118.
00:22:35 | INFO: Draco encoder: Encoding mesh Canopy sprays 1119.
00:22:35 | INFO: Draco encoder: Encoding mesh Canopy sprays 1120.
00:22:35 | INFO: Draco encoder: Encoding mesh Canopy sprays 1121.
00:22:35 | INFO: Draco encoder: Encoding mesh Canopy sprays 1122.
00:22:35 | INFO: Draco encoder: Encoding mesh Canopy sprays 1123.
00:22:35 | INFO: Draco encoder: Encoding mesh Canopy sprays 1124.
00:22:35 | INFO: Draco encoder: Encoding mesh Canopy sprays 1125.
00:22:35 | INFO: Draco encoder: Encoding mesh Canopy sprays 1126.
00:22:35 | INFO: Draco encoder: Encoding mesh Canopy sprays 1127.
00:22:35 | INFO: Draco encoder: Encoding mesh Canopy sprays 1128.
00:22:35 | INFO: Draco encoder: Encoding mesh Canopy sprays 1129.
00:22:35 | INFO: Draco encoder: Encoding mesh Canopy sprays 1130.
00:22:35 | INFO: Draco encoder: Encoding mesh Canopy sprays 1131.
00:22:35 | INFO: Draco encoder: Encoding mesh Canopy sprays 1132.
00:22:35 | INFO: Draco encoder: Encoding mesh Canopy sprays 1133.
00:22:35 | INFO: Draco encoder: Encoding mesh Canopy sprays 1134.
00:22:35 | INFO: Draco encoder: Encoding mesh Canopy sprays 1135.
00:22:35 | INFO: Draco encoder: Encoding mesh Canopy sprays 1136.
00:22:35 | INFO: Draco encoder: Encoding mesh Canopy sprays 1137.
00:22:35 | INFO: Draco encoder: Encoding mesh Canopy sprays 1138.
00:22:35 | INFO: Draco encoder: Encoding mesh Canopy sprays 1139.
00:22:35 | INFO: Draco encoder: Encoding mesh Canopy sprays 1140.
00:22:35 | INFO: Draco encoder: Encoding mesh Canopy sprays 1141.
00:22:35 | INFO: Draco encoder: Encoding mesh Canopy sprays 1142.
00:22:35 | INFO: Draco encoder: Encoding mesh Canopy sprays 1143.
00:22:35 | INFO: Draco encoder: Encoding mesh Canopy sprays 1144.
00:22:35 | INFO: Draco encoder: Encoding mesh Canopy sprays 1145.
00:22:35 | INFO: Draco encoder: Encoding mesh Canopy sprays 1146.
00:22:35 | INFO: Draco encoder: Encoding mesh Canopy sprays 1147.
00:22:35 | INFO: Draco encoder: Encoding mesh Canopy sprays 1148.
00:22:35 | INFO: Draco encoder: Encoding mesh Canopy sprays 1149.
00:22:35 | INFO: Draco encoder: Encoding mesh Canopy sprays 1150.
00:22:35 | INFO: Draco encoder: Encoding mesh Canopy sprays 1151.
00:22:35 | INFO: Draco encoder: Encoding mesh Canopy sprays 1152.
00:22:35 | INFO: Draco encoder: Encoding mesh Canopy sprays 1153.
00:22:35 | INFO: Draco encoder: Encoding mesh Canopy sprays 1154.
00:22:35 | INFO: Draco encoder: Encoding mesh Canopy sprays 1155.
00:22:35 | INFO: Draco encoder: Encoding mesh Canopy sprays 1156.
00:22:35 | INFO: Draco encoder: Encoding mesh Canopy sprays 1157.
00:22:35 | INFO: Draco encoder: Encoding mesh Canopy sprays 1158.
00:22:35 | INFO: Draco encoder: Encoding mesh Canopy sprays 1159.
00:22:35 | INFO: Draco encoder: Encoding mesh Canopy sprays 1160.
00:22:35 | INFO: Draco encoder: Encoding mesh Canopy sprays 1161.
00:22:35 | INFO: Draco encoder: Encoding mesh Canopy sprays 1162.
00:22:35 | INFO: Draco encoder: Encoding mesh Canopy sprays 1163.
00:22:35 | INFO: Draco encoder: Encoding mesh Canopy sprays 1164.
00:22:35 | INFO: Draco encoder: Encoding mesh Canopy sprays 1165.
00:22:35 | INFO: Draco encoder: Encoding mesh Canopy sprays 1166.
00:22:35 | INFO: Draco encoder: Encoding mesh Canopy sprays 1167.
00:22:35 | INFO: Draco encoder: Encoding mesh Canopy sprays 1168.
00:22:35 | INFO: Draco encoder: Encoding mesh Canopy sprays 1169.
00:22:35 | INFO: Draco encoder: Encoding mesh Canopy sprays 1170.
00:22:35 | INFO: Draco encoder: Encoding mesh Canopy sprays 1171.
00:22:35 | INFO: Draco encoder: Encoding mesh Canopy sprays 1172.
00:22:35 | INFO: Draco encoder: Encoding mesh Canopy sprays 1173.
00:22:35 | INFO: Draco encoder: Encoding mesh Canopy sprays 1174.
00:22:35 | INFO: Draco encoder: Encoding mesh Canopy sprays 1175.
00:22:35 | INFO: Draco encoder: Encoding mesh Canopy sprays 1176.
00:22:35 | INFO: Draco encoder: Encoding mesh Canopy sprays 1177.
00:22:35 | INFO: Draco encoder: Encoding mesh Canopy sprays 1178.
00:22:35 | INFO: Draco encoder: Encoding mesh Canopy sprays 1179.
00:22:35 | INFO: Draco encoder: Encoding mesh Canopy sprays 1180.
00:22:35 | INFO: Draco encoder: Encoding mesh Canopy sprays 1181.
00:22:35 | INFO: Draco encoder: Encoding mesh Canopy sprays 1182.
00:22:35 | INFO: Draco encoder: Encoding mesh Canopy sprays 1183.
00:22:35 | INFO: Draco encoder: Encoding mesh Canopy sprays 1184.
00:22:35 | INFO: Draco encoder: Encoding mesh Canopy sprays 1185.
00:22:35 | INFO: Draco encoder: Encoding mesh Canopy sprays 1186.
00:22:35 | INFO: Draco encoder: Encoding mesh Canopy sprays 1187.
00:22:35 | INFO: Draco encoder: Encoding mesh Canopy sprays 1188.
00:22:35 | INFO: Draco encoder: Encoding mesh Canopy sprays 1189.
00:22:35 | INFO: Draco encoder: Encoding mesh Canopy sprays 1190.
00:22:35 | INFO: Draco encoder: Encoding mesh Canopy sprays 1191.
00:22:35 | INFO: Draco encoder: Encoding mesh Canopy sprays 1192.
00:22:35 | INFO: Draco encoder: Encoding mesh Canopy sprays 1193.
00:22:35 | INFO: Draco encoder: Encoding mesh Canopy sprays 1194.
00:22:35 | INFO: Draco encoder: Encoding mesh Canopy sprays 1195.
00:22:35 | INFO: Draco encoder: Encoding mesh Canopy sprays 1196.
00:22:35 | INFO: Draco encoder: Encoding mesh Canopy sprays 1197.
00:22:35 | INFO: Draco encoder: Encoding mesh Canopy sprays 1198.
00:22:35 | INFO: Draco encoder: Encoding mesh Canopy sprays 1199.
00:22:35 | INFO: Draco encoder: Encoding mesh Canopy sprays 1200.
00:22:35 | INFO: Draco encoder: Encoding mesh Canopy sprays 1201.
00:22:35 | INFO: Draco encoder: Encoding mesh Canopy sprays 1202.
00:22:35 | INFO: Draco encoder: Encoding mesh Canopy sprays 1203.
00:22:35 | INFO: Draco encoder: Encoding mesh Canopy sprays 1204.
00:22:35 | INFO: Draco encoder: Encoding mesh Canopy sprays 1205.
00:22:35 | INFO: Draco encoder: Encoding mesh Canopy sprays 1206.
00:22:35 | INFO: Draco encoder: Encoding mesh Canopy sprays 1207.
00:22:35 | INFO: Draco encoder: Encoding mesh Canopy sprays 1208.
00:22:35 | INFO: Draco encoder: Encoding mesh Canopy sprays 1209.
00:22:35 | INFO: Draco encoder: Encoding mesh Canopy sprays 1210.
00:22:35 | INFO: Draco encoder: Encoding mesh Canopy sprays 1211.
00:22:35 | INFO: Draco encoder: Encoding mesh Canopy sprays 1212.
00:22:35 | INFO: Draco encoder: Encoding mesh Canopy sprays 1213.
00:22:35 | INFO: Draco encoder: Encoding mesh Canopy sprays 1214.
00:22:35 | INFO: Draco encoder: Encoding mesh Canopy sprays 1215.
00:22:35 | INFO: Draco encoder: Encoding mesh Canopy sprays 1216.
00:22:35 | INFO: Draco encoder: Encoding mesh Canopy sprays 1217.
00:22:35 | INFO: Draco encoder: Encoding mesh Canopy sprays 1218.
00:22:35 | INFO: Draco encoder: Encoding mesh Canopy sprays 1219.
00:22:35 | INFO: Draco encoder: Encoding mesh Canopy sprays 1220.
00:22:35 | INFO: Draco encoder: Encoding mesh Canopy sprays 1221.
00:22:35 | INFO: Draco encoder: Encoding mesh Canopy sprays 1222.
00:22:35 | INFO: Draco encoder: Encoding mesh Canopy sprays 1223.
00:22:35 | INFO: Draco encoder: Encoding mesh Canopy sprays 1224.
00:22:35 | INFO: Draco encoder: Encoding mesh Canopy sprays 1225.
00:22:35 | INFO: Draco encoder: Encoding mesh Canopy sprays 1226.
00:22:35 | INFO: Draco encoder: Encoding mesh Canopy sprays 1227.
00:22:35 | INFO: Draco encoder: Encoding mesh Canopy sprays 1228.
00:22:35 | INFO: Draco encoder: Encoding mesh Canopy sprays 1229.
00:22:35 | INFO: Draco encoder: Encoding mesh Canopy sprays 1230.
00:22:35 | INFO: Draco encoder: Encoding mesh Canopy sprays 1231.
00:22:35 | INFO: Draco encoder: Encoding mesh Canopy sprays 1232.
00:22:35 | INFO: Draco encoder: Encoding mesh Canopy sprays 1233.
00:22:35 | INFO: Draco encoder: Encoding mesh Canopy sprays 1234.
00:22:35 | INFO: Draco encoder: Encoding mesh Canopy sprays 1235.
00:22:35 | INFO: Draco encoder: Encoding mesh Canopy sprays 1236.
00:22:35 | INFO: Draco encoder: Encoding mesh Canopy sprays 1237.
00:22:35 | INFO: Draco encoder: Encoding mesh Canopy sprays 1238.
00:22:35 | INFO: Draco encoder: Encoding mesh Canopy sprays 1239.
00:22:35 | INFO: Draco encoder: Encoding mesh Canopy sprays 1240.
00:22:35 | INFO: Draco encoder: Encoding mesh Canopy sprays 1241.
00:22:35 | INFO: Draco encoder: Encoding mesh Canopy sprays 1242.
00:22:35 | INFO: Draco encoder: Encoding mesh Canopy sprays 1243.
00:22:35 | INFO: Draco encoder: Encoding mesh Canopy sprays 1244.
00:22:35 | INFO: Draco encoder: Encoding mesh Canopy sprays 1245.
00:22:35 | INFO: Draco encoder: Encoding mesh Canopy sprays 1246.
00:22:35 | INFO: Draco encoder: Encoding mesh Canopy sprays 1247.
00:22:35 | INFO: Draco encoder: Encoding mesh Canopy sprays 1248.
00:22:35 | INFO: Draco encoder: Encoding mesh Canopy sprays 1249.
00:22:35 | INFO: Draco encoder: Encoding mesh Canopy sprays 1250.
00:22:35 | INFO: Draco encoder: Encoding mesh Canopy sprays 1251.
00:22:35 | INFO: Draco encoder: Encoding mesh Canopy sprays 1252.
00:22:35 | INFO: Draco encoder: Encoding mesh Canopy sprays 1253.
00:22:35 | INFO: Draco encoder: Encoding mesh Canopy sprays 1254.
00:22:35 | INFO: Draco encoder: Encoding mesh Canopy sprays 1255.
00:22:35 | INFO: Draco encoder: Encoding mesh Canopy sprays 1256.
00:22:35 | INFO: Draco encoder: Encoding mesh Canopy sprays 1257.
00:22:35 | INFO: Draco encoder: Encoding mesh Canopy sprays 1258.
00:22:35 | INFO: Draco encoder: Encoding mesh Canopy sprays 1259.
00:22:35 | INFO: Draco encoder: Encoding mesh Canopy sprays 1260.
00:22:35 | INFO: Draco encoder: Encoding mesh Canopy sprays 1261.
00:22:35 | INFO: Draco encoder: Encoding mesh Canopy sprays 1262.
00:22:35 | INFO: Draco encoder: Encoding mesh Canopy sprays 1263.
00:22:35 | INFO: Draco encoder: Encoding mesh Canopy sprays 1264.
00:22:35 | INFO: Draco encoder: Encoding mesh Canopy sprays 1265.
00:22:35 | INFO: Draco encoder: Encoding mesh Canopy sprays 1266.
00:22:35 | INFO: Draco encoder: Encoding mesh Canopy sprays 1267.
00:22:35 | INFO: Draco encoder: Encoding mesh Canopy sprays 1268.
00:22:35 | INFO: Draco encoder: Encoding mesh Canopy sprays 1269.
00:22:35 | INFO: Draco encoder: Encoding mesh Canopy sprays 1270.
00:22:35 | INFO: Draco encoder: Encoding mesh Canopy sprays 1271.
00:22:35 | INFO: Draco encoder: Encoding mesh Canopy sprays 1272.
00:22:35 | INFO: Draco encoder: Encoding mesh Canopy sprays 1273.
00:22:35 | INFO: Draco encoder: Encoding mesh Canopy sprays 1274.
00:22:35 | INFO: Draco encoder: Encoding mesh Canopy sprays 1275.
00:22:35 | INFO: Draco encoder: Encoding mesh Canopy sprays 1276.
00:22:35 | INFO: Draco encoder: Encoding mesh Canopy sprays 1277.
00:22:35 | INFO: Draco encoder: Encoding mesh Canopy sprays 1278.
00:22:35 | INFO: Draco encoder: Encoding mesh Canopy sprays 1279.
00:22:35 | INFO: Draco encoder: Encoding mesh Canopy sprays 1280.
00:22:35 | INFO: Draco encoder: Encoding mesh Canopy sprays 1281.
00:22:35 | INFO: Draco encoder: Encoding mesh Canopy sprays 1282.
00:22:35 | INFO: Draco encoder: Encoding mesh Canopy sprays 1283.
00:22:35 | INFO: Draco encoder: Encoding mesh Canopy sprays 1284.
00:22:35 | INFO: Draco encoder: Encoding mesh Canopy sprays 1285.
00:22:35 | INFO: Draco encoder: Encoding mesh Canopy sprays 1286.
00:22:35 | INFO: Draco encoder: Encoding mesh Canopy sprays 1287.
00:22:35 | INFO: Draco encoder: Encoding mesh Canopy sprays 1288.
00:22:35 | INFO: Draco encoder: Encoding mesh Canopy sprays 1289.
00:22:35 | INFO: Draco encoder: Encoding mesh Canopy sprays 1290.
00:22:35 | INFO: Draco encoder: Encoding mesh Canopy sprays 1291.
00:22:35 | INFO: Draco encoder: Encoding mesh Canopy sprays 1292.
00:22:35 | INFO: Draco encoder: Encoding mesh Canopy sprays 1293.
00:22:35 | INFO: Draco encoder: Encoding mesh Canopy sprays 1294.
00:22:35 | INFO: Draco encoder: Encoding mesh Canopy sprays 1295.
00:22:35 | INFO: Draco encoder: Encoding mesh Canopy sprays 1296.
00:22:35 | INFO: Draco encoder: Encoding mesh Canopy sprays 1297.
00:22:35 | INFO: Draco encoder: Encoding mesh Canopy sprays 1298.
00:22:35 | INFO: Draco encoder: Encoding mesh Canopy sprays 1299.
00:22:35 | INFO: Draco encoder: Encoding mesh Canopy sprays 1300.
00:22:35 | INFO: Draco encoder: Encoding mesh Canopy sprays 1301.
00:22:35 | INFO: Draco encoder: Encoding mesh Canopy sprays 1302.
00:22:35 | INFO: Draco encoder: Encoding mesh Canopy sprays 1303.
00:22:35 | INFO: Draco encoder: Encoding mesh Canopy sprays 1304.
00:22:35 | INFO: Draco encoder: Encoding mesh Canopy sprays 1305.
00:22:35 | INFO: Draco encoder: Encoding mesh Canopy sprays 1306.
00:22:35 | INFO: Draco encoder: Encoding mesh Canopy sprays 1307.
00:22:35 | INFO: Draco encoder: Encoding mesh Canopy sprays 1308.
00:22:35 | INFO: Draco encoder: Encoding mesh Canopy sprays 1309.
00:22:35 | INFO: Draco encoder: Encoding mesh Canopy sprays 1310.
00:22:35 | INFO: Draco encoder: Encoding mesh Canopy sprays 1311.
00:22:35 | INFO: Draco encoder: Encoding mesh Canopy sprays 1312.
00:22:35 | INFO: Draco encoder: Encoding mesh Canopy sprays 1313.
00:22:35 | INFO: Draco encoder: Encoding mesh Canopy sprays 1314.
00:22:35 | INFO: Draco encoder: Encoding mesh Canopy sprays 1315.
00:22:35 | INFO: Draco encoder: Encoding mesh Canopy sprays 1316.
00:22:35 | INFO: Draco encoder: Encoding mesh Canopy sprays 1317.
00:22:35 | INFO: Draco encoder: Encoding mesh Canopy sprays 1318.
00:22:35 | INFO: Draco encoder: Encoding mesh Canopy sprays 1319.
00:22:35 | INFO: Draco encoder: Encoding mesh Canopy sprays 1320.
00:22:35 | INFO: Draco encoder: Encoding mesh Canopy sprays 1321.
00:22:35 | INFO: Draco encoder: Encoding mesh Canopy sprays 1322.
00:22:35 | INFO: Draco encoder: Encoding mesh Canopy sprays 1323.
00:22:35 | INFO: Draco encoder: Encoding mesh Canopy sprays 1324.
00:22:35 | INFO: Draco encoder: Encoding mesh Canopy sprays 1325.
00:22:35 | INFO: Draco encoder: Encoding mesh Canopy sprays 1326.
00:22:35 | INFO: Draco encoder: Encoding mesh Canopy sprays 1327.
00:22:35 | INFO: Draco encoder: Encoding mesh Canopy sprays 1328.
00:22:35 | INFO: Draco encoder: Encoding mesh Canopy sprays 1329.
00:22:35 | INFO: Draco encoder: Encoding mesh Canopy sprays 1330.
00:22:35 | INFO: Draco encoder: Encoding mesh Canopy sprays 1331.
00:22:35 | INFO: Draco encoder: Encoding mesh Canopy sprays 1332.
00:22:35 | INFO: Draco encoder: Encoding mesh Canopy sprays 1333.
00:22:35 | INFO: Draco encoder: Encoding mesh Canopy sprays 1334.
00:22:35 | INFO: Draco encoder: Encoding mesh Canopy sprays 1335.
00:22:35 | INFO: Draco encoder: Encoding mesh Canopy sprays 1336.
00:22:35 | INFO: Draco encoder: Encoding mesh Canopy sprays 1337.
00:22:35 | INFO: Draco encoder: Encoding mesh Canopy sprays 1338.
00:22:35 | INFO: Draco encoder: Encoding mesh Canopy sprays 1339.
00:22:35 | INFO: Draco encoder: Encoding mesh Canopy sprays 1340.
00:22:35 | INFO: Draco encoder: Encoding mesh Canopy sprays 1341.
00:22:35 | INFO: Draco encoder: Encoding mesh Canopy sprays 1342.
00:22:35 | INFO: Draco encoder: Encoding mesh Canopy sprays 1343.
00:22:35 | INFO: Draco encoder: Encoding mesh Canopy sprays 1344.
00:22:35 | INFO: Draco encoder: Encoding mesh Canopy sprays 1345.
00:22:35 | INFO: Draco encoder: Encoding mesh Canopy sprays 1346.
00:22:35 | INFO: Draco encoder: Encoding mesh Canopy sprays 1347.
00:22:35 | INFO: Draco encoder: Encoding mesh Canopy sprays 1348.
00:22:35 | INFO: Draco encoder: Encoding mesh Canopy sprays 1349.
00:22:35 | INFO: Draco encoder: Encoding mesh Canopy sprays 1350.
00:22:35 | INFO: Draco encoder: Encoding mesh Canopy sprays 1351.
00:22:35 | INFO: Draco encoder: Encoding mesh Canopy sprays 1352.
00:22:35 | INFO: Draco encoder: Encoding mesh Canopy sprays 1353.
00:22:35 | INFO: Draco encoder: Encoding mesh Canopy sprays 1354.
00:22:35 | INFO: Draco encoder: Encoding mesh Canopy sprays 1355.
00:22:35 | INFO: Draco encoder: Encoding mesh Canopy sprays 1356.
00:22:35 | INFO: Draco encoder: Encoding mesh Canopy sprays 1357.
00:22:35 | INFO: Draco encoder: Encoding mesh Canopy sprays 1358.
00:22:35 | INFO: Draco encoder: Encoding mesh Canopy sprays 1359.
00:22:35 | INFO: Draco encoder: Encoding mesh Canopy sprays 1360.
00:22:35 | INFO: Draco encoder: Encoding mesh Canopy sprays 1361.
00:22:35 | INFO: Draco encoder: Encoding mesh Canopy sprays 1362.
00:22:35 | INFO: Draco encoder: Encoding mesh Canopy sprays 1363.
00:22:35 | INFO: Draco encoder: Encoding mesh Canopy sprays 1364.
00:22:35 | INFO: Draco encoder: Encoding mesh Canopy sprays 1365.
00:22:35 | INFO: Draco encoder: Encoding mesh Canopy sprays 1366.
00:22:35 | INFO: Draco encoder: Encoding mesh Canopy sprays 1367.
00:22:35 | INFO: Draco encoder: Encoding mesh Canopy sprays 1368.
00:22:35 | INFO: Draco encoder: Encoding mesh Canopy sprays 1369.
00:22:35 | INFO: Draco encoder: Encoding mesh Canopy sprays 1370.
00:22:35 | INFO: Draco encoder: Encoding mesh Canopy sprays 1371.
00:22:35 | INFO: Draco encoder: Encoding mesh Canopy sprays 1372.
00:22:35 | INFO: Draco encoder: Encoding mesh Canopy sprays 1373.
00:22:35 | INFO: Draco encoder: Encoding mesh Canopy sprays 1374.
00:22:35 | INFO: Draco encoder: Encoding mesh Canopy sprays 1375.
00:22:35 | INFO: Draco encoder: Encoding mesh Canopy sprays 1376.
00:22:35 | INFO: Draco encoder: Encoding mesh Canopy sprays 1377.
00:22:35 | INFO: Draco encoder: Encoding mesh Canopy sprays 1378.
00:22:35 | INFO: Draco encoder: Encoding mesh Canopy sprays 1379.
00:22:35 | INFO: Draco encoder: Encoding mesh Canopy sprays 1380.
00:22:35 | INFO: Draco encoder: Encoding mesh Canopy sprays 1381.
00:22:35 | INFO: Draco encoder: Encoding mesh Canopy sprays 1382.
00:22:35 | INFO: Draco encoder: Encoding mesh Canopy sprays 1383.
00:22:35 | INFO: Draco encoder: Encoding mesh Canopy sprays 1384.
00:22:35 | INFO: Draco encoder: Encoding mesh Canopy sprays 1385.
00:22:35 | INFO: Draco encoder: Encoding mesh Canopy sprays 1386.
00:22:35 | INFO: Draco encoder: Encoding mesh Canopy sprays 1387.
00:22:35 | INFO: Draco encoder: Encoding mesh Canopy sprays 1388.
00:22:35 | INFO: Draco encoder: Encoding mesh Canopy sprays 1389.
00:22:35 | INFO: Draco encoder: Encoding mesh Canopy sprays 1390.
00:22:35 | INFO: Draco encoder: Encoding mesh Canopy sprays 1391.
00:22:35 | INFO: Draco encoder: Encoding mesh Canopy sprays 1392.
00:22:35 | INFO: Draco encoder: Encoding mesh Canopy sprays 1393.
00:22:35 | INFO: Draco encoder: Encoding mesh Canopy sprays 1394.
00:22:35 | INFO: Draco encoder: Encoding mesh Canopy sprays 1395.
00:22:35 | INFO: Draco encoder: Encoding mesh Canopy sprays 1396.
00:22:35 | INFO: Draco encoder: Encoding mesh Canopy sprays 1397.
00:22:35 | INFO: Draco encoder: Encoding mesh Canopy sprays 1398.
00:22:35 | INFO: Draco encoder: Encoding mesh Canopy sprays 1399.
00:22:35 | INFO: Draco encoder: Encoding mesh Canopy sprays 1400.
00:22:35 | INFO: Draco encoder: Encoding mesh Canopy sprays 1401.
00:22:35 | INFO: Draco encoder: Encoding mesh Canopy sprays 1402.
00:22:35 | INFO: Draco encoder: Encoding mesh Canopy sprays 1403.
00:22:35 | INFO: Draco encoder: Encoding mesh Canopy sprays 1404.
00:22:35 | INFO: Draco encoder: Encoding mesh Canopy sprays 1405.
00:22:35 | INFO: Draco encoder: Encoding mesh Canopy sprays 1406.
00:22:35 | INFO: Draco encoder: Encoding mesh Canopy sprays 1407.
00:22:35 | INFO: Draco encoder: Encoding mesh Canopy sprays 1408.
00:22:35 | INFO: Draco encoder: Encoding mesh Canopy sprays 1409.
00:22:35 | INFO: Draco encoder: Encoding mesh Canopy sprays 1410.
00:22:35 | INFO: Draco encoder: Encoding mesh Canopy sprays 1411.
00:22:35 | INFO: Draco encoder: Encoding mesh Canopy sprays 1412.
00:22:35 | INFO: Draco encoder: Encoding mesh Canopy sprays 1413.
00:22:35 | INFO: Draco encoder: Encoding mesh Canopy sprays 1414.
00:22:35 | INFO: Draco encoder: Encoding mesh Canopy sprays 1415.
00:22:35 | INFO: Draco encoder: Encoding mesh Canopy sprays 1416.
00:22:35 | INFO: Draco encoder: Encoding mesh Canopy sprays 1417.
00:22:35 | INFO: Draco encoder: Encoding mesh Canopy sprays 1418.
00:22:35 | INFO: Draco encoder: Encoding mesh Canopy sprays 1419.
00:22:35 | INFO: Draco encoder: Encoding mesh Canopy sprays 1420.
00:22:35 | INFO: Draco encoder: Encoding mesh Canopy sprays 1421.
00:22:35 | INFO: Draco encoder: Encoding mesh Canopy sprays 1422.
00:22:35 | INFO: Draco encoder: Encoding mesh Canopy sprays 1423.
00:22:35 | INFO: Draco encoder: Encoding mesh Canopy sprays 1424.
00:22:35 | INFO: Draco encoder: Encoding mesh Canopy sprays 1425.
00:22:35 | INFO: Draco encoder: Encoding mesh Canopy sprays 1426.
00:22:35 | INFO: Draco encoder: Encoding mesh Canopy sprays 1427.
00:22:35 | INFO: Draco encoder: Encoding mesh Canopy sprays 1428.
00:22:35 | INFO: Draco encoder: Encoding mesh Canopy sprays 1429.
00:22:35 | INFO: Draco encoder: Encoding mesh Canopy sprays 1430.
00:22:35 | INFO: Draco encoder: Encoding mesh Canopy sprays 1431.
00:22:35 | INFO: Draco encoder: Encoding mesh Canopy sprays 1432.
00:22:35 | INFO: Draco encoder: Encoding mesh Canopy sprays 1433.
00:22:35 | INFO: Draco encoder: Encoding mesh Canopy sprays 1434.
00:22:35 | INFO: Draco encoder: Encoding mesh Canopy sprays 1435.
00:22:35 | INFO: Draco encoder: Encoding mesh Canopy sprays 1436.
00:22:35 | INFO: Draco encoder: Encoding mesh Canopy sprays 1437.
00:22:35 | INFO: Draco encoder: Encoding mesh Canopy sprays 1438.
00:22:35 | INFO: Draco encoder: Encoding mesh Canopy sprays 1439.
00:22:35 | INFO: Draco encoder: Encoding mesh Canopy sprays 1440.
00:22:35 | INFO: Draco encoder: Encoding mesh Canopy sprays 1441.
00:22:35 | INFO: Draco encoder: Encoding mesh Canopy sprays 1442.
00:22:35 | INFO: Draco encoder: Encoding mesh Canopy sprays 1443.
00:22:35 | INFO: Draco encoder: Encoding mesh Canopy sprays 1444.
00:22:35 | INFO: Draco encoder: Encoding mesh Canopy sprays 1445.
00:22:35 | INFO: Draco encoder: Encoding mesh Canopy sprays 1446.
00:22:35 | INFO: Draco encoder: Encoding mesh Canopy sprays 1447.
00:22:35 | INFO: Draco encoder: Encoding mesh Canopy sprays 1448.
00:22:35 | INFO: Draco encoder: Encoding mesh Canopy sprays 1449.
00:22:35 | INFO: Draco encoder: Encoding mesh Canopy sprays 1450.
00:22:35 | INFO: Draco encoder: Encoding mesh Canopy sprays 1451.
00:22:35 | INFO: Draco encoder: Encoding mesh Canopy sprays 1452.
00:22:35 | INFO: Draco encoder: Encoding mesh Canopy sprays 1453.
00:22:35 | INFO: Draco encoder: Encoding mesh Canopy sprays 1454.
00:22:35 | INFO: Draco encoder: Encoding mesh Canopy sprays 1455.
00:22:35 | INFO: Draco encoder: Encoding mesh Canopy sprays 1456.
00:22:35 | INFO: Draco encoder: Encoding mesh Canopy sprays 1457.
00:22:35 | INFO: Draco encoder: Encoding mesh Canopy sprays 1458.
00:22:35 | INFO: Draco encoder: Encoding mesh Canopy sprays 1459.
00:22:35 | INFO: Draco encoder: Encoding mesh Canopy sprays 1460.
00:22:35 | INFO: Draco encoder: Encoding mesh Canopy sprays 1461.
00:22:35 | INFO: Draco encoder: Encoding mesh Canopy sprays 1462.
00:22:35 | INFO: Draco encoder: Encoding mesh Canopy sprays 1463.
00:22:35 | INFO: Draco encoder: Encoding mesh Canopy sprays 1464.
00:22:35 | INFO: Draco encoder: Encoding mesh Canopy sprays 1465.
00:22:35 | INFO: Draco encoder: Encoding mesh Canopy sprays 1466.
00:22:35 | INFO: Draco encoder: Encoding mesh Canopy sprays 1467.
00:22:35 | INFO: Draco encoder: Encoding mesh Canopy sprays 1468.
00:22:35 | INFO: Draco encoder: Encoding mesh Canopy sprays 1469.
00:22:35 | INFO: Draco encoder: Encoding mesh Canopy sprays 1470.
00:22:35 | INFO: Draco encoder: Encoding mesh Canopy sprays 1471.
00:22:35 | INFO: Draco encoder: Encoding mesh Canopy sprays 1472.
00:22:35 | INFO: Draco encoder: Encoding mesh Canopy sprays 1473.
00:22:35 | INFO: Draco encoder: Encoding mesh Canopy sprays 1474.
00:22:35 | INFO: Draco encoder: Encoding mesh Canopy sprays 1475.
00:22:35 | INFO: Draco encoder: Encoding mesh Canopy sprays 1476.
00:22:35 | INFO: Draco encoder: Encoding mesh Canopy sprays 1477.
00:22:35 | INFO: Draco encoder: Encoding mesh Canopy sprays 1478.
00:22:35 | INFO: Draco encoder: Encoding mesh Canopy sprays 1479.
00:22:35 | INFO: Draco encoder: Encoding mesh Canopy sprays 1480.
00:22:35 | INFO: Draco encoder: Encoding mesh Canopy sprays 1481.
00:22:35 | INFO: Draco encoder: Encoding mesh Canopy sprays 1482.
00:22:35 | INFO: Draco encoder: Encoding mesh Canopy sprays 1483.
00:22:35 | INFO: Draco encoder: Encoding mesh Canopy sprays 1484.
00:22:35 | INFO: Draco encoder: Encoding mesh Canopy sprays 1485.
00:22:35 | INFO: Draco encoder: Encoding mesh Canopy sprays 1486.
00:22:35 | INFO: Draco encoder: Encoding mesh Canopy sprays 1487.
00:22:35 | INFO: Draco encoder: Encoding mesh Canopy sprays 1488.
00:22:35 | INFO: Draco encoder: Encoding mesh Canopy sprays 1489.
00:22:35 | INFO: Draco encoder: Encoding mesh Canopy sprays 1490.
00:22:35 | INFO: Draco encoder: Encoding mesh Canopy sprays 1491.
00:22:35 | INFO: Draco encoder: Encoding mesh Canopy sprays 1492.
00:22:35 | INFO: Draco encoder: Encoding mesh Canopy sprays 1493.
00:22:35 | INFO: Draco encoder: Encoding mesh Canopy sprays 1494.
00:22:35 | INFO: Draco encoder: Encoding mesh Canopy sprays 1495.
00:22:35 | INFO: Draco encoder: Encoding mesh Canopy sprays 1496.
00:22:35 | INFO: Draco encoder: Encoding mesh Canopy sprays 1497.
00:22:35 | INFO: Draco encoder: Encoding mesh Canopy sprays 1498.
00:22:35 | INFO: Draco encoder: Encoding mesh Canopy sprays 1499.
00:22:35 | INFO: Draco encoder: Encoding mesh Canopy sprays 1500.
00:22:35 | INFO: Draco encoder: Encoding mesh Canopy sprays 1501.
00:22:35 | INFO: Draco encoder: Encoding mesh Canopy sprays 1502.
00:22:35 | INFO: Draco encoder: Encoding mesh Canopy sprays 1503.
00:22:35 | INFO: Draco encoder: Encoding mesh Canopy sprays 1504.
00:22:35 | INFO: Draco encoder: Encoding mesh Canopy sprays 1505.
00:22:35 | INFO: Draco encoder: Encoding mesh Canopy sprays 1506.
00:22:35 | INFO: Draco encoder: Encoding mesh Canopy sprays 1507.
00:22:35 | INFO: Draco encoder: Encoding mesh Canopy sprays 1508.
00:22:35 | INFO: Draco encoder: Encoding mesh Canopy sprays 1509.
00:22:35 | INFO: Draco encoder: Encoding mesh Canopy sprays 1510.
00:22:35 | INFO: Draco encoder: Encoding mesh Canopy sprays 1511.
00:22:35 | INFO: Draco encoder: Encoding mesh Canopy sprays 1512.
00:22:35 | INFO: Draco encoder: Encoding mesh Canopy sprays 1513.
00:22:35 | INFO: Draco encoder: Encoding mesh Canopy sprays 1514.
00:22:35 | INFO: Draco encoder: Encoding mesh Canopy sprays 1515.
00:22:35 | INFO: Draco encoder: Encoding mesh Canopy sprays 1516.
00:22:35 | INFO: Draco encoder: Encoding mesh Canopy sprays 1517.
00:22:35 | INFO: Draco encoder: Encoding mesh Canopy sprays 1518.
00:22:35 | INFO: Draco encoder: Encoding mesh Canopy sprays 1519.
00:22:35 | INFO: Draco encoder: Encoding mesh Canopy sprays 1520.
00:22:35 | INFO: Draco encoder: Encoding mesh Canopy sprays 1521.
00:22:35 | INFO: Draco encoder: Encoding mesh Canopy sprays 1522.
00:22:35 | INFO: Draco encoder: Encoding mesh Canopy sprays 1523.
00:22:35 | INFO: Draco encoder: Encoding mesh Canopy sprays 1524.
00:22:35 | INFO: Draco encoder: Encoding mesh Canopy sprays 1525.
00:22:35 | INFO: Draco encoder: Encoding mesh Canopy sprays 1526.
00:22:35 | INFO: Draco encoder: Encoding mesh Canopy sprays 1527.
00:22:35 | INFO: Draco encoder: Encoding mesh Canopy sprays 1528.
00:22:35 | INFO: Draco encoder: Encoding mesh Canopy sprays 1529.
00:22:35 | INFO: Draco encoder: Encoding mesh Canopy sprays 1530.
00:22:35 | INFO: Draco encoder: Encoding mesh Canopy sprays 1531.
00:22:35 | INFO: Draco encoder: Encoding mesh Canopy sprays 1532.
00:22:35 | INFO: Draco encoder: Encoding mesh Canopy sprays 1533.
00:22:35 | INFO: Draco encoder: Encoding mesh Canopy sprays 1534.
00:22:35 | INFO: Draco encoder: Encoding mesh Canopy sprays 1535.
00:22:35 | INFO: Draco encoder: Encoding mesh Canopy sprays 1536.
00:22:35 | INFO: Draco encoder: Encoding mesh Canopy sprays 1537.
00:22:35 | INFO: Draco encoder: Encoding mesh Canopy sprays 1538.
00:22:35 | INFO: Draco encoder: Encoding mesh Canopy sprays 1539.
00:22:35 | INFO: Draco encoder: Encoding mesh Canopy sprays 1540.
00:22:35 | INFO: Draco encoder: Encoding mesh Canopy sprays 1541.
00:22:35 | INFO: Draco encoder: Encoding mesh Canopy sprays 1542.
00:22:35 | INFO: Draco encoder: Encoding mesh Canopy sprays 1543.
00:22:35 | INFO: Draco encoder: Encoding mesh Canopy sprays 1544.
00:22:35 | INFO: Draco encoder: Encoding mesh Canopy sprays 1545.
00:22:35 | INFO: Draco encoder: Encoding mesh Canopy sprays 1546.
00:22:35 | INFO: Draco encoder: Encoding mesh Canopy sprays 1547.
00:22:35 | INFO: Draco encoder: Encoding mesh Canopy sprays 1548.
00:22:35 | INFO: Draco encoder: Encoding mesh Canopy sprays 1549.
00:22:35 | INFO: Draco encoder: Encoding mesh Canopy sprays 1550.
00:22:35 | INFO: Draco encoder: Encoding mesh Canopy sprays 1551.
00:22:35 | INFO: Draco encoder: Encoding mesh Canopy sprays 1552.
00:22:35 | INFO: Draco encoder: Encoding mesh Canopy sprays 1553.
00:22:35 | INFO: Draco encoder: Encoding mesh Canopy sprays 1554.
00:22:35 | INFO: Draco encoder: Encoding mesh Canopy sprays 1555.
00:22:35 | INFO: Draco encoder: Encoding mesh Canopy sprays 1556.
00:22:35 | INFO: Draco encoder: Encoding mesh Canopy sprays 1557.
00:22:35 | INFO: Draco encoder: Encoding mesh Canopy sprays 1558.
00:22:35 | INFO: Draco encoder: Encoding mesh Canopy sprays 1559.
00:22:35 | INFO: Draco encoder: Encoding mesh Canopy sprays 1560.
00:22:35 | INFO: Draco encoder: Encoding mesh Canopy sprays 1561.
00:22:35 | INFO: Draco encoder: Encoding mesh Canopy sprays 1562.
00:22:35 | INFO: Draco encoder: Encoding mesh Canopy sprays 1563.
00:22:35 | INFO: Draco encoder: Encoding mesh Canopy sprays 1564.
00:22:35 | INFO: Draco encoder: Encoding mesh Canopy sprays 1565.
00:22:35 | INFO: Draco encoder: Encoding mesh Canopy sprays 1566.
00:22:35 | INFO: Draco encoder: Encoding mesh Canopy sprays 1567.
00:22:35 | INFO: Draco encoder: Encoding mesh Canopy sprays 1568.
00:22:35 | INFO: Draco encoder: Encoding mesh Canopy sprays 1569.
00:22:35 | INFO: Draco encoder: Encoding mesh Canopy sprays 1570.
00:22:35 | INFO: Draco encoder: Encoding mesh Canopy sprays 1571.
00:22:35 | INFO: Draco encoder: Encoding mesh Canopy sprays 1572.
00:22:35 | INFO: Draco encoder: Encoding mesh Canopy sprays 1573.
00:22:35 | INFO: Draco encoder: Encoding mesh Canopy sprays 1574.
00:22:35 | INFO: Draco encoder: Encoding mesh Canopy sprays 1575.
00:22:35 | INFO: Draco encoder: Encoding mesh Canopy sprays 1576.
00:22:35 | INFO: Draco encoder: Encoding mesh Canopy sprays 1577.
00:22:35 | INFO: Draco encoder: Encoding mesh Canopy sprays 1578.
00:22:35 | INFO: Draco encoder: Encoding mesh Canopy sprays 1579.
00:22:35 | INFO: Draco encoder: Encoding mesh Canopy sprays 1580.
00:22:35 | INFO: Draco encoder: Encoding mesh Canopy sprays 1581.
00:22:35 | INFO: Draco encoder: Encoding mesh Canopy sprays 1582.
00:22:35 | INFO: Draco encoder: Encoding mesh Canopy sprays 1583.
00:22:35 | INFO: Draco encoder: Encoding mesh Canopy sprays 1584.
00:22:35 | INFO: Draco encoder: Encoding mesh Canopy sprays 1585.
00:22:35 | INFO: Draco encoder: Encoding mesh Canopy sprays 1586.
00:22:35 | INFO: Draco encoder: Encoding mesh Canopy sprays 1587.
00:22:35 | INFO: Draco encoder: Encoding mesh Canopy sprays 1588.
00:22:35 | INFO: Draco encoder: Encoding mesh Canopy sprays 1589.
00:22:35 | INFO: Draco encoder: Encoding mesh Canopy sprays 1590.
00:22:35 | INFO: Draco encoder: Encoding mesh Canopy sprays 1591.
00:22:35 | INFO: Draco encoder: Encoding mesh Canopy sprays 1592.
00:22:35 | INFO: Draco encoder: Encoding mesh Canopy sprays 1593.
00:22:35 | INFO: Draco encoder: Encoding mesh Canopy sprays 1594.
00:22:35 | INFO: Draco encoder: Encoding mesh Canopy sprays 1595.
00:22:35 | INFO: Draco encoder: Encoding mesh Canopy sprays 1596.
00:22:35 | INFO: Draco encoder: Encoding mesh Canopy sprays 1597.
00:22:35 | INFO: Draco encoder: Encoding mesh Canopy sprays 1598.
00:22:35 | INFO: Draco encoder: Encoding mesh Canopy sprays 1599.
00:22:35 | INFO: Draco encoder: Encoding mesh Canopy sprays 1600.
00:22:35 | INFO: Draco encoder: Encoding mesh Canopy sprays 1601.
00:22:35 | INFO: Draco encoder: Encoding mesh Canopy sprays 1602.
00:22:35 | INFO: Draco encoder: Encoding mesh Canopy sprays 1603.
00:22:35 | INFO: Draco encoder: Encoding mesh Canopy sprays 1604.
00:22:35 | INFO: Draco encoder: Encoding mesh Canopy sprays 1605.
00:22:35 | INFO: Draco encoder: Encoding mesh Canopy sprays 1606.
00:22:35 | INFO: Draco encoder: Encoding mesh Canopy sprays 1607.
00:22:35 | INFO: Draco encoder: Encoding mesh Canopy sprays 1608.
00:22:35 | INFO: Draco encoder: Encoding mesh Canopy sprays 1609.
00:22:35 | INFO: Draco encoder: Encoding mesh Canopy sprays 1610.
00:22:35 | INFO: Draco encoder: Encoding mesh Canopy sprays 1611.
00:22:35 | INFO: Draco encoder: Encoding mesh Canopy sprays 1612.
00:22:35 | INFO: Draco encoder: Encoding mesh Canopy sprays 1613.
00:22:35 | INFO: Draco encoder: Encoding mesh Canopy sprays 1614.
00:22:35 | INFO: Draco encoder: Encoding mesh Canopy sprays 1615.
00:22:35 | INFO: Draco encoder: Encoding mesh Canopy sprays 1616.
00:22:35 | INFO: Draco encoder: Encoding mesh Canopy sprays 1617.
00:22:35 | INFO: Draco encoder: Encoding mesh Canopy sprays 1618.
00:22:35 | INFO: Draco encoder: Encoding mesh Canopy sprays 1619.
00:22:35 | INFO: Draco encoder: Encoding mesh Canopy sprays 1620.
00:22:35 | INFO: Draco encoder: Encoding mesh Canopy sprays 1621.
00:22:35 | INFO: Draco encoder: Encoding mesh Canopy sprays 1622.
00:22:35 | INFO: Draco encoder: Encoding mesh Canopy sprays 1623.
00:22:35 | INFO: Draco encoder: Encoding mesh Canopy sprays 1624.
00:22:35 | INFO: Draco encoder: Encoding mesh Canopy sprays 1625.
00:22:35 | INFO: Draco encoder: Encoding mesh Canopy sprays 1626.
00:22:35 | INFO: Draco encoder: Encoding mesh Canopy sprays 1627.
00:22:35 | INFO: Draco encoder: Encoding mesh Canopy sprays 1628.
00:22:35 | INFO: Draco encoder: Encoding mesh Canopy sprays 1629.
00:22:35 | INFO: Draco encoder: Encoding mesh Canopy sprays 1630.
00:22:35 | INFO: Draco encoder: Encoding mesh Canopy sprays 1631.
00:22:35 | INFO: Draco encoder: Encoding mesh Canopy sprays 1632.
00:22:35 | INFO: Draco encoder: Encoding mesh Canopy sprays 1633.
00:22:35 | INFO: Draco encoder: Encoding mesh Canopy sprays 1634.
00:22:35 | INFO: Draco encoder: Encoding mesh Canopy sprays 1635.
00:22:35 | INFO: Draco encoder: Encoding mesh Canopy sprays 1636.
00:22:35 | INFO: Draco encoder: Encoding mesh Canopy sprays 1637.
00:22:35 | INFO: Draco encoder: Encoding mesh Canopy sprays 1638.
00:22:35 | INFO: Draco encoder: Encoding mesh Canopy sprays 1639.
00:22:35 | INFO: Draco encoder: Encoding mesh Canopy sprays 1640.
00:22:35 | INFO: Draco encoder: Encoding mesh Canopy sprays 1641.
00:22:35 | INFO: Draco encoder: Encoding mesh Canopy sprays 1642.
00:22:35 | INFO: Draco encoder: Encoding mesh Canopy sprays 1643.
00:22:35 | INFO: Draco encoder: Encoding mesh Canopy sprays 1644.
00:22:35 | INFO: Draco encoder: Encoding mesh Canopy sprays 1645.
00:22:35 | INFO: Draco encoder: Encoding mesh Canopy sprays 1646.
00:22:35 | INFO: Draco encoder: Encoding mesh Canopy sprays 1647.
00:22:35 | INFO: Draco encoder: Encoding mesh Canopy sprays 1648.
00:22:35 | INFO: Draco encoder: Encoding mesh Canopy sprays 1649.
00:22:35 | INFO: Draco encoder: Encoding mesh Canopy sprays 1650.
00:22:35 | INFO: Draco encoder: Encoding mesh Canopy sprays 1651.
00:22:35 | INFO: Draco encoder: Encoding mesh Canopy sprays 1652.
00:22:35 | INFO: Draco encoder: Encoding mesh Canopy sprays 1653.
00:22:35 | INFO: Draco encoder: Encoding mesh Canopy sprays 1654.
00:22:35 | INFO: Draco encoder: Encoding mesh Canopy sprays 1655.
00:22:35 | INFO: Draco encoder: Encoding mesh Canopy sprays 1656.
00:22:35 | INFO: Draco encoder: Encoding mesh Canopy sprays 1657.
00:22:35 | INFO: Draco encoder: Encoding mesh Canopy sprays 1658.
00:22:35 | INFO: Draco encoder: Encoding mesh Canopy sprays 1659.
00:22:35 | INFO: Draco encoder: Encoding mesh Canopy sprays 1660.
00:22:35 | INFO: Draco encoder: Encoding mesh Canopy sprays 1661.
00:22:35 | INFO: Draco encoder: Encoding mesh Canopy sprays 1662.
00:22:35 | INFO: Draco encoder: Encoding mesh Canopy sprays 1663.
00:22:35 | INFO: Draco encoder: Encoding mesh Canopy sprays 1664.
00:22:35 | INFO: Draco encoder: Encoding mesh Canopy sprays 1665.
00:22:35 | INFO: Draco encoder: Encoding mesh Canopy sprays 1666.
00:22:35 | INFO: Draco encoder: Encoding mesh Canopy sprays 1667.
00:22:35 | INFO: Draco encoder: Encoding mesh Canopy sprays 1668.
00:22:35 | INFO: Draco encoder: Encoding mesh Canopy sprays 1669.
00:22:35 | INFO: Draco encoder: Encoding mesh Canopy sprays 1670.
00:22:35 | INFO: Draco encoder: Encoding mesh Canopy sprays 1671.
00:22:35 | INFO: Draco encoder: Encoding mesh Canopy sprays 1672.
00:22:35 | INFO: Draco encoder: Encoding mesh Canopy sprays 1673.
00:22:35 | INFO: Draco encoder: Encoding mesh Canopy sprays 1674.
00:22:35 | INFO: Draco encoder: Encoding mesh Canopy sprays 1675.
00:22:35 | INFO: Draco encoder: Encoding mesh Canopy sprays 1676.
00:22:35 | INFO: Draco encoder: Encoding mesh Canopy sprays 1677.
00:22:35 | INFO: Draco encoder: Encoding mesh Canopy sprays 1678.
00:22:35 | INFO: Draco encoder: Encoding mesh Canopy sprays 1679.
00:22:35 | INFO: Draco encoder: Encoding mesh Canopy sprays 1680.
00:22:35 | INFO: Draco encoder: Encoding mesh Canopy sprays 1681.
00:22:35 | INFO: Draco encoder: Encoding mesh Canopy sprays 1682.
00:22:35 | INFO: Draco encoder: Encoding mesh Canopy sprays 1683.
00:22:35 | INFO: Draco encoder: Encoding mesh Canopy sprays 1684.
00:22:35 | INFO: Draco encoder: Encoding mesh Canopy sprays 1685.
00:22:35 | INFO: Draco encoder: Encoding mesh Canopy sprays 1686.
00:22:35 | INFO: Draco encoder: Encoding mesh Canopy sprays 1687.
00:22:35 | INFO: Draco encoder: Encoding mesh Canopy sprays 1688.
00:22:35 | INFO: Draco encoder: Encoding mesh Canopy sprays 1689.
00:22:35 | INFO: Draco encoder: Encoding mesh Canopy sprays 1690.
00:22:35 | INFO: Draco encoder: Encoding mesh Canopy sprays 1691.
00:22:35 | INFO: Draco encoder: Encoding mesh Canopy sprays 1692.
00:22:35 | INFO: Draco encoder: Encoding mesh Canopy sprays 1693.
00:22:35 | INFO: Draco encoder: Encoding mesh Canopy sprays 1694.
00:22:35 | INFO: Draco encoder: Encoding mesh Canopy sprays 1695.
00:22:35 | INFO: Draco encoder: Encoding mesh Canopy sprays 1696.
00:22:35 | INFO: Draco encoder: Encoding mesh Canopy sprays 1697.
00:22:35 | INFO: Draco encoder: Encoding mesh Canopy sprays 1698.
00:22:35 | INFO: Draco encoder: Encoding mesh Canopy sprays 1699.
00:22:35 | INFO: Draco encoder: Encoding mesh Canopy sprays 1700.
00:22:35 | INFO: Draco encoder: Encoding mesh Canopy sprays 1701.
00:22:35 | INFO: Draco encoder: Encoding mesh Canopy sprays 1702.
00:22:35 | INFO: Draco encoder: Encoding mesh Canopy sprays 1703.
00:22:35 | INFO: Draco encoder: Encoding mesh Canopy sprays 1704.
00:22:35 | INFO: Draco encoder: Encoding mesh Canopy sprays 1705.
00:22:35 | INFO: Draco encoder: Encoding mesh Canopy sprays 1706.
00:22:35 | INFO: Draco encoder: Encoding mesh Canopy sprays 1707.
00:22:35 | INFO: Draco encoder: Encoding mesh Canopy sprays 1708.
00:22:35 | INFO: Draco encoder: Encoding mesh Canopy sprays 1709.
00:22:35 | INFO: Draco encoder: Encoding mesh Canopy sprays 1710.
00:22:35 | INFO: Draco encoder: Encoding mesh Canopy sprays 1711.
00:22:35 | INFO: Draco encoder: Encoding mesh Canopy sprays 1712.
00:22:35 | INFO: Draco encoder: Encoding mesh Canopy sprays 1713.
00:22:35 | INFO: Draco encoder: Encoding mesh Canopy sprays 1714.
00:22:35 | INFO: Draco encoder: Encoding mesh Canopy sprays 1715.
00:22:35 | INFO: Draco encoder: Encoding mesh Canopy sprays 1716.
00:22:35 | INFO: Draco encoder: Encoding mesh Canopy sprays 1717.
00:22:35 | INFO: Draco encoder: Encoding mesh Canopy sprays 1718.
00:22:35 | INFO: Draco encoder: Encoding mesh Canopy sprays 1719.
00:22:35 | INFO: Draco encoder: Encoding mesh Canopy sprays 1720.
00:22:35 | INFO: Draco encoder: Encoding mesh Canopy sprays 1721.
00:22:35 | INFO: Draco encoder: Encoding mesh Canopy sprays 1722.
00:22:35 | INFO: Draco encoder: Encoding mesh Canopy sprays 1723.
00:22:35 | INFO: Draco encoder: Encoding mesh Canopy sprays 1724.
00:22:35 | INFO: Draco encoder: Encoding mesh Canopy sprays 1725.
00:22:35 | INFO: Draco encoder: Encoding mesh Canopy sprays 1726.
00:22:35 | INFO: Draco encoder: Encoding mesh Canopy sprays 1727.
00:22:35 | INFO: Draco encoder: Encoding mesh Canopy sprays 1728.
00:22:35 | INFO: Draco encoder: Encoding mesh Canopy sprays 1729.
00:22:35 | INFO: Draco encoder: Encoding mesh Canopy sprays 1730.
00:22:35 | INFO: Draco encoder: Encoding mesh Canopy sprays 1731.
00:22:35 | INFO: Draco encoder: Encoding mesh Canopy sprays 1732.
00:22:35 | INFO: Draco encoder: Encoding mesh Canopy sprays 1733.
00:22:35 | INFO: Draco encoder: Encoding mesh Canopy sprays 1734.
00:22:35 | INFO: Draco encoder: Encoding mesh Canopy sprays 1735.
00:22:35 | INFO: Draco encoder: Encoding mesh Canopy sprays 1736.
00:22:35 | INFO: Draco encoder: Encoding mesh Canopy sprays 1737.
00:22:35 | INFO: Draco encoder: Encoding mesh Canopy sprays 1738.
00:22:35 | INFO: Draco encoder: Encoding mesh Canopy sprays 1739.
00:22:35 | INFO: Draco encoder: Encoding mesh Canopy sprays 1740.
00:22:35 | INFO: Draco encoder: Encoding mesh Canopy sprays 1741.
00:22:35 | INFO: Draco encoder: Encoding mesh Canopy sprays 1742.
00:22:35 | INFO: Draco encoder: Encoding mesh Canopy sprays 1743.
00:22:35 | INFO: Draco encoder: Encoding mesh Canopy sprays 1744.
00:22:35 | INFO: Draco encoder: Encoding mesh Canopy sprays 1745.
00:22:35 | INFO: Draco encoder: Encoding mesh Canopy sprays 1746.
00:22:35 | INFO: Draco encoder: Encoding mesh Canopy sprays 1747.
00:22:35 | INFO: Draco encoder: Encoding mesh Canopy sprays 1748.
00:22:35 | INFO: Draco encoder: Encoding mesh Canopy sprays 1749.
00:22:35 | INFO: Draco encoder: Encoding mesh Canopy sprays 1750.
00:22:35 | INFO: Draco encoder: Encoding mesh Canopy sprays 1751.
00:22:35 | INFO: Draco encoder: Encoding mesh Canopy sprays 1752.
00:22:35 | INFO: Draco encoder: Encoding mesh Canopy sprays 1753.
00:22:35 | INFO: Draco encoder: Encoding mesh Canopy sprays 1754.
00:22:35 | INFO: Draco encoder: Encoding mesh Canopy sprays 1755.
00:22:35 | INFO: Draco encoder: Encoding mesh Canopy sprays 1756.
00:22:35 | INFO: Draco encoder: Encoding mesh Canopy sprays 1757.
00:22:35 | INFO: Draco encoder: Encoding mesh Canopy sprays 1758.
00:22:35 | INFO: Draco encoder: Encoding mesh Canopy sprays 1759.
00:22:35 | INFO: Draco encoder: Encoding mesh Canopy sprays 1760.
00:22:35 | INFO: Draco encoder: Encoding mesh Canopy sprays 1761.
00:22:35 | INFO: Draco encoder: Encoding mesh Canopy sprays 1762.
00:22:35 | INFO: Draco encoder: Encoding mesh Canopy sprays 1763.
00:22:35 | INFO: Draco encoder: Encoding mesh Canopy sprays 1764.
00:22:35 | INFO: Draco encoder: Encoding mesh Canopy sprays 1765.
00:22:35 | INFO: Draco encoder: Encoding mesh Canopy sprays 1766.
00:22:35 | INFO: Draco encoder: Encoding mesh Canopy sprays 1767.
00:22:35 | INFO: Draco encoder: Encoding mesh Canopy sprays 1768.
00:22:35 | INFO: Draco encoder: Encoding mesh Canopy sprays 1769.
00:22:35 | INFO: Draco encoder: Encoding mesh Canopy sprays 1770.
00:22:35 | INFO: Draco encoder: Encoding mesh Canopy sprays 1771.
00:22:35 | INFO: Draco encoder: Encoding mesh Canopy sprays 1772.
00:22:35 | INFO: Draco encoder: Encoding mesh Canopy sprays 1773.
00:22:35 | INFO: Draco encoder: Encoding mesh Canopy sprays 1774.
00:22:35 | INFO: Draco encoder: Encoding mesh Canopy sprays 1775.
00:22:35 | INFO: Draco encoder: Encoding mesh Canopy sprays 1776.
00:22:35 | INFO: Draco encoder: Encoding mesh Canopy sprays 1777.
00:22:35 | INFO: Draco encoder: Encoding mesh Canopy sprays 1778.
00:22:35 | INFO: Draco encoder: Encoding mesh Canopy sprays 1779.
00:22:35 | INFO: Draco encoder: Encoding mesh Canopy sprays 1780.
00:22:35 | INFO: Draco encoder: Encoding mesh Canopy sprays 1781.
00:22:35 | INFO: Draco encoder: Encoding mesh Canopy sprays 1782.
00:22:35 | INFO: Draco encoder: Encoding mesh Canopy sprays 1783.
00:22:35 | INFO: Draco encoder: Encoding mesh Canopy sprays 1784.
00:22:35 | INFO: Draco encoder: Encoding mesh Canopy sprays 1785.
00:22:35 | INFO: Draco encoder: Encoding mesh Canopy sprays 1786.
00:22:35 | INFO: Draco encoder: Encoding mesh Canopy sprays 1787.
00:22:35 | INFO: Draco encoder: Encoding mesh Canopy sprays 1788.
00:22:35 | INFO: Draco encoder: Encoding mesh Canopy sprays 1789.
00:22:35 | INFO: Draco encoder: Encoding mesh Canopy sprays 1790.
00:22:35 | INFO: Draco encoder: Encoding mesh Canopy sprays 1791.
00:22:35 | INFO: Draco encoder: Encoding mesh Canopy sprays 1792.
00:22:35 | INFO: Draco encoder: Encoding mesh Canopy sprays 1793.
00:22:35 | INFO: Draco encoder: Encoding mesh Canopy sprays 1794.
00:22:35 | INFO: Draco encoder: Encoding mesh Canopy sprays 1795.
00:22:35 | INFO: Draco encoder: Encoding mesh Canopy sprays 1796.
00:22:35 | INFO: Draco encoder: Encoding mesh Canopy sprays 1797.
00:22:35 | INFO: Draco encoder: Encoding mesh Canopy sprays 1798.
00:22:35 | INFO: Draco encoder: Encoding mesh Canopy sprays 1799.
00:22:35 | INFO: Draco encoder: Encoding mesh Canopy sprays 1800.
00:22:35 | INFO: Draco encoder: Encoding mesh Canopy sprays 1801.
00:22:35 | INFO: Draco encoder: Encoding mesh Canopy sprays 1802.
00:22:35 | INFO: Draco encoder: Encoding mesh Canopy sprays 1803.
00:22:35 | INFO: Draco encoder: Encoding mesh Canopy sprays 1804.
00:22:35 | INFO: Draco encoder: Encoding mesh Canopy sprays 1805.
00:22:35 | INFO: Draco encoder: Encoding mesh Canopy sprays 1806.
00:22:35 | INFO: Draco encoder: Encoding mesh Canopy sprays 1807.
00:22:35 | INFO: Draco encoder: Encoding mesh Canopy sprays 1808.
00:22:35 | INFO: Draco encoder: Encoding mesh Canopy sprays 1809.
00:22:35 | INFO: Draco encoder: Encoding mesh Canopy sprays 1810.
00:22:35 | INFO: Draco encoder: Encoding mesh Canopy sprays 1811.
00:22:35 | INFO: Draco encoder: Encoding mesh Canopy sprays 1812.
00:22:35 | INFO: Draco encoder: Encoding mesh Canopy sprays 1813.
00:22:35 | INFO: Draco encoder: Encoding mesh Canopy sprays 1814.
00:22:35 | INFO: Draco encoder: Encoding mesh Canopy sprays 1815.
00:22:35 | INFO: Draco encoder: Encoding mesh Canopy sprays 1816.
00:22:35 | INFO: Draco encoder: Encoding mesh Canopy sprays 1817.
00:22:35 | INFO: Draco encoder: Encoding mesh Canopy sprays 1818.
00:22:35 | INFO: Draco encoder: Encoding mesh Canopy sprays 1819.
00:22:35 | INFO: Draco encoder: Encoding mesh Canopy sprays 1820.
00:22:35 | INFO: Draco encoder: Encoding mesh Canopy sprays 1821.
00:22:35 | INFO: Draco encoder: Encoding mesh Canopy sprays 1822.
00:22:35 | INFO: Draco encoder: Encoding mesh Canopy sprays 1823.
00:22:35 | INFO: Draco encoder: Encoding mesh Canopy sprays 1824.
00:22:35 | INFO: Draco encoder: Encoding mesh Canopy sprays 1825.
00:22:35 | INFO: Draco encoder: Encoding mesh Canopy sprays 1826.
00:22:35 | INFO: Draco encoder: Encoding mesh Canopy sprays 1827.
00:22:35 | INFO: Draco encoder: Encoding mesh Canopy sprays 1828.
00:22:35 | INFO: Draco encoder: Encoding mesh Canopy sprays 1829.
00:22:35 | INFO: Draco encoder: Encoding mesh Canopy sprays 1830.
00:22:35 | INFO: Draco encoder: Encoding mesh Canopy sprays 1831.
00:22:35 | INFO: Draco encoder: Encoding mesh Canopy sprays 1832.
00:22:35 | INFO: Draco encoder: Encoding mesh Canopy sprays 1833.
00:22:35 | INFO: Draco encoder: Encoding mesh Canopy sprays 1834.
00:22:35 | INFO: Draco encoder: Encoding mesh Canopy sprays 1835.
00:22:35 | INFO: Draco encoder: Encoding mesh Canopy sprays 1836.
00:22:35 | INFO: Draco encoder: Encoding mesh Canopy sprays 1837.
00:22:35 | INFO: Draco encoder: Encoding mesh Canopy sprays 1838.
00:22:35 | INFO: Draco encoder: Encoding mesh Canopy sprays 1839.
00:22:35 | INFO: Draco encoder: Encoding mesh Canopy sprays 1840.
00:22:35 | INFO: Draco encoder: Encoding mesh Canopy sprays 1841.
00:22:35 | INFO: Draco encoder: Encoding mesh Canopy sprays 1842.
00:22:35 | INFO: Draco encoder: Encoding mesh Canopy sprays 1843.
00:22:35 | INFO: Draco encoder: Encoding mesh Canopy sprays 1844.
00:22:35 | INFO: Draco encoder: Encoding mesh Canopy sprays 1845.
00:22:35 | INFO: Draco encoder: Encoding mesh Canopy sprays 1846.
00:22:35 | INFO: Draco encoder: Encoding mesh Canopy sprays 1847.
00:22:35 | INFO: Draco encoder: Encoding mesh Canopy sprays 1848.
00:22:35 | INFO: Draco encoder: Encoding mesh Canopy sprays 1849.
00:22:35 | INFO: Draco encoder: Encoding mesh Canopy sprays 1850.
00:22:35 | INFO: Draco encoder: Encoding mesh Canopy sprays 1851.
00:22:35 | INFO: Draco encoder: Encoding mesh Canopy sprays 1852.
00:22:35 | INFO: Draco encoder: Encoding mesh Canopy sprays 1853.
00:22:35 | INFO: Draco encoder: Encoding mesh Canopy sprays 1854.
00:22:35 | INFO: Draco encoder: Encoding mesh Canopy sprays 1855.
00:22:35 | INFO: Draco encoder: Encoding mesh Canopy sprays 1856.
00:22:35 | INFO: Draco encoder: Encoding mesh Canopy sprays 1857.
00:22:35 | INFO: Draco encoder: Encoding mesh Canopy sprays 1858.
00:22:35 | INFO: Draco encoder: Encoding mesh Canopy sprays 1859.
00:22:35 | INFO: Draco encoder: Encoding mesh Canopy sprays 1860.
00:22:35 | INFO: Draco encoder: Encoding mesh Canopy sprays 1861.
00:22:35 | INFO: Draco encoder: Encoding mesh Canopy sprays 1862.
00:22:35 | INFO: Draco encoder: Encoding mesh Canopy sprays 1863.
00:22:35 | INFO: Draco encoder: Encoding mesh Canopy sprays 1864.
00:22:35 | INFO: Draco encoder: Encoding mesh Canopy sprays 1865.
00:22:35 | INFO: Draco encoder: Encoding mesh Canopy sprays 1866.
00:22:35 | INFO: Draco encoder: Encoding mesh Canopy sprays 1867.
00:22:35 | INFO: Draco encoder: Encoding mesh Canopy sprays 1868.
00:22:35 | INFO: Draco encoder: Encoding mesh Canopy sprays 1869.
00:22:35 | INFO: Draco encoder: Encoding mesh Canopy sprays 1870.
00:22:35 | INFO: Draco encoder: Encoding mesh Canopy sprays 1871.
00:22:35 | INFO: Draco encoder: Encoding mesh Canopy sprays 1872.
00:22:35 | INFO: Draco encoder: Encoding mesh Canopy sprays 1873.
00:22:35 | INFO: Draco encoder: Encoding mesh Canopy sprays 1874.
00:22:35 | INFO: Draco encoder: Encoding mesh Canopy sprays 1875.
00:22:35 | INFO: Draco encoder: Encoding mesh Canopy sprays 1876.
00:22:35 | INFO: Draco encoder: Encoding mesh Canopy sprays 1877.
00:22:35 | INFO: Draco encoder: Encoding mesh Canopy sprays 1878.
00:22:35 | INFO: Draco encoder: Encoding mesh Canopy sprays 1879.
00:22:35 | INFO: Draco encoder: Encoding mesh Canopy sprays 1880.
00:22:35 | INFO: Draco encoder: Encoding mesh Canopy sprays 1881.
00:22:35 | INFO: Draco encoder: Encoding mesh Canopy sprays 1882.
00:22:35 | INFO: Draco encoder: Encoding mesh Canopy sprays 1883.
00:22:35 | INFO: Draco encoder: Encoding mesh Canopy sprays 1884.
00:22:35 | INFO: Draco encoder: Encoding mesh Canopy sprays 1885.
00:22:35 | INFO: Draco encoder: Encoding mesh Canopy sprays 1886.
00:22:35 | INFO: Draco encoder: Encoding mesh Canopy sprays 1887.
00:22:35 | INFO: Draco encoder: Encoding mesh Canopy sprays 1888.
00:22:35 | INFO: Draco encoder: Encoding mesh Canopy sprays 1889.
00:22:35 | INFO: Draco encoder: Encoding mesh Canopy sprays 1890.
00:22:35 | INFO: Draco encoder: Encoding mesh Canopy sprays 1891.
00:22:35 | INFO: Draco encoder: Encoding mesh Canopy sprays 1892.
00:22:35 | INFO: Draco encoder: Encoding mesh Canopy sprays 1893.
00:22:35 | INFO: Draco encoder: Encoding mesh Canopy sprays 1894.
00:22:35 | INFO: Draco encoder: Encoding mesh Canopy sprays 1895.
00:22:35 | INFO: Draco encoder: Encoding mesh Canopy sprays 1896.
00:22:35 | INFO: Draco encoder: Encoding mesh Canopy sprays 1897.
00:22:35 | INFO: Draco encoder: Encoding mesh Canopy sprays 1898.
00:22:35 | INFO: Draco encoder: Encoding mesh Canopy sprays 1899.
00:22:35 | INFO: Draco encoder: Encoding mesh Canopy sprays 1900.
00:22:35 | INFO: Draco encoder: Encoding mesh Canopy sprays 1901.
00:22:35 | INFO: Draco encoder: Encoding mesh Canopy sprays 1902.
00:22:35 | INFO: Draco encoder: Encoding mesh Canopy sprays 1903.
00:22:35 | INFO: Draco encoder: Encoding mesh Canopy sprays 1904.
00:22:35 | INFO: Draco encoder: Encoding mesh Canopy sprays 1905.
00:22:35 | INFO: Draco encoder: Encoding mesh Canopy sprays 1906.
00:22:35 | INFO: Draco encoder: Encoding mesh Canopy sprays 1907.
00:22:35 | INFO: Draco encoder: Encoding mesh Canopy sprays 1908.
00:22:35 | INFO: Draco encoder: Encoding mesh Canopy sprays 1909.
00:22:35 | INFO: Draco encoder: Encoding mesh Canopy sprays 1910.
00:22:35 | INFO: Draco encoder: Encoding mesh Canopy sprays 1911.
00:22:35 | INFO: Draco encoder: Encoding mesh Canopy sprays 1912.
00:22:35 | INFO: Draco encoder: Encoding mesh Canopy sprays 1913.
00:22:35 | INFO: Draco encoder: Encoding mesh Canopy sprays 1914.
00:22:35 | INFO: Draco encoder: Encoding mesh Canopy sprays 1915.
00:22:35 | INFO: Draco encoder: Encoding mesh Canopy sprays 1916.
00:22:35 | INFO: Draco encoder: Encoding mesh Canopy sprays 1917.
00:22:35 | INFO: Draco encoder: Encoding mesh Canopy sprays 1918.
00:22:35 | INFO: Draco encoder: Encoding mesh Canopy sprays 1919.
00:22:35 | INFO: Draco encoder: Encoding mesh Canopy sprays 2590.
00:22:35 | INFO: Draco encoder: Encoding mesh Canopy sprays 2591.
00:22:35 | INFO: Draco encoder: Encoding mesh Canopy sprays 2592.
00:22:35 | INFO: Draco encoder: Encoding mesh Canopy sprays 2593.
00:22:35 | INFO: Draco encoder: Encoding mesh Canopy sprays 2594.
00:22:35 | INFO: Draco encoder: Encoding mesh Canopy sprays 2595.
00:22:35 | INFO: Draco encoder: Encoding mesh Canopy sprays 2596.
00:22:35 | INFO: Draco encoder: Encoding mesh Canopy sprays 2597.
00:22:35 | INFO: Draco encoder: Encoding mesh Canopy sprays 2598.
00:22:35 | INFO: Draco encoder: Encoding mesh Canopy sprays 2599.
00:22:35 | INFO: Draco encoder: Encoding mesh Canopy sprays 2600.
00:22:35 | INFO: Draco encoder: Encoding mesh Canopy sprays 2601.
00:22:35 | INFO: Draco encoder: Encoding mesh Canopy sprays 2602.
00:22:35 | INFO: Draco encoder: Encoding mesh Canopy sprays 2603.
00:22:35 | INFO: Draco encoder: Encoding mesh Canopy sprays 2604.
00:22:35 | INFO: Draco encoder: Encoding mesh Canopy sprays 2605.
00:22:35 | INFO: Draco encoder: Encoding mesh Canopy sprays 2606.
00:22:35 | INFO: Draco encoder: Encoding mesh Canopy sprays 2607.
00:22:35 | INFO: Draco encoder: Encoding mesh Canopy sprays 2608.
00:22:35 | INFO: Draco encoder: Encoding mesh Canopy sprays 2609.
00:22:35 | INFO: Draco encoder: Encoding mesh Canopy sprays 2610.
00:22:35 | INFO: Draco encoder: Encoding mesh Canopy sprays 2611.
00:22:35 | INFO: Draco encoder: Encoding mesh Canopy sprays 2612.
00:22:35 | INFO: Draco encoder: Encoding mesh Canopy sprays 2613.
00:22:35 | INFO: Draco encoder: Encoding mesh Canopy sprays 2614.
00:22:35 | INFO: Draco encoder: Encoding mesh Canopy sprays 2615.
00:22:35 | INFO: Draco encoder: Encoding mesh Canopy sprays 2616.
00:22:35 | INFO: Draco encoder: Encoding mesh Canopy sprays 2617.
00:22:35 | INFO: Draco encoder: Encoding mesh Canopy sprays 2618.
00:22:35 | INFO: Draco encoder: Encoding mesh Canopy sprays 2619.
00:22:35 | INFO: Draco encoder: Encoding mesh Canopy sprays 2620.
00:22:35 | INFO: Draco encoder: Encoding mesh Canopy sprays 2621.
00:22:35 | INFO: Draco encoder: Encoding mesh Canopy sprays 2622.
00:22:35 | INFO: Draco encoder: Encoding mesh Canopy sprays 2623.
00:22:35 | INFO: Draco encoder: Encoding mesh Canopy sprays 2624.
00:22:35 | INFO: Draco encoder: Encoding mesh Canopy sprays 2625.
00:22:35 | INFO: Draco encoder: Encoding mesh Canopy sprays 2626.
00:22:35 | INFO: Draco encoder: Encoding mesh Canopy sprays 2627.
00:22:35 | INFO: Draco encoder: Encoding mesh Canopy sprays 2628.
00:22:35 | INFO: Draco encoder: Encoding mesh Canopy sprays 2629.
00:22:35 | INFO: Draco encoder: Encoding mesh Canopy sprays 2630.
00:22:35 | INFO: Draco encoder: Encoding mesh Canopy sprays 2631.
00:22:35 | INFO: Draco encoder: Encoding mesh Canopy sprays 2632.
00:22:35 | INFO: Draco encoder: Encoding mesh Canopy sprays 2633.
00:22:35 | INFO: Draco encoder: Encoding mesh Canopy sprays 2634.
00:22:35 | INFO: Draco encoder: Encoding mesh Canopy sprays 2635.
00:22:35 | INFO: Draco encoder: Encoding mesh Canopy sprays 2636.
00:22:35 | INFO: Draco encoder: Encoding mesh Canopy sprays 2637.
00:22:35 | INFO: Draco encoder: Encoding mesh Canopy sprays 2638.
00:22:35 | INFO: Draco encoder: Encoding mesh Canopy sprays 2639.
00:22:35 | INFO: Draco encoder: Encoding mesh Canopy sprays 2640.
00:22:35 | INFO: Draco encoder: Encoding mesh Canopy sprays 2641.
00:22:35 | INFO: Draco encoder: Encoding mesh Canopy sprays 2642.
00:22:35 | INFO: Draco encoder: Encoding mesh Canopy sprays 2643.
00:22:35 | INFO: Draco encoder: Encoding mesh Canopy sprays 2644.
00:22:35 | INFO: Draco encoder: Encoding mesh Canopy sprays 2645.
00:22:35 | INFO: Draco encoder: Encoding mesh Canopy sprays 2646.
00:22:35 | INFO: Draco encoder: Encoding mesh Canopy sprays 2647.
00:22:35 | INFO: Draco encoder: Encoding mesh Canopy sprays 2648.
00:22:35 | INFO: Draco encoder: Encoding mesh Canopy sprays 2649.
00:22:35 | INFO: Draco encoder: Encoding mesh Canopy sprays 2650.
00:22:35 | INFO: Draco encoder: Encoding mesh Canopy sprays 2651.
00:22:35 | INFO: Draco encoder: Encoding mesh Canopy sprays 2652.
00:22:35 | INFO: Draco encoder: Encoding mesh Canopy sprays 2653.
00:22:35 | INFO: Draco encoder: Encoding mesh Canopy sprays 2654.
00:22:35 | INFO: Draco encoder: Encoding mesh Canopy sprays 2655.
00:22:35 | INFO: Draco encoder: Encoding mesh Canopy sprays 2656.
00:22:35 | INFO: Draco encoder: Encoding mesh Canopy sprays 2657.
00:22:35 | INFO: Draco encoder: Encoding mesh Canopy sprays 2658.
00:22:35 | INFO: Draco encoder: Encoding mesh Canopy sprays 2659.
00:22:35 | INFO: Draco encoder: Encoding mesh Canopy sprays 2660.
00:22:35 | INFO: Draco encoder: Encoding mesh Canopy sprays 2661.
00:22:35 | INFO: Draco encoder: Encoding mesh Canopy sprays 2662.
00:22:35 | INFO: Draco encoder: Encoding mesh Canopy sprays 2663.
00:22:35 | INFO: Draco encoder: Encoding mesh Canopy sprays 2664.
00:22:35 | INFO: Draco encoder: Encoding mesh Canopy sprays 2665.
00:22:35 | INFO: Draco encoder: Encoding mesh Canopy sprays 2666.
00:22:35 | INFO: Draco encoder: Encoding mesh Canopy sprays 2667.
00:22:35 | INFO: Draco encoder: Encoding mesh Canopy sprays 2668.
00:22:35 | INFO: Draco encoder: Encoding mesh Canopy sprays 2669.
00:22:35 | INFO: Draco encoder: Encoding mesh Canopy sprays 2670.
00:22:35 | INFO: Draco encoder: Encoding mesh Canopy sprays 2671.
00:22:35 | INFO: Draco encoder: Encoding mesh Canopy sprays 2672.
00:22:35 | INFO: Draco encoder: Encoding mesh Canopy sprays 2673.
00:22:35 | INFO: Draco encoder: Encoding mesh Canopy sprays 2674.
00:22:35 | INFO: Draco encoder: Encoding mesh Canopy sprays 2675.
00:22:35 | INFO: Draco encoder: Encoding mesh Canopy sprays 2676.
00:22:35 | INFO: Draco encoder: Encoding mesh Canopy sprays 2677.
00:22:35 | INFO: Draco encoder: Encoding mesh Canopy sprays 2678.
00:22:35 | INFO: Draco encoder: Encoding mesh Canopy sprays 2679.
00:22:35 | INFO: Draco encoder: Encoding mesh Canopy sprays 2680.
00:22:35 | INFO: Draco encoder: Encoding mesh Canopy sprays 2681.
00:22:35 | INFO: Draco encoder: Encoding mesh Canopy sprays 2682.
00:22:35 | INFO: Draco encoder: Encoding mesh Canopy sprays 2683.
00:22:35 | INFO: Draco encoder: Encoding mesh Canopy sprays 2684.
00:22:35 | INFO: Draco encoder: Encoding mesh Canopy sprays 2685.
00:22:35 | INFO: Draco encoder: Encoding mesh Canopy sprays 2686.
00:22:35 | INFO: Draco encoder: Encoding mesh Canopy sprays 2687.
00:22:35 | INFO: Draco encoder: Encoding mesh Canopy sprays 2688.
00:22:35 | INFO: Draco encoder: Encoding mesh Canopy sprays 2689.
00:22:35 | INFO: Draco encoder: Encoding mesh Canopy sprays 2690.
00:22:35 | INFO: Draco encoder: Encoding mesh Canopy sprays 2691.
00:22:35 | INFO: Draco encoder: Encoding mesh Canopy sprays 2692.
00:22:35 | INFO: Draco encoder: Encoding mesh Canopy sprays 2693.
00:22:35 | INFO: Draco encoder: Encoding mesh Canopy sprays 2694.
00:22:35 | INFO: Draco encoder: Encoding mesh Canopy sprays 2695.
00:22:35 | INFO: Draco encoder: Encoding mesh Canopy sprays 2696.
00:22:35 | INFO: Draco encoder: Encoding mesh Canopy sprays 2697.
00:22:35 | INFO: Draco encoder: Encoding mesh Canopy sprays 2698.
00:22:35 | INFO: Draco encoder: Encoding mesh Canopy sprays 2699.
00:22:35 | INFO: Draco encoder: Encoding mesh Canopy sprays 2700.
00:22:35 | INFO: Draco encoder: Encoding mesh Canopy sprays 2701.
00:22:35 | INFO: Draco encoder: Encoding mesh Canopy sprays 2702.
00:22:35 | INFO: Draco encoder: Encoding mesh Canopy sprays 2703.
00:22:35 | INFO: Draco encoder: Encoding mesh Canopy sprays 2704.
00:22:35 | INFO: Draco encoder: Encoding mesh Canopy sprays 2705.
00:22:35 | INFO: Draco encoder: Encoding mesh Canopy sprays 2706.
00:22:35 | INFO: Draco encoder: Encoding mesh Canopy sprays 2707.
00:22:35 | INFO: Draco encoder: Encoding mesh Canopy sprays 2708.
00:22:35 | INFO: Draco encoder: Encoding mesh Canopy sprays 2709.
00:22:35 | INFO: Draco encoder: Encoding mesh Canopy sprays 2710.
00:22:35 | INFO: Draco encoder: Encoding mesh Canopy sprays 2711.
00:22:35 | INFO: Draco encoder: Encoding mesh Canopy sprays 2712.
00:22:35 | INFO: Draco encoder: Encoding mesh Canopy sprays 2713.
00:22:35 | INFO: Draco encoder: Encoding mesh Canopy sprays 2714.
00:22:35 | INFO: Draco encoder: Encoding mesh Canopy sprays 2715.
00:22:35 | INFO: Draco encoder: Encoding mesh Canopy sprays 2716.
00:22:35 | INFO: Draco encoder: Encoding mesh Canopy sprays 2717.
00:22:35 | INFO: Draco encoder: Encoding mesh Canopy sprays 2718.
00:22:35 | INFO: Draco encoder: Encoding mesh Canopy sprays 2719.
00:22:35 | INFO: Draco encoder: Encoding mesh Canopy sprays 2720.
00:22:35 | INFO: Draco encoder: Encoding mesh Canopy sprays 2721.
00:22:35 | INFO: Draco encoder: Encoding mesh Canopy sprays 2722.
00:22:35 | INFO: Draco encoder: Encoding mesh Canopy sprays 2723.
00:22:35 | INFO: Draco encoder: Encoding mesh Canopy sprays 2724.
00:22:35 | INFO: Draco encoder: Encoding mesh Canopy sprays 2725.
00:22:35 | INFO: Draco encoder: Encoding mesh Canopy sprays 2726.
00:22:35 | INFO: Draco encoder: Encoding mesh Canopy sprays 2727.
00:22:35 | INFO: Draco encoder: Encoding mesh Canopy sprays 2728.
00:22:35 | INFO: Draco encoder: Encoding mesh Canopy sprays 2729.
00:22:35 | INFO: Draco encoder: Encoding mesh Canopy sprays 2730.
00:22:35 | INFO: Draco encoder: Encoding mesh Canopy sprays 2731.
00:22:35 | INFO: Draco encoder: Encoding mesh Canopy sprays 2732.
00:22:35 | INFO: Draco encoder: Encoding mesh Canopy sprays 2733.
00:22:35 | INFO: Draco encoder: Encoding mesh Canopy sprays 2734.
00:22:35 | INFO: Draco encoder: Encoding mesh Canopy sprays 2735.
00:22:35 | INFO: Draco encoder: Encoding mesh Canopy sprays 2736.
00:22:35 | INFO: Draco encoder: Encoding mesh Canopy sprays 2737.
00:22:35 | INFO: Draco encoder: Encoding mesh Canopy sprays 2738.
00:22:35 | INFO: Draco encoder: Encoding mesh Canopy sprays 2739.
00:22:35 | INFO: Draco encoder: Encoding mesh Canopy sprays 2740.
00:22:35 | INFO: Draco encoder: Encoding mesh Canopy sprays 2741.
00:22:35 | INFO: Draco encoder: Encoding mesh Canopy sprays 2742.
00:22:35 | INFO: Draco encoder: Encoding mesh Canopy sprays 2743.
00:22:35 | INFO: Draco encoder: Encoding mesh Canopy sprays 2744.
00:22:35 | INFO: Draco encoder: Encoding mesh Canopy sprays 2745.
00:22:35 | INFO: Draco encoder: Encoding mesh Canopy sprays 2746.
00:22:35 | INFO: Draco encoder: Encoding mesh Canopy sprays 2747.
00:22:35 | INFO: Draco encoder: Encoding mesh Canopy sprays 2748.
00:22:35 | INFO: Draco encoder: Encoding mesh Canopy sprays 2749.
00:22:35 | INFO: Draco encoder: Encoding mesh Canopy sprays 2750.
00:22:35 | INFO: Draco encoder: Encoding mesh Canopy sprays 2751.
00:22:35 | INFO: Draco encoder: Encoding mesh Canopy sprays 2752.
00:22:35 | INFO: Draco encoder: Encoding mesh Canopy sprays 2753.
00:22:35 | INFO: Draco encoder: Encoding mesh Canopy sprays 2754.
00:22:35 | INFO: Draco encoder: Encoding mesh Canopy sprays 2755.
00:22:35 | INFO: Draco encoder: Encoding mesh Canopy sprays 2756.
00:22:35 | INFO: Draco encoder: Encoding mesh Canopy sprays 2757.
00:22:35 | INFO: Draco encoder: Encoding mesh Canopy sprays 2758.
00:22:35 | INFO: Draco encoder: Encoding mesh Canopy sprays 2759.
00:22:35 | INFO: Draco encoder: Encoding mesh Canopy sprays 2760.
00:22:35 | INFO: Draco encoder: Encoding mesh Canopy sprays 2761.
00:22:35 | INFO: Draco encoder: Encoding mesh Canopy sprays 2762.
00:22:35 | INFO: Draco encoder: Encoding mesh Canopy sprays 2763.
00:22:35 | INFO: Draco encoder: Encoding mesh Canopy sprays 2764.
00:22:35 | INFO: Draco encoder: Encoding mesh Canopy sprays 2765.
00:22:35 | INFO: Draco encoder: Encoding mesh Canopy sprays 2766.
00:22:35 | INFO: Draco encoder: Encoding mesh Canopy sprays 2767.
00:22:35 | INFO: Draco encoder: Encoding mesh Canopy sprays 2768.
00:22:35 | INFO: Draco encoder: Encoding mesh Canopy sprays 2769.
00:22:35 | INFO: Draco encoder: Encoding mesh Canopy sprays 2770.
00:22:35 | INFO: Draco encoder: Encoding mesh Canopy sprays 2771.
00:22:35 | INFO: Draco encoder: Encoding mesh Canopy sprays 2772.
00:22:35 | INFO: Draco encoder: Encoding mesh Canopy sprays 2773.
00:22:35 | INFO: Draco encoder: Encoding mesh Canopy sprays 2774.
00:22:35 | INFO: Draco encoder: Encoding mesh Canopy sprays 2775.
00:22:35 | INFO: Draco encoder: Encoding mesh Canopy sprays 2776.
00:22:35 | INFO: Draco encoder: Encoding mesh Canopy sprays 2777.
00:22:35 | INFO: Draco encoder: Encoding mesh Canopy sprays 2778.
00:22:35 | INFO: Draco encoder: Encoding mesh Canopy sprays 2779.
00:22:35 | INFO: Draco encoder: Encoding mesh Canopy sprays 2780.
00:22:35 | INFO: Draco encoder: Encoding mesh Canopy sprays 2781.
00:22:35 | INFO: Draco encoder: Encoding mesh Canopy sprays 2782.
00:22:35 | INFO: Draco encoder: Encoding mesh Canopy sprays 2783.
00:22:35 | INFO: Draco encoder: Encoding mesh Canopy sprays 2784.
00:22:35 | INFO: Draco encoder: Encoding mesh Canopy sprays 2785.
00:22:35 | INFO: Draco encoder: Encoding mesh Canopy sprays 2786.
00:22:35 | INFO: Draco encoder: Encoding mesh Canopy sprays 2787.
00:22:35 | INFO: Draco encoder: Encoding mesh Canopy sprays 2788.
00:22:35 | INFO: Draco encoder: Encoding mesh Canopy sprays 2789.
00:22:35 | INFO: Draco encoder: Encoding mesh Canopy sprays 2790.
00:22:35 | INFO: Draco encoder: Encoding mesh Canopy sprays 2791.
00:22:35 | INFO: Draco encoder: Encoding mesh Canopy sprays 2792.
00:22:35 | INFO: Draco encoder: Encoding mesh Canopy sprays 2793.
00:22:35 | INFO: Draco encoder: Encoding mesh Canopy sprays 2794.
00:22:35 | INFO: Draco encoder: Encoding mesh Canopy sprays 2795.
00:22:35 | INFO: Draco encoder: Encoding mesh Canopy sprays 2796.
00:22:35 | INFO: Draco encoder: Encoding mesh Canopy sprays 2797.
00:22:35 | INFO: Draco encoder: Encoding mesh Canopy sprays 2798.
00:22:35 | INFO: Draco encoder: Encoding mesh Canopy sprays 2799.
00:22:35 | INFO: Draco encoder: Encoding mesh Canopy sprays 1920.
00:22:35 | INFO: Draco encoder: Encoding mesh Canopy sprays 1921.
00:22:35 | INFO: Draco encoder: Encoding mesh Canopy sprays 1922.
00:22:35 | INFO: Draco encoder: Encoding mesh Canopy sprays 1923.
00:22:35 | INFO: Draco encoder: Encoding mesh Canopy sprays 1924.
00:22:35 | INFO: Draco encoder: Encoding mesh Canopy sprays 1925.
00:22:35 | INFO: Draco encoder: Encoding mesh Canopy sprays 1926.
00:22:35 | INFO: Draco encoder: Encoding mesh Canopy sprays 1927.
00:22:35 | INFO: Draco encoder: Encoding mesh Canopy sprays 1928.
00:22:35 | INFO: Draco encoder: Encoding mesh Canopy sprays 1929.
00:22:35 | INFO: Draco encoder: Encoding mesh Canopy sprays 1930.
00:22:35 | INFO: Draco encoder: Encoding mesh Canopy sprays 1931.
00:22:35 | INFO: Draco encoder: Encoding mesh Canopy sprays 1932.
00:22:35 | INFO: Draco encoder: Encoding mesh Canopy sprays 1933.
00:22:35 | INFO: Draco encoder: Encoding mesh Canopy sprays 1934.
00:22:35 | INFO: Draco encoder: Encoding mesh Canopy sprays 1935.
00:22:35 | INFO: Draco encoder: Encoding mesh Canopy sprays 1936.
00:22:35 | INFO: Draco encoder: Encoding mesh Canopy sprays 1937.
00:22:35 | INFO: Draco encoder: Encoding mesh Canopy sprays 1938.
00:22:35 | INFO: Draco encoder: Encoding mesh Canopy sprays 1939.
00:22:35 | INFO: Draco encoder: Encoding mesh Canopy sprays 1940.
00:22:35 | INFO: Draco encoder: Encoding mesh Canopy sprays 1941.
00:22:35 | INFO: Draco encoder: Encoding mesh Canopy sprays 1942.
00:22:35 | INFO: Draco encoder: Encoding mesh Canopy sprays 1943.
00:22:35 | INFO: Draco encoder: Encoding mesh Canopy sprays 1944.
00:22:35 | INFO: Draco encoder: Encoding mesh Canopy sprays 1945.
00:22:35 | INFO: Draco encoder: Encoding mesh Canopy sprays 1946.
00:22:35 | INFO: Draco encoder: Encoding mesh Canopy sprays 1947.
00:22:35 | INFO: Draco encoder: Encoding mesh Canopy sprays 1948.
00:22:35 | INFO: Draco encoder: Encoding mesh Canopy sprays 1949.
00:22:35 | INFO: Draco encoder: Encoding mesh Canopy sprays 1950.
00:22:35 | INFO: Draco encoder: Encoding mesh Canopy sprays 1951.
00:22:35 | INFO: Draco encoder: Encoding mesh Canopy sprays 1952.
00:22:35 | INFO: Draco encoder: Encoding mesh Canopy sprays 1953.
00:22:35 | INFO: Draco encoder: Encoding mesh Canopy sprays 1954.
00:22:35 | INFO: Draco encoder: Encoding mesh Canopy sprays 1955.
00:22:35 | INFO: Draco encoder: Encoding mesh Canopy sprays 1956.
00:22:35 | INFO: Draco encoder: Encoding mesh Canopy sprays 1957.
00:22:35 | INFO: Draco encoder: Encoding mesh Canopy sprays 1958.
00:22:35 | INFO: Draco encoder: Encoding mesh Canopy sprays 1959.
00:22:35 | INFO: Draco encoder: Encoding mesh Canopy sprays 1960.
00:22:35 | INFO: Draco encoder: Encoding mesh Canopy sprays 1961.
00:22:35 | INFO: Draco encoder: Encoding mesh Canopy sprays 1962.
00:22:35 | INFO: Draco encoder: Encoding mesh Canopy sprays 1963.
00:22:35 | INFO: Draco encoder: Encoding mesh Canopy sprays 1964.
00:22:35 | INFO: Draco encoder: Encoding mesh Canopy sprays 1965.
00:22:35 | INFO: Draco encoder: Encoding mesh Canopy sprays 1966.
00:22:35 | INFO: Draco encoder: Encoding mesh Canopy sprays 1967.
00:22:35 | INFO: Draco encoder: Encoding mesh Canopy sprays 1968.
00:22:35 | INFO: Draco encoder: Encoding mesh Canopy sprays 1969.
00:22:35 | INFO: Draco encoder: Encoding mesh Canopy sprays 1970.
00:22:35 | INFO: Draco encoder: Encoding mesh Canopy sprays 1971.
00:22:35 | INFO: Draco encoder: Encoding mesh Canopy sprays 1972.
00:22:35 | INFO: Draco encoder: Encoding mesh Canopy sprays 1973.
00:22:35 | INFO: Draco encoder: Encoding mesh Canopy sprays 1974.
00:22:35 | INFO: Draco encoder: Encoding mesh Canopy sprays 1975.
00:22:35 | INFO: Draco encoder: Encoding mesh Canopy sprays 1976.
00:22:35 | INFO: Draco encoder: Encoding mesh Canopy sprays 1977.
00:22:35 | INFO: Draco encoder: Encoding mesh Canopy sprays 1978.
00:22:35 | INFO: Draco encoder: Encoding mesh Canopy sprays 1979.
00:22:35 | INFO: Draco encoder: Encoding mesh Canopy sprays 1980.
00:22:35 | INFO: Draco encoder: Encoding mesh Canopy sprays 1981.
00:22:35 | INFO: Draco encoder: Encoding mesh Canopy sprays 1982.
00:22:35 | INFO: Draco encoder: Encoding mesh Canopy sprays 1983.
00:22:35 | INFO: Draco encoder: Encoding mesh Canopy sprays 1984.
00:22:35 | INFO: Draco encoder: Encoding mesh Canopy sprays 1985.
00:22:35 | INFO: Draco encoder: Encoding mesh Canopy sprays 1986.
00:22:35 | INFO: Draco encoder: Encoding mesh Canopy sprays 1987.
00:22:35 | INFO: Draco encoder: Encoding mesh Canopy sprays 1988.
00:22:35 | INFO: Draco encoder: Encoding mesh Canopy sprays 1989.
00:22:35 | INFO: Draco encoder: Encoding mesh Canopy sprays 1990.
00:22:35 | INFO: Draco encoder: Encoding mesh Canopy sprays 1991.
00:22:35 | INFO: Draco encoder: Encoding mesh Canopy sprays 1992.
00:22:35 | INFO: Draco encoder: Encoding mesh Canopy sprays 1993.
00:22:35 | INFO: Draco encoder: Encoding mesh Canopy sprays 1994.
00:22:35 | INFO: Draco encoder: Encoding mesh Canopy sprays 1995.
00:22:35 | INFO: Draco encoder: Encoding mesh Canopy sprays 1996.
00:22:35 | INFO: Draco encoder: Encoding mesh Canopy sprays 1997.
00:22:35 | INFO: Draco encoder: Encoding mesh Canopy sprays 1998.
00:22:35 | INFO: Draco encoder: Encoding mesh Canopy sprays 1999.
00:22:35 | INFO: Draco encoder: Encoding mesh Canopy sprays 2000.
00:22:35 | INFO: Draco encoder: Encoding mesh Canopy sprays 2001.
00:22:35 | INFO: Draco encoder: Encoding mesh Canopy sprays 2002.
00:22:35 | INFO: Draco encoder: Encoding mesh Canopy sprays 2003.
00:22:35 | INFO: Draco encoder: Encoding mesh Canopy sprays 2004.
00:22:35 | INFO: Draco encoder: Encoding mesh Canopy sprays 2005.
00:22:35 | INFO: Draco encoder: Encoding mesh Canopy sprays 2006.
00:22:35 | INFO: Draco encoder: Encoding mesh Canopy sprays 2007.
00:22:35 | INFO: Draco encoder: Encoding mesh Canopy sprays 2008.
00:22:35 | INFO: Draco encoder: Encoding mesh Canopy sprays 2009.
00:22:35 | INFO: Draco encoder: Encoding mesh Canopy sprays 2010.
00:22:35 | INFO: Draco encoder: Encoding mesh Canopy sprays 2011.
00:22:35 | INFO: Draco encoder: Encoding mesh Canopy sprays 2012.
00:22:35 | INFO: Draco encoder: Encoding mesh Canopy sprays 2013.
00:22:35 | INFO: Draco encoder: Encoding mesh Canopy sprays 2014.
00:22:35 | INFO: Draco encoder: Encoding mesh Canopy sprays 2015.
00:22:35 | INFO: Draco encoder: Encoding mesh Canopy sprays 2016.
00:22:35 | INFO: Draco encoder: Encoding mesh Canopy sprays 2017.
00:22:35 | INFO: Draco encoder: Encoding mesh Canopy sprays 2018.
00:22:35 | INFO: Draco encoder: Encoding mesh Canopy sprays 2019.
00:22:35 | INFO: Draco encoder: Encoding mesh Canopy sprays 2020.
00:22:35 | INFO: Draco encoder: Encoding mesh Canopy sprays 2021.
00:22:35 | INFO: Draco encoder: Encoding mesh Canopy sprays 2022.
00:22:35 | INFO: Draco encoder: Encoding mesh Canopy sprays 2023.
00:22:35 | INFO: Draco encoder: Encoding mesh Canopy sprays 2024.
00:22:35 | INFO: Draco encoder: Encoding mesh Canopy sprays 2025.
00:22:35 | INFO: Draco encoder: Encoding mesh Canopy sprays 2026.
00:22:35 | INFO: Draco encoder: Encoding mesh Canopy sprays 2027.
00:22:35 | INFO: Draco encoder: Encoding mesh Canopy sprays 2028.
00:22:35 | INFO: Draco encoder: Encoding mesh Canopy sprays 2029.
00:22:35 | INFO: Draco encoder: Encoding mesh Canopy sprays 2030.
00:22:35 | INFO: Draco encoder: Encoding mesh Canopy sprays 2031.
00:22:35 | INFO: Draco encoder: Encoding mesh Canopy sprays 2032.
00:22:35 | INFO: Draco encoder: Encoding mesh Canopy sprays 2033.
00:22:35 | INFO: Draco encoder: Encoding mesh Canopy sprays 2034.
00:22:35 | INFO: Draco encoder: Encoding mesh Canopy sprays 2035.
00:22:35 | INFO: Draco encoder: Encoding mesh Canopy sprays 2036.
00:22:35 | INFO: Draco encoder: Encoding mesh Canopy sprays 2037.
00:22:35 | INFO: Draco encoder: Encoding mesh Canopy sprays 2038.
00:22:35 | INFO: Draco encoder: Encoding mesh Canopy sprays 2039.
00:22:35 | INFO: Draco encoder: Encoding mesh Canopy sprays 2040.
00:22:35 | INFO: Draco encoder: Encoding mesh Canopy sprays 2041.
00:22:35 | INFO: Draco encoder: Encoding mesh Canopy sprays 2042.
00:22:35 | INFO: Draco encoder: Encoding mesh Canopy sprays 2043.
00:22:35 | INFO: Draco encoder: Encoding mesh Canopy sprays 2044.
00:22:35 | INFO: Draco encoder: Encoding mesh Canopy sprays 2045.
00:22:35 | INFO: Draco encoder: Encoding mesh Canopy sprays 2046.
00:22:35 | INFO: Draco encoder: Encoding mesh Canopy sprays 2047.
00:22:35 | INFO: Draco encoder: Encoding mesh Canopy sprays 2048.
00:22:35 | INFO: Draco encoder: Encoding mesh Canopy sprays 2049.
00:22:35 | INFO: Draco encoder: Encoding mesh Canopy sprays 2050.
00:22:35 | INFO: Draco encoder: Encoding mesh Canopy sprays 2051.
00:22:35 | INFO: Draco encoder: Encoding mesh Canopy sprays 2052.
00:22:35 | INFO: Draco encoder: Encoding mesh Canopy sprays 2053.
00:22:35 | INFO: Draco encoder: Encoding mesh Canopy sprays 2054.
00:22:35 | INFO: Draco encoder: Encoding mesh Canopy sprays 2055.
00:22:35 | INFO: Draco encoder: Encoding mesh Canopy sprays 2056.
00:22:35 | INFO: Draco encoder: Encoding mesh Canopy sprays 2057.
00:22:35 | INFO: Draco encoder: Encoding mesh Canopy sprays 2058.
00:22:35 | INFO: Draco encoder: Encoding mesh Canopy sprays 2059.
00:22:35 | INFO: Draco encoder: Encoding mesh Canopy sprays 2060.
00:22:35 | INFO: Draco encoder: Encoding mesh Canopy sprays 2061.
00:22:35 | INFO: Draco encoder: Encoding mesh Canopy sprays 2062.
00:22:35 | INFO: Draco encoder: Encoding mesh Canopy sprays 2063.
00:22:35 | INFO: Draco encoder: Encoding mesh Canopy sprays 2064.
00:22:35 | INFO: Draco encoder: Encoding mesh Canopy sprays 2065.
00:22:35 | INFO: Draco encoder: Encoding mesh Canopy sprays 2066.
00:22:35 | INFO: Draco encoder: Encoding mesh Canopy sprays 2067.
00:22:35 | INFO: Draco encoder: Encoding mesh Canopy sprays 2068.
00:22:35 | INFO: Draco encoder: Encoding mesh Canopy sprays 2069.
00:22:35 | INFO: Draco encoder: Encoding mesh Canopy sprays 2070.
00:22:35 | INFO: Draco encoder: Encoding mesh Canopy sprays 2071.
00:22:35 | INFO: Draco encoder: Encoding mesh Canopy sprays 2072.
00:22:35 | INFO: Draco encoder: Encoding mesh Canopy sprays 2073.
00:22:35 | INFO: Draco encoder: Encoding mesh Canopy sprays 2074.
00:22:35 | INFO: Draco encoder: Encoding mesh Canopy sprays 2075.
00:22:35 | INFO: Draco encoder: Encoding mesh Canopy sprays 2076.
00:22:35 | INFO: Draco encoder: Encoding mesh Canopy sprays 2077.
00:22:35 | INFO: Draco encoder: Encoding mesh Canopy sprays 2078.
00:22:35 | INFO: Draco encoder: Encoding mesh Canopy sprays 2079.
00:22:35 | INFO: Draco encoder: Encoding mesh Canopy sprays 2080.
00:22:35 | INFO: Draco encoder: Encoding mesh Canopy sprays 2081.
00:22:35 | INFO: Draco encoder: Encoding mesh Canopy sprays 2082.
00:22:35 | INFO: Draco encoder: Encoding mesh Canopy sprays 2083.
00:22:35 | INFO: Draco encoder: Encoding mesh Canopy sprays 2084.
00:22:35 | INFO: Draco encoder: Encoding mesh Canopy sprays 2085.
00:22:35 | INFO: Draco encoder: Encoding mesh Canopy sprays 2086.
00:22:35 | INFO: Draco encoder: Encoding mesh Canopy sprays 2087.
00:22:35 | INFO: Draco encoder: Encoding mesh Canopy sprays 2088.
00:22:35 | INFO: Draco encoder: Encoding mesh Canopy sprays 2089.
00:22:35 | INFO: Draco encoder: Encoding mesh Canopy sprays 2090.
00:22:35 | INFO: Draco encoder: Encoding mesh Canopy sprays 2091.
00:22:35 | INFO: Draco encoder: Encoding mesh Canopy sprays 2092.
00:22:35 | INFO: Draco encoder: Encoding mesh Canopy sprays 2093.
00:22:35 | INFO: Draco encoder: Encoding mesh Canopy sprays 2094.
00:22:35 | INFO: Draco encoder: Encoding mesh Canopy sprays 2095.
00:22:35 | INFO: Draco encoder: Encoding mesh Canopy sprays 2096.
00:22:35 | INFO: Draco encoder: Encoding mesh Canopy sprays 2097.
00:22:35 | INFO: Draco encoder: Encoding mesh Canopy sprays 2098.
00:22:35 | INFO: Draco encoder: Encoding mesh Canopy sprays 2099.
00:22:35 | INFO: Draco encoder: Encoding mesh Canopy sprays 2100.
00:22:35 | INFO: Draco encoder: Encoding mesh Canopy sprays 2101.
00:22:35 | INFO: Draco encoder: Encoding mesh Canopy sprays 2102.
00:22:35 | INFO: Draco encoder: Encoding mesh Canopy sprays 2103.
00:22:35 | INFO: Draco encoder: Encoding mesh Canopy sprays 2104.
00:22:35 | INFO: Draco encoder: Encoding mesh Canopy sprays 2105.
00:22:35 | INFO: Draco encoder: Encoding mesh Canopy sprays 2106.
00:22:35 | INFO: Draco encoder: Encoding mesh Canopy sprays 2107.
00:22:35 | INFO: Draco encoder: Encoding mesh Canopy sprays 2108.
00:22:35 | INFO: Draco encoder: Encoding mesh Canopy sprays 2109.
00:22:35 | INFO: Draco encoder: Encoding mesh Canopy sprays 2110.
00:22:35 | INFO: Draco encoder: Encoding mesh Canopy sprays 2111.
00:22:35 | INFO: Draco encoder: Encoding mesh Canopy sprays 2112.
00:22:35 | INFO: Draco encoder: Encoding mesh Canopy sprays 2113.
00:22:35 | INFO: Draco encoder: Encoding mesh Canopy sprays 2114.
00:22:35 | INFO: Draco encoder: Encoding mesh Canopy sprays 2115.
00:22:35 | INFO: Draco encoder: Encoding mesh Canopy sprays 2116.
00:22:35 | INFO: Draco encoder: Encoding mesh Canopy sprays 2117.
00:22:35 | INFO: Draco encoder: Encoding mesh Canopy sprays 2118.
00:22:35 | INFO: Draco encoder: Encoding mesh Canopy sprays 2119.
00:22:35 | INFO: Draco encoder: Encoding mesh Canopy sprays 2120.
00:22:35 | INFO: Draco encoder: Encoding mesh Canopy sprays 2121.
00:22:35 | INFO: Draco encoder: Encoding mesh Canopy sprays 2122.
00:22:35 | INFO: Draco encoder: Encoding mesh Canopy sprays 2123.
00:22:35 | INFO: Draco encoder: Encoding mesh Canopy sprays 2124.
00:22:35 | INFO: Draco encoder: Encoding mesh Canopy sprays 2125.
00:22:35 | INFO: Draco encoder: Encoding mesh Canopy sprays 2126.
00:22:35 | INFO: Draco encoder: Encoding mesh Canopy sprays 2127.
00:22:35 | INFO: Draco encoder: Encoding mesh Canopy sprays 2128.
00:22:35 | INFO: Draco encoder: Encoding mesh Canopy sprays 2129.
00:22:35 | INFO: Draco encoder: Encoding mesh Canopy sprays 2130.
00:22:35 | INFO: Draco encoder: Encoding mesh Canopy sprays 2131.
00:22:35 | INFO: Draco encoder: Encoding mesh Canopy sprays 2132.
00:22:35 | INFO: Draco encoder: Encoding mesh Canopy sprays 2133.
00:22:35 | INFO: Draco encoder: Encoding mesh Canopy sprays 2134.
00:22:35 | INFO: Draco encoder: Encoding mesh Canopy sprays 2135.
00:22:35 | INFO: Draco encoder: Encoding mesh Canopy sprays 2136.
00:22:35 | INFO: Draco encoder: Encoding mesh Canopy sprays 2137.
00:22:35 | INFO: Draco encoder: Encoding mesh Canopy sprays 2138.
00:22:35 | INFO: Draco encoder: Encoding mesh Canopy sprays 2139.
00:22:35 | INFO: Draco encoder: Encoding mesh Canopy sprays 2140.
00:22:35 | INFO: Draco encoder: Encoding mesh Canopy sprays 2141.
00:22:35 | INFO: Draco encoder: Encoding mesh Canopy sprays 2142.
00:22:35 | INFO: Draco encoder: Encoding mesh Canopy sprays 2143.
00:22:35 | INFO: Draco encoder: Encoding mesh Canopy sprays 2144.
00:22:35 | INFO: Draco encoder: Encoding mesh Canopy sprays 2145.
00:22:35 | INFO: Draco encoder: Encoding mesh Canopy sprays 2146.
00:22:35 | INFO: Draco encoder: Encoding mesh Canopy sprays 2147.
00:22:35 | INFO: Draco encoder: Encoding mesh Canopy sprays 2148.
00:22:35 | INFO: Draco encoder: Encoding mesh Canopy sprays 2149.
00:22:35 | INFO: Draco encoder: Encoding mesh Canopy sprays 2150.
00:22:35 | INFO: Draco encoder: Encoding mesh Canopy sprays 2151.
00:22:35 | INFO: Draco encoder: Encoding mesh Canopy sprays 2152.
00:22:35 | INFO: Draco encoder: Encoding mesh Canopy sprays 2153.
00:22:35 | INFO: Draco encoder: Encoding mesh Canopy sprays 2154.
00:22:35 | INFO: Draco encoder: Encoding mesh Canopy sprays 2155.
00:22:35 | INFO: Draco encoder: Encoding mesh Canopy sprays 2156.
00:22:35 | INFO: Draco encoder: Encoding mesh Canopy sprays 2157.
00:22:35 | INFO: Draco encoder: Encoding mesh Canopy sprays 2158.
00:22:35 | INFO: Draco encoder: Encoding mesh Canopy sprays 2159.
00:22:35 | INFO: Draco encoder: Encoding mesh Canopy sprays 2160.
00:22:35 | INFO: Draco encoder: Encoding mesh Canopy sprays 2161.
00:22:35 | INFO: Draco encoder: Encoding mesh Canopy sprays 2162.
00:22:35 | INFO: Draco encoder: Encoding mesh Canopy sprays 2163.
00:22:35 | INFO: Draco encoder: Encoding mesh Canopy sprays 2164.
00:22:35 | INFO: Draco encoder: Encoding mesh Canopy sprays 2165.
00:22:35 | INFO: Draco encoder: Encoding mesh Canopy sprays 2166.
00:22:35 | INFO: Draco encoder: Encoding mesh Canopy sprays 2167.
00:22:35 | INFO: Draco encoder: Encoding mesh Canopy sprays 2168.
00:22:35 | INFO: Draco encoder: Encoding mesh Canopy sprays 2169.
00:22:35 | INFO: Draco encoder: Encoding mesh Canopy sprays 2170.
00:22:35 | INFO: Draco encoder: Encoding mesh Canopy sprays 2171.
00:22:35 | INFO: Draco encoder: Encoding mesh Canopy sprays 2172.
00:22:35 | INFO: Draco encoder: Encoding mesh Canopy sprays 2173.
00:22:35 | INFO: Draco encoder: Encoding mesh Canopy sprays 2174.
00:22:35 | INFO: Draco encoder: Encoding mesh Canopy sprays 2175.
00:22:35 | INFO: Draco encoder: Encoding mesh Canopy sprays 2176.
00:22:35 | INFO: Draco encoder: Encoding mesh Canopy sprays 2177.
00:22:35 | INFO: Draco encoder: Encoding mesh Canopy sprays 2178.
00:22:35 | INFO: Draco encoder: Encoding mesh Canopy sprays 2179.
00:22:35 | INFO: Draco encoder: Encoding mesh Canopy sprays 2180.
00:22:35 | INFO: Draco encoder: Encoding mesh Canopy sprays 2181.
00:22:35 | INFO: Draco encoder: Encoding mesh Canopy sprays 2182.
00:22:35 | INFO: Draco encoder: Encoding mesh Canopy sprays 2183.
00:22:35 | INFO: Draco encoder: Encoding mesh Canopy sprays 2184.
00:22:35 | INFO: Draco encoder: Encoding mesh Canopy sprays 2185.
00:22:35 | INFO: Draco encoder: Encoding mesh Canopy sprays 2186.
00:22:35 | INFO: Draco encoder: Encoding mesh Canopy sprays 2187.
00:22:35 | INFO: Draco encoder: Encoding mesh Canopy sprays 2188.
00:22:35 | INFO: Draco encoder: Encoding mesh Canopy sprays 2189.
00:22:35 | INFO: Draco encoder: Encoding mesh Canopy sprays 2190.
00:22:35 | INFO: Draco encoder: Encoding mesh Canopy sprays 2191.
00:22:35 | INFO: Draco encoder: Encoding mesh Canopy sprays 2192.
00:22:35 | INFO: Draco encoder: Encoding mesh Canopy sprays 2193.
00:22:35 | INFO: Draco encoder: Encoding mesh Canopy sprays 2194.
00:22:35 | INFO: Draco encoder: Encoding mesh Canopy sprays 2195.
00:22:35 | INFO: Draco encoder: Encoding mesh Canopy sprays 2196.
00:22:35 | INFO: Draco encoder: Encoding mesh Canopy sprays 2197.
00:22:35 | INFO: Draco encoder: Encoding mesh Canopy sprays 2198.
00:22:35 | INFO: Draco encoder: Encoding mesh Canopy sprays 2199.
00:22:35 | INFO: Draco encoder: Encoding mesh Canopy sprays 2200.
00:22:35 | INFO: Draco encoder: Encoding mesh Canopy sprays 2201.
00:22:35 | INFO: Draco encoder: Encoding mesh Canopy sprays 2202.
00:22:35 | INFO: Draco encoder: Encoding mesh Canopy sprays 2203.
00:22:35 | INFO: Draco encoder: Encoding mesh Canopy sprays 2204.
00:22:35 | INFO: Draco encoder: Encoding mesh Canopy sprays 2205.
00:22:35 | INFO: Draco encoder: Encoding mesh Canopy sprays 2206.
00:22:35 | INFO: Draco encoder: Encoding mesh Canopy sprays 2207.
00:22:35 | INFO: Draco encoder: Encoding mesh Canopy sprays 2208.
00:22:35 | INFO: Draco encoder: Encoding mesh Canopy sprays 2209.
00:22:35 | INFO: Draco encoder: Encoding mesh Canopy sprays 2210.
00:22:35 | INFO: Draco encoder: Encoding mesh Canopy sprays 2211.
00:22:35 | INFO: Draco encoder: Encoding mesh Canopy sprays 2212.
00:22:35 | INFO: Draco encoder: Encoding mesh Canopy sprays 2213.
00:22:35 | INFO: Draco encoder: Encoding mesh Canopy sprays 2214.
00:22:35 | INFO: Draco encoder: Encoding mesh Canopy sprays 2215.
00:22:35 | INFO: Draco encoder: Encoding mesh Canopy sprays 2216.
00:22:35 | INFO: Draco encoder: Encoding mesh Canopy sprays 2217.
00:22:35 | INFO: Draco encoder: Encoding mesh Canopy sprays 2218.
00:22:35 | INFO: Draco encoder: Encoding mesh Canopy sprays 2219.
00:22:35 | INFO: Draco encoder: Encoding mesh Canopy sprays 2220.
00:22:35 | INFO: Draco encoder: Encoding mesh Canopy sprays 2221.
00:22:35 | INFO: Draco encoder: Encoding mesh Canopy sprays 2222.
00:22:35 | INFO: Draco encoder: Encoding mesh Canopy sprays 2223.
00:22:35 | INFO: Draco encoder: Encoding mesh Canopy sprays 2224.
00:22:35 | INFO: Draco encoder: Encoding mesh Canopy sprays 2225.
00:22:35 | INFO: Draco encoder: Encoding mesh Canopy sprays 2226.
00:22:35 | INFO: Draco encoder: Encoding mesh Canopy sprays 2227.
00:22:35 | INFO: Draco encoder: Encoding mesh Canopy sprays 2228.
00:22:35 | INFO: Draco encoder: Encoding mesh Canopy sprays 2229.
00:22:35 | INFO: Draco encoder: Encoding mesh Canopy sprays 2230.
00:22:35 | INFO: Draco encoder: Encoding mesh Canopy sprays 2231.
00:22:35 | INFO: Draco encoder: Encoding mesh Canopy sprays 2232.
00:22:35 | INFO: Draco encoder: Encoding mesh Canopy sprays 2233.
00:22:35 | INFO: Draco encoder: Encoding mesh Canopy sprays 2234.
00:22:35 | INFO: Draco encoder: Encoding mesh Canopy sprays 2235.
00:22:35 | INFO: Draco encoder: Encoding mesh Canopy sprays 2236.
00:22:35 | INFO: Draco encoder: Encoding mesh Canopy sprays 2237.
00:22:35 | INFO: Draco encoder: Encoding mesh Canopy sprays 2238.
00:22:35 | INFO: Draco encoder: Encoding mesh Canopy sprays 2239.
00:22:35 | INFO: Draco encoder: Encoding mesh Canopy sprays 2240.
00:22:35 | INFO: Draco encoder: Encoding mesh Canopy sprays 2241.
00:22:35 | INFO: Draco encoder: Encoding mesh Canopy sprays 2242.
00:22:35 | INFO: Draco encoder: Encoding mesh Canopy sprays 2243.
00:22:35 | INFO: Draco encoder: Encoding mesh Canopy sprays 2244.
00:22:35 | INFO: Draco encoder: Encoding mesh Canopy sprays 2245.
00:22:35 | INFO: Draco encoder: Encoding mesh Canopy sprays 2246.
00:22:35 | INFO: Draco encoder: Encoding mesh Canopy sprays 2247.
00:22:35 | INFO: Draco encoder: Encoding mesh Canopy sprays 2248.
00:22:35 | INFO: Draco encoder: Encoding mesh Canopy sprays 2249.
00:22:35 | INFO: Draco encoder: Encoding mesh Canopy sprays 2250.
00:22:35 | INFO: Draco encoder: Encoding mesh Canopy sprays 2251.
00:22:35 | INFO: Draco encoder: Encoding mesh Canopy sprays 2252.
00:22:35 | INFO: Draco encoder: Encoding mesh Canopy sprays 2253.
00:22:35 | INFO: Draco encoder: Encoding mesh Canopy sprays 2254.
00:22:35 | INFO: Draco encoder: Encoding mesh Canopy sprays 2255.
00:22:35 | INFO: Draco encoder: Encoding mesh Canopy sprays 2256.
00:22:35 | INFO: Draco encoder: Encoding mesh Canopy sprays 2257.
00:22:35 | INFO: Draco encoder: Encoding mesh Canopy sprays 2258.
00:22:35 | INFO: Draco encoder: Encoding mesh Canopy sprays 2259.
00:22:35 | INFO: Draco encoder: Encoding mesh Canopy sprays 2260.
00:22:35 | INFO: Draco encoder: Encoding mesh Canopy sprays 2261.
00:22:35 | INFO: Draco encoder: Encoding mesh Canopy sprays 2262.
00:22:35 | INFO: Draco encoder: Encoding mesh Canopy sprays 2263.
00:22:35 | INFO: Draco encoder: Encoding mesh Canopy sprays 2264.
00:22:35 | INFO: Draco encoder: Encoding mesh Canopy sprays 2265.
00:22:35 | INFO: Draco encoder: Encoding mesh Canopy sprays 2266.
00:22:35 | INFO: Draco encoder: Encoding mesh Canopy sprays 2267.
00:22:35 | INFO: Draco encoder: Encoding mesh Canopy sprays 2268.
00:22:35 | INFO: Draco encoder: Encoding mesh Canopy sprays 2269.
00:22:35 | INFO: Draco encoder: Encoding mesh Canopy sprays 2270.
00:22:35 | INFO: Draco encoder: Encoding mesh Canopy sprays 2271.
00:22:35 | INFO: Draco encoder: Encoding mesh Canopy sprays 2272.
00:22:35 | INFO: Draco encoder: Encoding mesh Canopy sprays 2273.
00:22:35 | INFO: Draco encoder: Encoding mesh Canopy sprays 2274.
00:22:35 | INFO: Draco encoder: Encoding mesh Canopy sprays 2275.
00:22:35 | INFO: Draco encoder: Encoding mesh Canopy sprays 2276.
00:22:35 | INFO: Draco encoder: Encoding mesh Canopy sprays 2277.
00:22:35 | INFO: Draco encoder: Encoding mesh Canopy sprays 2278.
00:22:35 | INFO: Draco encoder: Encoding mesh Canopy sprays 2279.
00:22:35 | INFO: Draco encoder: Encoding mesh Canopy sprays 2280.
00:22:35 | INFO: Draco encoder: Encoding mesh Canopy sprays 2281.
00:22:35 | INFO: Draco encoder: Encoding mesh Canopy sprays 2282.
00:22:35 | INFO: Draco encoder: Encoding mesh Canopy sprays 2283.
00:22:35 | INFO: Draco encoder: Encoding mesh Canopy sprays 2284.
00:22:35 | INFO: Draco encoder: Encoding mesh Canopy sprays 2285.
00:22:35 | INFO: Draco encoder: Encoding mesh Canopy sprays 2286.
00:22:35 | INFO: Draco encoder: Encoding mesh Canopy sprays 2287.
00:22:35 | INFO: Draco encoder: Encoding mesh Canopy sprays 2288.
00:22:35 | INFO: Draco encoder: Encoding mesh Canopy sprays 2289.
00:22:35 | INFO: Draco encoder: Encoding mesh Canopy sprays 2290.
00:22:35 | INFO: Draco encoder: Encoding mesh Canopy sprays 2291.
00:22:35 | INFO: Draco encoder: Encoding mesh Canopy sprays 2292.
00:22:35 | INFO: Draco encoder: Encoding mesh Canopy sprays 2293.
00:22:35 | INFO: Draco encoder: Encoding mesh Canopy sprays 2294.
00:22:35 | INFO: Draco encoder: Encoding mesh Canopy sprays 2295.
00:22:35 | INFO: Draco encoder: Encoding mesh Canopy sprays 2296.
00:22:35 | INFO: Draco encoder: Encoding mesh Canopy sprays 2297.
00:22:35 | INFO: Draco encoder: Encoding mesh Canopy sprays 2298.
00:22:35 | INFO: Draco encoder: Encoding mesh Canopy sprays 2299.
00:22:35 | INFO: Draco encoder: Encoding mesh Canopy sprays 2300.
00:22:35 | INFO: Draco encoder: Encoding mesh Canopy sprays 2301.
00:22:35 | INFO: Draco encoder: Encoding mesh Canopy sprays 2302.
00:22:35 | INFO: Draco encoder: Encoding mesh Canopy sprays 2303.
00:22:35 | INFO: Draco encoder: Encoding mesh Canopy sprays 2304.
00:22:35 | INFO: Draco encoder: Encoding mesh Canopy sprays 2305.
00:22:35 | INFO: Draco encoder: Encoding mesh Canopy sprays 2306.
00:22:35 | INFO: Draco encoder: Encoding mesh Canopy sprays 2307.
00:22:35 | INFO: Draco encoder: Encoding mesh Canopy sprays 2308.
00:22:35 | INFO: Draco encoder: Encoding mesh Canopy sprays 2309.
00:22:35 | INFO: Draco encoder: Encoding mesh Canopy sprays 2310.
00:22:35 | INFO: Draco encoder: Encoding mesh Canopy sprays 2311.
00:22:35 | INFO: Draco encoder: Encoding mesh Canopy sprays 2312.
00:22:35 | INFO: Draco encoder: Encoding mesh Canopy sprays 2313.
00:22:35 | INFO: Draco encoder: Encoding mesh Canopy sprays 2314.
00:22:35 | INFO: Draco encoder: Encoding mesh Canopy sprays 2315.
00:22:35 | INFO: Draco encoder: Encoding mesh Canopy sprays 2316.
00:22:35 | INFO: Draco encoder: Encoding mesh Canopy sprays 2317.
00:22:35 | INFO: Draco encoder: Encoding mesh Canopy sprays 2318.
00:22:35 | INFO: Draco encoder: Encoding mesh Canopy sprays 2319.
00:22:35 | INFO: Draco encoder: Encoding mesh Canopy sprays 2320.
00:22:35 | INFO: Draco encoder: Encoding mesh Canopy sprays 2321.
00:22:35 | INFO: Draco encoder: Encoding mesh Canopy sprays 2322.
00:22:35 | INFO: Draco encoder: Encoding mesh Canopy sprays 2323.
00:22:35 | INFO: Draco encoder: Encoding mesh Canopy sprays 2324.
00:22:35 | INFO: Draco encoder: Encoding mesh Canopy sprays 2325.
00:22:35 | INFO: Draco encoder: Encoding mesh Canopy sprays 2326.
00:22:35 | INFO: Draco encoder: Encoding mesh Canopy sprays 2327.
00:22:35 | INFO: Draco encoder: Encoding mesh Canopy sprays 2328.
00:22:35 | INFO: Draco encoder: Encoding mesh Canopy sprays 2329.
00:22:35 | INFO: Draco encoder: Encoding mesh Canopy sprays 2330.
00:22:35 | INFO: Draco encoder: Encoding mesh Canopy sprays 2331.
00:22:35 | INFO: Draco encoder: Encoding mesh Canopy sprays 2332.
00:22:35 | INFO: Draco encoder: Encoding mesh Canopy sprays 2333.
00:22:35 | INFO: Draco encoder: Encoding mesh Canopy sprays 2334.
00:22:35 | INFO: Draco encoder: Encoding mesh Canopy sprays 2335.
00:22:35 | INFO: Draco encoder: Encoding mesh Canopy sprays 2336.
00:22:35 | INFO: Draco encoder: Encoding mesh Canopy sprays 2337.
00:22:35 | INFO: Draco encoder: Encoding mesh Canopy sprays 2338.
00:22:35 | INFO: Draco encoder: Encoding mesh Canopy sprays 2339.
00:22:35 | INFO: Draco encoder: Encoding mesh Canopy sprays 2340.
00:22:35 | INFO: Draco encoder: Encoding mesh Canopy sprays 2341.
00:22:35 | INFO: Draco encoder: Encoding mesh Canopy sprays 2342.
00:22:35 | INFO: Draco encoder: Encoding mesh Canopy sprays 2343.
00:22:35 | INFO: Draco encoder: Encoding mesh Canopy sprays 2344.
00:22:35 | INFO: Draco encoder: Encoding mesh Canopy sprays 2345.
00:22:35 | INFO: Draco encoder: Encoding mesh Canopy sprays 2346.
00:22:35 | INFO: Draco encoder: Encoding mesh Canopy sprays 2347.
00:22:35 | INFO: Draco encoder: Encoding mesh Canopy sprays 2348.
00:22:35 | INFO: Draco encoder: Encoding mesh Canopy sprays 2349.
00:22:35 | INFO: Draco encoder: Encoding mesh Canopy sprays 2350.
00:22:35 | INFO: Draco encoder: Encoding mesh Canopy sprays 2351.
00:22:35 | INFO: Draco encoder: Encoding mesh Canopy sprays 2352.
00:22:35 | INFO: Draco encoder: Encoding mesh Canopy sprays 2353.
00:22:35 | INFO: Draco encoder: Encoding mesh Canopy sprays 2354.
00:22:35 | INFO: Draco encoder: Encoding mesh Canopy sprays 2355.
00:22:35 | INFO: Draco encoder: Encoding mesh Canopy sprays 2356.
00:22:35 | INFO: Draco encoder: Encoding mesh Canopy sprays 2357.
00:22:35 | INFO: Draco encoder: Encoding mesh Canopy sprays 2358.
00:22:35 | INFO: Draco encoder: Encoding mesh Canopy sprays 2359.
00:22:35 | INFO: Draco encoder: Encoding mesh Canopy sprays 2360.
00:22:35 | INFO: Draco encoder: Encoding mesh Canopy sprays 2361.
00:22:35 | INFO: Draco encoder: Encoding mesh Canopy sprays 2362.
00:22:35 | INFO: Draco encoder: Encoding mesh Canopy sprays 2363.
00:22:35 | INFO: Draco encoder: Encoding mesh Canopy sprays 2364.
00:22:35 | INFO: Draco encoder: Encoding mesh Canopy sprays 2365.
00:22:35 | INFO: Draco encoder: Encoding mesh Canopy sprays 2366.
00:22:35 | INFO: Draco encoder: Encoding mesh Canopy sprays 2367.
00:22:35 | INFO: Draco encoder: Encoding mesh Canopy sprays 2368.
00:22:35 | INFO: Draco encoder: Encoding mesh Canopy sprays 2369.
00:22:35 | INFO: Draco encoder: Encoding mesh Canopy sprays 2370.
00:22:35 | INFO: Draco encoder: Encoding mesh Canopy sprays 2371.
00:22:35 | INFO: Draco encoder: Encoding mesh Canopy sprays 2372.
00:22:35 | INFO: Draco encoder: Encoding mesh Canopy sprays 2373.
00:22:35 | INFO: Draco encoder: Encoding mesh Canopy sprays 2374.
00:22:35 | INFO: Draco encoder: Encoding mesh Canopy sprays 2375.
00:22:35 | INFO: Draco encoder: Encoding mesh Canopy sprays 2376.
00:22:35 | INFO: Draco encoder: Encoding mesh Canopy sprays 2377.
00:22:35 | INFO: Draco encoder: Encoding mesh Canopy sprays 2378.
00:22:35 | INFO: Draco encoder: Encoding mesh Canopy sprays 2379.
00:22:35 | INFO: Draco encoder: Encoding mesh Canopy sprays 2380.
00:22:35 | INFO: Draco encoder: Encoding mesh Canopy sprays 2381.
00:22:35 | INFO: Draco encoder: Encoding mesh Canopy sprays 2382.
00:22:35 | INFO: Draco encoder: Encoding mesh Canopy sprays 2383.
00:22:35 | INFO: Draco encoder: Encoding mesh Canopy sprays 2384.
00:22:35 | INFO: Draco encoder: Encoding mesh Canopy sprays 2385.
00:22:35 | INFO: Draco encoder: Encoding mesh Canopy sprays 2386.
00:22:35 | INFO: Draco encoder: Encoding mesh Canopy sprays 2387.
00:22:35 | INFO: Draco encoder: Encoding mesh Canopy sprays 2388.
00:22:35 | INFO: Draco encoder: Encoding mesh Canopy sprays 2389.
00:22:35 | INFO: Draco encoder: Encoding mesh Canopy sprays 2390.
00:22:35 | INFO: Draco encoder: Encoding mesh Canopy sprays 2391.
00:22:35 | INFO: Draco encoder: Encoding mesh Canopy sprays 2392.
00:22:35 | INFO: Draco encoder: Encoding mesh Canopy sprays 2393.
00:22:35 | INFO: Draco encoder: Encoding mesh Canopy sprays 2394.
00:22:35 | INFO: Draco encoder: Encoding mesh Canopy sprays 2395.
00:22:35 | INFO: Draco encoder: Encoding mesh Canopy sprays 2396.
00:22:35 | INFO: Draco encoder: Encoding mesh Canopy sprays 2397.
00:22:35 | INFO: Draco encoder: Encoding mesh Canopy sprays 2398.
00:22:35 | INFO: Draco encoder: Encoding mesh Canopy sprays 2399.
00:22:35 | INFO: Draco encoder: Encoding mesh Canopy sprays 2400.
00:22:35 | INFO: Draco encoder: Encoding mesh Canopy sprays 2401.
00:22:35 | INFO: Draco encoder: Encoding mesh Canopy sprays 2402.
00:22:35 | INFO: Draco encoder: Encoding mesh Canopy sprays 2403.
00:22:35 | INFO: Draco encoder: Encoding mesh Canopy sprays 2404.
00:22:35 | INFO: Draco encoder: Encoding mesh Canopy sprays 2405.
00:22:35 | INFO: Draco encoder: Encoding mesh Canopy sprays 2406.
00:22:35 | INFO: Draco encoder: Encoding mesh Canopy sprays 2407.
00:22:35 | INFO: Draco encoder: Encoding mesh Canopy sprays 2408.
00:22:35 | INFO: Draco encoder: Encoding mesh Canopy sprays 2409.
00:22:35 | INFO: Draco encoder: Encoding mesh Canopy sprays 2410.
00:22:35 | INFO: Draco encoder: Encoding mesh Canopy sprays 2411.
00:22:35 | INFO: Draco encoder: Encoding mesh Canopy sprays 2412.
00:22:35 | INFO: Draco encoder: Encoding mesh Canopy sprays 2413.
00:22:35 | INFO: Draco encoder: Encoding mesh Canopy sprays 2414.
00:22:35 | INFO: Draco encoder: Encoding mesh Canopy sprays 2415.
00:22:35 | INFO: Draco encoder: Encoding mesh Canopy sprays 2416.
00:22:35 | INFO: Draco encoder: Encoding mesh Canopy sprays 2417.
00:22:35 | INFO: Draco encoder: Encoding mesh Canopy sprays 2418.
00:22:35 | INFO: Draco encoder: Encoding mesh Canopy sprays 2419.
00:22:35 | INFO: Draco encoder: Encoding mesh Canopy sprays 2420.
00:22:35 | INFO: Draco encoder: Encoding mesh Canopy sprays 2421.
00:22:35 | INFO: Draco encoder: Encoding mesh Canopy sprays 2422.
00:22:35 | INFO: Draco encoder: Encoding mesh Canopy sprays 2423.
00:22:35 | INFO: Draco encoder: Encoding mesh Canopy sprays 2424.
00:22:35 | INFO: Draco encoder: Encoding mesh Canopy sprays 2425.
00:22:35 | INFO: Draco encoder: Encoding mesh Canopy sprays 2426.
00:22:35 | INFO: Draco encoder: Encoding mesh Canopy sprays 2427.
00:22:35 | INFO: Draco encoder: Encoding mesh Canopy sprays 2428.
00:22:35 | INFO: Draco encoder: Encoding mesh Canopy sprays 2429.
00:22:35 | INFO: Draco encoder: Encoding mesh Canopy sprays 2430.
00:22:35 | INFO: Draco encoder: Encoding mesh Canopy sprays 2431.
00:22:35 | INFO: Draco encoder: Encoding mesh Canopy sprays 2432.
00:22:35 | INFO: Draco encoder: Encoding mesh Canopy sprays 2433.
00:22:35 | INFO: Draco encoder: Encoding mesh Canopy sprays 2434.
00:22:35 | INFO: Draco encoder: Encoding mesh Canopy sprays 2435.
00:22:35 | INFO: Draco encoder: Encoding mesh Canopy sprays 2436.
00:22:35 | INFO: Draco encoder: Encoding mesh Canopy sprays 2437.
00:22:35 | INFO: Draco encoder: Encoding mesh Canopy sprays 2438.
00:22:35 | INFO: Draco encoder: Encoding mesh Canopy sprays 2439.
00:22:35 | INFO: Draco encoder: Encoding mesh Canopy sprays 2440.
00:22:35 | INFO: Draco encoder: Encoding mesh Canopy sprays 2441.
00:22:35 | INFO: Draco encoder: Encoding mesh Canopy sprays 2442.
00:22:35 | INFO: Draco encoder: Encoding mesh Canopy sprays 2443.
00:22:35 | INFO: Draco encoder: Encoding mesh Canopy sprays 2444.
00:22:35 | INFO: Draco encoder: Encoding mesh Canopy sprays 2445.
00:22:35 | INFO: Draco encoder: Encoding mesh Canopy sprays 2446.
00:22:35 | INFO: Draco encoder: Encoding mesh Canopy sprays 2447.
00:22:35 | INFO: Draco encoder: Encoding mesh Canopy sprays 2448.
00:22:35 | INFO: Draco encoder: Encoding mesh Canopy sprays 2449.
00:22:35 | INFO: Draco encoder: Encoding mesh Canopy sprays 2450.
00:22:35 | INFO: Draco encoder: Encoding mesh Canopy sprays 2451.
00:22:35 | INFO: Draco encoder: Encoding mesh Canopy sprays 2452.
00:22:35 | INFO: Draco encoder: Encoding mesh Canopy sprays 2453.
00:22:35 | INFO: Draco encoder: Encoding mesh Canopy sprays 2454.
00:22:35 | INFO: Draco encoder: Encoding mesh Canopy sprays 2455.
00:22:35 | INFO: Draco encoder: Encoding mesh Canopy sprays 2456.
00:22:35 | INFO: Draco encoder: Encoding mesh Canopy sprays 2457.
00:22:35 | INFO: Draco encoder: Encoding mesh Canopy sprays 2458.
00:22:35 | INFO: Draco encoder: Encoding mesh Canopy sprays 2459.
00:22:35 | INFO: Draco encoder: Encoding mesh Canopy sprays 2460.
00:22:35 | INFO: Draco encoder: Encoding mesh Canopy sprays 2461.
00:22:35 | INFO: Draco encoder: Encoding mesh Canopy sprays 2462.
00:22:35 | INFO: Draco encoder: Encoding mesh Canopy sprays 2463.
00:22:35 | INFO: Draco encoder: Encoding mesh Canopy sprays 2464.
00:22:35 | INFO: Draco encoder: Encoding mesh Canopy sprays 2465.
00:22:35 | INFO: Draco encoder: Encoding mesh Canopy sprays 2466.
00:22:35 | INFO: Draco encoder: Encoding mesh Canopy sprays 2467.
00:22:35 | INFO: Draco encoder: Encoding mesh Canopy sprays 2468.
00:22:35 | INFO: Draco encoder: Encoding mesh Canopy sprays 2469.
00:22:35 | INFO: Draco encoder: Encoding mesh Canopy sprays 2470.
00:22:35 | INFO: Draco encoder: Encoding mesh Canopy sprays 2471.
00:22:35 | INFO: Draco encoder: Encoding mesh Canopy sprays 2472.
00:22:35 | INFO: Draco encoder: Encoding mesh Canopy sprays 2473.
00:22:35 | INFO: Draco encoder: Encoding mesh Canopy sprays 2474.
00:22:35 | INFO: Draco encoder: Encoding mesh Canopy sprays 2475.
00:22:35 | INFO: Draco encoder: Encoding mesh Canopy sprays 2476.
00:22:35 | INFO: Draco encoder: Encoding mesh Canopy sprays 2477.
00:22:35 | INFO: Draco encoder: Encoding mesh Canopy sprays 2478.
00:22:35 | INFO: Draco encoder: Encoding mesh Canopy sprays 2479.
00:22:35 | INFO: Draco encoder: Encoding mesh Canopy sprays 2480.
00:22:35 | INFO: Draco encoder: Encoding mesh Canopy sprays 2481.
00:22:35 | INFO: Draco encoder: Encoding mesh Canopy sprays 2482.
00:22:35 | INFO: Draco encoder: Encoding mesh Canopy sprays 2483.
00:22:35 | INFO: Draco encoder: Encoding mesh Canopy sprays 2484.
00:22:35 | INFO: Draco encoder: Encoding mesh Canopy sprays 2485.
00:22:35 | INFO: Draco encoder: Encoding mesh Canopy sprays 2486.
00:22:35 | INFO: Draco encoder: Encoding mesh Canopy sprays 2487.
00:22:35 | INFO: Draco encoder: Encoding mesh Canopy sprays 2488.
00:22:35 | INFO: Draco encoder: Encoding mesh Canopy sprays 2489.
00:22:35 | INFO: Draco encoder: Encoding mesh Canopy sprays 2490.
00:22:35 | INFO: Draco encoder: Encoding mesh Canopy sprays 2491.
00:22:35 | INFO: Draco encoder: Encoding mesh Canopy sprays 2492.
00:22:35 | INFO: Draco encoder: Encoding mesh Canopy sprays 2493.
00:22:35 | INFO: Draco encoder: Encoding mesh Canopy sprays 2494.
00:22:35 | INFO: Draco encoder: Encoding mesh Canopy sprays 2495.
00:22:35 | INFO: Draco encoder: Encoding mesh Canopy sprays 2496.
00:22:35 | INFO: Draco encoder: Encoding mesh Canopy sprays 2497.
00:22:35 | INFO: Draco encoder: Encoding mesh Canopy sprays 2498.
00:22:35 | INFO: Draco encoder: Encoding mesh Canopy sprays 2499.
00:22:35 | INFO: Draco encoder: Encoding mesh Canopy sprays 2500.
00:22:35 | INFO: Draco encoder: Encoding mesh Canopy sprays 2501.
00:22:35 | INFO: Draco encoder: Encoding mesh Canopy sprays 2502.
00:22:35 | INFO: Draco encoder: Encoding mesh Canopy sprays 2503.
00:22:35 | INFO: Draco encoder: Encoding mesh Canopy sprays 2504.
00:22:35 | INFO: Draco encoder: Encoding mesh Canopy sprays 2505.
00:22:35 | INFO: Draco encoder: Encoding mesh Canopy sprays 2506.
00:22:35 | INFO: Draco encoder: Encoding mesh Canopy sprays 2507.
00:22:35 | INFO: Draco encoder: Encoding mesh Canopy sprays 2508.
00:22:35 | INFO: Draco encoder: Encoding mesh Canopy sprays 2509.
00:22:35 | INFO: Draco encoder: Encoding mesh Canopy sprays 2510.
00:22:35 | INFO: Draco encoder: Encoding mesh Canopy sprays 2511.
00:22:35 | INFO: Draco encoder: Encoding mesh Canopy sprays 2512.
00:22:35 | INFO: Draco encoder: Encoding mesh Canopy sprays 2513.
00:22:35 | INFO: Draco encoder: Encoding mesh Canopy sprays 2514.
00:22:35 | INFO: Draco encoder: Encoding mesh Canopy sprays 2515.
00:22:35 | INFO: Draco encoder: Encoding mesh Canopy sprays 2516.
00:22:35 | INFO: Draco encoder: Encoding mesh Canopy sprays 2517.
00:22:35 | INFO: Draco encoder: Encoding mesh Canopy sprays 2518.
00:22:35 | INFO: Draco encoder: Encoding mesh Canopy sprays 2519.
00:22:35 | INFO: Draco encoder: Encoding mesh Canopy sprays 2520.
00:22:35 | INFO: Draco encoder: Encoding mesh Canopy sprays 2521.
00:22:35 | INFO: Draco encoder: Encoding mesh Canopy sprays 2522.
00:22:35 | INFO: Draco encoder: Encoding mesh Canopy sprays 2523.
00:22:35 | INFO: Draco encoder: Encoding mesh Canopy sprays 2524.
00:22:35 | INFO: Draco encoder: Encoding mesh Canopy sprays 2525.
00:22:35 | INFO: Draco encoder: Encoding mesh Canopy sprays 2526.
00:22:35 | INFO: Draco encoder: Encoding mesh Canopy sprays 2527.
00:22:35 | INFO: Draco encoder: Encoding mesh Canopy sprays 2528.
00:22:35 | INFO: Draco encoder: Encoding mesh Canopy sprays 2529.
00:22:35 | INFO: Draco encoder: Encoding mesh Canopy sprays 2530.
00:22:35 | INFO: Draco encoder: Encoding mesh Canopy sprays 2531.
00:22:35 | INFO: Draco encoder: Encoding mesh Canopy sprays 2532.
00:22:35 | INFO: Draco encoder: Encoding mesh Canopy sprays 2533.
00:22:35 | INFO: Draco encoder: Encoding mesh Canopy sprays 2534.
00:22:35 | INFO: Draco encoder: Encoding mesh Canopy sprays 2535.
00:22:35 | INFO: Draco encoder: Encoding mesh Canopy sprays 2536.
00:22:35 | INFO: Draco encoder: Encoding mesh Canopy sprays 2537.
00:22:35 | INFO: Draco encoder: Encoding mesh Canopy sprays 2538.
00:22:35 | INFO: Draco encoder: Encoding mesh Canopy sprays 2539.
00:22:35 | INFO: Draco encoder: Encoding mesh Canopy sprays 2540.
00:22:35 | INFO: Draco encoder: Encoding mesh Canopy sprays 2541.
00:22:35 | INFO: Draco encoder: Encoding mesh Canopy sprays 2542.
00:22:35 | INFO: Draco encoder: Encoding mesh Canopy sprays 2543.
00:22:35 | INFO: Draco encoder: Encoding mesh Canopy sprays 2544.
00:22:35 | INFO: Draco encoder: Encoding mesh Canopy sprays 2545.
00:22:35 | INFO: Draco encoder: Encoding mesh Canopy sprays 2546.
00:22:35 | INFO: Draco encoder: Encoding mesh Canopy sprays 2547.
00:22:35 | INFO: Draco encoder: Encoding mesh Canopy sprays 2548.
00:22:35 | INFO: Draco encoder: Encoding mesh Canopy sprays 2549.
00:22:35 | INFO: Draco encoder: Encoding mesh Canopy sprays 2550.
00:22:35 | INFO: Draco encoder: Encoding mesh Canopy sprays 2551.
00:22:35 | INFO: Draco encoder: Encoding mesh Canopy sprays 2552.
00:22:35 | INFO: Draco encoder: Encoding mesh Canopy sprays 2553.
00:22:35 | INFO: Draco encoder: Encoding mesh Canopy sprays 2554.
00:22:35 | INFO: Draco encoder: Encoding mesh Canopy sprays 2555.
00:22:35 | INFO: Draco encoder: Encoding mesh Canopy sprays 2556.
00:22:35 | INFO: Draco encoder: Encoding mesh Canopy sprays 2557.
00:22:35 | INFO: Draco encoder: Encoding mesh Canopy sprays 2558.
00:22:35 | INFO: Draco encoder: Encoding mesh Canopy sprays 2559.
00:22:35 | INFO: Draco encoder: Encoding mesh Canopy sprays 2560.
00:22:35 | INFO: Draco encoder: Encoding mesh Canopy sprays 2561.
00:22:35 | INFO: Draco encoder: Encoding mesh Canopy sprays 2562.
00:22:35 | INFO: Draco encoder: Encoding mesh Canopy sprays 2563.
00:22:35 | INFO: Draco encoder: Encoding mesh Canopy sprays 2564.
00:22:35 | INFO: Draco encoder: Encoding mesh Canopy sprays 2565.
00:22:35 | INFO: Draco encoder: Encoding mesh Canopy sprays 2566.
00:22:35 | INFO: Draco encoder: Encoding mesh Canopy sprays 2567.
00:22:35 | INFO: Draco encoder: Encoding mesh Canopy sprays 2568.
00:22:35 | INFO: Draco encoder: Encoding mesh Canopy sprays 2569.
00:22:35 | INFO: Draco encoder: Encoding mesh Canopy sprays 2570.
00:22:35 | INFO: Draco encoder: Encoding mesh Canopy sprays 2571.
00:22:35 | INFO: Draco encoder: Encoding mesh Canopy sprays 2572.
00:22:35 | INFO: Draco encoder: Encoding mesh Canopy sprays 2573.
00:22:35 | INFO: Draco encoder: Encoding mesh Canopy sprays 2574.
00:22:35 | INFO: Draco encoder: Encoding mesh Canopy sprays 2575.
00:22:35 | INFO: Draco encoder: Encoding mesh Canopy sprays 2576.
00:22:35 | INFO: Draco encoder: Encoding mesh Canopy sprays 2577.
00:22:35 | INFO: Draco encoder: Encoding mesh Canopy sprays 2578.
00:22:35 | INFO: Draco encoder: Encoding mesh Canopy sprays 2579.
00:22:35 | INFO: Draco encoder: Encoding mesh Canopy sprays 2580.
00:22:35 | INFO: Draco encoder: Encoding mesh Canopy sprays 2581.
00:22:35 | INFO: Draco encoder: Encoding mesh Canopy sprays 2582.
00:22:35 | INFO: Draco encoder: Encoding mesh Canopy sprays 2583.
00:22:35 | INFO: Draco encoder: Encoding mesh Canopy sprays 2584.
00:22:35 | INFO: Draco encoder: Encoding mesh Canopy sprays 2585.
00:22:35 | INFO: Draco encoder: Encoding mesh Canopy sprays 2586.
00:22:35 | INFO: Draco encoder: Encoding mesh Canopy sprays 2587.
00:22:35 | INFO: Draco encoder: Encoding mesh Canopy sprays 2588.
00:22:35 | INFO: Draco encoder: Encoding mesh Canopy sprays 2589.
00:22:35 | INFO: Draco encoder: Encoding mesh Loose soil particles 0000.
00:22:35 | INFO: Draco encoder: Encoding mesh Loose soil particles 0001.
00:22:35 | INFO: Draco encoder: Encoding mesh Loose soil particles 0002.
00:22:35 | INFO: Draco encoder: Encoding mesh Loose soil particles 0003.
00:22:35 | INFO: Draco encoder: Encoding mesh Loose soil particles 0004.
00:22:35 | INFO: Draco encoder: Encoding mesh Loose soil particles 0005.
00:22:35 | INFO: Draco encoder: Encoding mesh Loose soil particles 0006.
00:22:35 | INFO: Draco encoder: Encoding mesh Loose soil particles 0007.
00:22:35 | INFO: Draco encoder: Encoding mesh Loose soil particles 0008.
00:22:35 | INFO: Draco encoder: Encoding mesh Loose soil particles 0009.
00:22:35 | INFO: Draco encoder: Encoding mesh Loose soil particles 0010.
00:22:35 | INFO: Draco encoder: Encoding mesh Loose soil particles 0011.
00:22:35 | INFO: Draco encoder: Encoding mesh Loose soil particles 0012.
00:22:35 | INFO: Draco encoder: Encoding mesh Loose soil particles 0013.
00:22:35 | INFO: Draco encoder: Encoding mesh Loose soil particles 0014.
00:22:35 | INFO: Draco encoder: Encoding mesh Loose soil particles 0015.
00:22:35 | INFO: Draco encoder: Encoding mesh Loose soil particles 0016.
00:22:35 | INFO: Draco encoder: Encoding mesh Loose soil particles 0017.
00:22:35 | INFO: Draco encoder: Encoding mesh Loose soil particles 0018.
00:22:35 | INFO: Draco encoder: Encoding mesh Loose soil particles 0019.
00:22:35 | INFO: Draco encoder: Encoding mesh Loose soil particles 0020.
00:22:35 | INFO: Draco encoder: Encoding mesh Loose soil particles 0021.
00:22:35 | INFO: Draco encoder: Encoding mesh Loose soil particles 0022.
00:22:35 | INFO: Draco encoder: Encoding mesh Loose soil particles 0023.
00:22:35 | INFO: Draco encoder: Encoding mesh Loose soil particles 0024.
00:22:35 | INFO: Draco encoder: Encoding mesh Loose soil particles 0025.
00:22:35 | INFO: Draco encoder: Encoding mesh Loose soil particles 0026.
00:22:35 | INFO: Draco encoder: Encoding mesh Loose soil particles 0027.
00:22:35 | INFO: Draco encoder: Encoding mesh Loose soil particles 0028.
00:22:35 | INFO: Draco encoder: Encoding mesh Loose soil particles 0029.
00:22:35 | INFO: Draco encoder: Encoding mesh Loose soil particles 0030.
00:22:35 | INFO: Draco encoder: Encoding mesh Loose soil particles 0031.
00:22:35 | INFO: Draco encoder: Encoding mesh Loose soil particles 0032.
00:22:35 | INFO: Draco encoder: Encoding mesh Loose soil particles 0033.
00:22:35 | INFO: Draco encoder: Encoding mesh Loose soil particles 0034.
00:22:35 | INFO: Draco encoder: Encoding mesh Loose soil particles 0035.
00:22:35 | INFO: Draco encoder: Encoding mesh Loose soil particles 0036.
00:22:35 | INFO: Draco encoder: Encoding mesh Loose soil particles 0037.
00:22:35 | INFO: Draco encoder: Encoding mesh Loose soil particles 0038.
00:22:35 | INFO: Draco encoder: Encoding mesh Loose soil particles 0039.
00:22:35 | INFO: Draco encoder: Encoding mesh Loose soil particles 0040.
00:22:35 | INFO: Draco encoder: Encoding mesh Loose soil particles 0041.
00:22:35 | INFO: Draco encoder: Encoding mesh Loose soil particles 0042.
00:22:35 | INFO: Draco encoder: Encoding mesh Loose soil particles 0043.
00:22:35 | INFO: Draco encoder: Encoding mesh Loose soil particles 0044.
00:22:35 | INFO: Draco encoder: Encoding mesh Loose soil particles 0045.
00:22:35 | INFO: Draco encoder: Encoding mesh Loose soil particles 0046.
00:22:35 | INFO: Draco encoder: Encoding mesh Loose soil particles 0047.
00:22:35 | INFO: Draco encoder: Encoding mesh Loose soil particles 0048.
00:22:35 | INFO: Draco encoder: Encoding mesh Loose soil particles 0049.
00:22:35 | INFO: Draco encoder: Encoding mesh Loose soil particles 0050.
00:22:35 | INFO: Draco encoder: Encoding mesh Loose soil particles 0051.
00:22:35 | INFO: Draco encoder: Encoding mesh Loose soil particles 0052.
00:22:35 | INFO: Draco encoder: Encoding mesh Loose soil particles 0053.
00:22:35 | INFO: Draco encoder: Encoding mesh Loose soil particles 0054.
00:22:35 | INFO: Draco encoder: Encoding mesh Loose soil particles 0055.
00:22:35 | INFO: Draco encoder: Encoding mesh Loose soil particles 0056.
00:22:35 | INFO: Draco encoder: Encoding mesh Loose soil particles 0057.
00:22:35 | INFO: Draco encoder: Encoding mesh Loose soil particles 0058.
00:22:35 | INFO: Draco encoder: Encoding mesh Loose soil particles 0059.
00:22:35 | INFO: Draco encoder: Encoding mesh Loose soil particles 0060.
00:22:35 | INFO: Draco encoder: Encoding mesh Loose soil particles 0061.
00:22:35 | INFO: Draco encoder: Encoding mesh Loose soil particles 0062.
00:22:35 | INFO: Draco encoder: Encoding mesh Loose soil particles 0063.
00:22:35 | INFO: Draco encoder: Encoding mesh Loose soil particles 0064.
00:22:35 | INFO: Draco encoder: Encoding mesh Loose soil particles 0065.
00:22:35 | INFO: Draco encoder: Encoding mesh Loose soil particles 0066.
00:22:35 | INFO: Draco encoder: Encoding mesh Loose soil particles 0067.
00:22:35 | INFO: Draco encoder: Encoding mesh Loose soil particles 0068.
00:22:35 | INFO: Draco encoder: Encoding mesh Loose soil particles 0069.
00:22:35 | INFO: Draco encoder: Encoding mesh Loose soil particles 0070.
00:22:35 | INFO: Draco encoder: Encoding mesh Loose soil particles 0071.
00:22:35 | INFO: Draco encoder: Encoding mesh Loose soil particles 0072.
00:22:35 | INFO: Draco encoder: Encoding mesh Loose soil particles 0073.
00:22:35 | INFO: Draco encoder: Encoding mesh Loose soil particles 0074.
00:22:35 | INFO: Draco encoder: Encoding mesh Loose soil particles 0075.
00:22:35 | INFO: Draco encoder: Encoding mesh Loose soil particles 0076.
00:22:35 | INFO: Draco encoder: Encoding mesh Loose soil particles 0077.
00:22:35 | INFO: Draco encoder: Encoding mesh Loose soil particles 0078.
00:22:35 | INFO: Draco encoder: Encoding mesh Loose soil particles 0079.
00:22:35 | INFO: Draco encoder: Encoding mesh Loose soil particles 0080.
00:22:35 | INFO: Draco encoder: Encoding mesh Loose soil particles 0081.
00:22:35 | INFO: Draco encoder: Encoding mesh Loose soil particles 0082.
00:22:35 | INFO: Draco encoder: Encoding mesh Loose soil particles 0083.
00:22:35 | INFO: Draco encoder: Encoding mesh Loose soil particles 0084.
00:22:35 | INFO: Draco encoder: Encoding mesh Loose soil particles 0085.
00:22:35 | INFO: Draco encoder: Encoding mesh Loose soil particles 0086.
00:22:35 | INFO: Draco encoder: Encoding mesh Loose soil particles 0087.
00:22:35 | INFO: Draco encoder: Encoding mesh Loose soil particles 0088.
00:22:35 | INFO: Draco encoder: Encoding mesh Loose soil particles 0089.
00:22:35 | INFO: Draco encoder: Encoding mesh Loose soil particles 0090.
00:22:35 | INFO: Draco encoder: Encoding mesh Loose soil particles 0091.
00:22:35 | INFO: Draco encoder: Encoding mesh Loose soil particles 0092.
00:22:35 | INFO: Draco encoder: Encoding mesh Loose soil particles 0093.
00:22:35 | INFO: Draco encoder: Encoding mesh Loose soil particles 0094.
00:22:35 | INFO: Draco encoder: Encoding mesh Loose soil particles 0095.
00:22:35 | INFO: Draco encoder: Encoding mesh Loose soil particles 0096.
00:22:35 | INFO: Draco encoder: Encoding mesh Loose soil particles 0097.
00:22:35 | INFO: Draco encoder: Encoding mesh Loose soil particles 0098.
00:22:35 | INFO: Draco encoder: Encoding mesh Loose soil particles 0099.
00:22:35 | INFO: Draco encoder: Encoding mesh Loose soil particles 0100.
00:22:35 | INFO: Draco encoder: Encoding mesh Loose soil particles 0101.
00:22:35 | INFO: Draco encoder: Encoding mesh Loose soil particles 0102.
00:22:35 | INFO: Draco encoder: Encoding mesh Loose soil particles 0103.
00:22:35 | INFO: Draco encoder: Encoding mesh Loose soil particles 0104.
00:22:35 | INFO: Draco encoder: Encoding mesh Loose soil particles 0105.
00:22:35 | INFO: Draco encoder: Encoding mesh Loose soil particles 0106.
00:22:35 | INFO: Draco encoder: Encoding mesh Loose soil particles 0107.
00:22:35 | INFO: Draco encoder: Encoding mesh Loose soil particles 0108.
00:22:35 | INFO: Draco encoder: Encoding mesh Loose soil particles 0109.
00:22:35 | INFO: Draco encoder: Encoding mesh Loose soil particles 0110.
00:22:35 | INFO: Draco encoder: Encoding mesh Loose soil particles 0111.
00:22:35 | INFO: Draco encoder: Encoding mesh Loose soil particles 0112.
00:22:35 | INFO: Draco encoder: Encoding mesh Loose soil particles 0113.
00:22:35 | INFO: Draco encoder: Encoding mesh Loose soil particles 0114.
00:22:35 | INFO: Draco encoder: Encoding mesh Loose soil particles 0115.
00:22:35 | INFO: Draco encoder: Encoding mesh Loose soil particles 0116.
00:22:35 | INFO: Draco encoder: Encoding mesh Loose soil particles 0117.
00:22:35 | INFO: Draco encoder: Encoding mesh Loose soil particles 0118.
00:22:35 | INFO: Draco encoder: Encoding mesh Loose soil particles 0119.
00:22:35 | INFO: Draco encoder: Encoding mesh Loose soil particles 0120.
00:22:35 | INFO: Draco encoder: Encoding mesh Loose soil particles 0121.
00:22:35 | INFO: Draco encoder: Encoding mesh Loose soil particles 0122.
00:22:35 | INFO: Draco encoder: Encoding mesh Loose soil particles 0123.
00:22:35 | INFO: Draco encoder: Encoding mesh Loose soil particles 0124.
00:22:35 | INFO: Draco encoder: Encoding mesh Loose soil particles 0125.
00:22:35 | INFO: Draco encoder: Encoding mesh Loose soil particles 0126.
00:22:35 | INFO: Draco encoder: Encoding mesh Loose soil particles 0127.
00:22:35 | INFO: Draco encoder: Encoding mesh Loose soil particles 0128.
00:22:35 | INFO: Draco encoder: Encoding mesh Loose soil particles 0129.
00:22:35 | INFO: Draco encoder: Encoding mesh Loose soil particles 0130.
00:22:35 | INFO: Draco encoder: Encoding mesh Loose soil particles 0131.
00:22:35 | INFO: Draco encoder: Encoding mesh Loose soil particles 0132.
00:22:35 | INFO: Draco encoder: Encoding mesh Loose soil particles 0133.
00:22:35 | INFO: Draco encoder: Encoding mesh Loose soil particles 0134.
00:22:35 | INFO: Draco encoder: Encoding mesh Loose soil particles 0135.
00:22:35 | INFO: Draco encoder: Encoding mesh Loose soil particles 0136.
00:22:35 | INFO: Draco encoder: Encoding mesh Loose soil particles 0137.
00:22:35 | INFO: Draco encoder: Encoding mesh Loose soil particles 0138.
00:22:35 | INFO: Draco encoder: Encoding mesh Loose soil particles 0139.
00:22:35 | INFO: Draco encoder: Encoding mesh Loose soil particles 0140.
00:22:35 | INFO: Draco encoder: Encoding mesh Loose soil particles 0141.
00:22:35 | INFO: Draco encoder: Encoding mesh Loose soil particles 0142.
00:22:35 | INFO: Draco encoder: Encoding mesh Loose soil particles 0143.
00:22:35 | INFO: Draco encoder: Encoding mesh Loose soil particles 0144.
00:22:35 | INFO: Draco encoder: Encoding mesh Loose soil particles 0145.
00:22:35 | INFO: Draco encoder: Encoding mesh Loose soil particles 0146.
00:22:35 | INFO: Draco encoder: Encoding mesh Loose soil particles 0147.
00:22:35 | INFO: Draco encoder: Encoding mesh Loose soil particles 0148.
00:22:35 | INFO: Draco encoder: Encoding mesh Loose soil particles 0149.
00:22:35 | INFO: Draco encoder: Encoding mesh Loose soil particles 0150.
00:22:35 | INFO: Draco encoder: Encoding mesh Loose soil particles 0151.
00:22:35 | INFO: Draco encoder: Encoding mesh Loose soil particles 0152.
00:22:35 | INFO: Draco encoder: Encoding mesh Loose soil particles 0153.
00:22:35 | INFO: Draco encoder: Encoding mesh Loose soil particles 0154.
00:22:35 | INFO: Draco encoder: Encoding mesh Loose soil particles 0155.
00:22:35 | INFO: Draco encoder: Encoding mesh Loose soil particles 0156.
00:22:35 | INFO: Draco encoder: Encoding mesh Loose soil particles 0157.
00:22:35 | INFO: Draco encoder: Encoding mesh Loose soil particles 0158.
00:22:35 | INFO: Draco encoder: Encoding mesh Loose soil particles 0159.
00:22:35 | INFO: Draco encoder: Encoding mesh Loose soil particles 0160.
00:22:35 | INFO: Draco encoder: Encoding mesh Loose soil particles 0161.
00:22:35 | INFO: Draco encoder: Encoding mesh Loose soil particles 0162.
00:22:35 | INFO: Draco encoder: Encoding mesh Loose soil particles 0163.
00:22:35 | INFO: Draco encoder: Encoding mesh Loose soil particles 0164.
00:22:35 | INFO: Draco encoder: Encoding mesh Loose soil particles 0165.
00:22:35 | INFO: Draco encoder: Encoding mesh Loose soil particles 0166.
00:22:35 | INFO: Draco encoder: Encoding mesh Loose soil particles 0167.
00:22:35 | INFO: Draco encoder: Encoding mesh Loose soil particles 0168.
00:22:35 | INFO: Draco encoder: Encoding mesh Loose soil particles 0169.
00:22:35 | INFO: Draco encoder: Encoding mesh Loose soil particles 0170.
00:22:35 | INFO: Draco encoder: Encoding mesh Loose soil particles 0171.
00:22:35 | INFO: Draco encoder: Encoding mesh Loose soil particles 0172.
00:22:35 | INFO: Draco encoder: Encoding mesh Loose soil particles 0173.
00:22:35 | INFO: Draco encoder: Encoding mesh Loose soil particles 0174.
00:22:35 | INFO: Draco encoder: Encoding mesh Loose soil particles 0175.
00:22:35 | INFO: Draco encoder: Encoding mesh Loose soil particles 0176.
00:22:35 | INFO: Draco encoder: Encoding mesh Loose soil particles 0177.
00:22:35 | INFO: Draco encoder: Encoding mesh Loose soil particles 0178.
00:22:35 | INFO: Draco encoder: Encoding mesh Loose soil particles 0179.
00:22:35 | INFO: Draco encoder: Encoding mesh Loose soil particles 0180.
00:22:35 | INFO: Draco encoder: Encoding mesh Loose soil particles 0181.
00:22:35 | INFO: Draco encoder: Encoding mesh Loose soil particles 0182.
00:22:35 | INFO: Draco encoder: Encoding mesh Loose soil particles 0183.
00:22:35 | INFO: Draco encoder: Encoding mesh Loose soil particles 0184.
00:22:35 | INFO: Draco encoder: Encoding mesh Loose soil particles 0185.
00:22:35 | INFO: Draco encoder: Encoding mesh Loose soil particles 0186.
00:22:35 | INFO: Draco encoder: Encoding mesh Loose soil particles 0187.
00:22:35 | INFO: Draco encoder: Encoding mesh Loose soil particles 0188.
00:22:35 | INFO: Draco encoder: Encoding mesh Loose soil particles 0189.
00:22:35 | INFO: Draco encoder: Encoding mesh Loose soil particles 0190.
00:22:35 | INFO: Draco encoder: Encoding mesh Loose soil particles 0191.
00:22:35 | INFO: Draco encoder: Encoding mesh Loose soil particles 0192.
00:22:35 | INFO: Draco encoder: Encoding mesh Loose soil particles 0193.
00:22:35 | INFO: Draco encoder: Encoding mesh Loose soil particles 0194.
00:22:35 | INFO: Draco encoder: Encoding mesh Loose soil particles 0195.
00:22:35 | INFO: Draco encoder: Encoding mesh Loose soil particles 0196.
00:22:35 | INFO: Draco encoder: Encoding mesh Loose soil particles 0197.
00:22:35 | INFO: Draco encoder: Encoding mesh Loose soil particles 0198.
00:22:35 | INFO: Draco encoder: Encoding mesh Loose soil particles 0199.
00:22:35 | INFO: Draco encoder: Encoding mesh Loose soil particles 0200.
00:22:35 | INFO: Draco encoder: Encoding mesh Loose soil particles 0201.
00:22:35 | INFO: Draco encoder: Encoding mesh Loose soil particles 0202.
00:22:35 | INFO: Draco encoder: Encoding mesh Loose soil particles 0203.
00:22:35 | INFO: Draco encoder: Encoding mesh Loose soil particles 0204.
00:22:35 | INFO: Draco encoder: Encoding mesh Loose soil particles 0205.
00:22:35 | INFO: Draco encoder: Encoding mesh Loose soil particles 0206.
00:22:35 | INFO: Draco encoder: Encoding mesh Loose soil particles 0207.
00:22:35 | INFO: Draco encoder: Encoding mesh Loose soil particles 0208.
00:22:35 | INFO: Draco encoder: Encoding mesh Loose soil particles 0209.
00:22:35 | INFO: Draco encoder: Encoding mesh Loose soil particles 0210.
00:22:35 | INFO: Draco encoder: Encoding mesh Loose soil particles 0211.
00:22:35 | INFO: Draco encoder: Encoding mesh Loose soil particles 0212.
00:22:35 | INFO: Draco encoder: Encoding mesh Loose soil particles 0213.
00:22:35 | INFO: Draco encoder: Encoding mesh Loose soil particles 0214.
00:22:35 | INFO: Draco encoder: Encoding mesh Loose soil particles 0215.
00:22:35 | INFO: Draco encoder: Encoding mesh Loose soil particles 0216.
00:22:35 | INFO: Draco encoder: Encoding mesh Loose soil particles 0217.
00:22:35 | INFO: Draco encoder: Encoding mesh Loose soil particles 0218.
00:22:35 | INFO: Draco encoder: Encoding mesh Loose soil particles 0219.
00:22:35 | INFO: Draco encoder: Encoding mesh Loose soil particles 0220.
00:22:35 | INFO: Draco encoder: Encoding mesh Loose soil particles 0221.
00:22:35 | INFO: Draco encoder: Encoding mesh Loose soil particles 0222.
00:22:35 | INFO: Draco encoder: Encoding mesh Loose soil particles 0223.
00:22:35 | INFO: Draco encoder: Encoding mesh Loose soil particles 0224.
00:22:35 | INFO: Draco encoder: Encoding mesh Loose soil particles 0225.
00:22:35 | INFO: Draco encoder: Encoding mesh Loose soil particles 0226.
00:22:35 | INFO: Draco encoder: Encoding mesh Loose soil particles 0227.
00:22:35 | INFO: Draco encoder: Encoding mesh Loose soil particles 0228.
00:22:35 | INFO: Draco encoder: Encoding mesh Loose soil particles 0229.
00:22:35 | INFO: Draco encoder: Encoding mesh Loose soil particles 0230.
00:22:35 | INFO: Draco encoder: Encoding mesh Loose soil particles 0231.
00:22:35 | INFO: Draco encoder: Encoding mesh Loose soil particles 0232.
00:22:35 | INFO: Draco encoder: Encoding mesh Loose soil particles 0233.
00:22:35 | INFO: Draco encoder: Encoding mesh Loose soil particles 0234.
00:22:35 | INFO: Draco encoder: Encoding mesh Loose soil particles 0235.
00:22:35 | INFO: Draco encoder: Encoding mesh Loose soil particles 0236.
00:22:35 | INFO: Draco encoder: Encoding mesh Loose soil particles 0237.
00:22:35 | INFO: Draco encoder: Encoding mesh Loose soil particles 0238.
00:22:35 | INFO: Draco encoder: Encoding mesh Loose soil particles 0239.
00:22:35 | INFO: Draco encoder: Encoding mesh Loose soil particles 0240.
00:22:35 | INFO: Draco encoder: Encoding mesh Loose soil particles 0241.
00:22:35 | INFO: Draco encoder: Encoding mesh Loose soil particles 0242.
00:22:35 | INFO: Draco encoder: Encoding mesh Loose soil particles 0243.
00:22:35 | INFO: Draco encoder: Encoding mesh Loose soil particles 0244.
00:22:35 | INFO: Draco encoder: Encoding mesh Loose soil particles 0245.
00:22:35 | INFO: Draco encoder: Encoding mesh Loose soil particles 0246.
00:22:35 | INFO: Draco encoder: Encoding mesh Loose soil particles 0247.
00:22:35 | INFO: Draco encoder: Encoding mesh Loose soil particles 0248.
00:22:35 | INFO: Draco encoder: Encoding mesh Loose soil particles 0249.
00:22:35 | INFO: Draco encoder: Encoding mesh Loose soil particles 0250.
00:22:35 | INFO: Draco encoder: Encoding mesh Loose soil particles 0251.
00:22:35 | INFO: Draco encoder: Encoding mesh Loose soil particles 0252.
00:22:35 | INFO: Draco encoder: Encoding mesh Loose soil particles 0253.
00:22:35 | INFO: Draco encoder: Encoding mesh Loose soil particles 0254.
00:22:35 | INFO: Draco encoder: Encoding mesh Loose soil particles 0255.
00:22:35 | INFO: Draco encoder: Encoding mesh Loose soil particles 0256.
00:22:35 | INFO: Draco encoder: Encoding mesh Loose soil particles 0257.
00:22:35 | INFO: Draco encoder: Encoding mesh Loose soil particles 0258.
00:22:35 | INFO: Draco encoder: Encoding mesh Loose soil particles 0259.
00:22:35 | INFO: Draco encoder: Encoding mesh Loose soil particles 0260.
00:22:35 | INFO: Draco encoder: Encoding mesh Loose soil particles 0261.
00:22:35 | INFO: Draco encoder: Encoding mesh Loose soil particles 0262.
00:22:35 | INFO: Draco encoder: Encoding mesh Loose soil particles 0263.
00:22:35 | INFO: Draco encoder: Encoding mesh Loose soil particles 0264.
00:22:35 | INFO: Draco encoder: Encoding mesh Loose soil particles 0265.
00:22:35 | INFO: Draco encoder: Encoding mesh Loose soil particles 0266.
00:22:35 | INFO: Draco encoder: Encoding mesh Loose soil particles 0267.
00:22:35 | INFO: Draco encoder: Encoding mesh Loose soil particles 0268.
00:22:35 | INFO: Draco encoder: Encoding mesh Loose soil particles 0269.
00:22:35 | INFO: Draco encoder: Encoding mesh Loose soil particles 0270.
00:22:35 | INFO: Draco encoder: Encoding mesh Loose soil particles 0271.
00:22:35 | INFO: Draco encoder: Encoding mesh Loose soil particles 0272.
00:22:35 | INFO: Draco encoder: Encoding mesh Loose soil particles 0273.
00:22:35 | INFO: Draco encoder: Encoding mesh Loose soil particles 0274.
00:22:35 | INFO: Draco encoder: Encoding mesh Loose soil particles 0275.
00:22:35 | INFO: Draco encoder: Encoding mesh Loose soil particles 0276.
00:22:35 | INFO: Draco encoder: Encoding mesh Loose soil particles 0277.
00:22:35 | INFO: Draco encoder: Encoding mesh Loose soil particles 0278.
00:22:35 | INFO: Draco encoder: Encoding mesh Loose soil particles 0279.
00:22:35 | INFO: Draco encoder: Encoding mesh Loose soil particles 0280.
00:22:35 | INFO: Draco encoder: Encoding mesh Loose soil particles 0281.
00:22:35 | INFO: Draco encoder: Encoding mesh Loose soil particles 0282.
00:22:35 | INFO: Draco encoder: Encoding mesh Loose soil particles 0283.
00:22:35 | INFO: Draco encoder: Encoding mesh Loose soil particles 0284.
00:22:35 | INFO: Draco encoder: Encoding mesh Loose soil particles 0285.
00:22:35 | INFO: Draco encoder: Encoding mesh Loose soil particles 0286.
00:22:35 | INFO: Draco encoder: Encoding mesh Loose soil particles 0287.
00:22:35 | INFO: Draco encoder: Encoding mesh Loose soil particles 0288.
00:22:35 | INFO: Draco encoder: Encoding mesh Loose soil particles 0289.
00:22:35 | INFO: Draco encoder: Encoding mesh Loose soil particles 0290.
00:22:35 | INFO: Draco encoder: Encoding mesh Loose soil particles 0291.
00:22:35 | INFO: Draco encoder: Encoding mesh Loose soil particles 0292.
00:22:35 | INFO: Draco encoder: Encoding mesh Loose soil particles 0293.
00:22:35 | INFO: Draco encoder: Encoding mesh Loose soil particles 0294.
00:22:35 | INFO: Draco encoder: Encoding mesh Loose soil particles 0295.
00:22:35 | INFO: Draco encoder: Encoding mesh Loose soil particles 0296.
00:22:35 | INFO: Draco encoder: Encoding mesh Loose soil particles 0297.
00:22:35 | INFO: Draco encoder: Encoding mesh Loose soil particles 0298.
00:22:35 | INFO: Draco encoder: Encoding mesh Loose soil particles 0299.
00:22:35 | INFO: Draco encoder: Encoding mesh Loose soil particles 0300.
00:22:35 | INFO: Draco encoder: Encoding mesh Loose soil particles 0301.
00:22:35 | INFO: Draco encoder: Encoding mesh Loose soil particles 0302.
00:22:35 | INFO: Draco encoder: Encoding mesh Loose soil particles 0303.
00:22:35 | INFO: Draco encoder: Encoding mesh Loose soil particles 0304.
00:22:35 | INFO: Draco encoder: Encoding mesh Loose soil particles 0305.
00:22:35 | INFO: Draco encoder: Encoding mesh Loose soil particles 0306.
00:22:35 | INFO: Draco encoder: Encoding mesh Loose soil particles 0307.
00:22:35 | INFO: Draco encoder: Encoding mesh Loose soil particles 0308.
00:22:35 | INFO: Draco encoder: Encoding mesh Loose soil particles 0309.
00:22:35 | INFO: Draco encoder: Encoding mesh Loose soil particles 0310.
00:22:35 | INFO: Draco encoder: Encoding mesh Loose soil particles 0311.
00:22:35 | INFO: Draco encoder: Encoding mesh Loose soil particles 0312.
00:22:35 | INFO: Draco encoder: Encoding mesh Loose soil particles 0313.
00:22:35 | INFO: Draco encoder: Encoding mesh Loose soil particles 0314.
00:22:35 | INFO: Draco encoder: Encoding mesh Loose soil particles 0315.
00:22:35 | INFO: Draco encoder: Encoding mesh Loose soil particles 0316.
00:22:35 | INFO: Draco encoder: Encoding mesh Loose soil particles 0317.
00:22:35 | INFO: Draco encoder: Encoding mesh Loose soil particles 0318.
00:22:35 | INFO: Draco encoder: Encoding mesh Loose soil particles 0319.
00:22:35 | INFO: Draco encoder: Encoding mesh Loose soil particles 0320.
00:22:35 | INFO: Draco encoder: Encoding mesh Loose soil particles 0321.
00:22:35 | INFO: Draco encoder: Encoding mesh Loose soil particles 0322.
00:22:35 | INFO: Draco encoder: Encoding mesh Loose soil particles 0323.
00:22:35 | INFO: Draco encoder: Encoding mesh Loose soil particles 0324.
00:22:35 | INFO: Draco encoder: Encoding mesh Loose soil particles 0325.
00:22:35 | INFO: Draco encoder: Encoding mesh Loose soil particles 0326.
00:22:35 | INFO: Draco encoder: Encoding mesh Loose soil particles 0327.
00:22:35 | INFO: Draco encoder: Encoding mesh Loose soil particles 0328.
00:22:35 | INFO: Draco encoder: Encoding mesh Loose soil particles 0329.
00:22:35 | INFO: Draco encoder: Encoding mesh Loose soil particles 0330.
00:22:35 | INFO: Draco encoder: Encoding mesh Loose soil particles 0331.
00:22:35 | INFO: Draco encoder: Encoding mesh Loose soil particles 0332.
00:22:35 | INFO: Draco encoder: Encoding mesh Loose soil particles 0333.
00:22:35 | INFO: Draco encoder: Encoding mesh Loose soil particles 0334.
00:22:35 | INFO: Draco encoder: Encoding mesh Loose soil particles 0335.
00:22:35 | INFO: Draco encoder: Encoding mesh Loose soil particles 0336.
00:22:35 | INFO: Draco encoder: Encoding mesh Loose soil particles 0337.
00:22:35 | INFO: Draco encoder: Encoding mesh Loose soil particles 0338.
00:22:35 | INFO: Draco encoder: Encoding mesh Loose soil particles 0339.
00:22:35 | INFO: Draco encoder: Encoding mesh Loose soil particles 0340.
00:22:35 | INFO: Draco encoder: Encoding mesh Loose soil particles 0341.
00:22:35 | INFO: Draco encoder: Encoding mesh Loose soil particles 0342.
00:22:35 | INFO: Draco encoder: Encoding mesh Loose soil particles 0343.
00:22:35 | INFO: Draco encoder: Encoding mesh Loose soil particles 0344.
00:22:35 | INFO: Draco encoder: Encoding mesh Loose soil particles 0345.
00:22:35 | INFO: Draco encoder: Encoding mesh Loose soil particles 0346.
00:22:35 | INFO: Draco encoder: Encoding mesh Loose soil particles 0347.
00:22:35 | INFO: Draco encoder: Encoding mesh Loose soil particles 0348.
00:22:35 | INFO: Draco encoder: Encoding mesh Loose soil particles 0349.
00:22:35 | INFO: Draco encoder: Encoding mesh Loose soil particles 0350.
00:22:35 | INFO: Draco encoder: Encoding mesh Loose soil particles 0351.
00:22:35 | INFO: Draco encoder: Encoding mesh Loose soil particles 0352.
00:22:35 | INFO: Draco encoder: Encoding mesh Loose soil particles 0353.
00:22:35 | INFO: Draco encoder: Encoding mesh Loose soil particles 0354.
00:22:35 | INFO: Draco encoder: Encoding mesh Loose soil particles 0355.
00:22:35 | INFO: Draco encoder: Encoding mesh Loose soil particles 0356.
00:22:35 | INFO: Draco encoder: Encoding mesh Loose soil particles 0357.
00:22:35 | INFO: Draco encoder: Encoding mesh Loose soil particles 0358.
00:22:35 | INFO: Draco encoder: Encoding mesh Loose soil particles 0359.
00:22:35 | INFO: Draco encoder: Encoding mesh Loose soil particles 0360.
00:22:35 | INFO: Draco encoder: Encoding mesh Loose soil particles 0361.
00:22:35 | INFO: Draco encoder: Encoding mesh Loose soil particles 0362.
00:22:35 | INFO: Draco encoder: Encoding mesh Loose soil particles 0363.
00:22:35 | INFO: Draco encoder: Encoding mesh Loose soil particles 0364.
00:22:35 | INFO: Draco encoder: Encoding mesh Loose soil particles 0365.
00:22:35 | INFO: Draco encoder: Encoding mesh Loose soil particles 0366.
00:22:35 | INFO: Draco encoder: Encoding mesh Loose soil particles 0367.
00:22:35 | INFO: Draco encoder: Encoding mesh Loose soil particles 0368.
00:22:35 | INFO: Draco encoder: Encoding mesh Loose soil particles 0369.
00:22:35 | INFO: Draco encoder: Encoding mesh Loose soil particles 0370.
00:22:35 | INFO: Draco encoder: Encoding mesh Loose soil particles 0371.
00:22:35 | INFO: Draco encoder: Encoding mesh Loose soil particles 0372.
00:22:35 | INFO: Draco encoder: Encoding mesh Loose soil particles 0373.
00:22:35 | INFO: Draco encoder: Encoding mesh Loose soil particles 0374.
00:22:35 | INFO: Draco encoder: Encoding mesh Loose soil particles 0375.
00:22:35 | INFO: Draco encoder: Encoding mesh Loose soil particles 0376.
00:22:35 | INFO: Draco encoder: Encoding mesh Loose soil particles 0377.
00:22:35 | INFO: Draco encoder: Encoding mesh Loose soil particles 0378.
00:22:35 | INFO: Draco encoder: Encoding mesh Loose soil particles 0379.
00:22:35 | INFO: Draco encoder: Encoding mesh Loose soil particles 0380.
00:22:35 | INFO: Draco encoder: Encoding mesh Loose soil particles 0381.
00:22:35 | INFO: Draco encoder: Encoding mesh Loose soil particles 0382.
00:22:35 | INFO: Draco encoder: Encoding mesh Loose soil particles 0383.
00:22:35 | INFO: Draco encoder: Encoding mesh Loose soil particles 0384.
00:22:35 | INFO: Draco encoder: Encoding mesh Loose soil particles 0385.
00:22:35 | INFO: Draco encoder: Encoding mesh Loose soil particles 0386.
00:22:35 | INFO: Draco encoder: Encoding mesh Loose soil particles 0387.
00:22:35 | INFO: Draco encoder: Encoding mesh Loose soil particles 0388.
00:22:35 | INFO: Draco encoder: Encoding mesh Loose soil particles 0389.
00:22:35 | INFO: Draco encoder: Encoding mesh Loose soil particles 0390.
00:22:35 | INFO: Draco encoder: Encoding mesh Loose soil particles 0391.
00:22:35 | INFO: Draco encoder: Encoding mesh Loose soil particles 0392.
00:22:35 | INFO: Draco encoder: Encoding mesh Loose soil particles 0393.
00:22:35 | INFO: Draco encoder: Encoding mesh Loose soil particles 0394.
00:22:35 | INFO: Draco encoder: Encoding mesh Loose soil particles 0395.
00:22:35 | INFO: Draco encoder: Encoding mesh Loose soil particles 0396.
00:22:35 | INFO: Draco encoder: Encoding mesh Loose soil particles 0397.
00:22:35 | INFO: Draco encoder: Encoding mesh Loose soil particles 0398.
00:22:35 | INFO: Draco encoder: Encoding mesh Loose soil particles 0399.
00:22:35 | INFO: Draco encoder: Encoding mesh Loose soil particles 0400.
00:22:35 | INFO: Draco encoder: Encoding mesh Loose soil particles 0401.
00:22:35 | INFO: Draco encoder: Encoding mesh Loose soil particles 0402.
00:22:35 | INFO: Draco encoder: Encoding mesh Loose soil particles 0403.
00:22:35 | INFO: Draco encoder: Encoding mesh Loose soil particles 0404.
00:22:35 | INFO: Draco encoder: Encoding mesh Loose soil particles 0405.
00:22:35 | INFO: Draco encoder: Encoding mesh Loose soil particles 0406.
00:22:35 | INFO: Draco encoder: Encoding mesh Loose soil particles 0407.
00:22:35 | INFO: Draco encoder: Encoding mesh Loose soil particles 0408.
00:22:35 | INFO: Draco encoder: Encoding mesh Loose soil particles 0409.
00:22:35 | INFO: Draco encoder: Encoding mesh Loose soil particles 0410.
00:22:35 | INFO: Draco encoder: Encoding mesh Loose soil particles 0411.
00:22:35 | INFO: Draco encoder: Encoding mesh Loose soil particles 0412.
00:22:35 | INFO: Draco encoder: Encoding mesh Loose soil particles 0413.
00:22:35 | INFO: Draco encoder: Encoding mesh Loose soil particles 0414.
00:22:35 | INFO: Draco encoder: Encoding mesh Loose soil particles 0415.
00:22:35 | INFO: Draco encoder: Encoding mesh Loose soil particles 0416.
00:22:35 | INFO: Draco encoder: Encoding mesh Loose soil particles 0417.
00:22:35 | INFO: Draco encoder: Encoding mesh Loose soil particles 0418.
00:22:35 | INFO: Draco encoder: Encoding mesh Loose soil particles 0419.
00:22:35 | INFO: Draco encoder: Encoding mesh Loose soil particles 0420.
00:22:35 | INFO: Draco encoder: Encoding mesh Loose soil particles 0421.
00:22:35 | INFO: Draco encoder: Encoding mesh Loose soil particles 0422.
00:22:35 | INFO: Draco encoder: Encoding mesh Loose soil particles 0423.
00:22:35 | INFO: Draco encoder: Encoding mesh Loose soil particles 0424.
00:22:35 | INFO: Draco encoder: Encoding mesh Loose soil particles 0425.
00:22:35 | INFO: Draco encoder: Encoding mesh Loose soil particles 0426.
00:22:35 | INFO: Draco encoder: Encoding mesh Loose soil particles 0427.
00:22:35 | INFO: Draco encoder: Encoding mesh Loose soil particles 0428.
00:22:35 | INFO: Draco encoder: Encoding mesh Loose soil particles 0429.
00:22:35 | INFO: Draco encoder: Encoding mesh Loose soil particles 0430.
00:22:35 | INFO: Draco encoder: Encoding mesh Loose soil particles 0431.
00:22:35 | INFO: Draco encoder: Encoding mesh Loose soil particles 0432.
00:22:35 | INFO: Draco encoder: Encoding mesh Loose soil particles 0433.
00:22:35 | INFO: Draco encoder: Encoding mesh Loose soil particles 0434.
00:22:35 | INFO: Draco encoder: Encoding mesh Loose soil particles 0435.
00:22:35 | INFO: Draco encoder: Encoding mesh Loose soil particles 0436.
00:22:35 | INFO: Draco encoder: Encoding mesh Loose soil particles 0437.
00:22:35 | INFO: Draco encoder: Encoding mesh Loose soil particles 0438.
00:22:35 | INFO: Draco encoder: Encoding mesh Loose soil particles 0439.
00:22:35 | INFO: Draco encoder: Encoding mesh Loose soil particles 0440.
00:22:35 | INFO: Draco encoder: Encoding mesh Loose soil particles 0441.
00:22:35 | INFO: Draco encoder: Encoding mesh Loose soil particles 0442.
00:22:35 | INFO: Draco encoder: Encoding mesh Loose soil particles 0443.
00:22:35 | INFO: Draco encoder: Encoding mesh Loose soil particles 0444.
00:22:35 | INFO: Draco encoder: Encoding mesh Loose soil particles 0445.
00:22:35 | INFO: Draco encoder: Encoding mesh Loose soil particles 0446.
00:22:35 | INFO: Draco encoder: Encoding mesh Loose soil particles 0447.
00:22:35 | INFO: Draco encoder: Encoding mesh Loose soil particles 0448.
00:22:35 | INFO: Draco encoder: Encoding mesh Loose soil particles 0449.
00:22:35 | INFO: Draco encoder: Encoding mesh Loose soil particles 0450.
00:22:35 | INFO: Draco encoder: Encoding mesh Loose soil particles 0451.
00:22:35 | INFO: Draco encoder: Encoding mesh Loose soil particles 0452.
00:22:35 | INFO: Draco encoder: Encoding mesh Loose soil particles 0453.
00:22:35 | INFO: Draco encoder: Encoding mesh Loose soil particles 0454.
00:22:35 | INFO: Draco encoder: Encoding mesh Loose soil particles 0455.
00:22:35 | INFO: Draco encoder: Encoding mesh Loose soil particles 0456.
00:22:35 | INFO: Draco encoder: Encoding mesh Loose soil particles 0457.
00:22:35 | INFO: Draco encoder: Encoding mesh Loose soil particles 0458.
00:22:35 | INFO: Draco encoder: Encoding mesh Loose soil particles 0459.
00:22:35 | INFO: Draco encoder: Encoding mesh Loose soil particles 0460.
00:22:35 | INFO: Draco encoder: Encoding mesh Loose soil particles 0461.
00:22:35 | INFO: Draco encoder: Encoding mesh Loose soil particles 0462.
00:22:35 | INFO: Draco encoder: Encoding mesh Loose soil particles 0463.
00:22:35 | INFO: Draco encoder: Encoding mesh Loose soil particles 0464.
00:22:35 | INFO: Draco encoder: Encoding mesh Loose soil particles 0465.
00:22:35 | INFO: Draco encoder: Encoding mesh Loose soil particles 0466.
00:22:35 | INFO: Draco encoder: Encoding mesh Loose soil particles 0467.
00:22:35 | INFO: Draco encoder: Encoding mesh Loose soil particles 0468.
00:22:35 | INFO: Draco encoder: Encoding mesh Loose soil particles 0469.
00:22:35 | INFO: Draco encoder: Encoding mesh Loose soil particles 0470.
00:22:35 | INFO: Draco encoder: Encoding mesh Loose soil particles 0471.
00:22:35 | INFO: Draco encoder: Encoding mesh Loose soil particles 0472.
00:22:35 | INFO: Draco encoder: Encoding mesh Loose soil particles 0473.
00:22:35 | INFO: Draco encoder: Encoding mesh Loose soil particles 0474.
00:22:35 | INFO: Draco encoder: Encoding mesh Loose soil particles 0475.
00:22:35 | INFO: Draco encoder: Encoding mesh Loose soil particles 0476.
00:22:35 | INFO: Draco encoder: Encoding mesh Loose soil particles 0477.
00:22:35 | INFO: Draco encoder: Encoding mesh Loose soil particles 0478.
00:22:35 | INFO: Draco encoder: Encoding mesh Loose soil particles 0479.
00:22:35 | INFO: Draco encoder: Encoding mesh Loose soil particles 0480.
00:22:35 | INFO: Draco encoder: Encoding mesh Loose soil particles 0481.
00:22:35 | INFO: Draco encoder: Encoding mesh Loose soil particles 0482.
00:22:35 | INFO: Draco encoder: Encoding mesh Loose soil particles 0483.
00:22:35 | INFO: Draco encoder: Encoding mesh Loose soil particles 0484.
00:22:35 | INFO: Draco encoder: Encoding mesh Loose soil particles 0485.
00:22:35 | INFO: Draco encoder: Encoding mesh Loose soil particles 0486.
00:22:35 | INFO: Draco encoder: Encoding mesh Loose soil particles 0487.
00:22:35 | INFO: Draco encoder: Encoding mesh Loose soil particles 0488.
00:22:35 | INFO: Draco encoder: Encoding mesh Loose soil particles 0489.
00:22:35 | INFO: Draco encoder: Encoding mesh Loose soil particles 0490.
00:22:35 | INFO: Draco encoder: Encoding mesh Loose soil particles 0491.
00:22:35 | INFO: Draco encoder: Encoding mesh Loose soil particles 0492.
00:22:35 | INFO: Draco encoder: Encoding mesh Loose soil particles 0493.
00:22:35 | INFO: Draco encoder: Encoding mesh Loose soil particles 0494.
00:22:35 | INFO: Draco encoder: Encoding mesh Loose soil particles 0495.
00:22:35 | INFO: Draco encoder: Encoding mesh Loose soil particles 0496.
00:22:35 | INFO: Draco encoder: Encoding mesh Loose soil particles 0497.
00:22:35 | INFO: Draco encoder: Encoding mesh Loose soil particles 0498.
00:22:35 | INFO: Draco encoder: Encoding mesh Loose soil particles 0499.
00:22:35 | INFO: Draco encoder: Encoding mesh Loose soil particles 0500.
00:22:35 | INFO: Draco encoder: Encoding mesh Loose soil particles 0501.
00:22:35 | INFO: Draco encoder: Encoding mesh Loose soil particles 0502.
00:22:35 | INFO: Draco encoder: Encoding mesh Loose soil particles 0503.
00:22:35 | INFO: Draco encoder: Encoding mesh Loose soil particles 0504.
00:22:35 | INFO: Draco encoder: Encoding mesh Loose soil particles 0505.
00:22:35 | INFO: Draco encoder: Encoding mesh Loose soil particles 0506.
00:22:35 | INFO: Draco encoder: Encoding mesh Loose soil particles 0507.
00:22:35 | INFO: Draco encoder: Encoding mesh Loose soil particles 0508.
00:22:35 | INFO: Draco encoder: Encoding mesh Loose soil particles 0509.
00:22:35 | INFO: Draco encoder: Encoding mesh Loose soil particles 0510.
00:22:35 | INFO: Draco encoder: Encoding mesh Loose soil particles 0511.
00:22:35 | INFO: Draco encoder: Encoding mesh Loose soil particles 0512.
00:22:35 | INFO: Draco encoder: Encoding mesh Loose soil particles 0513.
00:22:35 | INFO: Draco encoder: Encoding mesh Loose soil particles 0514.
00:22:35 | INFO: Draco encoder: Encoding mesh Loose soil particles 0515.
00:22:35 | INFO: Draco encoder: Encoding mesh Loose soil particles 0516.
00:22:35 | INFO: Draco encoder: Encoding mesh Loose soil particles 0517.
00:22:35 | INFO: Draco encoder: Encoding mesh Loose soil particles 0518.
00:22:35 | INFO: Draco encoder: Encoding mesh Loose soil particles 0519.
00:22:35 | INFO: Draco encoder: Encoding mesh Loose soil particles 0520.
00:22:35 | INFO: Draco encoder: Encoding mesh Loose soil particles 0521.
00:22:35 | INFO: Draco encoder: Encoding mesh Loose soil particles 0522.
00:22:35 | INFO: Draco encoder: Encoding mesh Loose soil particles 0523.
00:22:35 | INFO: Draco encoder: Encoding mesh Loose soil particles 0524.
00:22:35 | INFO: Draco encoder: Encoding mesh Loose soil particles 0525.
00:22:35 | INFO: Draco encoder: Encoding mesh Loose soil particles 0526.
00:22:35 | INFO: Draco encoder: Encoding mesh Loose soil particles 0527.
00:22:35 | INFO: Draco encoder: Encoding mesh Loose soil particles 0528.
00:22:35 | INFO: Draco encoder: Encoding mesh Loose soil particles 0529.
00:22:35 | INFO: Draco encoder: Encoding mesh Loose soil particles 0530.
00:22:35 | INFO: Draco encoder: Encoding mesh Loose soil particles 0531.
00:22:35 | INFO: Draco encoder: Encoding mesh Loose soil particles 0532.
00:22:35 | INFO: Draco encoder: Encoding mesh Loose soil particles 0533.
00:22:35 | INFO: Draco encoder: Encoding mesh Loose soil particles 0534.
00:22:35 | INFO: Draco encoder: Encoding mesh Loose soil particles 0535.
00:22:35 | INFO: Draco encoder: Encoding mesh Loose soil particles 0536.
00:22:35 | INFO: Draco encoder: Encoding mesh Loose soil particles 0537.
00:22:35 | INFO: Draco encoder: Encoding mesh Loose soil particles 0538.
00:22:35 | INFO: Draco encoder: Encoding mesh Loose soil particles 0539.
00:22:35 | INFO: Draco encoder: Encoding mesh Loose soil particles 0540.
00:22:35 | INFO: Draco encoder: Encoding mesh Loose soil particles 0541.
00:22:35 | INFO: Draco encoder: Encoding mesh Loose soil particles 0542.
00:22:35 | INFO: Draco encoder: Encoding mesh Loose soil particles 0543.
00:22:35 | INFO: Draco encoder: Encoding mesh Loose soil particles 0544.
00:22:35 | INFO: Draco encoder: Encoding mesh Loose soil particles 0545.
00:22:35 | INFO: Draco encoder: Encoding mesh Loose soil particles 0546.
00:22:35 | INFO: Draco encoder: Encoding mesh Loose soil particles 0547.
00:22:35 | INFO: Draco encoder: Encoding mesh Loose soil particles 0548.
00:22:35 | INFO: Draco encoder: Encoding mesh Loose soil particles 0549.
00:22:35 | INFO: Draco encoder: Encoding mesh Loose soil particles 0550.
00:22:35 | INFO: Draco encoder: Encoding mesh Loose soil particles 0551.
00:22:35 | INFO: Draco encoder: Encoding mesh Loose soil particles 0552.
00:22:35 | INFO: Draco encoder: Encoding mesh Loose soil particles 0553.
00:22:35 | INFO: Draco encoder: Encoding mesh Loose soil particles 0554.
00:22:35 | INFO: Draco encoder: Encoding mesh Loose soil particles 0555.
00:22:35 | INFO: Draco encoder: Encoding mesh Loose soil particles 0556.
00:22:35 | INFO: Draco encoder: Encoding mesh Loose soil particles 0557.
00:22:35 | INFO: Draco encoder: Encoding mesh Loose soil particles 0558.
00:22:35 | INFO: Draco encoder: Encoding mesh Loose soil particles 0559.
00:22:35 | INFO: Draco encoder: Encoding mesh Loose soil particles 0560.
00:22:35 | INFO: Draco encoder: Encoding mesh Loose soil particles 0561.
00:22:35 | INFO: Draco encoder: Encoding mesh Loose soil particles 0562.
00:22:35 | INFO: Draco encoder: Encoding mesh Loose soil particles 0563.
00:22:35 | INFO: Draco encoder: Encoding mesh Loose soil particles 0564.
00:22:35 | INFO: Draco encoder: Encoding mesh Loose soil particles 0565.
00:22:35 | INFO: Draco encoder: Encoding mesh Loose soil particles 0566.
00:22:35 | INFO: Draco encoder: Encoding mesh Loose soil particles 0567.
00:22:35 | INFO: Draco encoder: Encoding mesh Loose soil particles 0568.
00:22:35 | INFO: Draco encoder: Encoding mesh Loose soil particles 0569.
00:22:35 | INFO: Draco encoder: Encoding mesh Loose soil particles 0570.
00:22:35 | INFO: Draco encoder: Encoding mesh Loose soil particles 0571.
00:22:35 | INFO: Draco encoder: Encoding mesh Loose soil particles 0572.
00:22:35 | INFO: Draco encoder: Encoding mesh Loose soil particles 0573.
00:22:35 | INFO: Draco encoder: Encoding mesh Loose soil particles 0574.
00:22:35 | INFO: Draco encoder: Encoding mesh Loose soil particles 0575.
00:22:35 | INFO: Draco encoder: Encoding mesh Loose soil particles 0576.
00:22:35 | INFO: Draco encoder: Encoding mesh Loose soil particles 0577.
00:22:35 | INFO: Draco encoder: Encoding mesh Loose soil particles 0578.
00:22:35 | INFO: Draco encoder: Encoding mesh Loose soil particles 0579.
00:22:35 | INFO: Draco encoder: Encoding mesh Loose soil particles 0580.
00:22:35 | INFO: Draco encoder: Encoding mesh Loose soil particles 0581.
00:22:35 | INFO: Draco encoder: Encoding mesh Loose soil particles 0582.
00:22:35 | INFO: Draco encoder: Encoding mesh Loose soil particles 0583.
00:22:35 | INFO: Draco encoder: Encoding mesh Loose soil particles 0584.
00:22:35 | INFO: Draco encoder: Encoding mesh Loose soil particles 0585.
00:22:35 | INFO: Draco encoder: Encoding mesh Loose soil particles 0586.
00:22:35 | INFO: Draco encoder: Encoding mesh Loose soil particles 0587.
00:22:35 | INFO: Draco encoder: Encoding mesh Loose soil particles 0588.
00:22:35 | INFO: Draco encoder: Encoding mesh Loose soil particles 0589.
00:22:35 | INFO: Draco encoder: Encoding mesh Loose soil particles 0590.
00:22:35 | INFO: Draco encoder: Encoding mesh Loose soil particles 0591.
00:22:35 | INFO: Draco encoder: Encoding mesh Loose soil particles 0592.
00:22:35 | INFO: Draco encoder: Encoding mesh Loose soil particles 0593.
00:22:35 | INFO: Draco encoder: Encoding mesh Loose soil particles 0594.
00:22:35 | INFO: Draco encoder: Encoding mesh Loose soil particles 0595.
00:22:35 | INFO: Draco encoder: Encoding mesh Loose soil particles 0596.
00:22:35 | INFO: Draco encoder: Encoding mesh Loose soil particles 0597.
00:22:35 | INFO: Draco encoder: Encoding mesh Loose soil particles 0598.
00:22:35 | INFO: Draco encoder: Encoding mesh Loose soil particles 0599.
00:22:35 | INFO: Draco encoder: Encoding mesh Loose soil particles 0600.
00:22:35 | INFO: Draco encoder: Encoding mesh Loose soil particles 0601.
00:22:35 | INFO: Draco encoder: Encoding mesh Loose soil particles 0602.
00:22:35 | INFO: Draco encoder: Encoding mesh Loose soil particles 0603.
00:22:35 | INFO: Draco encoder: Encoding mesh Loose soil particles 0604.
00:22:35 | INFO: Draco encoder: Encoding mesh Loose soil particles 0605.
00:22:35 | INFO: Draco encoder: Encoding mesh Loose soil particles 0606.
00:22:35 | INFO: Draco encoder: Encoding mesh Loose soil particles 0607.
00:22:35 | INFO: Draco encoder: Encoding mesh Loose soil particles 0608.
00:22:35 | INFO: Draco encoder: Encoding mesh Loose soil particles 0609.
00:22:35 | INFO: Draco encoder: Encoding mesh Loose soil particles 0610.
00:22:35 | INFO: Draco encoder: Encoding mesh Loose soil particles 0611.
00:22:35 | INFO: Draco encoder: Encoding mesh Loose soil particles 0612.
00:22:35 | INFO: Draco encoder: Encoding mesh Loose soil particles 0613.
00:22:35 | INFO: Draco encoder: Encoding mesh Loose soil particles 0614.
00:22:35 | INFO: Draco encoder: Encoding mesh Loose soil particles 0615.
00:22:35 | INFO: Draco encoder: Encoding mesh Loose soil particles 0616.
00:22:35 | INFO: Draco encoder: Encoding mesh Loose soil particles 0617.
00:22:35 | INFO: Draco encoder: Encoding mesh Loose soil particles 0618.
00:22:35 | INFO: Draco encoder: Encoding mesh Loose soil particles 0619.
00:22:35 | INFO: Draco encoder: Encoding mesh Loose soil particles 0620.
00:22:35 | INFO: Draco encoder: Encoding mesh Loose soil particles 0621.
00:22:35 | INFO: Draco encoder: Encoding mesh Loose soil particles 0622.
00:22:35 | INFO: Draco encoder: Encoding mesh Loose soil particles 0623.
00:22:35 | INFO: Draco encoder: Encoding mesh Loose soil particles 0624.
00:22:35 | INFO: Draco encoder: Encoding mesh Loose soil particles 0625.
00:22:35 | INFO: Draco encoder: Encoding mesh Loose soil particles 0626.
00:22:35 | INFO: Draco encoder: Encoding mesh Loose soil particles 0627.
00:22:35 | INFO: Draco encoder: Encoding mesh Loose soil particles 0628.
00:22:35 | INFO: Draco encoder: Encoding mesh Loose soil particles 0629.
00:22:35 | INFO: Draco encoder: Encoding mesh Loose soil particles 0630.
00:22:35 | INFO: Draco encoder: Encoding mesh Loose soil particles 0631.
00:22:35 | INFO: Draco encoder: Encoding mesh Loose soil particles 0632.
00:22:35 | INFO: Draco encoder: Encoding mesh Loose soil particles 0633.
00:22:35 | INFO: Draco encoder: Encoding mesh Loose soil particles 0634.
00:22:35 | INFO: Draco encoder: Encoding mesh Loose soil particles 0635.
00:22:35 | INFO: Draco encoder: Encoding mesh Loose soil particles 0636.
00:22:35 | INFO: Draco encoder: Encoding mesh Loose soil particles 0637.
00:22:35 | INFO: Draco encoder: Encoding mesh Loose soil particles 0638.
00:22:35 | INFO: Draco encoder: Encoding mesh Loose soil particles 0639.
00:22:35 | INFO: Draco encoder: Encoding mesh Loose soil particles 0640.
00:22:35 | INFO: Draco encoder: Encoding mesh Loose soil particles 0641.
00:22:35 | INFO: Draco encoder: Encoding mesh Loose soil particles 0642.
00:22:35 | INFO: Draco encoder: Encoding mesh Loose soil particles 0643.
00:22:35 | INFO: Draco encoder: Encoding mesh Loose soil particles 0644.
00:22:35 | INFO: Draco encoder: Encoding mesh Loose soil particles 0645.
00:22:35 | INFO: Draco encoder: Encoding mesh Loose soil particles 0646.
00:22:35 | INFO: Draco encoder: Encoding mesh Loose soil particles 0647.
00:22:35 | INFO: Draco encoder: Encoding mesh Loose soil particles 0648.
00:22:35 | INFO: Draco encoder: Encoding mesh Loose soil particles 0649.
00:22:35 | INFO: Draco encoder: Encoding mesh Loose soil particles 0650.
00:22:35 | INFO: Draco encoder: Encoding mesh Loose soil particles 0651.
00:22:35 | INFO: Draco encoder: Encoding mesh Loose soil particles 0652.
00:22:35 | INFO: Draco encoder: Encoding mesh Loose soil particles 0653.
00:22:35 | INFO: Draco encoder: Encoding mesh Loose soil particles 0654.
00:22:35 | INFO: Draco encoder: Encoding mesh Loose soil particles 0655.
00:22:35 | INFO: Draco encoder: Encoding mesh Loose soil particles 0656.
00:22:35 | INFO: Draco encoder: Encoding mesh Loose soil particles 0657.
00:22:35 | INFO: Draco encoder: Encoding mesh Loose soil particles 0658.
00:22:35 | INFO: Draco encoder: Encoding mesh Loose soil particles 0659.
00:22:35 | INFO: Draco encoder: Encoding mesh Loose soil particles 0660.
00:22:35 | INFO: Draco encoder: Encoding mesh Loose soil particles 0661.
00:22:35 | INFO: Draco encoder: Encoding mesh Loose soil particles 0662.
00:22:35 | INFO: Draco encoder: Encoding mesh Loose soil particles 0663.
00:22:35 | INFO: Draco encoder: Encoding mesh Loose soil particles 0664.
00:22:35 | INFO: Draco encoder: Encoding mesh Loose soil particles 0665.
00:22:35 | INFO: Draco encoder: Encoding mesh Loose soil particles 0666.
00:22:35 | INFO: Draco encoder: Encoding mesh Loose soil particles 0667.
00:22:35 | INFO: Draco encoder: Encoding mesh Loose soil particles 0668.
00:22:35 | INFO: Draco encoder: Encoding mesh Loose soil particles 0669.
00:22:35 | INFO: Draco encoder: Encoding mesh Loose soil particles 0670.
00:22:35 | INFO: Draco encoder: Encoding mesh Loose soil particles 0671.
00:22:35 | INFO: Draco encoder: Encoding mesh Loose soil particles 0672.
00:22:35 | INFO: Draco encoder: Encoding mesh Loose soil particles 0673.
00:22:35 | INFO: Draco encoder: Encoding mesh Loose soil particles 0674.
00:22:35 | INFO: Draco encoder: Encoding mesh Loose soil particles 0675.
00:22:35 | INFO: Draco encoder: Encoding mesh Loose soil particles 0676.
00:22:35 | INFO: Draco encoder: Encoding mesh Loose soil particles 0677.
00:22:35 | INFO: Draco encoder: Encoding mesh Loose soil particles 0678.
00:22:35 | INFO: Draco encoder: Encoding mesh Loose soil particles 0679.
00:22:35 | INFO: Draco encoder: Encoding mesh Loose soil particles 0680.
00:22:35 | INFO: Draco encoder: Encoding mesh Loose soil particles 0681.
00:22:35 | INFO: Draco encoder: Encoding mesh Loose soil particles 0682.
00:22:35 | INFO: Draco encoder: Encoding mesh Loose soil particles 0683.
00:22:35 | INFO: Draco encoder: Encoding mesh Loose soil particles 0684.
00:22:35 | INFO: Draco encoder: Encoding mesh Loose soil particles 0685.
00:22:35 | INFO: Draco encoder: Encoding mesh Loose soil particles 0686.
00:22:35 | INFO: Draco encoder: Encoding mesh Loose soil particles 0687.
00:22:35 | INFO: Draco encoder: Encoding mesh Loose soil particles 0688.
00:22:35 | INFO: Draco encoder: Encoding mesh Loose soil particles 0689.
00:22:35 | INFO: Draco encoder: Encoding mesh Loose soil particles 0690.
00:22:35 | INFO: Draco encoder: Encoding mesh Loose soil particles 0691.
00:22:35 | INFO: Draco encoder: Encoding mesh Loose soil particles 0692.
00:22:35 | INFO: Draco encoder: Encoding mesh Loose soil particles 0693.
00:22:35 | INFO: Draco encoder: Encoding mesh Loose soil particles 0694.
00:22:35 | INFO: Draco encoder: Encoding mesh Loose soil particles 0695.
00:22:35 | INFO: Draco encoder: Encoding mesh Loose soil particles 0696.
00:22:35 | INFO: Draco encoder: Encoding mesh Loose soil particles 0697.
00:22:35 | INFO: Draco encoder: Encoding mesh Loose soil particles 0698.
00:22:35 | INFO: Draco encoder: Encoding mesh Loose soil particles 0699.
00:22:35 | INFO: Draco encoder: Encoding mesh Loose soil particles 0700.
00:22:35 | INFO: Draco encoder: Encoding mesh Loose soil particles 0701.
00:22:35 | INFO: Draco encoder: Encoding mesh Loose soil particles 0702.
00:22:35 | INFO: Draco encoder: Encoding mesh Loose soil particles 0703.
00:22:35 | INFO: Draco encoder: Encoding mesh Loose soil particles 0704.
00:22:35 | INFO: Draco encoder: Encoding mesh Loose soil particles 0705.
00:22:35 | INFO: Draco encoder: Encoding mesh Loose soil particles 0706.
00:22:35 | INFO: Draco encoder: Encoding mesh Loose soil particles 0707.
00:22:35 | INFO: Draco encoder: Encoding mesh Loose soil particles 0708.
00:22:35 | INFO: Draco encoder: Encoding mesh Loose soil particles 0709.
00:22:35 | INFO: Draco encoder: Encoding mesh Loose soil particles 0710.
00:22:35 | INFO: Draco encoder: Encoding mesh Loose soil particles 0711.
00:22:35 | INFO: Draco encoder: Encoding mesh Loose soil particles 0712.
00:22:35 | INFO: Draco encoder: Encoding mesh Loose soil particles 0713.
00:22:35 | INFO: Draco encoder: Encoding mesh Loose soil particles 0714.
00:22:35 | INFO: Draco encoder: Encoding mesh Loose soil particles 0715.
00:22:35 | INFO: Draco encoder: Encoding mesh Loose soil particles 0716.
00:22:35 | INFO: Draco encoder: Encoding mesh Loose soil particles 0717.
00:22:35 | INFO: Draco encoder: Encoding mesh Loose soil particles 0718.
00:22:35 | INFO: Draco encoder: Encoding mesh Loose soil particles 0719.
00:22:35 | INFO: Draco encoder: Encoding mesh Loose soil particles 0720.
00:22:35 | INFO: Draco encoder: Encoding mesh Loose soil particles 0721.
00:22:35 | INFO: Draco encoder: Encoding mesh Loose soil particles 0722.
00:22:35 | INFO: Draco encoder: Encoding mesh Loose soil particles 0723.
00:22:35 | INFO: Draco encoder: Encoding mesh Loose soil particles 0724.
00:22:35 | INFO: Draco encoder: Encoding mesh Loose soil particles 0725.
00:22:35 | INFO: Draco encoder: Encoding mesh Loose soil particles 0726.
00:22:35 | INFO: Draco encoder: Encoding mesh Loose soil particles 0727.
00:22:35 | INFO: Draco encoder: Encoding mesh Loose soil particles 0728.
00:22:35 | INFO: Draco encoder: Encoding mesh Loose soil particles 0729.
00:22:35 | INFO: Draco encoder: Encoding mesh Loose soil particles 0730.
00:22:35 | INFO: Draco encoder: Encoding mesh Loose soil particles 0731.
00:22:35 | INFO: Draco encoder: Encoding mesh Loose soil particles 0732.
00:22:35 | INFO: Draco encoder: Encoding mesh Loose soil particles 0733.
00:22:35 | INFO: Draco encoder: Encoding mesh Loose soil particles 0734.
00:22:35 | INFO: Draco encoder: Encoding mesh Loose soil particles 0735.
00:22:35 | INFO: Draco encoder: Encoding mesh Loose soil particles 0736.
00:22:35 | INFO: Draco encoder: Encoding mesh Loose soil particles 0737.
00:22:35 | INFO: Draco encoder: Encoding mesh Loose soil particles 0738.
00:22:35 | INFO: Draco encoder: Encoding mesh Loose soil particles 0739.
00:22:35 | INFO: Draco encoder: Encoding mesh Loose soil particles 0740.
00:22:35 | INFO: Draco encoder: Encoding mesh Loose soil particles 0741.
00:22:35 | INFO: Draco encoder: Encoding mesh Loose soil particles 0742.
00:22:35 | INFO: Draco encoder: Encoding mesh Loose soil particles 0743.
00:22:35 | INFO: Draco encoder: Encoding mesh Loose soil particles 0744.
00:22:35 | INFO: Draco encoder: Encoding mesh Loose soil particles 0745.
00:22:35 | INFO: Draco encoder: Encoding mesh Loose soil particles 0746.
00:22:35 | INFO: Draco encoder: Encoding mesh Loose soil particles 0747.
00:22:35 | INFO: Draco encoder: Encoding mesh Loose soil particles 0748.
00:22:35 | INFO: Draco encoder: Encoding mesh Loose soil particles 0749.
00:22:35 | INFO: Draco encoder: Encoding mesh Loose soil particles 0750.
00:22:35 | INFO: Draco encoder: Encoding mesh Loose soil particles 0751.
00:22:35 | INFO: Draco encoder: Encoding mesh Loose soil particles 0752.
00:22:35 | INFO: Draco encoder: Encoding mesh Loose soil particles 0753.
00:22:35 | INFO: Draco encoder: Encoding mesh Loose soil particles 0754.
00:22:35 | INFO: Draco encoder: Encoding mesh Loose soil particles 0755.
00:22:35 | INFO: Draco encoder: Encoding mesh Loose soil particles 0756.
00:22:35 | INFO: Draco encoder: Encoding mesh Loose soil particles 0757.
00:22:35 | INFO: Draco encoder: Encoding mesh Loose soil particles 0758.
00:22:35 | INFO: Draco encoder: Encoding mesh Loose soil particles 0759.
00:22:35 | INFO: Draco encoder: Encoding mesh Loose soil particles 0760.
00:22:35 | INFO: Draco encoder: Encoding mesh Loose soil particles 0761.
00:22:35 | INFO: Draco encoder: Encoding mesh Loose soil particles 0762.
00:22:35 | INFO: Draco encoder: Encoding mesh Loose soil particles 0763.
00:22:35 | INFO: Draco encoder: Encoding mesh Loose soil particles 0764.
00:22:35 | INFO: Draco encoder: Encoding mesh Loose soil particles 0765.
00:22:35 | INFO: Draco encoder: Encoding mesh Loose soil particles 0766.
00:22:35 | INFO: Draco encoder: Encoding mesh Loose soil particles 0767.
00:22:35 | INFO: Draco encoder: Encoding mesh Loose soil particles 0768.
00:22:35 | INFO: Draco encoder: Encoding mesh Loose soil particles 0769.
00:22:35 | INFO: Draco encoder: Encoding mesh Loose soil particles 0770.
00:22:35 | INFO: Draco encoder: Encoding mesh Loose soil particles 0771.
00:22:35 | INFO: Draco encoder: Encoding mesh Loose soil particles 0772.
00:22:35 | INFO: Draco encoder: Encoding mesh Loose soil particles 0773.
00:22:35 | INFO: Draco encoder: Encoding mesh Loose soil particles 0774.
00:22:35 | INFO: Draco encoder: Encoding mesh Loose soil particles 0775.
00:22:35 | INFO: Draco encoder: Encoding mesh Loose soil particles 0776.
00:22:35 | INFO: Draco encoder: Encoding mesh Loose soil particles 0777.
00:22:35 | INFO: Draco encoder: Encoding mesh Loose soil particles 0778.
00:22:35 | INFO: Draco encoder: Encoding mesh Loose soil particles 0779.
00:22:35 | INFO: Draco encoder: Encoding mesh Loose soil particles 0780.
00:22:35 | INFO: Draco encoder: Encoding mesh Loose soil particles 0781.
00:22:35 | INFO: Draco encoder: Encoding mesh Loose soil particles 0782.
00:22:35 | INFO: Draco encoder: Encoding mesh Loose soil particles 0783.
00:22:35 | INFO: Draco encoder: Encoding mesh Loose soil particles 0784.
00:22:35 | INFO: Draco encoder: Encoding mesh Loose soil particles 0785.
00:22:35 | INFO: Draco encoder: Encoding mesh Loose soil particles 0786.
00:22:35 | INFO: Draco encoder: Encoding mesh Loose soil particles 0787.
00:22:35 | INFO: Draco encoder: Encoding mesh Loose soil particles 0788.
00:22:35 | INFO: Draco encoder: Encoding mesh Loose soil particles 0789.
00:22:35 | INFO: Draco encoder: Encoding mesh Loose soil particles 0790.
00:22:35 | INFO: Draco encoder: Encoding mesh Loose soil particles 0791.
00:22:35 | INFO: Draco encoder: Encoding mesh Loose soil particles 0792.
00:22:35 | INFO: Draco encoder: Encoding mesh Loose soil particles 0793.
00:22:35 | INFO: Draco encoder: Encoding mesh Loose soil particles 0794.
00:22:35 | INFO: Draco encoder: Encoding mesh Loose soil particles 0795.
00:22:35 | INFO: Draco encoder: Encoding mesh Loose soil particles 0796.
00:22:35 | INFO: Draco encoder: Encoding mesh Loose soil particles 0797.
00:22:35 | INFO: Draco encoder: Encoding mesh Loose soil particles 0798.
00:22:35 | INFO: Draco encoder: Encoding mesh Loose soil particles 0799.
00:22:35 | INFO: Draco encoder: Encoding mesh Loose soil particles 0800.
00:22:35 | INFO: Draco encoder: Encoding mesh Loose soil particles 0801.
00:22:35 | INFO: Draco encoder: Encoding mesh Loose soil particles 0802.
00:22:35 | INFO: Draco encoder: Encoding mesh Loose soil particles 0803.
00:22:35 | INFO: Draco encoder: Encoding mesh Loose soil particles 0804.
00:22:35 | INFO: Draco encoder: Encoding mesh Loose soil particles 0805.
00:22:35 | INFO: Draco encoder: Encoding mesh Loose soil particles 0806.
00:22:35 | INFO: Draco encoder: Encoding mesh Loose soil particles 0807.
00:22:35 | INFO: Draco encoder: Encoding mesh Loose soil particles 0808.
00:22:35 | INFO: Draco encoder: Encoding mesh Loose soil particles 0809.
00:22:35 | INFO: Draco encoder: Encoding mesh Loose soil particles 0810.
00:22:35 | INFO: Draco encoder: Encoding mesh Loose soil particles 0811.
00:22:35 | INFO: Draco encoder: Encoding mesh Loose soil particles 0812.
00:22:35 | INFO: Draco encoder: Encoding mesh Loose soil particles 0813.
00:22:35 | INFO: Draco encoder: Encoding mesh Loose soil particles 0814.
00:22:35 | INFO: Draco encoder: Encoding mesh Loose soil particles 0815.
00:22:35 | INFO: Draco encoder: Encoding mesh Loose soil particles 0816.
00:22:35 | INFO: Draco encoder: Encoding mesh Loose soil particles 0817.
00:22:35 | INFO: Draco encoder: Encoding mesh Loose soil particles 0818.
00:22:35 | INFO: Draco encoder: Encoding mesh Loose soil particles 0819.
00:22:35 | INFO: Draco encoder: Encoding mesh Loose soil particles 0820.
00:22:35 | INFO: Draco encoder: Encoding mesh Loose soil particles 0821.
00:22:35 | INFO: Draco encoder: Encoding mesh Loose soil particles 0822.
00:22:35 | INFO: Draco encoder: Encoding mesh Loose soil particles 0823.
00:22:35 | INFO: Draco encoder: Encoding mesh Loose soil particles 0824.
00:22:35 | INFO: Draco encoder: Encoding mesh Loose soil particles 0825.
00:22:35 | INFO: Draco encoder: Encoding mesh Loose soil particles 0826.
00:22:35 | INFO: Draco encoder: Encoding mesh Loose soil particles 0827.
00:22:35 | INFO: Draco encoder: Encoding mesh Loose soil particles 0828.
00:22:35 | INFO: Draco encoder: Encoding mesh Loose soil particles 0829.
00:22:35 | INFO: Draco encoder: Encoding mesh Loose soil particles 0830.
00:22:35 | INFO: Draco encoder: Encoding mesh Loose soil particles 0831.
00:22:35 | INFO: Draco encoder: Encoding mesh Loose soil particles 0832.
00:22:35 | INFO: Draco encoder: Encoding mesh Loose soil particles 0833.
00:22:35 | INFO: Draco encoder: Encoding mesh Loose soil particles 0834.
00:22:35 | INFO: Draco encoder: Encoding mesh Loose soil particles 0835.
00:22:35 | INFO: Draco encoder: Encoding mesh Loose soil particles 0836.
00:22:35 | INFO: Draco encoder: Encoding mesh Loose soil particles 0837.
00:22:35 | INFO: Draco encoder: Encoding mesh Loose soil particles 0838.
00:22:35 | INFO: Draco encoder: Encoding mesh Loose soil particles 0839.
00:22:35 | INFO: Draco encoder: Encoding mesh Loose soil particles 0840.
00:22:35 | INFO: Draco encoder: Encoding mesh Loose soil particles 0841.
00:22:35 | INFO: Draco encoder: Encoding mesh Loose soil particles 0842.
00:22:35 | INFO: Draco encoder: Encoding mesh Loose soil particles 0843.
00:22:35 | INFO: Draco encoder: Encoding mesh Loose soil particles 0844.
00:22:35 | INFO: Draco encoder: Encoding mesh Loose soil particles 0845.
00:22:35 | INFO: Draco encoder: Encoding mesh Loose soil particles 0846.
00:22:35 | INFO: Draco encoder: Encoding mesh Loose soil particles 0847.
00:22:35 | INFO: Draco encoder: Encoding mesh Loose soil particles 0848.
00:22:35 | INFO: Draco encoder: Encoding mesh Loose soil particles 0849.
00:22:35 | INFO: Draco encoder: Encoding mesh Loose soil particles 0850.
00:22:35 | INFO: Draco encoder: Encoding mesh Loose soil particles 0851.
00:22:35 | INFO: Draco encoder: Encoding mesh Loose soil particles 0852.
00:22:35 | INFO: Draco encoder: Encoding mesh Loose soil particles 0853.
00:22:35 | INFO: Draco encoder: Encoding mesh Loose soil particles 0854.
00:22:35 | INFO: Draco encoder: Encoding mesh Loose soil particles 0855.
00:22:35 | INFO: Draco encoder: Encoding mesh Loose soil particles 0856.
00:22:35 | INFO: Draco encoder: Encoding mesh Loose soil particles 0857.
00:22:35 | INFO: Draco encoder: Encoding mesh Loose soil particles 0858.
00:22:35 | INFO: Draco encoder: Encoding mesh Loose soil particles 0859.
00:22:35 | INFO: Draco encoder: Encoding mesh Loose soil particles 0860.
00:22:35 | INFO: Draco encoder: Encoding mesh Loose soil particles 0861.
00:22:35 | INFO: Draco encoder: Encoding mesh Loose soil particles 0862.
00:22:35 | INFO: Draco encoder: Encoding mesh Loose soil particles 0863.
00:22:35 | INFO: Draco encoder: Encoding mesh Loose soil particles 0864.
00:22:35 | INFO: Draco encoder: Encoding mesh Loose soil particles 0865.
00:22:35 | INFO: Draco encoder: Encoding mesh Loose soil particles 0866.
00:22:35 | INFO: Draco encoder: Encoding mesh Loose soil particles 0867.
00:22:35 | INFO: Draco encoder: Encoding mesh Loose soil particles 0868.
00:22:35 | INFO: Draco encoder: Encoding mesh Loose soil particles 0869.
00:22:35 | INFO: Draco encoder: Encoding mesh Loose soil particles 0870.
00:22:35 | INFO: Draco encoder: Encoding mesh Loose soil particles 0871.
00:22:35 | INFO: Draco encoder: Encoding mesh Loose soil particles 0872.
00:22:35 | INFO: Draco encoder: Encoding mesh Loose soil particles 0873.
00:22:35 | INFO: Draco encoder: Encoding mesh Loose soil particles 0874.
00:22:35 | INFO: Draco encoder: Encoding mesh Loose soil particles 0875.
00:22:35 | INFO: Draco encoder: Encoding mesh Loose soil particles 0876.
00:22:35 | INFO: Draco encoder: Encoding mesh Loose soil particles 0877.
00:22:35 | INFO: Draco encoder: Encoding mesh Loose soil particles 0878.
00:22:35 | INFO: Draco encoder: Encoding mesh Loose soil particles 0879.
00:22:35 | INFO: Draco encoder: Encoding mesh Loose soil particles 0880.
00:22:35 | INFO: Draco encoder: Encoding mesh Loose soil particles 0881.
00:22:35 | INFO: Draco encoder: Encoding mesh Loose soil particles 0882.
00:22:35 | INFO: Draco encoder: Encoding mesh Loose soil particles 0883.
00:22:35 | INFO: Draco encoder: Encoding mesh Loose soil particles 0884.
00:22:35 | INFO: Draco encoder: Encoding mesh Loose soil particles 0885.
00:22:35 | INFO: Draco encoder: Encoding mesh Loose soil particles 0886.
00:22:35 | INFO: Draco encoder: Encoding mesh Loose soil particles 0887.
00:22:35 | INFO: Draco encoder: Encoding mesh Loose soil particles 0888.
00:22:35 | INFO: Draco encoder: Encoding mesh Loose soil particles 0889.
00:22:35 | INFO: Draco encoder: Encoding mesh Loose soil particles 0890.
00:22:35 | INFO: Draco encoder: Encoding mesh Loose soil particles 0891.
00:22:35 | INFO: Draco encoder: Encoding mesh Loose soil particles 0892.
00:22:35 | INFO: Draco encoder: Encoding mesh Loose soil particles 0893.
00:22:35 | INFO: Draco encoder: Encoding mesh Loose soil particles 0894.
00:22:35 | INFO: Draco encoder: Encoding mesh Loose soil particles 0895.
00:22:35 | INFO: Draco encoder: Encoding mesh Loose soil particles 0896.
00:22:35 | INFO: Draco encoder: Encoding mesh Loose soil particles 0897.
00:22:35 | INFO: Draco encoder: Encoding mesh Loose soil particles 0898.
00:22:35 | INFO: Draco encoder: Encoding mesh Loose soil particles 0899.
00:22:35 | INFO: Draco encoder: Encoding mesh Loose soil particles 0900.
00:22:35 | INFO: Draco encoder: Encoding mesh Loose soil particles 0901.
00:22:35 | INFO: Draco encoder: Encoding mesh Loose soil particles 0902.
00:22:35 | INFO: Draco encoder: Encoding mesh Loose soil particles 0903.
00:22:35 | INFO: Draco encoder: Encoding mesh Loose soil particles 0904.
00:22:35 | INFO: Draco encoder: Encoding mesh Loose soil particles 0905.
00:22:35 | INFO: Draco encoder: Encoding mesh Loose soil particles 0906.
00:22:35 | INFO: Draco encoder: Encoding mesh Loose soil particles 0907.
00:22:35 | INFO: Draco encoder: Encoding mesh Loose soil particles 0908.
00:22:35 | INFO: Draco encoder: Encoding mesh Loose soil particles 0909.
00:22:35 | INFO: Draco encoder: Encoding mesh Loose soil particles 0910.
00:22:35 | INFO: Draco encoder: Encoding mesh Loose soil particles 0911.
00:22:35 | INFO: Draco encoder: Encoding mesh Loose soil particles 0912.
00:22:35 | INFO: Draco encoder: Encoding mesh Loose soil particles 0913.
00:22:35 | INFO: Draco encoder: Encoding mesh Loose soil particles 0914.
00:22:35 | INFO: Draco encoder: Encoding mesh Loose soil particles 0915.
00:22:35 | INFO: Draco encoder: Encoding mesh Loose soil particles 0916.
00:22:35 | INFO: Draco encoder: Encoding mesh Loose soil particles 0917.
00:22:35 | INFO: Draco encoder: Encoding mesh Loose soil particles 0918.
00:22:35 | INFO: Draco encoder: Encoding mesh Loose soil particles 0919.
00:22:35 | INFO: Draco encoder: Encoding mesh Loose soil particles 0920.
00:22:35 | INFO: Draco encoder: Encoding mesh Loose soil particles 0921.
00:22:35 | INFO: Draco encoder: Encoding mesh Loose soil particles 0922.
00:22:35 | INFO: Draco encoder: Encoding mesh Loose soil particles 0923.
00:22:35 | INFO: Draco encoder: Encoding mesh Loose soil particles 0924.
00:22:35 | INFO: Draco encoder: Encoding mesh Loose soil particles 0925.
00:22:35 | INFO: Draco encoder: Encoding mesh Loose soil particles 0926.
00:22:35 | INFO: Draco encoder: Encoding mesh Loose soil particles 0927.
00:22:35 | INFO: Draco encoder: Encoding mesh Loose soil particles 0928.
00:22:35 | INFO: Draco encoder: Encoding mesh Loose soil particles 0929.
00:22:35 | INFO: Draco encoder: Encoding mesh Loose soil particles 0930.
00:22:35 | INFO: Draco encoder: Encoding mesh Loose soil particles 0931.
00:22:35 | INFO: Draco encoder: Encoding mesh Loose soil particles 0932.
00:22:35 | INFO: Draco encoder: Encoding mesh Loose soil particles 0933.
00:22:35 | INFO: Draco encoder: Encoding mesh Loose soil particles 0934.
00:22:35 | INFO: Draco encoder: Encoding mesh Loose soil particles 0935.
00:22:35 | INFO: Draco encoder: Encoding mesh Loose soil particles 0936.
00:22:35 | INFO: Draco encoder: Encoding mesh Loose soil particles 0937.
00:22:35 | INFO: Draco encoder: Encoding mesh Loose soil particles 0938.
00:22:35 | INFO: Draco encoder: Encoding mesh Loose soil particles 0939.
00:22:35 | INFO: Draco encoder: Encoding mesh Loose soil particles 0940.
00:22:35 | INFO: Draco encoder: Encoding mesh Loose soil particles 0941.
00:22:35 | INFO: Draco encoder: Encoding mesh Loose soil particles 0942.
00:22:35 | INFO: Draco encoder: Encoding mesh Loose soil particles 0943.
00:22:35 | INFO: Draco encoder: Encoding mesh Loose soil particles 0944.
00:22:35 | INFO: Draco encoder: Encoding mesh Loose soil particles 0945.
00:22:35 | INFO: Draco encoder: Encoding mesh Loose soil particles 0946.
00:22:35 | INFO: Draco encoder: Encoding mesh Loose soil particles 0947.
00:22:35 | INFO: Draco encoder: Encoding mesh Loose soil particles 0948.
00:22:35 | INFO: Draco encoder: Encoding mesh Loose soil particles 0949.
00:22:35 | INFO: Draco encoder: Encoding mesh Loose soil particles 0950.
00:22:35 | INFO: Draco encoder: Encoding mesh Loose soil particles 0951.
00:22:35 | INFO: Draco encoder: Encoding mesh Loose soil particles 0952.
00:22:35 | INFO: Draco encoder: Encoding mesh Loose soil particles 0953.
00:22:35 | INFO: Draco encoder: Encoding mesh Loose soil particles 0954.
00:22:35 | INFO: Draco encoder: Encoding mesh Loose soil particles 0955.
00:22:35 | INFO: Draco encoder: Encoding mesh Loose soil particles 0956.
00:22:35 | INFO: Draco encoder: Encoding mesh Loose soil particles 0957.
00:22:35 | INFO: Draco encoder: Encoding mesh Loose soil particles 0958.
00:22:35 | INFO: Draco encoder: Encoding mesh Loose soil particles 0959.
00:22:35 | INFO: Draco encoder: Encoding mesh Loose soil particles 0960.
00:22:35 | INFO: Draco encoder: Encoding mesh Loose soil particles 0961.
00:22:35 | INFO: Draco encoder: Encoding mesh Loose soil particles 0962.
00:22:35 | INFO: Draco encoder: Encoding mesh Loose soil particles 0963.
00:22:35 | INFO: Draco encoder: Encoding mesh Loose soil particles 0964.
00:22:35 | INFO: Draco encoder: Encoding mesh Loose soil particles 0965.
00:22:35 | INFO: Draco encoder: Encoding mesh Loose soil particles 0966.
00:22:35 | INFO: Draco encoder: Encoding mesh Loose soil particles 0967.
00:22:35 | INFO: Draco encoder: Encoding mesh Loose soil particles 0968.
00:22:35 | INFO: Draco encoder: Encoding mesh Loose soil particles 0969.
00:22:35 | INFO: Draco encoder: Encoding mesh Loose soil particles 0970.
00:22:35 | INFO: Draco encoder: Encoding mesh Loose soil particles 0971.
00:22:35 | INFO: Draco encoder: Encoding mesh Loose soil particles 0972.
00:22:35 | INFO: Draco encoder: Encoding mesh Loose soil particles 0973.
00:22:35 | INFO: Draco encoder: Encoding mesh Loose soil particles 0974.
00:22:35 | INFO: Draco encoder: Encoding mesh Loose soil particles 0975.
00:22:35 | INFO: Draco encoder: Encoding mesh Loose soil particles 0976.
00:22:35 | INFO: Draco encoder: Encoding mesh Loose soil particles 0977.
00:22:35 | INFO: Draco encoder: Encoding mesh Loose soil particles 0978.
00:22:35 | INFO: Draco encoder: Encoding mesh Loose soil particles 0979.
00:22:35 | INFO: Draco encoder: Encoding mesh Loose soil particles 0980.
00:22:35 | INFO: Draco encoder: Encoding mesh Loose soil particles 0981.
00:22:35 | INFO: Draco encoder: Encoding mesh Loose soil particles 0982.
00:22:35 | INFO: Draco encoder: Encoding mesh Loose soil particles 0983.
00:22:35 | INFO: Draco encoder: Encoding mesh Loose soil particles 0984.
00:22:35 | INFO: Draco encoder: Encoding mesh Loose soil particles 0985.
00:22:35 | INFO: Draco encoder: Encoding mesh Loose soil particles 0986.
00:22:35 | INFO: Draco encoder: Encoding mesh Loose soil particles 0987.
00:22:35 | INFO: Draco encoder: Encoding mesh Loose soil particles 0988.
00:22:35 | INFO: Draco encoder: Encoding mesh Loose soil particles 0989.
00:22:35 | INFO: Draco encoder: Encoding mesh Loose soil particles 0990.
00:22:35 | INFO: Draco encoder: Encoding mesh Loose soil particles 0991.
00:22:35 | INFO: Draco encoder: Encoding mesh Loose soil particles 0992.
00:22:35 | INFO: Draco encoder: Encoding mesh Loose soil particles 0993.
00:22:35 | INFO: Draco encoder: Encoding mesh Loose soil particles 0994.
00:22:35 | INFO: Draco encoder: Encoding mesh Loose soil particles 0995.
00:22:35 | INFO: Draco encoder: Encoding mesh Loose soil particles 0996.
00:22:35 | INFO: Draco encoder: Encoding mesh Loose soil particles 0997.
00:22:35 | INFO: Draco encoder: Encoding mesh Loose soil particles 0998.
00:22:35 | INFO: Draco encoder: Encoding mesh Loose soil particles 0999.
00:22:35 | INFO: Draco encoder: Encoding mesh Loose soil particles 1000.
00:22:35 | INFO: Draco encoder: Encoding mesh Loose soil particles 1001.
00:22:35 | INFO: Draco encoder: Encoding mesh Loose soil particles 1002.
00:22:35 | INFO: Draco encoder: Encoding mesh Loose soil particles 1003.
00:22:35 | INFO: Draco encoder: Encoding mesh Loose soil particles 1004.
00:22:35 | INFO: Draco encoder: Encoding mesh Loose soil particles 1005.
00:22:35 | INFO: Draco encoder: Encoding mesh Loose soil particles 1006.
00:22:35 | INFO: Draco encoder: Encoding mesh Loose soil particles 1007.
00:22:35 | INFO: Draco encoder: Encoding mesh Loose soil particles 1008.
00:22:35 | INFO: Draco encoder: Encoding mesh Loose soil particles 1009.
00:22:35 | INFO: Draco encoder: Encoding mesh Loose soil particles 1010.
00:22:35 | INFO: Draco encoder: Encoding mesh Loose soil particles 1011.
00:22:35 | INFO: Draco encoder: Encoding mesh Loose soil particles 1012.
00:22:35 | INFO: Draco encoder: Encoding mesh Loose soil particles 1013.
00:22:35 | INFO: Draco encoder: Encoding mesh Loose soil particles 1014.
00:22:35 | INFO: Draco encoder: Encoding mesh Loose soil particles 1015.
00:22:35 | INFO: Draco encoder: Encoding mesh Loose soil particles 1016.
00:22:35 | INFO: Draco encoder: Encoding mesh Loose soil particles 1017.
00:22:35 | INFO: Draco encoder: Encoding mesh Loose soil particles 1018.
00:22:35 | INFO: Draco encoder: Encoding mesh Loose soil particles 1019.
00:22:35 | INFO: Draco encoder: Encoding mesh Loose soil particles 1020.
00:22:35 | INFO: Draco encoder: Encoding mesh Loose soil particles 1021.
00:22:35 | INFO: Draco encoder: Encoding mesh Loose soil particles 1022.
00:22:35 | INFO: Draco encoder: Encoding mesh Loose soil particles 1023.
00:22:35 | INFO: Draco encoder: Encoding mesh Loose soil particles 1024.
00:22:35 | INFO: Draco encoder: Encoding mesh Loose soil particles 1025.
00:22:35 | INFO: Draco encoder: Encoding mesh Loose soil particles 1026.
00:22:35 | INFO: Draco encoder: Encoding mesh Loose soil particles 1027.
00:22:35 | INFO: Draco encoder: Encoding mesh Loose soil particles 1028.
00:22:35 | INFO: Draco encoder: Encoding mesh Loose soil particles 1029.
00:22:35 | INFO: Draco encoder: Encoding mesh Loose soil particles 1030.
00:22:35 | INFO: Draco encoder: Encoding mesh Loose soil particles 1031.
00:22:35 | INFO: Draco encoder: Encoding mesh Loose soil particles 1032.
00:22:35 | INFO: Draco encoder: Encoding mesh Loose soil particles 1033.
00:22:35 | INFO: Draco encoder: Encoding mesh Loose soil particles 1034.
00:22:35 | INFO: Draco encoder: Encoding mesh Loose soil particles 1035.
00:22:35 | INFO: Draco encoder: Encoding mesh Loose soil particles 1036.
00:22:35 | INFO: Draco encoder: Encoding mesh Loose soil particles 1037.
00:22:35 | INFO: Draco encoder: Encoding mesh Loose soil particles 1038.
00:22:35 | INFO: Draco encoder: Encoding mesh Loose soil particles 1039.
00:22:35 | INFO: Draco encoder: Encoding mesh Loose soil particles 1040.
00:22:35 | INFO: Draco encoder: Encoding mesh Loose soil particles 1041.
00:22:35 | INFO: Draco encoder: Encoding mesh Loose soil particles 1042.
00:22:35 | INFO: Draco encoder: Encoding mesh Loose soil particles 1043.
00:22:35 | INFO: Draco encoder: Encoding mesh Loose soil particles 1044.
00:22:35 | INFO: Draco encoder: Encoding mesh Loose soil particles 1045.
00:22:35 | INFO: Draco encoder: Encoding mesh Loose soil particles 1046.
00:22:35 | INFO: Draco encoder: Encoding mesh Loose soil particles 1047.
00:22:35 | INFO: Draco encoder: Encoding mesh Loose soil particles 1048.
00:22:35 | INFO: Draco encoder: Encoding mesh Loose soil particles 1049.
00:22:35 | INFO: Draco encoder: Encoding mesh Loose soil particles 1050.
00:22:35 | INFO: Draco encoder: Encoding mesh Loose soil particles 1051.
00:22:35 | INFO: Draco encoder: Encoding mesh Loose soil particles 1052.
00:22:35 | INFO: Draco encoder: Encoding mesh Loose soil particles 1053.
00:22:35 | INFO: Draco encoder: Encoding mesh Loose soil particles 1054.
00:22:35 | INFO: Draco encoder: Encoding mesh Loose soil particles 1055.
00:22:35 | INFO: Draco encoder: Encoding mesh Loose soil particles 1056.
00:22:35 | INFO: Draco encoder: Encoding mesh Loose soil particles 1057.
00:22:35 | INFO: Draco encoder: Encoding mesh Loose soil particles 1058.
00:22:35 | INFO: Draco encoder: Encoding mesh Loose soil particles 1059.
00:22:35 | INFO: Draco encoder: Encoding mesh Loose soil particles 1060.
00:22:35 | INFO: Draco encoder: Encoding mesh Loose soil particles 1061.
00:22:35 | INFO: Draco encoder: Encoding mesh Loose soil particles 1062.
00:22:35 | INFO: Draco encoder: Encoding mesh Loose soil particles 1063.
00:22:35 | INFO: Draco encoder: Encoding mesh Loose soil particles 1064.
00:22:35 | INFO: Draco encoder: Encoding mesh Loose soil particles 1065.
00:22:35 | INFO: Draco encoder: Encoding mesh Loose soil particles 1066.
00:22:35 | INFO: Draco encoder: Encoding mesh Loose soil particles 1067.
00:22:35 | INFO: Draco encoder: Encoding mesh Loose soil particles 1068.
00:22:35 | INFO: Draco encoder: Encoding mesh Loose soil particles 1069.
00:22:35 | INFO: Draco encoder: Encoding mesh Loose soil particles 1070.
00:22:35 | INFO: Draco encoder: Encoding mesh Loose soil particles 1071.
00:22:35 | INFO: Draco encoder: Encoding mesh Loose soil particles 1072.
00:22:35 | INFO: Draco encoder: Encoding mesh Loose soil particles 1073.
00:22:35 | INFO: Draco encoder: Encoding mesh Loose soil particles 1074.
00:22:35 | INFO: Draco encoder: Encoding mesh Loose soil particles 1075.
00:22:35 | INFO: Draco encoder: Encoding mesh Loose soil particles 1076.
00:22:35 | INFO: Draco encoder: Encoding mesh Loose soil particles 1077.
00:22:35 | INFO: Draco encoder: Encoding mesh Loose soil particles 1078.
00:22:35 | INFO: Draco encoder: Encoding mesh Loose soil particles 1079.
00:22:35 | INFO: Draco encoder: Encoding mesh Loose soil particles 1080.
00:22:35 | INFO: Draco encoder: Encoding mesh Loose soil particles 1081.
00:22:35 | INFO: Draco encoder: Encoding mesh Loose soil particles 1082.
00:22:35 | INFO: Draco encoder: Encoding mesh Loose soil particles 1083.
00:22:35 | INFO: Draco encoder: Encoding mesh Loose soil particles 1084.
00:22:35 | INFO: Draco encoder: Encoding mesh Loose soil particles 1085.
00:22:35 | INFO: Draco encoder: Encoding mesh Loose soil particles 1086.
00:22:35 | INFO: Draco encoder: Encoding mesh Loose soil particles 1087.
00:22:35 | INFO: Draco encoder: Encoding mesh Loose soil particles 1088.
00:22:35 | INFO: Draco encoder: Encoding mesh Loose soil particles 1089.
00:22:35 | INFO: Draco encoder: Encoding mesh Loose soil particles 1090.
00:22:35 | INFO: Draco encoder: Encoding mesh Loose soil particles 1091.
00:22:35 | INFO: Draco encoder: Encoding mesh Loose soil particles 1092.
00:22:35 | INFO: Draco encoder: Encoding mesh Loose soil particles 1093.
00:22:35 | INFO: Draco encoder: Encoding mesh Loose soil particles 1094.
00:22:35 | INFO: Draco encoder: Encoding mesh Loose soil particles 1095.
00:22:35 | INFO: Draco encoder: Encoding mesh Loose soil particles 1096.
00:22:35 | INFO: Draco encoder: Encoding mesh Loose soil particles 1097.
00:22:35 | INFO: Draco encoder: Encoding mesh Loose soil particles 1098.
00:22:35 | INFO: Draco encoder: Encoding mesh Loose soil particles 1099.
00:22:35 | INFO: Draco encoder: Encoding mesh Loose soil particles 1100.
00:22:35 | INFO: Draco encoder: Encoding mesh Loose soil particles 1101.
00:22:35 | INFO: Draco encoder: Encoding mesh Loose soil particles 1102.
00:22:35 | INFO: Draco encoder: Encoding mesh Loose soil particles 1103.
00:22:35 | INFO: Draco encoder: Encoding mesh Loose soil particles 1104.
00:22:35 | INFO: Draco encoder: Encoding mesh Loose soil particles 1105.
00:22:35 | INFO: Draco encoder: Encoding mesh Loose soil particles 1106.
00:22:35 | INFO: Draco encoder: Encoding mesh Loose soil particles 1107.
00:22:35 | INFO: Draco encoder: Encoding mesh Loose soil particles 1108.
00:22:35 | INFO: Draco encoder: Encoding mesh Loose soil particles 1109.
00:22:35 | INFO: Draco encoder: Encoding mesh Loose soil particles 1110.
00:22:35 | INFO: Draco encoder: Encoding mesh Loose soil particles 1111.
00:22:35 | INFO: Draco encoder: Encoding mesh Loose soil particles 1112.
00:22:35 | INFO: Draco encoder: Encoding mesh Loose soil particles 1113.
00:22:35 | INFO: Draco encoder: Encoding mesh Loose soil particles 1114.
00:22:35 | INFO: Draco encoder: Encoding mesh Loose soil particles 1115.
00:22:35 | INFO: Draco encoder: Encoding mesh Loose soil particles 1116.
00:22:35 | INFO: Draco encoder: Encoding mesh Loose soil particles 1117.
00:22:35 | INFO: Draco encoder: Encoding mesh Loose soil particles 1118.
00:22:35 | INFO: Draco encoder: Encoding mesh Loose soil particles 1119.
00:22:35 | INFO: Draco encoder: Encoding mesh Loose soil particles 1120.
00:22:35 | INFO: Draco encoder: Encoding mesh Loose soil particles 1121.
00:22:35 | INFO: Draco encoder: Encoding mesh Loose soil particles 1122.
00:22:35 | INFO: Draco encoder: Encoding mesh Loose soil particles 1123.
00:22:35 | INFO: Draco encoder: Encoding mesh Loose soil particles 1124.
00:22:35 | INFO: Draco encoder: Encoding mesh Loose soil particles 1125.
00:22:35 | INFO: Draco encoder: Encoding mesh Loose soil particles 1126.
00:22:35 | INFO: Draco encoder: Encoding mesh Loose soil particles 1127.
00:22:35 | INFO: Draco encoder: Encoding mesh Loose soil particles 1128.
00:22:35 | INFO: Draco encoder: Encoding mesh Loose soil particles 1129.
00:22:35 | INFO: Draco encoder: Encoding mesh Loose soil particles 1130.
00:22:35 | INFO: Draco encoder: Encoding mesh Loose soil particles 1131.
00:22:35 | INFO: Draco encoder: Encoding mesh Loose soil particles 1132.
00:22:35 | INFO: Draco encoder: Encoding mesh Loose soil particles 1133.
00:22:35 | INFO: Draco encoder: Encoding mesh Loose soil particles 1134.
00:22:35 | INFO: Draco encoder: Encoding mesh Loose soil particles 1135.
00:22:35 | INFO: Draco encoder: Encoding mesh Loose soil particles 1136.
00:22:35 | INFO: Draco encoder: Encoding mesh Loose soil particles 1137.
00:22:35 | INFO: Draco encoder: Encoding mesh Loose soil particles 1138.
00:22:35 | INFO: Draco encoder: Encoding mesh Loose soil particles 1139.
00:22:35 | INFO: Draco encoder: Encoding mesh Loose soil particles 1140.
00:22:35 | INFO: Draco encoder: Encoding mesh Loose soil particles 1141.
00:22:35 | INFO: Draco encoder: Encoding mesh Loose soil particles 1142.
00:22:35 | INFO: Draco encoder: Encoding mesh Loose soil particles 1143.
00:22:35 | INFO: Draco encoder: Encoding mesh Loose soil particles 1144.
00:22:35 | INFO: Draco encoder: Encoding mesh Loose soil particles 1145.
00:22:35 | INFO: Draco encoder: Encoding mesh Loose soil particles 1146.
00:22:35 | INFO: Draco encoder: Encoding mesh Loose soil particles 1147.
00:22:35 | INFO: Draco encoder: Encoding mesh Loose soil particles 1148.
00:22:35 | INFO: Draco encoder: Encoding mesh Loose soil particles 1149.
00:22:35 | INFO: Draco encoder: Encoding mesh Loose soil particles 1150.
00:22:35 | INFO: Draco encoder: Encoding mesh Loose soil particles 1151.
00:22:35 | INFO: Draco encoder: Encoding mesh Loose soil particles 1152.
00:22:35 | INFO: Draco encoder: Encoding mesh Loose soil particles 1153.
00:22:35 | INFO: Draco encoder: Encoding mesh Loose soil particles 1154.
00:22:35 | INFO: Draco encoder: Encoding mesh Loose soil particles 1155.
00:22:35 | INFO: Draco encoder: Encoding mesh Loose soil particles 1156.
00:22:35 | INFO: Draco encoder: Encoding mesh Loose soil particles 1157.
00:22:35 | INFO: Draco encoder: Encoding mesh Loose soil particles 1158.
00:22:35 | INFO: Draco encoder: Encoding mesh Loose soil particles 1159.
00:22:35 | INFO: Draco encoder: Encoding mesh Loose soil particles 1160.
00:22:35 | INFO: Draco encoder: Encoding mesh Loose soil particles 1161.
00:22:35 | INFO: Draco encoder: Encoding mesh Loose soil particles 1162.
00:22:35 | INFO: Draco encoder: Encoding mesh Loose soil particles 1163.
00:22:35 | INFO: Draco encoder: Encoding mesh Loose soil particles 1164.
00:22:35 | INFO: Draco encoder: Encoding mesh Loose soil particles 1165.
00:22:35 | INFO: Draco encoder: Encoding mesh Loose soil particles 1166.
00:22:35 | INFO: Draco encoder: Encoding mesh Loose soil particles 1167.
00:22:35 | INFO: Draco encoder: Encoding mesh Loose soil particles 1168.
00:22:35 | INFO: Draco encoder: Encoding mesh Loose soil particles 1169.
00:22:35 | INFO: Draco encoder: Encoding mesh Loose soil particles 1170.
00:22:35 | INFO: Draco encoder: Encoding mesh Loose soil particles 1171.
00:22:35 | INFO: Draco encoder: Encoding mesh Loose soil particles 1172.
00:22:35 | INFO: Draco encoder: Encoding mesh Loose soil particles 1173.
00:22:35 | INFO: Draco encoder: Encoding mesh Loose soil particles 1174.
00:22:35 | INFO: Draco encoder: Encoding mesh Loose soil particles 1175.
00:22:35 | INFO: Draco encoder: Encoding mesh Loose soil particles 1176.
00:22:35 | INFO: Draco encoder: Encoding mesh Loose soil particles 1177.
00:22:35 | INFO: Draco encoder: Encoding mesh Loose soil particles 1178.
00:22:35 | INFO: Draco encoder: Encoding mesh Loose soil particles 1179.
00:22:35 | INFO: Draco encoder: Encoding mesh Loose soil particles 1180.
00:22:35 | INFO: Draco encoder: Encoding mesh Loose soil particles 1181.
00:22:35 | INFO: Draco encoder: Encoding mesh Loose soil particles 1182.
00:22:35 | INFO: Draco encoder: Encoding mesh Loose soil particles 1183.
00:22:35 | INFO: Draco encoder: Encoding mesh Loose soil particles 1184.
00:22:35 | INFO: Draco encoder: Encoding mesh Loose soil particles 1185.
00:22:35 | INFO: Draco encoder: Encoding mesh Loose soil particles 1186.
00:22:35 | INFO: Draco encoder: Encoding mesh Loose soil particles 1187.
00:22:35 | INFO: Draco encoder: Encoding mesh Loose soil particles 1188.
00:22:35 | INFO: Draco encoder: Encoding mesh Loose soil particles 1189.
00:22:35 | INFO: Draco encoder: Encoding mesh Loose soil particles 1190.
00:22:35 | INFO: Draco encoder: Encoding mesh Loose soil particles 1191.
00:22:35 | INFO: Draco encoder: Encoding mesh Loose soil particles 1192.
00:22:35 | INFO: Draco encoder: Encoding mesh Loose soil particles 1193.
00:22:35 | INFO: Draco encoder: Encoding mesh Loose soil particles 1194.
00:22:35 | INFO: Draco encoder: Encoding mesh Loose soil particles 1195.
00:22:35 | INFO: Draco encoder: Encoding mesh Loose soil particles 1196.
00:22:35 | INFO: Draco encoder: Encoding mesh Loose soil particles 1197.
00:22:35 | INFO: Draco encoder: Encoding mesh Loose soil particles 1198.
00:22:35 | INFO: Draco encoder: Encoding mesh Loose soil particles 1199.
00:22:35 | INFO: Draco encoder: Encoding mesh Loose soil particles 1200.
00:22:35 | INFO: Draco encoder: Encoding mesh Loose soil particles 1201.
00:22:35 | INFO: Draco encoder: Encoding mesh Loose soil particles 1202.
00:22:35 | INFO: Draco encoder: Encoding mesh Loose soil particles 1203.
00:22:35 | INFO: Draco encoder: Encoding mesh Loose soil particles 1204.
00:22:35 | INFO: Draco encoder: Encoding mesh Loose soil particles 1205.
00:22:35 | INFO: Draco encoder: Encoding mesh Loose soil particles 1206.
00:22:35 | INFO: Draco encoder: Encoding mesh Loose soil particles 1207.
00:22:35 | INFO: Draco encoder: Encoding mesh Loose soil particles 1208.
00:22:35 | INFO: Draco encoder: Encoding mesh Loose soil particles 1209.
00:22:35 | INFO: Draco encoder: Encoding mesh Loose soil particles 1210.
00:22:35 | INFO: Draco encoder: Encoding mesh Loose soil particles 1211.
00:22:35 | INFO: Draco encoder: Encoding mesh Loose soil particles 1212.
00:22:35 | INFO: Draco encoder: Encoding mesh Loose soil particles 1213.
00:22:35 | INFO: Draco encoder: Encoding mesh Loose soil particles 1214.
00:22:35 | INFO: Draco encoder: Encoding mesh Loose soil particles 1215.
00:22:35 | INFO: Draco encoder: Encoding mesh Loose soil particles 1216.
00:22:35 | INFO: Draco encoder: Encoding mesh Loose soil particles 1217.
00:22:35 | INFO: Draco encoder: Encoding mesh Loose soil particles 1218.
00:22:35 | INFO: Draco encoder: Encoding mesh Loose soil particles 1219.
00:22:35 | INFO: Draco encoder: Encoding mesh Loose soil particles 1220.
00:22:35 | INFO: Draco encoder: Encoding mesh Loose soil particles 1221.
00:22:35 | INFO: Draco encoder: Encoding mesh Loose soil particles 1222.
00:22:35 | INFO: Draco encoder: Encoding mesh Loose soil particles 1223.
00:22:35 | INFO: Draco encoder: Encoding mesh Loose soil particles 1224.
00:22:35 | INFO: Draco encoder: Encoding mesh Loose soil particles 1225.
00:22:35 | INFO: Draco encoder: Encoding mesh Loose soil particles 1226.
00:22:35 | INFO: Draco encoder: Encoding mesh Loose soil particles 1227.
00:22:35 | INFO: Draco encoder: Encoding mesh Loose soil particles 1228.
00:22:35 | INFO: Draco encoder: Encoding mesh Loose soil particles 1229.
00:22:35 | INFO: Draco encoder: Encoding mesh Loose soil particles 1230.
00:22:35 | INFO: Draco encoder: Encoding mesh Loose soil particles 1231.
00:22:35 | INFO: Draco encoder: Encoding mesh Loose soil particles 1232.
00:22:35 | INFO: Draco encoder: Encoding mesh Loose soil particles 1233.
00:22:35 | INFO: Draco encoder: Encoding mesh Loose soil particles 1234.
00:22:35 | INFO: Draco encoder: Encoding mesh Loose soil particles 1235.
00:22:35 | INFO: Draco encoder: Encoding mesh Loose soil particles 1236.
00:22:35 | INFO: Draco encoder: Encoding mesh Loose soil particles 1237.
00:22:35 | INFO: Draco encoder: Encoding mesh Loose soil particles 1238.
00:22:35 | INFO: Draco encoder: Encoding mesh Loose soil particles 1239.
00:22:35 | INFO: Draco encoder: Encoding mesh Loose soil particles 1240.
00:22:35 | INFO: Draco encoder: Encoding mesh Loose soil particles 1241.
00:22:35 | INFO: Draco encoder: Encoding mesh Loose soil particles 1242.
00:22:35 | INFO: Draco encoder: Encoding mesh Loose soil particles 1243.
00:22:35 | INFO: Draco encoder: Encoding mesh Loose soil particles 1244.
00:22:35 | INFO: Draco encoder: Encoding mesh Loose soil particles 1245.
00:22:35 | INFO: Draco encoder: Encoding mesh Loose soil particles 1246.
00:22:35 | INFO: Draco encoder: Encoding mesh Loose soil particles 1247.
00:22:35 | INFO: Draco encoder: Encoding mesh Loose soil particles 1248.
00:22:35 | INFO: Draco encoder: Encoding mesh Loose soil particles 1249.
00:22:35 | INFO: Draco encoder: Encoding mesh Loose soil particles 1250.
00:22:35 | INFO: Draco encoder: Encoding mesh Loose soil particles 1251.
00:22:35 | INFO: Draco encoder: Encoding mesh Loose soil particles 1252.
00:22:35 | INFO: Draco encoder: Encoding mesh Loose soil particles 1253.
00:22:35 | INFO: Draco encoder: Encoding mesh Loose soil particles 1254.
00:22:35 | INFO: Draco encoder: Encoding mesh Loose soil particles 1255.
00:22:35 | INFO: Draco encoder: Encoding mesh Loose soil particles 1256.
00:22:35 | INFO: Draco encoder: Encoding mesh Loose soil particles 1257.
00:22:35 | INFO: Draco encoder: Encoding mesh Loose soil particles 1258.
00:22:35 | INFO: Draco encoder: Encoding mesh Loose soil particles 1259.
00:22:35 | INFO: Draco encoder: Encoding mesh Loose soil particles 1260.
00:22:35 | INFO: Draco encoder: Encoding mesh Loose soil particles 1261.
00:22:35 | INFO: Draco encoder: Encoding mesh Loose soil particles 1262.
00:22:35 | INFO: Draco encoder: Encoding mesh Loose soil particles 1263.
00:22:35 | INFO: Draco encoder: Encoding mesh Loose soil particles 1264.
00:22:35 | INFO: Draco encoder: Encoding mesh Loose soil particles 1265.
00:22:35 | INFO: Draco encoder: Encoding mesh Loose soil particles 1266.
00:22:35 | INFO: Draco encoder: Encoding mesh Loose soil particles 1267.
00:22:35 | INFO: Draco encoder: Encoding mesh Loose soil particles 1268.
00:22:35 | INFO: Draco encoder: Encoding mesh Loose soil particles 1269.
00:22:35 | INFO: Draco encoder: Encoding mesh Loose soil particles 1270.
00:22:35 | INFO: Draco encoder: Encoding mesh Loose soil particles 1271.
00:22:35 | INFO: Draco encoder: Encoding mesh Loose soil particles 1272.
00:22:35 | INFO: Draco encoder: Encoding mesh Loose soil particles 1273.
00:22:35 | INFO: Draco encoder: Encoding mesh Loose soil particles 1274.
00:22:35 | INFO: Draco encoder: Encoding mesh Loose soil particles 1275.
00:22:35 | INFO: Draco encoder: Encoding mesh Loose soil particles 1276.
00:22:35 | INFO: Draco encoder: Encoding mesh Loose soil particles 1277.
00:22:35 | INFO: Draco encoder: Encoding mesh Loose soil particles 1278.
00:22:35 | INFO: Draco encoder: Encoding mesh Loose soil particles 1279.
00:22:35 | INFO: Draco encoder: Encoding mesh Loose soil particles 1280.
00:22:35 | INFO: Draco encoder: Encoding mesh Loose soil particles 1281.
00:22:35 | INFO: Draco encoder: Encoding mesh Loose soil particles 1282.
00:22:35 | INFO: Draco encoder: Encoding mesh Loose soil particles 1283.
00:22:35 | INFO: Draco encoder: Encoding mesh Loose soil particles 1284.
00:22:35 | INFO: Draco encoder: Encoding mesh Loose soil particles 1285.
00:22:35 | INFO: Draco encoder: Encoding mesh Loose soil particles 1286.
00:22:35 | INFO: Draco encoder: Encoding mesh Loose soil particles 1287.
00:22:35 | INFO: Draco encoder: Encoding mesh Loose soil particles 1288.
00:22:35 | INFO: Draco encoder: Encoding mesh Loose soil particles 1289.
00:22:35 | INFO: Draco encoder: Encoding mesh Loose soil particles 1290.
00:22:35 | INFO: Draco encoder: Encoding mesh Loose soil particles 1291.
00:22:35 | INFO: Draco encoder: Encoding mesh Loose soil particles 1292.
00:22:35 | INFO: Draco encoder: Encoding mesh Loose soil particles 1293.
00:22:35 | INFO: Draco encoder: Encoding mesh Loose soil particles 1294.
00:22:35 | INFO: Draco encoder: Encoding mesh Loose soil particles 1295.
00:22:35 | INFO: Draco encoder: Encoding mesh Loose soil particles 1296.
00:22:35 | INFO: Draco encoder: Encoding mesh Loose soil particles 1297.
00:22:35 | INFO: Draco encoder: Encoding mesh Loose soil particles 1298.
00:22:35 | INFO: Draco encoder: Encoding mesh Loose soil particles 1299.
00:22:35 | INFO: Draco encoder: Encoding mesh Loose soil particles 1300.
00:22:35 | INFO: Draco encoder: Encoding mesh Loose soil particles 1301.
00:22:35 | INFO: Draco encoder: Encoding mesh Loose soil particles 1302.
00:22:35 | INFO: Draco encoder: Encoding mesh Loose soil particles 1303.
00:22:35 | INFO: Draco encoder: Encoding mesh Loose soil particles 1304.
00:22:35 | INFO: Draco encoder: Encoding mesh Loose soil particles 1305.
00:22:35 | INFO: Draco encoder: Encoding mesh Loose soil particles 1306.
00:22:35 | INFO: Draco encoder: Encoding mesh Loose soil particles 1307.
00:22:35 | INFO: Draco encoder: Encoding mesh Loose soil particles 1308.
00:22:35 | INFO: Draco encoder: Encoding mesh Loose soil particles 1309.
00:22:35 | INFO: Draco encoder: Encoding mesh Loose soil particles 1310.
00:22:35 | INFO: Draco encoder: Encoding mesh Loose soil particles 1311.
00:22:35 | INFO: Draco encoder: Encoding mesh Loose soil particles 1312.
00:22:35 | INFO: Draco encoder: Encoding mesh Loose soil particles 1313.
00:22:35 | INFO: Draco encoder: Encoding mesh Loose soil particles 1314.
00:22:35 | INFO: Draco encoder: Encoding mesh Loose soil particles 1315.
00:22:35 | INFO: Draco encoder: Encoding mesh Loose soil particles 1316.
00:22:35 | INFO: Draco encoder: Encoding mesh Loose soil particles 1317.
00:22:35 | INFO: Draco encoder: Encoding mesh Loose soil particles 1318.
00:22:35 | INFO: Draco encoder: Encoding mesh Loose soil particles 1319.
00:22:35 | INFO: Draco encoder: Encoding mesh Loose soil particles 1320.
00:22:35 | INFO: Draco encoder: Encoding mesh Loose soil particles 1321.
00:22:35 | INFO: Draco encoder: Encoding mesh Loose soil particles 1322.
00:22:35 | INFO: Draco encoder: Encoding mesh Loose soil particles 1323.
00:22:35 | INFO: Draco encoder: Encoding mesh Loose soil particles 1324.
00:22:35 | INFO: Draco encoder: Encoding mesh Loose soil particles 1325.
00:22:35 | INFO: Draco encoder: Encoding mesh Loose soil particles 1326.
00:22:35 | INFO: Draco encoder: Encoding mesh Loose soil particles 1327.
00:22:35 | INFO: Draco encoder: Encoding mesh Loose soil particles 1328.
00:22:35 | INFO: Draco encoder: Encoding mesh Loose soil particles 1329.
00:22:35 | INFO: Draco encoder: Encoding mesh Loose soil particles 1330.
00:22:35 | INFO: Draco encoder: Encoding mesh Loose soil particles 1331.
00:22:35 | INFO: Draco encoder: Encoding mesh Loose soil particles 1332.
00:22:35 | INFO: Draco encoder: Encoding mesh Loose soil particles 1333.
00:22:35 | INFO: Draco encoder: Encoding mesh Loose soil particles 1334.
00:22:35 | INFO: Draco encoder: Encoding mesh Loose soil particles 1335.
00:22:35 | INFO: Draco encoder: Encoding mesh Loose soil particles 1336.
00:22:35 | INFO: Draco encoder: Encoding mesh Loose soil particles 1337.
00:22:35 | INFO: Draco encoder: Encoding mesh Loose soil particles 1338.
00:22:35 | INFO: Draco encoder: Encoding mesh Loose soil particles 1339.
00:22:35 | INFO: Draco encoder: Encoding mesh Loose soil particles 1340.
00:22:35 | INFO: Draco encoder: Encoding mesh Loose soil particles 1341.
00:22:35 | INFO: Draco encoder: Encoding mesh Loose soil particles 1342.
00:22:35 | INFO: Draco encoder: Encoding mesh Loose soil particles 1343.
00:22:35 | INFO: Draco encoder: Encoding mesh Loose soil particles 1344.
00:22:35 | INFO: Draco encoder: Encoding mesh Loose soil particles 1345.
00:22:35 | INFO: Draco encoder: Encoding mesh Loose soil particles 1346.
00:22:35 | INFO: Draco encoder: Encoding mesh Loose soil particles 1347.
00:22:35 | INFO: Draco encoder: Encoding mesh Loose soil particles 1348.
00:22:35 | INFO: Draco encoder: Encoding mesh Loose soil particles 1349.
00:22:35 | INFO: Draco encoder: Encoding mesh Loose soil particles 1350.
00:22:35 | INFO: Draco encoder: Encoding mesh Loose soil particles 1351.
00:22:35 | INFO: Draco encoder: Encoding mesh Loose soil particles 1352.
00:22:35 | INFO: Draco encoder: Encoding mesh Loose soil particles 1353.
00:22:35 | INFO: Draco encoder: Encoding mesh Loose soil particles 1354.
00:22:35 | INFO: Draco encoder: Encoding mesh Loose soil particles 1355.
00:22:35 | INFO: Draco encoder: Encoding mesh Loose soil particles 1356.
00:22:35 | INFO: Draco encoder: Encoding mesh Loose soil particles 1357.
00:22:35 | INFO: Draco encoder: Encoding mesh Loose soil particles 1358.
00:22:35 | INFO: Draco encoder: Encoding mesh Loose soil particles 1359.
00:22:35 | INFO: Draco encoder: Encoding mesh Loose soil particles 1360.
00:22:35 | INFO: Draco encoder: Encoding mesh Loose soil particles 1361.
00:22:35 | INFO: Draco encoder: Encoding mesh Loose soil particles 1362.
00:22:35 | INFO: Draco encoder: Encoding mesh Loose soil particles 1363.
00:22:35 | INFO: Draco encoder: Encoding mesh Loose soil particles 1364.
00:22:35 | INFO: Draco encoder: Encoding mesh Loose soil particles 1365.
00:22:35 | INFO: Draco encoder: Encoding mesh Loose soil particles 1366.
00:22:35 | INFO: Draco encoder: Encoding mesh Loose soil particles 1367.
00:22:35 | INFO: Draco encoder: Encoding mesh Loose soil particles 1368.
00:22:35 | INFO: Draco encoder: Encoding mesh Loose soil particles 1369.
00:22:35 | INFO: Draco encoder: Encoding mesh Loose soil particles 1370.
00:22:35 | INFO: Draco encoder: Encoding mesh Loose soil particles 1371.
00:22:35 | INFO: Draco encoder: Encoding mesh Loose soil particles 1372.
00:22:35 | INFO: Draco encoder: Encoding mesh Loose soil particles 1373.
00:22:35 | INFO: Draco encoder: Encoding mesh Loose soil particles 1374.
00:22:35 | INFO: Draco encoder: Encoding mesh Loose soil particles 1375.
00:22:35 | INFO: Draco encoder: Encoding mesh Loose soil particles 1376.
00:22:35 | INFO: Draco encoder: Encoding mesh Loose soil particles 1377.
00:22:35 | INFO: Draco encoder: Encoding mesh Loose soil particles 1378.
00:22:35 | INFO: Draco encoder: Encoding mesh Loose soil particles 1379.
00:22:35 | INFO: Draco encoder: Encoding mesh Loose soil particles 1380.
00:22:35 | INFO: Draco encoder: Encoding mesh Loose soil particles 1381.
00:22:35 | INFO: Draco encoder: Encoding mesh Loose soil particles 1382.
00:22:35 | INFO: Draco encoder: Encoding mesh Loose soil particles 1383.
00:22:35 | INFO: Draco encoder: Encoding mesh Loose soil particles 1384.
00:22:35 | INFO: Draco encoder: Encoding mesh Loose soil particles 1385.
00:22:35 | INFO: Draco encoder: Encoding mesh Loose soil particles 1386.
00:22:35 | INFO: Draco encoder: Encoding mesh Loose soil particles 1387.
00:22:35 | INFO: Draco encoder: Encoding mesh Loose soil particles 1388.
00:22:35 | INFO: Draco encoder: Encoding mesh Loose soil particles 1389.
00:22:35 | INFO: Draco encoder: Encoding mesh Loose soil particles 1390.
00:22:35 | INFO: Draco encoder: Encoding mesh Loose soil particles 1391.
00:22:35 | INFO: Draco encoder: Encoding mesh Loose soil particles 1392.
00:22:35 | INFO: Draco encoder: Encoding mesh Loose soil particles 1393.
00:22:35 | INFO: Draco encoder: Encoding mesh Loose soil particles 1394.
00:22:35 | INFO: Draco encoder: Encoding mesh Loose soil particles 1395.
00:22:35 | INFO: Draco encoder: Encoding mesh Loose soil particles 1396.
00:22:35 | INFO: Draco encoder: Encoding mesh Loose soil particles 1397.
00:22:35 | INFO: Draco encoder: Encoding mesh Loose soil particles 1398.
00:22:35 | INFO: Draco encoder: Encoding mesh Loose soil particles 1399.
00:22:35 | INFO: Draco encoder: Encoding mesh Loose soil particles 1400.
00:22:35 | INFO: Draco encoder: Encoding mesh Loose soil particles 1401.
00:22:35 | INFO: Draco encoder: Encoding mesh Loose soil particles 1402.
00:22:35 | INFO: Draco encoder: Encoding mesh Loose soil particles 1403.
00:22:35 | INFO: Draco encoder: Encoding mesh Loose soil particles 1404.
00:22:35 | INFO: Draco encoder: Encoding mesh Loose soil particles 1405.
00:22:35 | INFO: Draco encoder: Encoding mesh Loose soil particles 1406.
00:22:35 | INFO: Draco encoder: Encoding mesh Loose soil particles 1407.
00:22:35 | INFO: Draco encoder: Encoding mesh Loose soil particles 1408.
00:22:35 | INFO: Draco encoder: Encoding mesh Loose soil particles 1409.
00:22:35 | INFO: Draco encoder: Encoding mesh Loose soil particles 1410.
00:22:35 | INFO: Draco encoder: Encoding mesh Loose soil particles 1411.
00:22:35 | INFO: Draco encoder: Encoding mesh Loose soil particles 1412.
00:22:35 | INFO: Draco encoder: Encoding mesh Loose soil particles 1413.
00:22:35 | INFO: Draco encoder: Encoding mesh Loose soil particles 1414.
00:22:35 | INFO: Draco encoder: Encoding mesh Loose soil particles 1415.
00:22:35 | INFO: Draco encoder: Encoding mesh Loose soil particles 1416.
00:22:35 | INFO: Draco encoder: Encoding mesh Loose soil particles 1417.
00:22:35 | INFO: Draco encoder: Encoding mesh Loose soil particles 1418.
00:22:35 | INFO: Draco encoder: Encoding mesh Loose soil particles 1419.
00:22:35 | INFO: Draco encoder: Encoding mesh Loose soil particles 1420.
00:22:35 | INFO: Draco encoder: Encoding mesh Loose soil particles 1421.
00:22:35 | INFO: Draco encoder: Encoding mesh Loose soil particles 1422.
00:22:35 | INFO: Draco encoder: Encoding mesh Loose soil particles 1423.
00:22:35 | INFO: Draco encoder: Encoding mesh Loose soil particles 1424.
00:22:35 | INFO: Draco encoder: Encoding mesh Loose soil particles 1425.
00:22:35 | INFO: Draco encoder: Encoding mesh Loose soil particles 1426.
00:22:35 | INFO: Draco encoder: Encoding mesh Loose soil particles 1427.
00:22:35 | INFO: Draco encoder: Encoding mesh Loose soil particles 1428.
00:22:35 | INFO: Draco encoder: Encoding mesh Loose soil particles 1429.
00:22:35 | INFO: Draco encoder: Encoding mesh Loose soil particles 1430.
00:22:35 | INFO: Draco encoder: Encoding mesh Loose soil particles 1431.
00:22:35 | INFO: Draco encoder: Encoding mesh Loose soil particles 1432.
00:22:35 | INFO: Draco encoder: Encoding mesh Loose soil particles 1433.
00:22:35 | INFO: Draco encoder: Encoding mesh Loose soil particles 1434.
00:22:35 | INFO: Draco encoder: Encoding mesh Loose soil particles 1435.
00:22:35 | INFO: Draco encoder: Encoding mesh Loose soil particles 1436.
00:22:35 | INFO: Draco encoder: Encoding mesh Loose soil particles 1437.
00:22:35 | INFO: Draco encoder: Encoding mesh Loose soil particles 1438.
00:22:35 | INFO: Draco encoder: Encoding mesh Loose soil particles 1439.
00:22:35 | INFO: Draco encoder: Encoding mesh Loose soil particles 1440.
00:22:35 | INFO: Draco encoder: Encoding mesh Loose soil particles 1441.
00:22:35 | INFO: Draco encoder: Encoding mesh Loose soil particles 1442.
00:22:35 | INFO: Draco encoder: Encoding mesh Loose soil particles 1443.
00:22:35 | INFO: Draco encoder: Encoding mesh Loose soil particles 1444.
00:22:35 | INFO: Draco encoder: Encoding mesh Loose soil particles 1445.
00:22:35 | INFO: Draco encoder: Encoding mesh Loose soil particles 1446.
00:22:35 | INFO: Draco encoder: Encoding mesh Loose soil particles 1447.
00:22:35 | INFO: Draco encoder: Encoding mesh Loose soil particles 1448.
00:22:35 | INFO: Draco encoder: Encoding mesh Loose soil particles 1449.
00:22:35 | INFO: Draco encoder: Encoding mesh Loose soil particles 1450.
00:22:35 | INFO: Draco encoder: Encoding mesh Loose soil particles 1451.
00:22:35 | INFO: Draco encoder: Encoding mesh Loose soil particles 1452.
00:22:35 | INFO: Draco encoder: Encoding mesh Loose soil particles 1453.
00:22:35 | INFO: Draco encoder: Encoding mesh Loose soil particles 1454.
00:22:35 | INFO: Draco encoder: Encoding mesh Loose soil particles 1455.
00:22:35 | INFO: Draco encoder: Encoding mesh Loose soil particles 1456.
00:22:35 | INFO: Draco encoder: Encoding mesh Loose soil particles 1457.
00:22:35 | INFO: Draco encoder: Encoding mesh Loose soil particles 1458.
00:22:35 | INFO: Draco encoder: Encoding mesh Loose soil particles 1459.
00:22:35 | INFO: Draco encoder: Encoding mesh Loose soil particles 1460.
00:22:35 | INFO: Draco encoder: Encoding mesh Loose soil particles 1461.
00:22:35 | INFO: Draco encoder: Encoding mesh Loose soil particles 1462.
00:22:35 | INFO: Draco encoder: Encoding mesh Loose soil particles 1463.
00:22:35 | INFO: Draco encoder: Encoding mesh Loose soil particles 1464.
00:22:35 | INFO: Draco encoder: Encoding mesh Loose soil particles 1465.
00:22:35 | INFO: Draco encoder: Encoding mesh Loose soil particles 1466.
00:22:35 | INFO: Draco encoder: Encoding mesh Loose soil particles 1467.
00:22:35 | INFO: Draco encoder: Encoding mesh Loose soil particles 1468.
00:22:35 | INFO: Draco encoder: Encoding mesh Loose soil particles 1469.
00:22:35 | INFO: Draco encoder: Encoding mesh Loose soil particles 1470.
00:22:35 | INFO: Draco encoder: Encoding mesh Loose soil particles 1471.
00:22:35 | INFO: Draco encoder: Encoding mesh Loose soil particles 1472.
00:22:35 | INFO: Draco encoder: Encoding mesh Loose soil particles 1473.
00:22:35 | INFO: Draco encoder: Encoding mesh Loose soil particles 1474.
00:22:35 | INFO: Draco encoder: Encoding mesh Loose soil particles 1475.
00:22:35 | INFO: Draco encoder: Encoding mesh Loose soil particles 1476.
00:22:35 | INFO: Draco encoder: Encoding mesh Loose soil particles 1477.
00:22:35 | INFO: Draco encoder: Encoding mesh Loose soil particles 1478.
00:22:35 | INFO: Draco encoder: Encoding mesh Loose soil particles 1479.
00:22:35 | INFO: Draco encoder: Encoding mesh Loose soil particles 1480.
00:22:35 | INFO: Draco encoder: Encoding mesh Loose soil particles 1481.
00:22:35 | INFO: Draco encoder: Encoding mesh Loose soil particles 1482.
00:22:35 | INFO: Draco encoder: Encoding mesh Loose soil particles 1483.
00:22:35 | INFO: Draco encoder: Encoding mesh Loose soil particles 1484.
00:22:35 | INFO: Draco encoder: Encoding mesh Loose soil particles 1485.
00:22:35 | INFO: Draco encoder: Encoding mesh Loose soil particles 1486.
00:22:35 | INFO: Draco encoder: Encoding mesh Loose soil particles 1487.
00:22:35 | INFO: Draco encoder: Encoding mesh Loose soil particles 1488.
00:22:35 | INFO: Draco encoder: Encoding mesh Loose soil particles 1489.
00:22:35 | INFO: Draco encoder: Encoding mesh Loose soil particles 1490.
00:22:35 | INFO: Draco encoder: Encoding mesh Loose soil particles 1491.
00:22:35 | INFO: Draco encoder: Encoding mesh Loose soil particles 1492.
00:22:35 | INFO: Draco encoder: Encoding mesh Loose soil particles 1493.
00:22:35 | INFO: Draco encoder: Encoding mesh Loose soil particles 1494.
00:22:35 | INFO: Draco encoder: Encoding mesh Loose soil particles 1495.
00:22:35 | INFO: Draco encoder: Encoding mesh Loose soil particles 1496.
00:22:35 | INFO: Draco encoder: Encoding mesh Loose soil particles 1497.
00:22:35 | INFO: Draco encoder: Encoding mesh Loose soil particles 1498.
00:22:35 | INFO: Draco encoder: Encoding mesh Loose soil particles 1499.
00:22:35 | INFO: Draco encoder: Encoding mesh Loose soil particles 1500.
00:22:35 | INFO: Draco encoder: Encoding mesh Loose soil particles 1501.
00:22:35 | INFO: Draco encoder: Encoding mesh Loose soil particles 1502.
00:22:35 | INFO: Draco encoder: Encoding mesh Loose soil particles 1503.
00:22:35 | INFO: Draco encoder: Encoding mesh Loose soil particles 1504.
00:22:35 | INFO: Draco encoder: Encoding mesh Loose soil particles 1505.
00:22:35 | INFO: Draco encoder: Encoding mesh Loose soil particles 1506.
00:22:35 | INFO: Draco encoder: Encoding mesh Loose soil particles 1507.
00:22:35 | INFO: Draco encoder: Encoding mesh Loose soil particles 1508.
00:22:35 | INFO: Draco encoder: Encoding mesh Loose soil particles 1509.
00:22:35 | INFO: Draco encoder: Encoding mesh Loose soil particles 1510.
00:22:35 | INFO: Draco encoder: Encoding mesh Loose soil particles 1511.
00:22:35 | INFO: Draco encoder: Encoding mesh Loose soil particles 1512.
00:22:35 | INFO: Draco encoder: Encoding mesh Loose soil particles 1513.
00:22:35 | INFO: Draco encoder: Encoding mesh Loose soil particles 1514.
00:22:35 | INFO: Draco encoder: Encoding mesh Loose soil particles 1515.
00:22:35 | INFO: Draco encoder: Encoding mesh Loose soil particles 1516.
00:22:35 | INFO: Draco encoder: Encoding mesh Loose soil particles 1517.
00:22:35 | INFO: Draco encoder: Encoding mesh Loose soil particles 1518.
00:22:35 | INFO: Draco encoder: Encoding mesh Loose soil particles 1519.
00:22:35 | INFO: Draco encoder: Encoding mesh Loose soil particles 1520.
00:22:35 | INFO: Draco encoder: Encoding mesh Loose soil particles 1521.
00:22:35 | INFO: Draco encoder: Encoding mesh Loose soil particles 1522.
00:22:35 | INFO: Draco encoder: Encoding mesh Loose soil particles 1523.
00:22:35 | INFO: Draco encoder: Encoding mesh Loose soil particles 1524.
00:22:35 | INFO: Draco encoder: Encoding mesh Loose soil particles 1525.
00:22:35 | INFO: Draco encoder: Encoding mesh Loose soil particles 1526.
00:22:35 | INFO: Draco encoder: Encoding mesh Loose soil particles 1527.
00:22:35 | INFO: Draco encoder: Encoding mesh Loose soil particles 1528.
00:22:35 | INFO: Draco encoder: Encoding mesh Loose soil particles 1529.
00:22:35 | INFO: Draco encoder: Encoding mesh Loose soil particles 1530.
00:22:35 | INFO: Draco encoder: Encoding mesh Loose soil particles 1531.
00:22:35 | INFO: Draco encoder: Encoding mesh Loose soil particles 1532.
00:22:35 | INFO: Draco encoder: Encoding mesh Loose soil particles 1533.
00:22:35 | INFO: Draco encoder: Encoding mesh Loose soil particles 1534.
00:22:35 | INFO: Draco encoder: Encoding mesh Loose soil particles 1535.
00:22:35 | INFO: Draco encoder: Encoding mesh Loose soil particles 1536.
00:22:35 | INFO: Draco encoder: Encoding mesh Loose soil particles 1537.
00:22:35 | INFO: Draco encoder: Encoding mesh Loose soil particles 1538.
00:22:35 | INFO: Draco encoder: Encoding mesh Loose soil particles 1539.
00:22:35 | INFO: Draco encoder: Encoding mesh Loose soil particles 1540.
00:22:35 | INFO: Draco encoder: Encoding mesh Loose soil particles 1541.
00:22:35 | INFO: Draco encoder: Encoding mesh Loose soil particles 1542.
00:22:35 | INFO: Draco encoder: Encoding mesh Loose soil particles 1543.
00:22:35 | INFO: Draco encoder: Encoding mesh Loose soil particles 1544.
00:22:35 | INFO: Draco encoder: Encoding mesh Loose soil particles 1545.
00:22:35 | INFO: Draco encoder: Encoding mesh Loose soil particles 1546.
00:22:35 | INFO: Draco encoder: Encoding mesh Loose soil particles 1547.
00:22:35 | INFO: Draco encoder: Encoding mesh Loose soil particles 1548.
00:22:35 | INFO: Draco encoder: Encoding mesh Loose soil particles 1549.
00:22:35 | INFO: Draco encoder: Encoding mesh Loose soil particles 1550.
00:22:35 | INFO: Draco encoder: Encoding mesh Loose soil particles 1551.
00:22:35 | INFO: Draco encoder: Encoding mesh Loose soil particles 1552.
00:22:35 | INFO: Draco encoder: Encoding mesh Loose soil particles 1553.
00:22:35 | INFO: Draco encoder: Encoding mesh Loose soil particles 1554.
00:22:35 | INFO: Draco encoder: Encoding mesh Loose soil particles 1555.
00:22:35 | INFO: Draco encoder: Encoding mesh Loose soil particles 1556.
00:22:35 | INFO: Draco encoder: Encoding mesh Loose soil particles 1557.
00:22:35 | INFO: Draco encoder: Encoding mesh Loose soil particles 1558.
00:22:35 | INFO: Draco encoder: Encoding mesh Loose soil particles 1559.
00:22:35 | INFO: Draco encoder: Encoding mesh Loose soil particles 1560.
00:22:35 | INFO: Draco encoder: Encoding mesh Loose soil particles 1561.
00:22:35 | INFO: Draco encoder: Encoding mesh Loose soil particles 1562.
00:22:35 | INFO: Draco encoder: Encoding mesh Loose soil particles 1563.
00:22:35 | INFO: Draco encoder: Encoding mesh Loose soil particles 1564.
00:22:35 | INFO: Draco encoder: Encoding mesh Loose soil particles 1565.
00:22:35 | INFO: Draco encoder: Encoding mesh Loose soil particles 1566.
00:22:35 | INFO: Draco encoder: Encoding mesh Loose soil particles 1567.
00:22:35 | INFO: Draco encoder: Encoding mesh Loose soil particles 1568.
00:22:35 | INFO: Draco encoder: Encoding mesh Loose soil particles 1569.
00:22:35 | INFO: Draco encoder: Encoding mesh Loose soil particles 1570.
00:22:35 | INFO: Draco encoder: Encoding mesh Loose soil particles 1571.
00:22:35 | INFO: Draco encoder: Encoding mesh Loose soil particles 1572.
00:22:35 | INFO: Draco encoder: Encoding mesh Loose soil particles 1573.
00:22:35 | INFO: Draco encoder: Encoding mesh Loose soil particles 1574.
00:22:35 | INFO: Draco encoder: Encoding mesh Loose soil particles 1575.
00:22:35 | INFO: Draco encoder: Encoding mesh Loose soil particles 1576.
00:22:35 | INFO: Draco encoder: Encoding mesh Loose soil particles 1577.
00:22:35 | INFO: Draco encoder: Encoding mesh Loose soil particles 1578.
00:22:35 | INFO: Draco encoder: Encoding mesh Loose soil particles 1579.
00:22:35 | INFO: Draco encoder: Encoding mesh Loose soil particles 1580.
00:22:35 | INFO: Draco encoder: Encoding mesh Loose soil particles 1581.
00:22:35 | INFO: Draco encoder: Encoding mesh Loose soil particles 1582.
00:22:35 | INFO: Draco encoder: Encoding mesh Loose soil particles 1583.
00:22:35 | INFO: Draco encoder: Encoding mesh Loose soil particles 1584.
00:22:35 | INFO: Draco encoder: Encoding mesh Loose soil particles 1585.
00:22:35 | INFO: Draco encoder: Encoding mesh Loose soil particles 1586.
00:22:35 | INFO: Draco encoder: Encoding mesh Loose soil particles 1587.
00:22:35 | INFO: Draco encoder: Encoding mesh Loose soil particles 1588.
00:22:35 | INFO: Draco encoder: Encoding mesh Loose soil particles 1589.
00:22:35 | INFO: Draco encoder: Encoding mesh Loose soil particles 1590.
00:22:35 | INFO: Draco encoder: Encoding mesh Loose soil particles 1591.
00:22:35 | INFO: Draco encoder: Encoding mesh Loose soil particles 1592.
00:22:35 | INFO: Draco encoder: Encoding mesh Loose soil particles 1593.
00:22:35 | INFO: Draco encoder: Encoding mesh Loose soil particles 1594.
00:22:35 | INFO: Draco encoder: Encoding mesh Loose soil particles 1595.
00:22:35 | INFO: Draco encoder: Encoding mesh Loose soil particles 1596.
00:22:35 | INFO: Draco encoder: Encoding mesh Loose soil particles 1597.
00:22:35 | INFO: Draco encoder: Encoding mesh Loose soil particles 1598.
00:22:35 | INFO: Draco encoder: Encoding mesh Loose soil particles 1599.
00:22:35 | INFO: Draco encoder: Encoding mesh Root moss shoots 0000.
00:22:35 | INFO: Draco encoder: Encoding mesh Root moss shoots 0001.
00:22:35 | INFO: Draco encoder: Encoding mesh Root moss shoots 0002.
00:22:35 | INFO: Draco encoder: Encoding mesh Root moss shoots 0003.
00:22:35 | INFO: Draco encoder: Encoding mesh Root moss shoots 0004.
00:22:35 | INFO: Draco encoder: Encoding mesh Root moss shoots 0005.
00:22:35 | INFO: Draco encoder: Encoding mesh Root moss shoots 0006.
00:22:35 | INFO: Draco encoder: Encoding mesh Root moss shoots 0007.
00:22:35 | INFO: Draco encoder: Encoding mesh Root moss shoots 0008.
00:22:35 | INFO: Draco encoder: Encoding mesh Root moss shoots 0009.
00:22:35 | INFO: Draco encoder: Encoding mesh Root moss shoots 0010.
00:22:35 | INFO: Draco encoder: Encoding mesh Root moss shoots 0011.
00:22:35 | INFO: Draco encoder: Encoding mesh Root moss shoots 0012.
00:22:35 | INFO: Draco encoder: Encoding mesh Root moss shoots 0013.
00:22:35 | INFO: Draco encoder: Encoding mesh Root moss shoots 0014.
00:22:35 | INFO: Draco encoder: Encoding mesh Root moss shoots 0015.
00:22:35 | INFO: Draco encoder: Encoding mesh Root moss shoots 0016.
00:22:35 | INFO: Draco encoder: Encoding mesh Root moss shoots 0017.
00:22:35 | INFO: Draco encoder: Encoding mesh Root moss shoots 0018.
00:22:35 | INFO: Draco encoder: Encoding mesh Root moss shoots 0019.
00:22:35 | INFO: Draco encoder: Encoding mesh Root moss shoots 0020.
00:22:35 | INFO: Draco encoder: Encoding mesh Root moss shoots 0021.
00:22:35 | INFO: Draco encoder: Encoding mesh Root moss shoots 0022.
00:22:35 | INFO: Draco encoder: Encoding mesh Root moss shoots 0023.
00:22:35 | INFO: Draco encoder: Encoding mesh Root moss shoots 0024.
00:22:35 | INFO: Draco encoder: Encoding mesh Root moss shoots 0025.
00:22:35 | INFO: Draco encoder: Encoding mesh Root moss shoots 0026.
00:22:35 | INFO: Draco encoder: Encoding mesh Root moss shoots 0027.
00:22:35 | INFO: Draco encoder: Encoding mesh Root moss shoots 0028.
00:22:35 | INFO: Draco encoder: Encoding mesh Root moss shoots 0029.
00:22:35 | INFO: Draco encoder: Encoding mesh Root moss shoots 0030.
00:22:35 | INFO: Draco encoder: Encoding mesh Root moss shoots 0031.
00:22:35 | INFO: Draco encoder: Encoding mesh Root moss shoots 0032.
00:22:35 | INFO: Draco encoder: Encoding mesh Root moss shoots 0033.
00:22:35 | INFO: Draco encoder: Encoding mesh Root moss shoots 0034.
00:22:35 | INFO: Draco encoder: Encoding mesh Root moss shoots 0035.
00:22:35 | INFO: Draco encoder: Encoding mesh Root moss shoots 0036.
00:22:35 | INFO: Draco encoder: Encoding mesh Root moss shoots 0037.
00:22:35 | INFO: Draco encoder: Encoding mesh Root moss shoots 0038.
00:22:35 | INFO: Draco encoder: Encoding mesh Root moss shoots 0039.
00:22:35 | INFO: Draco encoder: Encoding mesh Root moss shoots 0040.
00:22:35 | INFO: Draco encoder: Encoding mesh Root moss shoots 0041.
00:22:35 | INFO: Draco encoder: Encoding mesh Root moss shoots 0042.
00:22:35 | INFO: Draco encoder: Encoding mesh Root moss shoots 0043.
00:22:35 | INFO: Draco encoder: Encoding mesh Root moss shoots 0044.
00:22:35 | INFO: Draco encoder: Encoding mesh Root moss shoots 0045.
00:22:35 | INFO: Draco encoder: Encoding mesh Root moss shoots 0046.
00:22:35 | INFO: Draco encoder: Encoding mesh Root moss shoots 0047.
00:22:35 | INFO: Draco encoder: Encoding mesh Root moss shoots 0048.
00:22:35 | INFO: Draco encoder: Encoding mesh Root moss shoots 0049.
00:22:35 | INFO: Draco encoder: Encoding mesh Root moss shoots 0050.
00:22:35 | INFO: Draco encoder: Encoding mesh Root moss shoots 0051.
00:22:35 | INFO: Draco encoder: Encoding mesh Root moss shoots 0052.
00:22:35 | INFO: Draco encoder: Encoding mesh Root moss shoots 0053.
00:22:35 | INFO: Draco encoder: Encoding mesh Root moss shoots 0054.
00:22:35 | INFO: Draco encoder: Encoding mesh Root moss shoots 0055.
00:22:35 | INFO: Draco encoder: Encoding mesh Root moss shoots 0056.
00:22:35 | INFO: Draco encoder: Encoding mesh Root moss shoots 0057.
00:22:35 | INFO: Draco encoder: Encoding mesh Root moss shoots 0058.
00:22:35 | INFO: Draco encoder: Encoding mesh Root moss shoots 0059.
00:22:35 | INFO: Draco encoder: Encoding mesh Root moss shoots 0060.
00:22:35 | INFO: Draco encoder: Encoding mesh Root moss shoots 0061.
00:22:35 | INFO: Draco encoder: Encoding mesh Root moss shoots 0062.
00:22:35 | INFO: Draco encoder: Encoding mesh Root moss shoots 0063.
00:22:35 | INFO: Draco encoder: Encoding mesh Root moss shoots 0064.
00:22:35 | INFO: Draco encoder: Encoding mesh Root moss shoots 0065.
00:22:35 | INFO: Draco encoder: Encoding mesh Root moss shoots 0066.
00:22:35 | INFO: Draco encoder: Encoding mesh Root moss shoots 0067.
00:22:35 | INFO: Draco encoder: Encoding mesh Root moss shoots 0068.
00:22:35 | INFO: Draco encoder: Encoding mesh Root moss shoots 0069.
00:22:35 | INFO: Draco encoder: Encoding mesh Root moss shoots 0070.
00:22:35 | INFO: Draco encoder: Encoding mesh Root moss shoots 0071.
00:22:35 | INFO: Draco encoder: Encoding mesh Root moss shoots 0072.
00:22:35 | INFO: Draco encoder: Encoding mesh Root moss shoots 0073.
00:22:35 | INFO: Draco encoder: Encoding mesh Root moss shoots 0074.
00:22:35 | INFO: Draco encoder: Encoding mesh Root moss shoots 0075.
00:22:35 | INFO: Draco encoder: Encoding mesh Root moss shoots 0076.
00:22:35 | INFO: Draco encoder: Encoding mesh Root moss shoots 0077.
00:22:35 | INFO: Draco encoder: Encoding mesh Root moss shoots 0078.
00:22:35 | INFO: Draco encoder: Encoding mesh Root moss shoots 0079.
00:22:35 | INFO: Draco encoder: Encoding mesh Root moss shoots 0080.
00:22:35 | INFO: Draco encoder: Encoding mesh Root moss shoots 0081.
00:22:35 | INFO: Draco encoder: Encoding mesh Root moss shoots 0082.
00:22:35 | INFO: Draco encoder: Encoding mesh Root moss shoots 0083.
00:22:35 | INFO: Draco encoder: Encoding mesh Root moss shoots 0084.
00:22:35 | INFO: Draco encoder: Encoding mesh Root moss shoots 0085.
00:22:35 | INFO: Draco encoder: Encoding mesh Root moss shoots 0086.
00:22:35 | INFO: Draco encoder: Encoding mesh Root moss shoots 0087.
00:22:35 | INFO: Draco encoder: Encoding mesh Root moss shoots 0088.
00:22:35 | INFO: Draco encoder: Encoding mesh Root moss shoots 0089.
00:22:35 | INFO: Draco encoder: Encoding mesh Root moss shoots 0090.
00:22:35 | INFO: Draco encoder: Encoding mesh Root moss shoots 0091.
00:22:35 | INFO: Draco encoder: Encoding mesh Root moss shoots 0092.
00:22:35 | INFO: Draco encoder: Encoding mesh Root moss shoots 0093.
00:22:35 | INFO: Draco encoder: Encoding mesh Root moss shoots 0094.
00:22:35 | INFO: Draco encoder: Encoding mesh Root moss shoots 0095.
00:22:35 | INFO: Draco encoder: Encoding mesh Root moss shoots 0096.
00:22:35 | INFO: Draco encoder: Encoding mesh Root moss shoots 0097.
00:22:35 | INFO: Draco encoder: Encoding mesh Root moss shoots 0098.
00:22:35 | INFO: Draco encoder: Encoding mesh Root moss shoots 0099.
00:22:35 | INFO: Draco encoder: Encoding mesh Root moss shoots 0100.
00:22:35 | INFO: Draco encoder: Encoding mesh Root moss shoots 0101.
00:22:35 | INFO: Draco encoder: Encoding mesh Root moss shoots 0102.
00:22:35 | INFO: Draco encoder: Encoding mesh Root moss shoots 0103.
00:22:35 | INFO: Draco encoder: Encoding mesh Root moss shoots 0104.
00:22:35 | INFO: Draco encoder: Encoding mesh Root moss shoots 0105.
00:22:35 | INFO: Draco encoder: Encoding mesh Root moss shoots 0106.
00:22:35 | INFO: Draco encoder: Encoding mesh Root moss shoots 0107.
00:22:35 | INFO: Draco encoder: Encoding mesh Root moss shoots 0108.
00:22:35 | INFO: Draco encoder: Encoding mesh Root moss shoots 0109.
00:22:35 | INFO: Draco encoder: Encoding mesh Root moss shoots 0110.
00:22:35 | INFO: Draco encoder: Encoding mesh Root moss shoots 0111.
00:22:35 | INFO: Draco encoder: Encoding mesh Root moss shoots 0112.
00:22:35 | INFO: Draco encoder: Encoding mesh Root moss shoots 0113.
00:22:35 | INFO: Draco encoder: Encoding mesh Root moss shoots 0114.
00:22:35 | INFO: Draco encoder: Encoding mesh Root moss shoots 0115.
00:22:35 | INFO: Draco encoder: Encoding mesh Root moss shoots 0116.
00:22:35 | INFO: Draco encoder: Encoding mesh Root moss shoots 0117.
00:22:35 | INFO: Draco encoder: Encoding mesh Root moss shoots 0118.
00:22:35 | INFO: Draco encoder: Encoding mesh Root moss shoots 0119.
00:22:35 | INFO: Draco encoder: Encoding mesh Root moss shoots 0120.
00:22:35 | INFO: Draco encoder: Encoding mesh Root moss shoots 0121.
00:22:35 | INFO: Draco encoder: Encoding mesh Root moss shoots 0122.
00:22:35 | INFO: Draco encoder: Encoding mesh Root moss shoots 0123.
00:22:35 | INFO: Draco encoder: Encoding mesh Root moss shoots 0124.
00:22:35 | INFO: Draco encoder: Encoding mesh Root moss shoots 0125.
00:22:35 | INFO: Draco encoder: Encoding mesh Root moss shoots 0126.
00:22:35 | INFO: Draco encoder: Encoding mesh Root moss shoots 0127.
00:22:35 | INFO: Draco encoder: Encoding mesh Root moss shoots 0128.
00:22:35 | INFO: Draco encoder: Encoding mesh Root moss shoots 0129.
00:22:35 | INFO: Draco encoder: Encoding mesh Root moss shoots 0130.
00:22:35 | INFO: Draco encoder: Encoding mesh Root moss shoots 0131.
00:22:35 | INFO: Draco encoder: Encoding mesh Root moss shoots 0132.
00:22:35 | INFO: Draco encoder: Encoding mesh Root moss shoots 0133.
00:22:35 | INFO: Draco encoder: Encoding mesh Root moss shoots 0134.
00:22:35 | INFO: Draco encoder: Encoding mesh Root moss shoots 0135.
00:22:35 | INFO: Draco encoder: Encoding mesh Root moss shoots 0136.
00:22:35 | INFO: Draco encoder: Encoding mesh Root moss shoots 0137.
00:22:35 | INFO: Draco encoder: Encoding mesh Root moss shoots 0138.
00:22:35 | INFO: Draco encoder: Encoding mesh Root moss shoots 0139.
00:22:35 | INFO: Draco encoder: Encoding mesh Root moss shoots 0140.
00:22:35 | INFO: Draco encoder: Encoding mesh Root moss shoots 0141.
00:22:35 | INFO: Draco encoder: Encoding mesh Root moss shoots 0142.
00:22:35 | INFO: Draco encoder: Encoding mesh Root moss shoots 0143.
00:22:35 | INFO: Draco encoder: Encoding mesh Root moss shoots 0144.
00:22:35 | INFO: Draco encoder: Encoding mesh Root moss shoots 0145.
00:22:35 | INFO: Draco encoder: Encoding mesh Root moss shoots 0146.
00:22:35 | INFO: Draco encoder: Encoding mesh Root moss shoots 0147.
00:22:35 | INFO: Draco encoder: Encoding mesh Root moss shoots 0148.
00:22:35 | INFO: Draco encoder: Encoding mesh Root moss shoots 0149.
00:22:35 | INFO: Draco encoder: Encoding mesh Root moss shoots 0150.
00:22:35 | INFO: Draco encoder: Encoding mesh Root moss shoots 0151.
00:22:35 | INFO: Draco encoder: Encoding mesh Root moss shoots 0152.
00:22:35 | INFO: Draco encoder: Encoding mesh Root moss shoots 0153.
00:22:35 | INFO: Draco encoder: Encoding mesh Root moss shoots 0154.
00:22:35 | INFO: Draco encoder: Encoding mesh Root moss shoots 0155.
00:22:35 | INFO: Draco encoder: Encoding mesh Root moss shoots 0156.
00:22:35 | INFO: Draco encoder: Encoding mesh Root moss shoots 0157.
00:22:35 | INFO: Draco encoder: Encoding mesh Root moss shoots 0158.
00:22:35 | INFO: Draco encoder: Encoding mesh Root moss shoots 0159.
00:22:35 | INFO: Draco encoder: Encoding mesh Root moss shoots 0160.
00:22:35 | INFO: Draco encoder: Encoding mesh Root moss shoots 0161.
00:22:35 | INFO: Draco encoder: Encoding mesh Root moss shoots 0162.
00:22:35 | INFO: Draco encoder: Encoding mesh Root moss shoots 0163.
00:22:35 | INFO: Draco encoder: Encoding mesh Root moss shoots 0164.
00:22:35 | INFO: Draco encoder: Encoding mesh Root moss shoots 0165.
00:22:35 | INFO: Draco encoder: Encoding mesh Root moss shoots 0166.
00:22:35 | INFO: Draco encoder: Encoding mesh Root moss shoots 0167.
00:22:35 | INFO: Draco encoder: Encoding mesh Root moss shoots 0168.
00:22:35 | INFO: Draco encoder: Encoding mesh Root moss shoots 0169.
00:22:35 | INFO: Draco encoder: Encoding mesh Root moss shoots 0170.
00:22:35 | INFO: Draco encoder: Encoding mesh Root moss shoots 0171.
00:22:35 | INFO: Draco encoder: Encoding mesh Root moss shoots 0172.
00:22:35 | INFO: Draco encoder: Encoding mesh Root moss shoots 0173.
00:22:35 | INFO: Draco encoder: Encoding mesh Root moss shoots 0174.
00:22:35 | INFO: Draco encoder: Encoding mesh Root moss shoots 0175.
00:22:35 | INFO: Draco encoder: Encoding mesh Root moss shoots 0176.
00:22:35 | INFO: Draco encoder: Encoding mesh Root moss shoots 0177.
00:22:35 | INFO: Draco encoder: Encoding mesh Root moss shoots 0178.
00:22:35 | INFO: Draco encoder: Encoding mesh Root moss shoots 0179.
00:22:35 | INFO: Draco encoder: Encoding mesh Root moss shoots 0180.
00:22:35 | INFO: Draco encoder: Encoding mesh Root moss shoots 0181.
00:22:35 | INFO: Draco encoder: Encoding mesh Root moss shoots 0182.
00:22:35 | INFO: Draco encoder: Encoding mesh Root moss shoots 0183.
00:22:35 | INFO: Draco encoder: Encoding mesh Root moss shoots 0184.
00:22:35 | INFO: Draco encoder: Encoding mesh Root moss shoots 0185.
00:22:35 | INFO: Draco encoder: Encoding mesh Root moss shoots 0186.
00:22:35 | INFO: Draco encoder: Encoding mesh Root moss shoots 0187.
00:22:35 | INFO: Draco encoder: Encoding mesh Root moss shoots 0188.
00:22:35 | INFO: Draco encoder: Encoding mesh Root moss shoots 0189.
00:22:35 | INFO: Draco encoder: Encoding mesh Root moss shoots 0190.
00:22:35 | INFO: Draco encoder: Encoding mesh Root moss shoots 0191.
00:22:35 | INFO: Draco encoder: Encoding mesh Root moss shoots 0192.
00:22:35 | INFO: Draco encoder: Encoding mesh Root moss shoots 0193.
00:22:35 | INFO: Draco encoder: Encoding mesh Root moss shoots 0194.
00:22:35 | INFO: Draco encoder: Encoding mesh Root moss shoots 0195.
00:22:35 | INFO: Draco encoder: Encoding mesh Root moss shoots 0196.
00:22:35 | INFO: Draco encoder: Encoding mesh Root moss shoots 0197.
00:22:35 | INFO: Draco encoder: Encoding mesh Root moss shoots 0198.
00:22:35 | INFO: Draco encoder: Encoding mesh Root moss shoots 0199.
00:22:35 | INFO: Draco encoder: Encoding mesh Root moss shoots 0200.
00:22:35 | INFO: Draco encoder: Encoding mesh Root moss shoots 0201.
00:22:35 | INFO: Draco encoder: Encoding mesh Root moss shoots 0202.
00:22:35 | INFO: Draco encoder: Encoding mesh Root moss shoots 0203.
00:22:35 | INFO: Draco encoder: Encoding mesh Root moss shoots 0204.
00:22:35 | INFO: Draco encoder: Encoding mesh Root moss shoots 0205.
00:22:35 | INFO: Draco encoder: Encoding mesh Root moss shoots 0206.
00:22:35 | INFO: Draco encoder: Encoding mesh Root moss shoots 0207.
00:22:35 | INFO: Draco encoder: Encoding mesh Root moss shoots 0208.
00:22:35 | INFO: Draco encoder: Encoding mesh Root moss shoots 0209.
00:22:35 | INFO: Draco encoder: Encoding mesh Root moss shoots 0210.
00:22:35 | INFO: Draco encoder: Encoding mesh Root moss shoots 0211.
00:22:35 | INFO: Draco encoder: Encoding mesh Root moss shoots 0212.
00:22:35 | INFO: Draco encoder: Encoding mesh Root moss shoots 0213.
00:22:35 | INFO: Draco encoder: Encoding mesh Root moss shoots 0214.
00:22:35 | INFO: Draco encoder: Encoding mesh Root moss shoots 0215.
00:22:35 | INFO: Draco encoder: Encoding mesh Root moss shoots 0216.
00:22:35 | INFO: Draco encoder: Encoding mesh Root moss shoots 0217.
00:22:35 | INFO: Draco encoder: Encoding mesh Root moss shoots 0218.
00:22:35 | INFO: Draco encoder: Encoding mesh Root moss shoots 0219.
00:22:35 | INFO: Draco encoder: Encoding mesh Root moss shoots 0220.
00:22:35 | INFO: Draco encoder: Encoding mesh Root moss shoots 0221.
00:22:35 | INFO: Draco encoder: Encoding mesh Root moss shoots 0222.
00:22:35 | INFO: Draco encoder: Encoding mesh Root moss shoots 0223.
00:22:35 | INFO: Draco encoder: Encoding mesh Root moss shoots 0224.
00:22:35 | INFO: Draco encoder: Encoding mesh Root moss shoots 0225.
00:22:35 | INFO: Draco encoder: Encoding mesh Root moss shoots 0226.
00:22:35 | INFO: Draco encoder: Encoding mesh Root moss shoots 0227.
00:22:35 | INFO: Draco encoder: Encoding mesh Root moss shoots 0228.
00:22:35 | INFO: Draco encoder: Encoding mesh Root moss shoots 0229.
00:22:35 | INFO: Draco encoder: Encoding mesh Root moss shoots 0230.
00:22:35 | INFO: Draco encoder: Encoding mesh Root moss shoots 0231.
00:22:35 | INFO: Draco encoder: Encoding mesh Root moss shoots 0232.
00:22:35 | INFO: Draco encoder: Encoding mesh Root moss shoots 0233.
00:22:35 | INFO: Draco encoder: Encoding mesh Root moss shoots 0234.
00:22:35 | INFO: Draco encoder: Encoding mesh Root moss shoots 0235.
00:22:35 | INFO: Draco encoder: Encoding mesh Root moss shoots 0236.
00:22:35 | INFO: Draco encoder: Encoding mesh Root moss shoots 0237.
00:22:35 | INFO: Draco encoder: Encoding mesh Root moss shoots 0238.
00:22:35 | INFO: Draco encoder: Encoding mesh Root moss shoots 0239.
00:22:35 | INFO: Draco encoder: Encoding mesh Root moss shoots 0240.
00:22:35 | INFO: Draco encoder: Encoding mesh Root moss shoots 0241.
00:22:35 | INFO: Draco encoder: Encoding mesh Root moss shoots 0242.
00:22:35 | INFO: Draco encoder: Encoding mesh Root moss shoots 0243.
00:22:35 | INFO: Draco encoder: Encoding mesh Root moss shoots 0244.
00:22:35 | INFO: Draco encoder: Encoding mesh Root moss shoots 0245.
00:22:35 | INFO: Draco encoder: Encoding mesh Root moss shoots 0246.
00:22:35 | INFO: Draco encoder: Encoding mesh Root moss shoots 0247.
00:22:35 | INFO: Draco encoder: Encoding mesh Root moss shoots 0248.
00:22:35 | INFO: Draco encoder: Encoding mesh Root moss shoots 0249.
00:22:35 | INFO: Draco encoder: Encoding mesh Root moss shoots 0250.
00:22:35 | INFO: Draco encoder: Encoding mesh Root moss shoots 0251.
00:22:35 | INFO: Draco encoder: Encoding mesh Root moss shoots 0252.
00:22:35 | INFO: Draco encoder: Encoding mesh Root moss shoots 0253.
00:22:35 | INFO: Draco encoder: Encoding mesh Root moss shoots 0254.
00:22:35 | INFO: Draco encoder: Encoding mesh Root moss shoots 0255.
00:22:35 | INFO: Draco encoder: Encoding mesh Root moss shoots 0256.
00:22:35 | INFO: Draco encoder: Encoding mesh Root moss shoots 0257.
00:22:35 | INFO: Draco encoder: Encoding mesh Root moss shoots 0258.
00:22:35 | INFO: Draco encoder: Encoding mesh Root moss shoots 0259.
00:22:35 | INFO: Draco encoder: Encoding mesh Root moss shoots 0260.
00:22:35 | INFO: Draco encoder: Encoding mesh Root moss shoots 0261.
00:22:35 | INFO: Draco encoder: Encoding mesh Root moss shoots 0262.
00:22:35 | INFO: Draco encoder: Encoding mesh Root moss shoots 0263.
00:22:35 | INFO: Draco encoder: Encoding mesh Root moss shoots 0264.
00:22:35 | INFO: Draco encoder: Encoding mesh Root moss shoots 0265.
00:22:35 | INFO: Draco encoder: Encoding mesh Root moss shoots 0266.
00:22:35 | INFO: Draco encoder: Encoding mesh Root moss shoots 0267.
00:22:35 | INFO: Draco encoder: Encoding mesh Root moss shoots 0268.
00:22:35 | INFO: Draco encoder: Encoding mesh Root moss shoots 0269.
00:22:35 | INFO: Draco encoder: Encoding mesh Root moss shoots 0270.
00:22:35 | INFO: Draco encoder: Encoding mesh Root moss shoots 0271.
00:22:35 | INFO: Draco encoder: Encoding mesh Root moss shoots 0272.
00:22:35 | INFO: Draco encoder: Encoding mesh Root moss shoots 0273.
00:22:35 | INFO: Draco encoder: Encoding mesh Root moss shoots 0274.
00:22:35 | INFO: Draco encoder: Encoding mesh Root moss shoots 0275.
00:22:35 | INFO: Draco encoder: Encoding mesh Root moss shoots 0276.
00:22:35 | INFO: Draco encoder: Encoding mesh Root moss shoots 0277.
00:22:35 | INFO: Draco encoder: Encoding mesh Root moss shoots 0278.
00:22:35 | INFO: Draco encoder: Encoding mesh Root moss shoots 0279.
00:22:35 | INFO: Draco encoder: Encoding mesh Root moss shoots 0280.
00:22:35 | INFO: Draco encoder: Encoding mesh Root moss shoots 0281.
00:22:35 | INFO: Draco encoder: Encoding mesh Root moss shoots 0282.
00:22:35 | INFO: Draco encoder: Encoding mesh Root moss shoots 0283.
00:22:35 | INFO: Draco encoder: Encoding mesh Root moss shoots 0284.
00:22:35 | INFO: Draco encoder: Encoding mesh Root moss shoots 0285.
00:22:35 | INFO: Draco encoder: Encoding mesh Root moss shoots 0286.
00:22:35 | INFO: Draco encoder: Encoding mesh Root moss shoots 0287.
00:22:35 | INFO: Draco encoder: Encoding mesh Root moss shoots 0288.
00:22:35 | INFO: Draco encoder: Encoding mesh Root moss shoots 0289.
00:22:35 | INFO: Draco encoder: Encoding mesh Root moss shoots 0290.
00:22:35 | INFO: Draco encoder: Encoding mesh Root moss shoots 0291.
00:22:35 | INFO: Draco encoder: Encoding mesh Root moss shoots 0292.
00:22:35 | INFO: Draco encoder: Encoding mesh Root moss shoots 0293.
00:22:35 | INFO: Draco encoder: Encoding mesh Root moss shoots 0294.
00:22:35 | INFO: Draco encoder: Encoding mesh Root moss shoots 0295.
00:22:35 | INFO: Draco encoder: Encoding mesh Root moss shoots 0296.
00:22:35 | INFO: Draco encoder: Encoding mesh Root moss shoots 0297.
00:22:35 | INFO: Draco encoder: Encoding mesh Root moss shoots 0298.
00:22:35 | INFO: Draco encoder: Encoding mesh Root moss shoots 0299.
00:22:35 | INFO: Draco encoder: Encoding mesh Root moss shoots 0300.
00:22:35 | INFO: Draco encoder: Encoding mesh Root moss shoots 0301.
00:22:35 | INFO: Draco encoder: Encoding mesh Root moss shoots 0302.
00:22:35 | INFO: Draco encoder: Encoding mesh Root moss shoots 0303.
00:22:35 | INFO: Draco encoder: Encoding mesh Root moss shoots 0304.
00:22:35 | INFO: Draco encoder: Encoding mesh Root moss shoots 0305.
00:22:35 | INFO: Draco encoder: Encoding mesh Root moss shoots 0306.
00:22:35 | INFO: Draco encoder: Encoding mesh Root moss shoots 0307.
00:22:35 | INFO: Draco encoder: Encoding mesh Root moss shoots 0308.
00:22:35 | INFO: Draco encoder: Encoding mesh Root moss shoots 0309.
00:22:35 | INFO: Draco encoder: Encoding mesh Root moss shoots 0310.
00:22:35 | INFO: Draco encoder: Encoding mesh Root moss shoots 0311.
00:22:35 | INFO: Draco encoder: Encoding mesh Root moss shoots 0312.
00:22:35 | INFO: Draco encoder: Encoding mesh Root moss shoots 0313.
00:22:35 | INFO: Draco encoder: Encoding mesh Root moss shoots 0314.
00:22:35 | INFO: Draco encoder: Encoding mesh Root moss shoots 0315.
00:22:35 | INFO: Draco encoder: Encoding mesh Root moss shoots 0316.
00:22:35 | INFO: Draco encoder: Encoding mesh Root moss shoots 0317.
00:22:35 | INFO: Draco encoder: Encoding mesh Root moss shoots 0318.
00:22:35 | INFO: Draco encoder: Encoding mesh Root moss shoots 0319.
00:22:35 | INFO: Draco encoder: Encoding mesh Root moss shoots 0320.
00:22:35 | INFO: Draco encoder: Encoding mesh Root moss shoots 0321.
00:22:35 | INFO: Draco encoder: Encoding mesh Root moss shoots 0322.
00:22:35 | INFO: Draco encoder: Encoding mesh Root moss shoots 0323.
00:22:35 | INFO: Draco encoder: Encoding mesh Root moss shoots 0324.
00:22:35 | INFO: Draco encoder: Encoding mesh Root moss shoots 0325.
00:22:35 | INFO: Draco encoder: Encoding mesh Root moss shoots 0326.
00:22:35 | INFO: Draco encoder: Encoding mesh Root moss shoots 0327.
00:22:35 | INFO: Draco encoder: Encoding mesh Root moss shoots 0328.
00:22:35 | INFO: Draco encoder: Encoding mesh Root moss shoots 0329.
00:22:35 | INFO: Draco encoder: Encoding mesh Root moss shoots 0330.
00:22:35 | INFO: Draco encoder: Encoding mesh Root moss shoots 0331.
00:22:35 | INFO: Draco encoder: Encoding mesh Root moss shoots 0332.
00:22:35 | INFO: Draco encoder: Encoding mesh Root moss shoots 0333.
00:22:35 | INFO: Draco encoder: Encoding mesh Root moss shoots 0334.
00:22:35 | INFO: Draco encoder: Encoding mesh Root moss shoots 0335.
00:22:35 | INFO: Draco encoder: Encoding mesh Root moss shoots 0336.
00:22:35 | INFO: Draco encoder: Encoding mesh Root moss shoots 0337.
00:22:35 | INFO: Draco encoder: Encoding mesh Root moss shoots 0338.
00:22:35 | INFO: Draco encoder: Encoding mesh Root moss shoots 0339.
00:22:35 | INFO: Draco encoder: Encoding mesh Root moss shoots 0340.
00:22:35 | INFO: Draco encoder: Encoding mesh Root moss shoots 0341.
00:22:35 | INFO: Draco encoder: Encoding mesh Root moss shoots 0342.
00:22:35 | INFO: Draco encoder: Encoding mesh Root moss shoots 0343.
00:22:35 | INFO: Draco encoder: Encoding mesh Root moss shoots 0344.
00:22:35 | INFO: Draco encoder: Encoding mesh Root moss shoots 0345.
00:22:35 | INFO: Draco encoder: Encoding mesh Root moss shoots 0346.
00:22:35 | INFO: Draco encoder: Encoding mesh Root moss shoots 0347.
00:22:35 | INFO: Draco encoder: Encoding mesh Root moss shoots 0348.
00:22:35 | INFO: Draco encoder: Encoding mesh Root moss shoots 0349.
00:22:35 | INFO: Draco encoder: Encoding mesh Root moss shoots 0350.
00:22:35 | INFO: Draco encoder: Encoding mesh Root moss shoots 0351.
00:22:35 | INFO: Draco encoder: Encoding mesh Root moss shoots 0352.
00:22:35 | INFO: Draco encoder: Encoding mesh Root moss shoots 0353.
00:22:35 | INFO: Draco encoder: Encoding mesh Root moss shoots 0354.
00:22:35 | INFO: Draco encoder: Encoding mesh Root moss shoots 0355.
00:22:35 | INFO: Draco encoder: Encoding mesh Root moss shoots 0356.
00:22:35 | INFO: Draco encoder: Encoding mesh Root moss shoots 0357.
00:22:35 | INFO: Draco encoder: Encoding mesh Root moss shoots 0358.
00:22:35 | INFO: Draco encoder: Encoding mesh Root moss shoots 0359.
00:22:35 | INFO: Draco encoder: Encoding mesh Root moss shoots 0360.
00:22:35 | INFO: Draco encoder: Encoding mesh Root moss shoots 0361.
00:22:35 | INFO: Draco encoder: Encoding mesh Root moss shoots 0362.
00:22:35 | INFO: Draco encoder: Encoding mesh Root moss shoots 0363.
00:22:35 | INFO: Draco encoder: Encoding mesh Root moss shoots 0364.
00:22:35 | INFO: Draco encoder: Encoding mesh Root moss shoots 0365.
00:22:35 | INFO: Draco encoder: Encoding mesh Root moss shoots 0366.
00:22:35 | INFO: Draco encoder: Encoding mesh Root moss shoots 0367.
00:22:35 | INFO: Draco encoder: Encoding mesh Root moss shoots 0368.
00:22:35 | INFO: Draco encoder: Encoding mesh Root moss shoots 0369.
00:22:35 | INFO: Draco encoder: Encoding mesh Root moss shoots 0370.
00:22:35 | INFO: Draco encoder: Encoding mesh Root moss shoots 0371.
00:22:35 | INFO: Draco encoder: Encoding mesh Root moss shoots 0372.
00:22:35 | INFO: Draco encoder: Encoding mesh Root moss shoots 0373.
00:22:35 | INFO: Draco encoder: Encoding mesh Root moss shoots 0374.
00:22:35 | INFO: Draco encoder: Encoding mesh Root moss shoots 0375.
00:22:35 | INFO: Draco encoder: Encoding mesh Root moss shoots 0376.
00:22:35 | INFO: Draco encoder: Encoding mesh Root moss shoots 0377.
00:22:35 | INFO: Draco encoder: Encoding mesh Root moss shoots 0378.
00:22:35 | INFO: Draco encoder: Encoding mesh Root moss shoots 0379.
00:22:35 | INFO: Draco encoder: Encoding mesh Root moss shoots 0380.
00:22:35 | INFO: Draco encoder: Encoding mesh Root moss shoots 0381.
00:22:35 | INFO: Draco encoder: Encoding mesh Root moss shoots 0382.
00:22:35 | INFO: Draco encoder: Encoding mesh Root moss shoots 0383.
00:22:35 | INFO: Draco encoder: Encoding mesh Root moss shoots 0384.
00:22:35 | INFO: Draco encoder: Encoding mesh Root moss shoots 0385.
00:22:35 | INFO: Draco encoder: Encoding mesh Root moss shoots 0386.
00:22:35 | INFO: Draco encoder: Encoding mesh Root moss shoots 0387.
00:22:35 | INFO: Draco encoder: Encoding mesh Root moss shoots 0388.
00:22:35 | INFO: Draco encoder: Encoding mesh Root moss shoots 0389.
00:22:35 | INFO: Draco encoder: Encoding mesh Root moss shoots 0390.
00:22:35 | INFO: Draco encoder: Encoding mesh Root moss shoots 0391.
00:22:35 | INFO: Draco encoder: Encoding mesh Root moss shoots 0392.
00:22:35 | INFO: Draco encoder: Encoding mesh Root moss shoots 0393.
00:22:35 | INFO: Draco encoder: Encoding mesh Root moss shoots 0394.
00:22:35 | INFO: Draco encoder: Encoding mesh Root moss shoots 0395.
00:22:35 | INFO: Draco encoder: Encoding mesh Root moss shoots 0396.
00:22:35 | INFO: Draco encoder: Encoding mesh Root moss shoots 0397.
00:22:35 | INFO: Draco encoder: Encoding mesh Root moss shoots 0398.
00:22:35 | INFO: Draco encoder: Encoding mesh Root moss shoots 0399.
00:22:35 | INFO: Draco encoder: Encoding mesh Root moss shoots 0400.
00:22:35 | INFO: Draco encoder: Encoding mesh Root moss shoots 0401.
00:22:35 | INFO: Draco encoder: Encoding mesh Root moss shoots 0402.
00:22:35 | INFO: Draco encoder: Encoding mesh Root moss shoots 0403.
00:22:35 | INFO: Draco encoder: Encoding mesh Root moss shoots 0404.
00:22:35 | INFO: Draco encoder: Encoding mesh Root moss shoots 0405.
00:22:35 | INFO: Draco encoder: Encoding mesh Root moss shoots 0406.
00:22:35 | INFO: Draco encoder: Encoding mesh Root moss shoots 0407.
00:22:35 | INFO: Draco encoder: Encoding mesh Root moss shoots 0408.
00:22:35 | INFO: Draco encoder: Encoding mesh Root moss shoots 0409.
00:22:35 | INFO: Draco encoder: Encoding mesh Root moss shoots 0410.
00:22:35 | INFO: Draco encoder: Encoding mesh Root moss shoots 0411.
00:22:35 | INFO: Draco encoder: Encoding mesh Root moss shoots 0412.
00:22:35 | INFO: Draco encoder: Encoding mesh Root moss shoots 0413.
00:22:35 | INFO: Draco encoder: Encoding mesh Root moss shoots 0414.
00:22:35 | INFO: Draco encoder: Encoding mesh Root moss shoots 0415.
00:22:35 | INFO: Draco encoder: Encoding mesh Root moss shoots 0416.
00:22:35 | INFO: Draco encoder: Encoding mesh Root moss shoots 0417.
00:22:35 | INFO: Draco encoder: Encoding mesh Root moss shoots 0418.
00:22:35 | INFO: Draco encoder: Encoding mesh Root moss shoots 0419.
00:22:35 | INFO: Draco encoder: Encoding mesh Root moss shoots 0420.
00:22:35 | INFO: Draco encoder: Encoding mesh Root moss shoots 0421.
00:22:35 | INFO: Draco encoder: Encoding mesh Root moss shoots 0422.
00:22:35 | INFO: Draco encoder: Encoding mesh Root moss shoots 0423.
00:22:35 | INFO: Draco encoder: Encoding mesh Root moss shoots 0424.
00:22:35 | INFO: Draco encoder: Encoding mesh Root moss shoots 0425.
00:22:35 | INFO: Draco encoder: Encoding mesh Root moss shoots 0426.
00:22:35 | INFO: Draco encoder: Encoding mesh Root moss shoots 0427.
00:22:35 | INFO: Draco encoder: Encoding mesh Root moss shoots 0428.
00:22:35 | INFO: Draco encoder: Encoding mesh Root moss shoots 0429.
00:22:35 | INFO: Draco encoder: Encoding mesh Root moss shoots 0430.
00:22:35 | INFO: Draco encoder: Encoding mesh Root moss shoots 0431.
00:22:35 | INFO: Draco encoder: Encoding mesh Root moss shoots 0432.
00:22:35 | INFO: Draco encoder: Encoding mesh Root moss shoots 0433.
00:22:35 | INFO: Draco encoder: Encoding mesh Root moss shoots 0434.
00:22:35 | INFO: Draco encoder: Encoding mesh Root moss shoots 0435.
00:22:35 | INFO: Draco encoder: Encoding mesh Root moss shoots 0436.
00:22:35 | INFO: Draco encoder: Encoding mesh Root moss shoots 0437.
00:22:35 | INFO: Draco encoder: Encoding mesh Root moss shoots 0438.
00:22:35 | INFO: Draco encoder: Encoding mesh Root moss shoots 0439.
00:22:35 | INFO: Draco encoder: Encoding mesh Root moss shoots 0440.
00:22:35 | INFO: Draco encoder: Encoding mesh Root moss shoots 0441.
00:22:35 | INFO: Draco encoder: Encoding mesh Root moss shoots 0442.
00:22:35 | INFO: Draco encoder: Encoding mesh Root moss shoots 0443.
00:22:35 | INFO: Draco encoder: Encoding mesh Root moss shoots 0444.
00:22:35 | INFO: Draco encoder: Encoding mesh Root moss shoots 0445.
00:22:35 | INFO: Draco encoder: Encoding mesh Root moss shoots 0446.
00:22:35 | INFO: Draco encoder: Encoding mesh Root moss shoots 0447.
00:22:35 | INFO: Draco encoder: Encoding mesh Root moss shoots 0448.
00:22:35 | INFO: Draco encoder: Encoding mesh Root moss shoots 0449.
00:22:35 | INFO: Draco encoder: Encoding mesh Root moss shoots 0450.
00:22:35 | INFO: Draco encoder: Encoding mesh Root moss shoots 0451.
00:22:35 | INFO: Draco encoder: Encoding mesh Root moss shoots 0452.
00:22:35 | INFO: Draco encoder: Encoding mesh Root moss shoots 0453.
00:22:35 | INFO: Draco encoder: Encoding mesh Root moss shoots 0454.
00:22:35 | INFO: Draco encoder: Encoding mesh Root moss shoots 0455.
00:22:35 | INFO: Draco encoder: Encoding mesh Root moss shoots 0456.
00:22:35 | INFO: Draco encoder: Encoding mesh Root moss shoots 0457.
00:22:35 | INFO: Draco encoder: Encoding mesh Root moss shoots 0458.
00:22:35 | INFO: Draco encoder: Encoding mesh Root moss shoots 0459.
00:22:35 | INFO: Draco encoder: Encoding mesh Root moss shoots 0460.
00:22:35 | INFO: Draco encoder: Encoding mesh Root moss shoots 0461.
00:22:35 | INFO: Draco encoder: Encoding mesh Root moss shoots 0462.
00:22:35 | INFO: Draco encoder: Encoding mesh Root moss shoots 0463.
00:22:35 | INFO: Draco encoder: Encoding mesh Root moss shoots 0464.
00:22:35 | INFO: Draco encoder: Encoding mesh Root moss shoots 0465.
00:22:35 | INFO: Draco encoder: Encoding mesh Root moss shoots 0466.
00:22:35 | INFO: Draco encoder: Encoding mesh Root moss shoots 0467.
00:22:35 | INFO: Draco encoder: Encoding mesh Root moss shoots 0468.
00:22:35 | INFO: Draco encoder: Encoding mesh Root moss shoots 0469.
00:22:35 | INFO: Draco encoder: Encoding mesh Root moss shoots 0470.
00:22:35 | INFO: Draco encoder: Encoding mesh Root moss shoots 0471.
00:22:35 | INFO: Draco encoder: Encoding mesh Root moss shoots 0472.
00:22:35 | INFO: Draco encoder: Encoding mesh Root moss shoots 0473.
00:22:35 | INFO: Draco encoder: Encoding mesh Root moss shoots 0474.
00:22:35 | INFO: Draco encoder: Encoding mesh Root moss shoots 0475.
00:22:35 | INFO: Draco encoder: Encoding mesh Root moss shoots 0476.
00:22:35 | INFO: Draco encoder: Encoding mesh Root moss shoots 0477.
00:22:35 | INFO: Draco encoder: Encoding mesh Root moss shoots 0478.
00:22:35 | INFO: Draco encoder: Encoding mesh Root moss shoots 0479.
00:22:35 | INFO: Draco encoder: Encoding mesh Root moss shoots 0480.
00:22:35 | INFO: Draco encoder: Encoding mesh Root moss shoots 0481.
00:22:35 | INFO: Draco encoder: Encoding mesh Root moss shoots 0482.
00:22:35 | INFO: Draco encoder: Encoding mesh Root moss shoots 0483.
00:22:35 | INFO: Draco encoder: Encoding mesh Root moss shoots 0484.
00:22:35 | INFO: Draco encoder: Encoding mesh Root moss shoots 0485.
00:22:35 | INFO: Draco encoder: Encoding mesh Root moss shoots 0486.
00:22:35 | INFO: Draco encoder: Encoding mesh Root moss shoots 0487.
00:22:35 | INFO: Draco encoder: Encoding mesh Root moss shoots 0488.
00:22:35 | INFO: Draco encoder: Encoding mesh Root moss shoots 0489.
00:22:35 | INFO: Draco encoder: Encoding mesh Root moss shoots 0490.
00:22:35 | INFO: Draco encoder: Encoding mesh Root moss shoots 0491.
00:22:35 | INFO: Draco encoder: Encoding mesh Root moss shoots 0492.
00:22:35 | INFO: Draco encoder: Encoding mesh Root moss shoots 0493.
00:22:35 | INFO: Draco encoder: Encoding mesh Root moss shoots 0494.
00:22:35 | INFO: Draco encoder: Encoding mesh Root moss shoots 0495.
00:22:35 | INFO: Draco encoder: Encoding mesh Root moss shoots 0496.
00:22:35 | INFO: Draco encoder: Encoding mesh Root moss shoots 0497.
00:22:35 | INFO: Draco encoder: Encoding mesh Root moss shoots 0498.
00:22:35 | INFO: Draco encoder: Encoding mesh Root moss shoots 0499.
00:22:35 | INFO: Draco encoder: Encoding mesh Root moss shoots 0500.
00:22:35 | INFO: Draco encoder: Encoding mesh Root moss shoots 0501.
00:22:35 | INFO: Draco encoder: Encoding mesh Root moss shoots 0502.
00:22:35 | INFO: Draco encoder: Encoding mesh Root moss shoots 0503.
00:22:35 | INFO: Draco encoder: Encoding mesh Root moss shoots 0504.
00:22:35 | INFO: Draco encoder: Encoding mesh Root moss shoots 0505.
00:22:35 | INFO: Draco encoder: Encoding mesh Root moss shoots 0506.
00:22:35 | INFO: Draco encoder: Encoding mesh Root moss shoots 0507.
00:22:35 | INFO: Draco encoder: Encoding mesh Root moss shoots 0508.
00:22:35 | INFO: Draco encoder: Encoding mesh Root moss shoots 0509.
00:22:35 | INFO: Draco encoder: Encoding mesh Root moss shoots 0510.
00:22:35 | INFO: Draco encoder: Encoding mesh Root moss shoots 0511.
00:22:35 | INFO: Draco encoder: Encoding mesh Root moss shoots 0512.
00:22:35 | INFO: Draco encoder: Encoding mesh Root moss shoots 0513.
00:22:35 | INFO: Draco encoder: Encoding mesh Root moss shoots 0514.
00:22:35 | INFO: Draco encoder: Encoding mesh Root moss shoots 0515.
00:22:35 | INFO: Draco encoder: Encoding mesh Root moss shoots 0516.
00:22:35 | INFO: Draco encoder: Encoding mesh Root moss shoots 0517.
00:22:35 | INFO: Draco encoder: Encoding mesh Root moss shoots 0518.
00:22:35 | INFO: Draco encoder: Encoding mesh Root moss shoots 0519.
00:22:35 | INFO: Draco encoder: Encoding mesh Root moss shoots 0520.
00:22:35 | INFO: Draco encoder: Encoding mesh Root moss shoots 0521.
00:22:35 | INFO: Draco encoder: Encoding mesh Root moss shoots 0522.
00:22:35 | INFO: Draco encoder: Encoding mesh Root moss shoots 0523.
00:22:35 | INFO: Draco encoder: Encoding mesh Root moss shoots 0524.
00:22:35 | INFO: Draco encoder: Encoding mesh Root moss shoots 0525.
00:22:35 | INFO: Draco encoder: Encoding mesh Root moss shoots 0526.
00:22:35 | INFO: Draco encoder: Encoding mesh Root moss shoots 0527.
00:22:35 | INFO: Draco encoder: Encoding mesh Root moss shoots 0528.
00:22:35 | INFO: Draco encoder: Encoding mesh Root moss shoots 0529.
00:22:35 | INFO: Draco encoder: Encoding mesh Root moss shoots 0530.
00:22:35 | INFO: Draco encoder: Encoding mesh Root moss shoots 0531.
00:22:35 | INFO: Draco encoder: Encoding mesh Root moss shoots 0532.
00:22:35 | INFO: Draco encoder: Encoding mesh Root moss shoots 0533.
00:22:35 | INFO: Draco encoder: Encoding mesh Root moss shoots 0534.
00:22:35 | INFO: Draco encoder: Encoding mesh Root moss shoots 0535.
00:22:35 | INFO: Draco encoder: Encoding mesh Root moss shoots 0536.
00:22:35 | INFO: Draco encoder: Encoding mesh Root moss shoots 0537.
00:22:35 | INFO: Draco encoder: Encoding mesh Root moss shoots 0538.
00:22:35 | INFO: Draco encoder: Encoding mesh Root moss shoots 0539.
00:22:35 | INFO: Draco encoder: Encoding mesh Root moss shoots 0540.
00:22:35 | INFO: Draco encoder: Encoding mesh Root moss shoots 0541.
00:22:35 | INFO: Draco encoder: Encoding mesh Root moss shoots 0542.
00:22:35 | INFO: Draco encoder: Encoding mesh Root moss shoots 0543.
00:22:35 | INFO: Draco encoder: Encoding mesh Root moss shoots 0544.
00:22:35 | INFO: Draco encoder: Encoding mesh Root moss shoots 0545.
00:22:35 | INFO: Draco encoder: Encoding mesh Root moss shoots 0546.
00:22:35 | INFO: Draco encoder: Encoding mesh Root moss shoots 0547.
00:22:35 | INFO: Draco encoder: Encoding mesh Root moss shoots 0548.
00:22:35 | INFO: Draco encoder: Encoding mesh Root moss shoots 0549.
00:22:35 | INFO: Draco encoder: Encoding mesh Root moss shoots 0550.
00:22:35 | INFO: Draco encoder: Encoding mesh Root moss shoots 0551.
00:22:35 | INFO: Draco encoder: Encoding mesh Root moss shoots 0552.
00:22:35 | INFO: Draco encoder: Encoding mesh Root moss shoots 0553.
00:22:35 | INFO: Draco encoder: Encoding mesh Root moss shoots 0554.
00:22:35 | INFO: Draco encoder: Encoding mesh Root moss shoots 0555.
00:22:35 | INFO: Draco encoder: Encoding mesh Root moss shoots 0556.
00:22:35 | INFO: Draco encoder: Encoding mesh Root moss shoots 0557.
00:22:35 | INFO: Draco encoder: Encoding mesh Root moss shoots 0558.
00:22:35 | INFO: Draco encoder: Encoding mesh Root moss shoots 0559.
00:22:35 | INFO: Draco encoder: Encoding mesh Root moss shoots 0560.
00:22:35 | INFO: Draco encoder: Encoding mesh Root moss shoots 0561.
00:22:35 | INFO: Draco encoder: Encoding mesh Root moss shoots 0562.
00:22:35 | INFO: Draco encoder: Encoding mesh Root moss shoots 0563.
00:22:35 | INFO: Draco encoder: Encoding mesh Root moss shoots 0564.
00:22:35 | INFO: Draco encoder: Encoding mesh Root moss shoots 0565.
00:22:35 | INFO: Draco encoder: Encoding mesh Root moss shoots 0566.
00:22:35 | INFO: Draco encoder: Encoding mesh Root moss shoots 0567.
00:22:35 | INFO: Draco encoder: Encoding mesh Root moss shoots 0568.
00:22:35 | INFO: Draco encoder: Encoding mesh Root moss shoots 0569.
00:22:35 | INFO: Draco encoder: Encoding mesh Root moss shoots 0570.
00:22:35 | INFO: Draco encoder: Encoding mesh Root moss shoots 0571.
00:22:35 | INFO: Draco encoder: Encoding mesh Root moss shoots 0572.
00:22:35 | INFO: Draco encoder: Encoding mesh Root moss shoots 0573.
00:22:35 | INFO: Draco encoder: Encoding mesh Root moss shoots 0574.
00:22:35 | INFO: Draco encoder: Encoding mesh Root moss shoots 0575.
00:22:35 | INFO: Draco encoder: Encoding mesh Root moss shoots 0576.
00:22:35 | INFO: Draco encoder: Encoding mesh Root moss shoots 0577.
00:22:35 | INFO: Draco encoder: Encoding mesh Root moss shoots 0578.
00:22:35 | INFO: Draco encoder: Encoding mesh Root moss shoots 0579.
00:22:35 | INFO: Draco encoder: Encoding mesh Root moss shoots 0580.
00:22:35 | INFO: Draco encoder: Encoding mesh Root moss shoots 0581.
00:22:35 | INFO: Draco encoder: Encoding mesh Root moss shoots 0582.
00:22:35 | INFO: Draco encoder: Encoding mesh Root moss shoots 0583.
00:22:35 | INFO: Draco encoder: Encoding mesh Root moss shoots 0584.
00:22:35 | INFO: Draco encoder: Encoding mesh Root moss shoots 0585.
00:22:35 | INFO: Draco encoder: Encoding mesh Root moss shoots 0586.
00:22:35 | INFO: Draco encoder: Encoding mesh Root moss shoots 0587.
00:22:35 | INFO: Draco encoder: Encoding mesh Root moss shoots 0588.
00:22:35 | INFO: Draco encoder: Encoding mesh Root moss shoots 0589.
00:22:35 | INFO: Draco encoder: Encoding mesh Root moss shoots 0590.
00:22:35 | INFO: Draco encoder: Encoding mesh Root moss shoots 0591.
00:22:35 | INFO: Draco encoder: Encoding mesh Root moss shoots 0592.
00:22:35 | INFO: Draco encoder: Encoding mesh Root moss shoots 0593.
00:22:35 | INFO: Draco encoder: Encoding mesh Root moss shoots 0594.
00:22:35 | INFO: Draco encoder: Encoding mesh Root moss shoots 0595.
00:22:35 | INFO: Draco encoder: Encoding mesh Root moss shoots 0596.
00:22:35 | INFO: Draco encoder: Encoding mesh Root moss shoots 0597.
00:22:35 | INFO: Draco encoder: Encoding mesh Root moss shoots 0598.
00:22:35 | INFO: Draco encoder: Encoding mesh Root moss shoots 0599.
00:22:35 | INFO: Draco encoder: Encoding mesh Root moss shoots 0600.
00:22:35 | INFO: Draco encoder: Encoding mesh Root moss shoots 0601.
00:22:35 | INFO: Draco encoder: Encoding mesh Root moss shoots 0602.
00:22:35 | INFO: Draco encoder: Encoding mesh Root moss shoots 0603.
00:22:35 | INFO: Draco encoder: Encoding mesh Root moss shoots 0604.
00:22:35 | INFO: Draco encoder: Encoding mesh Root moss shoots 0605.
00:22:35 | INFO: Draco encoder: Encoding mesh Root moss shoots 0606.
00:22:35 | INFO: Draco encoder: Encoding mesh Root moss shoots 0607.
00:22:35 | INFO: Draco encoder: Encoding mesh Root moss shoots 0608.
00:22:35 | INFO: Draco encoder: Encoding mesh Root moss shoots 0609.
00:22:35 | INFO: Draco encoder: Encoding mesh Root moss shoots 0610.
00:22:35 | INFO: Draco encoder: Encoding mesh Root moss shoots 0611.
00:22:35 | INFO: Draco encoder: Encoding mesh Root moss shoots 0612.
00:22:35 | INFO: Draco encoder: Encoding mesh Root moss shoots 0613.
00:22:35 | INFO: Draco encoder: Encoding mesh Root moss shoots 0614.
00:22:35 | INFO: Draco encoder: Encoding mesh Root moss shoots 0615.
00:22:35 | INFO: Draco encoder: Encoding mesh Root moss shoots 0616.
00:22:35 | INFO: Draco encoder: Encoding mesh Root moss shoots 0617.
00:22:35 | INFO: Draco encoder: Encoding mesh Root moss shoots 0618.
00:22:35 | INFO: Draco encoder: Encoding mesh Root moss shoots 0619.
00:22:35 | INFO: Draco encoder: Encoding mesh Root moss shoots 0620.
00:22:35 | INFO: Draco encoder: Encoding mesh Root moss shoots 0621.
00:22:35 | INFO: Draco encoder: Encoding mesh Root moss shoots 0622.
00:22:35 | INFO: Draco encoder: Encoding mesh Root moss shoots 0623.
00:22:35 | INFO: Draco encoder: Encoding mesh Root moss shoots 0624.
00:22:35 | INFO: Draco encoder: Encoding mesh Root moss shoots 0625.
00:22:35 | INFO: Draco encoder: Encoding mesh Root moss shoots 0626.
00:22:35 | INFO: Draco encoder: Encoding mesh Root moss shoots 0627.
00:22:35 | INFO: Draco encoder: Encoding mesh Root moss shoots 0628.
00:22:35 | INFO: Draco encoder: Encoding mesh Root moss shoots 0629.
00:22:35 | INFO: Draco encoder: Encoding mesh Root moss shoots 0630.
00:22:35 | INFO: Draco encoder: Encoding mesh Root moss shoots 0631.
00:22:35 | INFO: Draco encoder: Encoding mesh Root moss shoots 0632.
00:22:35 | INFO: Draco encoder: Encoding mesh Root moss shoots 0633.
00:22:35 | INFO: Draco encoder: Encoding mesh Root moss shoots 0634.
00:22:35 | INFO: Draco encoder: Encoding mesh Root moss shoots 0635.
00:22:35 | INFO: Draco encoder: Encoding mesh Root moss shoots 0636.
00:22:35 | INFO: Draco encoder: Encoding mesh Root moss shoots 0637.
00:22:35 | INFO: Draco encoder: Encoding mesh Root moss shoots 0638.
00:22:35 | INFO: Draco encoder: Encoding mesh Root moss shoots 0639.
00:22:35 | INFO: Draco encoder: Encoding mesh Root moss shoots 0640.
00:22:35 | INFO: Draco encoder: Encoding mesh Root moss shoots 0641.
00:22:35 | INFO: Draco encoder: Encoding mesh Root moss shoots 0642.
00:22:35 | INFO: Draco encoder: Encoding mesh Root moss shoots 0643.
00:22:35 | INFO: Draco encoder: Encoding mesh Root moss shoots 0644.
00:22:35 | INFO: Draco encoder: Encoding mesh Root moss shoots 0645.
00:22:35 | INFO: Draco encoder: Encoding mesh Root moss shoots 0646.
00:22:35 | INFO: Draco encoder: Encoding mesh Root moss shoots 0647.
00:22:35 | INFO: Draco encoder: Encoding mesh Root moss shoots 0648.
00:22:35 | INFO: Draco encoder: Encoding mesh Root moss shoots 0649.
00:22:35 | INFO: Draco encoder: Encoding mesh Root moss shoots 0650.
00:22:35 | INFO: Draco encoder: Encoding mesh Root moss shoots 0651.
00:22:35 | INFO: Draco encoder: Encoding mesh Root moss shoots 0652.
00:22:35 | INFO: Draco encoder: Encoding mesh Root moss shoots 0653.
00:22:35 | INFO: Draco encoder: Encoding mesh Root moss shoots 0654.
00:22:35 | INFO: Draco encoder: Encoding mesh Root moss shoots 0655.
00:22:35 | INFO: Draco encoder: Encoding mesh Root moss shoots 0656.
00:22:35 | INFO: Draco encoder: Encoding mesh Root moss shoots 0657.
00:22:35 | INFO: Draco encoder: Encoding mesh Root moss shoots 0658.
00:22:35 | INFO: Draco encoder: Encoding mesh Root moss shoots 0659.
00:22:35 | INFO: Draco encoder: Encoding mesh Root moss shoots 0660.
00:22:35 | INFO: Draco encoder: Encoding mesh Root moss shoots 0661.
00:22:35 | INFO: Draco encoder: Encoding mesh Root moss shoots 0662.
00:22:35 | INFO: Draco encoder: Encoding mesh Root moss shoots 0663.
00:22:35 | INFO: Draco encoder: Encoding mesh Root moss shoots 0664.
00:22:35 | INFO: Draco encoder: Encoding mesh Root moss shoots 0665.
00:22:35 | INFO: Draco encoder: Encoding mesh Root moss shoots 0666.
00:22:35 | INFO: Draco encoder: Encoding mesh Root moss shoots 0667.
00:22:35 | INFO: Draco encoder: Encoding mesh Root moss shoots 0668.
00:22:35 | INFO: Draco encoder: Encoding mesh Root moss shoots 0669.
00:22:35 | INFO: Draco encoder: Encoding mesh Root moss shoots 0670.
00:22:35 | INFO: Draco encoder: Encoding mesh Root moss shoots 0671.
00:22:35 | INFO: Draco encoder: Encoding mesh Root moss shoots 0672.
00:22:35 | INFO: Draco encoder: Encoding mesh Root moss shoots 0673.
00:22:35 | INFO: Draco encoder: Encoding mesh Root moss shoots 0674.
00:22:35 | INFO: Draco encoder: Encoding mesh Root moss shoots 0675.
00:22:35 | INFO: Draco encoder: Encoding mesh Root moss shoots 0676.
00:22:35 | INFO: Draco encoder: Encoding mesh Root moss shoots 0677.
00:22:35 | INFO: Draco encoder: Encoding mesh Root moss shoots 0678.
00:22:35 | INFO: Draco encoder: Encoding mesh Root moss shoots 0679.
00:22:35 | INFO: Draco encoder: Encoding mesh Root moss shoots 0680.
00:22:35 | INFO: Draco encoder: Encoding mesh Root moss shoots 0681.
00:22:35 | INFO: Draco encoder: Encoding mesh Root moss shoots 0682.
00:22:35 | INFO: Draco encoder: Encoding mesh Root moss shoots 0683.
00:22:35 | INFO: Draco encoder: Encoding mesh Root moss shoots 0684.
00:22:35 | INFO: Draco encoder: Encoding mesh Root moss shoots 0685.
00:22:35 | INFO: Draco encoder: Encoding mesh Root moss shoots 0686.
00:22:35 | INFO: Draco encoder: Encoding mesh Root moss shoots 0687.
00:22:35 | INFO: Draco encoder: Encoding mesh Root moss shoots 0688.
00:22:35 | INFO: Draco encoder: Encoding mesh Root moss shoots 0689.
00:22:35 | INFO: Draco encoder: Encoding mesh Root moss shoots 0690.
00:22:35 | INFO: Draco encoder: Encoding mesh Root moss shoots 0691.
00:22:35 | INFO: Draco encoder: Encoding mesh Root moss shoots 0692.
00:22:35 | INFO: Draco encoder: Encoding mesh Root moss shoots 0693.
00:22:35 | INFO: Draco encoder: Encoding mesh Root moss shoots 0694.
00:22:35 | INFO: Draco encoder: Encoding mesh Root moss shoots 0695.
00:22:35 | INFO: Draco encoder: Encoding mesh Root moss shoots 0696.
00:22:35 | INFO: Draco encoder: Encoding mesh Root moss shoots 0697.
00:22:35 | INFO: Draco encoder: Encoding mesh Root moss shoots 0698.
00:22:35 | INFO: Draco encoder: Encoding mesh Root moss shoots 0699.
00:22:35 | INFO: Draco encoder: Encoding mesh Root moss shoots 0700.
00:22:35 | INFO: Draco encoder: Encoding mesh Root moss shoots 0701.
00:22:35 | INFO: Draco encoder: Encoding mesh Root moss shoots 0702.
00:22:35 | INFO: Draco encoder: Encoding mesh Root moss shoots 0703.
00:22:35 | INFO: Draco encoder: Encoding mesh Root moss shoots 0704.
00:22:35 | INFO: Draco encoder: Encoding mesh Root moss shoots 0705.
00:22:35 | INFO: Draco encoder: Encoding mesh Root moss shoots 0706.
00:22:35 | INFO: Draco encoder: Encoding mesh Root moss shoots 0707.
00:22:35 | INFO: Draco encoder: Encoding mesh Root moss shoots 0708.
00:22:35 | INFO: Draco encoder: Encoding mesh Root moss shoots 0709.
00:22:35 | INFO: Draco encoder: Encoding mesh Root moss shoots 0710.
00:22:35 | INFO: Draco encoder: Encoding mesh Root moss shoots 0711.
00:22:35 | INFO: Draco encoder: Encoding mesh Root moss shoots 0712.
00:22:35 | INFO: Draco encoder: Encoding mesh Root moss shoots 0713.
00:22:35 | INFO: Draco encoder: Encoding mesh Root moss shoots 0714.
00:22:35 | INFO: Draco encoder: Encoding mesh Root moss shoots 0715.
00:22:35 | INFO: Draco encoder: Encoding mesh Root moss shoots 0716.
00:22:35 | INFO: Draco encoder: Encoding mesh Root moss shoots 0717.
00:22:35 | INFO: Draco encoder: Encoding mesh Root moss shoots 0718.
00:22:35 | INFO: Draco encoder: Encoding mesh Root moss shoots 0719.
00:22:35 | INFO: Draco encoder: Encoding mesh Root moss shoots 0720.
00:22:35 | INFO: Draco encoder: Encoding mesh Root moss shoots 0721.
00:22:35 | INFO: Draco encoder: Encoding mesh Root moss shoots 0722.
00:22:35 | INFO: Draco encoder: Encoding mesh Root moss shoots 0723.
00:22:35 | INFO: Draco encoder: Encoding mesh Root moss shoots 0724.
00:22:35 | INFO: Draco encoder: Encoding mesh Root moss shoots 0725.
00:22:35 | INFO: Draco encoder: Encoding mesh Root moss shoots 0726.
00:22:35 | INFO: Draco encoder: Encoding mesh Root moss shoots 0727.
00:22:35 | INFO: Draco encoder: Encoding mesh Root moss shoots 0728.
00:22:35 | INFO: Draco encoder: Encoding mesh Root moss shoots 0729.
00:22:35 | INFO: Draco encoder: Encoding mesh Root moss shoots 0730.
00:22:35 | INFO: Draco encoder: Encoding mesh Root moss shoots 0731.
00:22:35 | INFO: Draco encoder: Encoding mesh Root moss shoots 0732.
00:22:35 | INFO: Draco encoder: Encoding mesh Root moss shoots 0733.
00:22:35 | INFO: Draco encoder: Encoding mesh Root moss shoots 0734.
00:22:35 | INFO: Draco encoder: Encoding mesh Root moss shoots 0735.
00:22:35 | INFO: Draco encoder: Encoding mesh Root moss shoots 0736.
00:22:35 | INFO: Draco encoder: Encoding mesh Root moss shoots 0737.
00:22:35 | INFO: Draco encoder: Encoding mesh Root moss shoots 0738.
00:22:35 | INFO: Draco encoder: Encoding mesh Root moss shoots 0739.
00:22:35 | INFO: Draco encoder: Encoding mesh Root moss shoots 0740.
00:22:35 | INFO: Draco encoder: Encoding mesh Root moss shoots 0741.
00:22:35 | INFO: Draco encoder: Encoding mesh Root moss shoots 0742.
00:22:35 | INFO: Draco encoder: Encoding mesh Root moss shoots 0743.
00:22:35 | INFO: Draco encoder: Encoding mesh Root moss shoots 0744.
00:22:35 | INFO: Draco encoder: Encoding mesh Root moss shoots 0745.
00:22:35 | INFO: Draco encoder: Encoding mesh Root moss shoots 0746.
00:22:35 | INFO: Draco encoder: Encoding mesh Root moss shoots 0747.
00:22:35 | INFO: Draco encoder: Encoding mesh Root moss shoots 0748.
00:22:35 | INFO: Draco encoder: Encoding mesh Root moss shoots 0749.
00:22:35 | INFO: Draco encoder: Encoding mesh Root moss shoots 0750.
00:22:35 | INFO: Draco encoder: Encoding mesh Root moss shoots 0751.
00:22:35 | INFO: Draco encoder: Encoding mesh Root moss shoots 0752.
00:22:35 | INFO: Draco encoder: Encoding mesh Root moss shoots 0753.
00:22:35 | INFO: Draco encoder: Encoding mesh Root moss shoots 0754.
00:22:35 | INFO: Draco encoder: Encoding mesh Root moss shoots 0755.
00:22:35 | INFO: Draco encoder: Encoding mesh Root moss shoots 0756.
00:22:35 | INFO: Draco encoder: Encoding mesh Root moss shoots 0757.
00:22:35 | INFO: Draco encoder: Encoding mesh Root moss shoots 0758.
00:22:35 | INFO: Draco encoder: Encoding mesh Root moss shoots 0759.
00:22:35 | INFO: Draco encoder: Encoding mesh Root moss shoots 0760.
00:22:35 | INFO: Draco encoder: Encoding mesh Root moss shoots 0761.
00:22:35 | INFO: Draco encoder: Encoding mesh Root moss shoots 0762.
00:22:35 | INFO: Draco encoder: Encoding mesh Root moss shoots 0763.
00:22:35 | INFO: Draco encoder: Encoding mesh Root moss shoots 0764.
00:22:35 | INFO: Draco encoder: Encoding mesh Root moss shoots 0765.
00:22:35 | INFO: Draco encoder: Encoding mesh Root moss shoots 0766.
00:22:35 | INFO: Draco encoder: Encoding mesh Root moss shoots 0767.
00:22:35 | INFO: Draco encoder: Encoding mesh Root moss shoots 0768.
00:22:35 | INFO: Draco encoder: Encoding mesh Root moss shoots 0769.
00:22:35 | INFO: Draco encoder: Encoding mesh Root moss shoots 0770.
00:22:35 | INFO: Draco encoder: Encoding mesh Root moss shoots 0771.
00:22:35 | INFO: Draco encoder: Encoding mesh Root moss shoots 0772.
00:22:35 | INFO: Draco encoder: Encoding mesh Root moss shoots 0773.
00:22:35 | INFO: Draco encoder: Encoding mesh Root moss shoots 0774.
00:22:35 | INFO: Draco encoder: Encoding mesh Root moss shoots 0775.
00:22:35 | INFO: Draco encoder: Encoding mesh Root moss shoots 0776.
00:22:35 | INFO: Draco encoder: Encoding mesh Root moss shoots 0777.
00:22:35 | INFO: Draco encoder: Encoding mesh Root moss shoots 0778.
00:22:35 | INFO: Draco encoder: Encoding mesh Root moss shoots 0779.
00:22:35 | INFO: Draco encoder: Encoding mesh Root moss shoots 0780.
00:22:35 | INFO: Draco encoder: Encoding mesh Root moss shoots 0781.
00:22:35 | INFO: Draco encoder: Encoding mesh Root moss shoots 0782.
00:22:35 | INFO: Draco encoder: Encoding mesh Root moss shoots 0783.
00:22:35 | INFO: Draco encoder: Encoding mesh Root moss shoots 0784.
00:22:35 | INFO: Draco encoder: Encoding mesh Root moss shoots 0785.
00:22:35 | INFO: Draco encoder: Encoding mesh Root moss shoots 0786.
00:22:35 | INFO: Draco encoder: Encoding mesh Root moss shoots 0787.
00:22:35 | INFO: Draco encoder: Encoding mesh Root moss shoots 0788.
00:22:35 | INFO: Draco encoder: Encoding mesh Root moss shoots 0789.
00:22:35 | INFO: Draco encoder: Encoding mesh Root moss shoots 0790.
00:22:35 | INFO: Draco encoder: Encoding mesh Root moss shoots 0791.
00:22:35 | INFO: Draco encoder: Encoding mesh Root moss shoots 0792.
00:22:35 | INFO: Draco encoder: Encoding mesh Root moss shoots 0793.
00:22:35 | INFO: Draco encoder: Encoding mesh Root moss shoots 0794.
00:22:35 | INFO: Draco encoder: Encoding mesh Root moss shoots 0795.
00:22:35 | INFO: Draco encoder: Encoding mesh Root moss shoots 0796.
00:22:35 | INFO: Draco encoder: Encoding mesh Root moss shoots 0797.
00:22:35 | INFO: Draco encoder: Encoding mesh Root moss shoots 0798.
00:22:35 | INFO: Draco encoder: Encoding mesh Root moss shoots 0799.
00:22:35 | INFO: Draco encoder: Encoding mesh Root moss shoots 0800.
00:22:35 | INFO: Draco encoder: Encoding mesh Root moss shoots 0801.
00:22:35 | INFO: Draco encoder: Encoding mesh Root moss shoots 0802.
00:22:35 | INFO: Draco encoder: Encoding mesh Root moss shoots 0803.
00:22:35 | INFO: Draco encoder: Encoding mesh Root moss shoots 0804.
00:22:35 | INFO: Draco encoder: Encoding mesh Root moss shoots 0805.
00:22:35 | INFO: Draco encoder: Encoding mesh Root moss shoots 0806.
00:22:35 | INFO: Draco encoder: Encoding mesh Root moss shoots 0807.
00:22:35 | INFO: Draco encoder: Encoding mesh Root moss shoots 0808.
00:22:35 | INFO: Draco encoder: Encoding mesh Root moss shoots 0809.
00:22:35 | INFO: Draco encoder: Encoding mesh Root moss shoots 0810.
00:22:35 | INFO: Draco encoder: Encoding mesh Root moss shoots 0811.
00:22:35 | INFO: Draco encoder: Encoding mesh Root moss shoots 0812.
00:22:35 | INFO: Draco encoder: Encoding mesh Root moss shoots 0813.
00:22:35 | INFO: Draco encoder: Encoding mesh Root moss shoots 0814.
00:22:35 | INFO: Draco encoder: Encoding mesh Root moss shoots 0815.
00:22:35 | INFO: Draco encoder: Encoding mesh Root moss shoots 0816.
00:22:35 | INFO: Draco encoder: Encoding mesh Root moss shoots 0817.
00:22:35 | INFO: Draco encoder: Encoding mesh Root moss shoots 0818.
00:22:35 | INFO: Draco encoder: Encoding mesh Root moss shoots 0819.
00:22:35 | INFO: Draco encoder: Encoding mesh Root moss shoots 0820.
00:22:35 | INFO: Draco encoder: Encoding mesh Root moss shoots 0821.
00:22:35 | INFO: Draco encoder: Encoding mesh Root moss shoots 0822.
00:22:35 | INFO: Draco encoder: Encoding mesh Root moss shoots 0823.
00:22:35 | INFO: Draco encoder: Encoding mesh Root moss shoots 0824.
00:22:35 | INFO: Draco encoder: Encoding mesh Root moss shoots 0825.
00:22:35 | INFO: Draco encoder: Encoding mesh Root moss shoots 0826.
00:22:35 | INFO: Draco encoder: Encoding mesh Root moss shoots 0827.
00:22:35 | INFO: Draco encoder: Encoding mesh Root moss shoots 0828.
00:22:35 | INFO: Draco encoder: Encoding mesh Root moss shoots 0829.
00:22:35 | INFO: Draco encoder: Encoding mesh Root moss shoots 0830.
00:22:35 | INFO: Draco encoder: Encoding mesh Root moss shoots 0831.
00:22:35 | INFO: Draco encoder: Encoding mesh Root moss shoots 0832.
00:22:35 | INFO: Draco encoder: Encoding mesh Root moss shoots 0833.
00:22:35 | INFO: Draco encoder: Encoding mesh Root moss shoots 0834.
00:22:35 | INFO: Draco encoder: Encoding mesh Root moss shoots 0835.
00:22:35 | INFO: Draco encoder: Encoding mesh Root moss shoots 0836.
00:22:35 | INFO: Draco encoder: Encoding mesh Root moss shoots 0837.
00:22:35 | INFO: Draco encoder: Encoding mesh Root moss shoots 0838.
00:22:35 | INFO: Draco encoder: Encoding mesh Root moss shoots 0839.
00:22:35 | INFO: Draco encoder: Encoding mesh Root moss shoots 0840.
00:22:35 | INFO: Draco encoder: Encoding mesh Root moss shoots 0841.
00:22:35 | INFO: Draco encoder: Encoding mesh Root moss shoots 0842.
00:22:35 | INFO: Draco encoder: Encoding mesh Root moss shoots 0843.
00:22:35 | INFO: Draco encoder: Encoding mesh Root moss shoots 0844.
00:22:35 | INFO: Draco encoder: Encoding mesh Root moss shoots 0845.
00:22:35 | INFO: Draco encoder: Encoding mesh Root moss shoots 0846.
00:22:35 | INFO: Draco encoder: Encoding mesh Root moss shoots 0847.
00:22:35 | INFO: Draco encoder: Encoding mesh Root moss shoots 0848.
00:22:35 | INFO: Draco encoder: Encoding mesh Root moss shoots 0849.
00:22:35 | INFO: Draco encoder: Encoding mesh Root moss shoots 0850.
00:22:35 | INFO: Draco encoder: Encoding mesh Root moss shoots 0851.
00:22:35 | INFO: Draco encoder: Encoding mesh Root moss shoots 0852.
00:22:35 | INFO: Draco encoder: Encoding mesh Root moss shoots 0853.
00:22:35 | INFO: Draco encoder: Encoding mesh Root moss shoots 0854.
00:22:35 | INFO: Draco encoder: Encoding mesh Root moss shoots 0855.
00:22:35 | INFO: Draco encoder: Encoding mesh Root moss shoots 0856.
00:22:35 | INFO: Draco encoder: Encoding mesh Root moss shoots 0857.
00:22:35 | INFO: Draco encoder: Encoding mesh Root moss shoots 0858.
00:22:35 | INFO: Draco encoder: Encoding mesh Root moss shoots 0859.
00:22:35 | INFO: Draco encoder: Encoding mesh Root moss shoots 0860.
00:22:35 | INFO: Draco encoder: Encoding mesh Root moss shoots 0861.
00:22:35 | INFO: Draco encoder: Encoding mesh Root moss shoots 0862.
00:22:35 | INFO: Draco encoder: Encoding mesh Root moss shoots 0863.
00:22:35 | INFO: Draco encoder: Encoding mesh Root moss shoots 0864.
00:22:35 | INFO: Draco encoder: Encoding mesh Root moss shoots 0865.
00:22:35 | INFO: Draco encoder: Encoding mesh Root moss shoots 0866.
00:22:35 | INFO: Draco encoder: Encoding mesh Root moss shoots 0867.
00:22:35 | INFO: Draco encoder: Encoding mesh Root moss shoots 0868.
00:22:35 | INFO: Draco encoder: Encoding mesh Root moss shoots 0869.
00:22:35 | INFO: Draco encoder: Encoding mesh Root moss shoots 0870.
00:22:35 | INFO: Draco encoder: Encoding mesh Root moss shoots 0871.
00:22:35 | INFO: Draco encoder: Encoding mesh Root moss shoots 0872.
00:22:35 | INFO: Draco encoder: Encoding mesh Root moss shoots 0873.
00:22:35 | INFO: Draco encoder: Encoding mesh Root moss shoots 0874.
00:22:35 | INFO: Draco encoder: Encoding mesh Root moss shoots 0875.
00:22:35 | INFO: Draco encoder: Encoding mesh Root moss shoots 0876.
00:22:35 | INFO: Draco encoder: Encoding mesh Root moss shoots 0877.
00:22:35 | INFO: Draco encoder: Encoding mesh Root moss shoots 0878.
00:22:35 | INFO: Draco encoder: Encoding mesh Root moss shoots 0879.
00:22:35 | INFO: Draco encoder: Encoding mesh Root moss shoots 0880.
00:22:35 | INFO: Draco encoder: Encoding mesh Root moss shoots 0881.
00:22:35 | INFO: Draco encoder: Encoding mesh Root moss shoots 0882.
00:22:35 | INFO: Draco encoder: Encoding mesh Root moss shoots 0883.
00:22:35 | INFO: Draco encoder: Encoding mesh Root moss shoots 0884.
00:22:35 | INFO: Draco encoder: Encoding mesh Root moss shoots 0885.
00:22:35 | INFO: Draco encoder: Encoding mesh Root moss shoots 0886.
00:22:35 | INFO: Draco encoder: Encoding mesh Root moss shoots 0887.
00:22:35 | INFO: Draco encoder: Encoding mesh Root moss shoots 0888.
00:22:35 | INFO: Draco encoder: Encoding mesh Root moss shoots 0889.
00:22:35 | INFO: Draco encoder: Encoding mesh Root moss shoots 0890.
00:22:35 | INFO: Draco encoder: Encoding mesh Root moss shoots 0891.
00:22:35 | INFO: Draco encoder: Encoding mesh Root moss shoots 0892.
00:22:35 | INFO: Draco encoder: Encoding mesh Root moss shoots 0893.
00:22:35 | INFO: Draco encoder: Encoding mesh Root moss shoots 0894.
00:22:35 | INFO: Draco encoder: Encoding mesh Root moss shoots 0895.
00:22:35 | INFO: Draco encoder: Encoding mesh Root moss shoots 0896.
00:22:35 | INFO: Draco encoder: Encoding mesh Root moss shoots 0897.
00:22:35 | INFO: Draco encoder: Encoding mesh Root moss shoots 0898.
00:22:35 | INFO: Draco encoder: Encoding mesh Root moss shoots 0899.
00:22:35 | INFO: Draco encoder: Encoding mesh Root moss shoots 0900.
00:22:35 | INFO: Draco encoder: Encoding mesh Root moss shoots 0901.
00:22:35 | INFO: Draco encoder: Encoding mesh Root moss shoots 0902.
00:22:35 | INFO: Draco encoder: Encoding mesh Root moss shoots 0903.
00:22:35 | INFO: Draco encoder: Encoding mesh Root moss shoots 0904.
00:22:35 | INFO: Draco encoder: Encoding mesh Root moss shoots 0905.
00:22:35 | INFO: Draco encoder: Encoding mesh Root moss shoots 0906.
00:22:35 | INFO: Draco encoder: Encoding mesh Root moss shoots 0907.
00:22:35 | INFO: Draco encoder: Encoding mesh Root moss shoots 0908.
00:22:35 | INFO: Draco encoder: Encoding mesh Root moss shoots 0909.
00:22:35 | INFO: Draco encoder: Encoding mesh Root moss shoots 0910.
00:22:35 | INFO: Draco encoder: Encoding mesh Root moss shoots 0911.
00:22:35 | INFO: Draco encoder: Encoding mesh Root moss shoots 0912.
00:22:35 | INFO: Draco encoder: Encoding mesh Root moss shoots 0913.
00:22:35 | INFO: Draco encoder: Encoding mesh Root moss shoots 0914.
00:22:35 | INFO: Draco encoder: Encoding mesh Root moss shoots 0915.
00:22:35 | INFO: Draco encoder: Encoding mesh Root moss shoots 0916.
00:22:35 | INFO: Draco encoder: Encoding mesh Root moss shoots 0917.
00:22:35 | INFO: Draco encoder: Encoding mesh Root moss shoots 0918.
00:22:35 | INFO: Draco encoder: Encoding mesh Root moss shoots 0919.
00:22:35 | INFO: Draco encoder: Encoding mesh Root moss shoots 0920.
00:22:35 | INFO: Draco encoder: Encoding mesh Root moss shoots 0921.
00:22:35 | INFO: Draco encoder: Encoding mesh Root moss shoots 0922.
00:22:35 | INFO: Draco encoder: Encoding mesh Root moss shoots 0923.
00:22:35 | INFO: Draco encoder: Encoding mesh Root moss shoots 0924.
00:22:35 | INFO: Draco encoder: Encoding mesh Root moss shoots 0925.
00:22:35 | INFO: Draco encoder: Encoding mesh Root moss shoots 0926.
00:22:35 | INFO: Draco encoder: Encoding mesh Root moss shoots 0927.
00:22:35 | INFO: Draco encoder: Encoding mesh Root moss shoots 0928.
00:22:35 | INFO: Draco encoder: Encoding mesh Root moss shoots 0929.
00:22:35 | INFO: Draco encoder: Encoding mesh Root moss shoots 0930.
00:22:35 | INFO: Draco encoder: Encoding mesh Root moss shoots 0931.
00:22:35 | INFO: Draco encoder: Encoding mesh Root moss shoots 0932.
00:22:35 | INFO: Draco encoder: Encoding mesh Root moss shoots 0933.
00:22:35 | INFO: Draco encoder: Encoding mesh Root moss shoots 0934.
00:22:35 | INFO: Draco encoder: Encoding mesh Root moss shoots 0935.
00:22:35 | INFO: Draco encoder: Encoding mesh Root moss shoots 0936.
00:22:35 | INFO: Draco encoder: Encoding mesh Root moss shoots 0937.
00:22:35 | INFO: Draco encoder: Encoding mesh Root moss shoots 0938.
00:22:35 | INFO: Draco encoder: Encoding mesh Root moss shoots 0939.
00:22:35 | INFO: Draco encoder: Encoding mesh Root moss shoots 0940.
00:22:35 | INFO: Draco encoder: Encoding mesh Root moss shoots 0941.
00:22:35 | INFO: Draco encoder: Encoding mesh Root moss shoots 0942.
00:22:35 | INFO: Draco encoder: Encoding mesh Root moss shoots 0943.
00:22:35 | INFO: Draco encoder: Encoding mesh Root moss shoots 0944.
00:22:35 | INFO: Draco encoder: Encoding mesh Root moss shoots 0945.
00:22:35 | INFO: Draco encoder: Encoding mesh Root moss shoots 0946.
00:22:35 | INFO: Draco encoder: Encoding mesh Root moss shoots 0947.
00:22:35 | INFO: Draco encoder: Encoding mesh Root moss shoots 0948.
00:22:35 | INFO: Draco encoder: Encoding mesh Root moss shoots 0949.
00:22:35 | INFO: Draco encoder: Encoding mesh Root moss shoots 0950.
00:22:35 | INFO: Draco encoder: Encoding mesh Root moss shoots 0951.
00:22:35 | INFO: Draco encoder: Encoding mesh Root moss shoots 0952.
00:22:35 | INFO: Draco encoder: Encoding mesh Root moss shoots 0953.
00:22:35 | INFO: Draco encoder: Encoding mesh Root moss shoots 0954.
00:22:35 | INFO: Draco encoder: Encoding mesh Root moss shoots 0955.
00:22:35 | INFO: Draco encoder: Encoding mesh Root moss shoots 0956.
00:22:35 | INFO: Draco encoder: Encoding mesh Root moss shoots 0957.
00:22:35 | INFO: Draco encoder: Encoding mesh Root moss shoots 0958.
00:22:35 | INFO: Draco encoder: Encoding mesh Root moss shoots 0959.
00:22:35 | INFO: Draco encoder: Encoding mesh Root moss shoots 0960.
00:22:35 | INFO: Draco encoder: Encoding mesh Root moss shoots 0961.
00:22:35 | INFO: Draco encoder: Encoding mesh Root moss shoots 0962.
00:22:35 | INFO: Draco encoder: Encoding mesh Root moss shoots 0963.
00:22:35 | INFO: Draco encoder: Encoding mesh Root moss shoots 0964.
00:22:35 | INFO: Draco encoder: Encoding mesh Root moss shoots 0965.
00:22:35 | INFO: Draco encoder: Encoding mesh Root moss shoots 0966.
00:22:35 | INFO: Draco encoder: Encoding mesh Root moss shoots 0967.
00:22:35 | INFO: Draco encoder: Encoding mesh Root moss shoots 0968.
00:22:35 | INFO: Draco encoder: Encoding mesh Root moss shoots 0969.
00:22:35 | INFO: Draco encoder: Encoding mesh Root moss shoots 0970.
00:22:35 | INFO: Draco encoder: Encoding mesh Root moss shoots 0971.
00:22:35 | INFO: Draco encoder: Encoding mesh Root moss shoots 0972.
00:22:35 | INFO: Draco encoder: Encoding mesh Root moss shoots 0973.
00:22:35 | INFO: Draco encoder: Encoding mesh Root moss shoots 0974.
00:22:35 | INFO: Draco encoder: Encoding mesh Root moss shoots 0975.
00:22:35 | INFO: Draco encoder: Encoding mesh Root moss shoots 0976.
00:22:35 | INFO: Draco encoder: Encoding mesh Root moss shoots 0977.
00:22:35 | INFO: Draco encoder: Encoding mesh Root moss shoots 0978.
00:22:35 | INFO: Draco encoder: Encoding mesh Root moss shoots 0979.
00:22:35 | INFO: Draco encoder: Encoding mesh Root moss shoots 0980.
00:22:35 | INFO: Draco encoder: Encoding mesh Root moss shoots 0981.
00:22:35 | INFO: Draco encoder: Encoding mesh Root moss shoots 0982.
00:22:35 | INFO: Draco encoder: Encoding mesh Root moss shoots 0983.
00:22:35 | INFO: Draco encoder: Encoding mesh Root moss shoots 0984.
00:22:35 | INFO: Draco encoder: Encoding mesh Root moss shoots 0985.
00:22:35 | INFO: Draco encoder: Encoding mesh Root moss shoots 0986.
00:22:35 | INFO: Draco encoder: Encoding mesh Root moss shoots 0987.
00:22:35 | INFO: Draco encoder: Encoding mesh Root moss shoots 0988.
00:22:35 | INFO: Draco encoder: Encoding mesh Root moss shoots 0989.
00:22:35 | INFO: Draco encoder: Encoding mesh Root moss shoots 0990.
00:22:35 | INFO: Draco encoder: Encoding mesh Root moss shoots 0991.
00:22:35 | INFO: Draco encoder: Encoding mesh Root moss shoots 0992.
00:22:35 | INFO: Draco encoder: Encoding mesh Root moss shoots 0993.
00:22:35 | INFO: Draco encoder: Encoding mesh Root moss shoots 0994.
00:22:35 | INFO: Draco encoder: Encoding mesh Root moss shoots 0995.
00:22:35 | INFO: Draco encoder: Encoding mesh Root moss shoots 0996.
00:22:35 | INFO: Draco encoder: Encoding mesh Root moss shoots 0997.
00:22:35 | INFO: Draco encoder: Encoding mesh Root moss shoots 0998.
00:22:35 | INFO: Draco encoder: Encoding mesh Root moss shoots 0999.
00:22:35 | INFO: Draco encoder: Encoding mesh Root moss shoots 1000.
00:22:35 | INFO: Draco encoder: Encoding mesh Root moss shoots 1001.
00:22:35 | INFO: Draco encoder: Encoding mesh Root moss shoots 1002.
00:22:35 | INFO: Draco encoder: Encoding mesh Root moss shoots 1003.
00:22:35 | INFO: Draco encoder: Encoding mesh Root moss shoots 1004.
00:22:35 | INFO: Draco encoder: Encoding mesh Root moss shoots 1005.
00:22:35 | INFO: Draco encoder: Encoding mesh Root moss shoots 1006.
00:22:35 | INFO: Draco encoder: Encoding mesh Root moss shoots 1007.
00:22:35 | INFO: Draco encoder: Encoding mesh Root moss shoots 1008.
00:22:35 | INFO: Draco encoder: Encoding mesh Root moss shoots 1009.
00:22:35 | INFO: Draco encoder: Encoding mesh Root moss shoots 1010.
00:22:35 | INFO: Draco encoder: Encoding mesh Root moss shoots 1011.
00:22:35 | INFO: Draco encoder: Encoding mesh Root moss shoots 1012.
00:22:35 | INFO: Draco encoder: Encoding mesh Root moss shoots 1013.
00:22:35 | INFO: Draco encoder: Encoding mesh Root moss shoots 1014.
00:22:35 | INFO: Draco encoder: Encoding mesh Root moss shoots 1015.
00:22:35 | INFO: Draco encoder: Encoding mesh Root moss shoots 1016.
00:22:35 | INFO: Draco encoder: Encoding mesh Root moss shoots 1017.
00:22:35 | INFO: Draco encoder: Encoding mesh Root moss shoots 1018.
00:22:35 | INFO: Draco encoder: Encoding mesh Root moss shoots 1019.
00:22:35 | INFO: Draco encoder: Encoding mesh Root moss shoots 1020.
00:22:35 | INFO: Draco encoder: Encoding mesh Root moss shoots 1021.
00:22:35 | INFO: Draco encoder: Encoding mesh Root moss shoots 1022.
00:22:35 | INFO: Draco encoder: Encoding mesh Root moss shoots 1023.
00:22:35 | INFO: Draco encoder: Encoding mesh Root moss shoots 1024.
00:22:35 | INFO: Draco encoder: Encoding mesh Root moss shoots 1025.
00:22:35 | INFO: Draco encoder: Encoding mesh Root moss shoots 1026.
00:22:35 | INFO: Draco encoder: Encoding mesh Root moss shoots 1027.
00:22:35 | INFO: Draco encoder: Encoding mesh Root moss shoots 1028.
00:22:35 | INFO: Draco encoder: Encoding mesh Root moss shoots 1029.
00:22:35 | INFO: Draco encoder: Encoding mesh Root moss shoots 1030.
00:22:35 | INFO: Draco encoder: Encoding mesh Root moss shoots 1031.
00:22:35 | INFO: Draco encoder: Encoding mesh Root moss shoots 1032.
00:22:35 | INFO: Draco encoder: Encoding mesh Root moss shoots 1033.
00:22:35 | INFO: Draco encoder: Encoding mesh Root moss shoots 1034.
00:22:35 | INFO: Draco encoder: Encoding mesh Root moss shoots 1035.
00:22:35 | INFO: Draco encoder: Encoding mesh Root moss shoots 1036.
00:22:35 | INFO: Draco encoder: Encoding mesh Root moss shoots 1037.
00:22:35 | INFO: Draco encoder: Encoding mesh Root moss shoots 1038.
00:22:35 | INFO: Draco encoder: Encoding mesh Root moss shoots 1039.
00:22:35 | INFO: Draco encoder: Encoding mesh Root moss shoots 1040.
00:22:35 | INFO: Draco encoder: Encoding mesh Root moss shoots 1041.
00:22:35 | INFO: Draco encoder: Encoding mesh Root moss shoots 1042.
00:22:35 | INFO: Draco encoder: Encoding mesh Root moss shoots 1043.
00:22:35 | INFO: Draco encoder: Encoding mesh Root moss shoots 1044.
00:22:35 | INFO: Draco encoder: Encoding mesh Root moss shoots 1045.
00:22:35 | INFO: Draco encoder: Encoding mesh Root moss shoots 1046.
00:22:35 | INFO: Draco encoder: Encoding mesh Root moss shoots 1047.
00:22:35 | INFO: Draco encoder: Encoding mesh Root moss shoots 1048.
00:22:35 | INFO: Draco encoder: Encoding mesh Root moss shoots 1049.
00:22:35 | INFO: Draco encoder: Encoding mesh Root moss shoots 1050.
00:22:35 | INFO: Draco encoder: Encoding mesh Root moss shoots 1051.
00:22:35 | INFO: Draco encoder: Encoding mesh Root moss shoots 1052.
00:22:35 | INFO: Draco encoder: Encoding mesh Root moss shoots 1053.
00:22:35 | INFO: Draco encoder: Encoding mesh Root moss shoots 1054.
00:22:35 | INFO: Draco encoder: Encoding mesh Root moss shoots 1055.
00:22:35 | INFO: Draco encoder: Encoding mesh Root moss shoots 1056.
00:22:35 | INFO: Draco encoder: Encoding mesh Root moss shoots 1057.
00:22:35 | INFO: Draco encoder: Encoding mesh Root moss shoots 1058.
00:22:35 | INFO: Draco encoder: Encoding mesh Root moss shoots 1059.
00:22:35 | INFO: Draco encoder: Encoding mesh Root moss shoots 1060.
00:22:35 | INFO: Draco encoder: Encoding mesh Root moss shoots 1061.
00:22:35 | INFO: Draco encoder: Encoding mesh Root moss shoots 1062.
00:22:35 | INFO: Draco encoder: Encoding mesh Root moss shoots 1063.
00:22:35 | INFO: Draco encoder: Encoding mesh Root moss shoots 1064.
00:22:35 | INFO: Draco encoder: Encoding mesh Root moss shoots 1065.
00:22:35 | INFO: Draco encoder: Encoding mesh Root moss shoots 1066.
00:22:35 | INFO: Draco encoder: Encoding mesh Root moss shoots 1067.
00:22:35 | INFO: Draco encoder: Encoding mesh Root moss shoots 1068.
00:22:35 | INFO: Draco encoder: Encoding mesh Root moss shoots 1069.
00:22:35 | INFO: Draco encoder: Encoding mesh Root moss shoots 1070.
00:22:35 | INFO: Draco encoder: Encoding mesh Root moss shoots 1071.
00:22:35 | INFO: Draco encoder: Encoding mesh Root moss shoots 1072.
00:22:35 | INFO: Draco encoder: Encoding mesh Root moss shoots 1073.
00:22:35 | INFO: Draco encoder: Encoding mesh Root moss shoots 1074.
00:22:35 | INFO: Draco encoder: Encoding mesh Root moss shoots 1075.
00:22:35 | INFO: Draco encoder: Encoding mesh Root moss shoots 1076.
00:22:35 | INFO: Draco encoder: Encoding mesh Root moss shoots 1077.
00:22:35 | INFO: Draco encoder: Encoding mesh Root moss shoots 1078.
00:22:35 | INFO: Draco encoder: Encoding mesh Root moss shoots 1079.
00:22:35 | INFO: Draco encoder: Encoding mesh Root moss shoots 1080.
00:22:35 | INFO: Draco encoder: Encoding mesh Root moss shoots 1081.
00:22:35 | INFO: Draco encoder: Encoding mesh Root moss shoots 1082.
00:22:35 | INFO: Draco encoder: Encoding mesh Root moss shoots 1083.
00:22:35 | INFO: Draco encoder: Encoding mesh Root moss shoots 1084.
00:22:35 | INFO: Draco encoder: Encoding mesh Root moss shoots 1085.
00:22:35 | INFO: Draco encoder: Encoding mesh Root moss shoots 1086.
00:22:35 | INFO: Draco encoder: Encoding mesh Root moss shoots 1087.
00:22:35 | INFO: Draco encoder: Encoding mesh Root moss shoots 1088.
00:22:35 | INFO: Draco encoder: Encoding mesh Root moss shoots 1089.
00:22:35 | INFO: Draco encoder: Encoding mesh Root moss shoots 1090.
00:22:35 | INFO: Draco encoder: Encoding mesh Root moss shoots 1091.
00:22:35 | INFO: Draco encoder: Encoding mesh Root moss shoots 1092.
00:22:35 | INFO: Draco encoder: Encoding mesh Root moss shoots 1093.
00:22:35 | INFO: Draco encoder: Encoding mesh Root moss shoots 1094.
00:22:35 | INFO: Draco encoder: Encoding mesh Root moss shoots 1095.
00:22:35 | INFO: Draco encoder: Encoding mesh Root moss shoots 1096.
00:22:35 | INFO: Draco encoder: Encoding mesh Root moss shoots 1097.
00:22:35 | INFO: Draco encoder: Encoding mesh Root moss shoots 1098.
00:22:35 | INFO: Draco encoder: Encoding mesh Root moss shoots 1099.
00:22:35 | INFO: Draco encoder: Encoding mesh Root moss shoots 1100.
00:22:35 | INFO: Draco encoder: Encoding mesh Root moss shoots 1101.
00:22:35 | INFO: Draco encoder: Encoding mesh Root moss shoots 1102.
00:22:35 | INFO: Draco encoder: Encoding mesh Root moss shoots 1103.
00:22:35 | INFO: Draco encoder: Encoding mesh Root moss shoots 1104.
00:22:35 | INFO: Draco encoder: Encoding mesh Root moss shoots 1105.
00:22:35 | INFO: Draco encoder: Encoding mesh Root moss shoots 1106.
00:22:35 | INFO: Draco encoder: Encoding mesh Root moss shoots 1107.
00:22:35 | INFO: Draco encoder: Encoding mesh Root moss shoots 1108.
00:22:35 | INFO: Draco encoder: Encoding mesh Root moss shoots 1109.
00:22:35 | INFO: Draco encoder: Encoding mesh Root moss shoots 1110.
00:22:35 | INFO: Draco encoder: Encoding mesh Root moss shoots 1111.
00:22:35 | INFO: Draco encoder: Encoding mesh Root moss shoots 1112.
00:22:35 | INFO: Draco encoder: Encoding mesh Root moss shoots 1113.
00:22:35 | INFO: Draco encoder: Encoding mesh Root moss shoots 1114.
00:22:35 | INFO: Draco encoder: Encoding mesh Root moss shoots 1115.
00:22:35 | INFO: Draco encoder: Encoding mesh Root moss shoots 1116.
00:22:35 | INFO: Draco encoder: Encoding mesh Root moss shoots 1117.
00:22:35 | INFO: Draco encoder: Encoding mesh Root moss shoots 1118.
00:22:35 | INFO: Draco encoder: Encoding mesh Root moss shoots 1119.
00:22:35 | INFO: Draco encoder: Encoding mesh Root moss shoots 1120.
00:22:35 | INFO: Draco encoder: Encoding mesh Root moss shoots 1121.
00:22:35 | INFO: Draco encoder: Encoding mesh Root moss shoots 1122.
00:22:35 | INFO: Draco encoder: Encoding mesh Root moss shoots 1123.
00:22:35 | INFO: Draco encoder: Encoding mesh Root moss shoots 1124.
00:22:35 | INFO: Draco encoder: Encoding mesh Root moss shoots 1125.
00:22:35 | INFO: Draco encoder: Encoding mesh Root moss shoots 1126.
00:22:35 | INFO: Draco encoder: Encoding mesh Root moss shoots 1127.
00:22:35 | INFO: Draco encoder: Encoding mesh Root moss shoots 1128.
00:22:35 | INFO: Draco encoder: Encoding mesh Root moss shoots 1129.
00:22:35 | INFO: Draco encoder: Encoding mesh Root moss shoots 1130.
00:22:35 | INFO: Draco encoder: Encoding mesh Root moss shoots 1131.
00:22:35 | INFO: Draco encoder: Encoding mesh Root moss shoots 1132.
00:22:35 | INFO: Draco encoder: Encoding mesh Root moss shoots 1133.
00:22:35 | INFO: Draco encoder: Encoding mesh Root moss shoots 1134.
00:22:35 | INFO: Draco encoder: Encoding mesh Root moss shoots 1135.
00:22:35 | INFO: Draco encoder: Encoding mesh Root moss shoots 1136.
00:22:35 | INFO: Draco encoder: Encoding mesh Root moss shoots 1137.
00:22:35 | INFO: Draco encoder: Encoding mesh Root moss shoots 1138.
00:22:35 | INFO: Draco encoder: Encoding mesh Root moss shoots 1139.
00:22:35 | INFO: Draco encoder: Encoding mesh Root moss shoots 1140.
00:22:35 | INFO: Draco encoder: Encoding mesh Root moss shoots 1141.
00:22:35 | INFO: Draco encoder: Encoding mesh Root moss shoots 1142.
00:22:35 | INFO: Draco encoder: Encoding mesh Root moss shoots 1143.
00:22:35 | INFO: Draco encoder: Encoding mesh Root moss shoots 1144.
00:22:35 | INFO: Draco encoder: Encoding mesh Root moss shoots 1145.
00:22:35 | INFO: Draco encoder: Encoding mesh Root moss shoots 1146.
00:22:35 | INFO: Draco encoder: Encoding mesh Root moss shoots 1147.
00:22:35 | INFO: Draco encoder: Encoding mesh Root moss shoots 1148.
00:22:35 | INFO: Draco encoder: Encoding mesh Root moss shoots 1149.
00:22:35 | INFO: Draco encoder: Encoding mesh Root moss shoots 1150.
00:22:35 | INFO: Draco encoder: Encoding mesh Root moss shoots 1151.
00:22:35 | INFO: Draco encoder: Encoding mesh Root moss shoots 1152.
00:22:35 | INFO: Draco encoder: Encoding mesh Root moss shoots 1153.
00:22:35 | INFO: Draco encoder: Encoding mesh Root moss shoots 1154.
00:22:35 | INFO: Draco encoder: Encoding mesh Root moss shoots 1155.
00:22:35 | INFO: Draco encoder: Encoding mesh Root moss shoots 1156.
00:22:35 | INFO: Draco encoder: Encoding mesh Root moss shoots 1157.
00:22:35 | INFO: Draco encoder: Encoding mesh Root moss shoots 1158.
00:22:35 | INFO: Draco encoder: Encoding mesh Root moss shoots 1159.
00:22:35 | INFO: Draco encoder: Encoding mesh Root moss shoots 1160.
00:22:35 | INFO: Draco encoder: Encoding mesh Root moss shoots 1161.
00:22:35 | INFO: Draco encoder: Encoding mesh Root moss shoots 1162.
00:22:35 | INFO: Draco encoder: Encoding mesh Root moss shoots 1163.
00:22:35 | INFO: Draco encoder: Encoding mesh Root moss shoots 1164.
00:22:35 | INFO: Draco encoder: Encoding mesh Root moss shoots 1165.
00:22:35 | INFO: Draco encoder: Encoding mesh Root moss shoots 1166.
00:22:35 | INFO: Draco encoder: Encoding mesh Root moss shoots 1167.
00:22:35 | INFO: Draco encoder: Encoding mesh Root moss shoots 1168.
00:22:35 | INFO: Draco encoder: Encoding mesh Root moss shoots 1169.
00:22:35 | INFO: Draco encoder: Encoding mesh Root moss shoots 1170.
00:22:35 | INFO: Draco encoder: Encoding mesh Root moss shoots 1171.
00:22:35 | INFO: Draco encoder: Encoding mesh Root moss shoots 1172.
00:22:35 | INFO: Draco encoder: Encoding mesh Root moss shoots 1173.
00:22:35 | INFO: Draco encoder: Encoding mesh Root moss shoots 1174.
00:22:35 | INFO: Draco encoder: Encoding mesh Root moss shoots 1175.
00:22:35 | INFO: Draco encoder: Encoding mesh Root moss shoots 1176.
00:22:35 | INFO: Draco encoder: Encoding mesh Root moss shoots 1177.
00:22:35 | INFO: Draco encoder: Encoding mesh Root moss shoots 1178.
00:22:35 | INFO: Draco encoder: Encoding mesh Root moss shoots 1179.
00:22:35 | INFO: Draco encoder: Encoding mesh Root moss shoots 1180.
00:22:35 | INFO: Draco encoder: Encoding mesh Root moss shoots 1181.
00:22:35 | INFO: Draco encoder: Encoding mesh Root moss shoots 1182.
00:22:35 | INFO: Draco encoder: Encoding mesh Root moss shoots 1183.
00:22:35 | INFO: Draco encoder: Encoding mesh Root moss shoots 1184.
00:22:35 | INFO: Draco encoder: Encoding mesh Root moss shoots 1185.
00:22:35 | INFO: Draco encoder: Encoding mesh Root moss shoots 1186.
00:22:35 | INFO: Draco encoder: Encoding mesh Root moss shoots 1187.
00:22:35 | INFO: Draco encoder: Encoding mesh Root moss shoots 1188.
00:22:35 | INFO: Draco encoder: Encoding mesh Root moss shoots 1189.
00:22:35 | INFO: Draco encoder: Encoding mesh Root moss shoots 1190.
00:22:35 | INFO: Draco encoder: Encoding mesh Root moss shoots 1191.
00:22:35 | INFO: Draco encoder: Encoding mesh Root moss shoots 1192.
00:22:35 | INFO: Draco encoder: Encoding mesh Root moss shoots 1193.
00:22:35 | INFO: Draco encoder: Encoding mesh Root moss shoots 1194.
00:22:35 | INFO: Draco encoder: Encoding mesh Root moss shoots 1195.
00:22:35 | INFO: Draco encoder: Encoding mesh Root moss shoots 1196.
00:22:35 | INFO: Draco encoder: Encoding mesh Root moss shoots 1197.
00:22:35 | INFO: Draco encoder: Encoding mesh Root moss shoots 1198.
00:22:35 | INFO: Draco encoder: Encoding mesh Root moss shoots 1199.
00:22:35 | INFO: Draco encoder: Encoding mesh Root moss shoots 1200.
00:22:35 | INFO: Draco encoder: Encoding mesh Root moss shoots 1201.
00:22:35 | INFO: Draco encoder: Encoding mesh Root moss shoots 1202.
00:22:35 | INFO: Draco encoder: Encoding mesh Root moss shoots 1203.
00:22:35 | INFO: Draco encoder: Encoding mesh Root moss shoots 1204.
00:22:35 | INFO: Draco encoder: Encoding mesh Root moss shoots 1205.
00:22:35 | INFO: Draco encoder: Encoding mesh Root moss shoots 1206.
00:22:35 | INFO: Draco encoder: Encoding mesh Root moss shoots 1207.
00:22:35 | INFO: Draco encoder: Encoding mesh Root moss shoots 1208.
00:22:35 | INFO: Draco encoder: Encoding mesh Root moss shoots 1209.
00:22:35 | INFO: Draco encoder: Encoding mesh Root moss shoots 1210.
00:22:35 | INFO: Draco encoder: Encoding mesh Root moss shoots 1211.
00:22:35 | INFO: Draco encoder: Encoding mesh Root moss shoots 1212.
00:22:35 | INFO: Draco encoder: Encoding mesh Root moss shoots 1213.
00:22:35 | INFO: Draco encoder: Encoding mesh Root moss shoots 1214.
00:22:35 | INFO: Draco encoder: Encoding mesh Root moss shoots 1215.
00:22:35 | INFO: Draco encoder: Encoding mesh Root moss shoots 1216.
00:22:35 | INFO: Draco encoder: Encoding mesh Root moss shoots 1217.
00:22:35 | INFO: Draco encoder: Encoding mesh Root moss shoots 1218.
00:22:35 | INFO: Draco encoder: Encoding mesh Root moss shoots 1219.
00:22:35 | INFO: Draco encoder: Encoding mesh Root moss shoots 1220.
00:22:35 | INFO: Draco encoder: Encoding mesh Root moss shoots 1221.
00:22:35 | INFO: Draco encoder: Encoding mesh Root moss shoots 1222.
00:22:35 | INFO: Draco encoder: Encoding mesh Root moss shoots 1223.
00:22:35 | INFO: Draco encoder: Encoding mesh Root moss shoots 1224.
00:22:35 | INFO: Draco encoder: Encoding mesh Root moss shoots 1225.
00:22:35 | INFO: Draco encoder: Encoding mesh Root moss shoots 1226.
00:22:35 | INFO: Draco encoder: Encoding mesh Root moss shoots 1227.
00:22:35 | INFO: Draco encoder: Encoding mesh Root moss shoots 1228.
00:22:35 | INFO: Draco encoder: Encoding mesh Root moss shoots 1229.
00:22:35 | INFO: Draco encoder: Encoding mesh Root moss shoots 1230.
00:22:35 | INFO: Draco encoder: Encoding mesh Root moss shoots 1231.
00:22:35 | INFO: Draco encoder: Encoding mesh Root moss shoots 1232.
00:22:35 | INFO: Draco encoder: Encoding mesh Root moss shoots 1233.
00:22:35 | INFO: Draco encoder: Encoding mesh Root moss shoots 1234.
00:22:35 | INFO: Draco encoder: Encoding mesh Root moss shoots 1235.
00:22:35 | INFO: Draco encoder: Encoding mesh Root moss shoots 1236.
00:22:35 | INFO: Draco encoder: Encoding mesh Root moss shoots 1237.
00:22:35 | INFO: Draco encoder: Encoding mesh Root moss shoots 1238.
00:22:35 | INFO: Draco encoder: Encoding mesh Root moss shoots 1239.
00:22:35 | INFO: Draco encoder: Encoding mesh Root moss shoots 1240.
00:22:35 | INFO: Draco encoder: Encoding mesh Root moss shoots 1241.
00:22:35 | INFO: Draco encoder: Encoding mesh Root moss shoots 1242.
00:22:35 | INFO: Draco encoder: Encoding mesh Root moss shoots 1243.
00:22:35 | INFO: Draco encoder: Encoding mesh Root moss shoots 1244.
00:22:35 | INFO: Draco encoder: Encoding mesh Root moss shoots 1245.
00:22:35 | INFO: Draco encoder: Encoding mesh Root moss shoots 1246.
00:22:35 | INFO: Draco encoder: Encoding mesh Root moss shoots 1247.
00:22:35 | INFO: Draco encoder: Encoding mesh Root moss shoots 1248.
00:22:35 | INFO: Draco encoder: Encoding mesh Root moss shoots 1249.
00:22:35 | INFO: Draco encoder: Encoding mesh Root moss shoots 1250.
00:22:35 | INFO: Draco encoder: Encoding mesh Root moss shoots 1251.
00:22:35 | INFO: Draco encoder: Encoding mesh Root moss shoots 1252.
00:22:35 | INFO: Draco encoder: Encoding mesh Root moss shoots 1253.
00:22:35 | INFO: Draco encoder: Encoding mesh Root moss shoots 1254.
00:22:35 | INFO: Draco encoder: Encoding mesh Root moss shoots 1255.
00:22:35 | INFO: Draco encoder: Encoding mesh Root moss shoots 1256.
00:22:35 | INFO: Draco encoder: Encoding mesh Root moss shoots 1257.
00:22:35 | INFO: Draco encoder: Encoding mesh Root moss shoots 1258.
00:22:35 | INFO: Draco encoder: Encoding mesh Root moss shoots 1259.
00:22:35 | INFO: Draco encoder: Encoding mesh Root moss shoots 1260.
00:22:35 | INFO: Draco encoder: Encoding mesh Root moss shoots 1261.
00:22:35 | INFO: Draco encoder: Encoding mesh Root moss shoots 1262.
00:22:35 | INFO: Draco encoder: Encoding mesh Root moss shoots 1263.
00:22:35 | INFO: Draco encoder: Encoding mesh Root moss shoots 1264.
00:22:35 | INFO: Draco encoder: Encoding mesh Root moss shoots 1265.
00:22:35 | INFO: Draco encoder: Encoding mesh Root moss shoots 1266.
00:22:35 | INFO: Draco encoder: Encoding mesh Root moss shoots 1267.
00:22:35 | INFO: Draco encoder: Encoding mesh Root moss shoots 1268.
00:22:35 | INFO: Draco encoder: Encoding mesh Root moss shoots 1269.
00:22:35 | INFO: Draco encoder: Encoding mesh Root moss shoots 1270.
00:22:35 | INFO: Draco encoder: Encoding mesh Root moss shoots 1271.
00:22:35 | INFO: Draco encoder: Encoding mesh Root moss shoots 1272.
00:22:35 | INFO: Draco encoder: Encoding mesh Root moss shoots 1273.
00:22:35 | INFO: Draco encoder: Encoding mesh Root moss shoots 1274.
00:22:35 | INFO: Draco encoder: Encoding mesh Root moss shoots 1275.
00:22:35 | INFO: Draco encoder: Encoding mesh Root moss shoots 1276.
00:22:35 | INFO: Draco encoder: Encoding mesh Root moss shoots 1277.
00:22:35 | INFO: Draco encoder: Encoding mesh Root moss shoots 1278.
00:22:35 | INFO: Draco encoder: Encoding mesh Root moss shoots 1279.
00:22:35 | INFO: Draco encoder: Encoding mesh Root moss shoots 1280.
00:22:35 | INFO: Draco encoder: Encoding mesh Root moss shoots 1281.
00:22:35 | INFO: Draco encoder: Encoding mesh Root moss shoots 1282.
00:22:35 | INFO: Draco encoder: Encoding mesh Root moss shoots 1283.
00:22:35 | INFO: Draco encoder: Encoding mesh Root moss shoots 1284.
00:22:35 | INFO: Draco encoder: Encoding mesh Root moss shoots 1285.
00:22:35 | INFO: Draco encoder: Encoding mesh Root moss shoots 1286.
00:22:35 | INFO: Draco encoder: Encoding mesh Root moss shoots 1287.
00:22:35 | INFO: Draco encoder: Encoding mesh Root moss shoots 1288.
00:22:35 | INFO: Draco encoder: Encoding mesh Root moss shoots 1289.
00:22:35 | INFO: Draco encoder: Encoding mesh Root moss shoots 1290.
00:22:35 | INFO: Draco encoder: Encoding mesh Root moss shoots 1291.
00:22:35 | INFO: Draco encoder: Encoding mesh Root moss shoots 1292.
00:22:35 | INFO: Draco encoder: Encoding mesh Root moss shoots 1293.
00:22:35 | INFO: Draco encoder: Encoding mesh Root moss shoots 1294.
00:22:35 | INFO: Draco encoder: Encoding mesh Root moss shoots 1295.
00:22:35 | INFO: Draco encoder: Encoding mesh Root moss shoots 1296.
00:22:35 | INFO: Draco encoder: Encoding mesh Root moss shoots 1297.
00:22:35 | INFO: Draco encoder: Encoding mesh Root moss shoots 1298.
00:22:35 | INFO: Draco encoder: Encoding mesh Root moss shoots 1299.
00:22:35 | INFO: Draco encoder: Encoding mesh Root moss shoots 1300.
00:22:35 | INFO: Draco encoder: Encoding mesh Root moss shoots 1301.
00:22:35 | INFO: Draco encoder: Encoding mesh Root moss shoots 1302.
00:22:35 | INFO: Draco encoder: Encoding mesh Root moss shoots 1303.
00:22:35 | INFO: Draco encoder: Encoding mesh Root moss shoots 1304.
00:22:35 | INFO: Draco encoder: Encoding mesh Root moss shoots 1305.
00:22:35 | INFO: Draco encoder: Encoding mesh Root moss shoots 1306.
00:22:35 | INFO: Draco encoder: Encoding mesh Root moss shoots 1307.
00:22:35 | INFO: Draco encoder: Encoding mesh Root moss shoots 1308.
00:22:35 | INFO: Draco encoder: Encoding mesh Root moss shoots 1309.
00:22:35 | INFO: Draco encoder: Encoding mesh Root moss shoots 1310.
00:22:35 | INFO: Draco encoder: Encoding mesh Root moss shoots 1311.
00:22:35 | INFO: Draco encoder: Encoding mesh Root moss shoots 1312.
00:22:35 | INFO: Draco encoder: Encoding mesh Root moss shoots 1313.
00:22:35 | INFO: Draco encoder: Encoding mesh Root moss shoots 1314.
00:22:35 | INFO: Draco encoder: Encoding mesh Root moss shoots 1315.
00:22:35 | INFO: Draco encoder: Encoding mesh Root moss shoots 1316.
00:22:35 | INFO: Draco encoder: Encoding mesh Root moss shoots 1317.
00:22:35 | INFO: Draco encoder: Encoding mesh Root moss shoots 1318.
00:22:35 | INFO: Draco encoder: Encoding mesh Root moss shoots 1319.
00:22:35 | INFO: Draco encoder: Encoding mesh Root moss shoots 1320.
00:22:35 | INFO: Draco encoder: Encoding mesh Root moss shoots 1321.
00:22:35 | INFO: Draco encoder: Encoding mesh Root moss shoots 1322.
00:22:35 | INFO: Draco encoder: Encoding mesh Root moss shoots 1323.
00:22:35 | INFO: Draco encoder: Encoding mesh Root moss shoots 1324.
00:22:35 | INFO: Draco encoder: Encoding mesh Root moss shoots 1325.
00:22:35 | INFO: Draco encoder: Encoding mesh Root moss shoots 1326.
00:22:35 | INFO: Draco encoder: Encoding mesh Root moss shoots 1327.
00:22:35 | INFO: Draco encoder: Encoding mesh Root moss shoots 1328.
00:22:35 | INFO: Draco encoder: Encoding mesh Root moss shoots 1329.
00:22:35 | INFO: Draco encoder: Encoding mesh Root moss shoots 1330.
00:22:35 | INFO: Draco encoder: Encoding mesh Root moss shoots 1331.
00:22:35 | INFO: Draco encoder: Encoding mesh Root moss shoots 1332.
00:22:35 | INFO: Draco encoder: Encoding mesh Root moss shoots 1333.
00:22:35 | INFO: Draco encoder: Encoding mesh Root moss shoots 1334.
00:22:35 | INFO: Draco encoder: Encoding mesh Root moss shoots 1335.
00:22:35 | INFO: Draco encoder: Encoding mesh Root moss shoots 1336.
00:22:35 | INFO: Draco encoder: Encoding mesh Root moss shoots 1337.
00:22:35 | INFO: Draco encoder: Encoding mesh Root moss shoots 1338.
00:22:35 | INFO: Draco encoder: Encoding mesh Root moss shoots 1339.
00:22:35 | INFO: Draco encoder: Encoding mesh Root moss shoots 1340.
00:22:35 | INFO: Draco encoder: Encoding mesh Root moss shoots 1341.
00:22:35 | INFO: Draco encoder: Encoding mesh Root moss shoots 1342.
00:22:35 | INFO: Draco encoder: Encoding mesh Root moss shoots 1343.
00:22:35 | INFO: Draco encoder: Encoding mesh Root moss shoots 1344.
00:22:35 | INFO: Draco encoder: Encoding mesh Root moss shoots 1345.
00:22:35 | INFO: Draco encoder: Encoding mesh Root moss shoots 1346.
00:22:35 | INFO: Draco encoder: Encoding mesh Root moss shoots 1347.
00:22:35 | INFO: Draco encoder: Encoding mesh Root moss shoots 1348.
00:22:35 | INFO: Draco encoder: Encoding mesh Root moss shoots 1349.
00:22:35 | INFO: Draco encoder: Encoding mesh Root moss shoots 1350.
00:22:35 | INFO: Draco encoder: Encoding mesh Root moss shoots 1351.
00:22:35 | INFO: Draco encoder: Encoding mesh Root moss shoots 1352.
00:22:35 | INFO: Draco encoder: Encoding mesh Root moss shoots 1353.
00:22:35 | INFO: Draco encoder: Encoding mesh Root moss shoots 1354.
00:22:35 | INFO: Draco encoder: Encoding mesh Root moss shoots 1355.
00:22:35 | INFO: Draco encoder: Encoding mesh Root moss shoots 1356.
00:22:35 | INFO: Draco encoder: Encoding mesh Root moss shoots 1357.
00:22:35 | INFO: Draco encoder: Encoding mesh Root moss shoots 1358.
00:22:35 | INFO: Draco encoder: Encoding mesh Root moss shoots 1359.
00:22:35 | INFO: Draco encoder: Encoding mesh Root moss shoots 1360.
00:22:35 | INFO: Draco encoder: Encoding mesh Root moss shoots 1361.
00:22:35 | INFO: Draco encoder: Encoding mesh Root moss shoots 1362.
00:22:35 | INFO: Draco encoder: Encoding mesh Root moss shoots 1363.
00:22:35 | INFO: Draco encoder: Encoding mesh Root moss shoots 1364.
00:22:35 | INFO: Draco encoder: Encoding mesh Root moss shoots 1365.
00:22:35 | INFO: Draco encoder: Encoding mesh Root moss shoots 1366.
00:22:35 | INFO: Draco encoder: Encoding mesh Root moss shoots 1367.
00:22:35 | INFO: Draco encoder: Encoding mesh Root moss shoots 1368.
00:22:35 | INFO: Draco encoder: Encoding mesh Root moss shoots 1369.
00:22:35 | INFO: Draco encoder: Encoding mesh Root moss shoots 1370.
00:22:35 | INFO: Draco encoder: Encoding mesh Root moss shoots 1371.
00:22:35 | INFO: Draco encoder: Encoding mesh Root moss shoots 1372.
00:22:35 | INFO: Draco encoder: Encoding mesh Root moss shoots 1373.
00:22:35 | INFO: Draco encoder: Encoding mesh Root moss shoots 1374.
00:22:35 | INFO: Draco encoder: Encoding mesh Root moss shoots 1375.
00:22:35 | INFO: Draco encoder: Encoding mesh Root moss shoots 1376.
00:22:35 | INFO: Draco encoder: Encoding mesh Root moss shoots 1377.
00:22:35 | INFO: Draco encoder: Encoding mesh Root moss shoots 1378.
00:22:35 | INFO: Draco encoder: Encoding mesh Root moss shoots 1379.
00:22:35 | INFO: Draco encoder: Encoding mesh Root moss shoots 1380.
00:22:35 | INFO: Draco encoder: Encoding mesh Root moss shoots 1381.
00:22:35 | INFO: Draco encoder: Encoding mesh Root moss shoots 1382.
00:22:35 | INFO: Draco encoder: Encoding mesh Root moss shoots 1383.
00:22:35 | INFO: Draco encoder: Encoding mesh Root moss shoots 1384.
00:22:35 | INFO: Draco encoder: Encoding mesh Root moss shoots 1385.
00:22:35 | INFO: Draco encoder: Encoding mesh Root moss shoots 1386.
00:22:35 | INFO: Draco encoder: Encoding mesh Root moss shoots 1387.
00:22:35 | INFO: Draco encoder: Encoding mesh Root moss shoots 1388.
00:22:35 | INFO: Draco encoder: Encoding mesh Root moss shoots 1389.
00:22:35 | INFO: Draco encoder: Encoding mesh Root moss shoots 1390.
00:22:35 | INFO: Draco encoder: Encoding mesh Root moss shoots 1391.
00:22:35 | INFO: Draco encoder: Encoding mesh Root moss shoots 1392.
00:22:35 | INFO: Draco encoder: Encoding mesh Root moss shoots 1393.
00:22:35 | INFO: Draco encoder: Encoding mesh Root moss shoots 1394.
00:22:35 | INFO: Draco encoder: Encoding mesh Root moss shoots 1395.
00:22:35 | INFO: Draco encoder: Encoding mesh Root moss shoots 1396.
00:22:35 | INFO: Draco encoder: Encoding mesh Root moss shoots 1397.
00:22:35 | INFO: Draco encoder: Encoding mesh Root moss shoots 1398.
00:22:35 | INFO: Draco encoder: Encoding mesh Root moss shoots 1399.
00:22:35 | INFO: Draco encoder: Encoding mesh Terminal twig hierarchy.
00:22:35 | INFO: Draco encoder: Encoding mesh Continuous aged trunk and primary branches.
Blender 5.2.1 LTS (hash 9e2066aef7ef built 2026-08-25 01:35:57)
DracoEncoder | Preserve triangle order: no
DracoEncoder | Encoded 4184 vertices, 5004 indices, raw size: 177368, encoded size: 44148, compression ratio: 4.02
DracoEncoder | Preserve triangle order: no
DracoEncoder | Encoded 4184 vertices, 5004 indices, raw size: 177368, encoded size: 44083, compression ratio: 4.02
DracoEncoder | Preserve triangle order: no
DracoEncoder | Encoded 4184 vertices, 5004 indices, raw size: 177368, encoded size: 44153, compression ratio: 4.02
DracoEncoder | Preserve triangle order: no
DracoEncoder | Encoded 4184 vertices, 5004 indices, raw size: 177368, encoded size: 44171, compression ratio: 4.02
DracoEncoder | Preserve triangle order: no
DracoEncoder | Encoded 4184 vertices, 5004 indices, raw size: 177368, encoded size: 44182, compression ratio: 4.01
DracoEncoder | Preserve triangle order: no
DracoEncoder | Encoded 4184 vertices, 5004 indices, raw size: 177368, encoded size: 44116, compression ratio: 4.02
DracoEncoder | Preserve triangle order: no
DracoEncoder | Encoded 4184 vertices, 5004 indices, raw size: 177368, encoded size: 44177, compression ratio: 4.01
DracoEncoder | Preserve triangle order: no
DracoEncoder | Encoded 4184 vertices, 5004 indices, raw size: 177368, encoded size: 44100, compression ratio: 4.02
DracoEncoder | Preserve triangle order: no
DracoEncoder | Encoded 4184 vertices, 5004 indices, raw size: 177368, encoded size: 44177, compression ratio: 4.01
DracoEncoder | Preserve triangle order: no
DracoEncoder | Encoded 4184 vertices, 5004 indices, raw size: 177368, encoded size: 44092, compression ratio: 4.02
DracoEncoder | Preserve triangle order: no
DracoEncoder | Encoded 4184 vertices, 5004 indices, raw size: 177368, encoded size: 44095, compression ratio: 4.02
DracoEncoder | Preserve triangle order: no
DracoEncoder | Encoded 4184 vertices, 5004 indices, raw size: 177368, encoded size: 44094, compression ratio: 4.02
DracoEncoder | Preserve triangle order: no
DracoEncoder | Encoded 30 vertices, 30 indices, raw size: 1020, encoded size: 479, compression ratio: 2.13
DracoEncoder | Preserve triangle order: no
DracoEncoder | Encoded 30 vertices, 30 indices, raw size: 1020, encoded size: 477, compression ratio: 2.14
DracoEncoder | Preserve triangle order: no
DracoEncoder | Encoded 30 vertices, 30 indices, raw size: 1020, encoded size: 476, compression ratio: 2.14
DracoEncoder | Preserve triangle order: no
DracoEncoder | Encoded 30 vertices, 30 indices, raw size: 1020, encoded size: 481, compression ratio: 2.12
DracoEncoder | Preserve triangle order: no
DracoEncoder | Encoded 30 vertices, 30 indices, raw size: 1020, encoded size: 480, compression ratio: 2.12
DracoEncoder | Preserve triangle order: no
DracoEncoder | Encoded 30 vertices, 30 indices, raw size: 1020, encoded size: 477, compression ratio: 2.14
DracoEncoder | Preserve triangle order: no
DracoEncoder | Encoded 144 vertices, 144 indices, raw size: 6048, encoded size: 2865, compression ratio: 2.11
DracoEncoder | Preserve triangle order: no
DracoEncoder | Encoded 144 vertices, 144 indices, raw size: 6048, encoded size: 2865, compression ratio: 2.11
DracoEncoder | Preserve triangle order: no
DracoEncoder | Encoded 144 vertices, 144 indices, raw size: 6048, encoded size: 2866, compression ratio: 2.11
DracoEncoder | Preserve triangle order: no
DracoEncoder | Encoded 144 vertices, 144 indices, raw size: 6048, encoded size: 2860, compression ratio: 2.11
DracoEncoder | Preserve triangle order: no
DracoEncoder | Encoded 144 vertices, 144 indices, raw size: 6048, encoded size: 2862, compression ratio: 2.11
DracoEncoder | Preserve triangle order: no
DracoEncoder | Encoded 144 vertices, 144 indices, raw size: 6048, encoded size: 2865, compression ratio: 2.11
DracoEncoder | Preserve triangle order: no
DracoEncoder | Encoded 34305 vertices, 110214 indices, raw size: 1318188, encoded size: 240410, compression ratio: 5.48
DracoEncoder | Preserve triangle order: no
DracoEncoder | Encoded 12480 vertices, 55488 indices, raw size: 782192, encoded size: 143086, compression ratio:00:22:35 | INFO: Draco encoder: Encoding mesh Continuous planted soil.
00:22:35 | INFO: Draco encoder: Encoding mesh Foliage detail template 00.
00:22:35 | INFO: Draco encoder: Encoding mesh Foliage detail template 01.
00:22:35 | INFO: Draco encoder: Encoding mesh Foliage detail template 02.
00:22:35 | INFO: Draco encoder: Encoding mesh Foliage detail template 03.
00:22:35 | INFO: Draco encoder: Encoding mesh Foliage detail template 04.
00:22:35 | INFO: Draco encoder: Encoding mesh Foliage detail template 05.
00:22:35 | INFO: Draco encoder: Encoding mesh Foliage detail template 06.
00:22:35 | INFO: Draco encoder: Encoding mesh Foliage detail template 07.
00:22:35 | INFO: Draco encoder: Encoding mesh Foliage detail template 08.
00:22:35 | INFO: Draco encoder: Encoding mesh Foliage detail template 09.
00:22:35 | INFO: Draco encoder: Encoding mesh Foliage detail template 10.
00:22:35 | INFO: Draco encoder: Encoding mesh Foliage detail template 11.
00:22:35 | INFO: Draco encoder: Encoding mesh Low ceramic foot.
00:22:35 | INFO: Draco encoder: Encoding mesh Low ceramic foot.001.
00:22:35 | INFO: Draco encoder: Encoding mesh Low ceramic foot.002.
00:22:35 | INFO: Draco encoder: Encoding mesh Low ceramic foot.003.
00:22:35 | INFO: Draco encoder: Encoding mesh Low split natural bedding stone.
00:22:35 | INFO: Draco encoder: Encoding mesh Shallow unglazed pot.
00:22:36 | INFO: Finished glTF 2.0 export in 1.67094087600708 s

{"version": "wood-v02", "inspection": {"control_vertices": 2314, "control_faces": 2312, "evaluated_vertices": 9250, "evaluated_triangles": 18496, "volume": 0.21225416073818035, "retained_volume_fraction": 1.0073698167531042, "boundary_edges": 0, "nonmanifold_edges": 0, "nonadjacent_intersections": 0, "max_edit": 0.06499999852134629, "changed_controls": 409, "subdivision": 1}, "glb_bytes": 1452916}
 5.47
DracoEncoder | Preserve triangle order: no
DracoEncoder | Encoded 3936 vertices, 23040 indices, raw size: 203520, encoded size: 27054, compression ratio: 7.52
DracoEncoder | Preserve triangle order: no
DracoEncoder | Encoded 807 vertices, 930 indices, raw size: 34140, encoded size: 10143, compression ratio: 3.37
DracoEncoder | Preserve triangle order: no
DracoEncoder | Encoded 807 vertices, 930 indices, raw size: 34140, encoded size: 10151, compression ratio: 3.36
DracoEncoder | Preserve triangle order: no
DracoEncoder | Encoded 807 vertices, 930 indices, raw size: 34140, encoded size: 10154, compression ratio: 3.36
DracoEncoder | Preserve triangle order: no
DracoEncoder | Encoded 807 vertices, 930 indices, raw size: 34140, encoded size: 10145, compression ratio: 3.37
DracoEncoder | Preserve triangle order: no
DracoEncoder | Encoded 807 vertices, 930 indices, raw size: 34140, encoded size: 10205, compression ratio: 3.35
DracoEncoder | Preserve triangle order: no
DracoEncoder | Encoded 807 vertices, 930 indices, raw size: 34140, encoded size: 10123, compression ratio: 3.37
DracoEncoder | Preserve triangle order: no
DracoEncoder | Encoded 807 vertices, 930 indices, raw size: 34140, encoded size: 10128, compression ratio: 3.37
DracoEncoder | Preserve triangle order: no
DracoEncoder | Encoded 807 vertices, 930 indices, raw size: 34140, encoded size: 10154, compression ratio: 3.36
DracoEncoder | Preserve triangle order: no
DracoEncoder | Encoded 807 vertices, 930 indices, raw size: 34140, encoded size: 10152, compression ratio: 3.36
DracoEncoder | Preserve triangle order: no
DracoEncoder | Encoded 807 vertices, 930 indices, raw size: 34140, encoded size: 10164, compression ratio: 3.36
DracoEncoder | Preserve triangle order: no
DracoEncoder | Encoded 807 vertices, 930 indices, raw size: 34140, encoded size: 10136, compression ratio: 3.37
DracoEncoder | Preserve triangle order: no
DracoEncoder | Encoded 807 vertices, 930 indices, raw size: 34140, encoded size: 10171, compression ratio: 3.36
DracoEncoder | Preserve triangle order: no
DracoEncoder | Encoded 116 vertices, 564 indices, raw size: 4840, encoded size: 1255, compression ratio: 3.86
DracoEncoder | Preserve triangle order: no
DracoEncoder | Encoded 116 vertices, 564 indices, raw size: 4840, encoded size: 1255, compression ratio: 3.86
DracoEncoder | Preserve triangle order: no
DracoEncoder | Encoded 116 vertices, 564 indices, raw size: 4840, encoded size: 1255, compression ratio: 3.86
DracoEncoder | Preserve triangle order: no
DracoEncoder | Encoded 116 vertices, 564 indices, raw size: 4840, encoded size: 1255, compression ratio: 3.86
DracoEncoder | Preserve triangle order: no
DracoEncoder | Encoded 5397 vertices, 12102 indices, raw size: 196908, encoded size: 44800, compression ratio: 4.40
DracoEncoder | Preserve triangle order: no
DracoEncoder | Encoded 1440 vertices, 8628 indices, raw size: 63336, encoded size: 9999, compression ratio: 6.33

Blender quit
