00:00.115  translation      | WARNING Falling back to standard locale ("C")
00:00.465  blend            | Read blend: "/Users/kazuki.tanaka/dev0/exfract-bonsai-02/improvement/2026-10-04/runs/volume-rebuild-1656/models/hero-v10.blend"
0.1s 2249 continuous growth guides
0.1s Wood relief and live-wood field 0/200325
1.5s Wood relief and live-wood field 50000/200325
2.3s Wood relief and live-wood field 100000/200325
3.0s Wood relief and live-wood field 150000/200325
3.6s Wood relief and live-wood field 200000/200325
<string>:6: DeprecationWarning: 'Material.use_nodes' is expected to be removed in Blender 6.0
8.6s Canopy left lower front fork: 448 twig nodes; 429 rooted scale shoots
8.7s Canopy left lower primary: 433 twig nodes; 299 rooted scale shoots
8.7s Canopy left middle front fork: 423 twig nodes; 351 rooted scale shoots
8.7s Canopy left rear primary: 352 twig nodes; 234 rooted scale shoots
8.8s Canopy upper left primary: 427 twig nodes; 312 rooted scale shoots
8.8s Canopy upper left rear fork: 384 twig nodes; 221 rooted scale shoots
8.9s Canopy apex: 558 twig nodes; 416 rooted scale shoots
8.9s Canopy apex front fork: 411 twig nodes; 273 rooted scale shoots
9.0s Canopy crown right primary: 463 twig nodes; 325 rooted scale shoots
9.0s Canopy crown forward fork: 463 twig nodes; 312 rooted scale shoots
9.0s Canopy crown rear fork: 380 twig nodes; 234 rooted scale shoots
9.1s Canopy rear crown: 407 twig nodes; 234 rooted scale shoots
9.1s Canopy subordinate low right: 278 twig nodes; 195 rooted scale shoots
9.1s Canopy low right forward fork: 253 twig nodes; 182 rooted scale shoots
9.6s Substrate: 2200 moss tufts and 2400 embedded grains, shared geometry
9.6s Canopy complete: 4017 scale-shoot instances
Info: Saved as "hero-v15.blend"
INFO Draco is available, use library at /Applications/Blender.app/Contents/Resources/5.2/scripts/addons_core/io_scene_gltf2/libbf_intern_draco_bridge.dylib
INFO MeshOptimizer is available, use library at /Applications/Blender.app/Contents/Resources/5.2/scripts/addons_core/io_scene_gltf2/libbf_intern_meshopt_bridge.dylib
18:15:55 | INFO: Starting glTF 2.0 export
18:15:55 | INFO: Extracting primitive: Volumetric scale shoot 07
18:15:55 | INFO: Primitives created: 1
18:15:55 | INFO: Extracting primitive: Volumetric scale shoot 02
18:15:55 | INFO: Primitives created: 1
18:15:55 | INFO: Extracting primitive: Volumetric scale shoot 08
18:15:55 | INFO: Primitives created: 1
18:15:55 | INFO: Extracting primitive: Volumetric scale shoot 04
18:15:55 | INFO: Primitives created: 1
18:15:55 | INFO: Extracting primitive: Volumetric scale shoot 06
18:15:55 | INFO: Primitives created: 1
18:15:55 | INFO: Extracting primitive: Volumetric scale shoot 10
18:15:55 | INFO: Primitives created: 1
18:15:55 | INFO: Extracting primitive: Volumetric scale shoot 03
18:15:55 | INFO: Primitives created: 1
18:15:55 | INFO: Extracting primitive: Volumetric scale shoot 11
18:15:55 | INFO: Primitives created: 1
18:15:55 | INFO: Extracting primitive: Volumetric scale shoot 05
18:15:55 | INFO: Primitives created: 1
18:15:55 | INFO: Extracting primitive: Volumetric scale shoot 09
18:15:55 | INFO: Primitives created: 1
18:15:55 | INFO: Extracting primitive: Volumetric scale shoot 00
18:15:55 | INFO: Primitives created: 1
18:15:55 | INFO: Extracting primitive: Volumetric scale shoot 01
18:15:55 | INFO: Primitives created: 1
18:15:55 | INFO: Extracting primitive: Embedded mineral grain 02
18:15:55 | INFO: Primitives created: 1
18:15:55 | INFO: Extracting primitive: Embedded mineral grain 05
18:15:55 | INFO: Primitives created: 1
18:15:55 | INFO: Extracting primitive: Embedded mineral grain 03
18:15:55 | INFO: Primitives created: 1
18:15:55 | INFO: Extracting primitive: Embedded mineral grain 00
18:15:55 | INFO: Primitives created: 1
18:15:55 | INFO: Extracting primitive: Embedded mineral grain 04
18:15:55 | INFO: Primitives created: 1
18:15:55 | INFO: Extracting primitive: Embedded mineral grain 01
18:15:55 | INFO: Primitives created: 1
18:15:55 | INFO: Extracting primitive: Root moss tuft 05
18:15:55 | INFO: Primitives created: 1
18:15:55 | INFO: Extracting primitive: Root moss tuft 04
18:15:55 | INFO: Primitives created: 1
18:15:55 | INFO: Extracting primitive: Root moss tuft 01
18:15:55 | INFO: Primitives created: 1
18:15:55 | INFO: Extracting primitive: Root moss tuft 02
18:15:55 | INFO: Primitives created: 1
18:15:55 | INFO: Extracting primitive: Root moss tuft 03
18:15:55 | INFO: Primitives created: 1
18:15:55 | INFO: Extracting primitive: Root moss tuft 00
18:15:55 | INFO: Primitives created: 1
18:15:55 | INFO: Extracting primitive: Terminal branch hierarchy
18:15:55 | INFO: Primitives created: 1
18:15:56 | INFO: Extracting primitive: Implicit solid surface
18:15:56 | INFO: Primitives created: 1
18:15:56 | INFO: Extracting primitive: Continuous planted soil
18:15:56 | INFO: Primitives created: 1
18:15:56 | INFO: Extracting primitive: Cube.001
18:15:56 | INFO: Primitives created: 1
18:15:56 | INFO: Extracting primitive: Cube.002
18:15:56 | INFO: Primitives created: 1
18:15:56 | INFO: Extracting primitive: Cube.003
18:15:56 | INFO: Primitives created: 1
18:15:56 | INFO: Extracting primitive: Cube.004
18:15:56 | INFO: Primitives created: 1
18:15:56 | INFO: Extracting primitive: Low split natural bedding stone
18:15:56 | INFO: Primitives created: 1
18:15:56 | INFO: Extracting primitive: Shallow unglazed pot
18:15:56 | INFO: Primitives created: 1
18:15:57 | INFO: Draco encoder: Encoding mesh Canopy sprays 0000.
18:15:57 | INFO: Draco encoder: Encoding mesh Canopy sprays 0001.
18:15:57 | INFO: Draco encoder: Encoding mesh Canopy sprays 0002.
18:15:57 | INFO: Draco encoder: Encoding mesh Canopy sprays 0003.
18:15:57 | INFO: Draco encoder: Encoding mesh Canopy sprays 0004.
18:15:57 | INFO: Draco encoder: Encoding mesh Canopy sprays 0005.
18:15:57 | INFO: Draco encoder: Encoding mesh Canopy sprays 0006.
18:15:57 | INFO: Draco encoder: Encoding mesh Canopy sprays 0007.
18:15:57 | INFO: Draco encoder: Encoding mesh Canopy sprays 0008.
18:15:57 | INFO: Draco encoder: Encoding mesh Canopy sprays 0009.
18:15:57 | INFO: Draco encoder: Encoding mesh Canopy sprays 0010.
18:15:57 | INFO: Draco encoder: Encoding mesh Canopy sprays 0011.
18:15:57 | INFO: Draco encoder: Encoding mesh Canopy sprays 0012.
18:15:57 | INFO: Draco encoder: Encoding mesh Canopy sprays 0013.
18:15:57 | INFO: Draco encoder: Encoding mesh Canopy sprays 0014.
18:15:57 | INFO: Draco encoder: Encoding mesh Canopy sprays 0015.
18:15:57 | INFO: Draco encoder: Encoding mesh Canopy sprays 0016.
18:15:57 | INFO: Draco encoder: Encoding mesh Canopy sprays 0017.
18:15:57 | INFO: Draco encoder: Encoding mesh Canopy sprays 0018.
18:15:57 | INFO: Draco encoder: Encoding mesh Canopy sprays 0019.
18:15:57 | INFO: Draco encoder: Encoding mesh Canopy sprays 0020.
18:15:57 | INFO: Draco encoder: Encoding mesh Canopy sprays 0021.
18:15:57 | INFO: Draco encoder: Encoding mesh Canopy sprays 0022.
18:15:57 | INFO: Draco encoder: Encoding mesh Canopy sprays 0023.
18:15:57 | INFO: Draco encoder: Encoding mesh Canopy sprays 0024.
18:15:57 | INFO: Draco encoder: Encoding mesh Canopy sprays 0025.
18:15:57 | INFO: Draco encoder: Encoding mesh Canopy sprays 0026.
18:15:57 | INFO: Draco encoder: Encoding mesh Canopy sprays 0027.
18:15:57 | INFO: Draco encoder: Encoding mesh Canopy sprays 0028.
18:15:57 | INFO: Draco encoder: Encoding mesh Canopy sprays 0029.
18:15:57 | INFO: Draco encoder: Encoding mesh Canopy sprays 0030.
18:15:57 | INFO: Draco encoder: Encoding mesh Canopy sprays 0031.
18:15:57 | INFO: Draco encoder: Encoding mesh Canopy sprays 0032.
18:15:57 | INFO: Draco encoder: Encoding mesh Canopy sprays 0033.
18:15:57 | INFO: Draco encoder: Encoding mesh Canopy sprays 0034.
18:15:57 | INFO: Draco encoder: Encoding mesh Canopy sprays 0035.
18:15:57 | INFO: Draco encoder: Encoding mesh Canopy sprays 0036.
18:15:57 | INFO: Draco encoder: Encoding mesh Canopy sprays 0037.
18:15:57 | INFO: Draco encoder: Encoding mesh Canopy sprays 0038.
18:15:57 | INFO: Draco encoder: Encoding mesh Canopy sprays 0039.
18:15:57 | INFO: Draco encoder: Encoding mesh Canopy sprays 0040.
18:15:57 | INFO: Draco encoder: Encoding mesh Canopy sprays 0041.
18:15:57 | INFO: Draco encoder: Encoding mesh Canopy sprays 0042.
18:15:57 | INFO: Draco encoder: Encoding mesh Canopy sprays 0043.
18:15:57 | INFO: Draco encoder: Encoding mesh Canopy sprays 0044.
18:15:57 | INFO: Draco encoder: Encoding mesh Canopy sprays 0045.
18:15:57 | INFO: Draco encoder: Encoding mesh Canopy sprays 0046.
18:15:57 | INFO: Draco encoder: Encoding mesh Canopy sprays 0047.
18:15:57 | INFO: Draco encoder: Encoding mesh Canopy sprays 0048.
18:15:57 | INFO: Draco encoder: Encoding mesh Canopy sprays 0049.
18:15:57 | INFO: Draco encoder: Encoding mesh Canopy sprays 0050.
18:15:57 | INFO: Draco encoder: Encoding mesh Canopy sprays 0051.
18:15:57 | INFO: Draco encoder: Encoding mesh Canopy sprays 0052.
18:15:57 | INFO: Draco encoder: Encoding mesh Canopy sprays 0053.
18:15:57 | INFO: Draco encoder: Encoding mesh Canopy sprays 0054.
18:15:57 | INFO: Draco encoder: Encoding mesh Canopy sprays 0055.
18:15:57 | INFO: Draco encoder: Encoding mesh Canopy sprays 0056.
18:15:57 | INFO: Draco encoder: Encoding mesh Canopy sprays 0057.
18:15:57 | INFO: Draco encoder: Encoding mesh Canopy sprays 0058.
18:15:57 | INFO: Draco encoder: Encoding mesh Canopy sprays 0059.
18:15:57 | INFO: Draco encoder: Encoding mesh Canopy sprays 0060.
18:15:57 | INFO: Draco encoder: Encoding mesh Canopy sprays 0061.
18:15:57 | INFO: Draco encoder: Encoding mesh Canopy sprays 0062.
18:15:57 | INFO: Draco encoder: Encoding mesh Canopy sprays 0063.
18:15:57 | INFO: Draco encoder: Encoding mesh Canopy sprays 0064.
18:15:57 | INFO: Draco encoder: Encoding mesh Canopy sprays 0065.
18:15:57 | INFO: Draco encoder: Encoding mesh Canopy sprays 0066.
18:15:57 | INFO: Draco encoder: Encoding mesh Canopy sprays 0067.
18:15:57 | INFO: Draco encoder: Encoding mesh Canopy sprays 0068.
18:15:57 | INFO: Draco encoder: Encoding mesh Canopy sprays 0069.
18:15:57 | INFO: Draco encoder: Encoding mesh Canopy sprays 0070.
18:15:57 | INFO: Draco encoder: Encoding mesh Canopy sprays 0071.
18:15:57 | INFO: Draco encoder: Encoding mesh Canopy sprays 0072.
18:15:57 | INFO: Draco encoder: Encoding mesh Canopy sprays 0073.
18:15:57 | INFO: Draco encoder: Encoding mesh Canopy sprays 0074.
18:15:57 | INFO: Draco encoder: Encoding mesh Canopy sprays 0075.
18:15:57 | INFO: Draco encoder: Encoding mesh Canopy sprays 0076.
18:15:57 | INFO: Draco encoder: Encoding mesh Canopy sprays 0077.
18:15:57 | INFO: Draco encoder: Encoding mesh Canopy sprays 0078.
18:15:57 | INFO: Draco encoder: Encoding mesh Canopy sprays 0079.
18:15:57 | INFO: Draco encoder: Encoding mesh Canopy sprays 0080.
18:15:57 | INFO: Draco encoder: Encoding mesh Canopy sprays 0081.
18:15:57 | INFO: Draco encoder: Encoding mesh Canopy sprays 0082.
18:15:57 | INFO: Draco encoder: Encoding mesh Canopy sprays 0083.
18:15:57 | INFO: Draco encoder: Encoding mesh Canopy sprays 0084.
18:15:57 | INFO: Draco encoder: Encoding mesh Canopy sprays 0085.
18:15:57 | INFO: Draco encoder: Encoding mesh Canopy sprays 0086.
18:15:57 | INFO: Draco encoder: Encoding mesh Canopy sprays 0087.
18:15:57 | INFO: Draco encoder: Encoding mesh Canopy sprays 0088.
18:15:57 | INFO: Draco encoder: Encoding mesh Canopy sprays 0089.
18:15:57 | INFO: Draco encoder: Encoding mesh Canopy sprays 0090.
18:15:57 | INFO: Draco encoder: Encoding mesh Canopy sprays 0091.
18:15:57 | INFO: Draco encoder: Encoding mesh Canopy sprays 0092.
18:15:57 | INFO: Draco encoder: Encoding mesh Canopy sprays 0093.
18:15:57 | INFO: Draco encoder: Encoding mesh Canopy sprays 0094.
18:15:57 | INFO: Draco encoder: Encoding mesh Canopy sprays 0095.
18:15:57 | INFO: Draco encoder: Encoding mesh Canopy sprays 0096.
18:15:57 | INFO: Draco encoder: Encoding mesh Canopy sprays 0097.
18:15:57 | INFO: Draco encoder: Encoding mesh Canopy sprays 0098.
18:15:57 | INFO: Draco encoder: Encoding mesh Canopy sprays 0099.
18:15:57 | INFO: Draco encoder: Encoding mesh Canopy sprays 0100.
18:15:57 | INFO: Draco encoder: Encoding mesh Canopy sprays 0101.
18:15:57 | INFO: Draco encoder: Encoding mesh Canopy sprays 0102.
18:15:57 | INFO: Draco encoder: Encoding mesh Canopy sprays 0103.
18:15:57 | INFO: Draco encoder: Encoding mesh Canopy sprays 0104.
18:15:57 | INFO: Draco encoder: Encoding mesh Canopy sprays 0105.
18:15:57 | INFO: Draco encoder: Encoding mesh Canopy sprays 0106.
18:15:57 | INFO: Draco encoder: Encoding mesh Canopy sprays 0107.
18:15:57 | INFO: Draco encoder: Encoding mesh Canopy sprays 0108.
18:15:57 | INFO: Draco encoder: Encoding mesh Canopy sprays 0109.
18:15:57 | INFO: Draco encoder: Encoding mesh Canopy sprays 0110.
18:15:57 | INFO: Draco encoder: Encoding mesh Canopy sprays 0111.
18:15:57 | INFO: Draco encoder: Encoding mesh Canopy sprays 0112.
18:15:57 | INFO: Draco encoder: Encoding mesh Canopy sprays 0113.
18:15:57 | INFO: Draco encoder: Encoding mesh Canopy sprays 0114.
18:15:57 | INFO: Draco encoder: Encoding mesh Canopy sprays 0115.
18:15:57 | INFO: Draco encoder: Encoding mesh Canopy sprays 0116.
18:15:57 | INFO: Draco encoder: Encoding mesh Canopy sprays 0117.
18:15:57 | INFO: Draco encoder: Encoding mesh Canopy sprays 0118.
18:15:57 | INFO: Draco encoder: Encoding mesh Canopy sprays 0119.
18:15:57 | INFO: Draco encoder: Encoding mesh Canopy sprays 0120.
18:15:57 | INFO: Draco encoder: Encoding mesh Canopy sprays 0121.
18:15:57 | INFO: Draco encoder: Encoding mesh Canopy sprays 0122.
18:15:57 | INFO: Draco encoder: Encoding mesh Canopy sprays 0123.
18:15:57 | INFO: Draco encoder: Encoding mesh Canopy sprays 0124.
18:15:57 | INFO: Draco encoder: Encoding mesh Canopy sprays 0125.
18:15:57 | INFO: Draco encoder: Encoding mesh Canopy sprays 0126.
18:15:57 | INFO: Draco encoder: Encoding mesh Canopy sprays 0127.
18:15:57 | INFO: Draco encoder: Encoding mesh Canopy sprays 0128.
18:15:57 | INFO: Draco encoder: Encoding mesh Canopy sprays 0129.
18:15:57 | INFO: Draco encoder: Encoding mesh Canopy sprays 0130.
18:15:57 | INFO: Draco encoder: Encoding mesh Canopy sprays 0131.
18:15:57 | INFO: Draco encoder: Encoding mesh Canopy sprays 0132.
18:15:57 | INFO: Draco encoder: Encoding mesh Canopy sprays 0133.
18:15:57 | INFO: Draco encoder: Encoding mesh Canopy sprays 0134.
18:15:57 | INFO: Draco encoder: Encoding mesh Canopy sprays 0135.
18:15:57 | INFO: Draco encoder: Encoding mesh Canopy sprays 0136.
18:15:57 | INFO: Draco encoder: Encoding mesh Canopy sprays 0137.
18:15:57 | INFO: Draco encoder: Encoding mesh Canopy sprays 0138.
18:15:57 | INFO: Draco encoder: Encoding mesh Canopy sprays 0139.
18:15:57 | INFO: Draco encoder: Encoding mesh Canopy sprays 0140.
18:15:57 | INFO: Draco encoder: Encoding mesh Canopy sprays 0141.
18:15:57 | INFO: Draco encoder: Encoding mesh Canopy sprays 0142.
18:15:57 | INFO: Draco encoder: Encoding mesh Canopy sprays 0143.
18:15:57 | INFO: Draco encoder: Encoding mesh Canopy sprays 0144.
18:15:57 | INFO: Draco encoder: Encoding mesh Canopy sprays 0145.
18:15:57 | INFO: Draco encoder: Encoding mesh Canopy sprays 0146.
18:15:57 | INFO: Draco encoder: Encoding mesh Canopy sprays 0147.
18:15:57 | INFO: Draco encoder: Encoding mesh Canopy sprays 0148.
18:15:57 | INFO: Draco encoder: Encoding mesh Canopy sprays 0149.
18:15:57 | INFO: Draco encoder: Encoding mesh Canopy sprays 0150.
18:15:57 | INFO: Draco encoder: Encoding mesh Canopy sprays 0151.
18:15:57 | INFO: Draco encoder: Encoding mesh Canopy sprays 0152.
18:15:57 | INFO: Draco encoder: Encoding mesh Canopy sprays 0153.
18:15:57 | INFO: Draco encoder: Encoding mesh Canopy sprays 0154.
18:15:57 | INFO: Draco encoder: Encoding mesh Canopy sprays 0155.
18:15:57 | INFO: Draco encoder: Encoding mesh Canopy sprays 0156.
18:15:57 | INFO: Draco encoder: Encoding mesh Canopy sprays 0157.
18:15:57 | INFO: Draco encoder: Encoding mesh Canopy sprays 0158.
18:15:57 | INFO: Draco encoder: Encoding mesh Canopy sprays 0159.
18:15:57 | INFO: Draco encoder: Encoding mesh Canopy sprays 0160.
18:15:57 | INFO: Draco encoder: Encoding mesh Canopy sprays 0161.
18:15:57 | INFO: Draco encoder: Encoding mesh Canopy sprays 0162.
18:15:57 | INFO: Draco encoder: Encoding mesh Canopy sprays 0163.
18:15:57 | INFO: Draco encoder: Encoding mesh Canopy sprays 0164.
18:15:57 | INFO: Draco encoder: Encoding mesh Canopy sprays 0165.
18:15:57 | INFO: Draco encoder: Encoding mesh Canopy sprays 0166.
18:15:57 | INFO: Draco encoder: Encoding mesh Canopy sprays 0167.
18:15:57 | INFO: Draco encoder: Encoding mesh Canopy sprays 0168.
18:15:57 | INFO: Draco encoder: Encoding mesh Canopy sprays 0169.
18:15:57 | INFO: Draco encoder: Encoding mesh Canopy sprays 0170.
18:15:57 | INFO: Draco encoder: Encoding mesh Canopy sprays 0171.
18:15:57 | INFO: Draco encoder: Encoding mesh Canopy sprays 0172.
18:15:57 | INFO: Draco encoder: Encoding mesh Canopy sprays 0173.
18:15:57 | INFO: Draco encoder: Encoding mesh Canopy sprays 0174.
18:15:57 | INFO: Draco encoder: Encoding mesh Canopy sprays 0175.
18:15:57 | INFO: Draco encoder: Encoding mesh Canopy sprays 0176.
18:15:57 | INFO: Draco encoder: Encoding mesh Canopy sprays 0177.
18:15:57 | INFO: Draco encoder: Encoding mesh Canopy sprays 0178.
18:15:57 | INFO: Draco encoder: Encoding mesh Canopy sprays 0179.
18:15:57 | INFO: Draco encoder: Encoding mesh Canopy sprays 0180.
18:15:57 | INFO: Draco encoder: Encoding mesh Canopy sprays 0181.
18:15:57 | INFO: Draco encoder: Encoding mesh Canopy sprays 0182.
18:15:57 | INFO: Draco encoder: Encoding mesh Canopy sprays 0183.
18:15:57 | INFO: Draco encoder: Encoding mesh Canopy sprays 0184.
18:15:57 | INFO: Draco encoder: Encoding mesh Canopy sprays 0185.
18:15:57 | INFO: Draco encoder: Encoding mesh Canopy sprays 0186.
18:15:57 | INFO: Draco encoder: Encoding mesh Canopy sprays 0187.
18:15:57 | INFO: Draco encoder: Encoding mesh Canopy sprays 0188.
18:15:57 | INFO: Draco encoder: Encoding mesh Canopy sprays 0189.
18:15:57 | INFO: Draco encoder: Encoding mesh Canopy sprays 0190.
18:15:57 | INFO: Draco encoder: Encoding mesh Canopy sprays 0191.
18:15:57 | INFO: Draco encoder: Encoding mesh Canopy sprays 0192.
18:15:57 | INFO: Draco encoder: Encoding mesh Canopy sprays 0193.
18:15:57 | INFO: Draco encoder: Encoding mesh Canopy sprays 0194.
18:15:57 | INFO: Draco encoder: Encoding mesh Canopy sprays 0195.
18:15:57 | INFO: Draco encoder: Encoding mesh Canopy sprays 0196.
18:15:57 | INFO: Draco encoder: Encoding mesh Canopy sprays 0197.
18:15:57 | INFO: Draco encoder: Encoding mesh Canopy sprays 0198.
18:15:57 | INFO: Draco encoder: Encoding mesh Canopy sprays 0199.
18:15:57 | INFO: Draco encoder: Encoding mesh Canopy sprays 0200.
18:15:57 | INFO: Draco encoder: Encoding mesh Canopy sprays 0201.
18:15:57 | INFO: Draco encoder: Encoding mesh Canopy sprays 0202.
18:15:57 | INFO: Draco encoder: Encoding mesh Canopy sprays 0203.
18:15:57 | INFO: Draco encoder: Encoding mesh Canopy sprays 0204.
18:15:57 | INFO: Draco encoder: Encoding mesh Canopy sprays 0205.
18:15:57 | INFO: Draco encoder: Encoding mesh Canopy sprays 0206.
18:15:57 | INFO: Draco encoder: Encoding mesh Canopy sprays 0207.
18:15:57 | INFO: Draco encoder: Encoding mesh Canopy sprays 0208.
18:15:57 | INFO: Draco encoder: Encoding mesh Canopy sprays 0209.
18:15:57 | INFO: Draco encoder: Encoding mesh Canopy sprays 0210.
18:15:57 | INFO: Draco encoder: Encoding mesh Canopy sprays 0211.
18:15:57 | INFO: Draco encoder: Encoding mesh Canopy sprays 0212.
18:15:57 | INFO: Draco encoder: Encoding mesh Canopy sprays 0213.
18:15:57 | INFO: Draco encoder: Encoding mesh Canopy sprays 0214.
18:15:57 | INFO: Draco encoder: Encoding mesh Canopy sprays 0215.
18:15:57 | INFO: Draco encoder: Encoding mesh Canopy sprays 0216.
18:15:57 | INFO: Draco encoder: Encoding mesh Canopy sprays 0217.
18:15:57 | INFO: Draco encoder: Encoding mesh Canopy sprays 0218.
18:15:57 | INFO: Draco encoder: Encoding mesh Canopy sprays 0219.
18:15:57 | INFO: Draco encoder: Encoding mesh Canopy sprays 0220.
18:15:57 | INFO: Draco encoder: Encoding mesh Canopy sprays 0221.
18:15:57 | INFO: Draco encoder: Encoding mesh Canopy sprays 0222.
18:15:57 | INFO: Draco encoder: Encoding mesh Canopy sprays 0223.
18:15:57 | INFO: Draco encoder: Encoding mesh Canopy sprays 0224.
18:15:57 | INFO: Draco encoder: Encoding mesh Canopy sprays 0225.
18:15:57 | INFO: Draco encoder: Encoding mesh Canopy sprays 0226.
18:15:57 | INFO: Draco encoder: Encoding mesh Canopy sprays 0227.
18:15:57 | INFO: Draco encoder: Encoding mesh Canopy sprays 0228.
18:15:57 | INFO: Draco encoder: Encoding mesh Canopy sprays 0229.
18:15:57 | INFO: Draco encoder: Encoding mesh Canopy sprays 0230.
18:15:57 | INFO: Draco encoder: Encoding mesh Canopy sprays 0231.
18:15:57 | INFO: Draco encoder: Encoding mesh Canopy sprays 0232.
18:15:57 | INFO: Draco encoder: Encoding mesh Canopy sprays 0233.
18:15:57 | INFO: Draco encoder: Encoding mesh Canopy sprays 0234.
18:15:57 | INFO: Draco encoder: Encoding mesh Canopy sprays 0235.
18:15:57 | INFO: Draco encoder: Encoding mesh Canopy sprays 0236.
18:15:57 | INFO: Draco encoder: Encoding mesh Canopy sprays 0237.
18:15:57 | INFO: Draco encoder: Encoding mesh Canopy sprays 0238.
18:15:57 | INFO: Draco encoder: Encoding mesh Canopy sprays 0239.
18:15:57 | INFO: Draco encoder: Encoding mesh Canopy sprays 0240.
18:15:57 | INFO: Draco encoder: Encoding mesh Canopy sprays 0241.
18:15:57 | INFO: Draco encoder: Encoding mesh Canopy sprays 0242.
18:15:57 | INFO: Draco encoder: Encoding mesh Canopy sprays 0243.
18:15:57 | INFO: Draco encoder: Encoding mesh Canopy sprays 0244.
18:15:57 | INFO: Draco encoder: Encoding mesh Canopy sprays 0245.
18:15:57 | INFO: Draco encoder: Encoding mesh Canopy sprays 0246.
18:15:57 | INFO: Draco encoder: Encoding mesh Canopy sprays 0247.
18:15:57 | INFO: Draco encoder: Encoding mesh Canopy sprays 0248.
18:15:57 | INFO: Draco encoder: Encoding mesh Canopy sprays 0249.
18:15:57 | INFO: Draco encoder: Encoding mesh Canopy sprays 0250.
18:15:57 | INFO: Draco encoder: Encoding mesh Canopy sprays 0251.
18:15:57 | INFO: Draco encoder: Encoding mesh Canopy sprays 0252.
18:15:57 | INFO: Draco encoder: Encoding mesh Canopy sprays 0253.
18:15:57 | INFO: Draco encoder: Encoding mesh Canopy sprays 0254.
18:15:57 | INFO: Draco encoder: Encoding mesh Canopy sprays 0255.
18:15:57 | INFO: Draco encoder: Encoding mesh Canopy sprays 0256.
18:15:57 | INFO: Draco encoder: Encoding mesh Canopy sprays 0257.
18:15:57 | INFO: Draco encoder: Encoding mesh Canopy sprays 0258.
18:15:57 | INFO: Draco encoder: Encoding mesh Canopy sprays 0259.
18:15:57 | INFO: Draco encoder: Encoding mesh Canopy sprays 0260.
18:15:57 | INFO: Draco encoder: Encoding mesh Canopy sprays 0261.
18:15:57 | INFO: Draco encoder: Encoding mesh Canopy sprays 0262.
18:15:57 | INFO: Draco encoder: Encoding mesh Canopy sprays 0263.
18:15:57 | INFO: Draco encoder: Encoding mesh Canopy sprays 0264.
18:15:57 | INFO: Draco encoder: Encoding mesh Canopy sprays 0265.
18:15:57 | INFO: Draco encoder: Encoding mesh Canopy sprays 0266.
18:15:57 | INFO: Draco encoder: Encoding mesh Canopy sprays 0267.
18:15:57 | INFO: Draco encoder: Encoding mesh Canopy sprays 0268.
18:15:57 | INFO: Draco encoder: Encoding mesh Canopy sprays 0269.
18:15:57 | INFO: Draco encoder: Encoding mesh Canopy sprays 0270.
18:15:57 | INFO: Draco encoder: Encoding mesh Canopy sprays 0271.
18:15:57 | INFO: Draco encoder: Encoding mesh Canopy sprays 0272.
18:15:57 | INFO: Draco encoder: Encoding mesh Canopy sprays 0273.
18:15:57 | INFO: Draco encoder: Encoding mesh Canopy sprays 0274.
18:15:57 | INFO: Draco encoder: Encoding mesh Canopy sprays 0275.
18:15:57 | INFO: Draco encoder: Encoding mesh Canopy sprays 0276.
18:15:57 | INFO: Draco encoder: Encoding mesh Canopy sprays 0277.
18:15:57 | INFO: Draco encoder: Encoding mesh Canopy sprays 0278.
18:15:57 | INFO: Draco encoder: Encoding mesh Canopy sprays 0279.
18:15:57 | INFO: Draco encoder: Encoding mesh Canopy sprays 0280.
18:15:57 | INFO: Draco encoder: Encoding mesh Canopy sprays 0281.
18:15:57 | INFO: Draco encoder: Encoding mesh Canopy sprays 0282.
18:15:57 | INFO: Draco encoder: Encoding mesh Canopy sprays 0283.
18:15:57 | INFO: Draco encoder: Encoding mesh Canopy sprays 0284.
18:15:57 | INFO: Draco encoder: Encoding mesh Canopy sprays 0285.
18:15:57 | INFO: Draco encoder: Encoding mesh Canopy sprays 0286.
18:15:57 | INFO: Draco encoder: Encoding mesh Canopy sprays 0287.
18:15:57 | INFO: Draco encoder: Encoding mesh Canopy sprays 0288.
18:15:57 | INFO: Draco encoder: Encoding mesh Canopy sprays 0289.
18:15:57 | INFO: Draco encoder: Encoding mesh Canopy sprays 0290.
18:15:57 | INFO: Draco encoder: Encoding mesh Canopy sprays 0291.
18:15:57 | INFO: Draco encoder: Encoding mesh Canopy sprays 0292.
18:15:57 | INFO: Draco encoder: Encoding mesh Canopy sprays 0293.
18:15:57 | INFO: Draco encoder: Encoding mesh Canopy sprays 0294.
18:15:57 | INFO: Draco encoder: Encoding mesh Canopy sprays 0295.
18:15:57 | INFO: Draco encoder: Encoding mesh Canopy sprays 0296.
18:15:57 | INFO: Draco encoder: Encoding mesh Canopy sprays 0297.
18:15:57 | INFO: Draco encoder: Encoding mesh Canopy sprays 0298.
18:15:57 | INFO: Draco encoder: Encoding mesh Canopy sprays 0299.
18:15:57 | INFO: Draco encoder: Encoding mesh Canopy sprays 0300.
18:15:57 | INFO: Draco encoder: Encoding mesh Canopy sprays 0301.
18:15:57 | INFO: Draco encoder: Encoding mesh Canopy sprays 0302.
18:15:57 | INFO: Draco encoder: Encoding mesh Canopy sprays 0303.
18:15:57 | INFO: Draco encoder: Encoding mesh Canopy sprays 0304.
18:15:57 | INFO: Draco encoder: Encoding mesh Canopy sprays 0305.
18:15:57 | INFO: Draco encoder: Encoding mesh Canopy sprays 0306.
18:15:57 | INFO: Draco encoder: Encoding mesh Canopy sprays 0307.
18:15:57 | INFO: Draco encoder: Encoding mesh Canopy sprays 0308.
18:15:57 | INFO: Draco encoder: Encoding mesh Canopy sprays 0309.
18:15:57 | INFO: Draco encoder: Encoding mesh Canopy sprays 0310.
18:15:57 | INFO: Draco encoder: Encoding mesh Canopy sprays 0311.
18:15:57 | INFO: Draco encoder: Encoding mesh Canopy sprays 0312.
18:15:57 | INFO: Draco encoder: Encoding mesh Canopy sprays 0313.
18:15:57 | INFO: Draco encoder: Encoding mesh Canopy sprays 0314.
18:15:57 | INFO: Draco encoder: Encoding mesh Canopy sprays 0315.
18:15:57 | INFO: Draco encoder: Encoding mesh Canopy sprays 0316.
18:15:57 | INFO: Draco encoder: Encoding mesh Canopy sprays 0317.
18:15:57 | INFO: Draco encoder: Encoding mesh Canopy sprays 0318.
18:15:57 | INFO: Draco encoder: Encoding mesh Canopy sprays 0319.
18:15:57 | INFO: Draco encoder: Encoding mesh Canopy sprays 0320.
18:15:57 | INFO: Draco encoder: Encoding mesh Canopy sprays 0321.
18:15:57 | INFO: Draco encoder: Encoding mesh Canopy sprays 0322.
18:15:57 | INFO: Draco encoder: Encoding mesh Canopy sprays 0323.
18:15:57 | INFO: Draco encoder: Encoding mesh Canopy sprays 0324.
18:15:57 | INFO: Draco encoder: Encoding mesh Canopy sprays 0325.
18:15:57 | INFO: Draco encoder: Encoding mesh Canopy sprays 0326.
18:15:57 | INFO: Draco encoder: Encoding mesh Canopy sprays 0327.
18:15:57 | INFO: Draco encoder: Encoding mesh Canopy sprays 0328.
18:15:57 | INFO: Draco encoder: Encoding mesh Canopy sprays 0329.
18:15:57 | INFO: Draco encoder: Encoding mesh Canopy sprays 0330.
18:15:57 | INFO: Draco encoder: Encoding mesh Canopy sprays 0331.
18:15:57 | INFO: Draco encoder: Encoding mesh Canopy sprays 0332.
18:15:57 | INFO: Draco encoder: Encoding mesh Canopy sprays 0333.
18:15:57 | INFO: Draco encoder: Encoding mesh Canopy sprays 0334.
18:15:57 | INFO: Draco encoder: Encoding mesh Canopy sprays 0335.
18:15:57 | INFO: Draco encoder: Encoding mesh Canopy sprays 0336.
18:15:57 | INFO: Draco encoder: Encoding mesh Canopy sprays 0337.
18:15:57 | INFO: Draco encoder: Encoding mesh Canopy sprays 0338.
18:15:57 | INFO: Draco encoder: Encoding mesh Canopy sprays 0339.
18:15:57 | INFO: Draco encoder: Encoding mesh Canopy sprays 0340.
18:15:57 | INFO: Draco encoder: Encoding mesh Canopy sprays 0341.
18:15:57 | INFO: Draco encoder: Encoding mesh Canopy sprays 0342.
18:15:57 | INFO: Draco encoder: Encoding mesh Canopy sprays 0343.
18:15:57 | INFO: Draco encoder: Encoding mesh Canopy sprays 0344.
18:15:57 | INFO: Draco encoder: Encoding mesh Canopy sprays 0345.
18:15:57 | INFO: Draco encoder: Encoding mesh Canopy sprays 0346.
18:15:57 | INFO: Draco encoder: Encoding mesh Canopy sprays 0347.
18:15:57 | INFO: Draco encoder: Encoding mesh Canopy sprays 0348.
18:15:57 | INFO: Draco encoder: Encoding mesh Canopy sprays 0349.
18:15:57 | INFO: Draco encoder: Encoding mesh Canopy sprays 0350.
18:15:57 | INFO: Draco encoder: Encoding mesh Canopy sprays 0351.
18:15:57 | INFO: Draco encoder: Encoding mesh Canopy sprays 0352.
18:15:57 | INFO: Draco encoder: Encoding mesh Canopy sprays 0353.
18:15:57 | INFO: Draco encoder: Encoding mesh Canopy sprays 0354.
18:15:57 | INFO: Draco encoder: Encoding mesh Canopy sprays 0355.
18:15:57 | INFO: Draco encoder: Encoding mesh Canopy sprays 0356.
18:15:57 | INFO: Draco encoder: Encoding mesh Canopy sprays 0357.
18:15:57 | INFO: Draco encoder: Encoding mesh Canopy sprays 0358.
18:15:57 | INFO: Draco encoder: Encoding mesh Canopy sprays 0359.
18:15:57 | INFO: Draco encoder: Encoding mesh Canopy sprays 0360.
18:15:57 | INFO: Draco encoder: Encoding mesh Canopy sprays 0361.
18:15:57 | INFO: Draco encoder: Encoding mesh Canopy sprays 0362.
18:15:57 | INFO: Draco encoder: Encoding mesh Canopy sprays 0363.
18:15:57 | INFO: Draco encoder: Encoding mesh Canopy sprays 0364.
18:15:57 | INFO: Draco encoder: Encoding mesh Canopy sprays 0365.
18:15:57 | INFO: Draco encoder: Encoding mesh Canopy sprays 0366.
18:15:57 | INFO: Draco encoder: Encoding mesh Canopy sprays 0367.
18:15:57 | INFO: Draco encoder: Encoding mesh Canopy sprays 0368.
18:15:57 | INFO: Draco encoder: Encoding mesh Canopy sprays 0369.
18:15:57 | INFO: Draco encoder: Encoding mesh Canopy sprays 0370.
18:15:57 | INFO: Draco encoder: Encoding mesh Canopy sprays 0371.
18:15:57 | INFO: Draco encoder: Encoding mesh Canopy sprays 0372.
18:15:57 | INFO: Draco encoder: Encoding mesh Canopy sprays 0373.
18:15:57 | INFO: Draco encoder: Encoding mesh Canopy sprays 0374.
18:15:57 | INFO: Draco encoder: Encoding mesh Canopy sprays 0375.
18:15:57 | INFO: Draco encoder: Encoding mesh Canopy sprays 0376.
18:15:57 | INFO: Draco encoder: Encoding mesh Canopy sprays 0377.
18:15:57 | INFO: Draco encoder: Encoding mesh Canopy sprays 0378.
18:15:57 | INFO: Draco encoder: Encoding mesh Canopy sprays 0379.
18:15:57 | INFO: Draco encoder: Encoding mesh Canopy sprays 0380.
18:15:57 | INFO: Draco encoder: Encoding mesh Canopy sprays 0381.
18:15:57 | INFO: Draco encoder: Encoding mesh Canopy sprays 0382.
18:15:57 | INFO: Draco encoder: Encoding mesh Canopy sprays 0383.
18:15:57 | INFO: Draco encoder: Encoding mesh Canopy sprays 0384.
18:15:57 | INFO: Draco encoder: Encoding mesh Canopy sprays 0385.
18:15:57 | INFO: Draco encoder: Encoding mesh Canopy sprays 0386.
18:15:57 | INFO: Draco encoder: Encoding mesh Canopy sprays 0387.
18:15:57 | INFO: Draco encoder: Encoding mesh Canopy sprays 0388.
18:15:57 | INFO: Draco encoder: Encoding mesh Canopy sprays 0389.
18:15:57 | INFO: Draco encoder: Encoding mesh Canopy sprays 0390.
18:15:57 | INFO: Draco encoder: Encoding mesh Canopy sprays 0391.
18:15:57 | INFO: Draco encoder: Encoding mesh Canopy sprays 0392.
18:15:57 | INFO: Draco encoder: Encoding mesh Canopy sprays 0393.
18:15:57 | INFO: Draco encoder: Encoding mesh Canopy sprays 0394.
18:15:57 | INFO: Draco encoder: Encoding mesh Canopy sprays 0395.
18:15:57 | INFO: Draco encoder: Encoding mesh Canopy sprays 0396.
18:15:57 | INFO: Draco encoder: Encoding mesh Canopy sprays 0397.
18:15:57 | INFO: Draco encoder: Encoding mesh Canopy sprays 0398.
18:15:57 | INFO: Draco encoder: Encoding mesh Canopy sprays 0399.
18:15:57 | INFO: Draco encoder: Encoding mesh Canopy sprays 0400.
18:15:57 | INFO: Draco encoder: Encoding mesh Canopy sprays 0401.
18:15:57 | INFO: Draco encoder: Encoding mesh Canopy sprays 0402.
18:15:57 | INFO: Draco encoder: Encoding mesh Canopy sprays 0403.
18:15:57 | INFO: Draco encoder: Encoding mesh Canopy sprays 0404.
18:15:57 | INFO: Draco encoder: Encoding mesh Canopy sprays 0405.
18:15:57 | INFO: Draco encoder: Encoding mesh Canopy sprays 0406.
18:15:57 | INFO: Draco encoder: Encoding mesh Canopy sprays 0407.
18:15:57 | INFO: Draco encoder: Encoding mesh Canopy sprays 0408.
18:15:57 | INFO: Draco encoder: Encoding mesh Canopy sprays 0409.
18:15:57 | INFO: Draco encoder: Encoding mesh Canopy sprays 0410.
18:15:57 | INFO: Draco encoder: Encoding mesh Canopy sprays 0411.
18:15:57 | INFO: Draco encoder: Encoding mesh Canopy sprays 0412.
18:15:57 | INFO: Draco encoder: Encoding mesh Canopy sprays 0413.
18:15:57 | INFO: Draco encoder: Encoding mesh Canopy sprays 0414.
18:15:57 | INFO: Draco encoder: Encoding mesh Canopy sprays 0415.
18:15:57 | INFO: Draco encoder: Encoding mesh Canopy sprays 0416.
18:15:57 | INFO: Draco encoder: Encoding mesh Canopy sprays 0417.
18:15:57 | INFO: Draco encoder: Encoding mesh Canopy sprays 0418.
18:15:57 | INFO: Draco encoder: Encoding mesh Canopy sprays 0419.
18:15:57 | INFO: Draco encoder: Encoding mesh Canopy sprays 0420.
18:15:57 | INFO: Draco encoder: Encoding mesh Canopy sprays 0421.
18:15:57 | INFO: Draco encoder: Encoding mesh Canopy sprays 0422.
18:15:57 | INFO: Draco encoder: Encoding mesh Canopy sprays 0423.
18:15:57 | INFO: Draco encoder: Encoding mesh Canopy sprays 0424.
18:15:57 | INFO: Draco encoder: Encoding mesh Canopy sprays 0425.
18:15:57 | INFO: Draco encoder: Encoding mesh Canopy sprays 0426.
18:15:57 | INFO: Draco encoder: Encoding mesh Canopy sprays 0427.
18:15:57 | INFO: Draco encoder: Encoding mesh Canopy sprays 0428.
18:15:57 | INFO: Draco encoder: Encoding mesh Canopy sprays 0429.
18:15:57 | INFO: Draco encoder: Encoding mesh Canopy sprays 0430.
18:15:57 | INFO: Draco encoder: Encoding mesh Canopy sprays 0431.
18:15:57 | INFO: Draco encoder: Encoding mesh Canopy sprays 0432.
18:15:57 | INFO: Draco encoder: Encoding mesh Canopy sprays 0433.
18:15:57 | INFO: Draco encoder: Encoding mesh Canopy sprays 0434.
18:15:57 | INFO: Draco encoder: Encoding mesh Canopy sprays 0435.
18:15:57 | INFO: Draco encoder: Encoding mesh Canopy sprays 0436.
18:15:57 | INFO: Draco encoder: Encoding mesh Canopy sprays 0437.
18:15:57 | INFO: Draco encoder: Encoding mesh Canopy sprays 0438.
18:15:57 | INFO: Draco encoder: Encoding mesh Canopy sprays 0439.
18:15:57 | INFO: Draco encoder: Encoding mesh Canopy sprays 0440.
18:15:57 | INFO: Draco encoder: Encoding mesh Canopy sprays 0441.
18:15:57 | INFO: Draco encoder: Encoding mesh Canopy sprays 0442.
18:15:57 | INFO: Draco encoder: Encoding mesh Canopy sprays 0443.
18:15:57 | INFO: Draco encoder: Encoding mesh Canopy sprays 0444.
18:15:57 | INFO: Draco encoder: Encoding mesh Canopy sprays 0445.
18:15:57 | INFO: Draco encoder: Encoding mesh Canopy sprays 0446.
18:15:57 | INFO: Draco encoder: Encoding mesh Canopy sprays 0447.
18:15:57 | INFO: Draco encoder: Encoding mesh Canopy sprays 0448.
18:15:57 | INFO: Draco encoder: Encoding mesh Canopy sprays 0449.
18:15:57 | INFO: Draco encoder: Encoding mesh Canopy sprays 0450.
18:15:57 | INFO: Draco encoder: Encoding mesh Canopy sprays 0451.
18:15:57 | INFO: Draco encoder: Encoding mesh Canopy sprays 0452.
18:15:57 | INFO: Draco encoder: Encoding mesh Canopy sprays 0453.
18:15:57 | INFO: Draco encoder: Encoding mesh Canopy sprays 0454.
18:15:57 | INFO: Draco encoder: Encoding mesh Canopy sprays 0455.
18:15:57 | INFO: Draco encoder: Encoding mesh Canopy sprays 0456.
18:15:57 | INFO: Draco encoder: Encoding mesh Canopy sprays 0457.
18:15:57 | INFO: Draco encoder: Encoding mesh Canopy sprays 0458.
18:15:57 | INFO: Draco encoder: Encoding mesh Canopy sprays 0459.
18:15:57 | INFO: Draco encoder: Encoding mesh Canopy sprays 0460.
18:15:57 | INFO: Draco encoder: Encoding mesh Canopy sprays 0461.
18:15:57 | INFO: Draco encoder: Encoding mesh Canopy sprays 0462.
18:15:57 | INFO: Draco encoder: Encoding mesh Canopy sprays 0463.
18:15:57 | INFO: Draco encoder: Encoding mesh Canopy sprays 0464.
18:15:57 | INFO: Draco encoder: Encoding mesh Canopy sprays 0465.
18:15:57 | INFO: Draco encoder: Encoding mesh Canopy sprays 0466.
18:15:57 | INFO: Draco encoder: Encoding mesh Canopy sprays 0467.
18:15:57 | INFO: Draco encoder: Encoding mesh Canopy sprays 0468.
18:15:57 | INFO: Draco encoder: Encoding mesh Canopy sprays 0469.
18:15:57 | INFO: Draco encoder: Encoding mesh Canopy sprays 0470.
18:15:57 | INFO: Draco encoder: Encoding mesh Canopy sprays 0471.
18:15:57 | INFO: Draco encoder: Encoding mesh Canopy sprays 0472.
18:15:57 | INFO: Draco encoder: Encoding mesh Canopy sprays 0473.
18:15:57 | INFO: Draco encoder: Encoding mesh Canopy sprays 0474.
18:15:57 | INFO: Draco encoder: Encoding mesh Canopy sprays 0475.
18:15:57 | INFO: Draco encoder: Encoding mesh Canopy sprays 0476.
18:15:57 | INFO: Draco encoder: Encoding mesh Canopy sprays 0477.
18:15:57 | INFO: Draco encoder: Encoding mesh Canopy sprays 0478.
18:15:57 | INFO: Draco encoder: Encoding mesh Canopy sprays 0479.
18:15:57 | INFO: Draco encoder: Encoding mesh Canopy sprays 0480.
18:15:57 | INFO: Draco encoder: Encoding mesh Canopy sprays 0481.
18:15:57 | INFO: Draco encoder: Encoding mesh Canopy sprays 0482.
18:15:57 | INFO: Draco encoder: Encoding mesh Canopy sprays 0483.
18:15:57 | INFO: Draco encoder: Encoding mesh Canopy sprays 0484.
18:15:57 | INFO: Draco encoder: Encoding mesh Canopy sprays 0485.
18:15:57 | INFO: Draco encoder: Encoding mesh Canopy sprays 0486.
18:15:57 | INFO: Draco encoder: Encoding mesh Canopy sprays 0487.
18:15:57 | INFO: Draco encoder: Encoding mesh Canopy sprays 0488.
18:15:57 | INFO: Draco encoder: Encoding mesh Canopy sprays 0489.
18:15:57 | INFO: Draco encoder: Encoding mesh Canopy sprays 0490.
18:15:57 | INFO: Draco encoder: Encoding mesh Canopy sprays 0491.
18:15:57 | INFO: Draco encoder: Encoding mesh Canopy sprays 0492.
18:15:57 | INFO: Draco encoder: Encoding mesh Canopy sprays 0493.
18:15:57 | INFO: Draco encoder: Encoding mesh Canopy sprays 0494.
18:15:57 | INFO: Draco encoder: Encoding mesh Canopy sprays 0495.
18:15:57 | INFO: Draco encoder: Encoding mesh Canopy sprays 0496.
18:15:57 | INFO: Draco encoder: Encoding mesh Canopy sprays 0497.
18:15:57 | INFO: Draco encoder: Encoding mesh Canopy sprays 0498.
18:15:57 | INFO: Draco encoder: Encoding mesh Canopy sprays 0499.
18:15:57 | INFO: Draco encoder: Encoding mesh Canopy sprays 0500.
18:15:57 | INFO: Draco encoder: Encoding mesh Canopy sprays 0501.
18:15:57 | INFO: Draco encoder: Encoding mesh Canopy sprays 0502.
18:15:57 | INFO: Draco encoder: Encoding mesh Canopy sprays 0503.
18:15:57 | INFO: Draco encoder: Encoding mesh Canopy sprays 0504.
18:15:57 | INFO: Draco encoder: Encoding mesh Canopy sprays 0505.
18:15:57 | INFO: Draco encoder: Encoding mesh Canopy sprays 0506.
18:15:57 | INFO: Draco encoder: Encoding mesh Canopy sprays 0507.
18:15:57 | INFO: Draco encoder: Encoding mesh Canopy sprays 0508.
18:15:57 | INFO: Draco encoder: Encoding mesh Canopy sprays 0509.
18:15:57 | INFO: Draco encoder: Encoding mesh Canopy sprays 0510.
18:15:57 | INFO: Draco encoder: Encoding mesh Canopy sprays 0511.
18:15:57 | INFO: Draco encoder: Encoding mesh Canopy sprays 0512.
18:15:57 | INFO: Draco encoder: Encoding mesh Canopy sprays 0513.
18:15:57 | INFO: Draco encoder: Encoding mesh Canopy sprays 0514.
18:15:57 | INFO: Draco encoder: Encoding mesh Canopy sprays 0515.
18:15:57 | INFO: Draco encoder: Encoding mesh Canopy sprays 0516.
18:15:57 | INFO: Draco encoder: Encoding mesh Canopy sprays 0517.
18:15:57 | INFO: Draco encoder: Encoding mesh Canopy sprays 0518.
18:15:57 | INFO: Draco encoder: Encoding mesh Canopy sprays 0519.
18:15:57 | INFO: Draco encoder: Encoding mesh Canopy sprays 0520.
18:15:57 | INFO: Draco encoder: Encoding mesh Canopy sprays 0521.
18:15:57 | INFO: Draco encoder: Encoding mesh Canopy sprays 0522.
18:15:57 | INFO: Draco encoder: Encoding mesh Canopy sprays 0523.
18:15:57 | INFO: Draco encoder: Encoding mesh Canopy sprays 0524.
18:15:57 | INFO: Draco encoder: Encoding mesh Canopy sprays 0525.
18:15:57 | INFO: Draco encoder: Encoding mesh Canopy sprays 0526.
18:15:57 | INFO: Draco encoder: Encoding mesh Canopy sprays 0527.
18:15:57 | INFO: Draco encoder: Encoding mesh Canopy sprays 0528.
18:15:57 | INFO: Draco encoder: Encoding mesh Canopy sprays 0529.
18:15:57 | INFO: Draco encoder: Encoding mesh Canopy sprays 0530.
18:15:57 | INFO: Draco encoder: Encoding mesh Canopy sprays 0531.
18:15:57 | INFO: Draco encoder: Encoding mesh Canopy sprays 0532.
18:15:57 | INFO: Draco encoder: Encoding mesh Canopy sprays 0533.
18:15:57 | INFO: Draco encoder: Encoding mesh Canopy sprays 0534.
18:15:57 | INFO: Draco encoder: Encoding mesh Canopy sprays 0535.
18:15:57 | INFO: Draco encoder: Encoding mesh Canopy sprays 0536.
18:15:57 | INFO: Draco encoder: Encoding mesh Canopy sprays 0537.
18:15:57 | INFO: Draco encoder: Encoding mesh Canopy sprays 0538.
18:15:57 | INFO: Draco encoder: Encoding mesh Canopy sprays 0539.
18:15:57 | INFO: Draco encoder: Encoding mesh Canopy sprays 0540.
18:15:57 | INFO: Draco encoder: Encoding mesh Canopy sprays 0541.
18:15:57 | INFO: Draco encoder: Encoding mesh Canopy sprays 0542.
18:15:57 | INFO: Draco encoder: Encoding mesh Canopy sprays 0543.
18:15:57 | INFO: Draco encoder: Encoding mesh Canopy sprays 0544.
18:15:57 | INFO: Draco encoder: Encoding mesh Canopy sprays 0545.
18:15:57 | INFO: Draco encoder: Encoding mesh Canopy sprays 0546.
18:15:57 | INFO: Draco encoder: Encoding mesh Canopy sprays 0547.
18:15:57 | INFO: Draco encoder: Encoding mesh Canopy sprays 0548.
18:15:57 | INFO: Draco encoder: Encoding mesh Canopy sprays 0549.
18:15:57 | INFO: Draco encoder: Encoding mesh Canopy sprays 0550.
18:15:57 | INFO: Draco encoder: Encoding mesh Canopy sprays 0551.
18:15:57 | INFO: Draco encoder: Encoding mesh Canopy sprays 0552.
18:15:57 | INFO: Draco encoder: Encoding mesh Canopy sprays 0553.
18:15:57 | INFO: Draco encoder: Encoding mesh Canopy sprays 0554.
18:15:57 | INFO: Draco encoder: Encoding mesh Canopy sprays 0555.
18:15:57 | INFO: Draco encoder: Encoding mesh Canopy sprays 0556.
18:15:57 | INFO: Draco encoder: Encoding mesh Canopy sprays 0557.
18:15:57 | INFO: Draco encoder: Encoding mesh Canopy sprays 0558.
18:15:57 | INFO: Draco encoder: Encoding mesh Canopy sprays 0559.
18:15:57 | INFO: Draco encoder: Encoding mesh Canopy sprays 0560.
18:15:57 | INFO: Draco encoder: Encoding mesh Canopy sprays 0561.
18:15:57 | INFO: Draco encoder: Encoding mesh Canopy sprays 0562.
18:15:57 | INFO: Draco encoder: Encoding mesh Canopy sprays 0563.
18:15:57 | INFO: Draco encoder: Encoding mesh Canopy sprays 0564.
18:15:57 | INFO: Draco encoder: Encoding mesh Canopy sprays 0565.
18:15:57 | INFO: Draco encoder: Encoding mesh Canopy sprays 0566.
18:15:57 | INFO: Draco encoder: Encoding mesh Canopy sprays 0567.
18:15:57 | INFO: Draco encoder: Encoding mesh Canopy sprays 0568.
18:15:57 | INFO: Draco encoder: Encoding mesh Canopy sprays 0569.
18:15:57 | INFO: Draco encoder: Encoding mesh Canopy sprays 0570.
18:15:57 | INFO: Draco encoder: Encoding mesh Canopy sprays 0571.
18:15:57 | INFO: Draco encoder: Encoding mesh Canopy sprays 0572.
18:15:57 | INFO: Draco encoder: Encoding mesh Canopy sprays 0573.
18:15:57 | INFO: Draco encoder: Encoding mesh Canopy sprays 0574.
18:15:57 | INFO: Draco encoder: Encoding mesh Canopy sprays 0575.
18:15:57 | INFO: Draco encoder: Encoding mesh Canopy sprays 0576.
18:15:57 | INFO: Draco encoder: Encoding mesh Canopy sprays 0577.
18:15:57 | INFO: Draco encoder: Encoding mesh Canopy sprays 0578.
18:15:57 | INFO: Draco encoder: Encoding mesh Canopy sprays 0579.
18:15:57 | INFO: Draco encoder: Encoding mesh Canopy sprays 0580.
18:15:57 | INFO: Draco encoder: Encoding mesh Canopy sprays 0581.
18:15:57 | INFO: Draco encoder: Encoding mesh Canopy sprays 0582.
18:15:57 | INFO: Draco encoder: Encoding mesh Canopy sprays 0583.
18:15:57 | INFO: Draco encoder: Encoding mesh Canopy sprays 0584.
18:15:57 | INFO: Draco encoder: Encoding mesh Canopy sprays 0585.
18:15:57 | INFO: Draco encoder: Encoding mesh Canopy sprays 0586.
18:15:57 | INFO: Draco encoder: Encoding mesh Canopy sprays 0587.
18:15:57 | INFO: Draco encoder: Encoding mesh Canopy sprays 0588.
18:15:57 | INFO: Draco encoder: Encoding mesh Canopy sprays 0589.
18:15:57 | INFO: Draco encoder: Encoding mesh Canopy sprays 0590.
18:15:57 | INFO: Draco encoder: Encoding mesh Canopy sprays 0591.
18:15:57 | INFO: Draco encoder: Encoding mesh Canopy sprays 0592.
18:15:57 | INFO: Draco encoder: Encoding mesh Canopy sprays 0593.
18:15:57 | INFO: Draco encoder: Encoding mesh Canopy sprays 0594.
18:15:57 | INFO: Draco encoder: Encoding mesh Canopy sprays 0595.
18:15:57 | INFO: Draco encoder: Encoding mesh Canopy sprays 0596.
18:15:57 | INFO: Draco encoder: Encoding mesh Canopy sprays 0597.
18:15:57 | INFO: Draco encoder: Encoding mesh Canopy sprays 0598.
18:15:57 | INFO: Draco encoder: Encoding mesh Canopy sprays 0599.
18:15:57 | INFO: Draco encoder: Encoding mesh Canopy sprays 0600.
18:15:57 | INFO: Draco encoder: Encoding mesh Canopy sprays 0601.
18:15:57 | INFO: Draco encoder: Encoding mesh Canopy sprays 0602.
18:15:57 | INFO: Draco encoder: Encoding mesh Canopy sprays 0603.
18:15:57 | INFO: Draco encoder: Encoding mesh Canopy sprays 0604.
18:15:57 | INFO: Draco encoder: Encoding mesh Canopy sprays 0605.
18:15:57 | INFO: Draco encoder: Encoding mesh Canopy sprays 0606.
18:15:57 | INFO: Draco encoder: Encoding mesh Canopy sprays 0607.
18:15:57 | INFO: Draco encoder: Encoding mesh Canopy sprays 0608.
18:15:57 | INFO: Draco encoder: Encoding mesh Canopy sprays 0609.
18:15:57 | INFO: Draco encoder: Encoding mesh Canopy sprays 0610.
18:15:57 | INFO: Draco encoder: Encoding mesh Canopy sprays 0611.
18:15:57 | INFO: Draco encoder: Encoding mesh Canopy sprays 0612.
18:15:57 | INFO: Draco encoder: Encoding mesh Canopy sprays 0613.
18:15:57 | INFO: Draco encoder: Encoding mesh Canopy sprays 0614.
18:15:57 | INFO: Draco encoder: Encoding mesh Canopy sprays 0615.
18:15:57 | INFO: Draco encoder: Encoding mesh Canopy sprays 0616.
18:15:57 | INFO: Draco encoder: Encoding mesh Canopy sprays 0617.
18:15:57 | INFO: Draco encoder: Encoding mesh Canopy sprays 0618.
18:15:57 | INFO: Draco encoder: Encoding mesh Canopy sprays 0619.
18:15:57 | INFO: Draco encoder: Encoding mesh Canopy sprays 0620.
18:15:57 | INFO: Draco encoder: Encoding mesh Canopy sprays 0621.
18:15:57 | INFO: Draco encoder: Encoding mesh Canopy sprays 0622.
18:15:57 | INFO: Draco encoder: Encoding mesh Canopy sprays 0623.
18:15:57 | INFO: Draco encoder: Encoding mesh Canopy sprays 0624.
18:15:57 | INFO: Draco encoder: Encoding mesh Canopy sprays 0625.
18:15:57 | INFO: Draco encoder: Encoding mesh Canopy sprays 0626.
18:15:57 | INFO: Draco encoder: Encoding mesh Canopy sprays 0627.
18:15:57 | INFO: Draco encoder: Encoding mesh Canopy sprays 0628.
18:15:57 | INFO: Draco encoder: Encoding mesh Canopy sprays 0629.
18:15:57 | INFO: Draco encoder: Encoding mesh Canopy sprays 0630.
18:15:57 | INFO: Draco encoder: Encoding mesh Canopy sprays 0631.
18:15:57 | INFO: Draco encoder: Encoding mesh Canopy sprays 0632.
18:15:57 | INFO: Draco encoder: Encoding mesh Canopy sprays 0633.
18:15:57 | INFO: Draco encoder: Encoding mesh Canopy sprays 0634.
18:15:57 | INFO: Draco encoder: Encoding mesh Canopy sprays 0635.
18:15:57 | INFO: Draco encoder: Encoding mesh Canopy sprays 0636.
18:15:57 | INFO: Draco encoder: Encoding mesh Canopy sprays 0637.
18:15:57 | INFO: Draco encoder: Encoding mesh Canopy sprays 0638.
18:15:57 | INFO: Draco encoder: Encoding mesh Canopy sprays 0639.
18:15:57 | INFO: Draco encoder: Encoding mesh Canopy sprays 0640.
18:15:57 | INFO: Draco encoder: Encoding mesh Canopy sprays 0641.
18:15:57 | INFO: Draco encoder: Encoding mesh Canopy sprays 0642.
18:15:57 | INFO: Draco encoder: Encoding mesh Canopy sprays 0643.
18:15:57 | INFO: Draco encoder: Encoding mesh Canopy sprays 0644.
18:15:57 | INFO: Draco encoder: Encoding mesh Canopy sprays 0645.
18:15:57 | INFO: Draco encoder: Encoding mesh Canopy sprays 0646.
18:15:57 | INFO: Draco encoder: Encoding mesh Canopy sprays 0647.
18:15:57 | INFO: Draco encoder: Encoding mesh Canopy sprays 0648.
18:15:57 | INFO: Draco encoder: Encoding mesh Canopy sprays 0649.
18:15:57 | INFO: Draco encoder: Encoding mesh Canopy sprays 0650.
18:15:57 | INFO: Draco encoder: Encoding mesh Canopy sprays 0651.
18:15:57 | INFO: Draco encoder: Encoding mesh Canopy sprays 0652.
18:15:57 | INFO: Draco encoder: Encoding mesh Canopy sprays 0653.
18:15:57 | INFO: Draco encoder: Encoding mesh Canopy sprays 0654.
18:15:57 | INFO: Draco encoder: Encoding mesh Canopy sprays 0655.
18:15:57 | INFO: Draco encoder: Encoding mesh Canopy sprays 0656.
18:15:57 | INFO: Draco encoder: Encoding mesh Canopy sprays 0657.
18:15:57 | INFO: Draco encoder: Encoding mesh Canopy sprays 0658.
18:15:57 | INFO: Draco encoder: Encoding mesh Canopy sprays 0659.
18:15:57 | INFO: Draco encoder: Encoding mesh Canopy sprays 0660.
18:15:57 | INFO: Draco encoder: Encoding mesh Canopy sprays 0661.
18:15:57 | INFO: Draco encoder: Encoding mesh Canopy sprays 0662.
18:15:57 | INFO: Draco encoder: Encoding mesh Canopy sprays 0663.
18:15:57 | INFO: Draco encoder: Encoding mesh Canopy sprays 0664.
18:15:57 | INFO: Draco encoder: Encoding mesh Canopy sprays 0665.
18:15:57 | INFO: Draco encoder: Encoding mesh Canopy sprays 0666.
18:15:57 | INFO: Draco encoder: Encoding mesh Canopy sprays 0667.
18:15:57 | INFO: Draco encoder: Encoding mesh Canopy sprays 0668.
18:15:57 | INFO: Draco encoder: Encoding mesh Canopy sprays 0669.
18:15:57 | INFO: Draco encoder: Encoding mesh Canopy sprays 0670.
18:15:57 | INFO: Draco encoder: Encoding mesh Canopy sprays 0671.
18:15:57 | INFO: Draco encoder: Encoding mesh Canopy sprays 0672.
18:15:57 | INFO: Draco encoder: Encoding mesh Canopy sprays 0673.
18:15:57 | INFO: Draco encoder: Encoding mesh Canopy sprays 0674.
18:15:57 | INFO: Draco encoder: Encoding mesh Canopy sprays 0675.
18:15:57 | INFO: Draco encoder: Encoding mesh Canopy sprays 0676.
18:15:57 | INFO: Draco encoder: Encoding mesh Canopy sprays 0677.
18:15:57 | INFO: Draco encoder: Encoding mesh Canopy sprays 0678.
18:15:57 | INFO: Draco encoder: Encoding mesh Canopy sprays 0679.
18:15:57 | INFO: Draco encoder: Encoding mesh Canopy sprays 0680.
18:15:57 | INFO: Draco encoder: Encoding mesh Canopy sprays 0681.
18:15:57 | INFO: Draco encoder: Encoding mesh Canopy sprays 0682.
18:15:57 | INFO: Draco encoder: Encoding mesh Canopy sprays 0683.
18:15:57 | INFO: Draco encoder: Encoding mesh Canopy sprays 0684.
18:15:57 | INFO: Draco encoder: Encoding mesh Canopy sprays 0685.
18:15:57 | INFO: Draco encoder: Encoding mesh Canopy sprays 0686.
18:15:57 | INFO: Draco encoder: Encoding mesh Canopy sprays 0687.
18:15:57 | INFO: Draco encoder: Encoding mesh Canopy sprays 0688.
18:15:57 | INFO: Draco encoder: Encoding mesh Canopy sprays 0689.
18:15:57 | INFO: Draco encoder: Encoding mesh Canopy sprays 0690.
18:15:57 | INFO: Draco encoder: Encoding mesh Canopy sprays 0691.
18:15:57 | INFO: Draco encoder: Encoding mesh Canopy sprays 0692.
18:15:57 | INFO: Draco encoder: Encoding mesh Canopy sprays 0693.
18:15:57 | INFO: Draco encoder: Encoding mesh Canopy sprays 0694.
18:15:57 | INFO: Draco encoder: Encoding mesh Canopy sprays 0695.
18:15:57 | INFO: Draco encoder: Encoding mesh Canopy sprays 0696.
18:15:57 | INFO: Draco encoder: Encoding mesh Canopy sprays 0697.
18:15:57 | INFO: Draco encoder: Encoding mesh Canopy sprays 0698.
18:15:57 | INFO: Draco encoder: Encoding mesh Canopy sprays 0699.
18:15:57 | INFO: Draco encoder: Encoding mesh Canopy sprays 0700.
18:15:57 | INFO: Draco encoder: Encoding mesh Canopy sprays 0701.
18:15:57 | INFO: Draco encoder: Encoding mesh Canopy sprays 0702.
18:15:57 | INFO: Draco encoder: Encoding mesh Canopy sprays 0703.
18:15:57 | INFO: Draco encoder: Encoding mesh Canopy sprays 0704.
18:15:57 | INFO: Draco encoder: Encoding mesh Canopy sprays 0705.
18:15:57 | INFO: Draco encoder: Encoding mesh Canopy sprays 0706.
18:15:57 | INFO: Draco encoder: Encoding mesh Canopy sprays 0707.
18:15:57 | INFO: Draco encoder: Encoding mesh Canopy sprays 0708.
18:15:57 | INFO: Draco encoder: Encoding mesh Canopy sprays 0709.
18:15:57 | INFO: Draco encoder: Encoding mesh Canopy sprays 0710.
18:15:57 | INFO: Draco encoder: Encoding mesh Canopy sprays 0711.
18:15:57 | INFO: Draco encoder: Encoding mesh Canopy sprays 0712.
18:15:57 | INFO: Draco encoder: Encoding mesh Canopy sprays 0713.
18:15:57 | INFO: Draco encoder: Encoding mesh Canopy sprays 0714.
18:15:57 | INFO: Draco encoder: Encoding mesh Canopy sprays 0715.
18:15:57 | INFO: Draco encoder: Encoding mesh Canopy sprays 0716.
18:15:57 | INFO: Draco encoder: Encoding mesh Canopy sprays 0717.
18:15:57 | INFO: Draco encoder: Encoding mesh Canopy sprays 0718.
18:15:57 | INFO: Draco encoder: Encoding mesh Canopy sprays 0719.
18:15:57 | INFO: Draco encoder: Encoding mesh Canopy sprays 0720.
18:15:57 | INFO: Draco encoder: Encoding mesh Canopy sprays 0721.
18:15:57 | INFO: Draco encoder: Encoding mesh Canopy sprays 0722.
18:15:57 | INFO: Draco encoder: Encoding mesh Canopy sprays 0723.
18:15:57 | INFO: Draco encoder: Encoding mesh Canopy sprays 0724.
18:15:57 | INFO: Draco encoder: Encoding mesh Canopy sprays 0725.
18:15:57 | INFO: Draco encoder: Encoding mesh Canopy sprays 0726.
18:15:57 | INFO: Draco encoder: Encoding mesh Canopy sprays 0727.
18:15:57 | INFO: Draco encoder: Encoding mesh Canopy sprays 0728.
18:15:57 | INFO: Draco encoder: Encoding mesh Canopy sprays 0729.
18:15:57 | INFO: Draco encoder: Encoding mesh Canopy sprays 0730.
18:15:57 | INFO: Draco encoder: Encoding mesh Canopy sprays 0731.
18:15:57 | INFO: Draco encoder: Encoding mesh Canopy sprays 0732.
18:15:57 | INFO: Draco encoder: Encoding mesh Canopy sprays 0733.
18:15:57 | INFO: Draco encoder: Encoding mesh Canopy sprays 0734.
18:15:57 | INFO: Draco encoder: Encoding mesh Canopy sprays 0735.
18:15:57 | INFO: Draco encoder: Encoding mesh Canopy sprays 0736.
18:15:57 | INFO: Draco encoder: Encoding mesh Canopy sprays 0737.
18:15:57 | INFO: Draco encoder: Encoding mesh Canopy sprays 0738.
18:15:57 | INFO: Draco encoder: Encoding mesh Canopy sprays 0739.
18:15:57 | INFO: Draco encoder: Encoding mesh Canopy sprays 0740.
18:15:57 | INFO: Draco encoder: Encoding mesh Canopy sprays 0741.
18:15:57 | INFO: Draco encoder: Encoding mesh Canopy sprays 0742.
18:15:57 | INFO: Draco encoder: Encoding mesh Canopy sprays 0743.
18:15:57 | INFO: Draco encoder: Encoding mesh Canopy sprays 0744.
18:15:57 | INFO: Draco encoder: Encoding mesh Canopy sprays 0745.
18:15:57 | INFO: Draco encoder: Encoding mesh Canopy sprays 0746.
18:15:57 | INFO: Draco encoder: Encoding mesh Canopy sprays 0747.
18:15:57 | INFO: Draco encoder: Encoding mesh Canopy sprays 0748.
18:15:57 | INFO: Draco encoder: Encoding mesh Canopy sprays 0749.
18:15:57 | INFO: Draco encoder: Encoding mesh Canopy sprays 0750.
18:15:57 | INFO: Draco encoder: Encoding mesh Canopy sprays 0751.
18:15:57 | INFO: Draco encoder: Encoding mesh Canopy sprays 0752.
18:15:57 | INFO: Draco encoder: Encoding mesh Canopy sprays 0753.
18:15:57 | INFO: Draco encoder: Encoding mesh Canopy sprays 0754.
18:15:57 | INFO: Draco encoder: Encoding mesh Canopy sprays 0755.
18:15:57 | INFO: Draco encoder: Encoding mesh Canopy sprays 0756.
18:15:57 | INFO: Draco encoder: Encoding mesh Canopy sprays 0757.
18:15:57 | INFO: Draco encoder: Encoding mesh Canopy sprays 0758.
18:15:57 | INFO: Draco encoder: Encoding mesh Canopy sprays 0759.
18:15:57 | INFO: Draco encoder: Encoding mesh Canopy sprays 0760.
18:15:57 | INFO: Draco encoder: Encoding mesh Canopy sprays 0761.
18:15:57 | INFO: Draco encoder: Encoding mesh Canopy sprays 0762.
18:15:57 | INFO: Draco encoder: Encoding mesh Canopy sprays 0763.
18:15:57 | INFO: Draco encoder: Encoding mesh Canopy sprays 0764.
18:15:57 | INFO: Draco encoder: Encoding mesh Canopy sprays 0765.
18:15:57 | INFO: Draco encoder: Encoding mesh Canopy sprays 0766.
18:15:57 | INFO: Draco encoder: Encoding mesh Canopy sprays 0767.
18:15:57 | INFO: Draco encoder: Encoding mesh Canopy sprays 0768.
18:15:57 | INFO: Draco encoder: Encoding mesh Canopy sprays 0769.
18:15:57 | INFO: Draco encoder: Encoding mesh Canopy sprays 0770.
18:15:57 | INFO: Draco encoder: Encoding mesh Canopy sprays 0771.
18:15:57 | INFO: Draco encoder: Encoding mesh Canopy sprays 0772.
18:15:57 | INFO: Draco encoder: Encoding mesh Canopy sprays 0773.
18:15:57 | INFO: Draco encoder: Encoding mesh Canopy sprays 0774.
18:15:57 | INFO: Draco encoder: Encoding mesh Canopy sprays 0775.
18:15:57 | INFO: Draco encoder: Encoding mesh Canopy sprays 0776.
18:15:57 | INFO: Draco encoder: Encoding mesh Canopy sprays 0777.
18:15:57 | INFO: Draco encoder: Encoding mesh Canopy sprays 0778.
18:15:57 | INFO: Draco encoder: Encoding mesh Canopy sprays 0779.
18:15:57 | INFO: Draco encoder: Encoding mesh Canopy sprays 0780.
18:15:57 | INFO: Draco encoder: Encoding mesh Canopy sprays 0781.
18:15:57 | INFO: Draco encoder: Encoding mesh Canopy sprays 0782.
18:15:57 | INFO: Draco encoder: Encoding mesh Canopy sprays 0783.
18:15:57 | INFO: Draco encoder: Encoding mesh Canopy sprays 0784.
18:15:57 | INFO: Draco encoder: Encoding mesh Canopy sprays 0785.
18:15:57 | INFO: Draco encoder: Encoding mesh Canopy sprays 0786.
18:15:57 | INFO: Draco encoder: Encoding mesh Canopy sprays 0787.
18:15:57 | INFO: Draco encoder: Encoding mesh Canopy sprays 0788.
18:15:57 | INFO: Draco encoder: Encoding mesh Canopy sprays 0789.
18:15:57 | INFO: Draco encoder: Encoding mesh Canopy sprays 0790.
18:15:57 | INFO: Draco encoder: Encoding mesh Canopy sprays 0791.
18:15:57 | INFO: Draco encoder: Encoding mesh Canopy sprays 0792.
18:15:57 | INFO: Draco encoder: Encoding mesh Canopy sprays 0793.
18:15:57 | INFO: Draco encoder: Encoding mesh Canopy sprays 0794.
18:15:57 | INFO: Draco encoder: Encoding mesh Canopy sprays 0795.
18:15:57 | INFO: Draco encoder: Encoding mesh Canopy sprays 0796.
18:15:57 | INFO: Draco encoder: Encoding mesh Canopy sprays 0797.
18:15:57 | INFO: Draco encoder: Encoding mesh Canopy sprays 0798.
18:15:57 | INFO: Draco encoder: Encoding mesh Canopy sprays 0799.
18:15:57 | INFO: Draco encoder: Encoding mesh Canopy sprays 0800.
18:15:57 | INFO: Draco encoder: Encoding mesh Canopy sprays 0801.
18:15:57 | INFO: Draco encoder: Encoding mesh Canopy sprays 0802.
18:15:57 | INFO: Draco encoder: Encoding mesh Canopy sprays 0803.
18:15:57 | INFO: Draco encoder: Encoding mesh Canopy sprays 0804.
18:15:57 | INFO: Draco encoder: Encoding mesh Canopy sprays 0805.
18:15:57 | INFO: Draco encoder: Encoding mesh Canopy sprays 0806.
18:15:57 | INFO: Draco encoder: Encoding mesh Canopy sprays 0807.
18:15:57 | INFO: Draco encoder: Encoding mesh Canopy sprays 0808.
18:15:57 | INFO: Draco encoder: Encoding mesh Canopy sprays 0809.
18:15:57 | INFO: Draco encoder: Encoding mesh Canopy sprays 0810.
18:15:57 | INFO: Draco encoder: Encoding mesh Canopy sprays 0811.
18:15:57 | INFO: Draco encoder: Encoding mesh Canopy sprays 0812.
18:15:57 | INFO: Draco encoder: Encoding mesh Canopy sprays 0813.
18:15:57 | INFO: Draco encoder: Encoding mesh Canopy sprays 0814.
18:15:57 | INFO: Draco encoder: Encoding mesh Canopy sprays 0815.
18:15:57 | INFO: Draco encoder: Encoding mesh Canopy sprays 0816.
18:15:57 | INFO: Draco encoder: Encoding mesh Canopy sprays 0817.
18:15:57 | INFO: Draco encoder: Encoding mesh Canopy sprays 0818.
18:15:57 | INFO: Draco encoder: Encoding mesh Canopy sprays 0819.
18:15:57 | INFO: Draco encoder: Encoding mesh Canopy sprays 0820.
18:15:57 | INFO: Draco encoder: Encoding mesh Canopy sprays 0821.
18:15:57 | INFO: Draco encoder: Encoding mesh Canopy sprays 0822.
18:15:57 | INFO: Draco encoder: Encoding mesh Canopy sprays 0823.
18:15:57 | INFO: Draco encoder: Encoding mesh Canopy sprays 0824.
18:15:57 | INFO: Draco encoder: Encoding mesh Canopy sprays 0825.
18:15:57 | INFO: Draco encoder: Encoding mesh Canopy sprays 0826.
18:15:57 | INFO: Draco encoder: Encoding mesh Canopy sprays 0827.
18:15:57 | INFO: Draco encoder: Encoding mesh Canopy sprays 0828.
18:15:57 | INFO: Draco encoder: Encoding mesh Canopy sprays 0829.
18:15:57 | INFO: Draco encoder: Encoding mesh Canopy sprays 0830.
18:15:57 | INFO: Draco encoder: Encoding mesh Canopy sprays 0831.
18:15:57 | INFO: Draco encoder: Encoding mesh Canopy sprays 0832.
18:15:57 | INFO: Draco encoder: Encoding mesh Canopy sprays 0833.
18:15:57 | INFO: Draco encoder: Encoding mesh Canopy sprays 0834.
18:15:57 | INFO: Draco encoder: Encoding mesh Canopy sprays 0835.
18:15:57 | INFO: Draco encoder: Encoding mesh Canopy sprays 0836.
18:15:57 | INFO: Draco encoder: Encoding mesh Canopy sprays 0837.
18:15:57 | INFO: Draco encoder: Encoding mesh Canopy sprays 0838.
18:15:57 | INFO: Draco encoder: Encoding mesh Canopy sprays 0839.
18:15:57 | INFO: Draco encoder: Encoding mesh Canopy sprays 0840.
18:15:57 | INFO: Draco encoder: Encoding mesh Canopy sprays 0841.
18:15:57 | INFO: Draco encoder: Encoding mesh Canopy sprays 0842.
18:15:57 | INFO: Draco encoder: Encoding mesh Canopy sprays 0843.
18:15:57 | INFO: Draco encoder: Encoding mesh Canopy sprays 0844.
18:15:57 | INFO: Draco encoder: Encoding mesh Canopy sprays 0845.
18:15:57 | INFO: Draco encoder: Encoding mesh Canopy sprays 0846.
18:15:57 | INFO: Draco encoder: Encoding mesh Canopy sprays 0847.
18:15:57 | INFO: Draco encoder: Encoding mesh Canopy sprays 0848.
18:15:57 | INFO: Draco encoder: Encoding mesh Canopy sprays 0849.
18:15:57 | INFO: Draco encoder: Encoding mesh Canopy sprays 0850.
18:15:57 | INFO: Draco encoder: Encoding mesh Canopy sprays 0851.
18:15:57 | INFO: Draco encoder: Encoding mesh Canopy sprays 0852.
18:15:57 | INFO: Draco encoder: Encoding mesh Canopy sprays 0853.
18:15:57 | INFO: Draco encoder: Encoding mesh Canopy sprays 0854.
18:15:57 | INFO: Draco encoder: Encoding mesh Canopy sprays 0855.
18:15:57 | INFO: Draco encoder: Encoding mesh Canopy sprays 0856.
18:15:57 | INFO: Draco encoder: Encoding mesh Canopy sprays 0857.
18:15:57 | INFO: Draco encoder: Encoding mesh Canopy sprays 0858.
18:15:57 | INFO: Draco encoder: Encoding mesh Canopy sprays 0859.
18:15:57 | INFO: Draco encoder: Encoding mesh Canopy sprays 0860.
18:15:57 | INFO: Draco encoder: Encoding mesh Canopy sprays 0861.
18:15:57 | INFO: Draco encoder: Encoding mesh Canopy sprays 0862.
18:15:57 | INFO: Draco encoder: Encoding mesh Canopy sprays 0863.
18:15:57 | INFO: Draco encoder: Encoding mesh Canopy sprays 0864.
18:15:57 | INFO: Draco encoder: Encoding mesh Canopy sprays 0865.
18:15:57 | INFO: Draco encoder: Encoding mesh Canopy sprays 0866.
18:15:57 | INFO: Draco encoder: Encoding mesh Canopy sprays 0867.
18:15:57 | INFO: Draco encoder: Encoding mesh Canopy sprays 0868.
18:15:57 | INFO: Draco encoder: Encoding mesh Canopy sprays 0869.
18:15:57 | INFO: Draco encoder: Encoding mesh Canopy sprays 0870.
18:15:57 | INFO: Draco encoder: Encoding mesh Canopy sprays 0871.
18:15:57 | INFO: Draco encoder: Encoding mesh Canopy sprays 0872.
18:15:57 | INFO: Draco encoder: Encoding mesh Canopy sprays 0873.
18:15:57 | INFO: Draco encoder: Encoding mesh Canopy sprays 0874.
18:15:57 | INFO: Draco encoder: Encoding mesh Canopy sprays 0875.
18:15:57 | INFO: Draco encoder: Encoding mesh Canopy sprays 0876.
18:15:57 | INFO: Draco encoder: Encoding mesh Canopy sprays 0877.
18:15:57 | INFO: Draco encoder: Encoding mesh Canopy sprays 0878.
18:15:57 | INFO: Draco encoder: Encoding mesh Canopy sprays 0879.
18:15:57 | INFO: Draco encoder: Encoding mesh Canopy sprays 0880.
18:15:57 | INFO: Draco encoder: Encoding mesh Canopy sprays 0881.
18:15:57 | INFO: Draco encoder: Encoding mesh Canopy sprays 0882.
18:15:57 | INFO: Draco encoder: Encoding mesh Canopy sprays 0883.
18:15:57 | INFO: Draco encoder: Encoding mesh Canopy sprays 0884.
18:15:57 | INFO: Draco encoder: Encoding mesh Canopy sprays 0885.
18:15:57 | INFO: Draco encoder: Encoding mesh Canopy sprays 0886.
18:15:57 | INFO: Draco encoder: Encoding mesh Canopy sprays 0887.
18:15:57 | INFO: Draco encoder: Encoding mesh Canopy sprays 0888.
18:15:57 | INFO: Draco encoder: Encoding mesh Canopy sprays 0889.
18:15:57 | INFO: Draco encoder: Encoding mesh Canopy sprays 0890.
18:15:57 | INFO: Draco encoder: Encoding mesh Canopy sprays 0891.
18:15:57 | INFO: Draco encoder: Encoding mesh Canopy sprays 0892.
18:15:57 | INFO: Draco encoder: Encoding mesh Canopy sprays 0893.
18:15:57 | INFO: Draco encoder: Encoding mesh Canopy sprays 0894.
18:15:57 | INFO: Draco encoder: Encoding mesh Canopy sprays 0895.
18:15:57 | INFO: Draco encoder: Encoding mesh Canopy sprays 0896.
18:15:57 | INFO: Draco encoder: Encoding mesh Canopy sprays 0897.
18:15:57 | INFO: Draco encoder: Encoding mesh Canopy sprays 0898.
18:15:57 | INFO: Draco encoder: Encoding mesh Canopy sprays 0899.
18:15:57 | INFO: Draco encoder: Encoding mesh Canopy sprays 0900.
18:15:57 | INFO: Draco encoder: Encoding mesh Canopy sprays 0901.
18:15:57 | INFO: Draco encoder: Encoding mesh Canopy sprays 0902.
18:15:57 | INFO: Draco encoder: Encoding mesh Canopy sprays 0903.
18:15:57 | INFO: Draco encoder: Encoding mesh Canopy sprays 0904.
18:15:57 | INFO: Draco encoder: Encoding mesh Canopy sprays 0905.
18:15:57 | INFO: Draco encoder: Encoding mesh Canopy sprays 0906.
18:15:57 | INFO: Draco encoder: Encoding mesh Canopy sprays 0907.
18:15:57 | INFO: Draco encoder: Encoding mesh Canopy sprays 0908.
18:15:57 | INFO: Draco encoder: Encoding mesh Canopy sprays 0909.
18:15:57 | INFO: Draco encoder: Encoding mesh Canopy sprays 0910.
18:15:57 | INFO: Draco encoder: Encoding mesh Canopy sprays 0911.
18:15:57 | INFO: Draco encoder: Encoding mesh Canopy sprays 0912.
18:15:57 | INFO: Draco encoder: Encoding mesh Canopy sprays 0913.
18:15:57 | INFO: Draco encoder: Encoding mesh Canopy sprays 0914.
18:15:57 | INFO: Draco encoder: Encoding mesh Canopy sprays 0915.
18:15:57 | INFO: Draco encoder: Encoding mesh Canopy sprays 0916.
18:15:57 | INFO: Draco encoder: Encoding mesh Canopy sprays 0917.
18:15:57 | INFO: Draco encoder: Encoding mesh Canopy sprays 0918.
18:15:57 | INFO: Draco encoder: Encoding mesh Canopy sprays 0919.
18:15:57 | INFO: Draco encoder: Encoding mesh Canopy sprays 0920.
18:15:57 | INFO: Draco encoder: Encoding mesh Canopy sprays 0921.
18:15:57 | INFO: Draco encoder: Encoding mesh Canopy sprays 0922.
18:15:57 | INFO: Draco encoder: Encoding mesh Canopy sprays 0923.
18:15:57 | INFO: Draco encoder: Encoding mesh Canopy sprays 0924.
18:15:57 | INFO: Draco encoder: Encoding mesh Canopy sprays 0925.
18:15:57 | INFO: Draco encoder: Encoding mesh Canopy sprays 0926.
18:15:57 | INFO: Draco encoder: Encoding mesh Canopy sprays 0927.
18:15:57 | INFO: Draco encoder: Encoding mesh Canopy sprays 0928.
18:15:57 | INFO: Draco encoder: Encoding mesh Canopy sprays 0929.
18:15:57 | INFO: Draco encoder: Encoding mesh Canopy sprays 0930.
18:15:57 | INFO: Draco encoder: Encoding mesh Canopy sprays 0931.
18:15:57 | INFO: Draco encoder: Encoding mesh Canopy sprays 0932.
18:15:57 | INFO: Draco encoder: Encoding mesh Canopy sprays 0933.
18:15:57 | INFO: Draco encoder: Encoding mesh Canopy sprays 0934.
18:15:57 | INFO: Draco encoder: Encoding mesh Canopy sprays 0935.
18:15:57 | INFO: Draco encoder: Encoding mesh Canopy sprays 0936.
18:15:57 | INFO: Draco encoder: Encoding mesh Canopy sprays 0937.
18:15:57 | INFO: Draco encoder: Encoding mesh Canopy sprays 0938.
18:15:57 | INFO: Draco encoder: Encoding mesh Canopy sprays 0939.
18:15:57 | INFO: Draco encoder: Encoding mesh Canopy sprays 0940.
18:15:57 | INFO: Draco encoder: Encoding mesh Canopy sprays 0941.
18:15:57 | INFO: Draco encoder: Encoding mesh Canopy sprays 0942.
18:15:57 | INFO: Draco encoder: Encoding mesh Canopy sprays 0943.
18:15:57 | INFO: Draco encoder: Encoding mesh Canopy sprays 0944.
18:15:57 | INFO: Draco encoder: Encoding mesh Canopy sprays 0945.
18:15:57 | INFO: Draco encoder: Encoding mesh Canopy sprays 0946.
18:15:57 | INFO: Draco encoder: Encoding mesh Canopy sprays 0947.
18:15:57 | INFO: Draco encoder: Encoding mesh Canopy sprays 0948.
18:15:57 | INFO: Draco encoder: Encoding mesh Canopy sprays 0949.
18:15:57 | INFO: Draco encoder: Encoding mesh Canopy sprays 0950.
18:15:57 | INFO: Draco encoder: Encoding mesh Canopy sprays 0951.
18:15:57 | INFO: Draco encoder: Encoding mesh Canopy sprays 0952.
18:15:57 | INFO: Draco encoder: Encoding mesh Canopy sprays 0953.
18:15:57 | INFO: Draco encoder: Encoding mesh Canopy sprays 0954.
18:15:57 | INFO: Draco encoder: Encoding mesh Canopy sprays 0955.
18:15:57 | INFO: Draco encoder: Encoding mesh Canopy sprays 0956.
18:15:57 | INFO: Draco encoder: Encoding mesh Canopy sprays 0957.
18:15:57 | INFO: Draco encoder: Encoding mesh Canopy sprays 0958.
18:15:57 | INFO: Draco encoder: Encoding mesh Canopy sprays 0959.
18:15:57 | INFO: Draco encoder: Encoding mesh Canopy sprays 0960.
18:15:57 | INFO: Draco encoder: Encoding mesh Canopy sprays 0961.
18:15:57 | INFO: Draco encoder: Encoding mesh Canopy sprays 0962.
18:15:57 | INFO: Draco encoder: Encoding mesh Canopy sprays 0963.
18:15:57 | INFO: Draco encoder: Encoding mesh Canopy sprays 0964.
18:15:57 | INFO: Draco encoder: Encoding mesh Canopy sprays 0965.
18:15:57 | INFO: Draco encoder: Encoding mesh Canopy sprays 0966.
18:15:57 | INFO: Draco encoder: Encoding mesh Canopy sprays 0967.
18:15:57 | INFO: Draco encoder: Encoding mesh Canopy sprays 0968.
18:15:57 | INFO: Draco encoder: Encoding mesh Canopy sprays 0969.
18:15:57 | INFO: Draco encoder: Encoding mesh Canopy sprays 0970.
18:15:57 | INFO: Draco encoder: Encoding mesh Canopy sprays 0971.
18:15:57 | INFO: Draco encoder: Encoding mesh Canopy sprays 0972.
18:15:57 | INFO: Draco encoder: Encoding mesh Canopy sprays 0973.
18:15:57 | INFO: Draco encoder: Encoding mesh Canopy sprays 0974.
18:15:57 | INFO: Draco encoder: Encoding mesh Canopy sprays 0975.
18:15:57 | INFO: Draco encoder: Encoding mesh Canopy sprays 0976.
18:15:57 | INFO: Draco encoder: Encoding mesh Canopy sprays 0977.
18:15:57 | INFO: Draco encoder: Encoding mesh Canopy sprays 0978.
18:15:57 | INFO: Draco encoder: Encoding mesh Canopy sprays 0979.
18:15:57 | INFO: Draco encoder: Encoding mesh Canopy sprays 0980.
18:15:57 | INFO: Draco encoder: Encoding mesh Canopy sprays 0981.
18:15:57 | INFO: Draco encoder: Encoding mesh Canopy sprays 0982.
18:15:57 | INFO: Draco encoder: Encoding mesh Canopy sprays 0983.
18:15:57 | INFO: Draco encoder: Encoding mesh Canopy sprays 0984.
18:15:57 | INFO: Draco encoder: Encoding mesh Canopy sprays 0985.
18:15:57 | INFO: Draco encoder: Encoding mesh Canopy sprays 0986.
18:15:57 | INFO: Draco encoder: Encoding mesh Canopy sprays 0987.
18:15:57 | INFO: Draco encoder: Encoding mesh Canopy sprays 0988.
18:15:57 | INFO: Draco encoder: Encoding mesh Canopy sprays 0989.
18:15:57 | INFO: Draco encoder: Encoding mesh Canopy sprays 0990.
18:15:57 | INFO: Draco encoder: Encoding mesh Canopy sprays 0991.
18:15:57 | INFO: Draco encoder: Encoding mesh Canopy sprays 0992.
18:15:57 | INFO: Draco encoder: Encoding mesh Canopy sprays 0993.
18:15:57 | INFO: Draco encoder: Encoding mesh Canopy sprays 0994.
18:15:57 | INFO: Draco encoder: Encoding mesh Canopy sprays 0995.
18:15:57 | INFO: Draco encoder: Encoding mesh Canopy sprays 0996.
18:15:57 | INFO: Draco encoder: Encoding mesh Canopy sprays 0997.
18:15:57 | INFO: Draco encoder: Encoding mesh Canopy sprays 0998.
18:15:57 | INFO: Draco encoder: Encoding mesh Canopy sprays 0999.
18:15:57 | INFO: Draco encoder: Encoding mesh Canopy sprays 1000.
18:15:57 | INFO: Draco encoder: Encoding mesh Canopy sprays 1001.
18:15:57 | INFO: Draco encoder: Encoding mesh Canopy sprays 1002.
18:15:57 | INFO: Draco encoder: Encoding mesh Canopy sprays 1003.
18:15:57 | INFO: Draco encoder: Encoding mesh Canopy sprays 1004.
18:15:57 | INFO: Draco encoder: Encoding mesh Canopy sprays 1005.
18:15:57 | INFO: Draco encoder: Encoding mesh Canopy sprays 1006.
18:15:57 | INFO: Draco encoder: Encoding mesh Canopy sprays 1007.
18:15:57 | INFO: Draco encoder: Encoding mesh Canopy sprays 1008.
18:15:57 | INFO: Draco encoder: Encoding mesh Canopy sprays 1009.
18:15:57 | INFO: Draco encoder: Encoding mesh Canopy sprays 1010.
18:15:57 | INFO: Draco encoder: Encoding mesh Canopy sprays 1011.
18:15:57 | INFO: Draco encoder: Encoding mesh Canopy sprays 1012.
18:15:57 | INFO: Draco encoder: Encoding mesh Canopy sprays 1013.
18:15:57 | INFO: Draco encoder: Encoding mesh Canopy sprays 1014.
18:15:57 | INFO: Draco encoder: Encoding mesh Canopy sprays 1015.
18:15:57 | INFO: Draco encoder: Encoding mesh Canopy sprays 1016.
18:15:57 | INFO: Draco encoder: Encoding mesh Canopy sprays 1017.
18:15:57 | INFO: Draco encoder: Encoding mesh Canopy sprays 1018.
18:15:57 | INFO: Draco encoder: Encoding mesh Canopy sprays 1019.
18:15:57 | INFO: Draco encoder: Encoding mesh Canopy sprays 1020.
18:15:57 | INFO: Draco encoder: Encoding mesh Canopy sprays 1021.
18:15:57 | INFO: Draco encoder: Encoding mesh Canopy sprays 1022.
18:15:57 | INFO: Draco encoder: Encoding mesh Canopy sprays 1023.
18:15:57 | INFO: Draco encoder: Encoding mesh Canopy sprays 1024.
18:15:57 | INFO: Draco encoder: Encoding mesh Canopy sprays 1025.
18:15:57 | INFO: Draco encoder: Encoding mesh Canopy sprays 1026.
18:15:57 | INFO: Draco encoder: Encoding mesh Canopy sprays 1027.
18:15:57 | INFO: Draco encoder: Encoding mesh Canopy sprays 1028.
18:15:57 | INFO: Draco encoder: Encoding mesh Canopy sprays 1029.
18:15:57 | INFO: Draco encoder: Encoding mesh Canopy sprays 1030.
18:15:57 | INFO: Draco encoder: Encoding mesh Canopy sprays 1031.
18:15:57 | INFO: Draco encoder: Encoding mesh Canopy sprays 1032.
18:15:57 | INFO: Draco encoder: Encoding mesh Canopy sprays 1033.
18:15:57 | INFO: Draco encoder: Encoding mesh Canopy sprays 1034.
18:15:57 | INFO: Draco encoder: Encoding mesh Canopy sprays 1035.
18:15:57 | INFO: Draco encoder: Encoding mesh Canopy sprays 1036.
18:15:57 | INFO: Draco encoder: Encoding mesh Canopy sprays 1037.
18:15:57 | INFO: Draco encoder: Encoding mesh Canopy sprays 1038.
18:15:57 | INFO: Draco encoder: Encoding mesh Canopy sprays 1039.
18:15:57 | INFO: Draco encoder: Encoding mesh Canopy sprays 1040.
18:15:57 | INFO: Draco encoder: Encoding mesh Canopy sprays 1041.
18:15:57 | INFO: Draco encoder: Encoding mesh Canopy sprays 1042.
18:15:57 | INFO: Draco encoder: Encoding mesh Canopy sprays 1043.
18:15:57 | INFO: Draco encoder: Encoding mesh Canopy sprays 1044.
18:15:57 | INFO: Draco encoder: Encoding mesh Canopy sprays 1045.
18:15:57 | INFO: Draco encoder: Encoding mesh Canopy sprays 1046.
18:15:57 | INFO: Draco encoder: Encoding mesh Canopy sprays 1047.
18:15:57 | INFO: Draco encoder: Encoding mesh Canopy sprays 1048.
18:15:57 | INFO: Draco encoder: Encoding mesh Canopy sprays 1049.
18:15:57 | INFO: Draco encoder: Encoding mesh Canopy sprays 1050.
18:15:57 | INFO: Draco encoder: Encoding mesh Canopy sprays 1051.
18:15:57 | INFO: Draco encoder: Encoding mesh Canopy sprays 1052.
18:15:57 | INFO: Draco encoder: Encoding mesh Canopy sprays 1053.
18:15:57 | INFO: Draco encoder: Encoding mesh Canopy sprays 1054.
18:15:57 | INFO: Draco encoder: Encoding mesh Canopy sprays 1055.
18:15:57 | INFO: Draco encoder: Encoding mesh Canopy sprays 1056.
18:15:57 | INFO: Draco encoder: Encoding mesh Canopy sprays 1057.
18:15:57 | INFO: Draco encoder: Encoding mesh Canopy sprays 1058.
18:15:57 | INFO: Draco encoder: Encoding mesh Canopy sprays 1059.
18:15:57 | INFO: Draco encoder: Encoding mesh Canopy sprays 1060.
18:15:57 | INFO: Draco encoder: Encoding mesh Canopy sprays 1061.
18:15:57 | INFO: Draco encoder: Encoding mesh Canopy sprays 1062.
18:15:57 | INFO: Draco encoder: Encoding mesh Canopy sprays 1063.
18:15:57 | INFO: Draco encoder: Encoding mesh Canopy sprays 1064.
18:15:57 | INFO: Draco encoder: Encoding mesh Canopy sprays 1065.
18:15:57 | INFO: Draco encoder: Encoding mesh Canopy sprays 1066.
18:15:57 | INFO: Draco encoder: Encoding mesh Canopy sprays 1067.
18:15:57 | INFO: Draco encoder: Encoding mesh Canopy sprays 1068.
18:15:57 | INFO: Draco encoder: Encoding mesh Canopy sprays 1069.
18:15:57 | INFO: Draco encoder: Encoding mesh Canopy sprays 1070.
18:15:57 | INFO: Draco encoder: Encoding mesh Canopy sprays 1071.
18:15:57 | INFO: Draco encoder: Encoding mesh Canopy sprays 1072.
18:15:57 | INFO: Draco encoder: Encoding mesh Canopy sprays 1073.
18:15:57 | INFO: Draco encoder: Encoding mesh Canopy sprays 1074.
18:15:57 | INFO: Draco encoder: Encoding mesh Canopy sprays 1075.
18:15:57 | INFO: Draco encoder: Encoding mesh Canopy sprays 1076.
18:15:57 | INFO: Draco encoder: Encoding mesh Canopy sprays 1077.
18:15:57 | INFO: Draco encoder: Encoding mesh Canopy sprays 1078.
18:15:57 | INFO: Draco encoder: Encoding mesh Canopy sprays 1079.
18:15:57 | INFO: Draco encoder: Encoding mesh Canopy sprays 1080.
18:15:57 | INFO: Draco encoder: Encoding mesh Canopy sprays 1081.
18:15:57 | INFO: Draco encoder: Encoding mesh Canopy sprays 1082.
18:15:57 | INFO: Draco encoder: Encoding mesh Canopy sprays 1083.
18:15:57 | INFO: Draco encoder: Encoding mesh Canopy sprays 1084.
18:15:57 | INFO: Draco encoder: Encoding mesh Canopy sprays 1085.
18:15:57 | INFO: Draco encoder: Encoding mesh Canopy sprays 1086.
18:15:57 | INFO: Draco encoder: Encoding mesh Canopy sprays 1087.
18:15:57 | INFO: Draco encoder: Encoding mesh Canopy sprays 1088.
18:15:57 | INFO: Draco encoder: Encoding mesh Canopy sprays 1089.
18:15:57 | INFO: Draco encoder: Encoding mesh Canopy sprays 1090.
18:15:57 | INFO: Draco encoder: Encoding mesh Canopy sprays 1091.
18:15:57 | INFO: Draco encoder: Encoding mesh Canopy sprays 1092.
18:15:57 | INFO: Draco encoder: Encoding mesh Canopy sprays 1093.
18:15:57 | INFO: Draco encoder: Encoding mesh Canopy sprays 1094.
18:15:57 | INFO: Draco encoder: Encoding mesh Canopy sprays 1095.
18:15:57 | INFO: Draco encoder: Encoding mesh Canopy sprays 1096.
18:15:57 | INFO: Draco encoder: Encoding mesh Canopy sprays 1097.
18:15:57 | INFO: Draco encoder: Encoding mesh Canopy sprays 1098.
18:15:57 | INFO: Draco encoder: Encoding mesh Canopy sprays 1099.
18:15:57 | INFO: Draco encoder: Encoding mesh Canopy sprays 1100.
18:15:57 | INFO: Draco encoder: Encoding mesh Canopy sprays 1101.
18:15:57 | INFO: Draco encoder: Encoding mesh Canopy sprays 1102.
18:15:57 | INFO: Draco encoder: Encoding mesh Canopy sprays 1103.
18:15:57 | INFO: Draco encoder: Encoding mesh Canopy sprays 1104.
18:15:57 | INFO: Draco encoder: Encoding mesh Canopy sprays 1105.
18:15:57 | INFO: Draco encoder: Encoding mesh Canopy sprays 1106.
18:15:57 | INFO: Draco encoder: Encoding mesh Canopy sprays 1107.
18:15:57 | INFO: Draco encoder: Encoding mesh Canopy sprays 1108.
18:15:57 | INFO: Draco encoder: Encoding mesh Canopy sprays 1109.
18:15:57 | INFO: Draco encoder: Encoding mesh Canopy sprays 1110.
18:15:57 | INFO: Draco encoder: Encoding mesh Canopy sprays 1111.
18:15:57 | INFO: Draco encoder: Encoding mesh Canopy sprays 1112.
18:15:57 | INFO: Draco encoder: Encoding mesh Canopy sprays 1113.
18:15:57 | INFO: Draco encoder: Encoding mesh Canopy sprays 1114.
18:15:57 | INFO: Draco encoder: Encoding mesh Canopy sprays 1115.
18:15:57 | INFO: Draco encoder: Encoding mesh Canopy sprays 1116.
18:15:57 | INFO: Draco encoder: Encoding mesh Canopy sprays 1117.
18:15:57 | INFO: Draco encoder: Encoding mesh Canopy sprays 1118.
18:15:57 | INFO: Draco encoder: Encoding mesh Canopy sprays 1119.
18:15:57 | INFO: Draco encoder: Encoding mesh Canopy sprays 1120.
18:15:57 | INFO: Draco encoder: Encoding mesh Canopy sprays 1121.
18:15:57 | INFO: Draco encoder: Encoding mesh Canopy sprays 1122.
18:15:57 | INFO: Draco encoder: Encoding mesh Canopy sprays 1123.
18:15:57 | INFO: Draco encoder: Encoding mesh Canopy sprays 1124.
18:15:57 | INFO: Draco encoder: Encoding mesh Canopy sprays 1125.
18:15:57 | INFO: Draco encoder: Encoding mesh Canopy sprays 1126.
18:15:57 | INFO: Draco encoder: Encoding mesh Canopy sprays 1127.
18:15:57 | INFO: Draco encoder: Encoding mesh Canopy sprays 1128.
18:15:57 | INFO: Draco encoder: Encoding mesh Canopy sprays 1129.
18:15:57 | INFO: Draco encoder: Encoding mesh Canopy sprays 1130.
18:15:57 | INFO: Draco encoder: Encoding mesh Canopy sprays 1131.
18:15:57 | INFO: Draco encoder: Encoding mesh Canopy sprays 1132.
18:15:57 | INFO: Draco encoder: Encoding mesh Canopy sprays 1133.
18:15:57 | INFO: Draco encoder: Encoding mesh Canopy sprays 1134.
18:15:57 | INFO: Draco encoder: Encoding mesh Canopy sprays 1135.
18:15:57 | INFO: Draco encoder: Encoding mesh Canopy sprays 1136.
18:15:57 | INFO: Draco encoder: Encoding mesh Canopy sprays 1137.
18:15:57 | INFO: Draco encoder: Encoding mesh Canopy sprays 1138.
18:15:57 | INFO: Draco encoder: Encoding mesh Canopy sprays 1139.
18:15:57 | INFO: Draco encoder: Encoding mesh Canopy sprays 1140.
18:15:57 | INFO: Draco encoder: Encoding mesh Canopy sprays 1141.
18:15:57 | INFO: Draco encoder: Encoding mesh Canopy sprays 1142.
18:15:57 | INFO: Draco encoder: Encoding mesh Canopy sprays 1143.
18:15:57 | INFO: Draco encoder: Encoding mesh Canopy sprays 1144.
18:15:57 | INFO: Draco encoder: Encoding mesh Canopy sprays 1145.
18:15:57 | INFO: Draco encoder: Encoding mesh Canopy sprays 1146.
18:15:57 | INFO: Draco encoder: Encoding mesh Canopy sprays 1147.
18:15:57 | INFO: Draco encoder: Encoding mesh Canopy sprays 1148.
18:15:57 | INFO: Draco encoder: Encoding mesh Canopy sprays 1149.
18:15:57 | INFO: Draco encoder: Encoding mesh Canopy sprays 1150.
18:15:57 | INFO: Draco encoder: Encoding mesh Canopy sprays 1151.
18:15:57 | INFO: Draco encoder: Encoding mesh Canopy sprays 1152.
18:15:57 | INFO: Draco encoder: Encoding mesh Canopy sprays 1153.
18:15:57 | INFO: Draco encoder: Encoding mesh Canopy sprays 1154.
18:15:57 | INFO: Draco encoder: Encoding mesh Canopy sprays 1155.
18:15:57 | INFO: Draco encoder: Encoding mesh Canopy sprays 1156.
18:15:57 | INFO: Draco encoder: Encoding mesh Canopy sprays 1157.
18:15:57 | INFO: Draco encoder: Encoding mesh Canopy sprays 1158.
18:15:57 | INFO: Draco encoder: Encoding mesh Canopy sprays 1159.
18:15:57 | INFO: Draco encoder: Encoding mesh Canopy sprays 1160.
18:15:57 | INFO: Draco encoder: Encoding mesh Canopy sprays 1161.
18:15:57 | INFO: Draco encoder: Encoding mesh Canopy sprays 1162.
18:15:57 | INFO: Draco encoder: Encoding mesh Canopy sprays 1163.
18:15:57 | INFO: Draco encoder: Encoding mesh Canopy sprays 1164.
18:15:57 | INFO: Draco encoder: Encoding mesh Canopy sprays 1165.
18:15:57 | INFO: Draco encoder: Encoding mesh Canopy sprays 1166.
18:15:57 | INFO: Draco encoder: Encoding mesh Canopy sprays 1167.
18:15:57 | INFO: Draco encoder: Encoding mesh Canopy sprays 1168.
18:15:57 | INFO: Draco encoder: Encoding mesh Canopy sprays 1169.
18:15:57 | INFO: Draco encoder: Encoding mesh Canopy sprays 1170.
18:15:57 | INFO: Draco encoder: Encoding mesh Canopy sprays 1171.
18:15:57 | INFO: Draco encoder: Encoding mesh Canopy sprays 1172.
18:15:57 | INFO: Draco encoder: Encoding mesh Canopy sprays 1173.
18:15:57 | INFO: Draco encoder: Encoding mesh Canopy sprays 1174.
18:15:57 | INFO: Draco encoder: Encoding mesh Canopy sprays 1175.
18:15:57 | INFO: Draco encoder: Encoding mesh Canopy sprays 1176.
18:15:57 | INFO: Draco encoder: Encoding mesh Canopy sprays 1177.
18:15:57 | INFO: Draco encoder: Encoding mesh Canopy sprays 1178.
18:15:57 | INFO: Draco encoder: Encoding mesh Canopy sprays 1179.
18:15:57 | INFO: Draco encoder: Encoding mesh Canopy sprays 1180.
18:15:57 | INFO: Draco encoder: Encoding mesh Canopy sprays 1181.
18:15:57 | INFO: Draco encoder: Encoding mesh Canopy sprays 1182.
18:15:57 | INFO: Draco encoder: Encoding mesh Canopy sprays 1183.
18:15:57 | INFO: Draco encoder: Encoding mesh Canopy sprays 1184.
18:15:57 | INFO: Draco encoder: Encoding mesh Canopy sprays 1185.
18:15:57 | INFO: Draco encoder: Encoding mesh Canopy sprays 1186.
18:15:57 | INFO: Draco encoder: Encoding mesh Canopy sprays 1187.
18:15:57 | INFO: Draco encoder: Encoding mesh Canopy sprays 1188.
18:15:57 | INFO: Draco encoder: Encoding mesh Canopy sprays 1189.
18:15:57 | INFO: Draco encoder: Encoding mesh Canopy sprays 1190.
18:15:57 | INFO: Draco encoder: Encoding mesh Canopy sprays 1191.
18:15:57 | INFO: Draco encoder: Encoding mesh Canopy sprays 1192.
18:15:57 | INFO: Draco encoder: Encoding mesh Canopy sprays 1193.
18:15:57 | INFO: Draco encoder: Encoding mesh Canopy sprays 1194.
18:15:57 | INFO: Draco encoder: Encoding mesh Canopy sprays 1195.
18:15:57 | INFO: Draco encoder: Encoding mesh Canopy sprays 1196.
18:15:57 | INFO: Draco encoder: Encoding mesh Canopy sprays 1197.
18:15:57 | INFO: Draco encoder: Encoding mesh Canopy sprays 1198.
18:15:57 | INFO: Draco encoder: Encoding mesh Canopy sprays 1199.
18:15:57 | INFO: Draco encoder: Encoding mesh Canopy sprays 1200.
18:15:57 | INFO: Draco encoder: Encoding mesh Canopy sprays 1201.
18:15:57 | INFO: Draco encoder: Encoding mesh Canopy sprays 1202.
18:15:57 | INFO: Draco encoder: Encoding mesh Canopy sprays 1203.
18:15:57 | INFO: Draco encoder: Encoding mesh Canopy sprays 1204.
18:15:57 | INFO: Draco encoder: Encoding mesh Canopy sprays 1205.
18:15:57 | INFO: Draco encoder: Encoding mesh Canopy sprays 1206.
18:15:57 | INFO: Draco encoder: Encoding mesh Canopy sprays 1207.
18:15:57 | INFO: Draco encoder: Encoding mesh Canopy sprays 1208.
18:15:57 | INFO: Draco encoder: Encoding mesh Canopy sprays 1209.
18:15:57 | INFO: Draco encoder: Encoding mesh Canopy sprays 1210.
18:15:57 | INFO: Draco encoder: Encoding mesh Canopy sprays 1211.
18:15:57 | INFO: Draco encoder: Encoding mesh Canopy sprays 1212.
18:15:57 | INFO: Draco encoder: Encoding mesh Canopy sprays 1213.
18:15:57 | INFO: Draco encoder: Encoding mesh Canopy sprays 1214.
18:15:57 | INFO: Draco encoder: Encoding mesh Canopy sprays 1215.
18:15:57 | INFO: Draco encoder: Encoding mesh Canopy sprays 1216.
18:15:57 | INFO: Draco encoder: Encoding mesh Canopy sprays 1217.
18:15:57 | INFO: Draco encoder: Encoding mesh Canopy sprays 1218.
18:15:57 | INFO: Draco encoder: Encoding mesh Canopy sprays 1219.
18:15:57 | INFO: Draco encoder: Encoding mesh Canopy sprays 1220.
18:15:57 | INFO: Draco encoder: Encoding mesh Canopy sprays 1221.
18:15:57 | INFO: Draco encoder: Encoding mesh Canopy sprays 1222.
18:15:57 | INFO: Draco encoder: Encoding mesh Canopy sprays 1223.
18:15:57 | INFO: Draco encoder: Encoding mesh Canopy sprays 1224.
18:15:57 | INFO: Draco encoder: Encoding mesh Canopy sprays 1225.
18:15:57 | INFO: Draco encoder: Encoding mesh Canopy sprays 1226.
18:15:57 | INFO: Draco encoder: Encoding mesh Canopy sprays 1227.
18:15:57 | INFO: Draco encoder: Encoding mesh Canopy sprays 1228.
18:15:57 | INFO: Draco encoder: Encoding mesh Canopy sprays 1229.
18:15:57 | INFO: Draco encoder: Encoding mesh Canopy sprays 1230.
18:15:57 | INFO: Draco encoder: Encoding mesh Canopy sprays 1231.
18:15:57 | INFO: Draco encoder: Encoding mesh Canopy sprays 1232.
18:15:57 | INFO: Draco encoder: Encoding mesh Canopy sprays 1233.
18:15:57 | INFO: Draco encoder: Encoding mesh Canopy sprays 1234.
18:15:57 | INFO: Draco encoder: Encoding mesh Canopy sprays 1235.
18:15:57 | INFO: Draco encoder: Encoding mesh Canopy sprays 1236.
18:15:57 | INFO: Draco encoder: Encoding mesh Canopy sprays 1237.
18:15:57 | INFO: Draco encoder: Encoding mesh Canopy sprays 1238.
18:15:57 | INFO: Draco encoder: Encoding mesh Canopy sprays 1239.
18:15:57 | INFO: Draco encoder: Encoding mesh Canopy sprays 1240.
18:15:57 | INFO: Draco encoder: Encoding mesh Canopy sprays 1241.
18:15:57 | INFO: Draco encoder: Encoding mesh Canopy sprays 1242.
18:15:57 | INFO: Draco encoder: Encoding mesh Canopy sprays 1243.
18:15:57 | INFO: Draco encoder: Encoding mesh Canopy sprays 1244.
18:15:57 | INFO: Draco encoder: Encoding mesh Canopy sprays 1245.
18:15:57 | INFO: Draco encoder: Encoding mesh Canopy sprays 1246.
18:15:57 | INFO: Draco encoder: Encoding mesh Canopy sprays 1247.
18:15:57 | INFO: Draco encoder: Encoding mesh Canopy sprays 1248.
18:15:57 | INFO: Draco encoder: Encoding mesh Canopy sprays 1249.
18:15:57 | INFO: Draco encoder: Encoding mesh Canopy sprays 1250.
18:15:57 | INFO: Draco encoder: Encoding mesh Canopy sprays 1251.
18:15:57 | INFO: Draco encoder: Encoding mesh Canopy sprays 1252.
18:15:57 | INFO: Draco encoder: Encoding mesh Canopy sprays 1253.
18:15:57 | INFO: Draco encoder: Encoding mesh Canopy sprays 1254.
18:15:57 | INFO: Draco encoder: Encoding mesh Canopy sprays 1255.
18:15:57 | INFO: Draco encoder: Encoding mesh Canopy sprays 1256.
18:15:57 | INFO: Draco encoder: Encoding mesh Canopy sprays 1257.
18:15:57 | INFO: Draco encoder: Encoding mesh Canopy sprays 1258.
18:15:57 | INFO: Draco encoder: Encoding mesh Canopy sprays 1259.
18:15:57 | INFO: Draco encoder: Encoding mesh Canopy sprays 1260.
18:15:57 | INFO: Draco encoder: Encoding mesh Canopy sprays 1261.
18:15:57 | INFO: Draco encoder: Encoding mesh Canopy sprays 1262.
18:15:57 | INFO: Draco encoder: Encoding mesh Canopy sprays 1263.
18:15:57 | INFO: Draco encoder: Encoding mesh Canopy sprays 1264.
18:15:57 | INFO: Draco encoder: Encoding mesh Canopy sprays 1265.
18:15:57 | INFO: Draco encoder: Encoding mesh Canopy sprays 1266.
18:15:57 | INFO: Draco encoder: Encoding mesh Canopy sprays 1267.
18:15:57 | INFO: Draco encoder: Encoding mesh Canopy sprays 1268.
18:15:57 | INFO: Draco encoder: Encoding mesh Canopy sprays 1269.
18:15:57 | INFO: Draco encoder: Encoding mesh Canopy sprays 1270.
18:15:57 | INFO: Draco encoder: Encoding mesh Canopy sprays 1271.
18:15:57 | INFO: Draco encoder: Encoding mesh Canopy sprays 1272.
18:15:57 | INFO: Draco encoder: Encoding mesh Canopy sprays 1273.
18:15:57 | INFO: Draco encoder: Encoding mesh Canopy sprays 1274.
18:15:57 | INFO: Draco encoder: Encoding mesh Canopy sprays 1275.
18:15:57 | INFO: Draco encoder: Encoding mesh Canopy sprays 1276.
18:15:57 | INFO: Draco encoder: Encoding mesh Canopy sprays 1277.
18:15:57 | INFO: Draco encoder: Encoding mesh Canopy sprays 1278.
18:15:57 | INFO: Draco encoder: Encoding mesh Canopy sprays 1279.
18:15:57 | INFO: Draco encoder: Encoding mesh Canopy sprays 1280.
18:15:57 | INFO: Draco encoder: Encoding mesh Canopy sprays 1281.
18:15:57 | INFO: Draco encoder: Encoding mesh Canopy sprays 1282.
18:15:57 | INFO: Draco encoder: Encoding mesh Canopy sprays 1283.
18:15:57 | INFO: Draco encoder: Encoding mesh Canopy sprays 1284.
18:15:57 | INFO: Draco encoder: Encoding mesh Canopy sprays 1285.
18:15:57 | INFO: Draco encoder: Encoding mesh Canopy sprays 1286.
18:15:57 | INFO: Draco encoder: Encoding mesh Canopy sprays 1287.
18:15:57 | INFO: Draco encoder: Encoding mesh Canopy sprays 1288.
18:15:57 | INFO: Draco encoder: Encoding mesh Canopy sprays 1289.
18:15:57 | INFO: Draco encoder: Encoding mesh Canopy sprays 1290.
18:15:57 | INFO: Draco encoder: Encoding mesh Canopy sprays 1291.
18:15:57 | INFO: Draco encoder: Encoding mesh Canopy sprays 1292.
18:15:57 | INFO: Draco encoder: Encoding mesh Canopy sprays 1293.
18:15:57 | INFO: Draco encoder: Encoding mesh Canopy sprays 1294.
18:15:57 | INFO: Draco encoder: Encoding mesh Canopy sprays 1295.
18:15:57 | INFO: Draco encoder: Encoding mesh Canopy sprays 1296.
18:15:57 | INFO: Draco encoder: Encoding mesh Canopy sprays 1297.
18:15:57 | INFO: Draco encoder: Encoding mesh Canopy sprays 1298.
18:15:57 | INFO: Draco encoder: Encoding mesh Canopy sprays 1299.
18:15:57 | INFO: Draco encoder: Encoding mesh Canopy sprays 1300.
18:15:57 | INFO: Draco encoder: Encoding mesh Canopy sprays 1301.
18:15:57 | INFO: Draco encoder: Encoding mesh Canopy sprays 1302.
18:15:57 | INFO: Draco encoder: Encoding mesh Canopy sprays 1303.
18:15:57 | INFO: Draco encoder: Encoding mesh Canopy sprays 1304.
18:15:57 | INFO: Draco encoder: Encoding mesh Canopy sprays 1305.
18:15:57 | INFO: Draco encoder: Encoding mesh Canopy sprays 1306.
18:15:57 | INFO: Draco encoder: Encoding mesh Canopy sprays 1307.
18:15:57 | INFO: Draco encoder: Encoding mesh Canopy sprays 1308.
18:15:57 | INFO: Draco encoder: Encoding mesh Canopy sprays 1309.
18:15:57 | INFO: Draco encoder: Encoding mesh Canopy sprays 1310.
18:15:57 | INFO: Draco encoder: Encoding mesh Canopy sprays 1311.
18:15:57 | INFO: Draco encoder: Encoding mesh Canopy sprays 1312.
18:15:57 | INFO: Draco encoder: Encoding mesh Canopy sprays 1313.
18:15:57 | INFO: Draco encoder: Encoding mesh Canopy sprays 1314.
18:15:57 | INFO: Draco encoder: Encoding mesh Canopy sprays 1315.
18:15:57 | INFO: Draco encoder: Encoding mesh Canopy sprays 1316.
18:15:57 | INFO: Draco encoder: Encoding mesh Canopy sprays 1317.
18:15:57 | INFO: Draco encoder: Encoding mesh Canopy sprays 1318.
18:15:57 | INFO: Draco encoder: Encoding mesh Canopy sprays 1319.
18:15:57 | INFO: Draco encoder: Encoding mesh Canopy sprays 1320.
18:15:57 | INFO: Draco encoder: Encoding mesh Canopy sprays 1321.
18:15:57 | INFO: Draco encoder: Encoding mesh Canopy sprays 1322.
18:15:57 | INFO: Draco encoder: Encoding mesh Canopy sprays 1323.
18:15:57 | INFO: Draco encoder: Encoding mesh Canopy sprays 1324.
18:15:57 | INFO: Draco encoder: Encoding mesh Canopy sprays 1325.
18:15:57 | INFO: Draco encoder: Encoding mesh Canopy sprays 1326.
18:15:57 | INFO: Draco encoder: Encoding mesh Canopy sprays 1327.
18:15:57 | INFO: Draco encoder: Encoding mesh Canopy sprays 1328.
18:15:57 | INFO: Draco encoder: Encoding mesh Canopy sprays 1329.
18:15:57 | INFO: Draco encoder: Encoding mesh Canopy sprays 1330.
18:15:57 | INFO: Draco encoder: Encoding mesh Canopy sprays 1331.
18:15:57 | INFO: Draco encoder: Encoding mesh Canopy sprays 1332.
18:15:57 | INFO: Draco encoder: Encoding mesh Canopy sprays 1333.
18:15:57 | INFO: Draco encoder: Encoding mesh Canopy sprays 1334.
18:15:57 | INFO: Draco encoder: Encoding mesh Canopy sprays 1335.
18:15:57 | INFO: Draco encoder: Encoding mesh Canopy sprays 1336.
18:15:57 | INFO: Draco encoder: Encoding mesh Canopy sprays 1337.
18:15:57 | INFO: Draco encoder: Encoding mesh Canopy sprays 1338.
18:15:57 | INFO: Draco encoder: Encoding mesh Canopy sprays 1339.
18:15:57 | INFO: Draco encoder: Encoding mesh Canopy sprays 1340.
18:15:57 | INFO: Draco encoder: Encoding mesh Canopy sprays 1341.
18:15:57 | INFO: Draco encoder: Encoding mesh Canopy sprays 1342.
18:15:57 | INFO: Draco encoder: Encoding mesh Canopy sprays 1343.
18:15:57 | INFO: Draco encoder: Encoding mesh Canopy sprays 1344.
18:15:57 | INFO: Draco encoder: Encoding mesh Canopy sprays 1345.
18:15:57 | INFO: Draco encoder: Encoding mesh Canopy sprays 1346.
18:15:57 | INFO: Draco encoder: Encoding mesh Canopy sprays 1347.
18:15:57 | INFO: Draco encoder: Encoding mesh Canopy sprays 1348.
18:15:57 | INFO: Draco encoder: Encoding mesh Canopy sprays 1349.
18:15:57 | INFO: Draco encoder: Encoding mesh Canopy sprays 1350.
18:15:57 | INFO: Draco encoder: Encoding mesh Canopy sprays 1351.
18:15:57 | INFO: Draco encoder: Encoding mesh Canopy sprays 1352.
18:15:57 | INFO: Draco encoder: Encoding mesh Canopy sprays 1353.
18:15:57 | INFO: Draco encoder: Encoding mesh Canopy sprays 1354.
18:15:57 | INFO: Draco encoder: Encoding mesh Canopy sprays 1355.
18:15:57 | INFO: Draco encoder: Encoding mesh Canopy sprays 1356.
18:15:57 | INFO: Draco encoder: Encoding mesh Canopy sprays 1357.
18:15:57 | INFO: Draco encoder: Encoding mesh Canopy sprays 1358.
18:15:57 | INFO: Draco encoder: Encoding mesh Canopy sprays 1359.
18:15:57 | INFO: Draco encoder: Encoding mesh Canopy sprays 1360.
18:15:57 | INFO: Draco encoder: Encoding mesh Canopy sprays 1361.
18:15:57 | INFO: Draco encoder: Encoding mesh Canopy sprays 1362.
18:15:57 | INFO: Draco encoder: Encoding mesh Canopy sprays 1363.
18:15:57 | INFO: Draco encoder: Encoding mesh Canopy sprays 1364.
18:15:57 | INFO: Draco encoder: Encoding mesh Canopy sprays 1365.
18:15:57 | INFO: Draco encoder: Encoding mesh Canopy sprays 1366.
18:15:57 | INFO: Draco encoder: Encoding mesh Canopy sprays 1367.
18:15:57 | INFO: Draco encoder: Encoding mesh Canopy sprays 1368.
18:15:57 | INFO: Draco encoder: Encoding mesh Canopy sprays 1369.
18:15:57 | INFO: Draco encoder: Encoding mesh Canopy sprays 1370.
18:15:57 | INFO: Draco encoder: Encoding mesh Canopy sprays 1371.
18:15:57 | INFO: Draco encoder: Encoding mesh Canopy sprays 1372.
18:15:57 | INFO: Draco encoder: Encoding mesh Canopy sprays 1373.
18:15:57 | INFO: Draco encoder: Encoding mesh Canopy sprays 1374.
18:15:57 | INFO: Draco encoder: Encoding mesh Canopy sprays 1375.
18:15:57 | INFO: Draco encoder: Encoding mesh Canopy sprays 1376.
18:15:57 | INFO: Draco encoder: Encoding mesh Canopy sprays 1377.
18:15:57 | INFO: Draco encoder: Encoding mesh Canopy sprays 1378.
18:15:57 | INFO: Draco encoder: Encoding mesh Canopy sprays 1379.
18:15:57 | INFO: Draco encoder: Encoding mesh Canopy sprays 1380.
18:15:57 | INFO: Draco encoder: Encoding mesh Canopy sprays 1381.
18:15:57 | INFO: Draco encoder: Encoding mesh Canopy sprays 1382.
18:15:57 | INFO: Draco encoder: Encoding mesh Canopy sprays 1383.
18:15:57 | INFO: Draco encoder: Encoding mesh Canopy sprays 1384.
18:15:57 | INFO: Draco encoder: Encoding mesh Canopy sprays 1385.
18:15:57 | INFO: Draco encoder: Encoding mesh Canopy sprays 1386.
18:15:57 | INFO: Draco encoder: Encoding mesh Canopy sprays 1387.
18:15:57 | INFO: Draco encoder: Encoding mesh Canopy sprays 1388.
18:15:57 | INFO: Draco encoder: Encoding mesh Canopy sprays 1389.
18:15:57 | INFO: Draco encoder: Encoding mesh Canopy sprays 1390.
18:15:57 | INFO: Draco encoder: Encoding mesh Canopy sprays 1391.
18:15:57 | INFO: Draco encoder: Encoding mesh Canopy sprays 1392.
18:15:57 | INFO: Draco encoder: Encoding mesh Canopy sprays 1393.
18:15:57 | INFO: Draco encoder: Encoding mesh Canopy sprays 1394.
18:15:57 | INFO: Draco encoder: Encoding mesh Canopy sprays 1395.
18:15:57 | INFO: Draco encoder: Encoding mesh Canopy sprays 1396.
18:15:57 | INFO: Draco encoder: Encoding mesh Canopy sprays 1397.
18:15:57 | INFO: Draco encoder: Encoding mesh Canopy sprays 1398.
18:15:57 | INFO: Draco encoder: Encoding mesh Canopy sprays 1399.
18:15:57 | INFO: Draco encoder: Encoding mesh Canopy sprays 1400.
18:15:57 | INFO: Draco encoder: Encoding mesh Canopy sprays 1401.
18:15:57 | INFO: Draco encoder: Encoding mesh Canopy sprays 1402.
18:15:57 | INFO: Draco encoder: Encoding mesh Canopy sprays 1403.
18:15:57 | INFO: Draco encoder: Encoding mesh Canopy sprays 1404.
18:15:57 | INFO: Draco encoder: Encoding mesh Canopy sprays 1405.
18:15:57 | INFO: Draco encoder: Encoding mesh Canopy sprays 1406.
18:15:57 | INFO: Draco encoder: Encoding mesh Canopy sprays 1407.
18:15:57 | INFO: Draco encoder: Encoding mesh Canopy sprays 1408.
18:15:57 | INFO: Draco encoder: Encoding mesh Canopy sprays 1409.
18:15:57 | INFO: Draco encoder: Encoding mesh Canopy sprays 1410.
18:15:57 | INFO: Draco encoder: Encoding mesh Canopy sprays 1411.
18:15:57 | INFO: Draco encoder: Encoding mesh Canopy sprays 1412.
18:15:57 | INFO: Draco encoder: Encoding mesh Canopy sprays 1413.
18:15:57 | INFO: Draco encoder: Encoding mesh Canopy sprays 1414.
18:15:57 | INFO: Draco encoder: Encoding mesh Canopy sprays 1415.
18:15:57 | INFO: Draco encoder: Encoding mesh Canopy sprays 1416.
18:15:57 | INFO: Draco encoder: Encoding mesh Canopy sprays 1417.
18:15:57 | INFO: Draco encoder: Encoding mesh Canopy sprays 1418.
18:15:57 | INFO: Draco encoder: Encoding mesh Canopy sprays 1419.
18:15:57 | INFO: Draco encoder: Encoding mesh Canopy sprays 1420.
18:15:57 | INFO: Draco encoder: Encoding mesh Canopy sprays 1421.
18:15:57 | INFO: Draco encoder: Encoding mesh Canopy sprays 1422.
18:15:57 | INFO: Draco encoder: Encoding mesh Canopy sprays 1423.
18:15:57 | INFO: Draco encoder: Encoding mesh Canopy sprays 1424.
18:15:57 | INFO: Draco encoder: Encoding mesh Canopy sprays 1425.
18:15:57 | INFO: Draco encoder: Encoding mesh Canopy sprays 1426.
18:15:57 | INFO: Draco encoder: Encoding mesh Canopy sprays 1427.
18:15:57 | INFO: Draco encoder: Encoding mesh Canopy sprays 1428.
18:15:57 | INFO: Draco encoder: Encoding mesh Canopy sprays 1429.
18:15:57 | INFO: Draco encoder: Encoding mesh Canopy sprays 1430.
18:15:57 | INFO: Draco encoder: Encoding mesh Canopy sprays 1431.
18:15:57 | INFO: Draco encoder: Encoding mesh Canopy sprays 1432.
18:15:57 | INFO: Draco encoder: Encoding mesh Canopy sprays 1433.
18:15:57 | INFO: Draco encoder: Encoding mesh Canopy sprays 1434.
18:15:57 | INFO: Draco encoder: Encoding mesh Canopy sprays 1435.
18:15:57 | INFO: Draco encoder: Encoding mesh Canopy sprays 1436.
18:15:57 | INFO: Draco encoder: Encoding mesh Canopy sprays 1437.
18:15:57 | INFO: Draco encoder: Encoding mesh Canopy sprays 1438.
18:15:57 | INFO: Draco encoder: Encoding mesh Canopy sprays 1439.
18:15:57 | INFO: Draco encoder: Encoding mesh Canopy sprays 1440.
18:15:57 | INFO: Draco encoder: Encoding mesh Canopy sprays 1441.
18:15:57 | INFO: Draco encoder: Encoding mesh Canopy sprays 1442.
18:15:57 | INFO: Draco encoder: Encoding mesh Canopy sprays 1443.
18:15:57 | INFO: Draco encoder: Encoding mesh Canopy sprays 1444.
18:15:57 | INFO: Draco encoder: Encoding mesh Canopy sprays 1445.
18:15:57 | INFO: Draco encoder: Encoding mesh Canopy sprays 1446.
18:15:57 | INFO: Draco encoder: Encoding mesh Canopy sprays 1447.
18:15:57 | INFO: Draco encoder: Encoding mesh Canopy sprays 1448.
18:15:57 | INFO: Draco encoder: Encoding mesh Canopy sprays 1449.
18:15:57 | INFO: Draco encoder: Encoding mesh Canopy sprays 1450.
18:15:57 | INFO: Draco encoder: Encoding mesh Canopy sprays 1451.
18:15:57 | INFO: Draco encoder: Encoding mesh Canopy sprays 1452.
18:15:57 | INFO: Draco encoder: Encoding mesh Canopy sprays 1453.
18:15:57 | INFO: Draco encoder: Encoding mesh Canopy sprays 1454.
18:15:57 | INFO: Draco encoder: Encoding mesh Canopy sprays 1455.
18:15:57 | INFO: Draco encoder: Encoding mesh Canopy sprays 1456.
18:15:57 | INFO: Draco encoder: Encoding mesh Canopy sprays 1457.
18:15:57 | INFO: Draco encoder: Encoding mesh Canopy sprays 1458.
18:15:57 | INFO: Draco encoder: Encoding mesh Canopy sprays 1459.
18:15:57 | INFO: Draco encoder: Encoding mesh Canopy sprays 1460.
18:15:57 | INFO: Draco encoder: Encoding mesh Canopy sprays 1461.
18:15:57 | INFO: Draco encoder: Encoding mesh Canopy sprays 1462.
18:15:57 | INFO: Draco encoder: Encoding mesh Canopy sprays 1463.
18:15:57 | INFO: Draco encoder: Encoding mesh Canopy sprays 1464.
18:15:57 | INFO: Draco encoder: Encoding mesh Canopy sprays 1465.
18:15:57 | INFO: Draco encoder: Encoding mesh Canopy sprays 1466.
18:15:57 | INFO: Draco encoder: Encoding mesh Canopy sprays 1467.
18:15:57 | INFO: Draco encoder: Encoding mesh Canopy sprays 1468.
18:15:57 | INFO: Draco encoder: Encoding mesh Canopy sprays 1469.
18:15:57 | INFO: Draco encoder: Encoding mesh Canopy sprays 1470.
18:15:57 | INFO: Draco encoder: Encoding mesh Canopy sprays 1471.
18:15:57 | INFO: Draco encoder: Encoding mesh Canopy sprays 1472.
18:15:57 | INFO: Draco encoder: Encoding mesh Canopy sprays 1473.
18:15:57 | INFO: Draco encoder: Encoding mesh Canopy sprays 1474.
18:15:57 | INFO: Draco encoder: Encoding mesh Canopy sprays 1475.
18:15:57 | INFO: Draco encoder: Encoding mesh Canopy sprays 1476.
18:15:57 | INFO: Draco encoder: Encoding mesh Canopy sprays 1477.
18:15:57 | INFO: Draco encoder: Encoding mesh Canopy sprays 1478.
18:15:57 | INFO: Draco encoder: Encoding mesh Canopy sprays 1479.
18:15:57 | INFO: Draco encoder: Encoding mesh Canopy sprays 1480.
18:15:57 | INFO: Draco encoder: Encoding mesh Canopy sprays 1481.
18:15:57 | INFO: Draco encoder: Encoding mesh Canopy sprays 1482.
18:15:57 | INFO: Draco encoder: Encoding mesh Canopy sprays 1483.
18:15:57 | INFO: Draco encoder: Encoding mesh Canopy sprays 1484.
18:15:57 | INFO: Draco encoder: Encoding mesh Canopy sprays 1485.
18:15:57 | INFO: Draco encoder: Encoding mesh Canopy sprays 1486.
18:15:57 | INFO: Draco encoder: Encoding mesh Canopy sprays 1487.
18:15:57 | INFO: Draco encoder: Encoding mesh Canopy sprays 1488.
18:15:57 | INFO: Draco encoder: Encoding mesh Canopy sprays 1489.
18:15:57 | INFO: Draco encoder: Encoding mesh Canopy sprays 1490.
18:15:57 | INFO: Draco encoder: Encoding mesh Canopy sprays 1491.
18:15:57 | INFO: Draco encoder: Encoding mesh Canopy sprays 1492.
18:15:57 | INFO: Draco encoder: Encoding mesh Canopy sprays 1493.
18:15:57 | INFO: Draco encoder: Encoding mesh Canopy sprays 1494.
18:15:57 | INFO: Draco encoder: Encoding mesh Canopy sprays 1495.
18:15:57 | INFO: Draco encoder: Encoding mesh Canopy sprays 1496.
18:15:57 | INFO: Draco encoder: Encoding mesh Canopy sprays 1497.
18:15:57 | INFO: Draco encoder: Encoding mesh Canopy sprays 1498.
18:15:57 | INFO: Draco encoder: Encoding mesh Canopy sprays 1499.
18:15:57 | INFO: Draco encoder: Encoding mesh Canopy sprays 1500.
18:15:57 | INFO: Draco encoder: Encoding mesh Canopy sprays 1501.
18:15:57 | INFO: Draco encoder: Encoding mesh Canopy sprays 1502.
18:15:57 | INFO: Draco encoder: Encoding mesh Canopy sprays 1503.
18:15:57 | INFO: Draco encoder: Encoding mesh Canopy sprays 1504.
18:15:57 | INFO: Draco encoder: Encoding mesh Canopy sprays 1505.
18:15:57 | INFO: Draco encoder: Encoding mesh Canopy sprays 1506.
18:15:57 | INFO: Draco encoder: Encoding mesh Canopy sprays 1507.
18:15:57 | INFO: Draco encoder: Encoding mesh Canopy sprays 1508.
18:15:57 | INFO: Draco encoder: Encoding mesh Canopy sprays 1509.
18:15:57 | INFO: Draco encoder: Encoding mesh Canopy sprays 1510.
18:15:57 | INFO: Draco encoder: Encoding mesh Canopy sprays 1511.
18:15:57 | INFO: Draco encoder: Encoding mesh Canopy sprays 1512.
18:15:57 | INFO: Draco encoder: Encoding mesh Canopy sprays 1513.
18:15:57 | INFO: Draco encoder: Encoding mesh Canopy sprays 1514.
18:15:57 | INFO: Draco encoder: Encoding mesh Canopy sprays 1515.
18:15:57 | INFO: Draco encoder: Encoding mesh Canopy sprays 1516.
18:15:57 | INFO: Draco encoder: Encoding mesh Canopy sprays 1517.
18:15:57 | INFO: Draco encoder: Encoding mesh Canopy sprays 1518.
18:15:57 | INFO: Draco encoder: Encoding mesh Canopy sprays 1519.
18:15:57 | INFO: Draco encoder: Encoding mesh Canopy sprays 1520.
18:15:57 | INFO: Draco encoder: Encoding mesh Canopy sprays 1521.
18:15:57 | INFO: Draco encoder: Encoding mesh Canopy sprays 1522.
18:15:57 | INFO: Draco encoder: Encoding mesh Canopy sprays 1523.
18:15:57 | INFO: Draco encoder: Encoding mesh Canopy sprays 1524.
18:15:57 | INFO: Draco encoder: Encoding mesh Canopy sprays 1525.
18:15:57 | INFO: Draco encoder: Encoding mesh Canopy sprays 1526.
18:15:57 | INFO: Draco encoder: Encoding mesh Canopy sprays 1527.
18:15:57 | INFO: Draco encoder: Encoding mesh Canopy sprays 1528.
18:15:57 | INFO: Draco encoder: Encoding mesh Canopy sprays 1529.
18:15:57 | INFO: Draco encoder: Encoding mesh Canopy sprays 1530.
18:15:57 | INFO: Draco encoder: Encoding mesh Canopy sprays 1531.
18:15:57 | INFO: Draco encoder: Encoding mesh Canopy sprays 1532.
18:15:57 | INFO: Draco encoder: Encoding mesh Canopy sprays 1533.
18:15:57 | INFO: Draco encoder: Encoding mesh Canopy sprays 1534.
18:15:57 | INFO: Draco encoder: Encoding mesh Canopy sprays 1535.
18:15:57 | INFO: Draco encoder: Encoding mesh Canopy sprays 1536.
18:15:57 | INFO: Draco encoder: Encoding mesh Canopy sprays 1537.
18:15:57 | INFO: Draco encoder: Encoding mesh Canopy sprays 1538.
18:15:57 | INFO: Draco encoder: Encoding mesh Canopy sprays 1539.
18:15:57 | INFO: Draco encoder: Encoding mesh Canopy sprays 1540.
18:15:57 | INFO: Draco encoder: Encoding mesh Canopy sprays 1541.
18:15:57 | INFO: Draco encoder: Encoding mesh Canopy sprays 1542.
18:15:57 | INFO: Draco encoder: Encoding mesh Canopy sprays 1543.
18:15:57 | INFO: Draco encoder: Encoding mesh Canopy sprays 1544.
18:15:57 | INFO: Draco encoder: Encoding mesh Canopy sprays 1545.
18:15:57 | INFO: Draco encoder: Encoding mesh Canopy sprays 1546.
18:15:57 | INFO: Draco encoder: Encoding mesh Canopy sprays 1547.
18:15:57 | INFO: Draco encoder: Encoding mesh Canopy sprays 1548.
18:15:57 | INFO: Draco encoder: Encoding mesh Canopy sprays 1549.
18:15:57 | INFO: Draco encoder: Encoding mesh Canopy sprays 1550.
18:15:57 | INFO: Draco encoder: Encoding mesh Canopy sprays 1551.
18:15:57 | INFO: Draco encoder: Encoding mesh Canopy sprays 1552.
18:15:57 | INFO: Draco encoder: Encoding mesh Canopy sprays 1553.
18:15:57 | INFO: Draco encoder: Encoding mesh Canopy sprays 1554.
18:15:57 | INFO: Draco encoder: Encoding mesh Canopy sprays 1555.
18:15:57 | INFO: Draco encoder: Encoding mesh Canopy sprays 1556.
18:15:57 | INFO: Draco encoder: Encoding mesh Canopy sprays 1557.
18:15:57 | INFO: Draco encoder: Encoding mesh Canopy sprays 1558.
18:15:57 | INFO: Draco encoder: Encoding mesh Canopy sprays 1559.
18:15:57 | INFO: Draco encoder: Encoding mesh Canopy sprays 1560.
18:15:57 | INFO: Draco encoder: Encoding mesh Canopy sprays 1561.
18:15:57 | INFO: Draco encoder: Encoding mesh Canopy sprays 1562.
18:15:57 | INFO: Draco encoder: Encoding mesh Canopy sprays 1563.
18:15:57 | INFO: Draco encoder: Encoding mesh Canopy sprays 1564.
18:15:57 | INFO: Draco encoder: Encoding mesh Canopy sprays 1565.
18:15:57 | INFO: Draco encoder: Encoding mesh Canopy sprays 1566.
18:15:57 | INFO: Draco encoder: Encoding mesh Canopy sprays 1567.
18:15:57 | INFO: Draco encoder: Encoding mesh Canopy sprays 1568.
18:15:57 | INFO: Draco encoder: Encoding mesh Canopy sprays 1569.
18:15:57 | INFO: Draco encoder: Encoding mesh Canopy sprays 1570.
18:15:57 | INFO: Draco encoder: Encoding mesh Canopy sprays 1571.
18:15:57 | INFO: Draco encoder: Encoding mesh Canopy sprays 1572.
18:15:57 | INFO: Draco encoder: Encoding mesh Canopy sprays 1573.
18:15:57 | INFO: Draco encoder: Encoding mesh Canopy sprays 1574.
18:15:57 | INFO: Draco encoder: Encoding mesh Canopy sprays 1575.
18:15:57 | INFO: Draco encoder: Encoding mesh Canopy sprays 1576.
18:15:57 | INFO: Draco encoder: Encoding mesh Canopy sprays 1577.
18:15:57 | INFO: Draco encoder: Encoding mesh Canopy sprays 1578.
18:15:57 | INFO: Draco encoder: Encoding mesh Canopy sprays 1579.
18:15:57 | INFO: Draco encoder: Encoding mesh Canopy sprays 1580.
18:15:57 | INFO: Draco encoder: Encoding mesh Canopy sprays 1581.
18:15:57 | INFO: Draco encoder: Encoding mesh Canopy sprays 1582.
18:15:57 | INFO: Draco encoder: Encoding mesh Canopy sprays 1583.
18:15:57 | INFO: Draco encoder: Encoding mesh Canopy sprays 1584.
18:15:57 | INFO: Draco encoder: Encoding mesh Canopy sprays 1585.
18:15:57 | INFO: Draco encoder: Encoding mesh Canopy sprays 1586.
18:15:57 | INFO: Draco encoder: Encoding mesh Canopy sprays 1587.
18:15:57 | INFO: Draco encoder: Encoding mesh Canopy sprays 1588.
18:15:57 | INFO: Draco encoder: Encoding mesh Canopy sprays 1589.
18:15:57 | INFO: Draco encoder: Encoding mesh Canopy sprays 1590.
18:15:57 | INFO: Draco encoder: Encoding mesh Canopy sprays 1591.
18:15:57 | INFO: Draco encoder: Encoding mesh Canopy sprays 1592.
18:15:57 | INFO: Draco encoder: Encoding mesh Canopy sprays 1593.
18:15:57 | INFO: Draco encoder: Encoding mesh Canopy sprays 1594.
18:15:57 | INFO: Draco encoder: Encoding mesh Canopy sprays 1595.
18:15:57 | INFO: Draco encoder: Encoding mesh Canopy sprays 1596.
18:15:57 | INFO: Draco encoder: Encoding mesh Canopy sprays 1597.
18:15:57 | INFO: Draco encoder: Encoding mesh Canopy sprays 1598.
18:15:57 | INFO: Draco encoder: Encoding mesh Canopy sprays 1599.
18:15:57 | INFO: Draco encoder: Encoding mesh Canopy sprays 1600.
18:15:57 | INFO: Draco encoder: Encoding mesh Canopy sprays 1601.
18:15:57 | INFO: Draco encoder: Encoding mesh Canopy sprays 1602.
18:15:57 | INFO: Draco encoder: Encoding mesh Canopy sprays 1603.
18:15:57 | INFO: Draco encoder: Encoding mesh Canopy sprays 1604.
18:15:57 | INFO: Draco encoder: Encoding mesh Canopy sprays 1605.
18:15:57 | INFO: Draco encoder: Encoding mesh Canopy sprays 1606.
18:15:57 | INFO: Draco encoder: Encoding mesh Canopy sprays 1607.
18:15:57 | INFO: Draco encoder: Encoding mesh Canopy sprays 1608.
18:15:57 | INFO: Draco encoder: Encoding mesh Canopy sprays 1609.
18:15:57 | INFO: Draco encoder: Encoding mesh Canopy sprays 1610.
18:15:57 | INFO: Draco encoder: Encoding mesh Canopy sprays 1611.
18:15:57 | INFO: Draco encoder: Encoding mesh Canopy sprays 1612.
18:15:57 | INFO: Draco encoder: Encoding mesh Canopy sprays 1613.
18:15:57 | INFO: Draco encoder: Encoding mesh Canopy sprays 1614.
18:15:57 | INFO: Draco encoder: Encoding mesh Canopy sprays 1615.
18:15:57 | INFO: Draco encoder: Encoding mesh Canopy sprays 1616.
18:15:57 | INFO: Draco encoder: Encoding mesh Canopy sprays 1617.
18:15:57 | INFO: Draco encoder: Encoding mesh Canopy sprays 1618.
18:15:57 | INFO: Draco encoder: Encoding mesh Canopy sprays 1619.
18:15:57 | INFO: Draco encoder: Encoding mesh Canopy sprays 1620.
18:15:57 | INFO: Draco encoder: Encoding mesh Canopy sprays 1621.
18:15:57 | INFO: Draco encoder: Encoding mesh Canopy sprays 1622.
18:15:57 | INFO: Draco encoder: Encoding mesh Canopy sprays 1623.
18:15:57 | INFO: Draco encoder: Encoding mesh Canopy sprays 1624.
18:15:57 | INFO: Draco encoder: Encoding mesh Canopy sprays 1625.
18:15:57 | INFO: Draco encoder: Encoding mesh Canopy sprays 1626.
18:15:57 | INFO: Draco encoder: Encoding mesh Canopy sprays 1627.
18:15:57 | INFO: Draco encoder: Encoding mesh Canopy sprays 1628.
18:15:57 | INFO: Draco encoder: Encoding mesh Canopy sprays 1629.
18:15:57 | INFO: Draco encoder: Encoding mesh Canopy sprays 1630.
18:15:57 | INFO: Draco encoder: Encoding mesh Canopy sprays 1631.
18:15:57 | INFO: Draco encoder: Encoding mesh Canopy sprays 1632.
18:15:57 | INFO: Draco encoder: Encoding mesh Canopy sprays 1633.
18:15:57 | INFO: Draco encoder: Encoding mesh Canopy sprays 1634.
18:15:57 | INFO: Draco encoder: Encoding mesh Canopy sprays 1635.
18:15:57 | INFO: Draco encoder: Encoding mesh Canopy sprays 1636.
18:15:57 | INFO: Draco encoder: Encoding mesh Canopy sprays 1637.
18:15:57 | INFO: Draco encoder: Encoding mesh Canopy sprays 1638.
18:15:57 | INFO: Draco encoder: Encoding mesh Canopy sprays 1639.
18:15:57 | INFO: Draco encoder: Encoding mesh Canopy sprays 1640.
18:15:57 | INFO: Draco encoder: Encoding mesh Canopy sprays 1641.
18:15:57 | INFO: Draco encoder: Encoding mesh Canopy sprays 1642.
18:15:57 | INFO: Draco encoder: Encoding mesh Canopy sprays 1643.
18:15:57 | INFO: Draco encoder: Encoding mesh Canopy sprays 1644.
18:15:57 | INFO: Draco encoder: Encoding mesh Canopy sprays 1645.
18:15:57 | INFO: Draco encoder: Encoding mesh Canopy sprays 1646.
18:15:57 | INFO: Draco encoder: Encoding mesh Canopy sprays 1647.
18:15:57 | INFO: Draco encoder: Encoding mesh Canopy sprays 1648.
18:15:57 | INFO: Draco encoder: Encoding mesh Canopy sprays 1649.
18:15:57 | INFO: Draco encoder: Encoding mesh Canopy sprays 1650.
18:15:57 | INFO: Draco encoder: Encoding mesh Canopy sprays 1651.
18:15:57 | INFO: Draco encoder: Encoding mesh Canopy sprays 1652.
18:15:57 | INFO: Draco encoder: Encoding mesh Canopy sprays 1653.
18:15:57 | INFO: Draco encoder: Encoding mesh Canopy sprays 1654.
18:15:57 | INFO: Draco encoder: Encoding mesh Canopy sprays 1655.
18:15:57 | INFO: Draco encoder: Encoding mesh Canopy sprays 1656.
18:15:57 | INFO: Draco encoder: Encoding mesh Canopy sprays 1657.
18:15:57 | INFO: Draco encoder: Encoding mesh Canopy sprays 1658.
18:15:57 | INFO: Draco encoder: Encoding mesh Canopy sprays 1659.
18:15:57 | INFO: Draco encoder: Encoding mesh Canopy sprays 1660.
18:15:57 | INFO: Draco encoder: Encoding mesh Canopy sprays 1661.
18:15:57 | INFO: Draco encoder: Encoding mesh Canopy sprays 1662.
18:15:57 | INFO: Draco encoder: Encoding mesh Canopy sprays 1663.
18:15:57 | INFO: Draco encoder: Encoding mesh Canopy sprays 1664.
18:15:57 | INFO: Draco encoder: Encoding mesh Canopy sprays 1665.
18:15:57 | INFO: Draco encoder: Encoding mesh Canopy sprays 1666.
18:15:57 | INFO: Draco encoder: Encoding mesh Canopy sprays 1667.
18:15:57 | INFO: Draco encoder: Encoding mesh Canopy sprays 1668.
18:15:57 | INFO: Draco encoder: Encoding mesh Canopy sprays 1669.
18:15:57 | INFO: Draco encoder: Encoding mesh Canopy sprays 1670.
18:15:57 | INFO: Draco encoder: Encoding mesh Canopy sprays 1671.
18:15:57 | INFO: Draco encoder: Encoding mesh Canopy sprays 1672.
18:15:57 | INFO: Draco encoder: Encoding mesh Canopy sprays 1673.
18:15:57 | INFO: Draco encoder: Encoding mesh Canopy sprays 1674.
18:15:57 | INFO: Draco encoder: Encoding mesh Canopy sprays 1675.
18:15:57 | INFO: Draco encoder: Encoding mesh Canopy sprays 1676.
18:15:57 | INFO: Draco encoder: Encoding mesh Canopy sprays 1677.
18:15:57 | INFO: Draco encoder: Encoding mesh Canopy sprays 1678.
18:15:57 | INFO: Draco encoder: Encoding mesh Canopy sprays 1679.
18:15:57 | INFO: Draco encoder: Encoding mesh Canopy sprays 1680.
18:15:57 | INFO: Draco encoder: Encoding mesh Canopy sprays 1681.
18:15:57 | INFO: Draco encoder: Encoding mesh Canopy sprays 1682.
18:15:57 | INFO: Draco encoder: Encoding mesh Canopy sprays 1683.
18:15:57 | INFO: Draco encoder: Encoding mesh Canopy sprays 1684.
18:15:57 | INFO: Draco encoder: Encoding mesh Canopy sprays 1685.
18:15:57 | INFO: Draco encoder: Encoding mesh Canopy sprays 1686.
18:15:57 | INFO: Draco encoder: Encoding mesh Canopy sprays 1687.
18:15:57 | INFO: Draco encoder: Encoding mesh Canopy sprays 1688.
18:15:57 | INFO: Draco encoder: Encoding mesh Canopy sprays 1689.
18:15:57 | INFO: Draco encoder: Encoding mesh Canopy sprays 1690.
18:15:57 | INFO: Draco encoder: Encoding mesh Canopy sprays 1691.
18:15:57 | INFO: Draco encoder: Encoding mesh Canopy sprays 1692.
18:15:57 | INFO: Draco encoder: Encoding mesh Canopy sprays 1693.
18:15:57 | INFO: Draco encoder: Encoding mesh Canopy sprays 1694.
18:15:57 | INFO: Draco encoder: Encoding mesh Canopy sprays 1695.
18:15:57 | INFO: Draco encoder: Encoding mesh Canopy sprays 1696.
18:15:57 | INFO: Draco encoder: Encoding mesh Canopy sprays 1697.
18:15:57 | INFO: Draco encoder: Encoding mesh Canopy sprays 1698.
18:15:57 | INFO: Draco encoder: Encoding mesh Canopy sprays 1699.
18:15:57 | INFO: Draco encoder: Encoding mesh Canopy sprays 1700.
18:15:57 | INFO: Draco encoder: Encoding mesh Canopy sprays 1701.
18:15:57 | INFO: Draco encoder: Encoding mesh Canopy sprays 1702.
18:15:57 | INFO: Draco encoder: Encoding mesh Canopy sprays 1703.
18:15:57 | INFO: Draco encoder: Encoding mesh Canopy sprays 1704.
18:15:57 | INFO: Draco encoder: Encoding mesh Canopy sprays 1705.
18:15:57 | INFO: Draco encoder: Encoding mesh Canopy sprays 1706.
18:15:57 | INFO: Draco encoder: Encoding mesh Canopy sprays 1707.
18:15:57 | INFO: Draco encoder: Encoding mesh Canopy sprays 1708.
18:15:57 | INFO: Draco encoder: Encoding mesh Canopy sprays 1709.
18:15:57 | INFO: Draco encoder: Encoding mesh Canopy sprays 1710.
18:15:57 | INFO: Draco encoder: Encoding mesh Canopy sprays 1711.
18:15:57 | INFO: Draco encoder: Encoding mesh Canopy sprays 1712.
18:15:57 | INFO: Draco encoder: Encoding mesh Canopy sprays 1713.
18:15:57 | INFO: Draco encoder: Encoding mesh Canopy sprays 1714.
18:15:57 | INFO: Draco encoder: Encoding mesh Canopy sprays 1715.
18:15:57 | INFO: Draco encoder: Encoding mesh Canopy sprays 1716.
18:15:57 | INFO: Draco encoder: Encoding mesh Canopy sprays 1717.
18:15:57 | INFO: Draco encoder: Encoding mesh Canopy sprays 1718.
18:15:57 | INFO: Draco encoder: Encoding mesh Canopy sprays 1719.
18:15:57 | INFO: Draco encoder: Encoding mesh Canopy sprays 1720.
18:15:57 | INFO: Draco encoder: Encoding mesh Canopy sprays 1721.
18:15:57 | INFO: Draco encoder: Encoding mesh Canopy sprays 1722.
18:15:57 | INFO: Draco encoder: Encoding mesh Canopy sprays 1723.
18:15:57 | INFO: Draco encoder: Encoding mesh Canopy sprays 1724.
18:15:57 | INFO: Draco encoder: Encoding mesh Canopy sprays 1725.
18:15:57 | INFO: Draco encoder: Encoding mesh Canopy sprays 1726.
18:15:57 | INFO: Draco encoder: Encoding mesh Canopy sprays 1727.
18:15:57 | INFO: Draco encoder: Encoding mesh Canopy sprays 1728.
18:15:57 | INFO: Draco encoder: Encoding mesh Canopy sprays 1729.
18:15:57 | INFO: Draco encoder: Encoding mesh Canopy sprays 1730.
18:15:57 | INFO: Draco encoder: Encoding mesh Canopy sprays 1731.
18:15:57 | INFO: Draco encoder: Encoding mesh Canopy sprays 1732.
18:15:57 | INFO: Draco encoder: Encoding mesh Canopy sprays 1733.
18:15:57 | INFO: Draco encoder: Encoding mesh Canopy sprays 1734.
18:15:57 | INFO: Draco encoder: Encoding mesh Canopy sprays 1735.
18:15:57 | INFO: Draco encoder: Encoding mesh Canopy sprays 1736.
18:15:57 | INFO: Draco encoder: Encoding mesh Canopy sprays 1737.
18:15:57 | INFO: Draco encoder: Encoding mesh Canopy sprays 1738.
18:15:57 | INFO: Draco encoder: Encoding mesh Canopy sprays 1739.
18:15:57 | INFO: Draco encoder: Encoding mesh Canopy sprays 1740.
18:15:57 | INFO: Draco encoder: Encoding mesh Canopy sprays 1741.
18:15:57 | INFO: Draco encoder: Encoding mesh Canopy sprays 1742.
18:15:57 | INFO: Draco encoder: Encoding mesh Canopy sprays 1743.
18:15:57 | INFO: Draco encoder: Encoding mesh Canopy sprays 1744.
18:15:57 | INFO: Draco encoder: Encoding mesh Canopy sprays 1745.
18:15:57 | INFO: Draco encoder: Encoding mesh Canopy sprays 1746.
18:15:57 | INFO: Draco encoder: Encoding mesh Canopy sprays 1747.
18:15:57 | INFO: Draco encoder: Encoding mesh Canopy sprays 1748.
18:15:57 | INFO: Draco encoder: Encoding mesh Canopy sprays 1749.
18:15:57 | INFO: Draco encoder: Encoding mesh Canopy sprays 1750.
18:15:57 | INFO: Draco encoder: Encoding mesh Canopy sprays 1751.
18:15:57 | INFO: Draco encoder: Encoding mesh Canopy sprays 1752.
18:15:57 | INFO: Draco encoder: Encoding mesh Canopy sprays 1753.
18:15:57 | INFO: Draco encoder: Encoding mesh Canopy sprays 1754.
18:15:57 | INFO: Draco encoder: Encoding mesh Canopy sprays 1755.
18:15:57 | INFO: Draco encoder: Encoding mesh Canopy sprays 1756.
18:15:57 | INFO: Draco encoder: Encoding mesh Canopy sprays 1757.
18:15:57 | INFO: Draco encoder: Encoding mesh Canopy sprays 1758.
18:15:57 | INFO: Draco encoder: Encoding mesh Canopy sprays 1759.
18:15:57 | INFO: Draco encoder: Encoding mesh Canopy sprays 1760.
18:15:57 | INFO: Draco encoder: Encoding mesh Canopy sprays 1761.
18:15:57 | INFO: Draco encoder: Encoding mesh Canopy sprays 1762.
18:15:57 | INFO: Draco encoder: Encoding mesh Canopy sprays 1763.
18:15:57 | INFO: Draco encoder: Encoding mesh Canopy sprays 1764.
18:15:57 | INFO: Draco encoder: Encoding mesh Canopy sprays 1765.
18:15:57 | INFO: Draco encoder: Encoding mesh Canopy sprays 1766.
18:15:57 | INFO: Draco encoder: Encoding mesh Canopy sprays 1767.
18:15:57 | INFO: Draco encoder: Encoding mesh Canopy sprays 1768.
18:15:57 | INFO: Draco encoder: Encoding mesh Canopy sprays 1769.
18:15:57 | INFO: Draco encoder: Encoding mesh Canopy sprays 1770.
18:15:57 | INFO: Draco encoder: Encoding mesh Canopy sprays 1771.
18:15:57 | INFO: Draco encoder: Encoding mesh Canopy sprays 1772.
18:15:57 | INFO: Draco encoder: Encoding mesh Canopy sprays 1773.
18:15:57 | INFO: Draco encoder: Encoding mesh Canopy sprays 1774.
18:15:57 | INFO: Draco encoder: Encoding mesh Canopy sprays 1775.
18:15:57 | INFO: Draco encoder: Encoding mesh Canopy sprays 1776.
18:15:57 | INFO: Draco encoder: Encoding mesh Canopy sprays 1777.
18:15:57 | INFO: Draco encoder: Encoding mesh Canopy sprays 1778.
18:15:57 | INFO: Draco encoder: Encoding mesh Canopy sprays 1779.
18:15:57 | INFO: Draco encoder: Encoding mesh Canopy sprays 1780.
18:15:57 | INFO: Draco encoder: Encoding mesh Canopy sprays 1781.
18:15:57 | INFO: Draco encoder: Encoding mesh Canopy sprays 1782.
18:15:57 | INFO: Draco encoder: Encoding mesh Canopy sprays 1783.
18:15:57 | INFO: Draco encoder: Encoding mesh Canopy sprays 1784.
18:15:57 | INFO: Draco encoder: Encoding mesh Canopy sprays 1785.
18:15:57 | INFO: Draco encoder: Encoding mesh Canopy sprays 1786.
18:15:57 | INFO: Draco encoder: Encoding mesh Canopy sprays 1787.
18:15:57 | INFO: Draco encoder: Encoding mesh Canopy sprays 1788.
18:15:57 | INFO: Draco encoder: Encoding mesh Canopy sprays 1789.
18:15:57 | INFO: Draco encoder: Encoding mesh Canopy sprays 1790.
18:15:57 | INFO: Draco encoder: Encoding mesh Canopy sprays 1791.
18:15:57 | INFO: Draco encoder: Encoding mesh Canopy sprays 1792.
18:15:57 | INFO: Draco encoder: Encoding mesh Canopy sprays 1793.
18:15:57 | INFO: Draco encoder: Encoding mesh Canopy sprays 1794.
18:15:57 | INFO: Draco encoder: Encoding mesh Canopy sprays 1795.
18:15:57 | INFO: Draco encoder: Encoding mesh Canopy sprays 1796.
18:15:57 | INFO: Draco encoder: Encoding mesh Canopy sprays 1797.
18:15:57 | INFO: Draco encoder: Encoding mesh Canopy sprays 1798.
18:15:57 | INFO: Draco encoder: Encoding mesh Canopy sprays 1799.
18:15:57 | INFO: Draco encoder: Encoding mesh Canopy sprays 1800.
18:15:57 | INFO: Draco encoder: Encoding mesh Canopy sprays 1801.
18:15:57 | INFO: Draco encoder: Encoding mesh Canopy sprays 1802.
18:15:57 | INFO: Draco encoder: Encoding mesh Canopy sprays 1803.
18:15:57 | INFO: Draco encoder: Encoding mesh Canopy sprays 1804.
18:15:57 | INFO: Draco encoder: Encoding mesh Canopy sprays 1805.
18:15:57 | INFO: Draco encoder: Encoding mesh Canopy sprays 1806.
18:15:57 | INFO: Draco encoder: Encoding mesh Canopy sprays 1807.
18:15:57 | INFO: Draco encoder: Encoding mesh Canopy sprays 1808.
18:15:57 | INFO: Draco encoder: Encoding mesh Canopy sprays 1809.
18:15:57 | INFO: Draco encoder: Encoding mesh Canopy sprays 1810.
18:15:57 | INFO: Draco encoder: Encoding mesh Canopy sprays 1811.
18:15:57 | INFO: Draco encoder: Encoding mesh Canopy sprays 1812.
18:15:57 | INFO: Draco encoder: Encoding mesh Canopy sprays 1813.
18:15:57 | INFO: Draco encoder: Encoding mesh Canopy sprays 1814.
18:15:57 | INFO: Draco encoder: Encoding mesh Canopy sprays 1815.
18:15:57 | INFO: Draco encoder: Encoding mesh Canopy sprays 1816.
18:15:57 | INFO: Draco encoder: Encoding mesh Canopy sprays 1817.
18:15:57 | INFO: Draco encoder: Encoding mesh Canopy sprays 1818.
18:15:57 | INFO: Draco encoder: Encoding mesh Canopy sprays 1819.
18:15:57 | INFO: Draco encoder: Encoding mesh Canopy sprays 1820.
18:15:57 | INFO: Draco encoder: Encoding mesh Canopy sprays 1821.
18:15:57 | INFO: Draco encoder: Encoding mesh Canopy sprays 1822.
18:15:57 | INFO: Draco encoder: Encoding mesh Canopy sprays 1823.
18:15:57 | INFO: Draco encoder: Encoding mesh Canopy sprays 1824.
18:15:57 | INFO: Draco encoder: Encoding mesh Canopy sprays 1825.
18:15:57 | INFO: Draco encoder: Encoding mesh Canopy sprays 1826.
18:15:57 | INFO: Draco encoder: Encoding mesh Canopy sprays 1827.
18:15:57 | INFO: Draco encoder: Encoding mesh Canopy sprays 1828.
18:15:57 | INFO: Draco encoder: Encoding mesh Canopy sprays 1829.
18:15:57 | INFO: Draco encoder: Encoding mesh Canopy sprays 1830.
18:15:57 | INFO: Draco encoder: Encoding mesh Canopy sprays 1831.
18:15:57 | INFO: Draco encoder: Encoding mesh Canopy sprays 1832.
18:15:57 | INFO: Draco encoder: Encoding mesh Canopy sprays 1833.
18:15:57 | INFO: Draco encoder: Encoding mesh Canopy sprays 1834.
18:15:57 | INFO: Draco encoder: Encoding mesh Canopy sprays 1835.
18:15:57 | INFO: Draco encoder: Encoding mesh Canopy sprays 1836.
18:15:57 | INFO: Draco encoder: Encoding mesh Canopy sprays 1837.
18:15:57 | INFO: Draco encoder: Encoding mesh Canopy sprays 1838.
18:15:57 | INFO: Draco encoder: Encoding mesh Canopy sprays 1839.
18:15:57 | INFO: Draco encoder: Encoding mesh Canopy sprays 1840.
18:15:57 | INFO: Draco encoder: Encoding mesh Canopy sprays 1841.
18:15:57 | INFO: Draco encoder: Encoding mesh Canopy sprays 1842.
18:15:57 | INFO: Draco encoder: Encoding mesh Canopy sprays 1843.
18:15:57 | INFO: Draco encoder: Encoding mesh Canopy sprays 1844.
18:15:57 | INFO: Draco encoder: Encoding mesh Canopy sprays 1845.
18:15:57 | INFO: Draco encoder: Encoding mesh Canopy sprays 1846.
18:15:57 | INFO: Draco encoder: Encoding mesh Canopy sprays 1847.
18:15:57 | INFO: Draco encoder: Encoding mesh Canopy sprays 1848.
18:15:57 | INFO: Draco encoder: Encoding mesh Canopy sprays 1849.
18:15:57 | INFO: Draco encoder: Encoding mesh Canopy sprays 1850.
18:15:57 | INFO: Draco encoder: Encoding mesh Canopy sprays 1851.
18:15:57 | INFO: Draco encoder: Encoding mesh Canopy sprays 1852.
18:15:57 | INFO: Draco encoder: Encoding mesh Canopy sprays 1853.
18:15:57 | INFO: Draco encoder: Encoding mesh Canopy sprays 1854.
18:15:57 | INFO: Draco encoder: Encoding mesh Canopy sprays 1855.
18:15:57 | INFO: Draco encoder: Encoding mesh Canopy sprays 1856.
18:15:57 | INFO: Draco encoder: Encoding mesh Canopy sprays 1857.
18:15:57 | INFO: Draco encoder: Encoding mesh Canopy sprays 1858.
18:15:57 | INFO: Draco encoder: Encoding mesh Canopy sprays 1859.
18:15:57 | INFO: Draco encoder: Encoding mesh Canopy sprays 1860.
18:15:57 | INFO: Draco encoder: Encoding mesh Canopy sprays 1861.
18:15:57 | INFO: Draco encoder: Encoding mesh Canopy sprays 1862.
18:15:57 | INFO: Draco encoder: Encoding mesh Canopy sprays 1863.
18:15:57 | INFO: Draco encoder: Encoding mesh Canopy sprays 1864.
18:15:57 | INFO: Draco encoder: Encoding mesh Canopy sprays 1865.
18:15:57 | INFO: Draco encoder: Encoding mesh Canopy sprays 1866.
18:15:57 | INFO: Draco encoder: Encoding mesh Canopy sprays 1867.
18:15:57 | INFO: Draco encoder: Encoding mesh Canopy sprays 1868.
18:15:57 | INFO: Draco encoder: Encoding mesh Canopy sprays 1869.
18:15:57 | INFO: Draco encoder: Encoding mesh Canopy sprays 1870.
18:15:57 | INFO: Draco encoder: Encoding mesh Canopy sprays 1871.
18:15:57 | INFO: Draco encoder: Encoding mesh Canopy sprays 1872.
18:15:57 | INFO: Draco encoder: Encoding mesh Canopy sprays 1873.
18:15:57 | INFO: Draco encoder: Encoding mesh Canopy sprays 1874.
18:15:57 | INFO: Draco encoder: Encoding mesh Canopy sprays 1875.
18:15:57 | INFO: Draco encoder: Encoding mesh Canopy sprays 1876.
18:15:57 | INFO: Draco encoder: Encoding mesh Canopy sprays 1877.
18:15:57 | INFO: Draco encoder: Encoding mesh Canopy sprays 1878.
18:15:57 | INFO: Draco encoder: Encoding mesh Canopy sprays 1879.
18:15:57 | INFO: Draco encoder: Encoding mesh Canopy sprays 1880.
18:15:57 | INFO: Draco encoder: Encoding mesh Canopy sprays 1881.
18:15:57 | INFO: Draco encoder: Encoding mesh Canopy sprays 1882.
18:15:57 | INFO: Draco encoder: Encoding mesh Canopy sprays 1883.
18:15:57 | INFO: Draco encoder: Encoding mesh Canopy sprays 1884.
18:15:57 | INFO: Draco encoder: Encoding mesh Canopy sprays 1885.
18:15:57 | INFO: Draco encoder: Encoding mesh Canopy sprays 1886.
18:15:57 | INFO: Draco encoder: Encoding mesh Canopy sprays 1887.
18:15:57 | INFO: Draco encoder: Encoding mesh Canopy sprays 1888.
18:15:57 | INFO: Draco encoder: Encoding mesh Canopy sprays 1889.
18:15:57 | INFO: Draco encoder: Encoding mesh Canopy sprays 1890.
18:15:57 | INFO: Draco encoder: Encoding mesh Canopy sprays 1891.
18:15:57 | INFO: Draco encoder: Encoding mesh Canopy sprays 1892.
18:15:57 | INFO: Draco encoder: Encoding mesh Canopy sprays 1893.
18:15:57 | INFO: Draco encoder: Encoding mesh Canopy sprays 1894.
18:15:57 | INFO: Draco encoder: Encoding mesh Canopy sprays 1895.
18:15:57 | INFO: Draco encoder: Encoding mesh Canopy sprays 1896.
18:15:57 | INFO: Draco encoder: Encoding mesh Canopy sprays 1897.
18:15:57 | INFO: Draco encoder: Encoding mesh Canopy sprays 1898.
18:15:57 | INFO: Draco encoder: Encoding mesh Canopy sprays 1899.
18:15:57 | INFO: Draco encoder: Encoding mesh Canopy sprays 1900.
18:15:57 | INFO: Draco encoder: Encoding mesh Canopy sprays 1901.
18:15:57 | INFO: Draco encoder: Encoding mesh Canopy sprays 1902.
18:15:57 | INFO: Draco encoder: Encoding mesh Canopy sprays 1903.
18:15:57 | INFO: Draco encoder: Encoding mesh Canopy sprays 1904.
18:15:57 | INFO: Draco encoder: Encoding mesh Canopy sprays 1905.
18:15:57 | INFO: Draco encoder: Encoding mesh Canopy sprays 1906.
18:15:57 | INFO: Draco encoder: Encoding mesh Canopy sprays 1907.
18:15:57 | INFO: Draco encoder: Encoding mesh Canopy sprays 1908.
18:15:57 | INFO: Draco encoder: Encoding mesh Canopy sprays 1909.
18:15:57 | INFO: Draco encoder: Encoding mesh Canopy sprays 1910.
18:15:57 | INFO: Draco encoder: Encoding mesh Canopy sprays 1911.
18:15:57 | INFO: Draco encoder: Encoding mesh Canopy sprays 1912.
18:15:57 | INFO: Draco encoder: Encoding mesh Canopy sprays 1913.
18:15:57 | INFO: Draco encoder: Encoding mesh Canopy sprays 1914.
18:15:57 | INFO: Draco encoder: Encoding mesh Canopy sprays 1915.
18:15:57 | INFO: Draco encoder: Encoding mesh Canopy sprays 1916.
18:15:57 | INFO: Draco encoder: Encoding mesh Canopy sprays 1917.
18:15:57 | INFO: Draco encoder: Encoding mesh Canopy sprays 1918.
18:15:57 | INFO: Draco encoder: Encoding mesh Canopy sprays 1919.
18:15:57 | INFO: Draco encoder: Encoding mesh Canopy sprays 1920.
18:15:57 | INFO: Draco encoder: Encoding mesh Canopy sprays 1921.
18:15:57 | INFO: Draco encoder: Encoding mesh Canopy sprays 1922.
18:15:57 | INFO: Draco encoder: Encoding mesh Canopy sprays 1923.
18:15:57 | INFO: Draco encoder: Encoding mesh Canopy sprays 1924.
18:15:57 | INFO: Draco encoder: Encoding mesh Canopy sprays 1925.
18:15:57 | INFO: Draco encoder: Encoding mesh Canopy sprays 1926.
18:15:57 | INFO: Draco encoder: Encoding mesh Canopy sprays 1927.
18:15:57 | INFO: Draco encoder: Encoding mesh Canopy sprays 1928.
18:15:57 | INFO: Draco encoder: Encoding mesh Canopy sprays 1929.
18:15:57 | INFO: Draco encoder: Encoding mesh Canopy sprays 1930.
18:15:57 | INFO: Draco encoder: Encoding mesh Canopy sprays 1931.
18:15:57 | INFO: Draco encoder: Encoding mesh Canopy sprays 1932.
18:15:57 | INFO: Draco encoder: Encoding mesh Canopy sprays 1933.
18:15:57 | INFO: Draco encoder: Encoding mesh Canopy sprays 1934.
18:15:57 | INFO: Draco encoder: Encoding mesh Canopy sprays 1935.
18:15:57 | INFO: Draco encoder: Encoding mesh Canopy sprays 1936.
18:15:57 | INFO: Draco encoder: Encoding mesh Canopy sprays 1937.
18:15:57 | INFO: Draco encoder: Encoding mesh Canopy sprays 1938.
18:15:57 | INFO: Draco encoder: Encoding mesh Canopy sprays 1939.
18:15:57 | INFO: Draco encoder: Encoding mesh Canopy sprays 1940.
18:15:57 | INFO: Draco encoder: Encoding mesh Canopy sprays 1941.
18:15:57 | INFO: Draco encoder: Encoding mesh Canopy sprays 1942.
18:15:57 | INFO: Draco encoder: Encoding mesh Canopy sprays 1943.
18:15:57 | INFO: Draco encoder: Encoding mesh Canopy sprays 1944.
18:15:57 | INFO: Draco encoder: Encoding mesh Canopy sprays 1945.
18:15:57 | INFO: Draco encoder: Encoding mesh Canopy sprays 1946.
18:15:57 | INFO: Draco encoder: Encoding mesh Canopy sprays 1947.
18:15:57 | INFO: Draco encoder: Encoding mesh Canopy sprays 1948.
18:15:57 | INFO: Draco encoder: Encoding mesh Canopy sprays 1949.
18:15:57 | INFO: Draco encoder: Encoding mesh Canopy sprays 1950.
18:15:57 | INFO: Draco encoder: Encoding mesh Canopy sprays 1951.
18:15:57 | INFO: Draco encoder: Encoding mesh Canopy sprays 1952.
18:15:57 | INFO: Draco encoder: Encoding mesh Canopy sprays 1953.
18:15:57 | INFO: Draco encoder: Encoding mesh Canopy sprays 1954.
18:15:57 | INFO: Draco encoder: Encoding mesh Canopy sprays 1955.
18:15:57 | INFO: Draco encoder: Encoding mesh Canopy sprays 1956.
18:15:57 | INFO: Draco encoder: Encoding mesh Canopy sprays 1957.
18:15:57 | INFO: Draco encoder: Encoding mesh Canopy sprays 1958.
18:15:57 | INFO: Draco encoder: Encoding mesh Canopy sprays 1959.
18:15:57 | INFO: Draco encoder: Encoding mesh Canopy sprays 1960.
18:15:57 | INFO: Draco encoder: Encoding mesh Canopy sprays 1961.
18:15:57 | INFO: Draco encoder: Encoding mesh Canopy sprays 1962.
18:15:57 | INFO: Draco encoder: Encoding mesh Canopy sprays 1963.
18:15:57 | INFO: Draco encoder: Encoding mesh Canopy sprays 1964.
18:15:57 | INFO: Draco encoder: Encoding mesh Canopy sprays 1965.
18:15:57 | INFO: Draco encoder: Encoding mesh Canopy sprays 1966.
18:15:57 | INFO: Draco encoder: Encoding mesh Canopy sprays 1967.
18:15:57 | INFO: Draco encoder: Encoding mesh Canopy sprays 1968.
18:15:57 | INFO: Draco encoder: Encoding mesh Canopy sprays 1969.
18:15:57 | INFO: Draco encoder: Encoding mesh Canopy sprays 1970.
18:15:57 | INFO: Draco encoder: Encoding mesh Canopy sprays 1971.
18:15:57 | INFO: Draco encoder: Encoding mesh Canopy sprays 1972.
18:15:57 | INFO: Draco encoder: Encoding mesh Canopy sprays 1973.
18:15:57 | INFO: Draco encoder: Encoding mesh Canopy sprays 1974.
18:15:57 | INFO: Draco encoder: Encoding mesh Canopy sprays 1975.
18:15:57 | INFO: Draco encoder: Encoding mesh Canopy sprays 1976.
18:15:57 | INFO: Draco encoder: Encoding mesh Canopy sprays 1977.
18:15:57 | INFO: Draco encoder: Encoding mesh Canopy sprays 1978.
18:15:57 | INFO: Draco encoder: Encoding mesh Canopy sprays 1979.
18:15:57 | INFO: Draco encoder: Encoding mesh Canopy sprays 1980.
18:15:57 | INFO: Draco encoder: Encoding mesh Canopy sprays 1981.
18:15:57 | INFO: Draco encoder: Encoding mesh Canopy sprays 1982.
18:15:57 | INFO: Draco encoder: Encoding mesh Canopy sprays 1983.
18:15:57 | INFO: Draco encoder: Encoding mesh Canopy sprays 1984.
18:15:57 | INFO: Draco encoder: Encoding mesh Canopy sprays 1985.
18:15:57 | INFO: Draco encoder: Encoding mesh Canopy sprays 1986.
18:15:57 | INFO: Draco encoder: Encoding mesh Canopy sprays 1987.
18:15:57 | INFO: Draco encoder: Encoding mesh Canopy sprays 1988.
18:15:57 | INFO: Draco encoder: Encoding mesh Canopy sprays 1989.
18:15:57 | INFO: Draco encoder: Encoding mesh Canopy sprays 1990.
18:15:57 | INFO: Draco encoder: Encoding mesh Canopy sprays 1991.
18:15:57 | INFO: Draco encoder: Encoding mesh Canopy sprays 1992.
18:15:57 | INFO: Draco encoder: Encoding mesh Canopy sprays 1993.
18:15:57 | INFO: Draco encoder: Encoding mesh Canopy sprays 1994.
18:15:57 | INFO: Draco encoder: Encoding mesh Canopy sprays 1995.
18:15:57 | INFO: Draco encoder: Encoding mesh Canopy sprays 1996.
18:15:57 | INFO: Draco encoder: Encoding mesh Canopy sprays 1997.
18:15:57 | INFO: Draco encoder: Encoding mesh Canopy sprays 1998.
18:15:57 | INFO: Draco encoder: Encoding mesh Canopy sprays 1999.
18:15:57 | INFO: Draco encoder: Encoding mesh Canopy sprays 2000.
18:15:57 | INFO: Draco encoder: Encoding mesh Canopy sprays 2001.
18:15:57 | INFO: Draco encoder: Encoding mesh Canopy sprays 2002.
18:15:57 | INFO: Draco encoder: Encoding mesh Canopy sprays 2003.
18:15:57 | INFO: Draco encoder: Encoding mesh Canopy sprays 2004.
18:15:57 | INFO: Draco encoder: Encoding mesh Canopy sprays 2005.
18:15:57 | INFO: Draco encoder: Encoding mesh Canopy sprays 2006.
18:15:57 | INFO: Draco encoder: Encoding mesh Canopy sprays 2007.
18:15:57 | INFO: Draco encoder: Encoding mesh Canopy sprays 2008.
18:15:57 | INFO: Draco encoder: Encoding mesh Canopy sprays 2009.
18:15:57 | INFO: Draco encoder: Encoding mesh Canopy sprays 2010.
18:15:57 | INFO: Draco encoder: Encoding mesh Canopy sprays 2011.
18:15:57 | INFO: Draco encoder: Encoding mesh Canopy sprays 2012.
18:15:57 | INFO: Draco encoder: Encoding mesh Canopy sprays 2013.
18:15:57 | INFO: Draco encoder: Encoding mesh Canopy sprays 2014.
18:15:57 | INFO: Draco encoder: Encoding mesh Canopy sprays 2015.
18:15:57 | INFO: Draco encoder: Encoding mesh Canopy sprays 2016.
18:15:57 | INFO: Draco encoder: Encoding mesh Canopy sprays 2017.
18:15:57 | INFO: Draco encoder: Encoding mesh Canopy sprays 2018.
18:15:57 | INFO: Draco encoder: Encoding mesh Canopy sprays 2019.
18:15:57 | INFO: Draco encoder: Encoding mesh Canopy sprays 2020.
18:15:57 | INFO: Draco encoder: Encoding mesh Canopy sprays 2021.
18:15:57 | INFO: Draco encoder: Encoding mesh Canopy sprays 2022.
18:15:57 | INFO: Draco encoder: Encoding mesh Canopy sprays 2023.
18:15:57 | INFO: Draco encoder: Encoding mesh Canopy sprays 2024.
18:15:57 | INFO: Draco encoder: Encoding mesh Canopy sprays 2025.
18:15:57 | INFO: Draco encoder: Encoding mesh Canopy sprays 2026.
18:15:57 | INFO: Draco encoder: Encoding mesh Canopy sprays 2027.
18:15:57 | INFO: Draco encoder: Encoding mesh Canopy sprays 2028.
18:15:57 | INFO: Draco encoder: Encoding mesh Canopy sprays 2029.
18:15:57 | INFO: Draco encoder: Encoding mesh Canopy sprays 2030.
18:15:57 | INFO: Draco encoder: Encoding mesh Canopy sprays 2031.
18:15:57 | INFO: Draco encoder: Encoding mesh Canopy sprays 2032.
18:15:57 | INFO: Draco encoder: Encoding mesh Canopy sprays 2033.
18:15:57 | INFO: Draco encoder: Encoding mesh Canopy sprays 2034.
18:15:57 | INFO: Draco encoder: Encoding mesh Canopy sprays 2035.
18:15:57 | INFO: Draco encoder: Encoding mesh Canopy sprays 2036.
18:15:57 | INFO: Draco encoder: Encoding mesh Canopy sprays 2037.
18:15:57 | INFO: Draco encoder: Encoding mesh Canopy sprays 2038.
18:15:57 | INFO: Draco encoder: Encoding mesh Canopy sprays 2039.
18:15:57 | INFO: Draco encoder: Encoding mesh Canopy sprays 2040.
18:15:57 | INFO: Draco encoder: Encoding mesh Canopy sprays 2041.
18:15:57 | INFO: Draco encoder: Encoding mesh Canopy sprays 2042.
18:15:57 | INFO: Draco encoder: Encoding mesh Canopy sprays 2043.
18:15:57 | INFO: Draco encoder: Encoding mesh Canopy sprays 2044.
18:15:57 | INFO: Draco encoder: Encoding mesh Canopy sprays 2045.
18:15:57 | INFO: Draco encoder: Encoding mesh Canopy sprays 2046.
18:15:57 | INFO: Draco encoder: Encoding mesh Canopy sprays 2047.
18:15:57 | INFO: Draco encoder: Encoding mesh Canopy sprays 2048.
18:15:57 | INFO: Draco encoder: Encoding mesh Canopy sprays 2049.
18:15:57 | INFO: Draco encoder: Encoding mesh Canopy sprays 2050.
18:15:57 | INFO: Draco encoder: Encoding mesh Canopy sprays 2051.
18:15:57 | INFO: Draco encoder: Encoding mesh Canopy sprays 2052.
18:15:57 | INFO: Draco encoder: Encoding mesh Canopy sprays 2053.
18:15:57 | INFO: Draco encoder: Encoding mesh Canopy sprays 2054.
18:15:57 | INFO: Draco encoder: Encoding mesh Canopy sprays 2055.
18:15:57 | INFO: Draco encoder: Encoding mesh Canopy sprays 2056.
18:15:57 | INFO: Draco encoder: Encoding mesh Canopy sprays 2057.
18:15:57 | INFO: Draco encoder: Encoding mesh Canopy sprays 2058.
18:15:57 | INFO: Draco encoder: Encoding mesh Canopy sprays 2059.
18:15:57 | INFO: Draco encoder: Encoding mesh Canopy sprays 2060.
18:15:57 | INFO: Draco encoder: Encoding mesh Canopy sprays 2061.
18:15:57 | INFO: Draco encoder: Encoding mesh Canopy sprays 2062.
18:15:57 | INFO: Draco encoder: Encoding mesh Canopy sprays 2063.
18:15:57 | INFO: Draco encoder: Encoding mesh Canopy sprays 2064.
18:15:57 | INFO: Draco encoder: Encoding mesh Canopy sprays 2065.
18:15:57 | INFO: Draco encoder: Encoding mesh Canopy sprays 2066.
18:15:57 | INFO: Draco encoder: Encoding mesh Canopy sprays 2067.
18:15:57 | INFO: Draco encoder: Encoding mesh Canopy sprays 2068.
18:15:57 | INFO: Draco encoder: Encoding mesh Canopy sprays 2069.
18:15:57 | INFO: Draco encoder: Encoding mesh Canopy sprays 2070.
18:15:57 | INFO: Draco encoder: Encoding mesh Canopy sprays 2071.
18:15:57 | INFO: Draco encoder: Encoding mesh Canopy sprays 2072.
18:15:57 | INFO: Draco encoder: Encoding mesh Canopy sprays 2073.
18:15:57 | INFO: Draco encoder: Encoding mesh Canopy sprays 2074.
18:15:57 | INFO: Draco encoder: Encoding mesh Canopy sprays 2075.
18:15:57 | INFO: Draco encoder: Encoding mesh Canopy sprays 2076.
18:15:57 | INFO: Draco encoder: Encoding mesh Canopy sprays 2077.
18:15:57 | INFO: Draco encoder: Encoding mesh Canopy sprays 2078.
18:15:57 | INFO: Draco encoder: Encoding mesh Canopy sprays 2079.
18:15:57 | INFO: Draco encoder: Encoding mesh Canopy sprays 2080.
18:15:57 | INFO: Draco encoder: Encoding mesh Canopy sprays 2081.
18:15:57 | INFO: Draco encoder: Encoding mesh Canopy sprays 2082.
18:15:57 | INFO: Draco encoder: Encoding mesh Canopy sprays 2083.
18:15:57 | INFO: Draco encoder: Encoding mesh Canopy sprays 2084.
18:15:57 | INFO: Draco encoder: Encoding mesh Canopy sprays 2085.
18:15:57 | INFO: Draco encoder: Encoding mesh Canopy sprays 2086.
18:15:57 | INFO: Draco encoder: Encoding mesh Canopy sprays 2087.
18:15:57 | INFO: Draco encoder: Encoding mesh Canopy sprays 2088.
18:15:57 | INFO: Draco encoder: Encoding mesh Canopy sprays 2089.
18:15:57 | INFO: Draco encoder: Encoding mesh Canopy sprays 2090.
18:15:57 | INFO: Draco encoder: Encoding mesh Canopy sprays 2091.
18:15:57 | INFO: Draco encoder: Encoding mesh Canopy sprays 2092.
18:15:57 | INFO: Draco encoder: Encoding mesh Canopy sprays 2093.
18:15:57 | INFO: Draco encoder: Encoding mesh Canopy sprays 2094.
18:15:57 | INFO: Draco encoder: Encoding mesh Canopy sprays 2095.
18:15:57 | INFO: Draco encoder: Encoding mesh Canopy sprays 2096.
18:15:57 | INFO: Draco encoder: Encoding mesh Canopy sprays 2097.
18:15:57 | INFO: Draco encoder: Encoding mesh Canopy sprays 2098.
18:15:57 | INFO: Draco encoder: Encoding mesh Canopy sprays 2099.
18:15:57 | INFO: Draco encoder: Encoding mesh Canopy sprays 2100.
18:15:57 | INFO: Draco encoder: Encoding mesh Canopy sprays 2101.
18:15:57 | INFO: Draco encoder: Encoding mesh Canopy sprays 2102.
18:15:57 | INFO: Draco encoder: Encoding mesh Canopy sprays 2103.
18:15:57 | INFO: Draco encoder: Encoding mesh Canopy sprays 2104.
18:15:57 | INFO: Draco encoder: Encoding mesh Canopy sprays 2105.
18:15:57 | INFO: Draco encoder: Encoding mesh Canopy sprays 2106.
18:15:57 | INFO: Draco encoder: Encoding mesh Canopy sprays 2107.
18:15:57 | INFO: Draco encoder: Encoding mesh Canopy sprays 2108.
18:15:57 | INFO: Draco encoder: Encoding mesh Canopy sprays 2109.
18:15:57 | INFO: Draco encoder: Encoding mesh Canopy sprays 2110.
18:15:57 | INFO: Draco encoder: Encoding mesh Canopy sprays 2111.
18:15:57 | INFO: Draco encoder: Encoding mesh Canopy sprays 2112.
18:15:57 | INFO: Draco encoder: Encoding mesh Canopy sprays 2113.
18:15:57 | INFO: Draco encoder: Encoding mesh Canopy sprays 2114.
18:15:57 | INFO: Draco encoder: Encoding mesh Canopy sprays 2115.
18:15:57 | INFO: Draco encoder: Encoding mesh Canopy sprays 2116.
18:15:57 | INFO: Draco encoder: Encoding mesh Canopy sprays 2117.
18:15:57 | INFO: Draco encoder: Encoding mesh Canopy sprays 2118.
18:15:57 | INFO: Draco encoder: Encoding mesh Canopy sprays 2119.
18:15:57 | INFO: Draco encoder: Encoding mesh Canopy sprays 2120.
18:15:57 | INFO: Draco encoder: Encoding mesh Canopy sprays 2121.
18:15:57 | INFO: Draco encoder: Encoding mesh Canopy sprays 2122.
18:15:57 | INFO: Draco encoder: Encoding mesh Canopy sprays 2123.
18:15:57 | INFO: Draco encoder: Encoding mesh Canopy sprays 2124.
18:15:57 | INFO: Draco encoder: Encoding mesh Canopy sprays 2125.
18:15:57 | INFO: Draco encoder: Encoding mesh Canopy sprays 2126.
18:15:57 | INFO: Draco encoder: Encoding mesh Canopy sprays 2127.
18:15:57 | INFO: Draco encoder: Encoding mesh Canopy sprays 2128.
18:15:57 | INFO: Draco encoder: Encoding mesh Canopy sprays 2129.
18:15:57 | INFO: Draco encoder: Encoding mesh Canopy sprays 2130.
18:15:57 | INFO: Draco encoder: Encoding mesh Canopy sprays 2131.
18:15:57 | INFO: Draco encoder: Encoding mesh Canopy sprays 2132.
18:15:57 | INFO: Draco encoder: Encoding mesh Canopy sprays 2133.
18:15:57 | INFO: Draco encoder: Encoding mesh Canopy sprays 2134.
18:15:57 | INFO: Draco encoder: Encoding mesh Canopy sprays 2135.
18:15:57 | INFO: Draco encoder: Encoding mesh Canopy sprays 2136.
18:15:57 | INFO: Draco encoder: Encoding mesh Canopy sprays 2137.
18:15:57 | INFO: Draco encoder: Encoding mesh Canopy sprays 2138.
18:15:57 | INFO: Draco encoder: Encoding mesh Canopy sprays 2139.
18:15:57 | INFO: Draco encoder: Encoding mesh Canopy sprays 2140.
18:15:57 | INFO: Draco encoder: Encoding mesh Canopy sprays 2141.
18:15:57 | INFO: Draco encoder: Encoding mesh Canopy sprays 2142.
18:15:57 | INFO: Draco encoder: Encoding mesh Canopy sprays 2143.
18:15:57 | INFO: Draco encoder: Encoding mesh Canopy sprays 2144.
18:15:57 | INFO: Draco encoder: Encoding mesh Canopy sprays 2145.
18:15:57 | INFO: Draco encoder: Encoding mesh Canopy sprays 2146.
18:15:57 | INFO: Draco encoder: Encoding mesh Canopy sprays 2147.
18:15:57 | INFO: Draco encoder: Encoding mesh Canopy sprays 2148.
18:15:57 | INFO: Draco encoder: Encoding mesh Canopy sprays 2149.
18:15:57 | INFO: Draco encoder: Encoding mesh Canopy sprays 2150.
18:15:57 | INFO: Draco encoder: Encoding mesh Canopy sprays 2151.
18:15:57 | INFO: Draco encoder: Encoding mesh Canopy sprays 2152.
18:15:57 | INFO: Draco encoder: Encoding mesh Canopy sprays 2153.
18:15:57 | INFO: Draco encoder: Encoding mesh Canopy sprays 2154.
18:15:57 | INFO: Draco encoder: Encoding mesh Canopy sprays 2155.
18:15:57 | INFO: Draco encoder: Encoding mesh Canopy sprays 2156.
18:15:57 | INFO: Draco encoder: Encoding mesh Canopy sprays 2157.
18:15:57 | INFO: Draco encoder: Encoding mesh Canopy sprays 2158.
18:15:57 | INFO: Draco encoder: Encoding mesh Canopy sprays 2159.
18:15:57 | INFO: Draco encoder: Encoding mesh Canopy sprays 2160.
18:15:57 | INFO: Draco encoder: Encoding mesh Canopy sprays 2161.
18:15:57 | INFO: Draco encoder: Encoding mesh Canopy sprays 2162.
18:15:57 | INFO: Draco encoder: Encoding mesh Canopy sprays 2163.
18:15:57 | INFO: Draco encoder: Encoding mesh Canopy sprays 2164.
18:15:57 | INFO: Draco encoder: Encoding mesh Canopy sprays 2165.
18:15:57 | INFO: Draco encoder: Encoding mesh Canopy sprays 2166.
18:15:57 | INFO: Draco encoder: Encoding mesh Canopy sprays 2167.
18:15:57 | INFO: Draco encoder: Encoding mesh Canopy sprays 2168.
18:15:57 | INFO: Draco encoder: Encoding mesh Canopy sprays 2169.
18:15:57 | INFO: Draco encoder: Encoding mesh Canopy sprays 2170.
18:15:57 | INFO: Draco encoder: Encoding mesh Canopy sprays 2171.
18:15:57 | INFO: Draco encoder: Encoding mesh Canopy sprays 2172.
18:15:57 | INFO: Draco encoder: Encoding mesh Canopy sprays 2173.
18:15:57 | INFO: Draco encoder: Encoding mesh Canopy sprays 2174.
18:15:57 | INFO: Draco encoder: Encoding mesh Canopy sprays 2175.
18:15:57 | INFO: Draco encoder: Encoding mesh Canopy sprays 2176.
18:15:57 | INFO: Draco encoder: Encoding mesh Canopy sprays 2177.
18:15:57 | INFO: Draco encoder: Encoding mesh Canopy sprays 2178.
18:15:57 | INFO: Draco encoder: Encoding mesh Canopy sprays 2179.
18:15:57 | INFO: Draco encoder: Encoding mesh Canopy sprays 2180.
18:15:57 | INFO: Draco encoder: Encoding mesh Canopy sprays 2181.
18:15:57 | INFO: Draco encoder: Encoding mesh Canopy sprays 2182.
18:15:57 | INFO: Draco encoder: Encoding mesh Canopy sprays 2183.
18:15:57 | INFO: Draco encoder: Encoding mesh Canopy sprays 2184.
18:15:57 | INFO: Draco encoder: Encoding mesh Canopy sprays 2185.
18:15:57 | INFO: Draco encoder: Encoding mesh Canopy sprays 2186.
18:15:57 | INFO: Draco encoder: Encoding mesh Canopy sprays 2187.
18:15:57 | INFO: Draco encoder: Encoding mesh Canopy sprays 2188.
18:15:57 | INFO: Draco encoder: Encoding mesh Canopy sprays 2189.
18:15:57 | INFO: Draco encoder: Encoding mesh Canopy sprays 2190.
18:15:57 | INFO: Draco encoder: Encoding mesh Canopy sprays 2191.
18:15:57 | INFO: Draco encoder: Encoding mesh Canopy sprays 2192.
18:15:57 | INFO: Draco encoder: Encoding mesh Canopy sprays 2193.
18:15:57 | INFO: Draco encoder: Encoding mesh Canopy sprays 2194.
18:15:57 | INFO: Draco encoder: Encoding mesh Canopy sprays 2195.
18:15:57 | INFO: Draco encoder: Encoding mesh Canopy sprays 2196.
18:15:57 | INFO: Draco encoder: Encoding mesh Canopy sprays 2197.
18:15:57 | INFO: Draco encoder: Encoding mesh Canopy sprays 2198.
18:15:57 | INFO: Draco encoder: Encoding mesh Canopy sprays 2199.
18:15:57 | INFO: Draco encoder: Encoding mesh Canopy sprays 2200.
18:15:57 | INFO: Draco encoder: Encoding mesh Canopy sprays 2201.
18:15:57 | INFO: Draco encoder: Encoding mesh Canopy sprays 2202.
18:15:57 | INFO: Draco encoder: Encoding mesh Canopy sprays 2203.
18:15:57 | INFO: Draco encoder: Encoding mesh Canopy sprays 2204.
18:15:57 | INFO: Draco encoder: Encoding mesh Canopy sprays 2205.
18:15:57 | INFO: Draco encoder: Encoding mesh Canopy sprays 2206.
18:15:57 | INFO: Draco encoder: Encoding mesh Canopy sprays 2207.
18:15:57 | INFO: Draco encoder: Encoding mesh Canopy sprays 2208.
18:15:57 | INFO: Draco encoder: Encoding mesh Canopy sprays 2209.
18:15:57 | INFO: Draco encoder: Encoding mesh Canopy sprays 2210.
18:15:57 | INFO: Draco encoder: Encoding mesh Canopy sprays 2211.
18:15:57 | INFO: Draco encoder: Encoding mesh Canopy sprays 2212.
18:15:57 | INFO: Draco encoder: Encoding mesh Canopy sprays 2213.
18:15:57 | INFO: Draco encoder: Encoding mesh Canopy sprays 2214.
18:15:57 | INFO: Draco encoder: Encoding mesh Canopy sprays 2215.
18:15:57 | INFO: Draco encoder: Encoding mesh Canopy sprays 2216.
18:15:57 | INFO: Draco encoder: Encoding mesh Canopy sprays 2217.
18:15:57 | INFO: Draco encoder: Encoding mesh Canopy sprays 2218.
18:15:57 | INFO: Draco encoder: Encoding mesh Canopy sprays 2219.
18:15:57 | INFO: Draco encoder: Encoding mesh Canopy sprays 2220.
18:15:57 | INFO: Draco encoder: Encoding mesh Canopy sprays 2221.
18:15:57 | INFO: Draco encoder: Encoding mesh Canopy sprays 2222.
18:15:57 | INFO: Draco encoder: Encoding mesh Canopy sprays 2223.
18:15:57 | INFO: Draco encoder: Encoding mesh Canopy sprays 2224.
18:15:57 | INFO: Draco encoder: Encoding mesh Canopy sprays 2225.
18:15:57 | INFO: Draco encoder: Encoding mesh Canopy sprays 2226.
18:15:57 | INFO: Draco encoder: Encoding mesh Canopy sprays 2227.
18:15:57 | INFO: Draco encoder: Encoding mesh Canopy sprays 2228.
18:15:57 | INFO: Draco encoder: Encoding mesh Canopy sprays 2229.
18:15:57 | INFO: Draco encoder: Encoding mesh Canopy sprays 2230.
18:15:57 | INFO: Draco encoder: Encoding mesh Canopy sprays 2231.
18:15:57 | INFO: Draco encoder: Encoding mesh Canopy sprays 2232.
18:15:57 | INFO: Draco encoder: Encoding mesh Canopy sprays 2233.
18:15:57 | INFO: Draco encoder: Encoding mesh Canopy sprays 2234.
18:15:57 | INFO: Draco encoder: Encoding mesh Canopy sprays 2235.
18:15:57 | INFO: Draco encoder: Encoding mesh Canopy sprays 2236.
18:15:57 | INFO: Draco encoder: Encoding mesh Canopy sprays 2237.
18:15:57 | INFO: Draco encoder: Encoding mesh Canopy sprays 2238.
18:15:57 | INFO: Draco encoder: Encoding mesh Canopy sprays 2239.
18:15:57 | INFO: Draco encoder: Encoding mesh Canopy sprays 2240.
18:15:57 | INFO: Draco encoder: Encoding mesh Canopy sprays 2241.
18:15:57 | INFO: Draco encoder: Encoding mesh Canopy sprays 2242.
18:15:57 | INFO: Draco encoder: Encoding mesh Canopy sprays 2243.
18:15:57 | INFO: Draco encoder: Encoding mesh Canopy sprays 2244.
18:15:57 | INFO: Draco encoder: Encoding mesh Canopy sprays 2245.
18:15:57 | INFO: Draco encoder: Encoding mesh Canopy sprays 2246.
18:15:57 | INFO: Draco encoder: Encoding mesh Canopy sprays 2247.
18:15:57 | INFO: Draco encoder: Encoding mesh Canopy sprays 2248.
18:15:57 | INFO: Draco encoder: Encoding mesh Canopy sprays 2249.
18:15:57 | INFO: Draco encoder: Encoding mesh Canopy sprays 2250.
18:15:57 | INFO: Draco encoder: Encoding mesh Canopy sprays 2251.
18:15:57 | INFO: Draco encoder: Encoding mesh Canopy sprays 2252.
18:15:57 | INFO: Draco encoder: Encoding mesh Canopy sprays 2253.
18:15:57 | INFO: Draco encoder: Encoding mesh Canopy sprays 2254.
18:15:57 | INFO: Draco encoder: Encoding mesh Canopy sprays 2255.
18:15:57 | INFO: Draco encoder: Encoding mesh Canopy sprays 2256.
18:15:57 | INFO: Draco encoder: Encoding mesh Canopy sprays 2257.
18:15:57 | INFO: Draco encoder: Encoding mesh Canopy sprays 2258.
18:15:57 | INFO: Draco encoder: Encoding mesh Canopy sprays 2259.
18:15:57 | INFO: Draco encoder: Encoding mesh Canopy sprays 2260.
18:15:57 | INFO: Draco encoder: Encoding mesh Canopy sprays 2261.
18:15:57 | INFO: Draco encoder: Encoding mesh Canopy sprays 2262.
18:15:57 | INFO: Draco encoder: Encoding mesh Canopy sprays 2263.
18:15:57 | INFO: Draco encoder: Encoding mesh Canopy sprays 2264.
18:15:57 | INFO: Draco encoder: Encoding mesh Canopy sprays 2265.
18:15:57 | INFO: Draco encoder: Encoding mesh Canopy sprays 2266.
18:15:57 | INFO: Draco encoder: Encoding mesh Canopy sprays 2267.
18:15:57 | INFO: Draco encoder: Encoding mesh Canopy sprays 2268.
18:15:57 | INFO: Draco encoder: Encoding mesh Canopy sprays 2269.
18:15:57 | INFO: Draco encoder: Encoding mesh Canopy sprays 2270.
18:15:57 | INFO: Draco encoder: Encoding mesh Canopy sprays 2271.
18:15:57 | INFO: Draco encoder: Encoding mesh Canopy sprays 2272.
18:15:57 | INFO: Draco encoder: Encoding mesh Canopy sprays 2273.
18:15:57 | INFO: Draco encoder: Encoding mesh Canopy sprays 2274.
18:15:57 | INFO: Draco encoder: Encoding mesh Canopy sprays 2275.
18:15:57 | INFO: Draco encoder: Encoding mesh Canopy sprays 2276.
18:15:57 | INFO: Draco encoder: Encoding mesh Canopy sprays 2277.
18:15:57 | INFO: Draco encoder: Encoding mesh Canopy sprays 2278.
18:15:57 | INFO: Draco encoder: Encoding mesh Canopy sprays 2279.
18:15:57 | INFO: Draco encoder: Encoding mesh Canopy sprays 2280.
18:15:57 | INFO: Draco encoder: Encoding mesh Canopy sprays 2281.
18:15:57 | INFO: Draco encoder: Encoding mesh Canopy sprays 2282.
18:15:57 | INFO: Draco encoder: Encoding mesh Canopy sprays 2283.
18:15:57 | INFO: Draco encoder: Encoding mesh Canopy sprays 2284.
18:15:57 | INFO: Draco encoder: Encoding mesh Canopy sprays 2285.
18:15:57 | INFO: Draco encoder: Encoding mesh Canopy sprays 2286.
18:15:57 | INFO: Draco encoder: Encoding mesh Canopy sprays 2287.
18:15:57 | INFO: Draco encoder: Encoding mesh Canopy sprays 2288.
18:15:57 | INFO: Draco encoder: Encoding mesh Canopy sprays 2289.
18:15:57 | INFO: Draco encoder: Encoding mesh Canopy sprays 2290.
18:15:57 | INFO: Draco encoder: Encoding mesh Canopy sprays 2291.
18:15:57 | INFO: Draco encoder: Encoding mesh Canopy sprays 2292.
18:15:57 | INFO: Draco encoder: Encoding mesh Canopy sprays 2293.
18:15:57 | INFO: Draco encoder: Encoding mesh Canopy sprays 2294.
18:15:57 | INFO: Draco encoder: Encoding mesh Canopy sprays 2295.
18:15:57 | INFO: Draco encoder: Encoding mesh Canopy sprays 2296.
18:15:57 | INFO: Draco encoder: Encoding mesh Canopy sprays 2297.
18:15:57 | INFO: Draco encoder: Encoding mesh Canopy sprays 2298.
18:15:57 | INFO: Draco encoder: Encoding mesh Canopy sprays 2299.
18:15:57 | INFO: Draco encoder: Encoding mesh Canopy sprays 2300.
18:15:57 | INFO: Draco encoder: Encoding mesh Canopy sprays 2301.
18:15:57 | INFO: Draco encoder: Encoding mesh Canopy sprays 2302.
18:15:57 | INFO: Draco encoder: Encoding mesh Canopy sprays 2303.
18:15:57 | INFO: Draco encoder: Encoding mesh Canopy sprays 2304.
18:15:57 | INFO: Draco encoder: Encoding mesh Canopy sprays 2305.
18:15:57 | INFO: Draco encoder: Encoding mesh Canopy sprays 2306.
18:15:57 | INFO: Draco encoder: Encoding mesh Canopy sprays 2307.
18:15:57 | INFO: Draco encoder: Encoding mesh Canopy sprays 2308.
18:15:57 | INFO: Draco encoder: Encoding mesh Canopy sprays 2309.
18:15:57 | INFO: Draco encoder: Encoding mesh Canopy sprays 2310.
18:15:57 | INFO: Draco encoder: Encoding mesh Canopy sprays 2311.
18:15:57 | INFO: Draco encoder: Encoding mesh Canopy sprays 2312.
18:15:57 | INFO: Draco encoder: Encoding mesh Canopy sprays 2313.
18:15:57 | INFO: Draco encoder: Encoding mesh Canopy sprays 2314.
18:15:57 | INFO: Draco encoder: Encoding mesh Canopy sprays 2315.
18:15:57 | INFO: Draco encoder: Encoding mesh Canopy sprays 2316.
18:15:57 | INFO: Draco encoder: Encoding mesh Canopy sprays 2317.
18:15:57 | INFO: Draco encoder: Encoding mesh Canopy sprays 2318.
18:15:57 | INFO: Draco encoder: Encoding mesh Canopy sprays 2319.
18:15:57 | INFO: Draco encoder: Encoding mesh Canopy sprays 2320.
18:15:57 | INFO: Draco encoder: Encoding mesh Canopy sprays 2321.
18:15:57 | INFO: Draco encoder: Encoding mesh Canopy sprays 2322.
18:15:57 | INFO: Draco encoder: Encoding mesh Canopy sprays 2323.
18:15:57 | INFO: Draco encoder: Encoding mesh Canopy sprays 2324.
18:15:57 | INFO: Draco encoder: Encoding mesh Canopy sprays 2325.
18:15:57 | INFO: Draco encoder: Encoding mesh Canopy sprays 2326.
18:15:57 | INFO: Draco encoder: Encoding mesh Canopy sprays 2327.
18:15:57 | INFO: Draco encoder: Encoding mesh Canopy sprays 2328.
18:15:57 | INFO: Draco encoder: Encoding mesh Canopy sprays 2329.
18:15:57 | INFO: Draco encoder: Encoding mesh Canopy sprays 2330.
18:15:57 | INFO: Draco encoder: Encoding mesh Canopy sprays 2331.
18:15:57 | INFO: Draco encoder: Encoding mesh Canopy sprays 2332.
18:15:57 | INFO: Draco encoder: Encoding mesh Canopy sprays 2333.
18:15:57 | INFO: Draco encoder: Encoding mesh Canopy sprays 2334.
18:15:57 | INFO: Draco encoder: Encoding mesh Canopy sprays 2335.
18:15:57 | INFO: Draco encoder: Encoding mesh Canopy sprays 2336.
18:15:57 | INFO: Draco encoder: Encoding mesh Canopy sprays 2337.
18:15:57 | INFO: Draco encoder: Encoding mesh Canopy sprays 2338.
18:15:57 | INFO: Draco encoder: Encoding mesh Canopy sprays 2339.
18:15:57 | INFO: Draco encoder: Encoding mesh Canopy sprays 2340.
18:15:57 | INFO: Draco encoder: Encoding mesh Canopy sprays 2341.
18:15:57 | INFO: Draco encoder: Encoding mesh Canopy sprays 2342.
18:15:57 | INFO: Draco encoder: Encoding mesh Canopy sprays 2343.
18:15:57 | INFO: Draco encoder: Encoding mesh Canopy sprays 2344.
18:15:57 | INFO: Draco encoder: Encoding mesh Canopy sprays 2345.
18:15:57 | INFO: Draco encoder: Encoding mesh Canopy sprays 2346.
18:15:57 | INFO: Draco encoder: Encoding mesh Canopy sprays 2347.
18:15:57 | INFO: Draco encoder: Encoding mesh Canopy sprays 2348.
18:15:57 | INFO: Draco encoder: Encoding mesh Canopy sprays 2349.
18:15:57 | INFO: Draco encoder: Encoding mesh Canopy sprays 2350.
18:15:57 | INFO: Draco encoder: Encoding mesh Canopy sprays 2351.
18:15:57 | INFO: Draco encoder: Encoding mesh Canopy sprays 2352.
18:15:57 | INFO: Draco encoder: Encoding mesh Canopy sprays 2353.
18:15:57 | INFO: Draco encoder: Encoding mesh Canopy sprays 2354.
18:15:57 | INFO: Draco encoder: Encoding mesh Canopy sprays 2355.
18:15:57 | INFO: Draco encoder: Encoding mesh Canopy sprays 2356.
18:15:57 | INFO: Draco encoder: Encoding mesh Canopy sprays 2357.
18:15:57 | INFO: Draco encoder: Encoding mesh Canopy sprays 2358.
18:15:57 | INFO: Draco encoder: Encoding mesh Canopy sprays 2359.
18:15:57 | INFO: Draco encoder: Encoding mesh Canopy sprays 2360.
18:15:57 | INFO: Draco encoder: Encoding mesh Canopy sprays 2361.
18:15:57 | INFO: Draco encoder: Encoding mesh Canopy sprays 2362.
18:15:57 | INFO: Draco encoder: Encoding mesh Canopy sprays 2363.
18:15:57 | INFO: Draco encoder: Encoding mesh Canopy sprays 2364.
18:15:57 | INFO: Draco encoder: Encoding mesh Canopy sprays 2365.
18:15:57 | INFO: Draco encoder: Encoding mesh Canopy sprays 2366.
18:15:57 | INFO: Draco encoder: Encoding mesh Canopy sprays 2367.
18:15:57 | INFO: Draco encoder: Encoding mesh Canopy sprays 2368.
18:15:57 | INFO: Draco encoder: Encoding mesh Canopy sprays 2369.
18:15:57 | INFO: Draco encoder: Encoding mesh Canopy sprays 2370.
18:15:57 | INFO: Draco encoder: Encoding mesh Canopy sprays 2371.
18:15:57 | INFO: Draco encoder: Encoding mesh Canopy sprays 2372.
18:15:57 | INFO: Draco encoder: Encoding mesh Canopy sprays 2373.
18:15:57 | INFO: Draco encoder: Encoding mesh Canopy sprays 2374.
18:15:57 | INFO: Draco encoder: Encoding mesh Canopy sprays 2375.
18:15:57 | INFO: Draco encoder: Encoding mesh Canopy sprays 2376.
18:15:57 | INFO: Draco encoder: Encoding mesh Canopy sprays 2377.
18:15:57 | INFO: Draco encoder: Encoding mesh Canopy sprays 2378.
18:15:57 | INFO: Draco encoder: Encoding mesh Canopy sprays 2379.
18:15:57 | INFO: Draco encoder: Encoding mesh Canopy sprays 2380.
18:15:57 | INFO: Draco encoder: Encoding mesh Canopy sprays 2381.
18:15:57 | INFO: Draco encoder: Encoding mesh Canopy sprays 2382.
18:15:57 | INFO: Draco encoder: Encoding mesh Canopy sprays 2383.
18:15:57 | INFO: Draco encoder: Encoding mesh Canopy sprays 2384.
18:15:57 | INFO: Draco encoder: Encoding mesh Canopy sprays 2385.
18:15:57 | INFO: Draco encoder: Encoding mesh Canopy sprays 2386.
18:15:57 | INFO: Draco encoder: Encoding mesh Canopy sprays 2387.
18:15:57 | INFO: Draco encoder: Encoding mesh Canopy sprays 2388.
18:15:57 | INFO: Draco encoder: Encoding mesh Canopy sprays 2389.
18:15:57 | INFO: Draco encoder: Encoding mesh Canopy sprays 2390.
18:15:57 | INFO: Draco encoder: Encoding mesh Canopy sprays 2391.
18:15:57 | INFO: Draco encoder: Encoding mesh Canopy sprays 2392.
18:15:57 | INFO: Draco encoder: Encoding mesh Canopy sprays 2393.
18:15:57 | INFO: Draco encoder: Encoding mesh Canopy sprays 2394.
18:15:57 | INFO: Draco encoder: Encoding mesh Canopy sprays 2395.
18:15:57 | INFO: Draco encoder: Encoding mesh Canopy sprays 2396.
18:15:57 | INFO: Draco encoder: Encoding mesh Canopy sprays 2397.
18:15:57 | INFO: Draco encoder: Encoding mesh Canopy sprays 2398.
18:15:57 | INFO: Draco encoder: Encoding mesh Canopy sprays 2399.
18:15:57 | INFO: Draco encoder: Encoding mesh Canopy sprays 2400.
18:15:57 | INFO: Draco encoder: Encoding mesh Canopy sprays 2401.
18:15:57 | INFO: Draco encoder: Encoding mesh Canopy sprays 2402.
18:15:57 | INFO: Draco encoder: Encoding mesh Canopy sprays 2403.
18:15:57 | INFO: Draco encoder: Encoding mesh Canopy sprays 2404.
18:15:57 | INFO: Draco encoder: Encoding mesh Canopy sprays 2405.
18:15:57 | INFO: Draco encoder: Encoding mesh Canopy sprays 2406.
18:15:57 | INFO: Draco encoder: Encoding mesh Canopy sprays 2407.
18:15:57 | INFO: Draco encoder: Encoding mesh Canopy sprays 2408.
18:15:57 | INFO: Draco encoder: Encoding mesh Canopy sprays 2409.
18:15:57 | INFO: Draco encoder: Encoding mesh Canopy sprays 2410.
18:15:57 | INFO: Draco encoder: Encoding mesh Canopy sprays 2411.
18:15:57 | INFO: Draco encoder: Encoding mesh Canopy sprays 2412.
18:15:57 | INFO: Draco encoder: Encoding mesh Canopy sprays 2413.
18:15:57 | INFO: Draco encoder: Encoding mesh Canopy sprays 2414.
18:15:57 | INFO: Draco encoder: Encoding mesh Canopy sprays 2415.
18:15:57 | INFO: Draco encoder: Encoding mesh Canopy sprays 2416.
18:15:57 | INFO: Draco encoder: Encoding mesh Canopy sprays 2417.
18:15:57 | INFO: Draco encoder: Encoding mesh Canopy sprays 2418.
18:15:57 | INFO: Draco encoder: Encoding mesh Canopy sprays 2419.
18:15:57 | INFO: Draco encoder: Encoding mesh Canopy sprays 2420.
18:15:57 | INFO: Draco encoder: Encoding mesh Canopy sprays 2421.
18:15:57 | INFO: Draco encoder: Encoding mesh Canopy sprays 2422.
18:15:57 | INFO: Draco encoder: Encoding mesh Canopy sprays 2423.
18:15:57 | INFO: Draco encoder: Encoding mesh Canopy sprays 2424.
18:15:57 | INFO: Draco encoder: Encoding mesh Canopy sprays 2425.
18:15:57 | INFO: Draco encoder: Encoding mesh Canopy sprays 2426.
18:15:57 | INFO: Draco encoder: Encoding mesh Canopy sprays 2427.
18:15:57 | INFO: Draco encoder: Encoding mesh Canopy sprays 2428.
18:15:57 | INFO: Draco encoder: Encoding mesh Canopy sprays 2429.
18:15:57 | INFO: Draco encoder: Encoding mesh Canopy sprays 2430.
18:15:57 | INFO: Draco encoder: Encoding mesh Canopy sprays 2431.
18:15:57 | INFO: Draco encoder: Encoding mesh Canopy sprays 2432.
18:15:57 | INFO: Draco encoder: Encoding mesh Canopy sprays 2433.
18:15:57 | INFO: Draco encoder: Encoding mesh Canopy sprays 2434.
18:15:57 | INFO: Draco encoder: Encoding mesh Canopy sprays 2435.
18:15:57 | INFO: Draco encoder: Encoding mesh Canopy sprays 2436.
18:15:57 | INFO: Draco encoder: Encoding mesh Canopy sprays 2437.
18:15:57 | INFO: Draco encoder: Encoding mesh Canopy sprays 2438.
18:15:57 | INFO: Draco encoder: Encoding mesh Canopy sprays 2439.
18:15:57 | INFO: Draco encoder: Encoding mesh Canopy sprays 2440.
18:15:57 | INFO: Draco encoder: Encoding mesh Canopy sprays 2441.
18:15:57 | INFO: Draco encoder: Encoding mesh Canopy sprays 2442.
18:15:57 | INFO: Draco encoder: Encoding mesh Canopy sprays 2443.
18:15:57 | INFO: Draco encoder: Encoding mesh Canopy sprays 2444.
18:15:57 | INFO: Draco encoder: Encoding mesh Canopy sprays 2445.
18:15:57 | INFO: Draco encoder: Encoding mesh Canopy sprays 2446.
18:15:57 | INFO: Draco encoder: Encoding mesh Canopy sprays 2447.
18:15:57 | INFO: Draco encoder: Encoding mesh Canopy sprays 2448.
18:15:57 | INFO: Draco encoder: Encoding mesh Canopy sprays 2449.
18:15:57 | INFO: Draco encoder: Encoding mesh Canopy sprays 2450.
18:15:57 | INFO: Draco encoder: Encoding mesh Canopy sprays 2451.
18:15:57 | INFO: Draco encoder: Encoding mesh Canopy sprays 2452.
18:15:57 | INFO: Draco encoder: Encoding mesh Canopy sprays 2453.
18:15:57 | INFO: Draco encoder: Encoding mesh Canopy sprays 2454.
18:15:57 | INFO: Draco encoder: Encoding mesh Canopy sprays 2455.
18:15:57 | INFO: Draco encoder: Encoding mesh Canopy sprays 2456.
18:15:57 | INFO: Draco encoder: Encoding mesh Canopy sprays 2457.
18:15:57 | INFO: Draco encoder: Encoding mesh Canopy sprays 2458.
18:15:57 | INFO: Draco encoder: Encoding mesh Canopy sprays 2459.
18:15:57 | INFO: Draco encoder: Encoding mesh Canopy sprays 2460.
18:15:57 | INFO: Draco encoder: Encoding mesh Canopy sprays 2461.
18:15:57 | INFO: Draco encoder: Encoding mesh Canopy sprays 2462.
18:15:57 | INFO: Draco encoder: Encoding mesh Canopy sprays 2463.
18:15:57 | INFO: Draco encoder: Encoding mesh Canopy sprays 2464.
18:15:57 | INFO: Draco encoder: Encoding mesh Canopy sprays 2465.
18:15:57 | INFO: Draco encoder: Encoding mesh Canopy sprays 2466.
18:15:57 | INFO: Draco encoder: Encoding mesh Canopy sprays 2467.
18:15:57 | INFO: Draco encoder: Encoding mesh Canopy sprays 2468.
18:15:57 | INFO: Draco encoder: Encoding mesh Canopy sprays 2469.
18:15:57 | INFO: Draco encoder: Encoding mesh Canopy sprays 2470.
18:15:57 | INFO: Draco encoder: Encoding mesh Canopy sprays 2471.
18:15:57 | INFO: Draco encoder: Encoding mesh Canopy sprays 2472.
18:15:57 | INFO: Draco encoder: Encoding mesh Canopy sprays 2473.
18:15:57 | INFO: Draco encoder: Encoding mesh Canopy sprays 2474.
18:15:57 | INFO: Draco encoder: Encoding mesh Canopy sprays 2475.
18:15:57 | INFO: Draco encoder: Encoding mesh Canopy sprays 2476.
18:15:57 | INFO: Draco encoder: Encoding mesh Canopy sprays 2477.
18:15:57 | INFO: Draco encoder: Encoding mesh Canopy sprays 2478.
18:15:57 | INFO: Draco encoder: Encoding mesh Canopy sprays 2479.
18:15:57 | INFO: Draco encoder: Encoding mesh Canopy sprays 2480.
18:15:57 | INFO: Draco encoder: Encoding mesh Canopy sprays 2481.
18:15:57 | INFO: Draco encoder: Encoding mesh Canopy sprays 2482.
18:15:57 | INFO: Draco encoder: Encoding mesh Canopy sprays 2483.
18:15:57 | INFO: Draco encoder: Encoding mesh Canopy sprays 2484.
18:15:57 | INFO: Draco encoder: Encoding mesh Canopy sprays 2485.
18:15:57 | INFO: Draco encoder: Encoding mesh Canopy sprays 2486.
18:15:57 | INFO: Draco encoder: Encoding mesh Canopy sprays 2487.
18:15:57 | INFO: Draco encoder: Encoding mesh Canopy sprays 2488.
18:15:57 | INFO: Draco encoder: Encoding mesh Canopy sprays 2489.
18:15:57 | INFO: Draco encoder: Encoding mesh Canopy sprays 2490.
18:15:57 | INFO: Draco encoder: Encoding mesh Canopy sprays 2491.
18:15:57 | INFO: Draco encoder: Encoding mesh Canopy sprays 2492.
18:15:57 | INFO: Draco encoder: Encoding mesh Canopy sprays 2493.
18:15:57 | INFO: Draco encoder: Encoding mesh Canopy sprays 2494.
18:15:57 | INFO: Draco encoder: Encoding mesh Canopy sprays 2495.
18:15:57 | INFO: Draco encoder: Encoding mesh Canopy sprays 2496.
18:15:57 | INFO: Draco encoder: Encoding mesh Canopy sprays 2497.
18:15:57 | INFO: Draco encoder: Encoding mesh Canopy sprays 2498.
18:15:57 | INFO: Draco encoder: Encoding mesh Canopy sprays 2499.
18:15:57 | INFO: Draco encoder: Encoding mesh Canopy sprays 2500.
18:15:57 | INFO: Draco encoder: Encoding mesh Canopy sprays 2501.
18:15:57 | INFO: Draco encoder: Encoding mesh Canopy sprays 2502.
18:15:57 | INFO: Draco encoder: Encoding mesh Canopy sprays 2503.
18:15:57 | INFO: Draco encoder: Encoding mesh Canopy sprays 2504.
18:15:57 | INFO: Draco encoder: Encoding mesh Canopy sprays 2505.
18:15:57 | INFO: Draco encoder: Encoding mesh Canopy sprays 2506.
18:15:57 | INFO: Draco encoder: Encoding mesh Canopy sprays 2507.
18:15:57 | INFO: Draco encoder: Encoding mesh Canopy sprays 2508.
18:15:57 | INFO: Draco encoder: Encoding mesh Canopy sprays 2509.
18:15:57 | INFO: Draco encoder: Encoding mesh Canopy sprays 2510.
18:15:57 | INFO: Draco encoder: Encoding mesh Canopy sprays 2511.
18:15:57 | INFO: Draco encoder: Encoding mesh Canopy sprays 2512.
18:15:57 | INFO: Draco encoder: Encoding mesh Canopy sprays 2513.
18:15:57 | INFO: Draco encoder: Encoding mesh Canopy sprays 2514.
18:15:57 | INFO: Draco encoder: Encoding mesh Canopy sprays 2515.
18:15:57 | INFO: Draco encoder: Encoding mesh Canopy sprays 2516.
18:15:57 | INFO: Draco encoder: Encoding mesh Canopy sprays 2517.
18:15:57 | INFO: Draco encoder: Encoding mesh Canopy sprays 2518.
18:15:57 | INFO: Draco encoder: Encoding mesh Canopy sprays 2519.
18:15:57 | INFO: Draco encoder: Encoding mesh Canopy sprays 2520.
18:15:57 | INFO: Draco encoder: Encoding mesh Canopy sprays 2521.
18:15:57 | INFO: Draco encoder: Encoding mesh Canopy sprays 2522.
18:15:57 | INFO: Draco encoder: Encoding mesh Canopy sprays 2523.
18:15:57 | INFO: Draco encoder: Encoding mesh Canopy sprays 2524.
18:15:57 | INFO: Draco encoder: Encoding mesh Canopy sprays 2525.
18:15:57 | INFO: Draco encoder: Encoding mesh Canopy sprays 2526.
18:15:57 | INFO: Draco encoder: Encoding mesh Canopy sprays 2527.
18:15:57 | INFO: Draco encoder: Encoding mesh Canopy sprays 2528.
18:15:57 | INFO: Draco encoder: Encoding mesh Canopy sprays 2529.
18:15:57 | INFO: Draco encoder: Encoding mesh Canopy sprays 2530.
18:15:57 | INFO: Draco encoder: Encoding mesh Canopy sprays 2531.
18:15:57 | INFO: Draco encoder: Encoding mesh Canopy sprays 2532.
18:15:57 | INFO: Draco encoder: Encoding mesh Canopy sprays 2533.
18:15:57 | INFO: Draco encoder: Encoding mesh Canopy sprays 2534.
18:15:57 | INFO: Draco encoder: Encoding mesh Canopy sprays 2535.
18:15:57 | INFO: Draco encoder: Encoding mesh Canopy sprays 2536.
18:15:57 | INFO: Draco encoder: Encoding mesh Canopy sprays 2537.
18:15:57 | INFO: Draco encoder: Encoding mesh Canopy sprays 2538.
18:15:57 | INFO: Draco encoder: Encoding mesh Canopy sprays 2539.
18:15:57 | INFO: Draco encoder: Encoding mesh Canopy sprays 2540.
18:15:57 | INFO: Draco encoder: Encoding mesh Canopy sprays 2541.
18:15:57 | INFO: Draco encoder: Encoding mesh Canopy sprays 2542.
18:15:57 | INFO: Draco encoder: Encoding mesh Canopy sprays 2543.
18:15:57 | INFO: Draco encoder: Encoding mesh Canopy sprays 2544.
18:15:57 | INFO: Draco encoder: Encoding mesh Canopy sprays 2545.
18:15:57 | INFO: Draco encoder: Encoding mesh Canopy sprays 2546.
18:15:57 | INFO: Draco encoder: Encoding mesh Canopy sprays 2547.
18:15:57 | INFO: Draco encoder: Encoding mesh Canopy sprays 2548.
18:15:57 | INFO: Draco encoder: Encoding mesh Canopy sprays 2549.
18:15:57 | INFO: Draco encoder: Encoding mesh Canopy sprays 2550.
18:15:57 | INFO: Draco encoder: Encoding mesh Canopy sprays 2551.
18:15:57 | INFO: Draco encoder: Encoding mesh Canopy sprays 2552.
18:15:57 | INFO: Draco encoder: Encoding mesh Canopy sprays 2553.
18:15:57 | INFO: Draco encoder: Encoding mesh Canopy sprays 2554.
18:15:57 | INFO: Draco encoder: Encoding mesh Canopy sprays 2555.
18:15:57 | INFO: Draco encoder: Encoding mesh Canopy sprays 2556.
18:15:57 | INFO: Draco encoder: Encoding mesh Canopy sprays 2557.
18:15:57 | INFO: Draco encoder: Encoding mesh Canopy sprays 2558.
18:15:57 | INFO: Draco encoder: Encoding mesh Canopy sprays 2559.
18:15:57 | INFO: Draco encoder: Encoding mesh Canopy sprays 2560.
18:15:57 | INFO: Draco encoder: Encoding mesh Canopy sprays 2561.
18:15:57 | INFO: Draco encoder: Encoding mesh Canopy sprays 2562.
18:15:57 | INFO: Draco encoder: Encoding mesh Canopy sprays 2563.
18:15:57 | INFO: Draco encoder: Encoding mesh Canopy sprays 2564.
18:15:57 | INFO: Draco encoder: Encoding mesh Canopy sprays 2565.
18:15:57 | INFO: Draco encoder: Encoding mesh Canopy sprays 2566.
18:15:57 | INFO: Draco encoder: Encoding mesh Canopy sprays 2567.
18:15:57 | INFO: Draco encoder: Encoding mesh Canopy sprays 2568.
18:15:57 | INFO: Draco encoder: Encoding mesh Canopy sprays 2569.
18:15:57 | INFO: Draco encoder: Encoding mesh Canopy sprays 2570.
18:15:57 | INFO: Draco encoder: Encoding mesh Canopy sprays 2571.
18:15:57 | INFO: Draco encoder: Encoding mesh Canopy sprays 2572.
18:15:57 | INFO: Draco encoder: Encoding mesh Canopy sprays 2573.
18:15:57 | INFO: Draco encoder: Encoding mesh Canopy sprays 2574.
18:15:57 | INFO: Draco encoder: Encoding mesh Canopy sprays 2575.
18:15:57 | INFO: Draco encoder: Encoding mesh Canopy sprays 2576.
18:15:57 | INFO: Draco encoder: Encoding mesh Canopy sprays 2577.
18:15:57 | INFO: Draco encoder: Encoding mesh Canopy sprays 2578.
18:15:57 | INFO: Draco encoder: Encoding mesh Canopy sprays 2579.
18:15:57 | INFO: Draco encoder: Encoding mesh Canopy sprays 2580.
18:15:57 | INFO: Draco encoder: Encoding mesh Canopy sprays 2581.
18:15:57 | INFO: Draco encoder: Encoding mesh Canopy sprays 2582.
18:15:57 | INFO: Draco encoder: Encoding mesh Canopy sprays 2583.
18:15:57 | INFO: Draco encoder: Encoding mesh Canopy sprays 2584.
18:15:57 | INFO: Draco encoder: Encoding mesh Canopy sprays 2585.
18:15:57 | INFO: Draco encoder: Encoding mesh Canopy sprays 2586.
18:15:57 | INFO: Draco encoder: Encoding mesh Canopy sprays 2587.
18:15:57 | INFO: Draco encoder: Encoding mesh Canopy sprays 2588.
18:15:57 | INFO: Draco encoder: Encoding mesh Canopy sprays 2589.
18:15:57 | INFO: Draco encoder: Encoding mesh Canopy sprays 2590.
18:15:57 | INFO: Draco encoder: Encoding mesh Canopy sprays 2591.
18:15:57 | INFO: Draco encoder: Encoding mesh Canopy sprays 2592.
18:15:57 | INFO: Draco encoder: Encoding mesh Canopy sprays 2593.
18:15:57 | INFO: Draco encoder: Encoding mesh Canopy sprays 2594.
18:15:57 | INFO: Draco encoder: Encoding mesh Canopy sprays 2595.
18:15:57 | INFO: Draco encoder: Encoding mesh Canopy sprays 2596.
18:15:57 | INFO: Draco encoder: Encoding mesh Canopy sprays 2597.
18:15:57 | INFO: Draco encoder: Encoding mesh Canopy sprays 2598.
18:15:57 | INFO: Draco encoder: Encoding mesh Canopy sprays 2599.
18:15:57 | INFO: Draco encoder: Encoding mesh Canopy sprays 2600.
18:15:57 | INFO: Draco encoder: Encoding mesh Canopy sprays 2601.
18:15:57 | INFO: Draco encoder: Encoding mesh Canopy sprays 2602.
18:15:57 | INFO: Draco encoder: Encoding mesh Canopy sprays 2603.
18:15:57 | INFO: Draco encoder: Encoding mesh Canopy sprays 2604.
18:15:57 | INFO: Draco encoder: Encoding mesh Canopy sprays 2605.
18:15:57 | INFO: Draco encoder: Encoding mesh Canopy sprays 2606.
18:15:57 | INFO: Draco encoder: Encoding mesh Canopy sprays 2607.
18:15:57 | INFO: Draco encoder: Encoding mesh Canopy sprays 2608.
18:15:57 | INFO: Draco encoder: Encoding mesh Canopy sprays 2609.
18:15:57 | INFO: Draco encoder: Encoding mesh Canopy sprays 2610.
18:15:57 | INFO: Draco encoder: Encoding mesh Canopy sprays 2611.
18:15:57 | INFO: Draco encoder: Encoding mesh Canopy sprays 2612.
18:15:57 | INFO: Draco encoder: Encoding mesh Canopy sprays 2613.
18:15:57 | INFO: Draco encoder: Encoding mesh Canopy sprays 2614.
18:15:57 | INFO: Draco encoder: Encoding mesh Canopy sprays 2615.
18:15:57 | INFO: Draco encoder: Encoding mesh Canopy sprays 2616.
18:15:57 | INFO: Draco encoder: Encoding mesh Canopy sprays 2617.
18:15:57 | INFO: Draco encoder: Encoding mesh Canopy sprays 2618.
18:15:57 | INFO: Draco encoder: Encoding mesh Canopy sprays 2619.
18:15:57 | INFO: Draco encoder: Encoding mesh Canopy sprays 2620.
18:15:57 | INFO: Draco encoder: Encoding mesh Canopy sprays 2621.
18:15:57 | INFO: Draco encoder: Encoding mesh Canopy sprays 2622.
18:15:57 | INFO: Draco encoder: Encoding mesh Canopy sprays 2623.
18:15:57 | INFO: Draco encoder: Encoding mesh Canopy sprays 2624.
18:15:57 | INFO: Draco encoder: Encoding mesh Canopy sprays 2625.
18:15:57 | INFO: Draco encoder: Encoding mesh Canopy sprays 2626.
18:15:57 | INFO: Draco encoder: Encoding mesh Canopy sprays 2627.
18:15:57 | INFO: Draco encoder: Encoding mesh Canopy sprays 2628.
18:15:57 | INFO: Draco encoder: Encoding mesh Canopy sprays 2629.
18:15:57 | INFO: Draco encoder: Encoding mesh Canopy sprays 2630.
18:15:57 | INFO: Draco encoder: Encoding mesh Canopy sprays 2631.
18:15:57 | INFO: Draco encoder: Encoding mesh Canopy sprays 2632.
18:15:57 | INFO: Draco encoder: Encoding mesh Canopy sprays 2633.
18:15:57 | INFO: Draco encoder: Encoding mesh Canopy sprays 2634.
18:15:57 | INFO: Draco encoder: Encoding mesh Canopy sprays 2635.
18:15:57 | INFO: Draco encoder: Encoding mesh Canopy sprays 2636.
18:15:57 | INFO: Draco encoder: Encoding mesh Canopy sprays 2637.
18:15:57 | INFO: Draco encoder: Encoding mesh Canopy sprays 2638.
18:15:57 | INFO: Draco encoder: Encoding mesh Canopy sprays 2639.
18:15:57 | INFO: Draco encoder: Encoding mesh Canopy sprays 2640.
18:15:57 | INFO: Draco encoder: Encoding mesh Canopy sprays 2641.
18:15:57 | INFO: Draco encoder: Encoding mesh Canopy sprays 2642.
18:15:57 | INFO: Draco encoder: Encoding mesh Canopy sprays 2643.
18:15:57 | INFO: Draco encoder: Encoding mesh Canopy sprays 2644.
18:15:57 | INFO: Draco encoder: Encoding mesh Canopy sprays 2645.
18:15:57 | INFO: Draco encoder: Encoding mesh Canopy sprays 2646.
18:15:57 | INFO: Draco encoder: Encoding mesh Canopy sprays 2647.
18:15:57 | INFO: Draco encoder: Encoding mesh Canopy sprays 2648.
18:15:57 | INFO: Draco encoder: Encoding mesh Canopy sprays 2649.
18:15:57 | INFO: Draco encoder: Encoding mesh Canopy sprays 2650.
18:15:57 | INFO: Draco encoder: Encoding mesh Canopy sprays 2651.
18:15:57 | INFO: Draco encoder: Encoding mesh Canopy sprays 2652.
18:15:57 | INFO: Draco encoder: Encoding mesh Canopy sprays 2653.
18:15:57 | INFO: Draco encoder: Encoding mesh Canopy sprays 2654.
18:15:57 | INFO: Draco encoder: Encoding mesh Canopy sprays 2655.
18:15:57 | INFO: Draco encoder: Encoding mesh Canopy sprays 2656.
18:15:57 | INFO: Draco encoder: Encoding mesh Canopy sprays 2657.
18:15:57 | INFO: Draco encoder: Encoding mesh Canopy sprays 2658.
18:15:57 | INFO: Draco encoder: Encoding mesh Canopy sprays 2659.
18:15:57 | INFO: Draco encoder: Encoding mesh Canopy sprays 2660.
18:15:57 | INFO: Draco encoder: Encoding mesh Canopy sprays 2661.
18:15:57 | INFO: Draco encoder: Encoding mesh Canopy sprays 2662.
18:15:57 | INFO: Draco encoder: Encoding mesh Canopy sprays 2663.
18:15:57 | INFO: Draco encoder: Encoding mesh Canopy sprays 2664.
18:15:57 | INFO: Draco encoder: Encoding mesh Canopy sprays 2665.
18:15:57 | INFO: Draco encoder: Encoding mesh Canopy sprays 2666.
18:15:57 | INFO: Draco encoder: Encoding mesh Canopy sprays 2667.
18:15:57 | INFO: Draco encoder: Encoding mesh Canopy sprays 2668.
18:15:57 | INFO: Draco encoder: Encoding mesh Canopy sprays 2669.
18:15:57 | INFO: Draco encoder: Encoding mesh Canopy sprays 2670.
18:15:57 | INFO: Draco encoder: Encoding mesh Canopy sprays 2671.
18:15:57 | INFO: Draco encoder: Encoding mesh Canopy sprays 2672.
18:15:57 | INFO: Draco encoder: Encoding mesh Canopy sprays 2673.
18:15:57 | INFO: Draco encoder: Encoding mesh Canopy sprays 2674.
18:15:57 | INFO: Draco encoder: Encoding mesh Canopy sprays 2675.
18:15:57 | INFO: Draco encoder: Encoding mesh Canopy sprays 2676.
18:15:57 | INFO: Draco encoder: Encoding mesh Canopy sprays 2677.
18:15:57 | INFO: Draco encoder: Encoding mesh Canopy sprays 2678.
18:15:57 | INFO: Draco encoder: Encoding mesh Canopy sprays 2679.
18:15:57 | INFO: Draco encoder: Encoding mesh Canopy sprays 2680.
18:15:57 | INFO: Draco encoder: Encoding mesh Canopy sprays 2681.
18:15:57 | INFO: Draco encoder: Encoding mesh Canopy sprays 2682.
18:15:57 | INFO: Draco encoder: Encoding mesh Canopy sprays 2683.
18:15:57 | INFO: Draco encoder: Encoding mesh Canopy sprays 2684.
18:15:57 | INFO: Draco encoder: Encoding mesh Canopy sprays 2685.
18:15:57 | INFO: Draco encoder: Encoding mesh Canopy sprays 2686.
18:15:57 | INFO: Draco encoder: Encoding mesh Canopy sprays 2687.
18:15:57 | INFO: Draco encoder: Encoding mesh Canopy sprays 2688.
18:15:57 | INFO: Draco encoder: Encoding mesh Canopy sprays 2689.
18:15:57 | INFO: Draco encoder: Encoding mesh Canopy sprays 2690.
18:15:57 | INFO: Draco encoder: Encoding mesh Canopy sprays 2691.
18:15:57 | INFO: Draco encoder: Encoding mesh Canopy sprays 2692.
18:15:57 | INFO: Draco encoder: Encoding mesh Canopy sprays 2693.
18:15:57 | INFO: Draco encoder: Encoding mesh Canopy sprays 2694.
18:15:57 | INFO: Draco encoder: Encoding mesh Canopy sprays 2695.
18:15:57 | INFO: Draco encoder: Encoding mesh Canopy sprays 2696.
18:15:57 | INFO: Draco encoder: Encoding mesh Canopy sprays 2697.
18:15:57 | INFO: Draco encoder: Encoding mesh Canopy sprays 2698.
18:15:57 | INFO: Draco encoder: Encoding mesh Canopy sprays 2699.
18:15:57 | INFO: Draco encoder: Encoding mesh Canopy sprays 2700.
18:15:57 | INFO: Draco encoder: Encoding mesh Canopy sprays 2701.
18:15:57 | INFO: Draco encoder: Encoding mesh Canopy sprays 2702.
18:15:57 | INFO: Draco encoder: Encoding mesh Canopy sprays 2703.
18:15:57 | INFO: Draco encoder: Encoding mesh Canopy sprays 2704.
18:15:57 | INFO: Draco encoder: Encoding mesh Canopy sprays 2705.
18:15:57 | INFO: Draco encoder: Encoding mesh Canopy sprays 2706.
18:15:57 | INFO: Draco encoder: Encoding mesh Canopy sprays 2707.
18:15:57 | INFO: Draco encoder: Encoding mesh Canopy sprays 2708.
18:15:57 | INFO: Draco encoder: Encoding mesh Canopy sprays 2709.
18:15:57 | INFO: Draco encoder: Encoding mesh Canopy sprays 2710.
18:15:57 | INFO: Draco encoder: Encoding mesh Canopy sprays 2711.
18:15:57 | INFO: Draco encoder: Encoding mesh Canopy sprays 2712.
18:15:57 | INFO: Draco encoder: Encoding mesh Canopy sprays 2713.
18:15:57 | INFO: Draco encoder: Encoding mesh Canopy sprays 2714.
18:15:57 | INFO: Draco encoder: Encoding mesh Canopy sprays 2715.
18:15:57 | INFO: Draco encoder: Encoding mesh Canopy sprays 2716.
18:15:57 | INFO: Draco encoder: Encoding mesh Canopy sprays 2717.
18:15:57 | INFO: Draco encoder: Encoding mesh Canopy sprays 2718.
18:15:57 | INFO: Draco encoder: Encoding mesh Canopy sprays 2719.
18:15:57 | INFO: Draco encoder: Encoding mesh Canopy sprays 2720.
18:15:57 | INFO: Draco encoder: Encoding mesh Canopy sprays 2721.
18:15:57 | INFO: Draco encoder: Encoding mesh Canopy sprays 2722.
18:15:57 | INFO: Draco encoder: Encoding mesh Canopy sprays 2723.
18:15:57 | INFO: Draco encoder: Encoding mesh Canopy sprays 2724.
18:15:57 | INFO: Draco encoder: Encoding mesh Canopy sprays 2725.
18:15:57 | INFO: Draco encoder: Encoding mesh Canopy sprays 2726.
18:15:57 | INFO: Draco encoder: Encoding mesh Canopy sprays 2727.
18:15:57 | INFO: Draco encoder: Encoding mesh Canopy sprays 2728.
18:15:57 | INFO: Draco encoder: Encoding mesh Canopy sprays 2729.
18:15:57 | INFO: Draco encoder: Encoding mesh Canopy sprays 2730.
18:15:57 | INFO: Draco encoder: Encoding mesh Canopy sprays 2731.
18:15:57 | INFO: Draco encoder: Encoding mesh Canopy sprays 2732.
18:15:57 | INFO: Draco encoder: Encoding mesh Canopy sprays 2733.
18:15:57 | INFO: Draco encoder: Encoding mesh Canopy sprays 2734.
18:15:57 | INFO: Draco encoder: Encoding mesh Canopy sprays 2735.
18:15:57 | INFO: Draco encoder: Encoding mesh Canopy sprays 2736.
18:15:57 | INFO: Draco encoder: Encoding mesh Canopy sprays 2737.
18:15:57 | INFO: Draco encoder: Encoding mesh Canopy sprays 2738.
18:15:57 | INFO: Draco encoder: Encoding mesh Canopy sprays 2739.
18:15:57 | INFO: Draco encoder: Encoding mesh Canopy sprays 2740.
18:15:57 | INFO: Draco encoder: Encoding mesh Canopy sprays 2741.
18:15:57 | INFO: Draco encoder: Encoding mesh Canopy sprays 2742.
18:15:57 | INFO: Draco encoder: Encoding mesh Canopy sprays 2743.
18:15:57 | INFO: Draco encoder: Encoding mesh Canopy sprays 2744.
18:15:57 | INFO: Draco encoder: Encoding mesh Canopy sprays 2745.
18:15:57 | INFO: Draco encoder: Encoding mesh Canopy sprays 2746.
18:15:57 | INFO: Draco encoder: Encoding mesh Canopy sprays 2747.
18:15:57 | INFO: Draco encoder: Encoding mesh Canopy sprays 2748.
18:15:57 | INFO: Draco encoder: Encoding mesh Canopy sprays 2749.
18:15:57 | INFO: Draco encoder: Encoding mesh Canopy sprays 2750.
18:15:57 | INFO: Draco encoder: Encoding mesh Canopy sprays 2751.
18:15:57 | INFO: Draco encoder: Encoding mesh Canopy sprays 2752.
18:15:57 | INFO: Draco encoder: Encoding mesh Canopy sprays 2753.
18:15:57 | INFO: Draco encoder: Encoding mesh Canopy sprays 2754.
18:15:57 | INFO: Draco encoder: Encoding mesh Canopy sprays 2755.
18:15:57 | INFO: Draco encoder: Encoding mesh Canopy sprays 2756.
18:15:57 | INFO: Draco encoder: Encoding mesh Canopy sprays 2757.
18:15:57 | INFO: Draco encoder: Encoding mesh Canopy sprays 2758.
18:15:57 | INFO: Draco encoder: Encoding mesh Canopy sprays 2759.
18:15:57 | INFO: Draco encoder: Encoding mesh Canopy sprays 2760.
18:15:57 | INFO: Draco encoder: Encoding mesh Canopy sprays 2761.
18:15:57 | INFO: Draco encoder: Encoding mesh Canopy sprays 2762.
18:15:57 | INFO: Draco encoder: Encoding mesh Canopy sprays 2763.
18:15:57 | INFO: Draco encoder: Encoding mesh Canopy sprays 2764.
18:15:57 | INFO: Draco encoder: Encoding mesh Canopy sprays 2765.
18:15:57 | INFO: Draco encoder: Encoding mesh Canopy sprays 2766.
18:15:57 | INFO: Draco encoder: Encoding mesh Canopy sprays 2767.
18:15:57 | INFO: Draco encoder: Encoding mesh Canopy sprays 2768.
18:15:57 | INFO: Draco encoder: Encoding mesh Canopy sprays 2769.
18:15:57 | INFO: Draco encoder: Encoding mesh Canopy sprays 2770.
18:15:57 | INFO: Draco encoder: Encoding mesh Canopy sprays 2771.
18:15:57 | INFO: Draco encoder: Encoding mesh Canopy sprays 2772.
18:15:57 | INFO: Draco encoder: Encoding mesh Canopy sprays 2773.
18:15:57 | INFO: Draco encoder: Encoding mesh Canopy sprays 2774.
18:15:57 | INFO: Draco encoder: Encoding mesh Canopy sprays 2775.
18:15:57 | INFO: Draco encoder: Encoding mesh Canopy sprays 2776.
18:15:57 | INFO: Draco encoder: Encoding mesh Canopy sprays 2777.
18:15:57 | INFO: Draco encoder: Encoding mesh Canopy sprays 2778.
18:15:57 | INFO: Draco encoder: Encoding mesh Canopy sprays 2779.
18:15:57 | INFO: Draco encoder: Encoding mesh Canopy sprays 2780.
18:15:57 | INFO: Draco encoder: Encoding mesh Canopy sprays 2781.
18:15:57 | INFO: Draco encoder: Encoding mesh Canopy sprays 2782.
18:15:57 | INFO: Draco encoder: Encoding mesh Canopy sprays 2783.
18:15:57 | INFO: Draco encoder: Encoding mesh Canopy sprays 2784.
18:15:57 | INFO: Draco encoder: Encoding mesh Canopy sprays 2785.
18:15:57 | INFO: Draco encoder: Encoding mesh Canopy sprays 2786.
18:15:57 | INFO: Draco encoder: Encoding mesh Canopy sprays 2787.
18:15:57 | INFO: Draco encoder: Encoding mesh Canopy sprays 2788.
18:15:57 | INFO: Draco encoder: Encoding mesh Canopy sprays 2789.
18:15:57 | INFO: Draco encoder: Encoding mesh Canopy sprays 2790.
18:15:57 | INFO: Draco encoder: Encoding mesh Canopy sprays 2791.
18:15:57 | INFO: Draco encoder: Encoding mesh Canopy sprays 2792.
18:15:57 | INFO: Draco encoder: Encoding mesh Canopy sprays 2793.
18:15:57 | INFO: Draco encoder: Encoding mesh Canopy sprays 2794.
18:15:57 | INFO: Draco encoder: Encoding mesh Canopy sprays 2795.
18:15:57 | INFO: Draco encoder: Encoding mesh Canopy sprays 2796.
18:15:57 | INFO: Draco encoder: Encoding mesh Canopy sprays 2797.
18:15:57 | INFO: Draco encoder: Encoding mesh Canopy sprays 2798.
18:15:57 | INFO: Draco encoder: Encoding mesh Canopy sprays 2799.
18:15:57 | INFO: Draco encoder: Encoding mesh Canopy sprays 2800.
18:15:57 | INFO: Draco encoder: Encoding mesh Canopy sprays 2801.
18:15:57 | INFO: Draco encoder: Encoding mesh Canopy sprays 2802.
18:15:57 | INFO: Draco encoder: Encoding mesh Canopy sprays 2803.
18:15:57 | INFO: Draco encoder: Encoding mesh Canopy sprays 2804.
18:15:57 | INFO: Draco encoder: Encoding mesh Canopy sprays 2805.
18:15:57 | INFO: Draco encoder: Encoding mesh Canopy sprays 2806.
18:15:57 | INFO: Draco encoder: Encoding mesh Canopy sprays 2807.
18:15:57 | INFO: Draco encoder: Encoding mesh Canopy sprays 2808.
18:15:57 | INFO: Draco encoder: Encoding mesh Canopy sprays 2809.
18:15:57 | INFO: Draco encoder: Encoding mesh Canopy sprays 2810.
18:15:57 | INFO: Draco encoder: Encoding mesh Canopy sprays 2811.
18:15:57 | INFO: Draco encoder: Encoding mesh Canopy sprays 2812.
18:15:57 | INFO: Draco encoder: Encoding mesh Canopy sprays 2813.
18:15:57 | INFO: Draco encoder: Encoding mesh Canopy sprays 2814.
18:15:57 | INFO: Draco encoder: Encoding mesh Canopy sprays 2815.
18:15:57 | INFO: Draco encoder: Encoding mesh Canopy sprays 2816.
18:15:57 | INFO: Draco encoder: Encoding mesh Canopy sprays 2817.
18:15:57 | INFO: Draco encoder: Encoding mesh Canopy sprays 2818.
18:15:57 | INFO: Draco encoder: Encoding mesh Canopy sprays 2819.
18:15:57 | INFO: Draco encoder: Encoding mesh Canopy sprays 2820.
18:15:57 | INFO: Draco encoder: Encoding mesh Canopy sprays 2821.
18:15:57 | INFO: Draco encoder: Encoding mesh Canopy sprays 2822.
18:15:57 | INFO: Draco encoder: Encoding mesh Canopy sprays 2823.
18:15:57 | INFO: Draco encoder: Encoding mesh Canopy sprays 2824.
18:15:57 | INFO: Draco encoder: Encoding mesh Canopy sprays 2825.
18:15:57 | INFO: Draco encoder: Encoding mesh Canopy sprays 2826.
18:15:57 | INFO: Draco encoder: Encoding mesh Canopy sprays 2827.
18:15:57 | INFO: Draco encoder: Encoding mesh Canopy sprays 2828.
18:15:57 | INFO: Draco encoder: Encoding mesh Canopy sprays 2829.
18:15:57 | INFO: Draco encoder: Encoding mesh Canopy sprays 2830.
18:15:57 | INFO: Draco encoder: Encoding mesh Canopy sprays 2831.
18:15:57 | INFO: Draco encoder: Encoding mesh Canopy sprays 2832.
18:15:57 | INFO: Draco encoder: Encoding mesh Canopy sprays 2833.
18:15:57 | INFO: Draco encoder: Encoding mesh Canopy sprays 2834.
18:15:57 | INFO: Draco encoder: Encoding mesh Canopy sprays 2835.
18:15:57 | INFO: Draco encoder: Encoding mesh Canopy sprays 2836.
18:15:57 | INFO: Draco encoder: Encoding mesh Canopy sprays 2837.
18:15:57 | INFO: Draco encoder: Encoding mesh Canopy sprays 2838.
18:15:57 | INFO: Draco encoder: Encoding mesh Canopy sprays 2839.
18:15:57 | INFO: Draco encoder: Encoding mesh Canopy sprays 2840.
18:15:57 | INFO: Draco encoder: Encoding mesh Canopy sprays 2841.
18:15:57 | INFO: Draco encoder: Encoding mesh Canopy sprays 2842.
18:15:57 | INFO: Draco encoder: Encoding mesh Canopy sprays 2843.
18:15:57 | INFO: Draco encoder: Encoding mesh Canopy sprays 2844.
18:15:57 | INFO: Draco encoder: Encoding mesh Canopy sprays 2845.
18:15:57 | INFO: Draco encoder: Encoding mesh Canopy sprays 2846.
18:15:57 | INFO: Draco encoder: Encoding mesh Canopy sprays 2847.
18:15:57 | INFO: Draco encoder: Encoding mesh Canopy sprays 2848.
18:15:57 | INFO: Draco encoder: Encoding mesh Canopy sprays 2849.
18:15:57 | INFO: Draco encoder: Encoding mesh Canopy sprays 2850.
18:15:57 | INFO: Draco encoder: Encoding mesh Canopy sprays 2851.
18:15:57 | INFO: Draco encoder: Encoding mesh Canopy sprays 2852.
18:15:57 | INFO: Draco encoder: Encoding mesh Canopy sprays 2853.
18:15:57 | INFO: Draco encoder: Encoding mesh Canopy sprays 2854.
18:15:57 | INFO: Draco encoder: Encoding mesh Canopy sprays 2855.
18:15:57 | INFO: Draco encoder: Encoding mesh Canopy sprays 2856.
18:15:57 | INFO: Draco encoder: Encoding mesh Canopy sprays 2857.
18:15:57 | INFO: Draco encoder: Encoding mesh Canopy sprays 2858.
18:15:57 | INFO: Draco encoder: Encoding mesh Canopy sprays 2859.
18:15:57 | INFO: Draco encoder: Encoding mesh Canopy sprays 2860.
18:15:57 | INFO: Draco encoder: Encoding mesh Canopy sprays 2861.
18:15:57 | INFO: Draco encoder: Encoding mesh Canopy sprays 2862.
18:15:57 | INFO: Draco encoder: Encoding mesh Canopy sprays 2863.
18:15:57 | INFO: Draco encoder: Encoding mesh Canopy sprays 2864.
18:15:57 | INFO: Draco encoder: Encoding mesh Canopy sprays 2865.
18:15:57 | INFO: Draco encoder: Encoding mesh Canopy sprays 2866.
18:15:57 | INFO: Draco encoder: Encoding mesh Canopy sprays 2867.
18:15:57 | INFO: Draco encoder: Encoding mesh Canopy sprays 2868.
18:15:57 | INFO: Draco encoder: Encoding mesh Canopy sprays 2869.
18:15:57 | INFO: Draco encoder: Encoding mesh Canopy sprays 2870.
18:15:57 | INFO: Draco encoder: Encoding mesh Canopy sprays 2871.
18:15:57 | INFO: Draco encoder: Encoding mesh Canopy sprays 2872.
18:15:57 | INFO: Draco encoder: Encoding mesh Canopy sprays 2873.
18:15:57 | INFO: Draco encoder: Encoding mesh Canopy sprays 2874.
18:15:57 | INFO: Draco encoder: Encoding mesh Canopy sprays 2875.
18:15:57 | INFO: Draco encoder: Encoding mesh Canopy sprays 2876.
18:15:57 | INFO: Draco encoder: Encoding mesh Canopy sprays 2877.
18:15:57 | INFO: Draco encoder: Encoding mesh Canopy sprays 2878.
18:15:57 | INFO: Draco encoder: Encoding mesh Canopy sprays 2879.
18:15:57 | INFO: Draco encoder: Encoding mesh Canopy sprays 2880.
18:15:57 | INFO: Draco encoder: Encoding mesh Canopy sprays 2881.
18:15:57 | INFO: Draco encoder: Encoding mesh Canopy sprays 2882.
18:15:57 | INFO: Draco encoder: Encoding mesh Canopy sprays 2883.
18:15:57 | INFO: Draco encoder: Encoding mesh Canopy sprays 2884.
18:15:57 | INFO: Draco encoder: Encoding mesh Canopy sprays 2885.
18:15:57 | INFO: Draco encoder: Encoding mesh Canopy sprays 2886.
18:15:57 | INFO: Draco encoder: Encoding mesh Canopy sprays 2887.
18:15:57 | INFO: Draco encoder: Encoding mesh Canopy sprays 2888.
18:15:57 | INFO: Draco encoder: Encoding mesh Canopy sprays 2889.
18:15:57 | INFO: Draco encoder: Encoding mesh Canopy sprays 2890.
18:15:57 | INFO: Draco encoder: Encoding mesh Canopy sprays 2891.
18:15:57 | INFO: Draco encoder: Encoding mesh Canopy sprays 2892.
18:15:57 | INFO: Draco encoder: Encoding mesh Canopy sprays 2893.
18:15:57 | INFO: Draco encoder: Encoding mesh Canopy sprays 2894.
18:15:57 | INFO: Draco encoder: Encoding mesh Canopy sprays 2895.
18:15:57 | INFO: Draco encoder: Encoding mesh Canopy sprays 2896.
18:15:57 | INFO: Draco encoder: Encoding mesh Canopy sprays 2897.
18:15:57 | INFO: Draco encoder: Encoding mesh Canopy sprays 2898.
18:15:57 | INFO: Draco encoder: Encoding mesh Canopy sprays 2899.
18:15:57 | INFO: Draco encoder: Encoding mesh Canopy sprays 2900.
18:15:57 | INFO: Draco encoder: Encoding mesh Canopy sprays 2901.
18:15:57 | INFO: Draco encoder: Encoding mesh Canopy sprays 2902.
18:15:57 | INFO: Draco encoder: Encoding mesh Canopy sprays 2903.
18:15:57 | INFO: Draco encoder: Encoding mesh Canopy sprays 2904.
18:15:57 | INFO: Draco encoder: Encoding mesh Canopy sprays 2905.
18:15:57 | INFO: Draco encoder: Encoding mesh Canopy sprays 2906.
18:15:57 | INFO: Draco encoder: Encoding mesh Canopy sprays 2907.
18:15:57 | INFO: Draco encoder: Encoding mesh Canopy sprays 2908.
18:15:57 | INFO: Draco encoder: Encoding mesh Canopy sprays 2909.
18:15:57 | INFO: Draco encoder: Encoding mesh Canopy sprays 2910.
18:15:57 | INFO: Draco encoder: Encoding mesh Canopy sprays 2911.
18:15:57 | INFO: Draco encoder: Encoding mesh Canopy sprays 2912.
18:15:57 | INFO: Draco encoder: Encoding mesh Canopy sprays 2913.
18:15:57 | INFO: Draco encoder: Encoding mesh Canopy sprays 2914.
18:15:57 | INFO: Draco encoder: Encoding mesh Canopy sprays 2915.
18:15:57 | INFO: Draco encoder: Encoding mesh Canopy sprays 2916.
18:15:57 | INFO: Draco encoder: Encoding mesh Canopy sprays 2917.
18:15:57 | INFO: Draco encoder: Encoding mesh Canopy sprays 2918.
18:15:57 | INFO: Draco encoder: Encoding mesh Canopy sprays 2919.
18:15:57 | INFO: Draco encoder: Encoding mesh Canopy sprays 2920.
18:15:57 | INFO: Draco encoder: Encoding mesh Canopy sprays 2921.
18:15:57 | INFO: Draco encoder: Encoding mesh Canopy sprays 2922.
18:15:57 | INFO: Draco encoder: Encoding mesh Canopy sprays 2923.
18:15:57 | INFO: Draco encoder: Encoding mesh Canopy sprays 2924.
18:15:57 | INFO: Draco encoder: Encoding mesh Canopy sprays 2925.
18:15:57 | INFO: Draco encoder: Encoding mesh Canopy sprays 2926.
18:15:57 | INFO: Draco encoder: Encoding mesh Canopy sprays 2927.
18:15:57 | INFO: Draco encoder: Encoding mesh Canopy sprays 2928.
18:15:57 | INFO: Draco encoder: Encoding mesh Canopy sprays 2929.
18:15:57 | INFO: Draco encoder: Encoding mesh Canopy sprays 2930.
18:15:57 | INFO: Draco encoder: Encoding mesh Canopy sprays 2931.
18:15:57 | INFO: Draco encoder: Encoding mesh Canopy sprays 2932.
18:15:57 | INFO: Draco encoder: Encoding mesh Canopy sprays 2933.
18:15:57 | INFO: Draco encoder: Encoding mesh Canopy sprays 2934.
18:15:57 | INFO: Draco encoder: Encoding mesh Canopy sprays 2935.
18:15:57 | INFO: Draco encoder: Encoding mesh Canopy sprays 2936.
18:15:57 | INFO: Draco encoder: Encoding mesh Canopy sprays 2937.
18:15:57 | INFO: Draco encoder: Encoding mesh Canopy sprays 2938.
18:15:57 | INFO: Draco encoder: Encoding mesh Canopy sprays 2939.
18:15:57 | INFO: Draco encoder: Encoding mesh Canopy sprays 2940.
18:15:57 | INFO: Draco encoder: Encoding mesh Canopy sprays 2941.
18:15:57 | INFO: Draco encoder: Encoding mesh Canopy sprays 2942.
18:15:57 | INFO: Draco encoder: Encoding mesh Canopy sprays 2943.
18:15:57 | INFO: Draco encoder: Encoding mesh Canopy sprays 2944.
18:15:57 | INFO: Draco encoder: Encoding mesh Canopy sprays 2945.
18:15:57 | INFO: Draco encoder: Encoding mesh Canopy sprays 2946.
18:15:57 | INFO: Draco encoder: Encoding mesh Canopy sprays 2947.
18:15:57 | INFO: Draco encoder: Encoding mesh Canopy sprays 2948.
18:15:57 | INFO: Draco encoder: Encoding mesh Canopy sprays 2949.
18:15:57 | INFO: Draco encoder: Encoding mesh Canopy sprays 2950.
18:15:57 | INFO: Draco encoder: Encoding mesh Canopy sprays 2951.
18:15:57 | INFO: Draco encoder: Encoding mesh Canopy sprays 2952.
18:15:57 | INFO: Draco encoder: Encoding mesh Canopy sprays 2953.
18:15:57 | INFO: Draco encoder: Encoding mesh Canopy sprays 2954.
18:15:57 | INFO: Draco encoder: Encoding mesh Canopy sprays 2955.
18:15:57 | INFO: Draco encoder: Encoding mesh Canopy sprays 2956.
18:15:57 | INFO: Draco encoder: Encoding mesh Canopy sprays 2957.
18:15:57 | INFO: Draco encoder: Encoding mesh Canopy sprays 2958.
18:15:57 | INFO: Draco encoder: Encoding mesh Canopy sprays 2959.
18:15:57 | INFO: Draco encoder: Encoding mesh Canopy sprays 2960.
18:15:57 | INFO: Draco encoder: Encoding mesh Canopy sprays 2961.
18:15:57 | INFO: Draco encoder: Encoding mesh Canopy sprays 2962.
18:15:57 | INFO: Draco encoder: Encoding mesh Canopy sprays 2963.
18:15:57 | INFO: Draco encoder: Encoding mesh Canopy sprays 2964.
18:15:57 | INFO: Draco encoder: Encoding mesh Canopy sprays 2965.
18:15:57 | INFO: Draco encoder: Encoding mesh Canopy sprays 2966.
18:15:57 | INFO: Draco encoder: Encoding mesh Canopy sprays 2967.
18:15:57 | INFO: Draco encoder: Encoding mesh Canopy sprays 2968.
18:15:57 | INFO: Draco encoder: Encoding mesh Canopy sprays 2969.
18:15:57 | INFO: Draco encoder: Encoding mesh Canopy sprays 2970.
18:15:57 | INFO: Draco encoder: Encoding mesh Canopy sprays 2971.
18:15:57 | INFO: Draco encoder: Encoding mesh Canopy sprays 2972.
18:15:57 | INFO: Draco encoder: Encoding mesh Canopy sprays 2973.
18:15:57 | INFO: Draco encoder: Encoding mesh Canopy sprays 2974.
18:15:57 | INFO: Draco encoder: Encoding mesh Canopy sprays 2975.
18:15:57 | INFO: Draco encoder: Encoding mesh Canopy sprays 2976.
18:15:57 | INFO: Draco encoder: Encoding mesh Canopy sprays 2977.
18:15:57 | INFO: Draco encoder: Encoding mesh Canopy sprays 2978.
18:15:57 | INFO: Draco encoder: Encoding mesh Canopy sprays 2979.
18:15:57 | INFO: Draco encoder: Encoding mesh Canopy sprays 2980.
18:15:57 | INFO: Draco encoder: Encoding mesh Canopy sprays 2981.
18:15:57 | INFO: Draco encoder: Encoding mesh Canopy sprays 2982.
18:15:57 | INFO: Draco encoder: Encoding mesh Canopy sprays 2983.
18:15:57 | INFO: Draco encoder: Encoding mesh Canopy sprays 2984.
18:15:57 | INFO: Draco encoder: Encoding mesh Canopy sprays 2985.
18:15:57 | INFO: Draco encoder: Encoding mesh Canopy sprays 2986.
18:15:57 | INFO: Draco encoder: Encoding mesh Canopy sprays 2987.
18:15:57 | INFO: Draco encoder: Encoding mesh Canopy sprays 2988.
18:15:57 | INFO: Draco encoder: Encoding mesh Canopy sprays 2989.
18:15:57 | INFO: Draco encoder: Encoding mesh Canopy sprays 2990.
18:15:57 | INFO: Draco encoder: Encoding mesh Canopy sprays 2991.
18:15:57 | INFO: Draco encoder: Encoding mesh Canopy sprays 2992.
18:15:57 | INFO: Draco encoder: Encoding mesh Canopy sprays 2993.
18:15:57 | INFO: Draco encoder: Encoding mesh Canopy sprays 2994.
18:15:57 | INFO: Draco encoder: Encoding mesh Canopy sprays 2995.
18:15:57 | INFO: Draco encoder: Encoding mesh Canopy sprays 2996.
18:15:57 | INFO: Draco encoder: Encoding mesh Canopy sprays 2997.
18:15:57 | INFO: Draco encoder: Encoding mesh Canopy sprays 2998.
18:15:57 | INFO: Draco encoder: Encoding mesh Canopy sprays 2999.
18:15:57 | INFO: Draco encoder: Encoding mesh Canopy sprays 3000.
18:15:57 | INFO: Draco encoder: Encoding mesh Canopy sprays 3001.
18:15:57 | INFO: Draco encoder: Encoding mesh Canopy sprays 3002.
18:15:57 | INFO: Draco encoder: Encoding mesh Canopy sprays 3003.
18:15:57 | INFO: Draco encoder: Encoding mesh Canopy sprays 3004.
18:15:57 | INFO: Draco encoder: Encoding mesh Canopy sprays 3005.
18:15:57 | INFO: Draco encoder: Encoding mesh Canopy sprays 3006.
18:15:57 | INFO: Draco encoder: Encoding mesh Canopy sprays 3007.
18:15:57 | INFO: Draco encoder: Encoding mesh Canopy sprays 3008.
18:15:57 | INFO: Draco encoder: Encoding mesh Canopy sprays 3009.
18:15:57 | INFO: Draco encoder: Encoding mesh Canopy sprays 3010.
18:15:57 | INFO: Draco encoder: Encoding mesh Canopy sprays 3011.
18:15:57 | INFO: Draco encoder: Encoding mesh Canopy sprays 3012.
18:15:57 | INFO: Draco encoder: Encoding mesh Canopy sprays 3013.
18:15:57 | INFO: Draco encoder: Encoding mesh Canopy sprays 3014.
18:15:57 | INFO: Draco encoder: Encoding mesh Canopy sprays 3015.
18:15:57 | INFO: Draco encoder: Encoding mesh Canopy sprays 3016.
18:15:57 | INFO: Draco encoder: Encoding mesh Canopy sprays 3017.
18:15:57 | INFO: Draco encoder: Encoding mesh Canopy sprays 3018.
18:15:57 | INFO: Draco encoder: Encoding mesh Canopy sprays 3019.
18:15:57 | INFO: Draco encoder: Encoding mesh Canopy sprays 3020.
18:15:57 | INFO: Draco encoder: Encoding mesh Canopy sprays 3021.
18:15:57 | INFO: Draco encoder: Encoding mesh Canopy sprays 3022.
18:15:57 | INFO: Draco encoder: Encoding mesh Canopy sprays 3023.
18:15:57 | INFO: Draco encoder: Encoding mesh Canopy sprays 3024.
18:15:57 | INFO: Draco encoder: Encoding mesh Canopy sprays 3025.
18:15:57 | INFO: Draco encoder: Encoding mesh Canopy sprays 3026.
18:15:57 | INFO: Draco encoder: Encoding mesh Canopy sprays 3027.
18:15:57 | INFO: Draco encoder: Encoding mesh Canopy sprays 3028.
18:15:57 | INFO: Draco encoder: Encoding mesh Canopy sprays 3029.
18:15:57 | INFO: Draco encoder: Encoding mesh Canopy sprays 3030.
18:15:57 | INFO: Draco encoder: Encoding mesh Canopy sprays 3031.
18:15:57 | INFO: Draco encoder: Encoding mesh Canopy sprays 3032.
18:15:57 | INFO: Draco encoder: Encoding mesh Canopy sprays 3033.
18:15:57 | INFO: Draco encoder: Encoding mesh Canopy sprays 3034.
18:15:57 | INFO: Draco encoder: Encoding mesh Canopy sprays 3035.
18:15:57 | INFO: Draco encoder: Encoding mesh Canopy sprays 3036.
18:15:57 | INFO: Draco encoder: Encoding mesh Canopy sprays 3037.
18:15:57 | INFO: Draco encoder: Encoding mesh Canopy sprays 3038.
18:15:57 | INFO: Draco encoder: Encoding mesh Canopy sprays 3039.
18:15:57 | INFO: Draco encoder: Encoding mesh Canopy sprays 3040.
18:15:57 | INFO: Draco encoder: Encoding mesh Canopy sprays 3041.
18:15:57 | INFO: Draco encoder: Encoding mesh Canopy sprays 3042.
18:15:57 | INFO: Draco encoder: Encoding mesh Canopy sprays 3043.
18:15:57 | INFO: Draco encoder: Encoding mesh Canopy sprays 3044.
18:15:57 | INFO: Draco encoder: Encoding mesh Canopy sprays 3045.
18:15:57 | INFO: Draco encoder: Encoding mesh Canopy sprays 3046.
18:15:57 | INFO: Draco encoder: Encoding mesh Canopy sprays 3047.
18:15:57 | INFO: Draco encoder: Encoding mesh Canopy sprays 3048.
18:15:57 | INFO: Draco encoder: Encoding mesh Canopy sprays 3049.
18:15:57 | INFO: Draco encoder: Encoding mesh Canopy sprays 3050.
18:15:57 | INFO: Draco encoder: Encoding mesh Canopy sprays 3051.
18:15:57 | INFO: Draco encoder: Encoding mesh Canopy sprays 3052.
18:15:57 | INFO: Draco encoder: Encoding mesh Canopy sprays 3053.
18:15:57 | INFO: Draco encoder: Encoding mesh Canopy sprays 3054.
18:15:57 | INFO: Draco encoder: Encoding mesh Canopy sprays 3055.
18:15:57 | INFO: Draco encoder: Encoding mesh Canopy sprays 3056.
18:15:57 | INFO: Draco encoder: Encoding mesh Canopy sprays 3057.
18:15:57 | INFO: Draco encoder: Encoding mesh Canopy sprays 3058.
18:15:57 | INFO: Draco encoder: Encoding mesh Canopy sprays 3059.
18:15:57 | INFO: Draco encoder: Encoding mesh Canopy sprays 3060.
18:15:57 | INFO: Draco encoder: Encoding mesh Canopy sprays 3061.
18:15:57 | INFO: Draco encoder: Encoding mesh Canopy sprays 3062.
18:15:57 | INFO: Draco encoder: Encoding mesh Canopy sprays 3063.
18:15:57 | INFO: Draco encoder: Encoding mesh Canopy sprays 3064.
18:15:57 | INFO: Draco encoder: Encoding mesh Canopy sprays 3065.
18:15:57 | INFO: Draco encoder: Encoding mesh Canopy sprays 3066.
18:15:57 | INFO: Draco encoder: Encoding mesh Canopy sprays 3067.
18:15:57 | INFO: Draco encoder: Encoding mesh Canopy sprays 3068.
18:15:57 | INFO: Draco encoder: Encoding mesh Canopy sprays 3069.
18:15:57 | INFO: Draco encoder: Encoding mesh Canopy sprays 3070.
18:15:57 | INFO: Draco encoder: Encoding mesh Canopy sprays 3071.
18:15:57 | INFO: Draco encoder: Encoding mesh Canopy sprays 3072.
18:15:57 | INFO: Draco encoder: Encoding mesh Canopy sprays 3073.
18:15:57 | INFO: Draco encoder: Encoding mesh Canopy sprays 3074.
18:15:57 | INFO: Draco encoder: Encoding mesh Canopy sprays 3075.
18:15:57 | INFO: Draco encoder: Encoding mesh Canopy sprays 3076.
18:15:57 | INFO: Draco encoder: Encoding mesh Canopy sprays 3077.
18:15:57 | INFO: Draco encoder: Encoding mesh Canopy sprays 3078.
18:15:57 | INFO: Draco encoder: Encoding mesh Canopy sprays 3079.
18:15:57 | INFO: Draco encoder: Encoding mesh Canopy sprays 3080.
18:15:57 | INFO: Draco encoder: Encoding mesh Canopy sprays 3081.
18:15:57 | INFO: Draco encoder: Encoding mesh Canopy sprays 3082.
18:15:57 | INFO: Draco encoder: Encoding mesh Canopy sprays 3083.
18:15:57 | INFO: Draco encoder: Encoding mesh Canopy sprays 3084.
18:15:57 | INFO: Draco encoder: Encoding mesh Canopy sprays 3085.
18:15:57 | INFO: Draco encoder: Encoding mesh Canopy sprays 3086.
18:15:57 | INFO: Draco encoder: Encoding mesh Canopy sprays 3087.
18:15:57 | INFO: Draco encoder: Encoding mesh Canopy sprays 3088.
18:15:57 | INFO: Draco encoder: Encoding mesh Canopy sprays 3089.
18:15:57 | INFO: Draco encoder: Encoding mesh Canopy sprays 3090.
18:15:57 | INFO: Draco encoder: Encoding mesh Canopy sprays 3091.
18:15:57 | INFO: Draco encoder: Encoding mesh Canopy sprays 3092.
18:15:57 | INFO: Draco encoder: Encoding mesh Canopy sprays 3093.
18:15:57 | INFO: Draco encoder: Encoding mesh Canopy sprays 3094.
18:15:57 | INFO: Draco encoder: Encoding mesh Canopy sprays 3095.
18:15:57 | INFO: Draco encoder: Encoding mesh Canopy sprays 3096.
18:15:57 | INFO: Draco encoder: Encoding mesh Canopy sprays 3097.
18:15:57 | INFO: Draco encoder: Encoding mesh Canopy sprays 3098.
18:15:57 | INFO: Draco encoder: Encoding mesh Canopy sprays 3099.
18:15:57 | INFO: Draco encoder: Encoding mesh Canopy sprays 3100.
18:15:57 | INFO: Draco encoder: Encoding mesh Canopy sprays 3101.
18:15:57 | INFO: Draco encoder: Encoding mesh Canopy sprays 3102.
18:15:57 | INFO: Draco encoder: Encoding mesh Canopy sprays 3103.
18:15:57 | INFO: Draco encoder: Encoding mesh Canopy sprays 3104.
18:15:57 | INFO: Draco encoder: Encoding mesh Canopy sprays 3105.
18:15:57 | INFO: Draco encoder: Encoding mesh Canopy sprays 3106.
18:15:57 | INFO: Draco encoder: Encoding mesh Canopy sprays 3107.
18:15:57 | INFO: Draco encoder: Encoding mesh Canopy sprays 3108.
18:15:57 | INFO: Draco encoder: Encoding mesh Canopy sprays 3109.
18:15:57 | INFO: Draco encoder: Encoding mesh Canopy sprays 3110.
18:15:57 | INFO: Draco encoder: Encoding mesh Canopy sprays 3111.
18:15:57 | INFO: Draco encoder: Encoding mesh Canopy sprays 3112.
18:15:57 | INFO: Draco encoder: Encoding mesh Canopy sprays 3113.
18:15:57 | INFO: Draco encoder: Encoding mesh Canopy sprays 3114.
18:15:57 | INFO: Draco encoder: Encoding mesh Canopy sprays 3115.
18:15:57 | INFO: Draco encoder: Encoding mesh Canopy sprays 3116.
18:15:57 | INFO: Draco encoder: Encoding mesh Canopy sprays 3117.
18:15:57 | INFO: Draco encoder: Encoding mesh Canopy sprays 3118.
18:15:57 | INFO: Draco encoder: Encoding mesh Canopy sprays 3119.
18:15:57 | INFO: Draco encoder: Encoding mesh Canopy sprays 3120.
18:15:57 | INFO: Draco encoder: Encoding mesh Canopy sprays 3121.
18:15:57 | INFO: Draco encoder: Encoding mesh Canopy sprays 3122.
18:15:57 | INFO: Draco encoder: Encoding mesh Canopy sprays 3123.
18:15:57 | INFO: Draco encoder: Encoding mesh Canopy sprays 3124.
18:15:57 | INFO: Draco encoder: Encoding mesh Canopy sprays 3125.
18:15:57 | INFO: Draco encoder: Encoding mesh Canopy sprays 3126.
18:15:57 | INFO: Draco encoder: Encoding mesh Canopy sprays 3127.
18:15:57 | INFO: Draco encoder: Encoding mesh Canopy sprays 3128.
18:15:57 | INFO: Draco encoder: Encoding mesh Canopy sprays 3129.
18:15:57 | INFO: Draco encoder: Encoding mesh Canopy sprays 3130.
18:15:57 | INFO: Draco encoder: Encoding mesh Canopy sprays 3131.
18:15:57 | INFO: Draco encoder: Encoding mesh Canopy sprays 3132.
18:15:57 | INFO: Draco encoder: Encoding mesh Canopy sprays 3133.
18:15:57 | INFO: Draco encoder: Encoding mesh Canopy sprays 3134.
18:15:57 | INFO: Draco encoder: Encoding mesh Canopy sprays 3135.
18:15:57 | INFO: Draco encoder: Encoding mesh Canopy sprays 3136.
18:15:57 | INFO: Draco encoder: Encoding mesh Canopy sprays 3137.
18:15:57 | INFO: Draco encoder: Encoding mesh Canopy sprays 3138.
18:15:57 | INFO: Draco encoder: Encoding mesh Canopy sprays 3139.
18:15:57 | INFO: Draco encoder: Encoding mesh Canopy sprays 3140.
18:15:57 | INFO: Draco encoder: Encoding mesh Canopy sprays 3141.
18:15:57 | INFO: Draco encoder: Encoding mesh Canopy sprays 3142.
18:15:57 | INFO: Draco encoder: Encoding mesh Canopy sprays 3143.
18:15:57 | INFO: Draco encoder: Encoding mesh Canopy sprays 3144.
18:15:57 | INFO: Draco encoder: Encoding mesh Canopy sprays 3145.
18:15:57 | INFO: Draco encoder: Encoding mesh Canopy sprays 3146.
18:15:57 | INFO: Draco encoder: Encoding mesh Canopy sprays 3147.
18:15:57 | INFO: Draco encoder: Encoding mesh Canopy sprays 3148.
18:15:57 | INFO: Draco encoder: Encoding mesh Canopy sprays 3149.
18:15:57 | INFO: Draco encoder: Encoding mesh Canopy sprays 3150.
18:15:57 | INFO: Draco encoder: Encoding mesh Canopy sprays 3151.
18:15:57 | INFO: Draco encoder: Encoding mesh Canopy sprays 3152.
18:15:57 | INFO: Draco encoder: Encoding mesh Canopy sprays 3153.
18:15:57 | INFO: Draco encoder: Encoding mesh Canopy sprays 3154.
18:15:57 | INFO: Draco encoder: Encoding mesh Canopy sprays 3155.
18:15:57 | INFO: Draco encoder: Encoding mesh Canopy sprays 3156.
18:15:57 | INFO: Draco encoder: Encoding mesh Canopy sprays 3157.
18:15:57 | INFO: Draco encoder: Encoding mesh Canopy sprays 3158.
18:15:57 | INFO: Draco encoder: Encoding mesh Canopy sprays 3159.
18:15:57 | INFO: Draco encoder: Encoding mesh Canopy sprays 3160.
18:15:57 | INFO: Draco encoder: Encoding mesh Canopy sprays 3161.
18:15:57 | INFO: Draco encoder: Encoding mesh Canopy sprays 3162.
18:15:57 | INFO: Draco encoder: Encoding mesh Canopy sprays 3163.
18:15:57 | INFO: Draco encoder: Encoding mesh Canopy sprays 3164.
18:15:57 | INFO: Draco encoder: Encoding mesh Canopy sprays 3165.
18:15:57 | INFO: Draco encoder: Encoding mesh Canopy sprays 3166.
18:15:57 | INFO: Draco encoder: Encoding mesh Canopy sprays 3167.
18:15:57 | INFO: Draco encoder: Encoding mesh Canopy sprays 3168.
18:15:57 | INFO: Draco encoder: Encoding mesh Canopy sprays 3169.
18:15:57 | INFO: Draco encoder: Encoding mesh Canopy sprays 3170.
18:15:57 | INFO: Draco encoder: Encoding mesh Canopy sprays 3171.
18:15:57 | INFO: Draco encoder: Encoding mesh Canopy sprays 3172.
18:15:57 | INFO: Draco encoder: Encoding mesh Canopy sprays 3173.
18:15:57 | INFO: Draco encoder: Encoding mesh Canopy sprays 3174.
18:15:57 | INFO: Draco encoder: Encoding mesh Canopy sprays 3175.
18:15:57 | INFO: Draco encoder: Encoding mesh Canopy sprays 3176.
18:15:57 | INFO: Draco encoder: Encoding mesh Canopy sprays 3177.
18:15:57 | INFO: Draco encoder: Encoding mesh Canopy sprays 3178.
18:15:57 | INFO: Draco encoder: Encoding mesh Canopy sprays 3179.
18:15:57 | INFO: Draco encoder: Encoding mesh Canopy sprays 3180.
18:15:57 | INFO: Draco encoder: Encoding mesh Canopy sprays 3181.
18:15:57 | INFO: Draco encoder: Encoding mesh Canopy sprays 3182.
18:15:57 | INFO: Draco encoder: Encoding mesh Canopy sprays 3183.
18:15:57 | INFO: Draco encoder: Encoding mesh Canopy sprays 3184.
18:15:57 | INFO: Draco encoder: Encoding mesh Canopy sprays 3185.
18:15:57 | INFO: Draco encoder: Encoding mesh Canopy sprays 3186.
18:15:57 | INFO: Draco encoder: Encoding mesh Canopy sprays 3187.
18:15:57 | INFO: Draco encoder: Encoding mesh Canopy sprays 3188.
18:15:57 | INFO: Draco encoder: Encoding mesh Canopy sprays 3189.
18:15:57 | INFO: Draco encoder: Encoding mesh Canopy sprays 3190.
18:15:57 | INFO: Draco encoder: Encoding mesh Canopy sprays 3191.
18:15:57 | INFO: Draco encoder: Encoding mesh Canopy sprays 3192.
18:15:57 | INFO: Draco encoder: Encoding mesh Canopy sprays 3193.
18:15:57 | INFO: Draco encoder: Encoding mesh Canopy sprays 3194.
18:15:57 | INFO: Draco encoder: Encoding mesh Canopy sprays 3195.
18:15:57 | INFO: Draco encoder: Encoding mesh Canopy sprays 3196.
18:15:57 | INFO: Draco encoder: Encoding mesh Canopy sprays 3197.
18:15:57 | INFO: Draco encoder: Encoding mesh Canopy sprays 3198.
18:15:57 | INFO: Draco encoder: Encoding mesh Canopy sprays 3199.
18:15:57 | INFO: Draco encoder: Encoding mesh Canopy sprays 3200.
18:15:57 | INFO: Draco encoder: Encoding mesh Canopy sprays 3201.
18:15:57 | INFO: Draco encoder: Encoding mesh Canopy sprays 3202.
18:15:57 | INFO: Draco encoder: Encoding mesh Canopy sprays 3203.
18:15:57 | INFO: Draco encoder: Encoding mesh Canopy sprays 3204.
18:15:57 | INFO: Draco encoder: Encoding mesh Canopy sprays 3205.
18:15:57 | INFO: Draco encoder: Encoding mesh Canopy sprays 3206.
18:15:57 | INFO: Draco encoder: Encoding mesh Canopy sprays 3207.
18:15:57 | INFO: Draco encoder: Encoding mesh Canopy sprays 3208.
18:15:57 | INFO: Draco encoder: Encoding mesh Canopy sprays 3209.
18:15:57 | INFO: Draco encoder: Encoding mesh Canopy sprays 3210.
18:15:57 | INFO: Draco encoder: Encoding mesh Canopy sprays 3211.
18:15:57 | INFO: Draco encoder: Encoding mesh Canopy sprays 3212.
18:15:57 | INFO: Draco encoder: Encoding mesh Canopy sprays 3213.
18:15:57 | INFO: Draco encoder: Encoding mesh Canopy sprays 3214.
18:15:57 | INFO: Draco encoder: Encoding mesh Canopy sprays 3215.
18:15:57 | INFO: Draco encoder: Encoding mesh Canopy sprays 3216.
18:15:57 | INFO: Draco encoder: Encoding mesh Canopy sprays 3217.
18:15:57 | INFO: Draco encoder: Encoding mesh Canopy sprays 3218.
18:15:57 | INFO: Draco encoder: Encoding mesh Canopy sprays 3219.
18:15:57 | INFO: Draco encoder: Encoding mesh Canopy sprays 3220.
18:15:57 | INFO: Draco encoder: Encoding mesh Canopy sprays 3221.
18:15:57 | INFO: Draco encoder: Encoding mesh Canopy sprays 3222.
18:15:57 | INFO: Draco encoder: Encoding mesh Canopy sprays 3223.
18:15:57 | INFO: Draco encoder: Encoding mesh Canopy sprays 3224.
18:15:57 | INFO: Draco encoder: Encoding mesh Canopy sprays 3225.
18:15:57 | INFO: Draco encoder: Encoding mesh Canopy sprays 3226.
18:15:57 | INFO: Draco encoder: Encoding mesh Canopy sprays 3227.
18:15:57 | INFO: Draco encoder: Encoding mesh Canopy sprays 3228.
18:15:57 | INFO: Draco encoder: Encoding mesh Canopy sprays 3229.
18:15:57 | INFO: Draco encoder: Encoding mesh Canopy sprays 3230.
18:15:57 | INFO: Draco encoder: Encoding mesh Canopy sprays 3231.
18:15:57 | INFO: Draco encoder: Encoding mesh Canopy sprays 3232.
18:15:57 | INFO: Draco encoder: Encoding mesh Canopy sprays 3233.
18:15:57 | INFO: Draco encoder: Encoding mesh Canopy sprays 3234.
18:15:57 | INFO: Draco encoder: Encoding mesh Canopy sprays 3235.
18:15:57 | INFO: Draco encoder: Encoding mesh Canopy sprays 3236.
18:15:57 | INFO: Draco encoder: Encoding mesh Canopy sprays 3237.
18:15:57 | INFO: Draco encoder: Encoding mesh Canopy sprays 3238.
18:15:57 | INFO: Draco encoder: Encoding mesh Canopy sprays 3239.
18:15:57 | INFO: Draco encoder: Encoding mesh Canopy sprays 3240.
18:15:57 | INFO: Draco encoder: Encoding mesh Canopy sprays 3241.
18:15:57 | INFO: Draco encoder: Encoding mesh Canopy sprays 3242.
18:15:57 | INFO: Draco encoder: Encoding mesh Canopy sprays 3243.
18:15:57 | INFO: Draco encoder: Encoding mesh Canopy sprays 3244.
18:15:57 | INFO: Draco encoder: Encoding mesh Canopy sprays 3245.
18:15:57 | INFO: Draco encoder: Encoding mesh Canopy sprays 3246.
18:15:57 | INFO: Draco encoder: Encoding mesh Canopy sprays 3247.
18:15:57 | INFO: Draco encoder: Encoding mesh Canopy sprays 3248.
18:15:57 | INFO: Draco encoder: Encoding mesh Canopy sprays 3249.
18:15:57 | INFO: Draco encoder: Encoding mesh Canopy sprays 3250.
18:15:57 | INFO: Draco encoder: Encoding mesh Canopy sprays 3251.
18:15:57 | INFO: Draco encoder: Encoding mesh Canopy sprays 3252.
18:15:57 | INFO: Draco encoder: Encoding mesh Canopy sprays 3253.
18:15:57 | INFO: Draco encoder: Encoding mesh Canopy sprays 3254.
18:15:57 | INFO: Draco encoder: Encoding mesh Canopy sprays 3255.
18:15:57 | INFO: Draco encoder: Encoding mesh Canopy sprays 3256.
18:15:57 | INFO: Draco encoder: Encoding mesh Canopy sprays 3257.
18:15:57 | INFO: Draco encoder: Encoding mesh Canopy sprays 3258.
18:15:57 | INFO: Draco encoder: Encoding mesh Canopy sprays 3259.
18:15:57 | INFO: Draco encoder: Encoding mesh Canopy sprays 3260.
18:15:57 | INFO: Draco encoder: Encoding mesh Canopy sprays 3261.
18:15:57 | INFO: Draco encoder: Encoding mesh Canopy sprays 3262.
18:15:57 | INFO: Draco encoder: Encoding mesh Canopy sprays 3263.
18:15:57 | INFO: Draco encoder: Encoding mesh Canopy sprays 3264.
18:15:57 | INFO: Draco encoder: Encoding mesh Canopy sprays 3265.
18:15:57 | INFO: Draco encoder: Encoding mesh Canopy sprays 3266.
18:15:57 | INFO: Draco encoder: Encoding mesh Canopy sprays 3267.
18:15:57 | INFO: Draco encoder: Encoding mesh Canopy sprays 3268.
18:15:57 | INFO: Draco encoder: Encoding mesh Canopy sprays 3269.
18:15:57 | INFO: Draco encoder: Encoding mesh Canopy sprays 3270.
18:15:57 | INFO: Draco encoder: Encoding mesh Canopy sprays 3271.
18:15:57 | INFO: Draco encoder: Encoding mesh Canopy sprays 3272.
18:15:57 | INFO: Draco encoder: Encoding mesh Canopy sprays 3273.
18:15:57 | INFO: Draco encoder: Encoding mesh Canopy sprays 3274.
18:15:57 | INFO: Draco encoder: Encoding mesh Canopy sprays 3275.
18:15:57 | INFO: Draco encoder: Encoding mesh Canopy sprays 3276.
18:15:57 | INFO: Draco encoder: Encoding mesh Canopy sprays 3277.
18:15:57 | INFO: Draco encoder: Encoding mesh Canopy sprays 3278.
18:15:57 | INFO: Draco encoder: Encoding mesh Canopy sprays 3279.
18:15:57 | INFO: Draco encoder: Encoding mesh Canopy sprays 3280.
18:15:57 | INFO: Draco encoder: Encoding mesh Canopy sprays 3281.
18:15:57 | INFO: Draco encoder: Encoding mesh Canopy sprays 3282.
18:15:57 | INFO: Draco encoder: Encoding mesh Canopy sprays 3283.
18:15:57 | INFO: Draco encoder: Encoding mesh Canopy sprays 3284.
18:15:57 | INFO: Draco encoder: Encoding mesh Canopy sprays 3285.
18:15:57 | INFO: Draco encoder: Encoding mesh Canopy sprays 3286.
18:15:57 | INFO: Draco encoder: Encoding mesh Canopy sprays 3287.
18:15:57 | INFO: Draco encoder: Encoding mesh Canopy sprays 3288.
18:15:57 | INFO: Draco encoder: Encoding mesh Canopy sprays 3289.
18:15:57 | INFO: Draco encoder: Encoding mesh Canopy sprays 3290.
18:15:57 | INFO: Draco encoder: Encoding mesh Canopy sprays 3291.
18:15:57 | INFO: Draco encoder: Encoding mesh Canopy sprays 3292.
18:15:57 | INFO: Draco encoder: Encoding mesh Canopy sprays 3293.
18:15:57 | INFO: Draco encoder: Encoding mesh Canopy sprays 3294.
18:15:57 | INFO: Draco encoder: Encoding mesh Canopy sprays 3295.
18:15:57 | INFO: Draco encoder: Encoding mesh Canopy sprays 3296.
18:15:57 | INFO: Draco encoder: Encoding mesh Canopy sprays 3297.
18:15:57 | INFO: Draco encoder: Encoding mesh Canopy sprays 3298.
18:15:57 | INFO: Draco encoder: Encoding mesh Canopy sprays 3299.
18:15:57 | INFO: Draco encoder: Encoding mesh Canopy sprays 3300.
18:15:57 | INFO: Draco encoder: Encoding mesh Canopy sprays 3301.
18:15:57 | INFO: Draco encoder: Encoding mesh Canopy sprays 3302.
18:15:57 | INFO: Draco encoder: Encoding mesh Canopy sprays 3303.
18:15:57 | INFO: Draco encoder: Encoding mesh Canopy sprays 3304.
18:15:57 | INFO: Draco encoder: Encoding mesh Canopy sprays 3305.
18:15:57 | INFO: Draco encoder: Encoding mesh Canopy sprays 3306.
18:15:57 | INFO: Draco encoder: Encoding mesh Canopy sprays 3307.
18:15:57 | INFO: Draco encoder: Encoding mesh Canopy sprays 3308.
18:15:57 | INFO: Draco encoder: Encoding mesh Canopy sprays 3309.
18:15:57 | INFO: Draco encoder: Encoding mesh Canopy sprays 3310.
18:15:57 | INFO: Draco encoder: Encoding mesh Canopy sprays 3311.
18:15:57 | INFO: Draco encoder: Encoding mesh Canopy sprays 3312.
18:15:57 | INFO: Draco encoder: Encoding mesh Canopy sprays 3313.
18:15:57 | INFO: Draco encoder: Encoding mesh Canopy sprays 3314.
18:15:57 | INFO: Draco encoder: Encoding mesh Canopy sprays 3315.
18:15:57 | INFO: Draco encoder: Encoding mesh Canopy sprays 3316.
18:15:57 | INFO: Draco encoder: Encoding mesh Canopy sprays 3317.
18:15:57 | INFO: Draco encoder: Encoding mesh Canopy sprays 3318.
18:15:57 | INFO: Draco encoder: Encoding mesh Canopy sprays 3319.
18:15:57 | INFO: Draco encoder: Encoding mesh Canopy sprays 3320.
18:15:57 | INFO: Draco encoder: Encoding mesh Canopy sprays 3321.
18:15:57 | INFO: Draco encoder: Encoding mesh Canopy sprays 3322.
18:15:57 | INFO: Draco encoder: Encoding mesh Canopy sprays 3323.
18:15:57 | INFO: Draco encoder: Encoding mesh Canopy sprays 3324.
18:15:57 | INFO: Draco encoder: Encoding mesh Canopy sprays 3325.
18:15:57 | INFO: Draco encoder: Encoding mesh Canopy sprays 3326.
18:15:57 | INFO: Draco encoder: Encoding mesh Canopy sprays 3327.
18:15:57 | INFO: Draco encoder: Encoding mesh Canopy sprays 3328.
18:15:57 | INFO: Draco encoder: Encoding mesh Canopy sprays 3329.
18:15:57 | INFO: Draco encoder: Encoding mesh Canopy sprays 3330.
18:15:57 | INFO: Draco encoder: Encoding mesh Canopy sprays 3331.
18:15:57 | INFO: Draco encoder: Encoding mesh Canopy sprays 3332.
18:15:57 | INFO: Draco encoder: Encoding mesh Canopy sprays 3333.
18:15:57 | INFO: Draco encoder: Encoding mesh Canopy sprays 3334.
18:15:57 | INFO: Draco encoder: Encoding mesh Canopy sprays 3335.
18:15:57 | INFO: Draco encoder: Encoding mesh Canopy sprays 3336.
18:15:57 | INFO: Draco encoder: Encoding mesh Canopy sprays 3337.
18:15:57 | INFO: Draco encoder: Encoding mesh Canopy sprays 3338.
18:15:57 | INFO: Draco encoder: Encoding mesh Canopy sprays 3339.
18:15:57 | INFO: Draco encoder: Encoding mesh Canopy sprays 3340.
18:15:57 | INFO: Draco encoder: Encoding mesh Canopy sprays 3341.
18:15:57 | INFO: Draco encoder: Encoding mesh Canopy sprays 3342.
18:15:57 | INFO: Draco encoder: Encoding mesh Canopy sprays 3343.
18:15:57 | INFO: Draco encoder: Encoding mesh Canopy sprays 3344.
18:15:57 | INFO: Draco encoder: Encoding mesh Canopy sprays 3345.
18:15:57 | INFO: Draco encoder: Encoding mesh Canopy sprays 3346.
18:15:57 | INFO: Draco encoder: Encoding mesh Canopy sprays 3347.
18:15:57 | INFO: Draco encoder: Encoding mesh Canopy sprays 3348.
18:15:57 | INFO: Draco encoder: Encoding mesh Canopy sprays 3349.
18:15:57 | INFO: Draco encoder: Encoding mesh Canopy sprays 3350.
18:15:57 | INFO: Draco encoder: Encoding mesh Canopy sprays 3351.
18:15:57 | INFO: Draco encoder: Encoding mesh Canopy sprays 3352.
18:15:57 | INFO: Draco encoder: Encoding mesh Canopy sprays 3353.
18:15:57 | INFO: Draco encoder: Encoding mesh Canopy sprays 3354.
18:15:57 | INFO: Draco encoder: Encoding mesh Canopy sprays 3355.
18:15:57 | INFO: Draco encoder: Encoding mesh Canopy sprays 3356.
18:15:57 | INFO: Draco encoder: Encoding mesh Canopy sprays 3357.
18:15:57 | INFO: Draco encoder: Encoding mesh Canopy sprays 3358.
18:15:57 | INFO: Draco encoder: Encoding mesh Canopy sprays 3359.
18:15:57 | INFO: Draco encoder: Encoding mesh Canopy sprays 3360.
18:15:57 | INFO: Draco encoder: Encoding mesh Canopy sprays 3361.
18:15:57 | INFO: Draco encoder: Encoding mesh Canopy sprays 3362.
18:15:57 | INFO: Draco encoder: Encoding mesh Canopy sprays 3363.
18:15:57 | INFO: Draco encoder: Encoding mesh Canopy sprays 3364.
18:15:57 | INFO: Draco encoder: Encoding mesh Canopy sprays 3365.
18:15:57 | INFO: Draco encoder: Encoding mesh Canopy sprays 3366.
18:15:57 | INFO: Draco encoder: Encoding mesh Canopy sprays 3367.
18:15:57 | INFO: Draco encoder: Encoding mesh Canopy sprays 3368.
18:15:57 | INFO: Draco encoder: Encoding mesh Canopy sprays 3369.
18:15:57 | INFO: Draco encoder: Encoding mesh Canopy sprays 3370.
18:15:57 | INFO: Draco encoder: Encoding mesh Canopy sprays 3371.
18:15:57 | INFO: Draco encoder: Encoding mesh Canopy sprays 3372.
18:15:57 | INFO: Draco encoder: Encoding mesh Canopy sprays 3373.
18:15:57 | INFO: Draco encoder: Encoding mesh Canopy sprays 3374.
18:15:57 | INFO: Draco encoder: Encoding mesh Canopy sprays 3375.
18:15:57 | INFO: Draco encoder: Encoding mesh Canopy sprays 3376.
18:15:57 | INFO: Draco encoder: Encoding mesh Canopy sprays 3377.
18:15:57 | INFO: Draco encoder: Encoding mesh Canopy sprays 3378.
18:15:57 | INFO: Draco encoder: Encoding mesh Canopy sprays 3379.
18:15:57 | INFO: Draco encoder: Encoding mesh Canopy sprays 3380.
18:15:57 | INFO: Draco encoder: Encoding mesh Canopy sprays 3381.
18:15:57 | INFO: Draco encoder: Encoding mesh Canopy sprays 3382.
18:15:57 | INFO: Draco encoder: Encoding mesh Canopy sprays 3383.
18:15:57 | INFO: Draco encoder: Encoding mesh Canopy sprays 3384.
18:15:57 | INFO: Draco encoder: Encoding mesh Canopy sprays 3385.
18:15:57 | INFO: Draco encoder: Encoding mesh Canopy sprays 3386.
18:15:57 | INFO: Draco encoder: Encoding mesh Canopy sprays 3387.
18:15:57 | INFO: Draco encoder: Encoding mesh Canopy sprays 3388.
18:15:57 | INFO: Draco encoder: Encoding mesh Canopy sprays 3389.
18:15:57 | INFO: Draco encoder: Encoding mesh Canopy sprays 3390.
18:15:57 | INFO: Draco encoder: Encoding mesh Canopy sprays 3391.
18:15:57 | INFO: Draco encoder: Encoding mesh Canopy sprays 3392.
18:15:57 | INFO: Draco encoder: Encoding mesh Canopy sprays 3393.
18:15:57 | INFO: Draco encoder: Encoding mesh Canopy sprays 3394.
18:15:57 | INFO: Draco encoder: Encoding mesh Canopy sprays 3395.
18:15:57 | INFO: Draco encoder: Encoding mesh Canopy sprays 3396.
18:15:57 | INFO: Draco encoder: Encoding mesh Canopy sprays 3397.
18:15:57 | INFO: Draco encoder: Encoding mesh Canopy sprays 3398.
18:15:57 | INFO: Draco encoder: Encoding mesh Canopy sprays 3399.
18:15:57 | INFO: Draco encoder: Encoding mesh Canopy sprays 3400.
18:15:57 | INFO: Draco encoder: Encoding mesh Canopy sprays 3401.
18:15:57 | INFO: Draco encoder: Encoding mesh Canopy sprays 3402.
18:15:57 | INFO: Draco encoder: Encoding mesh Canopy sprays 3403.
18:15:57 | INFO: Draco encoder: Encoding mesh Canopy sprays 3404.
18:15:57 | INFO: Draco encoder: Encoding mesh Canopy sprays 3405.
18:15:57 | INFO: Draco encoder: Encoding mesh Canopy sprays 3406.
18:15:57 | INFO: Draco encoder: Encoding mesh Canopy sprays 3407.
18:15:57 | INFO: Draco encoder: Encoding mesh Canopy sprays 3408.
18:15:57 | INFO: Draco encoder: Encoding mesh Canopy sprays 3409.
18:15:57 | INFO: Draco encoder: Encoding mesh Canopy sprays 3410.
18:15:57 | INFO: Draco encoder: Encoding mesh Canopy sprays 3411.
18:15:57 | INFO: Draco encoder: Encoding mesh Canopy sprays 3412.
18:15:57 | INFO: Draco encoder: Encoding mesh Canopy sprays 3413.
18:15:57 | INFO: Draco encoder: Encoding mesh Canopy sprays 3414.
18:15:57 | INFO: Draco encoder: Encoding mesh Canopy sprays 3415.
18:15:57 | INFO: Draco encoder: Encoding mesh Canopy sprays 3416.
18:15:57 | INFO: Draco encoder: Encoding mesh Canopy sprays 3417.
18:15:57 | INFO: Draco encoder: Encoding mesh Canopy sprays 3418.
18:15:57 | INFO: Draco encoder: Encoding mesh Canopy sprays 3419.
18:15:57 | INFO: Draco encoder: Encoding mesh Canopy sprays 3420.
18:15:57 | INFO: Draco encoder: Encoding mesh Canopy sprays 3421.
18:15:57 | INFO: Draco encoder: Encoding mesh Canopy sprays 3422.
18:15:57 | INFO: Draco encoder: Encoding mesh Canopy sprays 3423.
18:15:57 | INFO: Draco encoder: Encoding mesh Canopy sprays 3424.
18:15:57 | INFO: Draco encoder: Encoding mesh Canopy sprays 3425.
18:15:57 | INFO: Draco encoder: Encoding mesh Canopy sprays 3426.
18:15:57 | INFO: Draco encoder: Encoding mesh Canopy sprays 3427.
18:15:57 | INFO: Draco encoder: Encoding mesh Canopy sprays 3428.
18:15:57 | INFO: Draco encoder: Encoding mesh Canopy sprays 3429.
18:15:57 | INFO: Draco encoder: Encoding mesh Canopy sprays 3430.
18:15:57 | INFO: Draco encoder: Encoding mesh Canopy sprays 3431.
18:15:57 | INFO: Draco encoder: Encoding mesh Canopy sprays 3432.
18:15:57 | INFO: Draco encoder: Encoding mesh Canopy sprays 3433.
18:15:57 | INFO: Draco encoder: Encoding mesh Canopy sprays 3434.
18:15:57 | INFO: Draco encoder: Encoding mesh Canopy sprays 3435.
18:15:57 | INFO: Draco encoder: Encoding mesh Canopy sprays 3436.
18:15:57 | INFO: Draco encoder: Encoding mesh Canopy sprays 3437.
18:15:57 | INFO: Draco encoder: Encoding mesh Canopy sprays 3438.
18:15:57 | INFO: Draco encoder: Encoding mesh Canopy sprays 3439.
18:15:57 | INFO: Draco encoder: Encoding mesh Canopy sprays 3440.
18:15:57 | INFO: Draco encoder: Encoding mesh Canopy sprays 3441.
18:15:57 | INFO: Draco encoder: Encoding mesh Canopy sprays 3442.
18:15:57 | INFO: Draco encoder: Encoding mesh Canopy sprays 3443.
18:15:57 | INFO: Draco encoder: Encoding mesh Canopy sprays 3444.
18:15:57 | INFO: Draco encoder: Encoding mesh Canopy sprays 3445.
18:15:57 | INFO: Draco encoder: Encoding mesh Canopy sprays 3446.
18:15:57 | INFO: Draco encoder: Encoding mesh Canopy sprays 3447.
18:15:57 | INFO: Draco encoder: Encoding mesh Canopy sprays 3448.
18:15:57 | INFO: Draco encoder: Encoding mesh Canopy sprays 3449.
18:15:57 | INFO: Draco encoder: Encoding mesh Canopy sprays 3450.
18:15:57 | INFO: Draco encoder: Encoding mesh Canopy sprays 3451.
18:15:57 | INFO: Draco encoder: Encoding mesh Canopy sprays 3452.
18:15:57 | INFO: Draco encoder: Encoding mesh Canopy sprays 3453.
18:15:57 | INFO: Draco encoder: Encoding mesh Canopy sprays 3454.
18:15:57 | INFO: Draco encoder: Encoding mesh Canopy sprays 3455.
18:15:57 | INFO: Draco encoder: Encoding mesh Canopy sprays 3456.
18:15:57 | INFO: Draco encoder: Encoding mesh Canopy sprays 3457.
18:15:57 | INFO: Draco encoder: Encoding mesh Canopy sprays 3458.
18:15:57 | INFO: Draco encoder: Encoding mesh Canopy sprays 3459.
18:15:57 | INFO: Draco encoder: Encoding mesh Canopy sprays 3460.
18:15:57 | INFO: Draco encoder: Encoding mesh Canopy sprays 3461.
18:15:57 | INFO: Draco encoder: Encoding mesh Canopy sprays 3462.
18:15:57 | INFO: Draco encoder: Encoding mesh Canopy sprays 3463.
18:15:57 | INFO: Draco encoder: Encoding mesh Canopy sprays 3464.
18:15:57 | INFO: Draco encoder: Encoding mesh Canopy sprays 3465.
18:15:57 | INFO: Draco encoder: Encoding mesh Canopy sprays 3466.
18:15:57 | INFO: Draco encoder: Encoding mesh Canopy sprays 3467.
18:15:57 | INFO: Draco encoder: Encoding mesh Canopy sprays 3468.
18:15:57 | INFO: Draco encoder: Encoding mesh Canopy sprays 3469.
18:15:57 | INFO: Draco encoder: Encoding mesh Canopy sprays 3470.
18:15:57 | INFO: Draco encoder: Encoding mesh Canopy sprays 3471.
18:15:57 | INFO: Draco encoder: Encoding mesh Canopy sprays 3472.
18:15:57 | INFO: Draco encoder: Encoding mesh Canopy sprays 3473.
18:15:57 | INFO: Draco encoder: Encoding mesh Canopy sprays 3474.
18:15:57 | INFO: Draco encoder: Encoding mesh Canopy sprays 3475.
18:15:57 | INFO: Draco encoder: Encoding mesh Canopy sprays 3476.
18:15:57 | INFO: Draco encoder: Encoding mesh Canopy sprays 3477.
18:15:57 | INFO: Draco encoder: Encoding mesh Canopy sprays 3478.
18:15:57 | INFO: Draco encoder: Encoding mesh Canopy sprays 3479.
18:15:57 | INFO: Draco encoder: Encoding mesh Canopy sprays 3480.
18:15:57 | INFO: Draco encoder: Encoding mesh Canopy sprays 3481.
18:15:57 | INFO: Draco encoder: Encoding mesh Canopy sprays 3482.
18:15:57 | INFO: Draco encoder: Encoding mesh Canopy sprays 3483.
18:15:57 | INFO: Draco encoder: Encoding mesh Canopy sprays 3484.
18:15:57 | INFO: Draco encoder: Encoding mesh Canopy sprays 3485.
18:15:57 | INFO: Draco encoder: Encoding mesh Canopy sprays 3486.
18:15:57 | INFO: Draco encoder: Encoding mesh Canopy sprays 3487.
18:15:57 | INFO: Draco encoder: Encoding mesh Canopy sprays 3488.
18:15:57 | INFO: Draco encoder: Encoding mesh Canopy sprays 3489.
18:15:57 | INFO: Draco encoder: Encoding mesh Canopy sprays 3490.
18:15:57 | INFO: Draco encoder: Encoding mesh Canopy sprays 3491.
18:15:57 | INFO: Draco encoder: Encoding mesh Canopy sprays 3492.
18:15:57 | INFO: Draco encoder: Encoding mesh Canopy sprays 3493.
18:15:57 | INFO: Draco encoder: Encoding mesh Canopy sprays 3494.
18:15:57 | INFO: Draco encoder: Encoding mesh Canopy sprays 3495.
18:15:57 | INFO: Draco encoder: Encoding mesh Canopy sprays 3496.
18:15:57 | INFO: Draco encoder: Encoding mesh Canopy sprays 3497.
18:15:57 | INFO: Draco encoder: Encoding mesh Canopy sprays 3498.
18:15:57 | INFO: Draco encoder: Encoding mesh Canopy sprays 3499.
18:15:57 | INFO: Draco encoder: Encoding mesh Canopy sprays 3500.
18:15:57 | INFO: Draco encoder: Encoding mesh Canopy sprays 3501.
18:15:57 | INFO: Draco encoder: Encoding mesh Canopy sprays 3502.
18:15:57 | INFO: Draco encoder: Encoding mesh Canopy sprays 3503.
18:15:57 | INFO: Draco encoder: Encoding mesh Canopy sprays 3504.
18:15:57 | INFO: Draco encoder: Encoding mesh Canopy sprays 3505.
18:15:57 | INFO: Draco encoder: Encoding mesh Canopy sprays 3506.
18:15:57 | INFO: Draco encoder: Encoding mesh Canopy sprays 3507.
18:15:57 | INFO: Draco encoder: Encoding mesh Canopy sprays 3508.
18:15:57 | INFO: Draco encoder: Encoding mesh Canopy sprays 3509.
18:15:57 | INFO: Draco encoder: Encoding mesh Canopy sprays 3510.
18:15:57 | INFO: Draco encoder: Encoding mesh Canopy sprays 3511.
18:15:57 | INFO: Draco encoder: Encoding mesh Canopy sprays 3512.
18:15:57 | INFO: Draco encoder: Encoding mesh Canopy sprays 3513.
18:15:57 | INFO: Draco encoder: Encoding mesh Canopy sprays 3514.
18:15:57 | INFO: Draco encoder: Encoding mesh Canopy sprays 3515.
18:15:57 | INFO: Draco encoder: Encoding mesh Canopy sprays 3516.
18:15:57 | INFO: Draco encoder: Encoding mesh Canopy sprays 3517.
18:15:57 | INFO: Draco encoder: Encoding mesh Canopy sprays 3518.
18:15:57 | INFO: Draco encoder: Encoding mesh Canopy sprays 3519.
18:15:57 | INFO: Draco encoder: Encoding mesh Canopy sprays 3520.
18:15:57 | INFO: Draco encoder: Encoding mesh Canopy sprays 3521.
18:15:57 | INFO: Draco encoder: Encoding mesh Canopy sprays 3522.
18:15:57 | INFO: Draco encoder: Encoding mesh Canopy sprays 3523.
18:15:57 | INFO: Draco encoder: Encoding mesh Canopy sprays 3524.
18:15:57 | INFO: Draco encoder: Encoding mesh Canopy sprays 3525.
18:15:57 | INFO: Draco encoder: Encoding mesh Canopy sprays 3526.
18:15:57 | INFO: Draco encoder: Encoding mesh Canopy sprays 3527.
18:15:57 | INFO: Draco encoder: Encoding mesh Canopy sprays 3528.
18:15:57 | INFO: Draco encoder: Encoding mesh Canopy sprays 3529.
18:15:57 | INFO: Draco encoder: Encoding mesh Canopy sprays 3530.
18:15:57 | INFO: Draco encoder: Encoding mesh Canopy sprays 3531.
18:15:57 | INFO: Draco encoder: Encoding mesh Canopy sprays 3532.
18:15:57 | INFO: Draco encoder: Encoding mesh Canopy sprays 3533.
18:15:57 | INFO: Draco encoder: Encoding mesh Canopy sprays 3534.
18:15:57 | INFO: Draco encoder: Encoding mesh Canopy sprays 3535.
18:15:57 | INFO: Draco encoder: Encoding mesh Canopy sprays 3536.
18:15:57 | INFO: Draco encoder: Encoding mesh Canopy sprays 3537.
18:15:57 | INFO: Draco encoder: Encoding mesh Canopy sprays 3538.
18:15:57 | INFO: Draco encoder: Encoding mesh Canopy sprays 3539.
18:15:57 | INFO: Draco encoder: Encoding mesh Canopy sprays 3540.
18:15:57 | INFO: Draco encoder: Encoding mesh Canopy sprays 3541.
18:15:57 | INFO: Draco encoder: Encoding mesh Canopy sprays 3542.
18:15:57 | INFO: Draco encoder: Encoding mesh Canopy sprays 3543.
18:15:57 | INFO: Draco encoder: Encoding mesh Canopy sprays 3544.
18:15:57 | INFO: Draco encoder: Encoding mesh Canopy sprays 3545.
18:15:57 | INFO: Draco encoder: Encoding mesh Canopy sprays 3546.
18:15:57 | INFO: Draco encoder: Encoding mesh Canopy sprays 3547.
18:15:57 | INFO: Draco encoder: Encoding mesh Canopy sprays 3548.
18:15:57 | INFO: Draco encoder: Encoding mesh Canopy sprays 3549.
18:15:57 | INFO: Draco encoder: Encoding mesh Canopy sprays 3550.
18:15:57 | INFO: Draco encoder: Encoding mesh Canopy sprays 3551.
18:15:57 | INFO: Draco encoder: Encoding mesh Canopy sprays 3552.
18:15:57 | INFO: Draco encoder: Encoding mesh Canopy sprays 3553.
18:15:57 | INFO: Draco encoder: Encoding mesh Canopy sprays 3554.
18:15:57 | INFO: Draco encoder: Encoding mesh Canopy sprays 3555.
18:15:57 | INFO: Draco encoder: Encoding mesh Canopy sprays 3556.
18:15:57 | INFO: Draco encoder: Encoding mesh Canopy sprays 3557.
18:15:57 | INFO: Draco encoder: Encoding mesh Canopy sprays 3558.
18:15:57 | INFO: Draco encoder: Encoding mesh Canopy sprays 3559.
18:15:57 | INFO: Draco encoder: Encoding mesh Canopy sprays 3560.
18:15:57 | INFO: Draco encoder: Encoding mesh Canopy sprays 3561.
18:15:57 | INFO: Draco encoder: Encoding mesh Canopy sprays 3562.
18:15:57 | INFO: Draco encoder: Encoding mesh Canopy sprays 3563.
18:15:57 | INFO: Draco encoder: Encoding mesh Canopy sprays 3564.
18:15:57 | INFO: Draco encoder: Encoding mesh Canopy sprays 3565.
18:15:57 | INFO: Draco encoder: Encoding mesh Canopy sprays 3566.
18:15:57 | INFO: Draco encoder: Encoding mesh Canopy sprays 3567.
18:15:57 | INFO: Draco encoder: Encoding mesh Canopy sprays 3568.
18:15:57 | INFO: Draco encoder: Encoding mesh Canopy sprays 3569.
18:15:57 | INFO: Draco encoder: Encoding mesh Canopy sprays 3570.
18:15:57 | INFO: Draco encoder: Encoding mesh Canopy sprays 3571.
18:15:57 | INFO: Draco encoder: Encoding mesh Canopy sprays 3572.
18:15:57 | INFO: Draco encoder: Encoding mesh Canopy sprays 3573.
18:15:57 | INFO: Draco encoder: Encoding mesh Canopy sprays 3574.
18:15:57 | INFO: Draco encoder: Encoding mesh Canopy sprays 3575.
18:15:57 | INFO: Draco encoder: Encoding mesh Canopy sprays 3576.
18:15:57 | INFO: Draco encoder: Encoding mesh Canopy sprays 3577.
18:15:57 | INFO: Draco encoder: Encoding mesh Canopy sprays 3578.
18:15:57 | INFO: Draco encoder: Encoding mesh Canopy sprays 3579.
18:15:57 | INFO: Draco encoder: Encoding mesh Canopy sprays 3580.
18:15:57 | INFO: Draco encoder: Encoding mesh Canopy sprays 3581.
18:15:57 | INFO: Draco encoder: Encoding mesh Canopy sprays 3582.
18:15:57 | INFO: Draco encoder: Encoding mesh Canopy sprays 3583.
18:15:57 | INFO: Draco encoder: Encoding mesh Canopy sprays 3584.
18:15:57 | INFO: Draco encoder: Encoding mesh Canopy sprays 3585.
18:15:57 | INFO: Draco encoder: Encoding mesh Canopy sprays 3586.
18:15:57 | INFO: Draco encoder: Encoding mesh Canopy sprays 3587.
18:15:57 | INFO: Draco encoder: Encoding mesh Canopy sprays 3588.
18:15:57 | INFO: Draco encoder: Encoding mesh Canopy sprays 3589.
18:15:57 | INFO: Draco encoder: Encoding mesh Canopy sprays 3590.
18:15:57 | INFO: Draco encoder: Encoding mesh Canopy sprays 3591.
18:15:57 | INFO: Draco encoder: Encoding mesh Canopy sprays 3592.
18:15:57 | INFO: Draco encoder: Encoding mesh Canopy sprays 3593.
18:15:57 | INFO: Draco encoder: Encoding mesh Canopy sprays 3594.
18:15:57 | INFO: Draco encoder: Encoding mesh Canopy sprays 3595.
18:15:57 | INFO: Draco encoder: Encoding mesh Canopy sprays 3596.
18:15:57 | INFO: Draco encoder: Encoding mesh Canopy sprays 3597.
18:15:57 | INFO: Draco encoder: Encoding mesh Canopy sprays 3598.
18:15:57 | INFO: Draco encoder: Encoding mesh Canopy sprays 3599.
18:15:57 | INFO: Draco encoder: Encoding mesh Canopy sprays 3600.
18:15:57 | INFO: Draco encoder: Encoding mesh Canopy sprays 3601.
18:15:57 | INFO: Draco encoder: Encoding mesh Canopy sprays 3602.
18:15:57 | INFO: Draco encoder: Encoding mesh Canopy sprays 3603.
18:15:57 | INFO: Draco encoder: Encoding mesh Canopy sprays 3604.
18:15:57 | INFO: Draco encoder: Encoding mesh Canopy sprays 3605.
18:15:57 | INFO: Draco encoder: Encoding mesh Canopy sprays 3606.
18:15:57 | INFO: Draco encoder: Encoding mesh Canopy sprays 3607.
18:15:57 | INFO: Draco encoder: Encoding mesh Canopy sprays 3608.
18:15:57 | INFO: Draco encoder: Encoding mesh Canopy sprays 3609.
18:15:57 | INFO: Draco encoder: Encoding mesh Canopy sprays 3610.
18:15:57 | INFO: Draco encoder: Encoding mesh Canopy sprays 3611.
18:15:57 | INFO: Draco encoder: Encoding mesh Canopy sprays 3612.
18:15:57 | INFO: Draco encoder: Encoding mesh Canopy sprays 3613.
18:15:57 | INFO: Draco encoder: Encoding mesh Canopy sprays 3614.
18:15:57 | INFO: Draco encoder: Encoding mesh Canopy sprays 3615.
18:15:57 | INFO: Draco encoder: Encoding mesh Canopy sprays 3616.
18:15:57 | INFO: Draco encoder: Encoding mesh Canopy sprays 3617.
18:15:57 | INFO: Draco encoder: Encoding mesh Canopy sprays 3618.
18:15:57 | INFO: Draco encoder: Encoding mesh Canopy sprays 3619.
18:15:57 | INFO: Draco encoder: Encoding mesh Canopy sprays 3620.
18:15:57 | INFO: Draco encoder: Encoding mesh Canopy sprays 3621.
18:15:57 | INFO: Draco encoder: Encoding mesh Canopy sprays 3622.
18:15:57 | INFO: Draco encoder: Encoding mesh Canopy sprays 3623.
18:15:57 | INFO: Draco encoder: Encoding mesh Canopy sprays 3624.
18:15:57 | INFO: Draco encoder: Encoding mesh Canopy sprays 3625.
18:15:57 | INFO: Draco encoder: Encoding mesh Canopy sprays 3626.
18:15:57 | INFO: Draco encoder: Encoding mesh Canopy sprays 3627.
18:15:57 | INFO: Draco encoder: Encoding mesh Canopy sprays 3628.
18:15:57 | INFO: Draco encoder: Encoding mesh Canopy sprays 3629.
18:15:57 | INFO: Draco encoder: Encoding mesh Canopy sprays 3630.
18:15:57 | INFO: Draco encoder: Encoding mesh Canopy sprays 3631.
18:15:57 | INFO: Draco encoder: Encoding mesh Canopy sprays 3632.
18:15:57 | INFO: Draco encoder: Encoding mesh Canopy sprays 3633.
18:15:57 | INFO: Draco encoder: Encoding mesh Canopy sprays 3634.
18:15:57 | INFO: Draco encoder: Encoding mesh Canopy sprays 3635.
18:15:57 | INFO: Draco encoder: Encoding mesh Canopy sprays 3636.
18:15:57 | INFO: Draco encoder: Encoding mesh Canopy sprays 3637.
18:15:57 | INFO: Draco encoder: Encoding mesh Canopy sprays 3638.
18:15:57 | INFO: Draco encoder: Encoding mesh Canopy sprays 3639.
18:15:57 | INFO: Draco encoder: Encoding mesh Canopy sprays 3640.
18:15:57 | INFO: Draco encoder: Encoding mesh Canopy sprays 3641.
18:15:57 | INFO: Draco encoder: Encoding mesh Canopy sprays 3642.
18:15:57 | INFO: Draco encoder: Encoding mesh Canopy sprays 3643.
18:15:57 | INFO: Draco encoder: Encoding mesh Canopy sprays 3644.
18:15:57 | INFO: Draco encoder: Encoding mesh Canopy sprays 3645.
18:15:57 | INFO: Draco encoder: Encoding mesh Canopy sprays 3646.
18:15:57 | INFO: Draco encoder: Encoding mesh Canopy sprays 3647.
18:15:57 | INFO: Draco encoder: Encoding mesh Canopy sprays 3648.
18:15:57 | INFO: Draco encoder: Encoding mesh Canopy sprays 3649.
18:15:57 | INFO: Draco encoder: Encoding mesh Canopy sprays 3650.
18:15:57 | INFO: Draco encoder: Encoding mesh Canopy sprays 3651.
18:15:57 | INFO: Draco encoder: Encoding mesh Canopy sprays 3652.
18:15:57 | INFO: Draco encoder: Encoding mesh Canopy sprays 3653.
18:15:57 | INFO: Draco encoder: Encoding mesh Canopy sprays 3654.
18:15:57 | INFO: Draco encoder: Encoding mesh Canopy sprays 3655.
18:15:57 | INFO: Draco encoder: Encoding mesh Canopy sprays 3656.
18:15:57 | INFO: Draco encoder: Encoding mesh Canopy sprays 3657.
18:15:57 | INFO: Draco encoder: Encoding mesh Canopy sprays 3658.
18:15:57 | INFO: Draco encoder: Encoding mesh Canopy sprays 3659.
18:15:57 | INFO: Draco encoder: Encoding mesh Canopy sprays 3660.
18:15:57 | INFO: Draco encoder: Encoding mesh Canopy sprays 3661.
18:15:57 | INFO: Draco encoder: Encoding mesh Canopy sprays 3662.
18:15:57 | INFO: Draco encoder: Encoding mesh Canopy sprays 3663.
18:15:57 | INFO: Draco encoder: Encoding mesh Canopy sprays 3664.
18:15:57 | INFO: Draco encoder: Encoding mesh Canopy sprays 3665.
18:15:57 | INFO: Draco encoder: Encoding mesh Canopy sprays 3666.
18:15:57 | INFO: Draco encoder: Encoding mesh Canopy sprays 3667.
18:15:57 | INFO: Draco encoder: Encoding mesh Canopy sprays 3668.
18:15:57 | INFO: Draco encoder: Encoding mesh Canopy sprays 3669.
18:15:57 | INFO: Draco encoder: Encoding mesh Canopy sprays 3670.
18:15:57 | INFO: Draco encoder: Encoding mesh Canopy sprays 3671.
18:15:57 | INFO: Draco encoder: Encoding mesh Canopy sprays 3672.
18:15:57 | INFO: Draco encoder: Encoding mesh Canopy sprays 3673.
18:15:57 | INFO: Draco encoder: Encoding mesh Canopy sprays 3674.
18:15:57 | INFO: Draco encoder: Encoding mesh Canopy sprays 3675.
18:15:57 | INFO: Draco encoder: Encoding mesh Canopy sprays 3676.
18:15:57 | INFO: Draco encoder: Encoding mesh Canopy sprays 3677.
18:15:57 | INFO: Draco encoder: Encoding mesh Canopy sprays 3678.
18:15:57 | INFO: Draco encoder: Encoding mesh Canopy sprays 3679.
18:15:57 | INFO: Draco encoder: Encoding mesh Canopy sprays 3680.
18:15:57 | INFO: Draco encoder: Encoding mesh Canopy sprays 3681.
18:15:57 | INFO: Draco encoder: Encoding mesh Canopy sprays 3682.
18:15:57 | INFO: Draco encoder: Encoding mesh Canopy sprays 3683.
18:15:57 | INFO: Draco encoder: Encoding mesh Canopy sprays 3684.
18:15:57 | INFO: Draco encoder: Encoding mesh Canopy sprays 3685.
18:15:57 | INFO: Draco encoder: Encoding mesh Canopy sprays 3686.
18:15:57 | INFO: Draco encoder: Encoding mesh Canopy sprays 3687.
18:15:57 | INFO: Draco encoder: Encoding mesh Canopy sprays 3688.
18:15:57 | INFO: Draco encoder: Encoding mesh Canopy sprays 3689.
18:15:57 | INFO: Draco encoder: Encoding mesh Canopy sprays 3690.
18:15:57 | INFO: Draco encoder: Encoding mesh Canopy sprays 3691.
18:15:57 | INFO: Draco encoder: Encoding mesh Canopy sprays 3692.
18:15:57 | INFO: Draco encoder: Encoding mesh Canopy sprays 3693.
18:15:57 | INFO: Draco encoder: Encoding mesh Canopy sprays 3694.
18:15:57 | INFO: Draco encoder: Encoding mesh Canopy sprays 3695.
18:15:57 | INFO: Draco encoder: Encoding mesh Canopy sprays 3696.
18:15:57 | INFO: Draco encoder: Encoding mesh Canopy sprays 3697.
18:15:57 | INFO: Draco encoder: Encoding mesh Canopy sprays 3698.
18:15:57 | INFO: Draco encoder: Encoding mesh Canopy sprays 3699.
18:15:57 | INFO: Draco encoder: Encoding mesh Canopy sprays 3700.
18:15:57 | INFO: Draco encoder: Encoding mesh Canopy sprays 3701.
18:15:57 | INFO: Draco encoder: Encoding mesh Canopy sprays 3702.
18:15:57 | INFO: Draco encoder: Encoding mesh Canopy sprays 3703.
18:15:57 | INFO: Draco encoder: Encoding mesh Canopy sprays 3704.
18:15:57 | INFO: Draco encoder: Encoding mesh Canopy sprays 3705.
18:15:57 | INFO: Draco encoder: Encoding mesh Canopy sprays 3706.
18:15:57 | INFO: Draco encoder: Encoding mesh Canopy sprays 3707.
18:15:57 | INFO: Draco encoder: Encoding mesh Canopy sprays 3708.
18:15:57 | INFO: Draco encoder: Encoding mesh Canopy sprays 3709.
18:15:57 | INFO: Draco encoder: Encoding mesh Canopy sprays 3710.
18:15:57 | INFO: Draco encoder: Encoding mesh Canopy sprays 3711.
18:15:57 | INFO: Draco encoder: Encoding mesh Canopy sprays 3712.
18:15:57 | INFO: Draco encoder: Encoding mesh Canopy sprays 3713.
18:15:57 | INFO: Draco encoder: Encoding mesh Canopy sprays 3714.
18:15:57 | INFO: Draco encoder: Encoding mesh Canopy sprays 3715.
18:15:57 | INFO: Draco encoder: Encoding mesh Canopy sprays 3716.
18:15:57 | INFO: Draco encoder: Encoding mesh Canopy sprays 3717.
18:15:57 | INFO: Draco encoder: Encoding mesh Canopy sprays 3718.
18:15:57 | INFO: Draco encoder: Encoding mesh Canopy sprays 3719.
18:15:57 | INFO: Draco encoder: Encoding mesh Canopy sprays 3720.
18:15:57 | INFO: Draco encoder: Encoding mesh Canopy sprays 3721.
18:15:57 | INFO: Draco encoder: Encoding mesh Canopy sprays 3722.
18:15:57 | INFO: Draco encoder: Encoding mesh Canopy sprays 3723.
18:15:57 | INFO: Draco encoder: Encoding mesh Canopy sprays 3724.
18:15:57 | INFO: Draco encoder: Encoding mesh Canopy sprays 3725.
18:15:57 | INFO: Draco encoder: Encoding mesh Canopy sprays 3726.
18:15:57 | INFO: Draco encoder: Encoding mesh Canopy sprays 3727.
18:15:57 | INFO: Draco encoder: Encoding mesh Canopy sprays 3728.
18:15:57 | INFO: Draco encoder: Encoding mesh Canopy sprays 3729.
18:15:57 | INFO: Draco encoder: Encoding mesh Canopy sprays 3730.
18:15:57 | INFO: Draco encoder: Encoding mesh Canopy sprays 3731.
18:15:57 | INFO: Draco encoder: Encoding mesh Canopy sprays 3732.
18:15:57 | INFO: Draco encoder: Encoding mesh Canopy sprays 3733.
18:15:57 | INFO: Draco encoder: Encoding mesh Canopy sprays 3734.
18:15:57 | INFO: Draco encoder: Encoding mesh Canopy sprays 3735.
18:15:57 | INFO: Draco encoder: Encoding mesh Canopy sprays 3736.
18:15:57 | INFO: Draco encoder: Encoding mesh Canopy sprays 3737.
18:15:57 | INFO: Draco encoder: Encoding mesh Canopy sprays 3738.
18:15:57 | INFO: Draco encoder: Encoding mesh Canopy sprays 3739.
18:15:57 | INFO: Draco encoder: Encoding mesh Canopy sprays 3740.
18:15:57 | INFO: Draco encoder: Encoding mesh Canopy sprays 3741.
18:15:57 | INFO: Draco encoder: Encoding mesh Canopy sprays 3742.
18:15:57 | INFO: Draco encoder: Encoding mesh Canopy sprays 3743.
18:15:57 | INFO: Draco encoder: Encoding mesh Canopy sprays 3744.
18:15:57 | INFO: Draco encoder: Encoding mesh Canopy sprays 3745.
18:15:57 | INFO: Draco encoder: Encoding mesh Canopy sprays 3746.
18:15:57 | INFO: Draco encoder: Encoding mesh Canopy sprays 3747.
18:15:57 | INFO: Draco encoder: Encoding mesh Canopy sprays 3748.
18:15:57 | INFO: Draco encoder: Encoding mesh Canopy sprays 3749.
18:15:57 | INFO: Draco encoder: Encoding mesh Canopy sprays 3750.
18:15:57 | INFO: Draco encoder: Encoding mesh Canopy sprays 3751.
18:15:57 | INFO: Draco encoder: Encoding mesh Canopy sprays 3752.
18:15:57 | INFO: Draco encoder: Encoding mesh Canopy sprays 3753.
18:15:57 | INFO: Draco encoder: Encoding mesh Canopy sprays 3754.
18:15:57 | INFO: Draco encoder: Encoding mesh Canopy sprays 3755.
18:15:57 | INFO: Draco encoder: Encoding mesh Canopy sprays 3756.
18:15:57 | INFO: Draco encoder: Encoding mesh Canopy sprays 3757.
18:15:57 | INFO: Draco encoder: Encoding mesh Canopy sprays 3758.
18:15:57 | INFO: Draco encoder: Encoding mesh Canopy sprays 3759.
18:15:57 | INFO: Draco encoder: Encoding mesh Canopy sprays 3760.
18:15:57 | INFO: Draco encoder: Encoding mesh Canopy sprays 3761.
18:15:57 | INFO: Draco encoder: Encoding mesh Canopy sprays 3762.
18:15:57 | INFO: Draco encoder: Encoding mesh Canopy sprays 3763.
18:15:57 | INFO: Draco encoder: Encoding mesh Canopy sprays 3764.
18:15:57 | INFO: Draco encoder: Encoding mesh Canopy sprays 3765.
18:15:57 | INFO: Draco encoder: Encoding mesh Canopy sprays 3766.
18:15:57 | INFO: Draco encoder: Encoding mesh Canopy sprays 3767.
18:15:57 | INFO: Draco encoder: Encoding mesh Canopy sprays 3768.
18:15:57 | INFO: Draco encoder: Encoding mesh Canopy sprays 3769.
18:15:57 | INFO: Draco encoder: Encoding mesh Canopy sprays 3770.
18:15:57 | INFO: Draco encoder: Encoding mesh Canopy sprays 3771.
18:15:57 | INFO: Draco encoder: Encoding mesh Canopy sprays 3772.
18:15:57 | INFO: Draco encoder: Encoding mesh Canopy sprays 3773.
18:15:57 | INFO: Draco encoder: Encoding mesh Canopy sprays 3774.
18:15:57 | INFO: Draco encoder: Encoding mesh Canopy sprays 3775.
18:15:57 | INFO: Draco encoder: Encoding mesh Canopy sprays 3776.
18:15:57 | INFO: Draco encoder: Encoding mesh Canopy sprays 3777.
18:15:57 | INFO: Draco encoder: Encoding mesh Canopy sprays 3778.
18:15:57 | INFO: Draco encoder: Encoding mesh Canopy sprays 3779.
18:15:57 | INFO: Draco encoder: Encoding mesh Canopy sprays 3780.
18:15:57 | INFO: Draco encoder: Encoding mesh Canopy sprays 3781.
18:15:57 | INFO: Draco encoder: Encoding mesh Canopy sprays 3782.
18:15:57 | INFO: Draco encoder: Encoding mesh Canopy sprays 3783.
18:15:57 | INFO: Draco encoder: Encoding mesh Canopy sprays 3784.
18:15:57 | INFO: Draco encoder: Encoding mesh Canopy sprays 3785.
18:15:57 | INFO: Draco encoder: Encoding mesh Canopy sprays 3786.
18:15:57 | INFO: Draco encoder: Encoding mesh Canopy sprays 3787.
18:15:57 | INFO: Draco encoder: Encoding mesh Canopy sprays 3788.
18:15:57 | INFO: Draco encoder: Encoding mesh Canopy sprays 3789.
18:15:57 | INFO: Draco encoder: Encoding mesh Canopy sprays 3790.
18:15:57 | INFO: Draco encoder: Encoding mesh Canopy sprays 3791.
18:15:57 | INFO: Draco encoder: Encoding mesh Canopy sprays 3792.
18:15:57 | INFO: Draco encoder: Encoding mesh Canopy sprays 3793.
18:15:57 | INFO: Draco encoder: Encoding mesh Canopy sprays 3794.
18:15:57 | INFO: Draco encoder: Encoding mesh Canopy sprays 3795.
18:15:57 | INFO: Draco encoder: Encoding mesh Canopy sprays 3796.
18:15:57 | INFO: Draco encoder: Encoding mesh Canopy sprays 3797.
18:15:57 | INFO: Draco encoder: Encoding mesh Canopy sprays 3798.
18:15:57 | INFO: Draco encoder: Encoding mesh Canopy sprays 3799.
18:15:57 | INFO: Draco encoder: Encoding mesh Canopy sprays 3800.
18:15:57 | INFO: Draco encoder: Encoding mesh Canopy sprays 3801.
18:15:57 | INFO: Draco encoder: Encoding mesh Canopy sprays 3802.
18:15:57 | INFO: Draco encoder: Encoding mesh Canopy sprays 3803.
18:15:57 | INFO: Draco encoder: Encoding mesh Canopy sprays 3804.
18:15:57 | INFO: Draco encoder: Encoding mesh Canopy sprays 3805.
18:15:57 | INFO: Draco encoder: Encoding mesh Canopy sprays 3806.
18:15:57 | INFO: Draco encoder: Encoding mesh Canopy sprays 3807.
18:15:57 | INFO: Draco encoder: Encoding mesh Canopy sprays 3808.
18:15:57 | INFO: Draco encoder: Encoding mesh Canopy sprays 3809.
18:15:57 | INFO: Draco encoder: Encoding mesh Canopy sprays 3810.
18:15:57 | INFO: Draco encoder: Encoding mesh Canopy sprays 3811.
18:15:57 | INFO: Draco encoder: Encoding mesh Canopy sprays 3812.
18:15:57 | INFO: Draco encoder: Encoding mesh Canopy sprays 3813.
18:15:57 | INFO: Draco encoder: Encoding mesh Canopy sprays 3814.
18:15:57 | INFO: Draco encoder: Encoding mesh Canopy sprays 3815.
18:15:57 | INFO: Draco encoder: Encoding mesh Canopy sprays 3816.
18:15:57 | INFO: Draco encoder: Encoding mesh Canopy sprays 3817.
18:15:57 | INFO: Draco encoder: Encoding mesh Canopy sprays 3818.
18:15:57 | INFO: Draco encoder: Encoding mesh Canopy sprays 3819.
18:15:57 | INFO: Draco encoder: Encoding mesh Canopy sprays 3820.
18:15:57 | INFO: Draco encoder: Encoding mesh Canopy sprays 3821.
18:15:57 | INFO: Draco encoder: Encoding mesh Canopy sprays 3822.
18:15:57 | INFO: Draco encoder: Encoding mesh Canopy sprays 3823.
18:15:57 | INFO: Draco encoder: Encoding mesh Canopy sprays 3824.
18:15:57 | INFO: Draco encoder: Encoding mesh Canopy sprays 3825.
18:15:57 | INFO: Draco encoder: Encoding mesh Canopy sprays 3826.
18:15:57 | INFO: Draco encoder: Encoding mesh Canopy sprays 3827.
18:15:57 | INFO: Draco encoder: Encoding mesh Canopy sprays 3828.
18:15:57 | INFO: Draco encoder: Encoding mesh Canopy sprays 3829.
18:15:57 | INFO: Draco encoder: Encoding mesh Canopy sprays 3830.
18:15:57 | INFO: Draco encoder: Encoding mesh Canopy sprays 3831.
18:15:57 | INFO: Draco encoder: Encoding mesh Canopy sprays 3832.
18:15:57 | INFO: Draco encoder: Encoding mesh Canopy sprays 3833.
18:15:57 | INFO: Draco encoder: Encoding mesh Canopy sprays 3834.
18:15:57 | INFO: Draco encoder: Encoding mesh Canopy sprays 3835.
18:15:57 | INFO: Draco encoder: Encoding mesh Canopy sprays 3836.
18:15:57 | INFO: Draco encoder: Encoding mesh Canopy sprays 3837.
18:15:57 | INFO: Draco encoder: Encoding mesh Canopy sprays 3838.
18:15:57 | INFO: Draco encoder: Encoding mesh Canopy sprays 3839.
18:15:57 | INFO: Draco encoder: Encoding mesh Canopy sprays 3840.
18:15:57 | INFO: Draco encoder: Encoding mesh Canopy sprays 3841.
18:15:57 | INFO: Draco encoder: Encoding mesh Canopy sprays 3842.
18:15:57 | INFO: Draco encoder: Encoding mesh Canopy sprays 3843.
18:15:57 | INFO: Draco encoder: Encoding mesh Canopy sprays 3844.
18:15:57 | INFO: Draco encoder: Encoding mesh Canopy sprays 3845.
18:15:57 | INFO: Draco encoder: Encoding mesh Canopy sprays 3846.
18:15:57 | INFO: Draco encoder: Encoding mesh Canopy sprays 3847.
18:15:57 | INFO: Draco encoder: Encoding mesh Canopy sprays 3848.
18:15:57 | INFO: Draco encoder: Encoding mesh Canopy sprays 3849.
18:15:57 | INFO: Draco encoder: Encoding mesh Canopy sprays 3850.
18:15:57 | INFO: Draco encoder: Encoding mesh Canopy sprays 3851.
18:15:57 | INFO: Draco encoder: Encoding mesh Canopy sprays 3852.
18:15:57 | INFO: Draco encoder: Encoding mesh Canopy sprays 3853.
18:15:57 | INFO: Draco encoder: Encoding mesh Canopy sprays 3854.
18:15:57 | INFO: Draco encoder: Encoding mesh Canopy sprays 3855.
18:15:57 | INFO: Draco encoder: Encoding mesh Canopy sprays 3856.
18:15:57 | INFO: Draco encoder: Encoding mesh Canopy sprays 3857.
18:15:57 | INFO: Draco encoder: Encoding mesh Canopy sprays 3858.
18:15:57 | INFO: Draco encoder: Encoding mesh Canopy sprays 3859.
18:15:57 | INFO: Draco encoder: Encoding mesh Canopy sprays 3860.
18:15:57 | INFO: Draco encoder: Encoding mesh Canopy sprays 3861.
18:15:57 | INFO: Draco encoder: Encoding mesh Canopy sprays 3862.
18:15:57 | INFO: Draco encoder: Encoding mesh Canopy sprays 3863.
18:15:57 | INFO: Draco encoder: Encoding mesh Canopy sprays 3864.
18:15:57 | INFO: Draco encoder: Encoding mesh Canopy sprays 3865.
18:15:57 | INFO: Draco encoder: Encoding mesh Canopy sprays 3866.
18:15:57 | INFO: Draco encoder: Encoding mesh Canopy sprays 3867.
18:15:57 | INFO: Draco encoder: Encoding mesh Canopy sprays 3868.
18:15:57 | INFO: Draco encoder: Encoding mesh Canopy sprays 3869.
18:15:57 | INFO: Draco encoder: Encoding mesh Canopy sprays 3870.
18:15:57 | INFO: Draco encoder: Encoding mesh Canopy sprays 3871.
18:15:57 | INFO: Draco encoder: Encoding mesh Canopy sprays 3872.
18:15:57 | INFO: Draco encoder: Encoding mesh Canopy sprays 3873.
18:15:57 | INFO: Draco encoder: Encoding mesh Canopy sprays 3874.
18:15:57 | INFO: Draco encoder: Encoding mesh Canopy sprays 3875.
18:15:57 | INFO: Draco encoder: Encoding mesh Canopy sprays 3876.
18:15:57 | INFO: Draco encoder: Encoding mesh Canopy sprays 3877.
18:15:57 | INFO: Draco encoder: Encoding mesh Canopy sprays 3878.
18:15:57 | INFO: Draco encoder: Encoding mesh Canopy sprays 3879.
18:15:57 | INFO: Draco encoder: Encoding mesh Canopy sprays 3880.
18:15:57 | INFO: Draco encoder: Encoding mesh Canopy sprays 3881.
18:15:57 | INFO: Draco encoder: Encoding mesh Canopy sprays 3882.
18:15:57 | INFO: Draco encoder: Encoding mesh Canopy sprays 3883.
18:15:57 | INFO: Draco encoder: Encoding mesh Canopy sprays 3884.
18:15:57 | INFO: Draco encoder: Encoding mesh Canopy sprays 3885.
18:15:57 | INFO: Draco encoder: Encoding mesh Canopy sprays 3886.
18:15:57 | INFO: Draco encoder: Encoding mesh Canopy sprays 3887.
18:15:57 | INFO: Draco encoder: Encoding mesh Canopy sprays 3888.
18:15:57 | INFO: Draco encoder: Encoding mesh Canopy sprays 3889.
18:15:57 | INFO: Draco encoder: Encoding mesh Canopy sprays 3890.
18:15:57 | INFO: Draco encoder: Encoding mesh Canopy sprays 3891.
18:15:57 | INFO: Draco encoder: Encoding mesh Canopy sprays 3892.
18:15:57 | INFO: Draco encoder: Encoding mesh Canopy sprays 3893.
18:15:57 | INFO: Draco encoder: Encoding mesh Canopy sprays 3894.
18:15:57 | INFO: Draco encoder: Encoding mesh Canopy sprays 3895.
18:15:57 | INFO: Draco encoder: Encoding mesh Canopy sprays 3896.
18:15:57 | INFO: Draco encoder: Encoding mesh Canopy sprays 3897.
18:15:57 | INFO: Draco encoder: Encoding mesh Canopy sprays 3898.
18:15:57 | INFO: Draco encoder: Encoding mesh Canopy sprays 3899.
18:15:57 | INFO: Draco encoder: Encoding mesh Canopy sprays 3900.
18:15:57 | INFO: Draco encoder: Encoding mesh Canopy sprays 3901.
18:15:57 | INFO: Draco encoder: Encoding mesh Canopy sprays 3902.
18:15:57 | INFO: Draco encoder: Encoding mesh Canopy sprays 3903.
18:15:57 | INFO: Draco encoder: Encoding mesh Canopy sprays 3904.
18:15:57 | INFO: Draco encoder: Encoding mesh Canopy sprays 3905.
18:15:57 | INFO: Draco encoder: Encoding mesh Canopy sprays 3906.
18:15:57 | INFO: Draco encoder: Encoding mesh Canopy sprays 3907.
18:15:57 | INFO: Draco encoder: Encoding mesh Canopy sprays 3908.
18:15:57 | INFO: Draco encoder: Encoding mesh Canopy sprays 3909.
18:15:57 | INFO: Draco encoder: Encoding mesh Canopy sprays 3910.
18:15:57 | INFO: Draco encoder: Encoding mesh Canopy sprays 3911.
18:15:57 | INFO: Draco encoder: Encoding mesh Canopy sprays 3912.
18:15:57 | INFO: Draco encoder: Encoding mesh Canopy sprays 3913.
18:15:57 | INFO: Draco encoder: Encoding mesh Canopy sprays 3914.
18:15:57 | INFO: Draco encoder: Encoding mesh Canopy sprays 3915.
18:15:57 | INFO: Draco encoder: Encoding mesh Canopy sprays 3916.
18:15:57 | INFO: Draco encoder: Encoding mesh Canopy sprays 3917.
18:15:57 | INFO: Draco encoder: Encoding mesh Canopy sprays 3918.
18:15:57 | INFO: Draco encoder: Encoding mesh Canopy sprays 3919.
18:15:57 | INFO: Draco encoder: Encoding mesh Canopy sprays 3920.
18:15:57 | INFO: Draco encoder: Encoding mesh Canopy sprays 3921.
18:15:57 | INFO: Draco encoder: Encoding mesh Canopy sprays 3922.
18:15:57 | INFO: Draco encoder: Encoding mesh Canopy sprays 3923.
18:15:57 | INFO: Draco encoder: Encoding mesh Canopy sprays 3924.
18:15:57 | INFO: Draco encoder: Encoding mesh Canopy sprays 3925.
18:15:57 | INFO: Draco encoder: Encoding mesh Canopy sprays 3926.
18:15:57 | INFO: Draco encoder: Encoding mesh Canopy sprays 3927.
18:15:57 | INFO: Draco encoder: Encoding mesh Canopy sprays 3928.
18:15:57 | INFO: Draco encoder: Encoding mesh Canopy sprays 3929.
18:15:57 | INFO: Draco encoder: Encoding mesh Canopy sprays 3930.
18:15:57 | INFO: Draco encoder: Encoding mesh Canopy sprays 3931.
18:15:57 | INFO: Draco encoder: Encoding mesh Canopy sprays 3932.
18:15:57 | INFO: Draco encoder: Encoding mesh Canopy sprays 3933.
18:15:57 | INFO: Draco encoder: Encoding mesh Canopy sprays 3934.
18:15:57 | INFO: Draco encoder: Encoding mesh Canopy sprays 3935.
18:15:57 | INFO: Draco encoder: Encoding mesh Canopy sprays 3936.
18:15:57 | INFO: Draco encoder: Encoding mesh Canopy sprays 3937.
18:15:57 | INFO: Draco encoder: Encoding mesh Canopy sprays 3938.
18:15:57 | INFO: Draco encoder: Encoding mesh Canopy sprays 3939.
18:15:57 | INFO: Draco encoder: Encoding mesh Canopy sprays 3940.
18:15:57 | INFO: Draco encoder: Encoding mesh Canopy sprays 3941.
18:15:57 | INFO: Draco encoder: Encoding mesh Canopy sprays 3942.
18:15:57 | INFO: Draco encoder: Encoding mesh Canopy sprays 3943.
18:15:57 | INFO: Draco encoder: Encoding mesh Canopy sprays 3944.
18:15:57 | INFO: Draco encoder: Encoding mesh Canopy sprays 3945.
18:15:57 | INFO: Draco encoder: Encoding mesh Canopy sprays 3946.
18:15:57 | INFO: Draco encoder: Encoding mesh Canopy sprays 3947.
18:15:57 | INFO: Draco encoder: Encoding mesh Canopy sprays 3948.
18:15:57 | INFO: Draco encoder: Encoding mesh Canopy sprays 3949.
18:15:57 | INFO: Draco encoder: Encoding mesh Canopy sprays 3950.
18:15:57 | INFO: Draco encoder: Encoding mesh Canopy sprays 3951.
18:15:57 | INFO: Draco encoder: Encoding mesh Canopy sprays 3952.
18:15:57 | INFO: Draco encoder: Encoding mesh Canopy sprays 3953.
18:15:57 | INFO: Draco encoder: Encoding mesh Canopy sprays 3954.
18:15:57 | INFO: Draco encoder: Encoding mesh Canopy sprays 3955.
18:15:57 | INFO: Draco encoder: Encoding mesh Canopy sprays 3956.
18:15:57 | INFO: Draco encoder: Encoding mesh Canopy sprays 3957.
18:15:57 | INFO: Draco encoder: Encoding mesh Canopy sprays 3958.
18:15:57 | INFO: Draco encoder: Encoding mesh Canopy sprays 3959.
18:15:57 | INFO: Draco encoder: Encoding mesh Canopy sprays 3960.
18:15:57 | INFO: Draco encoder: Encoding mesh Canopy sprays 3961.
18:15:57 | INFO: Draco encoder: Encoding mesh Canopy sprays 3962.
18:15:57 | INFO: Draco encoder: Encoding mesh Canopy sprays 3963.
18:15:57 | INFO: Draco encoder: Encoding mesh Canopy sprays 3964.
18:15:57 | INFO: Draco encoder: Encoding mesh Canopy sprays 3965.
18:15:57 | INFO: Draco encoder: Encoding mesh Canopy sprays 3966.
18:15:57 | INFO: Draco encoder: Encoding mesh Canopy sprays 3967.
18:15:57 | INFO: Draco encoder: Encoding mesh Canopy sprays 3968.
18:15:57 | INFO: Draco encoder: Encoding mesh Canopy sprays 3969.
18:15:57 | INFO: Draco encoder: Encoding mesh Canopy sprays 3970.
18:15:57 | INFO: Draco encoder: Encoding mesh Canopy sprays 3971.
18:15:57 | INFO: Draco encoder: Encoding mesh Canopy sprays 3972.
18:15:57 | INFO: Draco encoder: Encoding mesh Canopy sprays 3973.
18:15:57 | INFO: Draco encoder: Encoding mesh Canopy sprays 3974.
18:15:57 | INFO: Draco encoder: Encoding mesh Canopy sprays 3975.
18:15:57 | INFO: Draco encoder: Encoding mesh Canopy sprays 3976.
18:15:57 | INFO: Draco encoder: Encoding mesh Canopy sprays 3977.
18:15:57 | INFO: Draco encoder: Encoding mesh Canopy sprays 3978.
18:15:57 | INFO: Draco encoder: Encoding mesh Canopy sprays 3979.
18:15:57 | INFO: Draco encoder: Encoding mesh Canopy sprays 3980.
18:15:57 | INFO: Draco encoder: Encoding mesh Canopy sprays 3981.
18:15:57 | INFO: Draco encoder: Encoding mesh Canopy sprays 3982.
18:15:57 | INFO: Draco encoder: Encoding mesh Canopy sprays 3983.
18:15:57 | INFO: Draco encoder: Encoding mesh Canopy sprays 3984.
18:15:57 | INFO: Draco encoder: Encoding mesh Canopy sprays 3985.
18:15:57 | INFO: Draco encoder: Encoding mesh Canopy sprays 3986.
18:15:57 | INFO: Draco encoder: Encoding mesh Canopy sprays 3987.
18:15:57 | INFO: Draco encoder: Encoding mesh Canopy sprays 3988.
18:15:57 | INFO: Draco encoder: Encoding mesh Canopy sprays 3989.
18:15:57 | INFO: Draco encoder: Encoding mesh Canopy sprays 3990.
18:15:57 | INFO: Draco encoder: Encoding mesh Canopy sprays 3991.
18:15:57 | INFO: Draco encoder: Encoding mesh Canopy sprays 3992.
18:15:57 | INFO: Draco encoder: Encoding mesh Canopy sprays 3993.
18:15:57 | INFO: Draco encoder: Encoding mesh Canopy sprays 3994.
18:15:57 | INFO: Draco encoder: Encoding mesh Canopy sprays 3995.
18:15:57 | INFO: Draco encoder: Encoding mesh Canopy sprays 3996.
18:15:57 | INFO: Draco encoder: Encoding mesh Canopy sprays 3997.
18:15:57 | INFO: Draco encoder: Encoding mesh Canopy sprays 3998.
18:15:57 | INFO: Draco encoder: Encoding mesh Canopy sprays 3999.
18:15:57 | INFO: Draco encoder: Encoding mesh Canopy sprays 4000.
18:15:57 | INFO: Draco encoder: Encoding mesh Canopy sprays 4001.
18:15:57 | INFO: Draco encoder: Encoding mesh Canopy sprays 4002.
18:15:57 | INFO: Draco encoder: Encoding mesh Canopy sprays 4003.
18:15:57 | INFO: Draco encoder: Encoding mesh Canopy sprays 4004.
18:15:57 | INFO: Draco encoder: Encoding mesh Canopy sprays 4005.
18:15:57 | INFO: Draco encoder: Encoding mesh Canopy sprays 4006.
18:15:57 | INFO: Draco encoder: Encoding mesh Canopy sprays 4007.
18:15:57 | INFO: Draco encoder: Encoding mesh Canopy sprays 4008.
18:15:57 | INFO: Draco encoder: Encoding mesh Canopy sprays 4009.
18:15:57 | INFO: Draco encoder: Encoding mesh Canopy sprays 4010.
18:15:57 | INFO: Draco encoder: Encoding mesh Canopy sprays 4011.
18:15:57 | INFO: Draco encoder: Encoding mesh Canopy sprays 4012.
18:15:57 | INFO: Draco encoder: Encoding mesh Canopy sprays 4013.
18:15:57 | INFO: Draco encoder: Encoding mesh Canopy sprays 4014.
18:15:57 | INFO: Draco encoder: Encoding mesh Canopy sprays 4015.
18:15:57 | INFO: Draco encoder: Encoding mesh Canopy sprays 4016.
18:15:57 | INFO: Draco encoder: Encoding mesh Loose soil particles 0000.
18:15:57 | INFO: Draco encoder: Encoding mesh Loose soil particles 0001.
18:15:57 | INFO: Draco encoder: Encoding mesh Loose soil particles 0002.
18:15:57 | INFO: Draco encoder: Encoding mesh Loose soil particles 0003.
18:15:57 | INFO: Draco encoder: Encoding mesh Loose soil particles 0004.
18:15:57 | INFO: Draco encoder: Encoding mesh Loose soil particles 0005.
18:15:57 | INFO: Draco encoder: Encoding mesh Loose soil particles 0006.
18:15:57 | INFO: Draco encoder: Encoding mesh Loose soil particles 0007.
18:15:57 | INFO: Draco encoder: Encoding mesh Loose soil particles 0008.
18:15:57 | INFO: Draco encoder: Encoding mesh Loose soil particles 0009.
18:15:57 | INFO: Draco encoder: Encoding mesh Loose soil particles 0010.
18:15:57 | INFO: Draco encoder: Encoding mesh Loose soil particles 0011.
18:15:57 | INFO: Draco encoder: Encoding mesh Loose soil particles 0012.
18:15:57 | INFO: Draco encoder: Encoding mesh Loose soil particles 0013.
18:15:57 | INFO: Draco encoder: Encoding mesh Loose soil particles 0014.
18:15:57 | INFO: Draco encoder: Encoding mesh Loose soil particles 0015.
18:15:57 | INFO: Draco encoder: Encoding mesh Loose soil particles 0016.
18:15:57 | INFO: Draco encoder: Encoding mesh Loose soil particles 0017.
18:15:57 | INFO: Draco encoder: Encoding mesh Loose soil particles 0018.
18:15:57 | INFO: Draco encoder: Encoding mesh Loose soil particles 0019.
18:15:57 | INFO: Draco encoder: Encoding mesh Loose soil particles 0020.
18:15:57 | INFO: Draco encoder: Encoding mesh Loose soil particles 0021.
18:15:57 | INFO: Draco encoder: Encoding mesh Loose soil particles 0022.
18:15:57 | INFO: Draco encoder: Encoding mesh Loose soil particles 0023.
18:15:57 | INFO: Draco encoder: Encoding mesh Loose soil particles 0024.
18:15:57 | INFO: Draco encoder: Encoding mesh Loose soil particles 0025.
18:15:57 | INFO: Draco encoder: Encoding mesh Loose soil particles 0026.
18:15:57 | INFO: Draco encoder: Encoding mesh Loose soil particles 0027.
18:15:57 | INFO: Draco encoder: Encoding mesh Loose soil particles 0028.
18:15:57 | INFO: Draco encoder: Encoding mesh Loose soil particles 0029.
18:15:57 | INFO: Draco encoder: Encoding mesh Loose soil particles 0030.
18:15:57 | INFO: Draco encoder: Encoding mesh Loose soil particles 0031.
18:15:57 | INFO: Draco encoder: Encoding mesh Loose soil particles 0032.
18:15:57 | INFO: Draco encoder: Encoding mesh Loose soil particles 0033.
18:15:57 | INFO: Draco encoder: Encoding mesh Loose soil particles 0034.
18:15:57 | INFO: Draco encoder: Encoding mesh Loose soil particles 0035.
18:15:57 | INFO: Draco encoder: Encoding mesh Loose soil particles 0036.
18:15:57 | INFO: Draco encoder: Encoding mesh Loose soil particles 0037.
18:15:57 | INFO: Draco encoder: Encoding mesh Loose soil particles 0038.
18:15:57 | INFO: Draco encoder: Encoding mesh Loose soil particles 0039.
18:15:57 | INFO: Draco encoder: Encoding mesh Loose soil particles 0040.
18:15:57 | INFO: Draco encoder: Encoding mesh Loose soil particles 0041.
18:15:57 | INFO: Draco encoder: Encoding mesh Loose soil particles 0042.
18:15:57 | INFO: Draco encoder: Encoding mesh Loose soil particles 0043.
18:15:57 | INFO: Draco encoder: Encoding mesh Loose soil particles 0044.
18:15:57 | INFO: Draco encoder: Encoding mesh Loose soil particles 0045.
18:15:57 | INFO: Draco encoder: Encoding mesh Loose soil particles 0046.
18:15:57 | INFO: Draco encoder: Encoding mesh Loose soil particles 0047.
18:15:57 | INFO: Draco encoder: Encoding mesh Loose soil particles 0048.
18:15:57 | INFO: Draco encoder: Encoding mesh Loose soil particles 0049.
18:15:57 | INFO: Draco encoder: Encoding mesh Loose soil particles 0050.
18:15:57 | INFO: Draco encoder: Encoding mesh Loose soil particles 0051.
18:15:57 | INFO: Draco encoder: Encoding mesh Loose soil particles 0052.
18:15:57 | INFO: Draco encoder: Encoding mesh Loose soil particles 0053.
18:15:57 | INFO: Draco encoder: Encoding mesh Loose soil particles 0054.
18:15:57 | INFO: Draco encoder: Encoding mesh Loose soil particles 0055.
18:15:57 | INFO: Draco encoder: Encoding mesh Loose soil particles 0056.
18:15:57 | INFO: Draco encoder: Encoding mesh Loose soil particles 0057.
18:15:57 | INFO: Draco encoder: Encoding mesh Loose soil particles 0058.
18:15:57 | INFO: Draco encoder: Encoding mesh Loose soil particles 0059.
18:15:57 | INFO: Draco encoder: Encoding mesh Loose soil particles 0060.
18:15:57 | INFO: Draco encoder: Encoding mesh Loose soil particles 0061.
18:15:57 | INFO: Draco encoder: Encoding mesh Loose soil particles 0062.
18:15:57 | INFO: Draco encoder: Encoding mesh Loose soil particles 0063.
18:15:57 | INFO: Draco encoder: Encoding mesh Loose soil particles 0064.
18:15:57 | INFO: Draco encoder: Encoding mesh Loose soil particles 0065.
18:15:57 | INFO: Draco encoder: Encoding mesh Loose soil particles 0066.
18:15:57 | INFO: Draco encoder: Encoding mesh Loose soil particles 0067.
18:15:57 | INFO: Draco encoder: Encoding mesh Loose soil particles 0068.
18:15:57 | INFO: Draco encoder: Encoding mesh Loose soil particles 0069.
18:15:57 | INFO: Draco encoder: Encoding mesh Loose soil particles 0070.
18:15:57 | INFO: Draco encoder: Encoding mesh Loose soil particles 0071.
18:15:57 | INFO: Draco encoder: Encoding mesh Loose soil particles 0072.
18:15:57 | INFO: Draco encoder: Encoding mesh Loose soil particles 0073.
18:15:57 | INFO: Draco encoder: Encoding mesh Loose soil particles 0074.
18:15:57 | INFO: Draco encoder: Encoding mesh Loose soil particles 0075.
18:15:57 | INFO: Draco encoder: Encoding mesh Loose soil particles 0076.
18:15:57 | INFO: Draco encoder: Encoding mesh Loose soil particles 0077.
18:15:57 | INFO: Draco encoder: Encoding mesh Loose soil particles 0078.
18:15:57 | INFO: Draco encoder: Encoding mesh Loose soil particles 0079.
18:15:57 | INFO: Draco encoder: Encoding mesh Loose soil particles 0080.
18:15:57 | INFO: Draco encoder: Encoding mesh Loose soil particles 0081.
18:15:57 | INFO: Draco encoder: Encoding mesh Loose soil particles 0082.
18:15:57 | INFO: Draco encoder: Encoding mesh Loose soil particles 0083.
18:15:57 | INFO: Draco encoder: Encoding mesh Loose soil particles 0084.
18:15:57 | INFO: Draco encoder: Encoding mesh Loose soil particles 0085.
18:15:57 | INFO: Draco encoder: Encoding mesh Loose soil particles 0086.
18:15:57 | INFO: Draco encoder: Encoding mesh Loose soil particles 0087.
18:15:57 | INFO: Draco encoder: Encoding mesh Loose soil particles 0088.
18:15:57 | INFO: Draco encoder: Encoding mesh Loose soil particles 0089.
18:15:57 | INFO: Draco encoder: Encoding mesh Loose soil particles 0090.
18:15:57 | INFO: Draco encoder: Encoding mesh Loose soil particles 0091.
18:15:57 | INFO: Draco encoder: Encoding mesh Loose soil particles 0092.
18:15:57 | INFO: Draco encoder: Encoding mesh Loose soil particles 0093.
18:15:57 | INFO: Draco encoder: Encoding mesh Loose soil particles 0094.
18:15:57 | INFO: Draco encoder: Encoding mesh Loose soil particles 0095.
18:15:57 | INFO: Draco encoder: Encoding mesh Loose soil particles 0096.
18:15:57 | INFO: Draco encoder: Encoding mesh Loose soil particles 0097.
18:15:57 | INFO: Draco encoder: Encoding mesh Loose soil particles 0098.
18:15:57 | INFO: Draco encoder: Encoding mesh Loose soil particles 0099.
18:15:57 | INFO: Draco encoder: Encoding mesh Loose soil particles 0100.
18:15:57 | INFO: Draco encoder: Encoding mesh Loose soil particles 0101.
18:15:57 | INFO: Draco encoder: Encoding mesh Loose soil particles 0102.
18:15:57 | INFO: Draco encoder: Encoding mesh Loose soil particles 0103.
18:15:57 | INFO: Draco encoder: Encoding mesh Loose soil particles 0104.
18:15:57 | INFO: Draco encoder: Encoding mesh Loose soil particles 0105.
18:15:57 | INFO: Draco encoder: Encoding mesh Loose soil particles 0106.
18:15:57 | INFO: Draco encoder: Encoding mesh Loose soil particles 0107.
18:15:57 | INFO: Draco encoder: Encoding mesh Loose soil particles 0108.
18:15:57 | INFO: Draco encoder: Encoding mesh Loose soil particles 0109.
18:15:57 | INFO: Draco encoder: Encoding mesh Loose soil particles 0110.
18:15:57 | INFO: Draco encoder: Encoding mesh Loose soil particles 0111.
18:15:57 | INFO: Draco encoder: Encoding mesh Loose soil particles 0112.
18:15:57 | INFO: Draco encoder: Encoding mesh Loose soil particles 0113.
18:15:57 | INFO: Draco encoder: Encoding mesh Loose soil particles 0114.
18:15:57 | INFO: Draco encoder: Encoding mesh Loose soil particles 0115.
18:15:57 | INFO: Draco encoder: Encoding mesh Loose soil particles 0116.
18:15:57 | INFO: Draco encoder: Encoding mesh Loose soil particles 0117.
18:15:57 | INFO: Draco encoder: Encoding mesh Loose soil particles 0118.
18:15:57 | INFO: Draco encoder: Encoding mesh Loose soil particles 0119.
18:15:57 | INFO: Draco encoder: Encoding mesh Loose soil particles 0120.
18:15:57 | INFO: Draco encoder: Encoding mesh Loose soil particles 0121.
18:15:57 | INFO: Draco encoder: Encoding mesh Loose soil particles 0122.
18:15:57 | INFO: Draco encoder: Encoding mesh Loose soil particles 0123.
18:15:57 | INFO: Draco encoder: Encoding mesh Loose soil particles 0124.
18:15:57 | INFO: Draco encoder: Encoding mesh Loose soil particles 0125.
18:15:57 | INFO: Draco encoder: Encoding mesh Loose soil particles 0126.
18:15:57 | INFO: Draco encoder: Encoding mesh Loose soil particles 0127.
18:15:57 | INFO: Draco encoder: Encoding mesh Loose soil particles 0128.
18:15:57 | INFO: Draco encoder: Encoding mesh Loose soil particles 0129.
18:15:57 | INFO: Draco encoder: Encoding mesh Loose soil particles 0130.
18:15:57 | INFO: Draco encoder: Encoding mesh Loose soil particles 0131.
18:15:57 | INFO: Draco encoder: Encoding mesh Loose soil particles 0132.
18:15:57 | INFO: Draco encoder: Encoding mesh Loose soil particles 0133.
18:15:57 | INFO: Draco encoder: Encoding mesh Loose soil particles 0134.
18:15:57 | INFO: Draco encoder: Encoding mesh Loose soil particles 0135.
18:15:57 | INFO: Draco encoder: Encoding mesh Loose soil particles 0136.
18:15:57 | INFO: Draco encoder: Encoding mesh Loose soil particles 0137.
18:15:57 | INFO: Draco encoder: Encoding mesh Loose soil particles 0138.
18:15:57 | INFO: Draco encoder: Encoding mesh Loose soil particles 0139.
18:15:57 | INFO: Draco encoder: Encoding mesh Loose soil particles 0140.
18:15:57 | INFO: Draco encoder: Encoding mesh Loose soil particles 0141.
18:15:57 | INFO: Draco encoder: Encoding mesh Loose soil particles 0142.
18:15:57 | INFO: Draco encoder: Encoding mesh Loose soil particles 0143.
18:15:57 | INFO: Draco encoder: Encoding mesh Loose soil particles 0144.
18:15:57 | INFO: Draco encoder: Encoding mesh Loose soil particles 0145.
18:15:57 | INFO: Draco encoder: Encoding mesh Loose soil particles 0146.
18:15:57 | INFO: Draco encoder: Encoding mesh Loose soil particles 0147.
18:15:57 | INFO: Draco encoder: Encoding mesh Loose soil particles 0148.
18:15:57 | INFO: Draco encoder: Encoding mesh Loose soil particles 0149.
18:15:57 | INFO: Draco encoder: Encoding mesh Loose soil particles 0150.
18:15:57 | INFO: Draco encoder: Encoding mesh Loose soil particles 0151.
18:15:57 | INFO: Draco encoder: Encoding mesh Loose soil particles 0152.
18:15:57 | INFO: Draco encoder: Encoding mesh Loose soil particles 0153.
18:15:57 | INFO: Draco encoder: Encoding mesh Loose soil particles 0154.
18:15:57 | INFO: Draco encoder: Encoding mesh Loose soil particles 0155.
18:15:57 | INFO: Draco encoder: Encoding mesh Loose soil particles 0156.
18:15:57 | INFO: Draco encoder: Encoding mesh Loose soil particles 0157.
18:15:57 | INFO: Draco encoder: Encoding mesh Loose soil particles 0158.
18:15:57 | INFO: Draco encoder: Encoding mesh Loose soil particles 0159.
18:15:57 | INFO: Draco encoder: Encoding mesh Loose soil particles 0160.
18:15:57 | INFO: Draco encoder: Encoding mesh Loose soil particles 0161.
18:15:57 | INFO: Draco encoder: Encoding mesh Loose soil particles 0162.
18:15:57 | INFO: Draco encoder: Encoding mesh Loose soil particles 0163.
18:15:57 | INFO: Draco encoder: Encoding mesh Loose soil particles 0164.
18:15:57 | INFO: Draco encoder: Encoding mesh Loose soil particles 0165.
18:15:57 | INFO: Draco encoder: Encoding mesh Loose soil particles 0166.
18:15:57 | INFO: Draco encoder: Encoding mesh Loose soil particles 0167.
18:15:57 | INFO: Draco encoder: Encoding mesh Loose soil particles 0168.
18:15:57 | INFO: Draco encoder: Encoding mesh Loose soil particles 0169.
18:15:57 | INFO: Draco encoder: Encoding mesh Loose soil particles 0170.
18:15:57 | INFO: Draco encoder: Encoding mesh Loose soil particles 0171.
18:15:57 | INFO: Draco encoder: Encoding mesh Loose soil particles 0172.
18:15:57 | INFO: Draco encoder: Encoding mesh Loose soil particles 0173.
18:15:57 | INFO: Draco encoder: Encoding mesh Loose soil particles 0174.
18:15:57 | INFO: Draco encoder: Encoding mesh Loose soil particles 0175.
18:15:57 | INFO: Draco encoder: Encoding mesh Loose soil particles 0176.
18:15:57 | INFO: Draco encoder: Encoding mesh Loose soil particles 0177.
18:15:57 | INFO: Draco encoder: Encoding mesh Loose soil particles 0178.
18:15:57 | INFO: Draco encoder: Encoding mesh Loose soil particles 0179.
18:15:57 | INFO: Draco encoder: Encoding mesh Loose soil particles 0180.
18:15:57 | INFO: Draco encoder: Encoding mesh Loose soil particles 0181.
18:15:57 | INFO: Draco encoder: Encoding mesh Loose soil particles 0182.
18:15:57 | INFO: Draco encoder: Encoding mesh Loose soil particles 0183.
18:15:57 | INFO: Draco encoder: Encoding mesh Loose soil particles 0184.
18:15:57 | INFO: Draco encoder: Encoding mesh Loose soil particles 0185.
18:15:57 | INFO: Draco encoder: Encoding mesh Loose soil particles 0186.
18:15:57 | INFO: Draco encoder: Encoding mesh Loose soil particles 0187.
18:15:57 | INFO: Draco encoder: Encoding mesh Loose soil particles 0188.
18:15:57 | INFO: Draco encoder: Encoding mesh Loose soil particles 0189.
18:15:57 | INFO: Draco encoder: Encoding mesh Loose soil particles 0190.
18:15:57 | INFO: Draco encoder: Encoding mesh Loose soil particles 0191.
18:15:57 | INFO: Draco encoder: Encoding mesh Loose soil particles 0192.
18:15:57 | INFO: Draco encoder: Encoding mesh Loose soil particles 0193.
18:15:57 | INFO: Draco encoder: Encoding mesh Loose soil particles 0194.
18:15:57 | INFO: Draco encoder: Encoding mesh Loose soil particles 0195.
18:15:57 | INFO: Draco encoder: Encoding mesh Loose soil particles 0196.
18:15:57 | INFO: Draco encoder: Encoding mesh Loose soil particles 0197.
18:15:57 | INFO: Draco encoder: Encoding mesh Loose soil particles 0198.
18:15:57 | INFO: Draco encoder: Encoding mesh Loose soil particles 0199.
18:15:57 | INFO: Draco encoder: Encoding mesh Loose soil particles 0200.
18:15:57 | INFO: Draco encoder: Encoding mesh Loose soil particles 0201.
18:15:57 | INFO: Draco encoder: Encoding mesh Loose soil particles 0202.
18:15:57 | INFO: Draco encoder: Encoding mesh Loose soil particles 0203.
18:15:57 | INFO: Draco encoder: Encoding mesh Loose soil particles 0204.
18:15:57 | INFO: Draco encoder: Encoding mesh Loose soil particles 0205.
18:15:57 | INFO: Draco encoder: Encoding mesh Loose soil particles 0206.
18:15:57 | INFO: Draco encoder: Encoding mesh Loose soil particles 0207.
18:15:57 | INFO: Draco encoder: Encoding mesh Loose soil particles 0208.
18:15:57 | INFO: Draco encoder: Encoding mesh Loose soil particles 0209.
18:15:57 | INFO: Draco encoder: Encoding mesh Loose soil particles 0210.
18:15:57 | INFO: Draco encoder: Encoding mesh Loose soil particles 0211.
18:15:57 | INFO: Draco encoder: Encoding mesh Loose soil particles 0212.
18:15:57 | INFO: Draco encoder: Encoding mesh Loose soil particles 0213.
18:15:57 | INFO: Draco encoder: Encoding mesh Loose soil particles 0214.
18:15:57 | INFO: Draco encoder: Encoding mesh Loose soil particles 0215.
18:15:57 | INFO: Draco encoder: Encoding mesh Loose soil particles 0216.
18:15:57 | INFO: Draco encoder: Encoding mesh Loose soil particles 0217.
18:15:57 | INFO: Draco encoder: Encoding mesh Loose soil particles 0218.
18:15:57 | INFO: Draco encoder: Encoding mesh Loose soil particles 0219.
18:15:57 | INFO: Draco encoder: Encoding mesh Loose soil particles 0220.
18:15:57 | INFO: Draco encoder: Encoding mesh Loose soil particles 0221.
18:15:57 | INFO: Draco encoder: Encoding mesh Loose soil particles 0222.
18:15:57 | INFO: Draco encoder: Encoding mesh Loose soil particles 0223.
18:15:57 | INFO: Draco encoder: Encoding mesh Loose soil particles 0224.
18:15:57 | INFO: Draco encoder: Encoding mesh Loose soil particles 0225.
18:15:57 | INFO: Draco encoder: Encoding mesh Loose soil particles 0226.
18:15:57 | INFO: Draco encoder: Encoding mesh Loose soil particles 0227.
18:15:57 | INFO: Draco encoder: Encoding mesh Loose soil particles 0228.
18:15:57 | INFO: Draco encoder: Encoding mesh Loose soil particles 0229.
18:15:57 | INFO: Draco encoder: Encoding mesh Loose soil particles 0230.
18:15:57 | INFO: Draco encoder: Encoding mesh Loose soil particles 0231.
18:15:57 | INFO: Draco encoder: Encoding mesh Loose soil particles 0232.
18:15:57 | INFO: Draco encoder: Encoding mesh Loose soil particles 0233.
18:15:57 | INFO: Draco encoder: Encoding mesh Loose soil particles 0234.
18:15:57 | INFO: Draco encoder: Encoding mesh Loose soil particles 0235.
18:15:57 | INFO: Draco encoder: Encoding mesh Loose soil particles 0236.
18:15:57 | INFO: Draco encoder: Encoding mesh Loose soil particles 0237.
18:15:57 | INFO: Draco encoder: Encoding mesh Loose soil particles 0238.
18:15:57 | INFO: Draco encoder: Encoding mesh Loose soil particles 0239.
18:15:57 | INFO: Draco encoder: Encoding mesh Loose soil particles 0240.
18:15:57 | INFO: Draco encoder: Encoding mesh Loose soil particles 0241.
18:15:57 | INFO: Draco encoder: Encoding mesh Loose soil particles 0242.
18:15:57 | INFO: Draco encoder: Encoding mesh Loose soil particles 0243.
18:15:57 | INFO: Draco encoder: Encoding mesh Loose soil particles 0244.
18:15:57 | INFO: Draco encoder: Encoding mesh Loose soil particles 0245.
18:15:57 | INFO: Draco encoder: Encoding mesh Loose soil particles 0246.
18:15:57 | INFO: Draco encoder: Encoding mesh Loose soil particles 0247.
18:15:57 | INFO: Draco encoder: Encoding mesh Loose soil particles 0248.
18:15:57 | INFO: Draco encoder: Encoding mesh Loose soil particles 0249.
18:15:57 | INFO: Draco encoder: Encoding mesh Loose soil particles 0250.
18:15:57 | INFO: Draco encoder: Encoding mesh Loose soil particles 0251.
18:15:57 | INFO: Draco encoder: Encoding mesh Loose soil particles 0252.
18:15:57 | INFO: Draco encoder: Encoding mesh Loose soil particles 0253.
18:15:57 | INFO: Draco encoder: Encoding mesh Loose soil particles 0254.
18:15:57 | INFO: Draco encoder: Encoding mesh Loose soil particles 0255.
18:15:57 | INFO: Draco encoder: Encoding mesh Loose soil particles 0256.
18:15:57 | INFO: Draco encoder: Encoding mesh Loose soil particles 0257.
18:15:57 | INFO: Draco encoder: Encoding mesh Loose soil particles 0258.
18:15:57 | INFO: Draco encoder: Encoding mesh Loose soil particles 0259.
18:15:57 | INFO: Draco encoder: Encoding mesh Loose soil particles 0260.
18:15:57 | INFO: Draco encoder: Encoding mesh Loose soil particles 0261.
18:15:57 | INFO: Draco encoder: Encoding mesh Loose soil particles 0262.
18:15:57 | INFO: Draco encoder: Encoding mesh Loose soil particles 0263.
18:15:57 | INFO: Draco encoder: Encoding mesh Loose soil particles 0264.
18:15:57 | INFO: Draco encoder: Encoding mesh Loose soil particles 0265.
18:15:57 | INFO: Draco encoder: Encoding mesh Loose soil particles 0266.
18:15:57 | INFO: Draco encoder: Encoding mesh Loose soil particles 0267.
18:15:57 | INFO: Draco encoder: Encoding mesh Loose soil particles 0268.
18:15:57 | INFO: Draco encoder: Encoding mesh Loose soil particles 0269.
18:15:57 | INFO: Draco encoder: Encoding mesh Loose soil particles 0270.
18:15:57 | INFO: Draco encoder: Encoding mesh Loose soil particles 0271.
18:15:57 | INFO: Draco encoder: Encoding mesh Loose soil particles 0272.
18:15:57 | INFO: Draco encoder: Encoding mesh Loose soil particles 0273.
18:15:57 | INFO: Draco encoder: Encoding mesh Loose soil particles 0274.
18:15:57 | INFO: Draco encoder: Encoding mesh Loose soil particles 0275.
18:15:57 | INFO: Draco encoder: Encoding mesh Loose soil particles 0276.
18:15:57 | INFO: Draco encoder: Encoding mesh Loose soil particles 0277.
18:15:57 | INFO: Draco encoder: Encoding mesh Loose soil particles 0278.
18:15:57 | INFO: Draco encoder: Encoding mesh Loose soil particles 0279.
18:15:57 | INFO: Draco encoder: Encoding mesh Loose soil particles 0280.
18:15:57 | INFO: Draco encoder: Encoding mesh Loose soil particles 0281.
18:15:57 | INFO: Draco encoder: Encoding mesh Loose soil particles 0282.
18:15:57 | INFO: Draco encoder: Encoding mesh Loose soil particles 0283.
18:15:57 | INFO: Draco encoder: Encoding mesh Loose soil particles 0284.
18:15:57 | INFO: Draco encoder: Encoding mesh Loose soil particles 0285.
18:15:57 | INFO: Draco encoder: Encoding mesh Loose soil particles 0286.
18:15:57 | INFO: Draco encoder: Encoding mesh Loose soil particles 0287.
18:15:57 | INFO: Draco encoder: Encoding mesh Loose soil particles 0288.
18:15:57 | INFO: Draco encoder: Encoding mesh Loose soil particles 0289.
18:15:57 | INFO: Draco encoder: Encoding mesh Loose soil particles 0290.
18:15:57 | INFO: Draco encoder: Encoding mesh Loose soil particles 0291.
18:15:57 | INFO: Draco encoder: Encoding mesh Loose soil particles 0292.
18:15:57 | INFO: Draco encoder: Encoding mesh Loose soil particles 0293.
18:15:57 | INFO: Draco encoder: Encoding mesh Loose soil particles 0294.
18:15:57 | INFO: Draco encoder: Encoding mesh Loose soil particles 0295.
18:15:57 | INFO: Draco encoder: Encoding mesh Loose soil particles 0296.
18:15:57 | INFO: Draco encoder: Encoding mesh Loose soil particles 0297.
18:15:57 | INFO: Draco encoder: Encoding mesh Loose soil particles 0298.
18:15:57 | INFO: Draco encoder: Encoding mesh Loose soil particles 0299.
18:15:57 | INFO: Draco encoder: Encoding mesh Loose soil particles 0300.
18:15:57 | INFO: Draco encoder: Encoding mesh Loose soil particles 0301.
18:15:57 | INFO: Draco encoder: Encoding mesh Loose soil particles 0302.
18:15:57 | INFO: Draco encoder: Encoding mesh Loose soil particles 0303.
18:15:57 | INFO: Draco encoder: Encoding mesh Loose soil particles 0304.
18:15:57 | INFO: Draco encoder: Encoding mesh Loose soil particles 0305.
18:15:57 | INFO: Draco encoder: Encoding mesh Loose soil particles 0306.
18:15:57 | INFO: Draco encoder: Encoding mesh Loose soil particles 0307.
18:15:57 | INFO: Draco encoder: Encoding mesh Loose soil particles 0308.
18:15:57 | INFO: Draco encoder: Encoding mesh Loose soil particles 0309.
18:15:57 | INFO: Draco encoder: Encoding mesh Loose soil particles 0310.
18:15:57 | INFO: Draco encoder: Encoding mesh Loose soil particles 0311.
18:15:57 | INFO: Draco encoder: Encoding mesh Loose soil particles 0312.
18:15:57 | INFO: Draco encoder: Encoding mesh Loose soil particles 0313.
18:15:57 | INFO: Draco encoder: Encoding mesh Loose soil particles 0314.
18:15:57 | INFO: Draco encoder: Encoding mesh Loose soil particles 0315.
18:15:57 | INFO: Draco encoder: Encoding mesh Loose soil particles 0316.
18:15:57 | INFO: Draco encoder: Encoding mesh Loose soil particles 0317.
18:15:57 | INFO: Draco encoder: Encoding mesh Loose soil particles 0318.
18:15:57 | INFO: Draco encoder: Encoding mesh Loose soil particles 0319.
18:15:57 | INFO: Draco encoder: Encoding mesh Loose soil particles 0320.
18:15:57 | INFO: Draco encoder: Encoding mesh Loose soil particles 0321.
18:15:57 | INFO: Draco encoder: Encoding mesh Loose soil particles 0322.
18:15:57 | INFO: Draco encoder: Encoding mesh Loose soil particles 0323.
18:15:57 | INFO: Draco encoder: Encoding mesh Loose soil particles 0324.
18:15:57 | INFO: Draco encoder: Encoding mesh Loose soil particles 0325.
18:15:57 | INFO: Draco encoder: Encoding mesh Loose soil particles 0326.
18:15:57 | INFO: Draco encoder: Encoding mesh Loose soil particles 0327.
18:15:57 | INFO: Draco encoder: Encoding mesh Loose soil particles 0328.
18:15:57 | INFO: Draco encoder: Encoding mesh Loose soil particles 0329.
18:15:57 | INFO: Draco encoder: Encoding mesh Loose soil particles 0330.
18:15:57 | INFO: Draco encoder: Encoding mesh Loose soil particles 0331.
18:15:57 | INFO: Draco encoder: Encoding mesh Loose soil particles 0332.
18:15:57 | INFO: Draco encoder: Encoding mesh Loose soil particles 0333.
18:15:57 | INFO: Draco encoder: Encoding mesh Loose soil particles 0334.
18:15:57 | INFO: Draco encoder: Encoding mesh Loose soil particles 0335.
18:15:57 | INFO: Draco encoder: Encoding mesh Loose soil particles 0336.
18:15:57 | INFO: Draco encoder: Encoding mesh Loose soil particles 0337.
18:15:57 | INFO: Draco encoder: Encoding mesh Loose soil particles 0338.
18:15:57 | INFO: Draco encoder: Encoding mesh Loose soil particles 0339.
18:15:57 | INFO: Draco encoder: Encoding mesh Loose soil particles 0340.
18:15:57 | INFO: Draco encoder: Encoding mesh Loose soil particles 0341.
18:15:57 | INFO: Draco encoder: Encoding mesh Loose soil particles 0342.
18:15:57 | INFO: Draco encoder: Encoding mesh Loose soil particles 0343.
18:15:57 | INFO: Draco encoder: Encoding mesh Loose soil particles 0344.
18:15:57 | INFO: Draco encoder: Encoding mesh Loose soil particles 0345.
18:15:57 | INFO: Draco encoder: Encoding mesh Loose soil particles 0346.
18:15:57 | INFO: Draco encoder: Encoding mesh Loose soil particles 0347.
18:15:57 | INFO: Draco encoder: Encoding mesh Loose soil particles 0348.
18:15:57 | INFO: Draco encoder: Encoding mesh Loose soil particles 0349.
18:15:57 | INFO: Draco encoder: Encoding mesh Loose soil particles 0350.
18:15:57 | INFO: Draco encoder: Encoding mesh Loose soil particles 0351.
18:15:57 | INFO: Draco encoder: Encoding mesh Loose soil particles 0352.
18:15:57 | INFO: Draco encoder: Encoding mesh Loose soil particles 0353.
18:15:57 | INFO: Draco encoder: Encoding mesh Loose soil particles 0354.
18:15:57 | INFO: Draco encoder: Encoding mesh Loose soil particles 0355.
18:15:57 | INFO: Draco encoder: Encoding mesh Loose soil particles 0356.
18:15:57 | INFO: Draco encoder: Encoding mesh Loose soil particles 0357.
18:15:57 | INFO: Draco encoder: Encoding mesh Loose soil particles 0358.
18:15:57 | INFO: Draco encoder: Encoding mesh Loose soil particles 0359.
18:15:57 | INFO: Draco encoder: Encoding mesh Loose soil particles 0360.
18:15:57 | INFO: Draco encoder: Encoding mesh Loose soil particles 0361.
18:15:57 | INFO: Draco encoder: Encoding mesh Loose soil particles 0362.
18:15:57 | INFO: Draco encoder: Encoding mesh Loose soil particles 0363.
18:15:57 | INFO: Draco encoder: Encoding mesh Loose soil particles 0364.
18:15:57 | INFO: Draco encoder: Encoding mesh Loose soil particles 0365.
18:15:57 | INFO: Draco encoder: Encoding mesh Loose soil particles 0366.
18:15:57 | INFO: Draco encoder: Encoding mesh Loose soil particles 0367.
18:15:57 | INFO: Draco encoder: Encoding mesh Loose soil particles 0368.
18:15:57 | INFO: Draco encoder: Encoding mesh Loose soil particles 0369.
18:15:57 | INFO: Draco encoder: Encoding mesh Loose soil particles 0370.
18:15:57 | INFO: Draco encoder: Encoding mesh Loose soil particles 0371.
18:15:57 | INFO: Draco encoder: Encoding mesh Loose soil particles 0372.
18:15:57 | INFO: Draco encoder: Encoding mesh Loose soil particles 0373.
18:15:57 | INFO: Draco encoder: Encoding mesh Loose soil particles 0374.
18:15:57 | INFO: Draco encoder: Encoding mesh Loose soil particles 0375.
18:15:57 | INFO: Draco encoder: Encoding mesh Loose soil particles 0376.
18:15:57 | INFO: Draco encoder: Encoding mesh Loose soil particles 0377.
18:15:57 | INFO: Draco encoder: Encoding mesh Loose soil particles 0378.
18:15:57 | INFO: Draco encoder: Encoding mesh Loose soil particles 0379.
18:15:57 | INFO: Draco encoder: Encoding mesh Loose soil particles 0380.
18:15:57 | INFO: Draco encoder: Encoding mesh Loose soil particles 0381.
18:15:57 | INFO: Draco encoder: Encoding mesh Loose soil particles 0382.
18:15:57 | INFO: Draco encoder: Encoding mesh Loose soil particles 0383.
18:15:57 | INFO: Draco encoder: Encoding mesh Loose soil particles 0384.
18:15:57 | INFO: Draco encoder: Encoding mesh Loose soil particles 0385.
18:15:57 | INFO: Draco encoder: Encoding mesh Loose soil particles 0386.
18:15:57 | INFO: Draco encoder: Encoding mesh Loose soil particles 0387.
18:15:57 | INFO: Draco encoder: Encoding mesh Loose soil particles 0388.
18:15:57 | INFO: Draco encoder: Encoding mesh Loose soil particles 0389.
18:15:57 | INFO: Draco encoder: Encoding mesh Loose soil particles 0390.
18:15:57 | INFO: Draco encoder: Encoding mesh Loose soil particles 0391.
18:15:57 | INFO: Draco encoder: Encoding mesh Loose soil particles 0392.
18:15:57 | INFO: Draco encoder: Encoding mesh Loose soil particles 0393.
18:15:57 | INFO: Draco encoder: Encoding mesh Loose soil particles 0394.
18:15:57 | INFO: Draco encoder: Encoding mesh Loose soil particles 0395.
18:15:57 | INFO: Draco encoder: Encoding mesh Loose soil particles 0396.
18:15:57 | INFO: Draco encoder: Encoding mesh Loose soil particles 0397.
18:15:57 | INFO: Draco encoder: Encoding mesh Loose soil particles 0398.
18:15:57 | INFO: Draco encoder: Encoding mesh Loose soil particles 0399.
18:15:57 | INFO: Draco encoder: Encoding mesh Loose soil particles 0400.
18:15:57 | INFO: Draco encoder: Encoding mesh Loose soil particles 0401.
18:15:57 | INFO: Draco encoder: Encoding mesh Loose soil particles 0402.
18:15:57 | INFO: Draco encoder: Encoding mesh Loose soil particles 0403.
18:15:57 | INFO: Draco encoder: Encoding mesh Loose soil particles 0404.
18:15:57 | INFO: Draco encoder: Encoding mesh Loose soil particles 0405.
18:15:57 | INFO: Draco encoder: Encoding mesh Loose soil particles 0406.
18:15:57 | INFO: Draco encoder: Encoding mesh Loose soil particles 0407.
18:15:57 | INFO: Draco encoder: Encoding mesh Loose soil particles 0408.
18:15:57 | INFO: Draco encoder: Encoding mesh Loose soil particles 0409.
18:15:57 | INFO: Draco encoder: Encoding mesh Loose soil particles 0410.
18:15:57 | INFO: Draco encoder: Encoding mesh Loose soil particles 0411.
18:15:57 | INFO: Draco encoder: Encoding mesh Loose soil particles 0412.
18:15:57 | INFO: Draco encoder: Encoding mesh Loose soil particles 0413.
18:15:57 | INFO: Draco encoder: Encoding mesh Loose soil particles 0414.
18:15:57 | INFO: Draco encoder: Encoding mesh Loose soil particles 0415.
18:15:57 | INFO: Draco encoder: Encoding mesh Loose soil particles 0416.
18:15:57 | INFO: Draco encoder: Encoding mesh Loose soil particles 0417.
18:15:57 | INFO: Draco encoder: Encoding mesh Loose soil particles 0418.
18:15:57 | INFO: Draco encoder: Encoding mesh Loose soil particles 0419.
18:15:57 | INFO: Draco encoder: Encoding mesh Loose soil particles 0420.
18:15:57 | INFO: Draco encoder: Encoding mesh Loose soil particles 0421.
18:15:57 | INFO: Draco encoder: Encoding mesh Loose soil particles 0422.
18:15:57 | INFO: Draco encoder: Encoding mesh Loose soil particles 0423.
18:15:57 | INFO: Draco encoder: Encoding mesh Loose soil particles 0424.
18:15:57 | INFO: Draco encoder: Encoding mesh Loose soil particles 0425.
18:15:57 | INFO: Draco encoder: Encoding mesh Loose soil particles 0426.
18:15:57 | INFO: Draco encoder: Encoding mesh Loose soil particles 0427.
18:15:57 | INFO: Draco encoder: Encoding mesh Loose soil particles 0428.
18:15:57 | INFO: Draco encoder: Encoding mesh Loose soil particles 0429.
18:15:57 | INFO: Draco encoder: Encoding mesh Loose soil particles 0430.
18:15:57 | INFO: Draco encoder: Encoding mesh Loose soil particles 0431.
18:15:57 | INFO: Draco encoder: Encoding mesh Loose soil particles 0432.
18:15:57 | INFO: Draco encoder: Encoding mesh Loose soil particles 0433.
18:15:57 | INFO: Draco encoder: Encoding mesh Loose soil particles 0434.
18:15:57 | INFO: Draco encoder: Encoding mesh Loose soil particles 0435.
18:15:57 | INFO: Draco encoder: Encoding mesh Loose soil particles 0436.
18:15:57 | INFO: Draco encoder: Encoding mesh Loose soil particles 0437.
18:15:57 | INFO: Draco encoder: Encoding mesh Loose soil particles 0438.
18:15:57 | INFO: Draco encoder: Encoding mesh Loose soil particles 0439.
18:15:57 | INFO: Draco encoder: Encoding mesh Loose soil particles 0440.
18:15:57 | INFO: Draco encoder: Encoding mesh Loose soil particles 0441.
18:15:57 | INFO: Draco encoder: Encoding mesh Loose soil particles 0442.
18:15:57 | INFO: Draco encoder: Encoding mesh Loose soil particles 0443.
18:15:57 | INFO: Draco encoder: Encoding mesh Loose soil particles 0444.
18:15:57 | INFO: Draco encoder: Encoding mesh Loose soil particles 0445.
18:15:57 | INFO: Draco encoder: Encoding mesh Loose soil particles 0446.
18:15:57 | INFO: Draco encoder: Encoding mesh Loose soil particles 0447.
18:15:57 | INFO: Draco encoder: Encoding mesh Loose soil particles 0448.
18:15:57 | INFO: Draco encoder: Encoding mesh Loose soil particles 0449.
18:15:57 | INFO: Draco encoder: Encoding mesh Loose soil particles 0450.
18:15:57 | INFO: Draco encoder: Encoding mesh Loose soil particles 0451.
18:15:57 | INFO: Draco encoder: Encoding mesh Loose soil particles 0452.
18:15:57 | INFO: Draco encoder: Encoding mesh Loose soil particles 0453.
18:15:57 | INFO: Draco encoder: Encoding mesh Loose soil particles 0454.
18:15:57 | INFO: Draco encoder: Encoding mesh Loose soil particles 0455.
18:15:57 | INFO: Draco encoder: Encoding mesh Loose soil particles 0456.
18:15:57 | INFO: Draco encoder: Encoding mesh Loose soil particles 0457.
18:15:57 | INFO: Draco encoder: Encoding mesh Loose soil particles 0458.
18:15:57 | INFO: Draco encoder: Encoding mesh Loose soil particles 0459.
18:15:57 | INFO: Draco encoder: Encoding mesh Loose soil particles 0460.
18:15:57 | INFO: Draco encoder: Encoding mesh Loose soil particles 0461.
18:15:57 | INFO: Draco encoder: Encoding mesh Loose soil particles 0462.
18:15:57 | INFO: Draco encoder: Encoding mesh Loose soil particles 0463.
18:15:57 | INFO: Draco encoder: Encoding mesh Loose soil particles 0464.
18:15:57 | INFO: Draco encoder: Encoding mesh Loose soil particles 0465.
18:15:57 | INFO: Draco encoder: Encoding mesh Loose soil particles 0466.
18:15:57 | INFO: Draco encoder: Encoding mesh Loose soil particles 0467.
18:15:57 | INFO: Draco encoder: Encoding mesh Loose soil particles 0468.
18:15:57 | INFO: Draco encoder: Encoding mesh Loose soil particles 0469.
18:15:57 | INFO: Draco encoder: Encoding mesh Loose soil particles 0470.
18:15:57 | INFO: Draco encoder: Encoding mesh Loose soil particles 0471.
18:15:57 | INFO: Draco encoder: Encoding mesh Loose soil particles 0472.
18:15:57 | INFO: Draco encoder: Encoding mesh Loose soil particles 0473.
18:15:57 | INFO: Draco encoder: Encoding mesh Loose soil particles 0474.
18:15:57 | INFO: Draco encoder: Encoding mesh Loose soil particles 0475.
18:15:57 | INFO: Draco encoder: Encoding mesh Loose soil particles 0476.
18:15:57 | INFO: Draco encoder: Encoding mesh Loose soil particles 0477.
18:15:57 | INFO: Draco encoder: Encoding mesh Loose soil particles 0478.
18:15:57 | INFO: Draco encoder: Encoding mesh Loose soil particles 0479.
18:15:57 | INFO: Draco encoder: Encoding mesh Loose soil particles 0480.
18:15:57 | INFO: Draco encoder: Encoding mesh Loose soil particles 0481.
18:15:57 | INFO: Draco encoder: Encoding mesh Loose soil particles 0482.
18:15:57 | INFO: Draco encoder: Encoding mesh Loose soil particles 0483.
18:15:57 | INFO: Draco encoder: Encoding mesh Loose soil particles 0484.
18:15:57 | INFO: Draco encoder: Encoding mesh Loose soil particles 0485.
18:15:57 | INFO: Draco encoder: Encoding mesh Loose soil particles 0486.
18:15:57 | INFO: Draco encoder: Encoding mesh Loose soil particles 0487.
18:15:57 | INFO: Draco encoder: Encoding mesh Loose soil particles 0488.
18:15:57 | INFO: Draco encoder: Encoding mesh Loose soil particles 0489.
18:15:57 | INFO: Draco encoder: Encoding mesh Loose soil particles 0490.
18:15:57 | INFO: Draco encoder: Encoding mesh Loose soil particles 0491.
18:15:57 | INFO: Draco encoder: Encoding mesh Loose soil particles 0492.
18:15:57 | INFO: Draco encoder: Encoding mesh Loose soil particles 0493.
18:15:57 | INFO: Draco encoder: Encoding mesh Loose soil particles 0494.
18:15:57 | INFO: Draco encoder: Encoding mesh Loose soil particles 0495.
18:15:57 | INFO: Draco encoder: Encoding mesh Loose soil particles 0496.
18:15:57 | INFO: Draco encoder: Encoding mesh Loose soil particles 0497.
18:15:57 | INFO: Draco encoder: Encoding mesh Loose soil particles 0498.
18:15:57 | INFO: Draco encoder: Encoding mesh Loose soil particles 0499.
18:15:57 | INFO: Draco encoder: Encoding mesh Loose soil particles 0500.
18:15:57 | INFO: Draco encoder: Encoding mesh Loose soil particles 0501.
18:15:57 | INFO: Draco encoder: Encoding mesh Loose soil particles 0502.
18:15:57 | INFO: Draco encoder: Encoding mesh Loose soil particles 0503.
18:15:57 | INFO: Draco encoder: Encoding mesh Loose soil particles 0504.
18:15:57 | INFO: Draco encoder: Encoding mesh Loose soil particles 0505.
18:15:57 | INFO: Draco encoder: Encoding mesh Loose soil particles 0506.
18:15:57 | INFO: Draco encoder: Encoding mesh Loose soil particles 0507.
18:15:57 | INFO: Draco encoder: Encoding mesh Loose soil particles 0508.
18:15:57 | INFO: Draco encoder: Encoding mesh Loose soil particles 0509.
18:15:57 | INFO: Draco encoder: Encoding mesh Loose soil particles 0510.
18:15:57 | INFO: Draco encoder: Encoding mesh Loose soil particles 0511.
18:15:57 | INFO: Draco encoder: Encoding mesh Loose soil particles 0512.
18:15:57 | INFO: Draco encoder: Encoding mesh Loose soil particles 0513.
18:15:57 | INFO: Draco encoder: Encoding mesh Loose soil particles 0514.
18:15:57 | INFO: Draco encoder: Encoding mesh Loose soil particles 0515.
18:15:57 | INFO: Draco encoder: Encoding mesh Loose soil particles 0516.
18:15:57 | INFO: Draco encoder: Encoding mesh Loose soil particles 0517.
18:15:57 | INFO: Draco encoder: Encoding mesh Loose soil particles 0518.
18:15:57 | INFO: Draco encoder: Encoding mesh Loose soil particles 0519.
18:15:57 | INFO: Draco encoder: Encoding mesh Loose soil particles 0520.
18:15:57 | INFO: Draco encoder: Encoding mesh Loose soil particles 0521.
18:15:57 | INFO: Draco encoder: Encoding mesh Loose soil particles 0522.
18:15:57 | INFO: Draco encoder: Encoding mesh Loose soil particles 0523.
18:15:57 | INFO: Draco encoder: Encoding mesh Loose soil particles 0524.
18:15:57 | INFO: Draco encoder: Encoding mesh Loose soil particles 0525.
18:15:57 | INFO: Draco encoder: Encoding mesh Loose soil particles 0526.
18:15:57 | INFO: Draco encoder: Encoding mesh Loose soil particles 0527.
18:15:57 | INFO: Draco encoder: Encoding mesh Loose soil particles 0528.
18:15:57 | INFO: Draco encoder: Encoding mesh Loose soil particles 0529.
18:15:57 | INFO: Draco encoder: Encoding mesh Loose soil particles 0530.
18:15:57 | INFO: Draco encoder: Encoding mesh Loose soil particles 0531.
18:15:57 | INFO: Draco encoder: Encoding mesh Loose soil particles 0532.
18:15:57 | INFO: Draco encoder: Encoding mesh Loose soil particles 0533.
18:15:57 | INFO: Draco encoder: Encoding mesh Loose soil particles 0534.
18:15:57 | INFO: Draco encoder: Encoding mesh Loose soil particles 0535.
18:15:57 | INFO: Draco encoder: Encoding mesh Loose soil particles 0536.
18:15:57 | INFO: Draco encoder: Encoding mesh Loose soil particles 0537.
18:15:57 | INFO: Draco encoder: Encoding mesh Loose soil particles 0538.
18:15:57 | INFO: Draco encoder: Encoding mesh Loose soil particles 0539.
18:15:57 | INFO: Draco encoder: Encoding mesh Loose soil particles 0540.
18:15:57 | INFO: Draco encoder: Encoding mesh Loose soil particles 0541.
18:15:57 | INFO: Draco encoder: Encoding mesh Loose soil particles 0542.
18:15:57 | INFO: Draco encoder: Encoding mesh Loose soil particles 0543.
18:15:57 | INFO: Draco encoder: Encoding mesh Loose soil particles 0544.
18:15:57 | INFO: Draco encoder: Encoding mesh Loose soil particles 0545.
18:15:57 | INFO: Draco encoder: Encoding mesh Loose soil particles 0546.
18:15:57 | INFO: Draco encoder: Encoding mesh Loose soil particles 0547.
18:15:57 | INFO: Draco encoder: Encoding mesh Loose soil particles 0548.
18:15:57 | INFO: Draco encoder: Encoding mesh Loose soil particles 0549.
18:15:57 | INFO: Draco encoder: Encoding mesh Loose soil particles 0550.
18:15:57 | INFO: Draco encoder: Encoding mesh Loose soil particles 0551.
18:15:57 | INFO: Draco encoder: Encoding mesh Loose soil particles 0552.
18:15:57 | INFO: Draco encoder: Encoding mesh Loose soil particles 0553.
18:15:57 | INFO: Draco encoder: Encoding mesh Loose soil particles 0554.
18:15:57 | INFO: Draco encoder: Encoding mesh Loose soil particles 0555.
18:15:57 | INFO: Draco encoder: Encoding mesh Loose soil particles 0556.
18:15:57 | INFO: Draco encoder: Encoding mesh Loose soil particles 0557.
18:15:57 | INFO: Draco encoder: Encoding mesh Loose soil particles 0558.
18:15:57 | INFO: Draco encoder: Encoding mesh Loose soil particles 0559.
18:15:57 | INFO: Draco encoder: Encoding mesh Loose soil particles 0560.
18:15:57 | INFO: Draco encoder: Encoding mesh Loose soil particles 0561.
18:15:57 | INFO: Draco encoder: Encoding mesh Loose soil particles 0562.
18:15:57 | INFO: Draco encoder: Encoding mesh Loose soil particles 0563.
18:15:57 | INFO: Draco encoder: Encoding mesh Loose soil particles 0564.
18:15:57 | INFO: Draco encoder: Encoding mesh Loose soil particles 0565.
18:15:57 | INFO: Draco encoder: Encoding mesh Loose soil particles 0566.
18:15:57 | INFO: Draco encoder: Encoding mesh Loose soil particles 0567.
18:15:57 | INFO: Draco encoder: Encoding mesh Loose soil particles 0568.
18:15:57 | INFO: Draco encoder: Encoding mesh Loose soil particles 0569.
18:15:57 | INFO: Draco encoder: Encoding mesh Loose soil particles 0570.
18:15:57 | INFO: Draco encoder: Encoding mesh Loose soil particles 0571.
18:15:57 | INFO: Draco encoder: Encoding mesh Loose soil particles 0572.
18:15:57 | INFO: Draco encoder: Encoding mesh Loose soil particles 0573.
18:15:57 | INFO: Draco encoder: Encoding mesh Loose soil particles 0574.
18:15:57 | INFO: Draco encoder: Encoding mesh Loose soil particles 0575.
18:15:57 | INFO: Draco encoder: Encoding mesh Loose soil particles 0576.
18:15:57 | INFO: Draco encoder: Encoding mesh Loose soil particles 0577.
18:15:57 | INFO: Draco encoder: Encoding mesh Loose soil particles 0578.
18:15:57 | INFO: Draco encoder: Encoding mesh Loose soil particles 0579.
18:15:57 | INFO: Draco encoder: Encoding mesh Loose soil particles 0580.
18:15:57 | INFO: Draco encoder: Encoding mesh Loose soil particles 0581.
18:15:57 | INFO: Draco encoder: Encoding mesh Loose soil particles 0582.
18:15:57 | INFO: Draco encoder: Encoding mesh Loose soil particles 0583.
18:15:57 | INFO: Draco encoder: Encoding mesh Loose soil particles 0584.
18:15:57 | INFO: Draco encoder: Encoding mesh Loose soil particles 0585.
18:15:57 | INFO: Draco encoder: Encoding mesh Loose soil particles 0586.
18:15:57 | INFO: Draco encoder: Encoding mesh Loose soil particles 0587.
18:15:57 | INFO: Draco encoder: Encoding mesh Loose soil particles 0588.
18:15:57 | INFO: Draco encoder: Encoding mesh Loose soil particles 0589.
18:15:57 | INFO: Draco encoder: Encoding mesh Loose soil particles 0590.
18:15:57 | INFO: Draco encoder: Encoding mesh Loose soil particles 0591.
18:15:57 | INFO: Draco encoder: Encoding mesh Loose soil particles 0592.
18:15:57 | INFO: Draco encoder: Encoding mesh Loose soil particles 0593.
18:15:57 | INFO: Draco encoder: Encoding mesh Loose soil particles 0594.
18:15:57 | INFO: Draco encoder: Encoding mesh Loose soil particles 0595.
18:15:57 | INFO: Draco encoder: Encoding mesh Loose soil particles 0596.
18:15:57 | INFO: Draco encoder: Encoding mesh Loose soil particles 0597.
18:15:57 | INFO: Draco encoder: Encoding mesh Loose soil particles 0598.
18:15:57 | INFO: Draco encoder: Encoding mesh Loose soil particles 0599.
18:15:57 | INFO: Draco encoder: Encoding mesh Loose soil particles 0600.
18:15:57 | INFO: Draco encoder: Encoding mesh Loose soil particles 0601.
18:15:57 | INFO: Draco encoder: Encoding mesh Loose soil particles 0602.
18:15:57 | INFO: Draco encoder: Encoding mesh Loose soil particles 0603.
18:15:57 | INFO: Draco encoder: Encoding mesh Loose soil particles 0604.
18:15:57 | INFO: Draco encoder: Encoding mesh Loose soil particles 0605.
18:15:57 | INFO: Draco encoder: Encoding mesh Loose soil particles 0606.
18:15:57 | INFO: Draco encoder: Encoding mesh Loose soil particles 0607.
18:15:57 | INFO: Draco encoder: Encoding mesh Loose soil particles 0608.
18:15:57 | INFO: Draco encoder: Encoding mesh Loose soil particles 0609.
18:15:57 | INFO: Draco encoder: Encoding mesh Loose soil particles 0610.
18:15:57 | INFO: Draco encoder: Encoding mesh Loose soil particles 0611.
18:15:57 | INFO: Draco encoder: Encoding mesh Loose soil particles 0612.
18:15:57 | INFO: Draco encoder: Encoding mesh Loose soil particles 0613.
18:15:57 | INFO: Draco encoder: Encoding mesh Loose soil particles 0614.
18:15:57 | INFO: Draco encoder: Encoding mesh Loose soil particles 0615.
18:15:57 | INFO: Draco encoder: Encoding mesh Loose soil particles 0616.
18:15:57 | INFO: Draco encoder: Encoding mesh Loose soil particles 0617.
18:15:57 | INFO: Draco encoder: Encoding mesh Loose soil particles 0618.
18:15:57 | INFO: Draco encoder: Encoding mesh Loose soil particles 0619.
18:15:57 | INFO: Draco encoder: Encoding mesh Loose soil particles 0620.
18:15:57 | INFO: Draco encoder: Encoding mesh Loose soil particles 0621.
18:15:57 | INFO: Draco encoder: Encoding mesh Loose soil particles 0622.
18:15:57 | INFO: Draco encoder: Encoding mesh Loose soil particles 0623.
18:15:57 | INFO: Draco encoder: Encoding mesh Loose soil particles 0624.
18:15:57 | INFO: Draco encoder: Encoding mesh Loose soil particles 0625.
18:15:57 | INFO: Draco encoder: Encoding mesh Loose soil particles 0626.
18:15:57 | INFO: Draco encoder: Encoding mesh Loose soil particles 0627.
18:15:57 | INFO: Draco encoder: Encoding mesh Loose soil particles 0628.
18:15:57 | INFO: Draco encoder: Encoding mesh Loose soil particles 0629.
18:15:57 | INFO: Draco encoder: Encoding mesh Loose soil particles 0630.
18:15:57 | INFO: Draco encoder: Encoding mesh Loose soil particles 0631.
18:15:57 | INFO: Draco encoder: Encoding mesh Loose soil particles 0632.
18:15:57 | INFO: Draco encoder: Encoding mesh Loose soil particles 0633.
18:15:57 | INFO: Draco encoder: Encoding mesh Loose soil particles 0634.
18:15:57 | INFO: Draco encoder: Encoding mesh Loose soil particles 0635.
18:15:57 | INFO: Draco encoder: Encoding mesh Loose soil particles 0636.
18:15:57 | INFO: Draco encoder: Encoding mesh Loose soil particles 0637.
18:15:57 | INFO: Draco encoder: Encoding mesh Loose soil particles 0638.
18:15:57 | INFO: Draco encoder: Encoding mesh Loose soil particles 0639.
18:15:57 | INFO: Draco encoder: Encoding mesh Loose soil particles 0640.
18:15:57 | INFO: Draco encoder: Encoding mesh Loose soil particles 0641.
18:15:57 | INFO: Draco encoder: Encoding mesh Loose soil particles 0642.
18:15:57 | INFO: Draco encoder: Encoding mesh Loose soil particles 0643.
18:15:57 | INFO: Draco encoder: Encoding mesh Loose soil particles 0644.
18:15:57 | INFO: Draco encoder: Encoding mesh Loose soil particles 0645.
18:15:57 | INFO: Draco encoder: Encoding mesh Loose soil particles 0646.
18:15:57 | INFO: Draco encoder: Encoding mesh Loose soil particles 0647.
18:15:57 | INFO: Draco encoder: Encoding mesh Loose soil particles 0648.
18:15:57 | INFO: Draco encoder: Encoding mesh Loose soil particles 0649.
18:15:57 | INFO: Draco encoder: Encoding mesh Loose soil particles 0650.
18:15:57 | INFO: Draco encoder: Encoding mesh Loose soil particles 0651.
18:15:57 | INFO: Draco encoder: Encoding mesh Loose soil particles 0652.
18:15:57 | INFO: Draco encoder: Encoding mesh Loose soil particles 0653.
18:15:57 | INFO: Draco encoder: Encoding mesh Loose soil particles 0654.
18:15:57 | INFO: Draco encoder: Encoding mesh Loose soil particles 0655.
18:15:57 | INFO: Draco encoder: Encoding mesh Loose soil particles 0656.
18:15:57 | INFO: Draco encoder: Encoding mesh Loose soil particles 0657.
18:15:57 | INFO: Draco encoder: Encoding mesh Loose soil particles 0658.
18:15:57 | INFO: Draco encoder: Encoding mesh Loose soil particles 0659.
18:15:57 | INFO: Draco encoder: Encoding mesh Loose soil particles 0660.
18:15:57 | INFO: Draco encoder: Encoding mesh Loose soil particles 0661.
18:15:57 | INFO: Draco encoder: Encoding mesh Loose soil particles 0662.
18:15:57 | INFO: Draco encoder: Encoding mesh Loose soil particles 0663.
18:15:57 | INFO: Draco encoder: Encoding mesh Loose soil particles 0664.
18:15:57 | INFO: Draco encoder: Encoding mesh Loose soil particles 0665.
18:15:57 | INFO: Draco encoder: Encoding mesh Loose soil particles 0666.
18:15:57 | INFO: Draco encoder: Encoding mesh Loose soil particles 0667.
18:15:57 | INFO: Draco encoder: Encoding mesh Loose soil particles 0668.
18:15:57 | INFO: Draco encoder: Encoding mesh Loose soil particles 0669.
18:15:57 | INFO: Draco encoder: Encoding mesh Loose soil particles 0670.
18:15:57 | INFO: Draco encoder: Encoding mesh Loose soil particles 0671.
18:15:57 | INFO: Draco encoder: Encoding mesh Loose soil particles 0672.
18:15:57 | INFO: Draco encoder: Encoding mesh Loose soil particles 0673.
18:15:57 | INFO: Draco encoder: Encoding mesh Loose soil particles 0674.
18:15:57 | INFO: Draco encoder: Encoding mesh Loose soil particles 0675.
18:15:57 | INFO: Draco encoder: Encoding mesh Loose soil particles 0676.
18:15:57 | INFO: Draco encoder: Encoding mesh Loose soil particles 0677.
18:15:57 | INFO: Draco encoder: Encoding mesh Loose soil particles 0678.
18:15:57 | INFO: Draco encoder: Encoding mesh Loose soil particles 0679.
18:15:57 | INFO: Draco encoder: Encoding mesh Loose soil particles 0680.
18:15:57 | INFO: Draco encoder: Encoding mesh Loose soil particles 0681.
18:15:57 | INFO: Draco encoder: Encoding mesh Loose soil particles 0682.
18:15:57 | INFO: Draco encoder: Encoding mesh Loose soil particles 0683.
18:15:57 | INFO: Draco encoder: Encoding mesh Loose soil particles 0684.
18:15:57 | INFO: Draco encoder: Encoding mesh Loose soil particles 0685.
18:15:57 | INFO: Draco encoder: Encoding mesh Loose soil particles 0686.
18:15:57 | INFO: Draco encoder: Encoding mesh Loose soil particles 0687.
18:15:57 | INFO: Draco encoder: Encoding mesh Loose soil particles 0688.
18:15:57 | INFO: Draco encoder: Encoding mesh Loose soil particles 0689.
18:15:57 | INFO: Draco encoder: Encoding mesh Loose soil particles 0690.
18:15:57 | INFO: Draco encoder: Encoding mesh Loose soil particles 0691.
18:15:57 | INFO: Draco encoder: Encoding mesh Loose soil particles 0692.
18:15:57 | INFO: Draco encoder: Encoding mesh Loose soil particles 0693.
18:15:57 | INFO: Draco encoder: Encoding mesh Loose soil particles 0694.
18:15:57 | INFO: Draco encoder: Encoding mesh Loose soil particles 0695.
18:15:57 | INFO: Draco encoder: Encoding mesh Loose soil particles 0696.
18:15:57 | INFO: Draco encoder: Encoding mesh Loose soil particles 0697.
18:15:57 | INFO: Draco encoder: Encoding mesh Loose soil particles 0698.
18:15:57 | INFO: Draco encoder: Encoding mesh Loose soil particles 0699.
18:15:57 | INFO: Draco encoder: Encoding mesh Loose soil particles 0700.
18:15:57 | INFO: Draco encoder: Encoding mesh Loose soil particles 0701.
18:15:57 | INFO: Draco encoder: Encoding mesh Loose soil particles 0702.
18:15:57 | INFO: Draco encoder: Encoding mesh Loose soil particles 0703.
18:15:57 | INFO: Draco encoder: Encoding mesh Loose soil particles 0704.
18:15:57 | INFO: Draco encoder: Encoding mesh Loose soil particles 0705.
18:15:57 | INFO: Draco encoder: Encoding mesh Loose soil particles 0706.
18:15:57 | INFO: Draco encoder: Encoding mesh Loose soil particles 0707.
18:15:57 | INFO: Draco encoder: Encoding mesh Loose soil particles 0708.
18:15:57 | INFO: Draco encoder: Encoding mesh Loose soil particles 0709.
18:15:57 | INFO: Draco encoder: Encoding mesh Loose soil particles 0710.
18:15:57 | INFO: Draco encoder: Encoding mesh Loose soil particles 0711.
18:15:57 | INFO: Draco encoder: Encoding mesh Loose soil particles 0712.
18:15:57 | INFO: Draco encoder: Encoding mesh Loose soil particles 0713.
18:15:57 | INFO: Draco encoder: Encoding mesh Loose soil particles 0714.
18:15:57 | INFO: Draco encoder: Encoding mesh Loose soil particles 0715.
18:15:57 | INFO: Draco encoder: Encoding mesh Loose soil particles 0716.
18:15:57 | INFO: Draco encoder: Encoding mesh Loose soil particles 0717.
18:15:57 | INFO: Draco encoder: Encoding mesh Loose soil particles 0718.
18:15:57 | INFO: Draco encoder: Encoding mesh Loose soil particles 0719.
18:15:57 | INFO: Draco encoder: Encoding mesh Loose soil particles 0720.
18:15:57 | INFO: Draco encoder: Encoding mesh Loose soil particles 0721.
18:15:57 | INFO: Draco encoder: Encoding mesh Loose soil particles 0722.
18:15:57 | INFO: Draco encoder: Encoding mesh Loose soil particles 0723.
18:15:57 | INFO: Draco encoder: Encoding mesh Loose soil particles 0724.
18:15:57 | INFO: Draco encoder: Encoding mesh Loose soil particles 0725.
18:15:57 | INFO: Draco encoder: Encoding mesh Loose soil particles 0726.
18:15:57 | INFO: Draco encoder: Encoding mesh Loose soil particles 0727.
18:15:57 | INFO: Draco encoder: Encoding mesh Loose soil particles 0728.
18:15:57 | INFO: Draco encoder: Encoding mesh Loose soil particles 0729.
18:15:57 | INFO: Draco encoder: Encoding mesh Loose soil particles 0730.
18:15:57 | INFO: Draco encoder: Encoding mesh Loose soil particles 0731.
18:15:57 | INFO: Draco encoder: Encoding mesh Loose soil particles 0732.
18:15:57 | INFO: Draco encoder: Encoding mesh Loose soil particles 0733.
18:15:57 | INFO: Draco encoder: Encoding mesh Loose soil particles 0734.
18:15:57 | INFO: Draco encoder: Encoding mesh Loose soil particles 0735.
18:15:57 | INFO: Draco encoder: Encoding mesh Loose soil particles 0736.
18:15:57 | INFO: Draco encoder: Encoding mesh Loose soil particles 0737.
18:15:57 | INFO: Draco encoder: Encoding mesh Loose soil particles 0738.
18:15:57 | INFO: Draco encoder: Encoding mesh Loose soil particles 0739.
18:15:57 | INFO: Draco encoder: Encoding mesh Loose soil particles 0740.
18:15:57 | INFO: Draco encoder: Encoding mesh Loose soil particles 0741.
18:15:57 | INFO: Draco encoder: Encoding mesh Loose soil particles 0742.
18:15:57 | INFO: Draco encoder: Encoding mesh Loose soil particles 0743.
18:15:57 | INFO: Draco encoder: Encoding mesh Loose soil particles 0744.
18:15:57 | INFO: Draco encoder: Encoding mesh Loose soil particles 0745.
18:15:57 | INFO: Draco encoder: Encoding mesh Loose soil particles 0746.
18:15:57 | INFO: Draco encoder: Encoding mesh Loose soil particles 0747.
18:15:57 | INFO: Draco encoder: Encoding mesh Loose soil particles 0748.
18:15:57 | INFO: Draco encoder: Encoding mesh Loose soil particles 0749.
18:15:57 | INFO: Draco encoder: Encoding mesh Loose soil particles 0750.
18:15:57 | INFO: Draco encoder: Encoding mesh Loose soil particles 0751.
18:15:57 | INFO: Draco encoder: Encoding mesh Loose soil particles 0752.
18:15:57 | INFO: Draco encoder: Encoding mesh Loose soil particles 0753.
18:15:57 | INFO: Draco encoder: Encoding mesh Loose soil particles 0754.
18:15:57 | INFO: Draco encoder: Encoding mesh Loose soil particles 0755.
18:15:57 | INFO: Draco encoder: Encoding mesh Loose soil particles 0756.
18:15:57 | INFO: Draco encoder: Encoding mesh Loose soil particles 0757.
18:15:57 | INFO: Draco encoder: Encoding mesh Loose soil particles 0758.
18:15:57 | INFO: Draco encoder: Encoding mesh Loose soil particles 0759.
18:15:57 | INFO: Draco encoder: Encoding mesh Loose soil particles 0760.
18:15:57 | INFO: Draco encoder: Encoding mesh Loose soil particles 0761.
18:15:57 | INFO: Draco encoder: Encoding mesh Loose soil particles 0762.
18:15:57 | INFO: Draco encoder: Encoding mesh Loose soil particles 0763.
18:15:57 | INFO: Draco encoder: Encoding mesh Loose soil particles 0764.
18:15:57 | INFO: Draco encoder: Encoding mesh Loose soil particles 0765.
18:15:57 | INFO: Draco encoder: Encoding mesh Loose soil particles 0766.
18:15:57 | INFO: Draco encoder: Encoding mesh Loose soil particles 0767.
18:15:57 | INFO: Draco encoder: Encoding mesh Loose soil particles 0768.
18:15:57 | INFO: Draco encoder: Encoding mesh Loose soil particles 0769.
18:15:57 | INFO: Draco encoder: Encoding mesh Loose soil particles 0770.
18:15:57 | INFO: Draco encoder: Encoding mesh Loose soil particles 0771.
18:15:57 | INFO: Draco encoder: Encoding mesh Loose soil particles 0772.
18:15:57 | INFO: Draco encoder: Encoding mesh Loose soil particles 0773.
18:15:57 | INFO: Draco encoder: Encoding mesh Loose soil particles 0774.
18:15:57 | INFO: Draco encoder: Encoding mesh Loose soil particles 0775.
18:15:57 | INFO: Draco encoder: Encoding mesh Loose soil particles 0776.
18:15:57 | INFO: Draco encoder: Encoding mesh Loose soil particles 0777.
18:15:57 | INFO: Draco encoder: Encoding mesh Loose soil particles 0778.
18:15:57 | INFO: Draco encoder: Encoding mesh Loose soil particles 0779.
18:15:57 | INFO: Draco encoder: Encoding mesh Loose soil particles 0780.
18:15:57 | INFO: Draco encoder: Encoding mesh Loose soil particles 0781.
18:15:57 | INFO: Draco encoder: Encoding mesh Loose soil particles 0782.
18:15:57 | INFO: Draco encoder: Encoding mesh Loose soil particles 0783.
18:15:57 | INFO: Draco encoder: Encoding mesh Loose soil particles 0784.
18:15:57 | INFO: Draco encoder: Encoding mesh Loose soil particles 0785.
18:15:57 | INFO: Draco encoder: Encoding mesh Loose soil particles 0786.
18:15:57 | INFO: Draco encoder: Encoding mesh Loose soil particles 0787.
18:15:57 | INFO: Draco encoder: Encoding mesh Loose soil particles 0788.
18:15:57 | INFO: Draco encoder: Encoding mesh Loose soil particles 0789.
18:15:57 | INFO: Draco encoder: Encoding mesh Loose soil particles 0790.
18:15:57 | INFO: Draco encoder: Encoding mesh Loose soil particles 0791.
18:15:57 | INFO: Draco encoder: Encoding mesh Loose soil particles 0792.
18:15:57 | INFO: Draco encoder: Encoding mesh Loose soil particles 0793.
18:15:57 | INFO: Draco encoder: Encoding mesh Loose soil particles 0794.
18:15:57 | INFO: Draco encoder: Encoding mesh Loose soil particles 0795.
18:15:57 | INFO: Draco encoder: Encoding mesh Loose soil particles 0796.
18:15:57 | INFO: Draco encoder: Encoding mesh Loose soil particles 0797.
18:15:57 | INFO: Draco encoder: Encoding mesh Loose soil particles 0798.
18:15:57 | INFO: Draco encoder: Encoding mesh Loose soil particles 0799.
18:15:57 | INFO: Draco encoder: Encoding mesh Loose soil particles 0800.
18:15:57 | INFO: Draco encoder: Encoding mesh Loose soil particles 0801.
18:15:57 | INFO: Draco encoder: Encoding mesh Loose soil particles 0802.
18:15:57 | INFO: Draco encoder: Encoding mesh Loose soil particles 0803.
18:15:57 | INFO: Draco encoder: Encoding mesh Loose soil particles 0804.
18:15:57 | INFO: Draco encoder: Encoding mesh Loose soil particles 0805.
18:15:57 | INFO: Draco encoder: Encoding mesh Loose soil particles 0806.
18:15:57 | INFO: Draco encoder: Encoding mesh Loose soil particles 0807.
18:15:57 | INFO: Draco encoder: Encoding mesh Loose soil particles 0808.
18:15:57 | INFO: Draco encoder: Encoding mesh Loose soil particles 0809.
18:15:57 | INFO: Draco encoder: Encoding mesh Loose soil particles 0810.
18:15:57 | INFO: Draco encoder: Encoding mesh Loose soil particles 0811.
18:15:57 | INFO: Draco encoder: Encoding mesh Loose soil particles 0812.
18:15:57 | INFO: Draco encoder: Encoding mesh Loose soil particles 0813.
18:15:57 | INFO: Draco encoder: Encoding mesh Loose soil particles 0814.
18:15:57 | INFO: Draco encoder: Encoding mesh Loose soil particles 0815.
18:15:57 | INFO: Draco encoder: Encoding mesh Loose soil particles 0816.
18:15:57 | INFO: Draco encoder: Encoding mesh Loose soil particles 0817.
18:15:57 | INFO: Draco encoder: Encoding mesh Loose soil particles 0818.
18:15:57 | INFO: Draco encoder: Encoding mesh Loose soil particles 0819.
18:15:57 | INFO: Draco encoder: Encoding mesh Loose soil particles 0820.
18:15:57 | INFO: Draco encoder: Encoding mesh Loose soil particles 0821.
18:15:57 | INFO: Draco encoder: Encoding mesh Loose soil particles 0822.
18:15:57 | INFO: Draco encoder: Encoding mesh Loose soil particles 0823.
18:15:57 | INFO: Draco encoder: Encoding mesh Loose soil particles 0824.
18:15:57 | INFO: Draco encoder: Encoding mesh Loose soil particles 0825.
18:15:57 | INFO: Draco encoder: Encoding mesh Loose soil particles 0826.
18:15:57 | INFO: Draco encoder: Encoding mesh Loose soil particles 0827.
18:15:57 | INFO: Draco encoder: Encoding mesh Loose soil particles 0828.
18:15:57 | INFO: Draco encoder: Encoding mesh Loose soil particles 0829.
18:15:57 | INFO: Draco encoder: Encoding mesh Loose soil particles 0830.
18:15:57 | INFO: Draco encoder: Encoding mesh Loose soil particles 0831.
18:15:57 | INFO: Draco encoder: Encoding mesh Loose soil particles 0832.
18:15:57 | INFO: Draco encoder: Encoding mesh Loose soil particles 0833.
18:15:57 | INFO: Draco encoder: Encoding mesh Loose soil particles 0834.
18:15:57 | INFO: Draco encoder: Encoding mesh Loose soil particles 0835.
18:15:57 | INFO: Draco encoder: Encoding mesh Loose soil particles 0836.
18:15:57 | INFO: Draco encoder: Encoding mesh Loose soil particles 0837.
18:15:57 | INFO: Draco encoder: Encoding mesh Loose soil particles 0838.
18:15:57 | INFO: Draco encoder: Encoding mesh Loose soil particles 0839.
18:15:57 | INFO: Draco encoder: Encoding mesh Loose soil particles 0840.
18:15:57 | INFO: Draco encoder: Encoding mesh Loose soil particles 0841.
18:15:57 | INFO: Draco encoder: Encoding mesh Loose soil particles 0842.
18:15:57 | INFO: Draco encoder: Encoding mesh Loose soil particles 0843.
18:15:57 | INFO: Draco encoder: Encoding mesh Loose soil particles 0844.
18:15:57 | INFO: Draco encoder: Encoding mesh Loose soil particles 0845.
18:15:57 | INFO: Draco encoder: Encoding mesh Loose soil particles 0846.
18:15:57 | INFO: Draco encoder: Encoding mesh Loose soil particles 0847.
18:15:57 | INFO: Draco encoder: Encoding mesh Loose soil particles 0848.
18:15:57 | INFO: Draco encoder: Encoding mesh Loose soil particles 0849.
18:15:57 | INFO: Draco encoder: Encoding mesh Loose soil particles 0850.
18:15:57 | INFO: Draco encoder: Encoding mesh Loose soil particles 0851.
18:15:57 | INFO: Draco encoder: Encoding mesh Loose soil particles 0852.
18:15:57 | INFO: Draco encoder: Encoding mesh Loose soil particles 0853.
18:15:57 | INFO: Draco encoder: Encoding mesh Loose soil particles 0854.
18:15:57 | INFO: Draco encoder: Encoding mesh Loose soil particles 0855.
18:15:57 | INFO: Draco encoder: Encoding mesh Loose soil particles 0856.
18:15:57 | INFO: Draco encoder: Encoding mesh Loose soil particles 0857.
18:15:57 | INFO: Draco encoder: Encoding mesh Loose soil particles 0858.
18:15:57 | INFO: Draco encoder: Encoding mesh Loose soil particles 0859.
18:15:57 | INFO: Draco encoder: Encoding mesh Loose soil particles 0860.
18:15:57 | INFO: Draco encoder: Encoding mesh Loose soil particles 0861.
18:15:57 | INFO: Draco encoder: Encoding mesh Loose soil particles 0862.
18:15:57 | INFO: Draco encoder: Encoding mesh Loose soil particles 0863.
18:15:57 | INFO: Draco encoder: Encoding mesh Loose soil particles 0864.
18:15:57 | INFO: Draco encoder: Encoding mesh Loose soil particles 0865.
18:15:57 | INFO: Draco encoder: Encoding mesh Loose soil particles 0866.
18:15:57 | INFO: Draco encoder: Encoding mesh Loose soil particles 0867.
18:15:57 | INFO: Draco encoder: Encoding mesh Loose soil particles 0868.
18:15:57 | INFO: Draco encoder: Encoding mesh Loose soil particles 0869.
18:15:57 | INFO: Draco encoder: Encoding mesh Loose soil particles 0870.
18:15:57 | INFO: Draco encoder: Encoding mesh Loose soil particles 0871.
18:15:57 | INFO: Draco encoder: Encoding mesh Loose soil particles 0872.
18:15:57 | INFO: Draco encoder: Encoding mesh Loose soil particles 0873.
18:15:57 | INFO: Draco encoder: Encoding mesh Loose soil particles 0874.
18:15:57 | INFO: Draco encoder: Encoding mesh Loose soil particles 0875.
18:15:57 | INFO: Draco encoder: Encoding mesh Loose soil particles 0876.
18:15:57 | INFO: Draco encoder: Encoding mesh Loose soil particles 0877.
18:15:57 | INFO: Draco encoder: Encoding mesh Loose soil particles 0878.
18:15:57 | INFO: Draco encoder: Encoding mesh Loose soil particles 0879.
18:15:57 | INFO: Draco encoder: Encoding mesh Loose soil particles 0880.
18:15:57 | INFO: Draco encoder: Encoding mesh Loose soil particles 0881.
18:15:57 | INFO: Draco encoder: Encoding mesh Loose soil particles 0882.
18:15:57 | INFO: Draco encoder: Encoding mesh Loose soil particles 0883.
18:15:57 | INFO: Draco encoder: Encoding mesh Loose soil particles 0884.
18:15:57 | INFO: Draco encoder: Encoding mesh Loose soil particles 0885.
18:15:57 | INFO: Draco encoder: Encoding mesh Loose soil particles 0886.
18:15:57 | INFO: Draco encoder: Encoding mesh Loose soil particles 0887.
18:15:57 | INFO: Draco encoder: Encoding mesh Loose soil particles 0888.
18:15:57 | INFO: Draco encoder: Encoding mesh Loose soil particles 0889.
18:15:57 | INFO: Draco encoder: Encoding mesh Loose soil particles 0890.
18:15:57 | INFO: Draco encoder: Encoding mesh Loose soil particles 0891.
18:15:57 | INFO: Draco encoder: Encoding mesh Loose soil particles 0892.
18:15:57 | INFO: Draco encoder: Encoding mesh Loose soil particles 0893.
18:15:57 | INFO: Draco encoder: Encoding mesh Loose soil particles 0894.
18:15:57 | INFO: Draco encoder: Encoding mesh Loose soil particles 0895.
18:15:57 | INFO: Draco encoder: Encoding mesh Loose soil particles 0896.
18:15:57 | INFO: Draco encoder: Encoding mesh Loose soil particles 0897.
18:15:57 | INFO: Draco encoder: Encoding mesh Loose soil particles 0898.
18:15:57 | INFO: Draco encoder: Encoding mesh Loose soil particles 0899.
18:15:57 | INFO: Draco encoder: Encoding mesh Loose soil particles 0900.
18:15:57 | INFO: Draco encoder: Encoding mesh Loose soil particles 0901.
18:15:57 | INFO: Draco encoder: Encoding mesh Loose soil particles 0902.
18:15:57 | INFO: Draco encoder: Encoding mesh Loose soil particles 0903.
18:15:57 | INFO: Draco encoder: Encoding mesh Loose soil particles 0904.
18:15:57 | INFO: Draco encoder: Encoding mesh Loose soil particles 0905.
18:15:57 | INFO: Draco encoder: Encoding mesh Loose soil particles 0906.
18:15:57 | INFO: Draco encoder: Encoding mesh Loose soil particles 0907.
18:15:57 | INFO: Draco encoder: Encoding mesh Loose soil particles 0908.
18:15:57 | INFO: Draco encoder: Encoding mesh Loose soil particles 0909.
18:15:57 | INFO: Draco encoder: Encoding mesh Loose soil particles 0910.
18:15:57 | INFO: Draco encoder: Encoding mesh Loose soil particles 0911.
18:15:57 | INFO: Draco encoder: Encoding mesh Loose soil particles 0912.
18:15:57 | INFO: Draco encoder: Encoding mesh Loose soil particles 0913.
18:15:57 | INFO: Draco encoder: Encoding mesh Loose soil particles 0914.
18:15:57 | INFO: Draco encoder: Encoding mesh Loose soil particles 0915.
18:15:57 | INFO: Draco encoder: Encoding mesh Loose soil particles 0916.
18:15:57 | INFO: Draco encoder: Encoding mesh Loose soil particles 0917.
18:15:57 | INFO: Draco encoder: Encoding mesh Loose soil particles 0918.
18:15:57 | INFO: Draco encoder: Encoding mesh Loose soil particles 0919.
18:15:57 | INFO: Draco encoder: Encoding mesh Loose soil particles 0920.
18:15:57 | INFO: Draco encoder: Encoding mesh Loose soil particles 0921.
18:15:57 | INFO: Draco encoder: Encoding mesh Loose soil particles 0922.
18:15:57 | INFO: Draco encoder: Encoding mesh Loose soil particles 0923.
18:15:57 | INFO: Draco encoder: Encoding mesh Loose soil particles 0924.
18:15:57 | INFO: Draco encoder: Encoding mesh Loose soil particles 0925.
18:15:57 | INFO: Draco encoder: Encoding mesh Loose soil particles 0926.
18:15:57 | INFO: Draco encoder: Encoding mesh Loose soil particles 0927.
18:15:57 | INFO: Draco encoder: Encoding mesh Loose soil particles 0928.
18:15:57 | INFO: Draco encoder: Encoding mesh Loose soil particles 0929.
18:15:57 | INFO: Draco encoder: Encoding mesh Loose soil particles 0930.
18:15:57 | INFO: Draco encoder: Encoding mesh Loose soil particles 0931.
18:15:57 | INFO: Draco encoder: Encoding mesh Loose soil particles 0932.
18:15:57 | INFO: Draco encoder: Encoding mesh Loose soil particles 0933.
18:15:57 | INFO: Draco encoder: Encoding mesh Loose soil particles 0934.
18:15:57 | INFO: Draco encoder: Encoding mesh Loose soil particles 0935.
18:15:57 | INFO: Draco encoder: Encoding mesh Loose soil particles 0936.
18:15:57 | INFO: Draco encoder: Encoding mesh Loose soil particles 0937.
18:15:57 | INFO: Draco encoder: Encoding mesh Loose soil particles 0938.
18:15:57 | INFO: Draco encoder: Encoding mesh Loose soil particles 0939.
18:15:57 | INFO: Draco encoder: Encoding mesh Loose soil particles 0940.
18:15:57 | INFO: Draco encoder: Encoding mesh Loose soil particles 0941.
18:15:57 | INFO: Draco encoder: Encoding mesh Loose soil particles 0942.
18:15:57 | INFO: Draco encoder: Encoding mesh Loose soil particles 0943.
18:15:57 | INFO: Draco encoder: Encoding mesh Loose soil particles 0944.
18:15:57 | INFO: Draco encoder: Encoding mesh Loose soil particles 0945.
18:15:57 | INFO: Draco encoder: Encoding mesh Loose soil particles 0946.
18:15:57 | INFO: Draco encoder: Encoding mesh Loose soil particles 0947.
18:15:57 | INFO: Draco encoder: Encoding mesh Loose soil particles 0948.
18:15:57 | INFO: Draco encoder: Encoding mesh Loose soil particles 0949.
18:15:57 | INFO: Draco encoder: Encoding mesh Loose soil particles 0950.
18:15:57 | INFO: Draco encoder: Encoding mesh Loose soil particles 0951.
18:15:57 | INFO: Draco encoder: Encoding mesh Loose soil particles 0952.
18:15:57 | INFO: Draco encoder: Encoding mesh Loose soil particles 0953.
18:15:57 | INFO: Draco encoder: Encoding mesh Loose soil particles 0954.
18:15:57 | INFO: Draco encoder: Encoding mesh Loose soil particles 0955.
18:15:57 | INFO: Draco encoder: Encoding mesh Loose soil particles 0956.
18:15:57 | INFO: Draco encoder: Encoding mesh Loose soil particles 0957.
18:15:57 | INFO: Draco encoder: Encoding mesh Loose soil particles 0958.
18:15:57 | INFO: Draco encoder: Encoding mesh Loose soil particles 0959.
18:15:57 | INFO: Draco encoder: Encoding mesh Loose soil particles 0960.
18:15:57 | INFO: Draco encoder: Encoding mesh Loose soil particles 0961.
18:15:57 | INFO: Draco encoder: Encoding mesh Loose soil particles 0962.
18:15:57 | INFO: Draco encoder: Encoding mesh Loose soil particles 0963.
18:15:57 | INFO: Draco encoder: Encoding mesh Loose soil particles 0964.
18:15:57 | INFO: Draco encoder: Encoding mesh Loose soil particles 0965.
18:15:57 | INFO: Draco encoder: Encoding mesh Loose soil particles 0966.
18:15:57 | INFO: Draco encoder: Encoding mesh Loose soil particles 0967.
18:15:57 | INFO: Draco encoder: Encoding mesh Loose soil particles 0968.
18:15:57 | INFO: Draco encoder: Encoding mesh Loose soil particles 0969.
18:15:57 | INFO: Draco encoder: Encoding mesh Loose soil particles 0970.
18:15:57 | INFO: Draco encoder: Encoding mesh Loose soil particles 0971.
18:15:57 | INFO: Draco encoder: Encoding mesh Loose soil particles 0972.
18:15:57 | INFO: Draco encoder: Encoding mesh Loose soil particles 0973.
18:15:57 | INFO: Draco encoder: Encoding mesh Loose soil particles 0974.
18:15:57 | INFO: Draco encoder: Encoding mesh Loose soil particles 0975.
18:15:57 | INFO: Draco encoder: Encoding mesh Loose soil particles 0976.
18:15:57 | INFO: Draco encoder: Encoding mesh Loose soil particles 0977.
18:15:57 | INFO: Draco encoder: Encoding mesh Loose soil particles 0978.
18:15:57 | INFO: Draco encoder: Encoding mesh Loose soil particles 0979.
18:15:57 | INFO: Draco encoder: Encoding mesh Loose soil particles 0980.
18:15:57 | INFO: Draco encoder: Encoding mesh Loose soil particles 0981.
18:15:57 | INFO: Draco encoder: Encoding mesh Loose soil particles 0982.
18:15:57 | INFO: Draco encoder: Encoding mesh Loose soil particles 0983.
18:15:57 | INFO: Draco encoder: Encoding mesh Loose soil particles 0984.
18:15:57 | INFO: Draco encoder: Encoding mesh Loose soil particles 0985.
18:15:57 | INFO: Draco encoder: Encoding mesh Loose soil particles 0986.
18:15:57 | INFO: Draco encoder: Encoding mesh Loose soil particles 0987.
18:15:57 | INFO: Draco encoder: Encoding mesh Loose soil particles 0988.
18:15:57 | INFO: Draco encoder: Encoding mesh Loose soil particles 0989.
18:15:57 | INFO: Draco encoder: Encoding mesh Loose soil particles 0990.
18:15:57 | INFO: Draco encoder: Encoding mesh Loose soil particles 0991.
18:15:57 | INFO: Draco encoder: Encoding mesh Loose soil particles 0992.
18:15:57 | INFO: Draco encoder: Encoding mesh Loose soil particles 0993.
18:15:57 | INFO: Draco encoder: Encoding mesh Loose soil particles 0994.
18:15:57 | INFO: Draco encoder: Encoding mesh Loose soil particles 0995.
18:15:57 | INFO: Draco encoder: Encoding mesh Loose soil particles 0996.
18:15:57 | INFO: Draco encoder: Encoding mesh Loose soil particles 0997.
18:15:57 | INFO: Draco encoder: Encoding mesh Loose soil particles 0998.
18:15:57 | INFO: Draco encoder: Encoding mesh Loose soil particles 0999.
18:15:57 | INFO: Draco encoder: Encoding mesh Loose soil particles 1000.
18:15:57 | INFO: Draco encoder: Encoding mesh Loose soil particles 1001.
18:15:57 | INFO: Draco encoder: Encoding mesh Loose soil particles 1002.
18:15:57 | INFO: Draco encoder: Encoding mesh Loose soil particles 1003.
18:15:57 | INFO: Draco encoder: Encoding mesh Loose soil particles 1004.
18:15:57 | INFO: Draco encoder: Encoding mesh Loose soil particles 1005.
18:15:57 | INFO: Draco encoder: Encoding mesh Loose soil particles 1006.
18:15:57 | INFO: Draco encoder: Encoding mesh Loose soil particles 1007.
18:15:57 | INFO: Draco encoder: Encoding mesh Loose soil particles 1008.
18:15:57 | INFO: Draco encoder: Encoding mesh Loose soil particles 1009.
18:15:57 | INFO: Draco encoder: Encoding mesh Loose soil particles 1010.
18:15:57 | INFO: Draco encoder: Encoding mesh Loose soil particles 1011.
18:15:57 | INFO: Draco encoder: Encoding mesh Loose soil particles 1012.
18:15:57 | INFO: Draco encoder: Encoding mesh Loose soil particles 1013.
18:15:57 | INFO: Draco encoder: Encoding mesh Loose soil particles 1014.
18:15:57 | INFO: Draco encoder: Encoding mesh Loose soil particles 1015.
18:15:57 | INFO: Draco encoder: Encoding mesh Loose soil particles 1016.
18:15:57 | INFO: Draco encoder: Encoding mesh Loose soil particles 1017.
18:15:57 | INFO: Draco encoder: Encoding mesh Loose soil particles 1018.
18:15:57 | INFO: Draco encoder: Encoding mesh Loose soil particles 1019.
18:15:57 | INFO: Draco encoder: Encoding mesh Loose soil particles 1020.
18:15:57 | INFO: Draco encoder: Encoding mesh Loose soil particles 1021.
18:15:57 | INFO: Draco encoder: Encoding mesh Loose soil particles 1022.
18:15:57 | INFO: Draco encoder: Encoding mesh Loose soil particles 1023.
18:15:57 | INFO: Draco encoder: Encoding mesh Loose soil particles 1024.
18:15:57 | INFO: Draco encoder: Encoding mesh Loose soil particles 1025.
18:15:57 | INFO: Draco encoder: Encoding mesh Loose soil particles 1026.
18:15:57 | INFO: Draco encoder: Encoding mesh Loose soil particles 1027.
18:15:57 | INFO: Draco encoder: Encoding mesh Loose soil particles 1028.
18:15:57 | INFO: Draco encoder: Encoding mesh Loose soil particles 1029.
18:15:57 | INFO: Draco encoder: Encoding mesh Loose soil particles 1030.
18:15:57 | INFO: Draco encoder: Encoding mesh Loose soil particles 1031.
18:15:57 | INFO: Draco encoder: Encoding mesh Loose soil particles 1032.
18:15:57 | INFO: Draco encoder: Encoding mesh Loose soil particles 1033.
18:15:57 | INFO: Draco encoder: Encoding mesh Loose soil particles 1034.
18:15:57 | INFO: Draco encoder: Encoding mesh Loose soil particles 1035.
18:15:57 | INFO: Draco encoder: Encoding mesh Loose soil particles 1036.
18:15:57 | INFO: Draco encoder: Encoding mesh Loose soil particles 1037.
18:15:57 | INFO: Draco encoder: Encoding mesh Loose soil particles 1038.
18:15:57 | INFO: Draco encoder: Encoding mesh Loose soil particles 1039.
18:15:57 | INFO: Draco encoder: Encoding mesh Loose soil particles 1040.
18:15:57 | INFO: Draco encoder: Encoding mesh Loose soil particles 1041.
18:15:57 | INFO: Draco encoder: Encoding mesh Loose soil particles 1042.
18:15:57 | INFO: Draco encoder: Encoding mesh Loose soil particles 1043.
18:15:57 | INFO: Draco encoder: Encoding mesh Loose soil particles 1044.
18:15:57 | INFO: Draco encoder: Encoding mesh Loose soil particles 1045.
18:15:57 | INFO: Draco encoder: Encoding mesh Loose soil particles 1046.
18:15:57 | INFO: Draco encoder: Encoding mesh Loose soil particles 1047.
18:15:57 | INFO: Draco encoder: Encoding mesh Loose soil particles 1048.
18:15:57 | INFO: Draco encoder: Encoding mesh Loose soil particles 1049.
18:15:57 | INFO: Draco encoder: Encoding mesh Loose soil particles 1050.
18:15:57 | INFO: Draco encoder: Encoding mesh Loose soil particles 1051.
18:15:57 | INFO: Draco encoder: Encoding mesh Loose soil particles 1052.
18:15:57 | INFO: Draco encoder: Encoding mesh Loose soil particles 1053.
18:15:57 | INFO: Draco encoder: Encoding mesh Loose soil particles 1054.
18:15:57 | INFO: Draco encoder: Encoding mesh Loose soil particles 1055.
18:15:57 | INFO: Draco encoder: Encoding mesh Loose soil particles 1056.
18:15:57 | INFO: Draco encoder: Encoding mesh Loose soil particles 1057.
18:15:57 | INFO: Draco encoder: Encoding mesh Loose soil particles 1058.
18:15:57 | INFO: Draco encoder: Encoding mesh Loose soil particles 1059.
18:15:57 | INFO: Draco encoder: Encoding mesh Loose soil particles 1060.
18:15:57 | INFO: Draco encoder: Encoding mesh Loose soil particles 1061.
18:15:57 | INFO: Draco encoder: Encoding mesh Loose soil particles 1062.
18:15:57 | INFO: Draco encoder: Encoding mesh Loose soil particles 1063.
18:15:57 | INFO: Draco encoder: Encoding mesh Loose soil particles 1064.
18:15:57 | INFO: Draco encoder: Encoding mesh Loose soil particles 1065.
18:15:57 | INFO: Draco encoder: Encoding mesh Loose soil particles 1066.
18:15:57 | INFO: Draco encoder: Encoding mesh Loose soil particles 1067.
18:15:57 | INFO: Draco encoder: Encoding mesh Loose soil particles 1068.
18:15:57 | INFO: Draco encoder: Encoding mesh Loose soil particles 1069.
18:15:57 | INFO: Draco encoder: Encoding mesh Loose soil particles 1070.
18:15:57 | INFO: Draco encoder: Encoding mesh Loose soil particles 1071.
18:15:57 | INFO: Draco encoder: Encoding mesh Loose soil particles 1072.
18:15:57 | INFO: Draco encoder: Encoding mesh Loose soil particles 1073.
18:15:57 | INFO: Draco encoder: Encoding mesh Loose soil particles 1074.
18:15:57 | INFO: Draco encoder: Encoding mesh Loose soil particles 1075.
18:15:57 | INFO: Draco encoder: Encoding mesh Loose soil particles 1076.
18:15:57 | INFO: Draco encoder: Encoding mesh Loose soil particles 1077.
18:15:57 | INFO: Draco encoder: Encoding mesh Loose soil particles 1078.
18:15:57 | INFO: Draco encoder: Encoding mesh Loose soil particles 1079.
18:15:57 | INFO: Draco encoder: Encoding mesh Loose soil particles 1080.
18:15:57 | INFO: Draco encoder: Encoding mesh Loose soil particles 1081.
18:15:57 | INFO: Draco encoder: Encoding mesh Loose soil particles 1082.
18:15:57 | INFO: Draco encoder: Encoding mesh Loose soil particles 1083.
18:15:57 | INFO: Draco encoder: Encoding mesh Loose soil particles 1084.
18:15:57 | INFO: Draco encoder: Encoding mesh Loose soil particles 1085.
18:15:57 | INFO: Draco encoder: Encoding mesh Loose soil particles 1086.
18:15:57 | INFO: Draco encoder: Encoding mesh Loose soil particles 1087.
18:15:57 | INFO: Draco encoder: Encoding mesh Loose soil particles 1088.
18:15:57 | INFO: Draco encoder: Encoding mesh Loose soil particles 1089.
18:15:57 | INFO: Draco encoder: Encoding mesh Loose soil particles 1090.
18:15:57 | INFO: Draco encoder: Encoding mesh Loose soil particles 1091.
18:15:57 | INFO: Draco encoder: Encoding mesh Loose soil particles 1092.
18:15:57 | INFO: Draco encoder: Encoding mesh Loose soil particles 1093.
18:15:57 | INFO: Draco encoder: Encoding mesh Loose soil particles 1094.
18:15:57 | INFO: Draco encoder: Encoding mesh Loose soil particles 1095.
18:15:57 | INFO: Draco encoder: Encoding mesh Loose soil particles 1096.
18:15:57 | INFO: Draco encoder: Encoding mesh Loose soil particles 1097.
18:15:57 | INFO: Draco encoder: Encoding mesh Loose soil particles 1098.
18:15:57 | INFO: Draco encoder: Encoding mesh Loose soil particles 1099.
18:15:57 | INFO: Draco encoder: Encoding mesh Loose soil particles 1100.
18:15:57 | INFO: Draco encoder: Encoding mesh Loose soil particles 1101.
18:15:57 | INFO: Draco encoder: Encoding mesh Loose soil particles 1102.
18:15:57 | INFO: Draco encoder: Encoding mesh Loose soil particles 1103.
18:15:57 | INFO: Draco encoder: Encoding mesh Loose soil particles 1104.
18:15:57 | INFO: Draco encoder: Encoding mesh Loose soil particles 1105.
18:15:57 | INFO: Draco encoder: Encoding mesh Loose soil particles 1106.
18:15:57 | INFO: Draco encoder: Encoding mesh Loose soil particles 1107.
18:15:57 | INFO: Draco encoder: Encoding mesh Loose soil particles 1108.
18:15:57 | INFO: Draco encoder: Encoding mesh Loose soil particles 1109.
18:15:57 | INFO: Draco encoder: Encoding mesh Loose soil particles 1110.
18:15:57 | INFO: Draco encoder: Encoding mesh Loose soil particles 1111.
18:15:57 | INFO: Draco encoder: Encoding mesh Loose soil particles 1112.
18:15:57 | INFO: Draco encoder: Encoding mesh Loose soil particles 1113.
18:15:57 | INFO: Draco encoder: Encoding mesh Loose soil particles 1114.
18:15:57 | INFO: Draco encoder: Encoding mesh Loose soil particles 1115.
18:15:57 | INFO: Draco encoder: Encoding mesh Loose soil particles 1116.
18:15:57 | INFO: Draco encoder: Encoding mesh Loose soil particles 1117.
18:15:57 | INFO: Draco encoder: Encoding mesh Loose soil particles 1118.
18:15:57 | INFO: Draco encoder: Encoding mesh Loose soil particles 1119.
18:15:57 | INFO: Draco encoder: Encoding mesh Loose soil particles 1120.
18:15:57 | INFO: Draco encoder: Encoding mesh Loose soil particles 1121.
18:15:57 | INFO: Draco encoder: Encoding mesh Loose soil particles 1122.
18:15:57 | INFO: Draco encoder: Encoding mesh Loose soil particles 1123.
18:15:57 | INFO: Draco encoder: Encoding mesh Loose soil particles 1124.
18:15:57 | INFO: Draco encoder: Encoding mesh Loose soil particles 1125.
18:15:57 | INFO: Draco encoder: Encoding mesh Loose soil particles 1126.
18:15:57 | INFO: Draco encoder: Encoding mesh Loose soil particles 1127.
18:15:57 | INFO: Draco encoder: Encoding mesh Loose soil particles 1128.
18:15:57 | INFO: Draco encoder: Encoding mesh Loose soil particles 1129.
18:15:57 | INFO: Draco encoder: Encoding mesh Loose soil particles 1130.
18:15:57 | INFO: Draco encoder: Encoding mesh Loose soil particles 1131.
18:15:57 | INFO: Draco encoder: Encoding mesh Loose soil particles 1132.
18:15:57 | INFO: Draco encoder: Encoding mesh Loose soil particles 1133.
18:15:57 | INFO: Draco encoder: Encoding mesh Loose soil particles 1134.
18:15:57 | INFO: Draco encoder: Encoding mesh Loose soil particles 1135.
18:15:57 | INFO: Draco encoder: Encoding mesh Loose soil particles 1136.
18:15:57 | INFO: Draco encoder: Encoding mesh Loose soil particles 1137.
18:15:57 | INFO: Draco encoder: Encoding mesh Loose soil particles 1138.
18:15:57 | INFO: Draco encoder: Encoding mesh Loose soil particles 1139.
18:15:57 | INFO: Draco encoder: Encoding mesh Loose soil particles 1140.
18:15:57 | INFO: Draco encoder: Encoding mesh Loose soil particles 1141.
18:15:57 | INFO: Draco encoder: Encoding mesh Loose soil particles 1142.
18:15:57 | INFO: Draco encoder: Encoding mesh Loose soil particles 1143.
18:15:57 | INFO: Draco encoder: Encoding mesh Loose soil particles 1144.
18:15:57 | INFO: Draco encoder: Encoding mesh Loose soil particles 1145.
18:15:57 | INFO: Draco encoder: Encoding mesh Loose soil particles 1146.
18:15:57 | INFO: Draco encoder: Encoding mesh Loose soil particles 1147.
18:15:57 | INFO: Draco encoder: Encoding mesh Loose soil particles 1148.
18:15:57 | INFO: Draco encoder: Encoding mesh Loose soil particles 1149.
18:15:57 | INFO: Draco encoder: Encoding mesh Loose soil particles 1150.
18:15:57 | INFO: Draco encoder: Encoding mesh Loose soil particles 1151.
18:15:57 | INFO: Draco encoder: Encoding mesh Loose soil particles 1152.
18:15:57 | INFO: Draco encoder: Encoding mesh Loose soil particles 1153.
18:15:57 | INFO: Draco encoder: Encoding mesh Loose soil particles 1154.
18:15:57 | INFO: Draco encoder: Encoding mesh Loose soil particles 1155.
18:15:57 | INFO: Draco encoder: Encoding mesh Loose soil particles 1156.
18:15:57 | INFO: Draco encoder: Encoding mesh Loose soil particles 1157.
18:15:57 | INFO: Draco encoder: Encoding mesh Loose soil particles 1158.
18:15:57 | INFO: Draco encoder: Encoding mesh Loose soil particles 1159.
18:15:57 | INFO: Draco encoder: Encoding mesh Loose soil particles 1160.
18:15:57 | INFO: Draco encoder: Encoding mesh Loose soil particles 1161.
18:15:57 | INFO: Draco encoder: Encoding mesh Loose soil particles 1162.
18:15:57 | INFO: Draco encoder: Encoding mesh Loose soil particles 1163.
18:15:57 | INFO: Draco encoder: Encoding mesh Loose soil particles 1164.
18:15:57 | INFO: Draco encoder: Encoding mesh Loose soil particles 1165.
18:15:57 | INFO: Draco encoder: Encoding mesh Loose soil particles 1166.
18:15:57 | INFO: Draco encoder: Encoding mesh Loose soil particles 1167.
18:15:57 | INFO: Draco encoder: Encoding mesh Loose soil particles 1168.
18:15:57 | INFO: Draco encoder: Encoding mesh Loose soil particles 1169.
18:15:57 | INFO: Draco encoder: Encoding mesh Loose soil particles 1170.
18:15:57 | INFO: Draco encoder: Encoding mesh Loose soil particles 1171.
18:15:57 | INFO: Draco encoder: Encoding mesh Loose soil particles 1172.
18:15:57 | INFO: Draco encoder: Encoding mesh Loose soil particles 1173.
18:15:57 | INFO: Draco encoder: Encoding mesh Loose soil particles 1174.
18:15:57 | INFO: Draco encoder: Encoding mesh Loose soil particles 1175.
18:15:57 | INFO: Draco encoder: Encoding mesh Loose soil particles 1176.
18:15:57 | INFO: Draco encoder: Encoding mesh Loose soil particles 1177.
18:15:57 | INFO: Draco encoder: Encoding mesh Loose soil particles 1178.
18:15:57 | INFO: Draco encoder: Encoding mesh Loose soil particles 1179.
18:15:57 | INFO: Draco encoder: Encoding mesh Loose soil particles 1180.
18:15:57 | INFO: Draco encoder: Encoding mesh Loose soil particles 1181.
18:15:57 | INFO: Draco encoder: Encoding mesh Loose soil particles 1182.
18:15:57 | INFO: Draco encoder: Encoding mesh Loose soil particles 1183.
18:15:57 | INFO: Draco encoder: Encoding mesh Loose soil particles 1184.
18:15:57 | INFO: Draco encoder: Encoding mesh Loose soil particles 1185.
18:15:57 | INFO: Draco encoder: Encoding mesh Loose soil particles 1186.
18:15:57 | INFO: Draco encoder: Encoding mesh Loose soil particles 1187.
18:15:57 | INFO: Draco encoder: Encoding mesh Loose soil particles 1188.
18:15:57 | INFO: Draco encoder: Encoding mesh Loose soil particles 1189.
18:15:57 | INFO: Draco encoder: Encoding mesh Loose soil particles 1190.
18:15:57 | INFO: Draco encoder: Encoding mesh Loose soil particles 1191.
18:15:57 | INFO: Draco encoder: Encoding mesh Loose soil particles 1192.
18:15:57 | INFO: Draco encoder: Encoding mesh Loose soil particles 1193.
18:15:57 | INFO: Draco encoder: Encoding mesh Loose soil particles 1194.
18:15:57 | INFO: Draco encoder: Encoding mesh Loose soil particles 1195.
18:15:57 | INFO: Draco encoder: Encoding mesh Loose soil particles 1196.
18:15:57 | INFO: Draco encoder: Encoding mesh Loose soil particles 1197.
18:15:57 | INFO: Draco encoder: Encoding mesh Loose soil particles 1198.
18:15:57 | INFO: Draco encoder: Encoding mesh Loose soil particles 1199.
18:15:57 | INFO: Draco encoder: Encoding mesh Loose soil particles 1200.
18:15:57 | INFO: Draco encoder: Encoding mesh Loose soil particles 1201.
18:15:57 | INFO: Draco encoder: Encoding mesh Loose soil particles 1202.
18:15:57 | INFO: Draco encoder: Encoding mesh Loose soil particles 1203.
18:15:57 | INFO: Draco encoder: Encoding mesh Loose soil particles 1204.
18:15:57 | INFO: Draco encoder: Encoding mesh Loose soil particles 1205.
18:15:57 | INFO: Draco encoder: Encoding mesh Loose soil particles 1206.
18:15:57 | INFO: Draco encoder: Encoding mesh Loose soil particles 1207.
18:15:57 | INFO: Draco encoder: Encoding mesh Loose soil particles 1208.
18:15:57 | INFO: Draco encoder: Encoding mesh Loose soil particles 1209.
18:15:57 | INFO: Draco encoder: Encoding mesh Loose soil particles 1210.
18:15:57 | INFO: Draco encoder: Encoding mesh Loose soil particles 1211.
18:15:57 | INFO: Draco encoder: Encoding mesh Loose soil particles 1212.
18:15:57 | INFO: Draco encoder: Encoding mesh Loose soil particles 1213.
18:15:57 | INFO: Draco encoder: Encoding mesh Loose soil particles 1214.
18:15:57 | INFO: Draco encoder: Encoding mesh Loose soil particles 1215.
18:15:57 | INFO: Draco encoder: Encoding mesh Loose soil particles 1216.
18:15:57 | INFO: Draco encoder: Encoding mesh Loose soil particles 1217.
18:15:57 | INFO: Draco encoder: Encoding mesh Loose soil particles 1218.
18:15:57 | INFO: Draco encoder: Encoding mesh Loose soil particles 1219.
18:15:57 | INFO: Draco encoder: Encoding mesh Loose soil particles 1220.
18:15:57 | INFO: Draco encoder: Encoding mesh Loose soil particles 1221.
18:15:57 | INFO: Draco encoder: Encoding mesh Loose soil particles 1222.
18:15:57 | INFO: Draco encoder: Encoding mesh Loose soil particles 1223.
18:15:57 | INFO: Draco encoder: Encoding mesh Loose soil particles 1224.
18:15:57 | INFO: Draco encoder: Encoding mesh Loose soil particles 1225.
18:15:57 | INFO: Draco encoder: Encoding mesh Loose soil particles 1226.
18:15:57 | INFO: Draco encoder: Encoding mesh Loose soil particles 1227.
18:15:57 | INFO: Draco encoder: Encoding mesh Loose soil particles 1228.
18:15:57 | INFO: Draco encoder: Encoding mesh Loose soil particles 1229.
18:15:57 | INFO: Draco encoder: Encoding mesh Loose soil particles 1230.
18:15:57 | INFO: Draco encoder: Encoding mesh Loose soil particles 1231.
18:15:57 | INFO: Draco encoder: Encoding mesh Loose soil particles 1232.
18:15:57 | INFO: Draco encoder: Encoding mesh Loose soil particles 1233.
18:15:57 | INFO: Draco encoder: Encoding mesh Loose soil particles 1234.
18:15:57 | INFO: Draco encoder: Encoding mesh Loose soil particles 1235.
18:15:57 | INFO: Draco encoder: Encoding mesh Loose soil particles 1236.
18:15:57 | INFO: Draco encoder: Encoding mesh Loose soil particles 1237.
18:15:57 | INFO: Draco encoder: Encoding mesh Loose soil particles 1238.
18:15:57 | INFO: Draco encoder: Encoding mesh Loose soil particles 1239.
18:15:57 | INFO: Draco encoder: Encoding mesh Loose soil particles 1240.
18:15:57 | INFO: Draco encoder: Encoding mesh Loose soil particles 1241.
18:15:57 | INFO: Draco encoder: Encoding mesh Loose soil particles 1242.
18:15:57 | INFO: Draco encoder: Encoding mesh Loose soil particles 1243.
18:15:57 | INFO: Draco encoder: Encoding mesh Loose soil particles 1244.
18:15:57 | INFO: Draco encoder: Encoding mesh Loose soil particles 1245.
18:15:57 | INFO: Draco encoder: Encoding mesh Loose soil particles 1246.
18:15:57 | INFO: Draco encoder: Encoding mesh Loose soil particles 1247.
18:15:57 | INFO: Draco encoder: Encoding mesh Loose soil particles 1248.
18:15:57 | INFO: Draco encoder: Encoding mesh Loose soil particles 1249.
18:15:57 | INFO: Draco encoder: Encoding mesh Loose soil particles 1250.
18:15:57 | INFO: Draco encoder: Encoding mesh Loose soil particles 1251.
18:15:57 | INFO: Draco encoder: Encoding mesh Loose soil particles 1252.
18:15:57 | INFO: Draco encoder: Encoding mesh Loose soil particles 1253.
18:15:57 | INFO: Draco encoder: Encoding mesh Loose soil particles 1254.
18:15:57 | INFO: Draco encoder: Encoding mesh Loose soil particles 1255.
18:15:57 | INFO: Draco encoder: Encoding mesh Loose soil particles 1256.
18:15:57 | INFO: Draco encoder: Encoding mesh Loose soil particles 1257.
18:15:57 | INFO: Draco encoder: Encoding mesh Loose soil particles 1258.
18:15:57 | INFO: Draco encoder: Encoding mesh Loose soil particles 1259.
18:15:57 | INFO: Draco encoder: Encoding mesh Loose soil particles 1260.
18:15:57 | INFO: Draco encoder: Encoding mesh Loose soil particles 1261.
18:15:57 | INFO: Draco encoder: Encoding mesh Loose soil particles 1262.
18:15:57 | INFO: Draco encoder: Encoding mesh Loose soil particles 1263.
18:15:57 | INFO: Draco encoder: Encoding mesh Loose soil particles 1264.
18:15:57 | INFO: Draco encoder: Encoding mesh Loose soil particles 1265.
18:15:57 | INFO: Draco encoder: Encoding mesh Loose soil particles 1266.
18:15:57 | INFO: Draco encoder: Encoding mesh Loose soil particles 1267.
18:15:57 | INFO: Draco encoder: Encoding mesh Loose soil particles 1268.
18:15:57 | INFO: Draco encoder: Encoding mesh Loose soil particles 1269.
18:15:57 | INFO: Draco encoder: Encoding mesh Loose soil particles 1270.
18:15:57 | INFO: Draco encoder: Encoding mesh Loose soil particles 1271.
18:15:57 | INFO: Draco encoder: Encoding mesh Loose soil particles 1272.
18:15:57 | INFO: Draco encoder: Encoding mesh Loose soil particles 1273.
18:15:57 | INFO: Draco encoder: Encoding mesh Loose soil particles 1274.
18:15:57 | INFO: Draco encoder: Encoding mesh Loose soil particles 1275.
18:15:57 | INFO: Draco encoder: Encoding mesh Loose soil particles 1276.
18:15:57 | INFO: Draco encoder: Encoding mesh Loose soil particles 1277.
18:15:57 | INFO: Draco encoder: Encoding mesh Loose soil particles 1278.
18:15:57 | INFO: Draco encoder: Encoding mesh Loose soil particles 1279.
18:15:57 | INFO: Draco encoder: Encoding mesh Loose soil particles 1280.
18:15:57 | INFO: Draco encoder: Encoding mesh Loose soil particles 1281.
18:15:57 | INFO: Draco encoder: Encoding mesh Loose soil particles 1282.
18:15:57 | INFO: Draco encoder: Encoding mesh Loose soil particles 1283.
18:15:57 | INFO: Draco encoder: Encoding mesh Loose soil particles 1284.
18:15:57 | INFO: Draco encoder: Encoding mesh Loose soil particles 1285.
18:15:57 | INFO: Draco encoder: Encoding mesh Loose soil particles 1286.
18:15:57 | INFO: Draco encoder: Encoding mesh Loose soil particles 1287.
18:15:57 | INFO: Draco encoder: Encoding mesh Loose soil particles 1288.
18:15:57 | INFO: Draco encoder: Encoding mesh Loose soil particles 1289.
18:15:57 | INFO: Draco encoder: Encoding mesh Loose soil particles 1290.
18:15:57 | INFO: Draco encoder: Encoding mesh Loose soil particles 1291.
18:15:57 | INFO: Draco encoder: Encoding mesh Loose soil particles 1292.
18:15:57 | INFO: Draco encoder: Encoding mesh Loose soil particles 1293.
18:15:57 | INFO: Draco encoder: Encoding mesh Loose soil particles 1294.
18:15:57 | INFO: Draco encoder: Encoding mesh Loose soil particles 1295.
18:15:57 | INFO: Draco encoder: Encoding mesh Loose soil particles 1296.
18:15:57 | INFO: Draco encoder: Encoding mesh Loose soil particles 1297.
18:15:57 | INFO: Draco encoder: Encoding mesh Loose soil particles 1298.
18:15:57 | INFO: Draco encoder: Encoding mesh Loose soil particles 1299.
18:15:57 | INFO: Draco encoder: Encoding mesh Loose soil particles 1300.
18:15:57 | INFO: Draco encoder: Encoding mesh Loose soil particles 1301.
18:15:57 | INFO: Draco encoder: Encoding mesh Loose soil particles 1302.
18:15:57 | INFO: Draco encoder: Encoding mesh Loose soil particles 1303.
18:15:57 | INFO: Draco encoder: Encoding mesh Loose soil particles 1304.
18:15:57 | INFO: Draco encoder: Encoding mesh Loose soil particles 1305.
18:15:57 | INFO: Draco encoder: Encoding mesh Loose soil particles 1306.
18:15:57 | INFO: Draco encoder: Encoding mesh Loose soil particles 1307.
18:15:57 | INFO: Draco encoder: Encoding mesh Loose soil particles 1308.
18:15:57 | INFO: Draco encoder: Encoding mesh Loose soil particles 1309.
18:15:57 | INFO: Draco encoder: Encoding mesh Loose soil particles 1310.
18:15:57 | INFO: Draco encoder: Encoding mesh Loose soil particles 1311.
18:15:57 | INFO: Draco encoder: Encoding mesh Loose soil particles 1312.
18:15:57 | INFO: Draco encoder: Encoding mesh Loose soil particles 1313.
18:15:57 | INFO: Draco encoder: Encoding mesh Loose soil particles 1314.
18:15:57 | INFO: Draco encoder: Encoding mesh Loose soil particles 1315.
18:15:57 | INFO: Draco encoder: Encoding mesh Loose soil particles 1316.
18:15:57 | INFO: Draco encoder: Encoding mesh Loose soil particles 1317.
18:15:57 | INFO: Draco encoder: Encoding mesh Loose soil particles 1318.
18:15:57 | INFO: Draco encoder: Encoding mesh Loose soil particles 1319.
18:15:57 | INFO: Draco encoder: Encoding mesh Loose soil particles 1320.
18:15:57 | INFO: Draco encoder: Encoding mesh Loose soil particles 1321.
18:15:57 | INFO: Draco encoder: Encoding mesh Loose soil particles 1322.
18:15:57 | INFO: Draco encoder: Encoding mesh Loose soil particles 1323.
18:15:57 | INFO: Draco encoder: Encoding mesh Loose soil particles 1324.
18:15:57 | INFO: Draco encoder: Encoding mesh Loose soil particles 1325.
18:15:57 | INFO: Draco encoder: Encoding mesh Loose soil particles 1326.
18:15:57 | INFO: Draco encoder: Encoding mesh Loose soil particles 1327.
18:15:57 | INFO: Draco encoder: Encoding mesh Loose soil particles 1328.
18:15:57 | INFO: Draco encoder: Encoding mesh Loose soil particles 1329.
18:15:57 | INFO: Draco encoder: Encoding mesh Loose soil particles 1330.
18:15:57 | INFO: Draco encoder: Encoding mesh Loose soil particles 1331.
18:15:57 | INFO: Draco encoder: Encoding mesh Loose soil particles 1332.
18:15:57 | INFO: Draco encoder: Encoding mesh Loose soil particles 1333.
18:15:57 | INFO: Draco encoder: Encoding mesh Loose soil particles 1334.
18:15:57 | INFO: Draco encoder: Encoding mesh Loose soil particles 1335.
18:15:57 | INFO: Draco encoder: Encoding mesh Loose soil particles 1336.
18:15:57 | INFO: Draco encoder: Encoding mesh Loose soil particles 1337.
18:15:57 | INFO: Draco encoder: Encoding mesh Loose soil particles 1338.
18:15:57 | INFO: Draco encoder: Encoding mesh Loose soil particles 1339.
18:15:57 | INFO: Draco encoder: Encoding mesh Loose soil particles 1340.
18:15:57 | INFO: Draco encoder: Encoding mesh Loose soil particles 1341.
18:15:57 | INFO: Draco encoder: Encoding mesh Loose soil particles 1342.
18:15:57 | INFO: Draco encoder: Encoding mesh Loose soil particles 1343.
18:15:57 | INFO: Draco encoder: Encoding mesh Loose soil particles 1344.
18:15:57 | INFO: Draco encoder: Encoding mesh Loose soil particles 1345.
18:15:57 | INFO: Draco encoder: Encoding mesh Loose soil particles 1346.
18:15:57 | INFO: Draco encoder: Encoding mesh Loose soil particles 1347.
18:15:57 | INFO: Draco encoder: Encoding mesh Loose soil particles 1348.
18:15:57 | INFO: Draco encoder: Encoding mesh Loose soil particles 1349.
18:15:57 | INFO: Draco encoder: Encoding mesh Loose soil particles 1350.
18:15:57 | INFO: Draco encoder: Encoding mesh Loose soil particles 1351.
18:15:57 | INFO: Draco encoder: Encoding mesh Loose soil particles 1352.
18:15:57 | INFO: Draco encoder: Encoding mesh Loose soil particles 1353.
18:15:57 | INFO: Draco encoder: Encoding mesh Loose soil particles 1354.
18:15:57 | INFO: Draco encoder: Encoding mesh Loose soil particles 1355.
18:15:57 | INFO: Draco encoder: Encoding mesh Loose soil particles 1356.
18:15:57 | INFO: Draco encoder: Encoding mesh Loose soil particles 1357.
18:15:57 | INFO: Draco encoder: Encoding mesh Loose soil particles 1358.
18:15:57 | INFO: Draco encoder: Encoding mesh Loose soil particles 1359.
18:15:57 | INFO: Draco encoder: Encoding mesh Loose soil particles 1360.
18:15:57 | INFO: Draco encoder: Encoding mesh Loose soil particles 1361.
18:15:57 | INFO: Draco encoder: Encoding mesh Loose soil particles 1362.
18:15:57 | INFO: Draco encoder: Encoding mesh Loose soil particles 1363.
18:15:57 | INFO: Draco encoder: Encoding mesh Loose soil particles 1364.
18:15:57 | INFO: Draco encoder: Encoding mesh Loose soil particles 1365.
18:15:57 | INFO: Draco encoder: Encoding mesh Loose soil particles 1366.
18:15:57 | INFO: Draco encoder: Encoding mesh Loose soil particles 1367.
18:15:57 | INFO: Draco encoder: Encoding mesh Loose soil particles 1368.
18:15:57 | INFO: Draco encoder: Encoding mesh Loose soil particles 1369.
18:15:57 | INFO: Draco encoder: Encoding mesh Loose soil particles 1370.
18:15:57 | INFO: Draco encoder: Encoding mesh Loose soil particles 1371.
18:15:57 | INFO: Draco encoder: Encoding mesh Loose soil particles 1372.
18:15:57 | INFO: Draco encoder: Encoding mesh Loose soil particles 1373.
18:15:57 | INFO: Draco encoder: Encoding mesh Loose soil particles 1374.
18:15:57 | INFO: Draco encoder: Encoding mesh Loose soil particles 1375.
18:15:57 | INFO: Draco encoder: Encoding mesh Loose soil particles 1376.
18:15:57 | INFO: Draco encoder: Encoding mesh Loose soil particles 1377.
18:15:57 | INFO: Draco encoder: Encoding mesh Loose soil particles 1378.
18:15:57 | INFO: Draco encoder: Encoding mesh Loose soil particles 1379.
18:15:57 | INFO: Draco encoder: Encoding mesh Loose soil particles 1380.
18:15:57 | INFO: Draco encoder: Encoding mesh Loose soil particles 1381.
18:15:57 | INFO: Draco encoder: Encoding mesh Loose soil particles 1382.
18:15:57 | INFO: Draco encoder: Encoding mesh Loose soil particles 1383.
18:15:57 | INFO: Draco encoder: Encoding mesh Loose soil particles 1384.
18:15:57 | INFO: Draco encoder: Encoding mesh Loose soil particles 1385.
18:15:57 | INFO: Draco encoder: Encoding mesh Loose soil particles 1386.
18:15:57 | INFO: Draco encoder: Encoding mesh Loose soil particles 1387.
18:15:57 | INFO: Draco encoder: Encoding mesh Loose soil particles 1388.
18:15:57 | INFO: Draco encoder: Encoding mesh Loose soil particles 1389.
18:15:57 | INFO: Draco encoder: Encoding mesh Loose soil particles 1390.
18:15:57 | INFO: Draco encoder: Encoding mesh Loose soil particles 1391.
18:15:57 | INFO: Draco encoder: Encoding mesh Loose soil particles 1392.
18:15:57 | INFO: Draco encoder: Encoding mesh Loose soil particles 1393.
18:15:57 | INFO: Draco encoder: Encoding mesh Loose soil particles 1394.
18:15:57 | INFO: Draco encoder: Encoding mesh Loose soil particles 1395.
18:15:57 | INFO: Draco encoder: Encoding mesh Loose soil particles 1396.
18:15:57 | INFO: Draco encoder: Encoding mesh Loose soil particles 1397.
18:15:57 | INFO: Draco encoder: Encoding mesh Loose soil particles 1398.
18:15:57 | INFO: Draco encoder: Encoding mesh Loose soil particles 1399.
18:15:57 | INFO: Draco encoder: Encoding mesh Loose soil particles 1400.
18:15:57 | INFO: Draco encoder: Encoding mesh Loose soil particles 1401.
18:15:57 | INFO: Draco encoder: Encoding mesh Loose soil particles 1402.
18:15:57 | INFO: Draco encoder: Encoding mesh Loose soil particles 1403.
18:15:57 | INFO: Draco encoder: Encoding mesh Loose soil particles 1404.
18:15:57 | INFO: Draco encoder: Encoding mesh Loose soil particles 1405.
18:15:57 | INFO: Draco encoder: Encoding mesh Loose soil particles 1406.
18:15:57 | INFO: Draco encoder: Encoding mesh Loose soil particles 1407.
18:15:57 | INFO: Draco encoder: Encoding mesh Loose soil particles 1408.
18:15:57 | INFO: Draco encoder: Encoding mesh Loose soil particles 1409.
18:15:57 | INFO: Draco encoder: Encoding mesh Loose soil particles 1410.
18:15:57 | INFO: Draco encoder: Encoding mesh Loose soil particles 1411.
18:15:57 | INFO: Draco encoder: Encoding mesh Loose soil particles 1412.
18:15:57 | INFO: Draco encoder: Encoding mesh Loose soil particles 1413.
18:15:57 | INFO: Draco encoder: Encoding mesh Loose soil particles 1414.
18:15:57 | INFO: Draco encoder: Encoding mesh Loose soil particles 1415.
18:15:57 | INFO: Draco encoder: Encoding mesh Loose soil particles 1416.
18:15:57 | INFO: Draco encoder: Encoding mesh Loose soil particles 1417.
18:15:57 | INFO: Draco encoder: Encoding mesh Loose soil particles 1418.
18:15:57 | INFO: Draco encoder: Encoding mesh Loose soil particles 1419.
18:15:57 | INFO: Draco encoder: Encoding mesh Loose soil particles 1420.
18:15:57 | INFO: Draco encoder: Encoding mesh Loose soil particles 1421.
18:15:57 | INFO: Draco encoder: Encoding mesh Loose soil particles 1422.
18:15:57 | INFO: Draco encoder: Encoding mesh Loose soil particles 1423.
18:15:57 | INFO: Draco encoder: Encoding mesh Loose soil particles 1424.
18:15:57 | INFO: Draco encoder: Encoding mesh Loose soil particles 1425.
18:15:57 | INFO: Draco encoder: Encoding mesh Loose soil particles 1426.
18:15:57 | INFO: Draco encoder: Encoding mesh Loose soil particles 1427.
18:15:57 | INFO: Draco encoder: Encoding mesh Loose soil particles 1428.
18:15:57 | INFO: Draco encoder: Encoding mesh Loose soil particles 1429.
18:15:57 | INFO: Draco encoder: Encoding mesh Loose soil particles 1430.
18:15:57 | INFO: Draco encoder: Encoding mesh Loose soil particles 1431.
18:15:57 | INFO: Draco encoder: Encoding mesh Loose soil particles 1432.
18:15:57 | INFO: Draco encoder: Encoding mesh Loose soil particles 1433.
18:15:57 | INFO: Draco encoder: Encoding mesh Loose soil particles 1434.
18:15:57 | INFO: Draco encoder: Encoding mesh Loose soil particles 1435.
18:15:57 | INFO: Draco encoder: Encoding mesh Loose soil particles 1436.
18:15:57 | INFO: Draco encoder: Encoding mesh Loose soil particles 1437.
18:15:57 | INFO: Draco encoder: Encoding mesh Loose soil particles 1438.
18:15:57 | INFO: Draco encoder: Encoding mesh Loose soil particles 1439.
18:15:57 | INFO: Draco encoder: Encoding mesh Loose soil particles 1440.
18:15:57 | INFO: Draco encoder: Encoding mesh Loose soil particles 1441.
18:15:57 | INFO: Draco encoder: Encoding mesh Loose soil particles 1442.
18:15:57 | INFO: Draco encoder: Encoding mesh Loose soil particles 1443.
18:15:57 | INFO: Draco encoder: Encoding mesh Loose soil particles 1444.
18:15:57 | INFO: Draco encoder: Encoding mesh Loose soil particles 1445.
18:15:57 | INFO: Draco encoder: Encoding mesh Loose soil particles 1446.
18:15:57 | INFO: Draco encoder: Encoding mesh Loose soil particles 1447.
18:15:57 | INFO: Draco encoder: Encoding mesh Loose soil particles 1448.
18:15:57 | INFO: Draco encoder: Encoding mesh Loose soil particles 1449.
18:15:57 | INFO: Draco encoder: Encoding mesh Loose soil particles 1450.
18:15:57 | INFO: Draco encoder: Encoding mesh Loose soil particles 1451.
18:15:57 | INFO: Draco encoder: Encoding mesh Loose soil particles 1452.
18:15:57 | INFO: Draco encoder: Encoding mesh Loose soil particles 1453.
18:15:57 | INFO: Draco encoder: Encoding mesh Loose soil particles 1454.
18:15:57 | INFO: Draco encoder: Encoding mesh Loose soil particles 1455.
18:15:57 | INFO: Draco encoder: Encoding mesh Loose soil particles 1456.
18:15:57 | INFO: Draco encoder: Encoding mesh Loose soil particles 1457.
18:15:57 | INFO: Draco encoder: Encoding mesh Loose soil particles 1458.
18:15:57 | INFO: Draco encoder: Encoding mesh Loose soil particles 1459.
18:15:57 | INFO: Draco encoder: Encoding mesh Loose soil particles 1460.
18:15:57 | INFO: Draco encoder: Encoding mesh Loose soil particles 1461.
18:15:57 | INFO: Draco encoder: Encoding mesh Loose soil particles 1462.
18:15:57 | INFO: Draco encoder: Encoding mesh Loose soil particles 1463.
18:15:57 | INFO: Draco encoder: Encoding mesh Loose soil particles 1464.
18:15:57 | INFO: Draco encoder: Encoding mesh Loose soil particles 1465.
18:15:57 | INFO: Draco encoder: Encoding mesh Loose soil particles 1466.
18:15:57 | INFO: Draco encoder: Encoding mesh Loose soil particles 1467.
18:15:57 | INFO: Draco encoder: Encoding mesh Loose soil particles 1468.
18:15:57 | INFO: Draco encoder: Encoding mesh Loose soil particles 1469.
18:15:57 | INFO: Draco encoder: Encoding mesh Loose soil particles 1470.
18:15:57 | INFO: Draco encoder: Encoding mesh Loose soil particles 1471.
18:15:57 | INFO: Draco encoder: Encoding mesh Loose soil particles 1472.
18:15:57 | INFO: Draco encoder: Encoding mesh Loose soil particles 1473.
18:15:57 | INFO: Draco encoder: Encoding mesh Loose soil particles 1474.
18:15:57 | INFO: Draco encoder: Encoding mesh Loose soil particles 1475.
18:15:57 | INFO: Draco encoder: Encoding mesh Loose soil particles 1476.
18:15:57 | INFO: Draco encoder: Encoding mesh Loose soil particles 1477.
18:15:57 | INFO: Draco encoder: Encoding mesh Loose soil particles 1478.
18:15:57 | INFO: Draco encoder: Encoding mesh Loose soil particles 1479.
18:15:57 | INFO: Draco encoder: Encoding mesh Loose soil particles 1480.
18:15:57 | INFO: Draco encoder: Encoding mesh Loose soil particles 1481.
18:15:57 | INFO: Draco encoder: Encoding mesh Loose soil particles 1482.
18:15:57 | INFO: Draco encoder: Encoding mesh Loose soil particles 1483.
18:15:57 | INFO: Draco encoder: Encoding mesh Loose soil particles 1484.
18:15:57 | INFO: Draco encoder: Encoding mesh Loose soil particles 1485.
18:15:57 | INFO: Draco encoder: Encoding mesh Loose soil particles 1486.
18:15:57 | INFO: Draco encoder: Encoding mesh Loose soil particles 1487.
18:15:57 | INFO: Draco encoder: Encoding mesh Loose soil particles 1488.
18:15:57 | INFO: Draco encoder: Encoding mesh Loose soil particles 1489.
18:15:57 | INFO: Draco encoder: Encoding mesh Loose soil particles 1490.
18:15:57 | INFO: Draco encoder: Encoding mesh Loose soil particles 1491.
18:15:57 | INFO: Draco encoder: Encoding mesh Loose soil particles 1492.
18:15:57 | INFO: Draco encoder: Encoding mesh Loose soil particles 1493.
18:15:57 | INFO: Draco encoder: Encoding mesh Loose soil particles 1494.
18:15:57 | INFO: Draco encoder: Encoding mesh Loose soil particles 1495.
18:15:57 | INFO: Draco encoder: Encoding mesh Loose soil particles 1496.
18:15:57 | INFO: Draco encoder: Encoding mesh Loose soil particles 1497.
18:15:57 | INFO: Draco encoder: Encoding mesh Loose soil particles 1498.
18:15:57 | INFO: Draco encoder: Encoding mesh Loose soil particles 1499.
18:15:57 | INFO: Draco encoder: Encoding mesh Loose soil particles 1500.
18:15:57 | INFO: Draco encoder: Encoding mesh Loose soil particles 1501.
18:15:57 | INFO: Draco encoder: Encoding mesh Loose soil particles 1502.
18:15:57 | INFO: Draco encoder: Encoding mesh Loose soil particles 1503.
18:15:57 | INFO: Draco encoder: Encoding mesh Loose soil particles 1504.
18:15:57 | INFO: Draco encoder: Encoding mesh Loose soil particles 1505.
18:15:57 | INFO: Draco encoder: Encoding mesh Loose soil particles 1506.
18:15:57 | INFO: Draco encoder: Encoding mesh Loose soil particles 1507.
18:15:57 | INFO: Draco encoder: Encoding mesh Loose soil particles 1508.
18:15:57 | INFO: Draco encoder: Encoding mesh Loose soil particles 1509.
18:15:57 | INFO: Draco encoder: Encoding mesh Loose soil particles 1510.
18:15:57 | INFO: Draco encoder: Encoding mesh Loose soil particles 1511.
18:15:57 | INFO: Draco encoder: Encoding mesh Loose soil particles 1512.
18:15:57 | INFO: Draco encoder: Encoding mesh Loose soil particles 1513.
18:15:57 | INFO: Draco encoder: Encoding mesh Loose soil particles 1514.
18:15:57 | INFO: Draco encoder: Encoding mesh Loose soil particles 1515.
18:15:57 | INFO: Draco encoder: Encoding mesh Loose soil particles 1516.
18:15:57 | INFO: Draco encoder: Encoding mesh Loose soil particles 1517.
18:15:57 | INFO: Draco encoder: Encoding mesh Loose soil particles 1518.
18:15:57 | INFO: Draco encoder: Encoding mesh Loose soil particles 1519.
18:15:57 | INFO: Draco encoder: Encoding mesh Loose soil particles 1520.
18:15:57 | INFO: Draco encoder: Encoding mesh Loose soil particles 1521.
18:15:57 | INFO: Draco encoder: Encoding mesh Loose soil particles 1522.
18:15:57 | INFO: Draco encoder: Encoding mesh Loose soil particles 1523.
18:15:57 | INFO: Draco encoder: Encoding mesh Loose soil particles 1524.
18:15:57 | INFO: Draco encoder: Encoding mesh Loose soil particles 1525.
18:15:57 | INFO: Draco encoder: Encoding mesh Loose soil particles 1526.
18:15:57 | INFO: Draco encoder: Encoding mesh Loose soil particles 1527.
18:15:57 | INFO: Draco encoder: Encoding mesh Loose soil particles 1528.
18:15:57 | INFO: Draco encoder: Encoding mesh Loose soil particles 1529.
18:15:57 | INFO: Draco encoder: Encoding mesh Loose soil particles 1530.
18:15:57 | INFO: Draco encoder: Encoding mesh Loose soil particles 1531.
18:15:57 | INFO: Draco encoder: Encoding mesh Loose soil particles 1532.
18:15:57 | INFO: Draco encoder: Encoding mesh Loose soil particles 1533.
18:15:57 | INFO: Draco encoder: Encoding mesh Loose soil particles 1534.
18:15:57 | INFO: Draco encoder: Encoding mesh Loose soil particles 1535.
18:15:57 | INFO: Draco encoder: Encoding mesh Loose soil particles 1536.
18:15:57 | INFO: Draco encoder: Encoding mesh Loose soil particles 1537.
18:15:57 | INFO: Draco encoder: Encoding mesh Loose soil particles 1538.
18:15:57 | INFO: Draco encoder: Encoding mesh Loose soil particles 1539.
18:15:57 | INFO: Draco encoder: Encoding mesh Loose soil particles 1540.
18:15:57 | INFO: Draco encoder: Encoding mesh Loose soil particles 1541.
18:15:57 | INFO: Draco encoder: Encoding mesh Loose soil particles 1542.
18:15:57 | INFO: Draco encoder: Encoding mesh Loose soil particles 1543.
18:15:57 | INFO: Draco encoder: Encoding mesh Loose soil particles 1544.
18:15:57 | INFO: Draco encoder: Encoding mesh Loose soil particles 1545.
18:15:57 | INFO: Draco encoder: Encoding mesh Loose soil particles 1546.
18:15:57 | INFO: Draco encoder: Encoding mesh Loose soil particles 1547.
18:15:57 | INFO: Draco encoder: Encoding mesh Loose soil particles 1548.
18:15:57 | INFO: Draco encoder: Encoding mesh Loose soil particles 1549.
18:15:57 | INFO: Draco encoder: Encoding mesh Loose soil particles 1550.
18:15:57 | INFO: Draco encoder: Encoding mesh Loose soil particles 1551.
18:15:57 | INFO: Draco encoder: Encoding mesh Loose soil particles 1552.
18:15:57 | INFO: Draco encoder: Encoding mesh Loose soil particles 1553.
18:15:57 | INFO: Draco encoder: Encoding mesh Loose soil particles 1554.
18:15:57 | INFO: Draco encoder: Encoding mesh Loose soil particles 1555.
18:15:57 | INFO: Draco encoder: Encoding mesh Loose soil particles 1556.
18:15:57 | INFO: Draco encoder: Encoding mesh Loose soil particles 1557.
18:15:57 | INFO: Draco encoder: Encoding mesh Loose soil particles 1558.
18:15:57 | INFO: Draco encoder: Encoding mesh Loose soil particles 1559.
18:15:57 | INFO: Draco encoder: Encoding mesh Loose soil particles 1560.
18:15:57 | INFO: Draco encoder: Encoding mesh Loose soil particles 1561.
18:15:57 | INFO: Draco encoder: Encoding mesh Loose soil particles 1562.
18:15:57 | INFO: Draco encoder: Encoding mesh Loose soil particles 1563.
18:15:57 | INFO: Draco encoder: Encoding mesh Loose soil particles 1564.
18:15:57 | INFO: Draco encoder: Encoding mesh Loose soil particles 1565.
18:15:57 | INFO: Draco encoder: Encoding mesh Loose soil particles 1566.
18:15:57 | INFO: Draco encoder: Encoding mesh Loose soil particles 1567.
18:15:57 | INFO: Draco encoder: Encoding mesh Loose soil particles 1568.
18:15:57 | INFO: Draco encoder: Encoding mesh Loose soil particles 1569.
18:15:57 | INFO: Draco encoder: Encoding mesh Loose soil particles 1570.
18:15:57 | INFO: Draco encoder: Encoding mesh Loose soil particles 1571.
18:15:57 | INFO: Draco encoder: Encoding mesh Loose soil particles 1572.
18:15:57 | INFO: Draco encoder: Encoding mesh Loose soil particles 1573.
18:15:57 | INFO: Draco encoder: Encoding mesh Loose soil particles 1574.
18:15:57 | INFO: Draco encoder: Encoding mesh Loose soil particles 1575.
18:15:57 | INFO: Draco encoder: Encoding mesh Loose soil particles 1576.
18:15:57 | INFO: Draco encoder: Encoding mesh Loose soil particles 1577.
18:15:57 | INFO: Draco encoder: Encoding mesh Loose soil particles 1578.
18:15:57 | INFO: Draco encoder: Encoding mesh Loose soil particles 1579.
18:15:57 | INFO: Draco encoder: Encoding mesh Loose soil particles 1580.
18:15:57 | INFO: Draco encoder: Encoding mesh Loose soil particles 1581.
18:15:57 | INFO: Draco encoder: Encoding mesh Loose soil particles 1582.
18:15:57 | INFO: Draco encoder: Encoding mesh Loose soil particles 1583.
18:15:57 | INFO: Draco encoder: Encoding mesh Loose soil particles 1584.
18:15:57 | INFO: Draco encoder: Encoding mesh Loose soil particles 1585.
18:15:57 | INFO: Draco encoder: Encoding mesh Loose soil particles 1586.
18:15:57 | INFO: Draco encoder: Encoding mesh Loose soil particles 1587.
18:15:57 | INFO: Draco encoder: Encoding mesh Loose soil particles 1588.
18:15:57 | INFO: Draco encoder: Encoding mesh Loose soil particles 1589.
18:15:57 | INFO: Draco encoder: Encoding mesh Loose soil particles 1590.
18:15:57 | INFO: Draco encoder: Encoding mesh Loose soil particles 1591.
18:15:57 | INFO: Draco encoder: Encoding mesh Loose soil particles 1592.
18:15:57 | INFO: Draco encoder: Encoding mesh Loose soil particles 1593.
18:15:57 | INFO: Draco encoder: Encoding mesh Loose soil particles 1594.
18:15:57 | INFO: Draco encoder: Encoding mesh Loose soil particles 1595.
18:15:57 | INFO: Draco encoder: Encoding mesh Loose soil particles 1596.
18:15:57 | INFO: Draco encoder: Encoding mesh Loose soil particles 1597.
18:15:57 | INFO: Draco encoder: Encoding mesh Loose soil particles 1598.
18:15:57 | INFO: Draco encoder: Encoding mesh Loose soil particles 1599.
18:15:57 | INFO: Draco encoder: Encoding mesh Loose soil particles 1600.
18:15:57 | INFO: Draco encoder: Encoding mesh Loose soil particles 1601.
18:15:57 | INFO: Draco encoder: Encoding mesh Loose soil particles 1602.
18:15:57 | INFO: Draco encoder: Encoding mesh Loose soil particles 1603.
18:15:57 | INFO: Draco encoder: Encoding mesh Loose soil particles 1604.
18:15:57 | INFO: Draco encoder: Encoding mesh Loose soil particles 1605.
18:15:57 | INFO: Draco encoder: Encoding mesh Loose soil particles 1606.
18:15:57 | INFO: Draco encoder: Encoding mesh Loose soil particles 1607.
18:15:57 | INFO: Draco encoder: Encoding mesh Loose soil particles 1608.
18:15:57 | INFO: Draco encoder: Encoding mesh Loose soil particles 1609.
18:15:57 | INFO: Draco encoder: Encoding mesh Loose soil particles 1610.
18:15:57 | INFO: Draco encoder: Encoding mesh Loose soil particles 1611.
18:15:57 | INFO: Draco encoder: Encoding mesh Loose soil particles 1612.
18:15:57 | INFO: Draco encoder: Encoding mesh Loose soil particles 1613.
18:15:57 | INFO: Draco encoder: Encoding mesh Loose soil particles 1614.
18:15:57 | INFO: Draco encoder: Encoding mesh Loose soil particles 1615.
18:15:57 | INFO: Draco encoder: Encoding mesh Loose soil particles 1616.
18:15:57 | INFO: Draco encoder: Encoding mesh Loose soil particles 1617.
18:15:57 | INFO: Draco encoder: Encoding mesh Loose soil particles 1618.
18:15:57 | INFO: Draco encoder: Encoding mesh Loose soil particles 1619.
18:15:57 | INFO: Draco encoder: Encoding mesh Loose soil particles 1620.
18:15:57 | INFO: Draco encoder: Encoding mesh Loose soil particles 1621.
18:15:57 | INFO: Draco encoder: Encoding mesh Loose soil particles 1622.
18:15:57 | INFO: Draco encoder: Encoding mesh Loose soil particles 1623.
18:15:57 | INFO: Draco encoder: Encoding mesh Loose soil particles 1624.
18:15:57 | INFO: Draco encoder: Encoding mesh Loose soil particles 1625.
18:15:57 | INFO: Draco encoder: Encoding mesh Loose soil particles 1626.
18:15:57 | INFO: Draco encoder: Encoding mesh Loose soil particles 1627.
18:15:57 | INFO: Draco encoder: Encoding mesh Loose soil particles 1628.
18:15:57 | INFO: Draco encoder: Encoding mesh Loose soil particles 1629.
18:15:57 | INFO: Draco encoder: Encoding mesh Loose soil particles 1630.
18:15:57 | INFO: Draco encoder: Encoding mesh Loose soil particles 1631.
18:15:57 | INFO: Draco encoder: Encoding mesh Loose soil particles 1632.
18:15:57 | INFO: Draco encoder: Encoding mesh Loose soil particles 1633.
18:15:57 | INFO: Draco encoder: Encoding mesh Loose soil particles 1634.
18:15:57 | INFO: Draco encoder: Encoding mesh Loose soil particles 1635.
18:15:57 | INFO: Draco encoder: Encoding mesh Loose soil particles 1636.
18:15:57 | INFO: Draco encoder: Encoding mesh Loose soil particles 1637.
18:15:57 | INFO: Draco encoder: Encoding mesh Loose soil particles 1638.
18:15:57 | INFO: Draco encoder: Encoding mesh Loose soil particles 1639.
18:15:57 | INFO: Draco encoder: Encoding mesh Loose soil particles 1640.
18:15:57 | INFO: Draco encoder: Encoding mesh Loose soil particles 1641.
18:15:57 | INFO: Draco encoder: Encoding mesh Loose soil particles 1642.
18:15:57 | INFO: Draco encoder: Encoding mesh Loose soil particles 1643.
18:15:57 | INFO: Draco encoder: Encoding mesh Loose soil particles 1644.
18:15:57 | INFO: Draco encoder: Encoding mesh Loose soil particles 1645.
18:15:57 | INFO: Draco encoder: Encoding mesh Loose soil particles 1646.
18:15:57 | INFO: Draco encoder: Encoding mesh Loose soil particles 1647.
18:15:57 | INFO: Draco encoder: Encoding mesh Loose soil particles 1648.
18:15:57 | INFO: Draco encoder: Encoding mesh Loose soil particles 1649.
18:15:57 | INFO: Draco encoder: Encoding mesh Loose soil particles 1650.
18:15:57 | INFO: Draco encoder: Encoding mesh Loose soil particles 1651.
18:15:57 | INFO: Draco encoder: Encoding mesh Loose soil particles 1652.
18:15:57 | INFO: Draco encoder: Encoding mesh Loose soil particles 1653.
18:15:57 | INFO: Draco encoder: Encoding mesh Loose soil particles 1654.
18:15:57 | INFO: Draco encoder: Encoding mesh Loose soil particles 1655.
18:15:57 | INFO: Draco encoder: Encoding mesh Loose soil particles 1656.
18:15:57 | INFO: Draco encoder: Encoding mesh Loose soil particles 1657.
18:15:57 | INFO: Draco encoder: Encoding mesh Loose soil particles 1658.
18:15:57 | INFO: Draco encoder: Encoding mesh Loose soil particles 1659.
18:15:57 | INFO: Draco encoder: Encoding mesh Loose soil particles 1660.
18:15:57 | INFO: Draco encoder: Encoding mesh Loose soil particles 1661.
18:15:57 | INFO: Draco encoder: Encoding mesh Loose soil particles 1662.
18:15:57 | INFO: Draco encoder: Encoding mesh Loose soil particles 1663.
18:15:57 | INFO: Draco encoder: Encoding mesh Loose soil particles 1664.
18:15:57 | INFO: Draco encoder: Encoding mesh Loose soil particles 1665.
18:15:57 | INFO: Draco encoder: Encoding mesh Loose soil particles 1666.
18:15:57 | INFO: Draco encoder: Encoding mesh Loose soil particles 1667.
18:15:57 | INFO: Draco encoder: Encoding mesh Loose soil particles 1668.
18:15:57 | INFO: Draco encoder: Encoding mesh Loose soil particles 1669.
18:15:57 | INFO: Draco encoder: Encoding mesh Loose soil particles 1670.
18:15:57 | INFO: Draco encoder: Encoding mesh Loose soil particles 1671.
18:15:57 | INFO: Draco encoder: Encoding mesh Loose soil particles 1672.
18:15:57 | INFO: Draco encoder: Encoding mesh Loose soil particles 1673.
18:15:57 | INFO: Draco encoder: Encoding mesh Loose soil particles 1674.
18:15:57 | INFO: Draco encoder: Encoding mesh Loose soil particles 1675.
18:15:57 | INFO: Draco encoder: Encoding mesh Loose soil particles 1676.
18:15:57 | INFO: Draco encoder: Encoding mesh Loose soil particles 1677.
18:15:57 | INFO: Draco encoder: Encoding mesh Loose soil particles 1678.
18:15:57 | INFO: Draco encoder: Encoding mesh Loose soil particles 1679.
18:15:57 | INFO: Draco encoder: Encoding mesh Loose soil particles 1680.
18:15:57 | INFO: Draco encoder: Encoding mesh Loose soil particles 1681.
18:15:57 | INFO: Draco encoder: Encoding mesh Loose soil particles 1682.
18:15:57 | INFO: Draco encoder: Encoding mesh Loose soil particles 1683.
18:15:57 | INFO: Draco encoder: Encoding mesh Loose soil particles 1684.
18:15:57 | INFO: Draco encoder: Encoding mesh Loose soil particles 1685.
18:15:57 | INFO: Draco encoder: Encoding mesh Loose soil particles 1686.
18:15:57 | INFO: Draco encoder: Encoding mesh Loose soil particles 1687.
18:15:57 | INFO: Draco encoder: Encoding mesh Loose soil particles 1688.
18:15:57 | INFO: Draco encoder: Encoding mesh Loose soil particles 1689.
18:15:57 | INFO: Draco encoder: Encoding mesh Loose soil particles 1690.
18:15:57 | INFO: Draco encoder: Encoding mesh Loose soil particles 1691.
18:15:57 | INFO: Draco encoder: Encoding mesh Loose soil particles 1692.
18:15:57 | INFO: Draco encoder: Encoding mesh Loose soil particles 1693.
18:15:57 | INFO: Draco encoder: Encoding mesh Loose soil particles 1694.
18:15:57 | INFO: Draco encoder: Encoding mesh Loose soil particles 1695.
18:15:57 | INFO: Draco encoder: Encoding mesh Loose soil particles 1696.
18:15:57 | INFO: Draco encoder: Encoding mesh Loose soil particles 1697.
18:15:57 | INFO: Draco encoder: Encoding mesh Loose soil particles 1698.
18:15:57 | INFO: Draco encoder: Encoding mesh Loose soil particles 1699.
18:15:57 | INFO: Draco encoder: Encoding mesh Loose soil particles 1700.
18:15:57 | INFO: Draco encoder: Encoding mesh Loose soil particles 1701.
18:15:57 | INFO: Draco encoder: Encoding mesh Loose soil particles 1702.
18:15:57 | INFO: Draco encoder: Encoding mesh Loose soil particles 1703.
18:15:57 | INFO: Draco encoder: Encoding mesh Loose soil particles 1704.
18:15:57 | INFO: Draco encoder: Encoding mesh Loose soil particles 1705.
18:15:57 | INFO: Draco encoder: Encoding mesh Loose soil particles 1706.
18:15:57 | INFO: Draco encoder: Encoding mesh Loose soil particles 1707.
18:15:57 | INFO: Draco encoder: Encoding mesh Loose soil particles 1708.
18:15:57 | INFO: Draco encoder: Encoding mesh Loose soil particles 1709.
18:15:57 | INFO: Draco encoder: Encoding mesh Loose soil particles 1710.
18:15:57 | INFO: Draco encoder: Encoding mesh Loose soil particles 1711.
18:15:57 | INFO: Draco encoder: Encoding mesh Loose soil particles 1712.
18:15:57 | INFO: Draco encoder: Encoding mesh Loose soil particles 1713.
18:15:57 | INFO: Draco encoder: Encoding mesh Loose soil particles 1714.
18:15:57 | INFO: Draco encoder: Encoding mesh Loose soil particles 1715.
18:15:57 | INFO: Draco encoder: Encoding mesh Loose soil particles 1716.
18:15:57 | INFO: Draco encoder: Encoding mesh Loose soil particles 1717.
18:15:57 | INFO: Draco encoder: Encoding mesh Loose soil particles 1718.
18:15:57 | INFO: Draco encoder: Encoding mesh Loose soil particles 1719.
18:15:57 | INFO: Draco encoder: Encoding mesh Loose soil particles 1720.
18:15:57 | INFO: Draco encoder: Encoding mesh Loose soil particles 1721.
18:15:57 | INFO: Draco encoder: Encoding mesh Loose soil particles 1722.
18:15:57 | INFO: Draco encoder: Encoding mesh Loose soil particles 1723.
18:15:57 | INFO: Draco encoder: Encoding mesh Loose soil particles 1724.
18:15:57 | INFO: Draco encoder: Encoding mesh Loose soil particles 1725.
18:15:57 | INFO: Draco encoder: Encoding mesh Loose soil particles 1726.
18:15:57 | INFO: Draco encoder: Encoding mesh Loose soil particles 1727.
18:15:57 | INFO: Draco encoder: Encoding mesh Loose soil particles 1728.
18:15:57 | INFO: Draco encoder: Encoding mesh Loose soil particles 1729.
18:15:57 | INFO: Draco encoder: Encoding mesh Loose soil particles 1730.
18:15:57 | INFO: Draco encoder: Encoding mesh Loose soil particles 1731.
18:15:57 | INFO: Draco encoder: Encoding mesh Loose soil particles 1732.
18:15:57 | INFO: Draco encoder: Encoding mesh Loose soil particles 1733.
18:15:57 | INFO: Draco encoder: Encoding mesh Loose soil particles 1734.
18:15:57 | INFO: Draco encoder: Encoding mesh Loose soil particles 1735.
18:15:57 | INFO: Draco encoder: Encoding mesh Loose soil particles 1736.
18:15:57 | INFO: Draco encoder: Encoding mesh Loose soil particles 1737.
18:15:57 | INFO: Draco encoder: Encoding mesh Loose soil particles 1738.
18:15:57 | INFO: Draco encoder: Encoding mesh Loose soil particles 1739.
18:15:57 | INFO: Draco encoder: Encoding mesh Loose soil particles 1740.
18:15:57 | INFO: Draco encoder: Encoding mesh Loose soil particles 1741.
18:15:57 | INFO: Draco encoder: Encoding mesh Loose soil particles 1742.
18:15:57 | INFO: Draco encoder: Encoding mesh Loose soil particles 1743.
18:15:57 | INFO: Draco encoder: Encoding mesh Loose soil particles 1744.
18:15:57 | INFO: Draco encoder: Encoding mesh Loose soil particles 1745.
18:15:57 | INFO: Draco encoder: Encoding mesh Loose soil particles 1746.
18:15:57 | INFO: Draco encoder: Encoding mesh Loose soil particles 1747.
18:15:57 | INFO: Draco encoder: Encoding mesh Loose soil particles 1748.
18:15:57 | INFO: Draco encoder: Encoding mesh Loose soil particles 1749.
18:15:57 | INFO: Draco encoder: Encoding mesh Loose soil particles 1750.
18:15:57 | INFO: Draco encoder: Encoding mesh Loose soil particles 1751.
18:15:57 | INFO: Draco encoder: Encoding mesh Loose soil particles 1752.
18:15:57 | INFO: Draco encoder: Encoding mesh Loose soil particles 1753.
18:15:57 | INFO: Draco encoder: Encoding mesh Loose soil particles 1754.
18:15:57 | INFO: Draco encoder: Encoding mesh Loose soil particles 1755.
18:15:57 | INFO: Draco encoder: Encoding mesh Loose soil particles 1756.
18:15:57 | INFO: Draco encoder: Encoding mesh Loose soil particles 1757.
18:15:57 | INFO: Draco encoder: Encoding mesh Loose soil particles 1758.
18:15:57 | INFO: Draco encoder: Encoding mesh Loose soil particles 1759.
18:15:57 | INFO: Draco encoder: Encoding mesh Loose soil particles 1760.
18:15:57 | INFO: Draco encoder: Encoding mesh Loose soil particles 1761.
18:15:57 | INFO: Draco encoder: Encoding mesh Loose soil particles 1762.
18:15:57 | INFO: Draco encoder: Encoding mesh Loose soil particles 1763.
18:15:57 | INFO: Draco encoder: Encoding mesh Loose soil particles 1764.
18:15:57 | INFO: Draco encoder: Encoding mesh Loose soil particles 1765.
18:15:57 | INFO: Draco encoder: Encoding mesh Loose soil particles 1766.
18:15:57 | INFO: Draco encoder: Encoding mesh Loose soil particles 1767.
18:15:57 | INFO: Draco encoder: Encoding mesh Loose soil particles 1768.
18:15:57 | INFO: Draco encoder: Encoding mesh Loose soil particles 1769.
18:15:57 | INFO: Draco encoder: Encoding mesh Loose soil particles 1770.
18:15:57 | INFO: Draco encoder: Encoding mesh Loose soil particles 1771.
18:15:57 | INFO: Draco encoder: Encoding mesh Loose soil particles 1772.
18:15:57 | INFO: Draco encoder: Encoding mesh Loose soil particles 1773.
18:15:57 | INFO: Draco encoder: Encoding mesh Loose soil particles 1774.
18:15:57 | INFO: Draco encoder: Encoding mesh Loose soil particles 1775.
18:15:57 | INFO: Draco encoder: Encoding mesh Loose soil particles 1776.
18:15:57 | INFO: Draco encoder: Encoding mesh Loose soil particles 1777.
18:15:57 | INFO: Draco encoder: Encoding mesh Loose soil particles 1778.
18:15:57 | INFO: Draco encoder: Encoding mesh Loose soil particles 1779.
18:15:57 | INFO: Draco encoder: Encoding mesh Loose soil particles 1780.
18:15:57 | INFO: Draco encoder: Encoding mesh Loose soil particles 1781.
18:15:57 | INFO: Draco encoder: Encoding mesh Loose soil particles 1782.
18:15:57 | INFO: Draco encoder: Encoding mesh Loose soil particles 1783.
18:15:57 | INFO: Draco encoder: Encoding mesh Loose soil particles 1784.
18:15:57 | INFO: Draco encoder: Encoding mesh Loose soil particles 1785.
18:15:57 | INFO: Draco encoder: Encoding mesh Loose soil particles 1786.
18:15:57 | INFO: Draco encoder: Encoding mesh Loose soil particles 1787.
18:15:57 | INFO: Draco encoder: Encoding mesh Loose soil particles 1788.
18:15:57 | INFO: Draco encoder: Encoding mesh Loose soil particles 1789.
18:15:57 | INFO: Draco encoder: Encoding mesh Loose soil particles 1790.
18:15:57 | INFO: Draco encoder: Encoding mesh Loose soil particles 1791.
18:15:57 | INFO: Draco encoder: Encoding mesh Loose soil particles 1792.
18:15:57 | INFO: Draco encoder: Encoding mesh Loose soil particles 1793.
18:15:57 | INFO: Draco encoder: Encoding mesh Loose soil particles 1794.
18:15:57 | INFO: Draco encoder: Encoding mesh Loose soil particles 1795.
18:15:57 | INFO: Draco encoder: Encoding mesh Loose soil particles 1796.
18:15:57 | INFO: Draco encoder: Encoding mesh Loose soil particles 1797.
18:15:57 | INFO: Draco encoder: Encoding mesh Loose soil particles 1798.
18:15:57 | INFO: Draco encoder: Encoding mesh Loose soil particles 1799.
18:15:57 | INFO: Draco encoder: Encoding mesh Loose soil particles 1800.
18:15:57 | INFO: Draco encoder: Encoding mesh Loose soil particles 1801.
18:15:57 | INFO: Draco encoder: Encoding mesh Loose soil particles 1802.
18:15:57 | INFO: Draco encoder: Encoding mesh Loose soil particles 1803.
18:15:57 | INFO: Draco encoder: Encoding mesh Loose soil particles 1804.
18:15:57 | INFO: Draco encoder: Encoding mesh Loose soil particles 1805.
18:15:57 | INFO: Draco encoder: Encoding mesh Loose soil particles 1806.
18:15:57 | INFO: Draco encoder: Encoding mesh Loose soil particles 1807.
18:15:57 | INFO: Draco encoder: Encoding mesh Loose soil particles 1808.
18:15:57 | INFO: Draco encoder: Encoding mesh Loose soil particles 1809.
18:15:57 | INFO: Draco encoder: Encoding mesh Loose soil particles 1810.
18:15:57 | INFO: Draco encoder: Encoding mesh Loose soil particles 1811.
18:15:57 | INFO: Draco encoder: Encoding mesh Loose soil particles 1812.
18:15:57 | INFO: Draco encoder: Encoding mesh Loose soil particles 1813.
18:15:57 | INFO: Draco encoder: Encoding mesh Loose soil particles 1814.
18:15:57 | INFO: Draco encoder: Encoding mesh Loose soil particles 1815.
18:15:57 | INFO: Draco encoder: Encoding mesh Loose soil particles 1816.
18:15:57 | INFO: Draco encoder: Encoding mesh Loose soil particles 1817.
18:15:57 | INFO: Draco encoder: Encoding mesh Loose soil particles 1818.
18:15:57 | INFO: Draco encoder: Encoding mesh Loose soil particles 1819.
18:15:57 | INFO: Draco encoder: Encoding mesh Loose soil particles 1820.
18:15:57 | INFO: Draco encoder: Encoding mesh Loose soil particles 1821.
18:15:57 | INFO: Draco encoder: Encoding mesh Loose soil particles 1822.
18:15:57 | INFO: Draco encoder: Encoding mesh Loose soil particles 1823.
18:15:57 | INFO: Draco encoder: Encoding mesh Loose soil particles 1824.
18:15:57 | INFO: Draco encoder: Encoding mesh Loose soil particles 1825.
18:15:57 | INFO: Draco encoder: Encoding mesh Loose soil particles 1826.
18:15:57 | INFO: Draco encoder: Encoding mesh Loose soil particles 1827.
18:15:57 | INFO: Draco encoder: Encoding mesh Loose soil particles 1828.
18:15:57 | INFO: Draco encoder: Encoding mesh Loose soil particles 1829.
18:15:57 | INFO: Draco encoder: Encoding mesh Loose soil particles 1830.
18:15:57 | INFO: Draco encoder: Encoding mesh Loose soil particles 1831.
18:15:57 | INFO: Draco encoder: Encoding mesh Loose soil particles 1832.
18:15:57 | INFO: Draco encoder: Encoding mesh Loose soil particles 1833.
18:15:57 | INFO: Draco encoder: Encoding mesh Loose soil particles 1834.
18:15:57 | INFO: Draco encoder: Encoding mesh Loose soil particles 1835.
18:15:57 | INFO: Draco encoder: Encoding mesh Loose soil particles 1836.
18:15:57 | INFO: Draco encoder: Encoding mesh Loose soil particles 1837.
18:15:57 | INFO: Draco encoder: Encoding mesh Loose soil particles 1838.
18:15:57 | INFO: Draco encoder: Encoding mesh Loose soil particles 1839.
18:15:57 | INFO: Draco encoder: Encoding mesh Loose soil particles 1840.
18:15:57 | INFO: Draco encoder: Encoding mesh Loose soil particles 1841.
18:15:57 | INFO: Draco encoder: Encoding mesh Loose soil particles 1842.
18:15:57 | INFO: Draco encoder: Encoding mesh Loose soil particles 1843.
18:15:57 | INFO: Draco encoder: Encoding mesh Loose soil particles 1844.
18:15:57 | INFO: Draco encoder: Encoding mesh Loose soil particles 1845.
18:15:57 | INFO: Draco encoder: Encoding mesh Loose soil particles 1846.
18:15:57 | INFO: Draco encoder: Encoding mesh Loose soil particles 1847.
18:15:57 | INFO: Draco encoder: Encoding mesh Loose soil particles 1848.
18:15:57 | INFO: Draco encoder: Encoding mesh Loose soil particles 1849.
18:15:57 | INFO: Draco encoder: Encoding mesh Loose soil particles 1850.
18:15:57 | INFO: Draco encoder: Encoding mesh Loose soil particles 1851.
18:15:57 | INFO: Draco encoder: Encoding mesh Loose soil particles 1852.
18:15:57 | INFO: Draco encoder: Encoding mesh Loose soil particles 1853.
18:15:57 | INFO: Draco encoder: Encoding mesh Loose soil particles 1854.
18:15:57 | INFO: Draco encoder: Encoding mesh Loose soil particles 1855.
18:15:57 | INFO: Draco encoder: Encoding mesh Loose soil particles 1856.
18:15:57 | INFO: Draco encoder: Encoding mesh Loose soil particles 1857.
18:15:57 | INFO: Draco encoder: Encoding mesh Loose soil particles 1858.
18:15:57 | INFO: Draco encoder: Encoding mesh Loose soil particles 1859.
18:15:57 | INFO: Draco encoder: Encoding mesh Loose soil particles 1860.
18:15:57 | INFO: Draco encoder: Encoding mesh Loose soil particles 1861.
18:15:57 | INFO: Draco encoder: Encoding mesh Loose soil particles 1862.
18:15:57 | INFO: Draco encoder: Encoding mesh Loose soil particles 1863.
18:15:57 | INFO: Draco encoder: Encoding mesh Loose soil particles 1864.
18:15:57 | INFO: Draco encoder: Encoding mesh Loose soil particles 1865.
18:15:57 | INFO: Draco encoder: Encoding mesh Loose soil particles 1866.
18:15:57 | INFO: Draco encoder: Encoding mesh Loose soil particles 1867.
18:15:57 | INFO: Draco encoder: Encoding mesh Loose soil particles 1868.
18:15:57 | INFO: Draco encoder: Encoding mesh Loose soil particles 1869.
18:15:57 | INFO: Draco encoder: Encoding mesh Loose soil particles 1870.
18:15:57 | INFO: Draco encoder: Encoding mesh Loose soil particles 1871.
18:15:57 | INFO: Draco encoder: Encoding mesh Loose soil particles 1872.
18:15:57 | INFO: Draco encoder: Encoding mesh Loose soil particles 1873.
18:15:57 | INFO: Draco encoder: Encoding mesh Loose soil particles 1874.
18:15:57 | INFO: Draco encoder: Encoding mesh Loose soil particles 1875.
18:15:57 | INFO: Draco encoder: Encoding mesh Loose soil particles 1876.
18:15:57 | INFO: Draco encoder: Encoding mesh Loose soil particles 1877.
18:15:57 | INFO: Draco encoder: Encoding mesh Loose soil particles 1878.
18:15:57 | INFO: Draco encoder: Encoding mesh Loose soil particles 1879.
18:15:57 | INFO: Draco encoder: Encoding mesh Loose soil particles 1880.
18:15:57 | INFO: Draco encoder: Encoding mesh Loose soil particles 1881.
18:15:57 | INFO: Draco encoder: Encoding mesh Loose soil particles 1882.
18:15:57 | INFO: Draco encoder: Encoding mesh Loose soil particles 1883.
18:15:57 | INFO: Draco encoder: Encoding mesh Loose soil particles 1884.
18:15:57 | INFO: Draco encoder: Encoding mesh Loose soil particles 1885.
18:15:57 | INFO: Draco encoder: Encoding mesh Loose soil particles 1886.
18:15:57 | INFO: Draco encoder: Encoding mesh Loose soil particles 1887.
18:15:57 | INFO: Draco encoder: Encoding mesh Loose soil particles 1888.
18:15:57 | INFO: Draco encoder: Encoding mesh Loose soil particles 1889.
18:15:57 | INFO: Draco encoder: Encoding mesh Loose soil particles 1890.
18:15:57 | INFO: Draco encoder: Encoding mesh Loose soil particles 1891.
18:15:57 | INFO: Draco encoder: Encoding mesh Loose soil particles 1892.
18:15:57 | INFO: Draco encoder: Encoding mesh Loose soil particles 1893.
18:15:57 | INFO: Draco encoder: Encoding mesh Loose soil particles 1894.
18:15:57 | INFO: Draco encoder: Encoding mesh Loose soil particles 1895.
18:15:57 | INFO: Draco encoder: Encoding mesh Loose soil particles 1896.
18:15:57 | INFO: Draco encoder: Encoding mesh Loose soil particles 1897.
18:15:57 | INFO: Draco encoder: Encoding mesh Loose soil particles 1898.
18:15:57 | INFO: Draco encoder: Encoding mesh Loose soil particles 1899.
18:15:57 | INFO: Draco encoder: Encoding mesh Loose soil particles 1900.
18:15:57 | INFO: Draco encoder: Encoding mesh Loose soil particles 1901.
18:15:57 | INFO: Draco encoder: Encoding mesh Loose soil particles 1902.
18:15:57 | INFO: Draco encoder: Encoding mesh Loose soil particles 1903.
18:15:57 | INFO: Draco encoder: Encoding mesh Loose soil particles 1904.
18:15:57 | INFO: Draco encoder: Encoding mesh Loose soil particles 1905.
18:15:57 | INFO: Draco encoder: Encoding mesh Loose soil particles 1906.
18:15:57 | INFO: Draco encoder: Encoding mesh Loose soil particles 1907.
18:15:57 | INFO: Draco encoder: Encoding mesh Loose soil particles 1908.
18:15:57 | INFO: Draco encoder: Encoding mesh Loose soil particles 1909.
18:15:57 | INFO: Draco encoder: Encoding mesh Loose soil particles 1910.
18:15:57 | INFO: Draco encoder: Encoding mesh Loose soil particles 1911.
18:15:57 | INFO: Draco encoder: Encoding mesh Loose soil particles 1912.
18:15:57 | INFO: Draco encoder: Encoding mesh Loose soil particles 1913.
18:15:57 | INFO: Draco encoder: Encoding mesh Loose soil particles 1914.
18:15:57 | INFO: Draco encoder: Encoding mesh Loose soil particles 1915.
18:15:57 | INFO: Draco encoder: Encoding mesh Loose soil particles 1916.
18:15:57 | INFO: Draco encoder: Encoding mesh Loose soil particles 1917.
18:15:57 | INFO: Draco encoder: Encoding mesh Loose soil particles 1918.
18:15:57 | INFO: Draco encoder: Encoding mesh Loose soil particles 1919.
18:15:57 | INFO: Draco encoder: Encoding mesh Loose soil particles 1920.
18:15:57 | INFO: Draco encoder: Encoding mesh Loose soil particles 1921.
18:15:57 | INFO: Draco encoder: Encoding mesh Loose soil particles 1922.
18:15:57 | INFO: Draco encoder: Encoding mesh Loose soil particles 1923.
18:15:57 | INFO: Draco encoder: Encoding mesh Loose soil particles 1924.
18:15:57 | INFO: Draco encoder: Encoding mesh Loose soil particles 1925.
18:15:57 | INFO: Draco encoder: Encoding mesh Loose soil particles 1926.
18:15:57 | INFO: Draco encoder: Encoding mesh Loose soil particles 1927.
18:15:57 | INFO: Draco encoder: Encoding mesh Loose soil particles 1928.
18:15:57 | INFO: Draco encoder: Encoding mesh Loose soil particles 1929.
18:15:57 | INFO: Draco encoder: Encoding mesh Loose soil particles 1930.
18:15:57 | INFO: Draco encoder: Encoding mesh Loose soil particles 1931.
18:15:57 | INFO: Draco encoder: Encoding mesh Loose soil particles 1932.
18:15:57 | INFO: Draco encoder: Encoding mesh Loose soil particles 1933.
18:15:57 | INFO: Draco encoder: Encoding mesh Loose soil particles 1934.
18:15:57 | INFO: Draco encoder: Encoding mesh Loose soil particles 1935.
18:15:57 | INFO: Draco encoder: Encoding mesh Loose soil particles 1936.
18:15:57 | INFO: Draco encoder: Encoding mesh Loose soil particles 1937.
18:15:57 | INFO: Draco encoder: Encoding mesh Loose soil particles 1938.
18:15:57 | INFO: Draco encoder: Encoding mesh Loose soil particles 1939.
18:15:57 | INFO: Draco encoder: Encoding mesh Loose soil particles 1940.
18:15:57 | INFO: Draco encoder: Encoding mesh Loose soil particles 1941.
18:15:57 | INFO: Draco encoder: Encoding mesh Loose soil particles 1942.
18:15:57 | INFO: Draco encoder: Encoding mesh Loose soil particles 1943.
18:15:57 | INFO: Draco encoder: Encoding mesh Loose soil particles 1944.
18:15:57 | INFO: Draco encoder: Encoding mesh Loose soil particles 1945.
18:15:57 | INFO: Draco encoder: Encoding mesh Loose soil particles 1946.
18:15:57 | INFO: Draco encoder: Encoding mesh Loose soil particles 1947.
18:15:57 | INFO: Draco encoder: Encoding mesh Loose soil particles 1948.
18:15:57 | INFO: Draco encoder: Encoding mesh Loose soil particles 1949.
18:15:57 | INFO: Draco encoder: Encoding mesh Loose soil particles 1950.
18:15:57 | INFO: Draco encoder: Encoding mesh Loose soil particles 1951.
18:15:57 | INFO: Draco encoder: Encoding mesh Loose soil particles 1952.
18:15:57 | INFO: Draco encoder: Encoding mesh Loose soil particles 1953.
18:15:57 | INFO: Draco encoder: Encoding mesh Loose soil particles 1954.
18:15:57 | INFO: Draco encoder: Encoding mesh Loose soil particles 1955.
18:15:57 | INFO: Draco encoder: Encoding mesh Loose soil particles 1956.
18:15:57 | INFO: Draco encoder: Encoding mesh Loose soil particles 1957.
18:15:57 | INFO: Draco encoder: Encoding mesh Loose soil particles 1958.
18:15:57 | INFO: Draco encoder: Encoding mesh Loose soil particles 1959.
18:15:57 | INFO: Draco encoder: Encoding mesh Loose soil particles 1960.
18:15:57 | INFO: Draco encoder: Encoding mesh Loose soil particles 1961.
18:15:57 | INFO: Draco encoder: Encoding mesh Loose soil particles 1962.
18:15:57 | INFO: Draco encoder: Encoding mesh Loose soil particles 1963.
18:15:57 | INFO: Draco encoder: Encoding mesh Loose soil particles 1964.
18:15:57 | INFO: Draco encoder: Encoding mesh Loose soil particles 1965.
18:15:57 | INFO: Draco encoder: Encoding mesh Loose soil particles 1966.
18:15:57 | INFO: Draco encoder: Encoding mesh Loose soil particles 1967.
18:15:57 | INFO: Draco encoder: Encoding mesh Loose soil particles 1968.
18:15:57 | INFO: Draco encoder: Encoding mesh Loose soil particles 1969.
18:15:57 | INFO: Draco encoder: Encoding mesh Loose soil particles 1970.
18:15:57 | INFO: Draco encoder: Encoding mesh Loose soil particles 1971.
18:15:57 | INFO: Draco encoder: Encoding mesh Loose soil particles 1972.
18:15:57 | INFO: Draco encoder: Encoding mesh Loose soil particles 1973.
18:15:57 | INFO: Draco encoder: Encoding mesh Loose soil particles 1974.
18:15:57 | INFO: Draco encoder: Encoding mesh Loose soil particles 1975.
18:15:57 | INFO: Draco encoder: Encoding mesh Loose soil particles 1976.
18:15:57 | INFO: Draco encoder: Encoding mesh Loose soil particles 1977.
18:15:57 | INFO: Draco encoder: Encoding mesh Loose soil particles 1978.
18:15:57 | INFO: Draco encoder: Encoding mesh Loose soil particles 1979.
18:15:57 | INFO: Draco encoder: Encoding mesh Loose soil particles 1980.
18:15:57 | INFO: Draco encoder: Encoding mesh Loose soil particles 1981.
18:15:57 | INFO: Draco encoder: Encoding mesh Loose soil particles 1982.
18:15:57 | INFO: Draco encoder: Encoding mesh Loose soil particles 1983.
18:15:57 | INFO: Draco encoder: Encoding mesh Loose soil particles 1984.
18:15:57 | INFO: Draco encoder: Encoding mesh Loose soil particles 1985.
18:15:57 | INFO: Draco encoder: Encoding mesh Loose soil particles 1986.
18:15:57 | INFO: Draco encoder: Encoding mesh Loose soil particles 1987.
18:15:57 | INFO: Draco encoder: Encoding mesh Loose soil particles 1988.
18:15:57 | INFO: Draco encoder: Encoding mesh Loose soil particles 1989.
18:15:57 | INFO: Draco encoder: Encoding mesh Loose soil particles 1990.
18:15:57 | INFO: Draco encoder: Encoding mesh Loose soil particles 1991.
18:15:57 | INFO: Draco encoder: Encoding mesh Loose soil particles 1992.
18:15:57 | INFO: Draco encoder: Encoding mesh Loose soil particles 1993.
18:15:57 | INFO: Draco encoder: Encoding mesh Loose soil particles 1994.
18:15:57 | INFO: Draco encoder: Encoding mesh Loose soil particles 1995.
18:15:57 | INFO: Draco encoder: Encoding mesh Loose soil particles 1996.
18:15:57 | INFO: Draco encoder: Encoding mesh Loose soil particles 1997.
18:15:57 | INFO: Draco encoder: Encoding mesh Loose soil particles 1998.
18:15:57 | INFO: Draco encoder: Encoding mesh Loose soil particles 1999.
18:15:57 | INFO: Draco encoder: Encoding mesh Loose soil particles 2000.
18:15:57 | INFO: Draco encoder: Encoding mesh Loose soil particles 2001.
18:15:57 | INFO: Draco encoder: Encoding mesh Loose soil particles 2002.
18:15:57 | INFO: Draco encoder: Encoding mesh Loose soil particles 2003.
18:15:57 | INFO: Draco encoder: Encoding mesh Loose soil particles 2004.
18:15:57 | INFO: Draco encoder: Encoding mesh Loose soil particles 2005.
18:15:57 | INFO: Draco encoder: Encoding mesh Loose soil particles 2006.
18:15:57 | INFO: Draco encoder: Encoding mesh Loose soil particles 2007.
18:15:57 | INFO: Draco encoder: Encoding mesh Loose soil particles 2008.
18:15:57 | INFO: Draco encoder: Encoding mesh Loose soil particles 2009.
18:15:57 | INFO: Draco encoder: Encoding mesh Loose soil particles 2010.
18:15:57 | INFO: Draco encoder: Encoding mesh Loose soil particles 2011.
18:15:57 | INFO: Draco encoder: Encoding mesh Loose soil particles 2012.
18:15:57 | INFO: Draco encoder: Encoding mesh Loose soil particles 2013.
18:15:57 | INFO: Draco encoder: Encoding mesh Loose soil particles 2014.
18:15:57 | INFO: Draco encoder: Encoding mesh Loose soil particles 2015.
18:15:57 | INFO: Draco encoder: Encoding mesh Loose soil particles 2016.
18:15:57 | INFO: Draco encoder: Encoding mesh Loose soil particles 2017.
18:15:57 | INFO: Draco encoder: Encoding mesh Loose soil particles 2018.
18:15:57 | INFO: Draco encoder: Encoding mesh Loose soil particles 2019.
18:15:57 | INFO: Draco encoder: Encoding mesh Loose soil particles 2020.
18:15:57 | INFO: Draco encoder: Encoding mesh Loose soil particles 2021.
18:15:57 | INFO: Draco encoder: Encoding mesh Loose soil particles 2022.
18:15:57 | INFO: Draco encoder: Encoding mesh Loose soil particles 2023.
18:15:57 | INFO: Draco encoder: Encoding mesh Loose soil particles 2024.
18:15:57 | INFO: Draco encoder: Encoding mesh Loose soil particles 2025.
18:15:57 | INFO: Draco encoder: Encoding mesh Loose soil particles 2026.
18:15:57 | INFO: Draco encoder: Encoding mesh Loose soil particles 2027.
18:15:57 | INFO: Draco encoder: Encoding mesh Loose soil particles 2028.
18:15:57 | INFO: Draco encoder: Encoding mesh Loose soil particles 2029.
18:15:57 | INFO: Draco encoder: Encoding mesh Loose soil particles 2030.
18:15:57 | INFO: Draco encoder: Encoding mesh Loose soil particles 2031.
18:15:57 | INFO: Draco encoder: Encoding mesh Loose soil particles 2032.
18:15:57 | INFO: Draco encoder: Encoding mesh Loose soil particles 2033.
18:15:57 | INFO: Draco encoder: Encoding mesh Loose soil particles 2034.
18:15:57 | INFO: Draco encoder: Encoding mesh Loose soil particles 2035.
18:15:57 | INFO: Draco encoder: Encoding mesh Loose soil particles 2036.
18:15:57 | INFO: Draco encoder: Encoding mesh Loose soil particles 2037.
18:15:57 | INFO: Draco encoder: Encoding mesh Loose soil particles 2038.
18:15:57 | INFO: Draco encoder: Encoding mesh Loose soil particles 2039.
18:15:57 | INFO: Draco encoder: Encoding mesh Loose soil particles 2040.
18:15:57 | INFO: Draco encoder: Encoding mesh Loose soil particles 2041.
18:15:57 | INFO: Draco encoder: Encoding mesh Loose soil particles 2042.
18:15:57 | INFO: Draco encoder: Encoding mesh Loose soil particles 2043.
18:15:57 | INFO: Draco encoder: Encoding mesh Loose soil particles 2044.
18:15:57 | INFO: Draco encoder: Encoding mesh Loose soil particles 2045.
18:15:57 | INFO: Draco encoder: Encoding mesh Loose soil particles 2046.
18:15:57 | INFO: Draco encoder: Encoding mesh Loose soil particles 2047.
18:15:57 | INFO: Draco encoder: Encoding mesh Loose soil particles 2048.
18:15:57 | INFO: Draco encoder: Encoding mesh Loose soil particles 2049.
18:15:57 | INFO: Draco encoder: Encoding mesh Loose soil particles 2050.
18:15:57 | INFO: Draco encoder: Encoding mesh Loose soil particles 2051.
18:15:57 | INFO: Draco encoder: Encoding mesh Loose soil particles 2052.
18:15:57 | INFO: Draco encoder: Encoding mesh Loose soil particles 2053.
18:15:57 | INFO: Draco encoder: Encoding mesh Loose soil particles 2054.
18:15:57 | INFO: Draco encoder: Encoding mesh Loose soil particles 2055.
18:15:57 | INFO: Draco encoder: Encoding mesh Loose soil particles 2056.
18:15:57 | INFO: Draco encoder: Encoding mesh Loose soil particles 2057.
18:15:57 | INFO: Draco encoder: Encoding mesh Loose soil particles 2058.
18:15:57 | INFO: Draco encoder: Encoding mesh Loose soil particles 2059.
18:15:57 | INFO: Draco encoder: Encoding mesh Loose soil particles 2060.
18:15:57 | INFO: Draco encoder: Encoding mesh Loose soil particles 2061.
18:15:57 | INFO: Draco encoder: Encoding mesh Loose soil particles 2062.
18:15:57 | INFO: Draco encoder: Encoding mesh Loose soil particles 2063.
18:15:57 | INFO: Draco encoder: Encoding mesh Loose soil particles 2064.
18:15:57 | INFO: Draco encoder: Encoding mesh Loose soil particles 2065.
18:15:57 | INFO: Draco encoder: Encoding mesh Loose soil particles 2066.
18:15:57 | INFO: Draco encoder: Encoding mesh Loose soil particles 2067.
18:15:57 | INFO: Draco encoder: Encoding mesh Loose soil particles 2068.
18:15:57 | INFO: Draco encoder: Encoding mesh Loose soil particles 2069.
18:15:57 | INFO: Draco encoder: Encoding mesh Loose soil particles 2070.
18:15:57 | INFO: Draco encoder: Encoding mesh Loose soil particles 2071.
18:15:57 | INFO: Draco encoder: Encoding mesh Loose soil particles 2072.
18:15:57 | INFO: Draco encoder: Encoding mesh Loose soil particles 2073.
18:15:57 | INFO: Draco encoder: Encoding mesh Loose soil particles 2074.
18:15:57 | INFO: Draco encoder: Encoding mesh Loose soil particles 2075.
18:15:57 | INFO: Draco encoder: Encoding mesh Loose soil particles 2076.
18:15:57 | INFO: Draco encoder: Encoding mesh Loose soil particles 2077.
18:15:57 | INFO: Draco encoder: Encoding mesh Loose soil particles 2078.
18:15:57 | INFO: Draco encoder: Encoding mesh Loose soil particles 2079.
18:15:57 | INFO: Draco encoder: Encoding mesh Loose soil particles 2080.
18:15:57 | INFO: Draco encoder: Encoding mesh Loose soil particles 2081.
18:15:57 | INFO: Draco encoder: Encoding mesh Loose soil particles 2082.
18:15:57 | INFO: Draco encoder: Encoding mesh Loose soil particles 2083.
18:15:57 | INFO: Draco encoder: Encoding mesh Loose soil particles 2084.
18:15:57 | INFO: Draco encoder: Encoding mesh Loose soil particles 2085.
18:15:57 | INFO: Draco encoder: Encoding mesh Loose soil particles 2086.
18:15:57 | INFO: Draco encoder: Encoding mesh Loose soil particles 2087.
18:15:57 | INFO: Draco encoder: Encoding mesh Loose soil particles 2088.
18:15:57 | INFO: Draco encoder: Encoding mesh Loose soil particles 2089.
18:15:57 | INFO: Draco encoder: Encoding mesh Loose soil particles 2090.
18:15:57 | INFO: Draco encoder: Encoding mesh Loose soil particles 2091.
18:15:57 | INFO: Draco encoder: Encoding mesh Loose soil particles 2092.
18:15:57 | INFO: Draco encoder: Encoding mesh Loose soil particles 2093.
18:15:57 | INFO: Draco encoder: Encoding mesh Loose soil particles 2094.
18:15:57 | INFO: Draco encoder: Encoding mesh Loose soil particles 2095.
18:15:57 | INFO: Draco encoder: Encoding mesh Loose soil particles 2096.
18:15:57 | INFO: Draco encoder: Encoding mesh Loose soil particles 2097.
18:15:57 | INFO: Draco encoder: Encoding mesh Loose soil particles 2098.
18:15:57 | INFO: Draco encoder: Encoding mesh Loose soil particles 2099.
18:15:57 | INFO: Draco encoder: Encoding mesh Loose soil particles 2100.
18:15:57 | INFO: Draco encoder: Encoding mesh Loose soil particles 2101.
18:15:57 | INFO: Draco encoder: Encoding mesh Loose soil particles 2102.
18:15:57 | INFO: Draco encoder: Encoding mesh Loose soil particles 2103.
18:15:57 | INFO: Draco encoder: Encoding mesh Loose soil particles 2104.
18:15:57 | INFO: Draco encoder: Encoding mesh Loose soil particles 2105.
18:15:57 | INFO: Draco encoder: Encoding mesh Loose soil particles 2106.
18:15:57 | INFO: Draco encoder: Encoding mesh Loose soil particles 2107.
18:15:57 | INFO: Draco encoder: Encoding mesh Loose soil particles 2108.
18:15:57 | INFO: Draco encoder: Encoding mesh Loose soil particles 2109.
18:15:57 | INFO: Draco encoder: Encoding mesh Loose soil particles 2110.
18:15:57 | INFO: Draco encoder: Encoding mesh Loose soil particles 2111.
18:15:57 | INFO: Draco encoder: Encoding mesh Loose soil particles 2112.
18:15:57 | INFO: Draco encoder: Encoding mesh Loose soil particles 2113.
18:15:57 | INFO: Draco encoder: Encoding mesh Loose soil particles 2114.
18:15:57 | INFO: Draco encoder: Encoding mesh Loose soil particles 2115.
18:15:57 | INFO: Draco encoder: Encoding mesh Loose soil particles 2116.
18:15:57 | INFO: Draco encoder: Encoding mesh Loose soil particles 2117.
18:15:57 | INFO: Draco encoder: Encoding mesh Loose soil particles 2118.
18:15:57 | INFO: Draco encoder: Encoding mesh Loose soil particles 2119.
18:15:57 | INFO: Draco encoder: Encoding mesh Loose soil particles 2120.
18:15:57 | INFO: Draco encoder: Encoding mesh Loose soil particles 2121.
18:15:57 | INFO: Draco encoder: Encoding mesh Loose soil particles 2122.
18:15:57 | INFO: Draco encoder: Encoding mesh Loose soil particles 2123.
18:15:57 | INFO: Draco encoder: Encoding mesh Loose soil particles 2124.
18:15:57 | INFO: Draco encoder: Encoding mesh Loose soil particles 2125.
18:15:57 | INFO: Draco encoder: Encoding mesh Loose soil particles 2126.
18:15:57 | INFO: Draco encoder: Encoding mesh Loose soil particles 2127.
18:15:57 | INFO: Draco encoder: Encoding mesh Loose soil particles 2128.
18:15:57 | INFO: Draco encoder: Encoding mesh Loose soil particles 2129.
18:15:57 | INFO: Draco encoder: Encoding mesh Loose soil particles 2130.
18:15:57 | INFO: Draco encoder: Encoding mesh Loose soil particles 2131.
18:15:57 | INFO: Draco encoder: Encoding mesh Loose soil particles 2132.
18:15:57 | INFO: Draco encoder: Encoding mesh Loose soil particles 2133.
18:15:57 | INFO: Draco encoder: Encoding mesh Loose soil particles 2134.
18:15:57 | INFO: Draco encoder: Encoding mesh Loose soil particles 2135.
18:15:57 | INFO: Draco encoder: Encoding mesh Loose soil particles 2136.
18:15:57 | INFO: Draco encoder: Encoding mesh Loose soil particles 2137.
18:15:57 | INFO: Draco encoder: Encoding mesh Loose soil particles 2138.
18:15:57 | INFO: Draco encoder: Encoding mesh Loose soil particles 2139.
18:15:57 | INFO: Draco encoder: Encoding mesh Loose soil particles 2140.
18:15:57 | INFO: Draco encoder: Encoding mesh Loose soil particles 2141.
18:15:57 | INFO: Draco encoder: Encoding mesh Loose soil particles 2142.
18:15:57 | INFO: Draco encoder: Encoding mesh Loose soil particles 2143.
18:15:57 | INFO: Draco encoder: Encoding mesh Loose soil particles 2144.
18:15:57 | INFO: Draco encoder: Encoding mesh Loose soil particles 2145.
18:15:57 | INFO: Draco encoder: Encoding mesh Loose soil particles 2146.
18:15:57 | INFO: Draco encoder: Encoding mesh Loose soil particles 2147.
18:15:57 | INFO: Draco encoder: Encoding mesh Loose soil particles 2148.
18:15:57 | INFO: Draco encoder: Encoding mesh Loose soil particles 2149.
18:15:57 | INFO: Draco encoder: Encoding mesh Loose soil particles 2150.
18:15:57 | INFO: Draco encoder: Encoding mesh Loose soil particles 2151.
18:15:57 | INFO: Draco encoder: Encoding mesh Loose soil particles 2152.
18:15:57 | INFO: Draco encoder: Encoding mesh Loose soil particles 2153.
18:15:57 | INFO: Draco encoder: Encoding mesh Loose soil particles 2154.
18:15:57 | INFO: Draco encoder: Encoding mesh Loose soil particles 2155.
18:15:57 | INFO: Draco encoder: Encoding mesh Loose soil particles 2156.
18:15:57 | INFO: Draco encoder: Encoding mesh Loose soil particles 2157.
18:15:57 | INFO: Draco encoder: Encoding mesh Loose soil particles 2158.
18:15:57 | INFO: Draco encoder: Encoding mesh Loose soil particles 2159.
18:15:57 | INFO: Draco encoder: Encoding mesh Loose soil particles 2160.
18:15:57 | INFO: Draco encoder: Encoding mesh Loose soil particles 2161.
18:15:57 | INFO: Draco encoder: Encoding mesh Loose soil particles 2162.
18:15:57 | INFO: Draco encoder: Encoding mesh Loose soil particles 2163.
18:15:57 | INFO: Draco encoder: Encoding mesh Loose soil particles 2164.
18:15:57 | INFO: Draco encoder: Encoding mesh Loose soil particles 2165.
18:15:57 | INFO: Draco encoder: Encoding mesh Loose soil particles 2166.
18:15:57 | INFO: Draco encoder: Encoding mesh Loose soil particles 2167.
18:15:57 | INFO: Draco encoder: Encoding mesh Loose soil particles 2168.
18:15:57 | INFO: Draco encoder: Encoding mesh Loose soil particles 2169.
18:15:57 | INFO: Draco encoder: Encoding mesh Loose soil particles 2170.
18:15:57 | INFO: Draco encoder: Encoding mesh Loose soil particles 2171.
18:15:57 | INFO: Draco encoder: Encoding mesh Loose soil particles 2172.
18:15:57 | INFO: Draco encoder: Encoding mesh Loose soil particles 2173.
18:15:57 | INFO: Draco encoder: Encoding mesh Loose soil particles 2174.
18:15:57 | INFO: Draco encoder: Encoding mesh Loose soil particles 2175.
18:15:57 | INFO: Draco encoder: Encoding mesh Loose soil particles 2176.
18:15:57 | INFO: Draco encoder: Encoding mesh Loose soil particles 2177.
18:15:57 | INFO: Draco encoder: Encoding mesh Loose soil particles 2178.
18:15:57 | INFO: Draco encoder: Encoding mesh Loose soil particles 2179.
18:15:57 | INFO: Draco encoder: Encoding mesh Loose soil particles 2180.
18:15:57 | INFO: Draco encoder: Encoding mesh Loose soil particles 2181.
18:15:57 | INFO: Draco encoder: Encoding mesh Loose soil particles 2182.
18:15:57 | INFO: Draco encoder: Encoding mesh Loose soil particles 2183.
18:15:57 | INFO: Draco encoder: Encoding mesh Loose soil particles 2184.
18:15:57 | INFO: Draco encoder: Encoding mesh Loose soil particles 2185.
18:15:57 | INFO: Draco encoder: Encoding mesh Loose soil particles 2186.
18:15:57 | INFO: Draco encoder: Encoding mesh Loose soil particles 2187.
18:15:57 | INFO: Draco encoder: Encoding mesh Loose soil particles 2188.
18:15:57 | INFO: Draco encoder: Encoding mesh Loose soil particles 2189.
18:15:57 | INFO: Draco encoder: Encoding mesh Loose soil particles 2190.
18:15:57 | INFO: Draco encoder: Encoding mesh Loose soil particles 2191.
18:15:57 | INFO: Draco encoder: Encoding mesh Loose soil particles 2192.
18:15:57 | INFO: Draco encoder: Encoding mesh Loose soil particles 2193.
18:15:57 | INFO: Draco encoder: Encoding mesh Loose soil particles 2194.
18:15:57 | INFO: Draco encoder: Encoding mesh Loose soil particles 2195.
18:15:57 | INFO: Draco encoder: Encoding mesh Loose soil particles 2196.
18:15:57 | INFO: Draco encoder: Encoding mesh Loose soil particles 2197.
18:15:57 | INFO: Draco encoder: Encoding mesh Loose soil particles 2198.
18:15:57 | INFO: Draco encoder: Encoding mesh Loose soil particles 2199.
18:15:57 | INFO: Draco encoder: Encoding mesh Loose soil particles 2200.
18:15:57 | INFO: Draco encoder: Encoding mesh Loose soil particles 2201.
18:15:57 | INFO: Draco encoder: Encoding mesh Loose soil particles 2202.
18:15:57 | INFO: Draco encoder: Encoding mesh Loose soil particles 2203.
18:15:57 | INFO: Draco encoder: Encoding mesh Loose soil particles 2204.
18:15:57 | INFO: Draco encoder: Encoding mesh Loose soil particles 2205.
18:15:57 | INFO: Draco encoder: Encoding mesh Loose soil particles 2206.
18:15:57 | INFO: Draco encoder: Encoding mesh Loose soil particles 2207.
18:15:57 | INFO: Draco encoder: Encoding mesh Loose soil particles 2208.
18:15:57 | INFO: Draco encoder: Encoding mesh Loose soil particles 2209.
18:15:57 | INFO: Draco encoder: Encoding mesh Loose soil particles 2210.
18:15:57 | INFO: Draco encoder: Encoding mesh Loose soil particles 2211.
18:15:57 | INFO: Draco encoder: Encoding mesh Loose soil particles 2212.
18:15:57 | INFO: Draco encoder: Encoding mesh Loose soil particles 2213.
18:15:57 | INFO: Draco encoder: Encoding mesh Loose soil particles 2214.
18:15:57 | INFO: Draco encoder: Encoding mesh Loose soil particles 2215.
18:15:57 | INFO: Draco encoder: Encoding mesh Loose soil particles 2216.
18:15:57 | INFO: Draco encoder: Encoding mesh Loose soil particles 2217.
18:15:57 | INFO: Draco encoder: Encoding mesh Loose soil particles 2218.
18:15:57 | INFO: Draco encoder: Encoding mesh Loose soil particles 2219.
18:15:57 | INFO: Draco encoder: Encoding mesh Loose soil particles 2220.
18:15:57 | INFO: Draco encoder: Encoding mesh Loose soil particles 2221.
18:15:57 | INFO: Draco encoder: Encoding mesh Loose soil particles 2222.
18:15:57 | INFO: Draco encoder: Encoding mesh Loose soil particles 2223.
18:15:57 | INFO: Draco encoder: Encoding mesh Loose soil particles 2224.
18:15:57 | INFO: Draco encoder: Encoding mesh Loose soil particles 2225.
18:15:57 | INFO: Draco encoder: Encoding mesh Loose soil particles 2226.
18:15:57 | INFO: Draco encoder: Encoding mesh Loose soil particles 2227.
18:15:57 | INFO: Draco encoder: Encoding mesh Loose soil particles 2228.
18:15:57 | INFO: Draco encoder: Encoding mesh Loose soil particles 2229.
18:15:57 | INFO: Draco encoder: Encoding mesh Loose soil particles 2230.
18:15:57 | INFO: Draco encoder: Encoding mesh Loose soil particles 2231.
18:15:57 | INFO: Draco encoder: Encoding mesh Loose soil particles 2232.
18:15:57 | INFO: Draco encoder: Encoding mesh Loose soil particles 2233.
18:15:57 | INFO: Draco encoder: Encoding mesh Loose soil particles 2234.
18:15:57 | INFO: Draco encoder: Encoding mesh Loose soil particles 2235.
18:15:57 | INFO: Draco encoder: Encoding mesh Loose soil particles 2236.
18:15:57 | INFO: Draco encoder: Encoding mesh Loose soil particles 2237.
18:15:57 | INFO: Draco encoder: Encoding mesh Loose soil particles 2238.
18:15:57 | INFO: Draco encoder: Encoding mesh Loose soil particles 2239.
18:15:57 | INFO: Draco encoder: Encoding mesh Loose soil particles 2240.
18:15:57 | INFO: Draco encoder: Encoding mesh Loose soil particles 2241.
18:15:57 | INFO: Draco encoder: Encoding mesh Loose soil particles 2242.
18:15:57 | INFO: Draco encoder: Encoding mesh Loose soil particles 2243.
18:15:57 | INFO: Draco encoder: Encoding mesh Loose soil particles 2244.
18:15:57 | INFO: Draco encoder: Encoding mesh Loose soil particles 2245.
18:15:57 | INFO: Draco encoder: Encoding mesh Loose soil particles 2246.
18:15:57 | INFO: Draco encoder: Encoding mesh Loose soil particles 2247.
18:15:57 | INFO: Draco encoder: Encoding mesh Loose soil particles 2248.
18:15:57 | INFO: Draco encoder: Encoding mesh Loose soil particles 2249.
18:15:57 | INFO: Draco encoder: Encoding mesh Loose soil particles 2250.
18:15:57 | INFO: Draco encoder: Encoding mesh Loose soil particles 2251.
18:15:57 | INFO: Draco encoder: Encoding mesh Loose soil particles 2252.
18:15:57 | INFO: Draco encoder: Encoding mesh Loose soil particles 2253.
18:15:57 | INFO: Draco encoder: Encoding mesh Loose soil particles 2254.
18:15:57 | INFO: Draco encoder: Encoding mesh Loose soil particles 2255.
18:15:57 | INFO: Draco encoder: Encoding mesh Loose soil particles 2256.
18:15:57 | INFO: Draco encoder: Encoding mesh Loose soil particles 2257.
18:15:57 | INFO: Draco encoder: Encoding mesh Loose soil particles 2258.
18:15:57 | INFO: Draco encoder: Encoding mesh Loose soil particles 2259.
18:15:57 | INFO: Draco encoder: Encoding mesh Loose soil particles 2260.
18:15:57 | INFO: Draco encoder: Encoding mesh Loose soil particles 2261.
18:15:57 | INFO: Draco encoder: Encoding mesh Loose soil particles 2262.
18:15:57 | INFO: Draco encoder: Encoding mesh Loose soil particles 2263.
18:15:57 | INFO: Draco encoder: Encoding mesh Loose soil particles 2264.
18:15:57 | INFO: Draco encoder: Encoding mesh Loose soil particles 2265.
18:15:57 | INFO: Draco encoder: Encoding mesh Loose soil particles 2266.
18:15:57 | INFO: Draco encoder: Encoding mesh Loose soil particles 2267.
18:15:57 | INFO: Draco encoder: Encoding mesh Loose soil particles 2268.
18:15:57 | INFO: Draco encoder: Encoding mesh Loose soil particles 2269.
18:15:57 | INFO: Draco encoder: Encoding mesh Loose soil particles 2270.
18:15:57 | INFO: Draco encoder: Encoding mesh Loose soil particles 2271.
18:15:57 | INFO: Draco encoder: Encoding mesh Loose soil particles 2272.
18:15:57 | INFO: Draco encoder: Encoding mesh Loose soil particles 2273.
18:15:57 | INFO: Draco encoder: Encoding mesh Loose soil particles 2274.
18:15:57 | INFO: Draco encoder: Encoding mesh Loose soil particles 2275.
18:15:57 | INFO: Draco encoder: Encoding mesh Loose soil particles 2276.
18:15:57 | INFO: Draco encoder: Encoding mesh Loose soil particles 2277.
18:15:57 | INFO: Draco encoder: Encoding mesh Loose soil particles 2278.
18:15:57 | INFO: Draco encoder: Encoding mesh Loose soil particles 2279.
18:15:57 | INFO: Draco encoder: Encoding mesh Loose soil particles 2280.
18:15:57 | INFO: Draco encoder: Encoding mesh Loose soil particles 2281.
18:15:57 | INFO: Draco encoder: Encoding mesh Loose soil particles 2282.
18:15:57 | INFO: Draco encoder: Encoding mesh Loose soil particles 2283.
18:15:57 | INFO: Draco encoder: Encoding mesh Loose soil particles 2284.
18:15:57 | INFO: Draco encoder: Encoding mesh Loose soil particles 2285.
18:15:57 | INFO: Draco encoder: Encoding mesh Loose soil particles 2286.
18:15:57 | INFO: Draco encoder: Encoding mesh Loose soil particles 2287.
18:15:57 | INFO: Draco encoder: Encoding mesh Loose soil particles 2288.
18:15:57 | INFO: Draco encoder: Encoding mesh Loose soil particles 2289.
18:15:57 | INFO: Draco encoder: Encoding mesh Loose soil particles 2290.
18:15:57 | INFO: Draco encoder: Encoding mesh Loose soil particles 2291.
18:15:57 | INFO: Draco encoder: Encoding mesh Loose soil particles 2292.
18:15:57 | INFO: Draco encoder: Encoding mesh Loose soil particles 2293.
18:15:57 | INFO: Draco encoder: Encoding mesh Loose soil particles 2294.
18:15:57 | INFO: Draco encoder: Encoding mesh Loose soil particles 2295.
18:15:57 | INFO: Draco encoder: Encoding mesh Loose soil particles 2296.
18:15:57 | INFO: Draco encoder: Encoding mesh Loose soil particles 2297.
18:15:57 | INFO: Draco encoder: Encoding mesh Loose soil particles 2298.
18:15:57 | INFO: Draco encoder: Encoding mesh Loose soil particles 2299.
18:15:57 | INFO: Draco encoder: Encoding mesh Loose soil particles 2300.
18:15:57 | INFO: Draco encoder: Encoding mesh Loose soil particles 2301.
18:15:57 | INFO: Draco encoder: Encoding mesh Loose soil particles 2302.
18:15:57 | INFO: Draco encoder: Encoding mesh Loose soil particles 2303.
18:15:57 | INFO: Draco encoder: Encoding mesh Loose soil particles 2304.
18:15:57 | INFO: Draco encoder: Encoding mesh Loose soil particles 2305.
18:15:57 | INFO: Draco encoder: Encoding mesh Loose soil particles 2306.
18:15:57 | INFO: Draco encoder: Encoding mesh Loose soil particles 2307.
18:15:57 | INFO: Draco encoder: Encoding mesh Loose soil particles 2308.
18:15:57 | INFO: Draco encoder: Encoding mesh Loose soil particles 2309.
18:15:57 | INFO: Draco encoder: Encoding mesh Loose soil particles 2310.
18:15:57 | INFO: Draco encoder: Encoding mesh Loose soil particles 2311.
18:15:57 | INFO: Draco encoder: Encoding mesh Loose soil particles 2312.
18:15:57 | INFO: Draco encoder: Encoding mesh Loose soil particles 2313.
18:15:57 | INFO: Draco encoder: Encoding mesh Loose soil particles 2314.
18:15:57 | INFO: Draco encoder: Encoding mesh Loose soil particles 2315.
18:15:57 | INFO: Draco encoder: Encoding mesh Loose soil particles 2316.
18:15:57 | INFO: Draco encoder: Encoding mesh Loose soil particles 2317.
18:15:57 | INFO: Draco encoder: Encoding mesh Loose soil particles 2318.
18:15:57 | INFO: Draco encoder: Encoding mesh Loose soil particles 2319.
18:15:57 | INFO: Draco encoder: Encoding mesh Loose soil particles 2320.
18:15:57 | INFO: Draco encoder: Encoding mesh Loose soil particles 2321.
18:15:57 | INFO: Draco encoder: Encoding mesh Loose soil particles 2322.
18:15:57 | INFO: Draco encoder: Encoding mesh Loose soil particles 2323.
18:15:57 | INFO: Draco encoder: Encoding mesh Loose soil particles 2324.
18:15:57 | INFO: Draco encoder: Encoding mesh Loose soil particles 2325.
18:15:57 | INFO: Draco encoder: Encoding mesh Loose soil particles 2326.
18:15:57 | INFO: Draco encoder: Encoding mesh Loose soil particles 2327.
18:15:57 | INFO: Draco encoder: Encoding mesh Loose soil particles 2328.
18:15:57 | INFO: Draco encoder: Encoding mesh Loose soil particles 2329.
18:15:57 | INFO: Draco encoder: Encoding mesh Loose soil particles 2330.
18:15:57 | INFO: Draco encoder: Encoding mesh Loose soil particles 2331.
18:15:57 | INFO: Draco encoder: Encoding mesh Loose soil particles 2332.
18:15:57 | INFO: Draco encoder: Encoding mesh Loose soil particles 2333.
18:15:57 | INFO: Draco encoder: Encoding mesh Loose soil particles 2334.
18:15:57 | INFO: Draco encoder: Encoding mesh Loose soil particles 2335.
18:15:57 | INFO: Draco encoder: Encoding mesh Loose soil particles 2336.
18:15:57 | INFO: Draco encoder: Encoding mesh Loose soil particles 2337.
18:15:57 | INFO: Draco encoder: Encoding mesh Loose soil particles 2338.
18:15:57 | INFO: Draco encoder: Encoding mesh Loose soil particles 2339.
18:15:57 | INFO: Draco encoder: Encoding mesh Loose soil particles 2340.
18:15:57 | INFO: Draco encoder: Encoding mesh Loose soil particles 2341.
18:15:57 | INFO: Draco encoder: Encoding mesh Loose soil particles 2342.
18:15:57 | INFO: Draco encoder: Encoding mesh Loose soil particles 2343.
18:15:57 | INFO: Draco encoder: Encoding mesh Loose soil particles 2344.
18:15:57 | INFO: Draco encoder: Encoding mesh Loose soil particles 2345.
18:15:57 | INFO: Draco encoder: Encoding mesh Loose soil particles 2346.
18:15:57 | INFO: Draco encoder: Encoding mesh Loose soil particles 2347.
18:15:57 | INFO: Draco encoder: Encoding mesh Loose soil particles 2348.
18:15:57 | INFO: Draco encoder: Encoding mesh Loose soil particles 2349.
18:15:57 | INFO: Draco encoder: Encoding mesh Loose soil particles 2350.
18:15:57 | INFO: Draco encoder: Encoding mesh Loose soil particles 2351.
18:15:57 | INFO: Draco encoder: Encoding mesh Loose soil particles 2352.
18:15:57 | INFO: Draco encoder: Encoding mesh Loose soil particles 2353.
18:15:57 | INFO: Draco encoder: Encoding mesh Loose soil particles 2354.
18:15:57 | INFO: Draco encoder: Encoding mesh Loose soil particles 2355.
18:15:57 | INFO: Draco encoder: Encoding mesh Loose soil particles 2356.
18:15:57 | INFO: Draco encoder: Encoding mesh Loose soil particles 2357.
18:15:57 | INFO: Draco encoder: Encoding mesh Loose soil particles 2358.
18:15:57 | INFO: Draco encoder: Encoding mesh Loose soil particles 2359.
18:15:57 | INFO: Draco encoder: Encoding mesh Loose soil particles 2360.
18:15:57 | INFO: Draco encoder: Encoding mesh Loose soil particles 2361.
18:15:57 | INFO: Draco encoder: Encoding mesh Loose soil particles 2362.
18:15:57 | INFO: Draco encoder: Encoding mesh Loose soil particles 2363.
18:15:57 | INFO: Draco encoder: Encoding mesh Loose soil particles 2364.
18:15:57 | INFO: Draco encoder: Encoding mesh Loose soil particles 2365.
18:15:57 | INFO: Draco encoder: Encoding mesh Loose soil particles 2366.
18:15:57 | INFO: Draco encoder: Encoding mesh Loose soil particles 2367.
18:15:57 | INFO: Draco encoder: Encoding mesh Loose soil particles 2368.
18:15:57 | INFO: Draco encoder: Encoding mesh Loose soil particles 2369.
18:15:57 | INFO: Draco encoder: Encoding mesh Loose soil particles 2370.
18:15:57 | INFO: Draco encoder: Encoding mesh Loose soil particles 2371.
18:15:57 | INFO: Draco encoder: Encoding mesh Loose soil particles 2372.
18:15:57 | INFO: Draco encoder: Encoding mesh Loose soil particles 2373.
18:15:57 | INFO: Draco encoder: Encoding mesh Loose soil particles 2374.
18:15:57 | INFO: Draco encoder: Encoding mesh Loose soil particles 2375.
18:15:57 | INFO: Draco encoder: Encoding mesh Loose soil particles 2376.
18:15:57 | INFO: Draco encoder: Encoding mesh Loose soil particles 2377.
18:15:57 | INFO: Draco encoder: Encoding mesh Loose soil particles 2378.
18:15:57 | INFO: Draco encoder: Encoding mesh Loose soil particles 2379.
18:15:57 | INFO: Draco encoder: Encoding mesh Loose soil particles 2380.
18:15:57 | INFO: Draco encoder: Encoding mesh Loose soil particles 2381.
18:15:57 | INFO: Draco encoder: Encoding mesh Loose soil particles 2382.
18:15:57 | INFO: Draco encoder: Encoding mesh Loose soil particles 2383.
18:15:57 | INFO: Draco encoder: Encoding mesh Loose soil particles 2384.
18:15:57 | INFO: Draco encoder: Encoding mesh Loose soil particles 2385.
18:15:57 | INFO: Draco encoder: Encoding mesh Loose soil particles 2386.
18:15:57 | INFO: Draco encoder: Encoding mesh Loose soil particles 2387.
18:15:57 | INFO: Draco encoder: Encoding mesh Loose soil particles 2388.
18:15:57 | INFO: Draco encoder: Encoding mesh Loose soil particles 2389.
18:15:57 | INFO: Draco encoder: Encoding mesh Loose soil particles 2390.
18:15:57 | INFO: Draco encoder: Encoding mesh Loose soil particles 2391.
18:15:57 | INFO: Draco encoder: Encoding mesh Loose soil particles 2392.
18:15:57 | INFO: Draco encoder: Encoding mesh Loose soil particles 2393.
18:15:57 | INFO: Draco encoder: Encoding mesh Loose soil particles 2394.
18:15:57 | INFO: Draco encoder: Encoding mesh Loose soil particles 2395.
18:15:57 | INFO: Draco encoder: Encoding mesh Loose soil particles 2396.
18:15:57 | INFO: Draco encoder: Encoding mesh Loose soil particles 2397.
18:15:57 | INFO: Draco encoder: Encoding mesh Loose soil particles 2398.
18:15:57 | INFO: Draco encoder: Encoding mesh Loose soil particles 2399.
18:15:57 | INFO: Draco encoder: Encoding mesh Root moss shoots 0000.
18:15:57 | INFO: Draco encoder: Encoding mesh Root moss shoots 0001.
18:15:57 | INFO: Draco encoder: Encoding mesh Root moss shoots 0002.
18:15:57 | INFO: Draco encoder: Encoding mesh Root moss shoots 0003.
18:15:57 | INFO: Draco encoder: Encoding mesh Root moss shoots 0004.
18:15:57 | INFO: Draco encoder: Encoding mesh Root moss shoots 0005.
18:15:57 | INFO: Draco encoder: Encoding mesh Root moss shoots 0006.
18:15:57 | INFO: Draco encoder: Encoding mesh Root moss shoots 0007.
18:15:57 | INFO: Draco encoder: Encoding mesh Root moss shoots 0008.
18:15:57 | INFO: Draco encoder: Encoding mesh Root moss shoots 0009.
18:15:57 | INFO: Draco encoder: Encoding mesh Root moss shoots 0010.
18:15:57 | INFO: Draco encoder: Encoding mesh Root moss shoots 0011.
18:15:57 | INFO: Draco encoder: Encoding mesh Root moss shoots 0012.
18:15:57 | INFO: Draco encoder: Encoding mesh Root moss shoots 0013.
18:15:57 | INFO: Draco encoder: Encoding mesh Root moss shoots 0014.
18:15:57 | INFO: Draco encoder: Encoding mesh Root moss shoots 0015.
18:15:57 | INFO: Draco encoder: Encoding mesh Root moss shoots 0016.
18:15:57 | INFO: Draco encoder: Encoding mesh Root moss shoots 0017.
18:15:57 | INFO: Draco encoder: Encoding mesh Root moss shoots 0018.
18:15:57 | INFO: Draco encoder: Encoding mesh Root moss shoots 0019.
18:15:57 | INFO: Draco encoder: Encoding mesh Root moss shoots 0020.
18:15:57 | INFO: Draco encoder: Encoding mesh Root moss shoots 0021.
18:15:57 | INFO: Draco encoder: Encoding mesh Root moss shoots 0022.
18:15:57 | INFO: Draco encoder: Encoding mesh Root moss shoots 0023.
18:15:57 | INFO: Draco encoder: Encoding mesh Root moss shoots 0024.
18:15:57 | INFO: Draco encoder: Encoding mesh Root moss shoots 0025.
18:15:57 | INFO: Draco encoder: Encoding mesh Root moss shoots 0026.
18:15:57 | INFO: Draco encoder: Encoding mesh Root moss shoots 0027.
18:15:57 | INFO: Draco encoder: Encoding mesh Root moss shoots 0028.
18:15:57 | INFO: Draco encoder: Encoding mesh Root moss shoots 0029.
18:15:57 | INFO: Draco encoder: Encoding mesh Root moss shoots 0030.
18:15:57 | INFO: Draco encoder: Encoding mesh Root moss shoots 0031.
18:15:57 | INFO: Draco encoder: Encoding mesh Root moss shoots 0032.
18:15:57 | INFO: Draco encoder: Encoding mesh Root moss shoots 0033.
18:15:57 | INFO: Draco encoder: Encoding mesh Root moss shoots 0034.
18:15:57 | INFO: Draco encoder: Encoding mesh Root moss shoots 0035.
18:15:57 | INFO: Draco encoder: Encoding mesh Root moss shoots 0036.
18:15:57 | INFO: Draco encoder: Encoding mesh Root moss shoots 0037.
18:15:57 | INFO: Draco encoder: Encoding mesh Root moss shoots 0038.
18:15:57 | INFO: Draco encoder: Encoding mesh Root moss shoots 0039.
18:15:57 | INFO: Draco encoder: Encoding mesh Root moss shoots 0040.
18:15:57 | INFO: Draco encoder: Encoding mesh Root moss shoots 0041.
18:15:57 | INFO: Draco encoder: Encoding mesh Root moss shoots 0042.
18:15:57 | INFO: Draco encoder: Encoding mesh Root moss shoots 0043.
18:15:57 | INFO: Draco encoder: Encoding mesh Root moss shoots 0044.
18:15:57 | INFO: Draco encoder: Encoding mesh Root moss shoots 0045.
18:15:57 | INFO: Draco encoder: Encoding mesh Root moss shoots 0046.
18:15:57 | INFO: Draco encoder: Encoding mesh Root moss shoots 0047.
18:15:57 | INFO: Draco encoder: Encoding mesh Root moss shoots 0048.
18:15:57 | INFO: Draco encoder: Encoding mesh Root moss shoots 0049.
18:15:57 | INFO: Draco encoder: Encoding mesh Root moss shoots 0050.
18:15:57 | INFO: Draco encoder: Encoding mesh Root moss shoots 0051.
18:15:57 | INFO: Draco encoder: Encoding mesh Root moss shoots 0052.
18:15:57 | INFO: Draco encoder: Encoding mesh Root moss shoots 0053.
18:15:57 | INFO: Draco encoder: Encoding mesh Root moss shoots 0054.
18:15:57 | INFO: Draco encoder: Encoding mesh Root moss shoots 0055.
18:15:57 | INFO: Draco encoder: Encoding mesh Root moss shoots 0056.
18:15:57 | INFO: Draco encoder: Encoding mesh Root moss shoots 0057.
18:15:57 | INFO: Draco encoder: Encoding mesh Root moss shoots 0058.
18:15:57 | INFO: Draco encoder: Encoding mesh Root moss shoots 0059.
18:15:57 | INFO: Draco encoder: Encoding mesh Root moss shoots 0060.
18:15:57 | INFO: Draco encoder: Encoding mesh Root moss shoots 0061.
18:15:57 | INFO: Draco encoder: Encoding mesh Root moss shoots 0062.
18:15:57 | INFO: Draco encoder: Encoding mesh Root moss shoots 0063.
18:15:57 | INFO: Draco encoder: Encoding mesh Root moss shoots 0064.
18:15:57 | INFO: Draco encoder: Encoding mesh Root moss shoots 0065.
18:15:57 | INFO: Draco encoder: Encoding mesh Root moss shoots 0066.
18:15:57 | INFO: Draco encoder: Encoding mesh Root moss shoots 0067.
18:15:57 | INFO: Draco encoder: Encoding mesh Root moss shoots 0068.
18:15:57 | INFO: Draco encoder: Encoding mesh Root moss shoots 0069.
18:15:57 | INFO: Draco encoder: Encoding mesh Root moss shoots 0070.
18:15:57 | INFO: Draco encoder: Encoding mesh Root moss shoots 0071.
18:15:57 | INFO: Draco encoder: Encoding mesh Root moss shoots 0072.
18:15:57 | INFO: Draco encoder: Encoding mesh Root moss shoots 0073.
18:15:57 | INFO: Draco encoder: Encoding mesh Root moss shoots 0074.
18:15:57 | INFO: Draco encoder: Encoding mesh Root moss shoots 0075.
18:15:57 | INFO: Draco encoder: Encoding mesh Root moss shoots 0076.
18:15:57 | INFO: Draco encoder: Encoding mesh Root moss shoots 0077.
18:15:57 | INFO: Draco encoder: Encoding mesh Root moss shoots 0078.
18:15:57 | INFO: Draco encoder: Encoding mesh Root moss shoots 0079.
18:15:57 | INFO: Draco encoder: Encoding mesh Root moss shoots 0080.
18:15:57 | INFO: Draco encoder: Encoding mesh Root moss shoots 0081.
18:15:57 | INFO: Draco encoder: Encoding mesh Root moss shoots 0082.
18:15:57 | INFO: Draco encoder: Encoding mesh Root moss shoots 0083.
18:15:57 | INFO: Draco encoder: Encoding mesh Root moss shoots 0084.
18:15:57 | INFO: Draco encoder: Encoding mesh Root moss shoots 0085.
18:15:57 | INFO: Draco encoder: Encoding mesh Root moss shoots 0086.
18:15:57 | INFO: Draco encoder: Encoding mesh Root moss shoots 0087.
18:15:57 | INFO: Draco encoder: Encoding mesh Root moss shoots 0088.
18:15:57 | INFO: Draco encoder: Encoding mesh Root moss shoots 0089.
18:15:57 | INFO: Draco encoder: Encoding mesh Root moss shoots 0090.
18:15:57 | INFO: Draco encoder: Encoding mesh Root moss shoots 0091.
18:15:57 | INFO: Draco encoder: Encoding mesh Root moss shoots 0092.
18:15:57 | INFO: Draco encoder: Encoding mesh Root moss shoots 0093.
18:15:57 | INFO: Draco encoder: Encoding mesh Root moss shoots 0094.
18:15:57 | INFO: Draco encoder: Encoding mesh Root moss shoots 0095.
18:15:57 | INFO: Draco encoder: Encoding mesh Root moss shoots 0096.
18:15:57 | INFO: Draco encoder: Encoding mesh Root moss shoots 0097.
18:15:57 | INFO: Draco encoder: Encoding mesh Root moss shoots 0098.
18:15:57 | INFO: Draco encoder: Encoding mesh Root moss shoots 0099.
18:15:57 | INFO: Draco encoder: Encoding mesh Root moss shoots 0100.
18:15:57 | INFO: Draco encoder: Encoding mesh Root moss shoots 0101.
18:15:57 | INFO: Draco encoder: Encoding mesh Root moss shoots 0102.
18:15:57 | INFO: Draco encoder: Encoding mesh Root moss shoots 0103.
18:15:57 | INFO: Draco encoder: Encoding mesh Root moss shoots 0104.
18:15:57 | INFO: Draco encoder: Encoding mesh Root moss shoots 0105.
18:15:57 | INFO: Draco encoder: Encoding mesh Root moss shoots 0106.
18:15:57 | INFO: Draco encoder: Encoding mesh Root moss shoots 0107.
18:15:57 | INFO: Draco encoder: Encoding mesh Root moss shoots 0108.
18:15:57 | INFO: Draco encoder: Encoding mesh Root moss shoots 0109.
18:15:57 | INFO: Draco encoder: Encoding mesh Root moss shoots 0110.
18:15:57 | INFO: Draco encoder: Encoding mesh Root moss shoots 0111.
18:15:57 | INFO: Draco encoder: Encoding mesh Root moss shoots 0112.
18:15:57 | INFO: Draco encoder: Encoding mesh Root moss shoots 0113.
18:15:57 | INFO: Draco encoder: Encoding mesh Root moss shoots 0114.
18:15:57 | INFO: Draco encoder: Encoding mesh Root moss shoots 0115.
18:15:57 | INFO: Draco encoder: Encoding mesh Root moss shoots 0116.
18:15:57 | INFO: Draco encoder: Encoding mesh Root moss shoots 0117.
18:15:57 | INFO: Draco encoder: Encoding mesh Root moss shoots 0118.
18:15:57 | INFO: Draco encoder: Encoding mesh Root moss shoots 0119.
18:15:57 | INFO: Draco encoder: Encoding mesh Root moss shoots 0120.
18:15:57 | INFO: Draco encoder: Encoding mesh Root moss shoots 0121.
18:15:57 | INFO: Draco encoder: Encoding mesh Root moss shoots 0122.
18:15:57 | INFO: Draco encoder: Encoding mesh Root moss shoots 0123.
18:15:57 | INFO: Draco encoder: Encoding mesh Root moss shoots 0124.
18:15:57 | INFO: Draco encoder: Encoding mesh Root moss shoots 0125.
18:15:57 | INFO: Draco encoder: Encoding mesh Root moss shoots 0126.
18:15:57 | INFO: Draco encoder: Encoding mesh Root moss shoots 0127.
18:15:57 | INFO: Draco encoder: Encoding mesh Root moss shoots 0128.
18:15:57 | INFO: Draco encoder: Encoding mesh Root moss shoots 0129.
18:15:57 | INFO: Draco encoder: Encoding mesh Root moss shoots 0130.
18:15:57 | INFO: Draco encoder: Encoding mesh Root moss shoots 0131.
18:15:57 | INFO: Draco encoder: Encoding mesh Root moss shoots 0132.
18:15:57 | INFO: Draco encoder: Encoding mesh Root moss shoots 0133.
18:15:57 | INFO: Draco encoder: Encoding mesh Root moss shoots 0134.
18:15:57 | INFO: Draco encoder: Encoding mesh Root moss shoots 0135.
18:15:57 | INFO: Draco encoder: Encoding mesh Root moss shoots 0136.
18:15:57 | INFO: Draco encoder: Encoding mesh Root moss shoots 0137.
18:15:57 | INFO: Draco encoder: Encoding mesh Root moss shoots 0138.
18:15:57 | INFO: Draco encoder: Encoding mesh Root moss shoots 0139.
18:15:57 | INFO: Draco encoder: Encoding mesh Root moss shoots 0140.
18:15:57 | INFO: Draco encoder: Encoding mesh Root moss shoots 0141.
18:15:57 | INFO: Draco encoder: Encoding mesh Root moss shoots 0142.
18:15:57 | INFO: Draco encoder: Encoding mesh Root moss shoots 0143.
18:15:57 | INFO: Draco encoder: Encoding mesh Root moss shoots 0144.
18:15:57 | INFO: Draco encoder: Encoding mesh Root moss shoots 0145.
18:15:57 | INFO: Draco encoder: Encoding mesh Root moss shoots 0146.
18:15:57 | INFO: Draco encoder: Encoding mesh Root moss shoots 0147.
18:15:57 | INFO: Draco encoder: Encoding mesh Root moss shoots 0148.
18:15:57 | INFO: Draco encoder: Encoding mesh Root moss shoots 0149.
18:15:57 | INFO: Draco encoder: Encoding mesh Root moss shoots 0150.
18:15:57 | INFO: Draco encoder: Encoding mesh Root moss shoots 0151.
18:15:57 | INFO: Draco encoder: Encoding mesh Root moss shoots 0152.
18:15:57 | INFO: Draco encoder: Encoding mesh Root moss shoots 0153.
18:15:57 | INFO: Draco encoder: Encoding mesh Root moss shoots 0154.
18:15:57 | INFO: Draco encoder: Encoding mesh Root moss shoots 0155.
18:15:57 | INFO: Draco encoder: Encoding mesh Root moss shoots 0156.
18:15:57 | INFO: Draco encoder: Encoding mesh Root moss shoots 0157.
18:15:57 | INFO: Draco encoder: Encoding mesh Root moss shoots 0158.
18:15:57 | INFO: Draco encoder: Encoding mesh Root moss shoots 0159.
18:15:57 | INFO: Draco encoder: Encoding mesh Root moss shoots 0160.
18:15:57 | INFO: Draco encoder: Encoding mesh Root moss shoots 0161.
18:15:57 | INFO: Draco encoder: Encoding mesh Root moss shoots 0162.
18:15:57 | INFO: Draco encoder: Encoding mesh Root moss shoots 0163.
18:15:57 | INFO: Draco encoder: Encoding mesh Root moss shoots 0164.
18:15:57 | INFO: Draco encoder: Encoding mesh Root moss shoots 0165.
18:15:57 | INFO: Draco encoder: Encoding mesh Root moss shoots 0166.
18:15:57 | INFO: Draco encoder: Encoding mesh Root moss shoots 0167.
18:15:57 | INFO: Draco encoder: Encoding mesh Root moss shoots 0168.
18:15:57 | INFO: Draco encoder: Encoding mesh Root moss shoots 0169.
18:15:57 | INFO: Draco encoder: Encoding mesh Root moss shoots 0170.
18:15:57 | INFO: Draco encoder: Encoding mesh Root moss shoots 0171.
18:15:57 | INFO: Draco encoder: Encoding mesh Root moss shoots 0172.
18:15:57 | INFO: Draco encoder: Encoding mesh Root moss shoots 0173.
18:15:57 | INFO: Draco encoder: Encoding mesh Root moss shoots 0174.
18:15:57 | INFO: Draco encoder: Encoding mesh Root moss shoots 0175.
18:15:57 | INFO: Draco encoder: Encoding mesh Root moss shoots 0176.
18:15:57 | INFO: Draco encoder: Encoding mesh Root moss shoots 0177.
18:15:57 | INFO: Draco encoder: Encoding mesh Root moss shoots 0178.
18:15:57 | INFO: Draco encoder: Encoding mesh Root moss shoots 0179.
18:15:57 | INFO: Draco encoder: Encoding mesh Root moss shoots 0180.
18:15:57 | INFO: Draco encoder: Encoding mesh Root moss shoots 0181.
18:15:57 | INFO: Draco encoder: Encoding mesh Root moss shoots 0182.
18:15:57 | INFO: Draco encoder: Encoding mesh Root moss shoots 0183.
18:15:57 | INFO: Draco encoder: Encoding mesh Root moss shoots 0184.
18:15:57 | INFO: Draco encoder: Encoding mesh Root moss shoots 0185.
18:15:57 | INFO: Draco encoder: Encoding mesh Root moss shoots 0186.
18:15:57 | INFO: Draco encoder: Encoding mesh Root moss shoots 0187.
18:15:57 | INFO: Draco encoder: Encoding mesh Root moss shoots 0188.
18:15:57 | INFO: Draco encoder: Encoding mesh Root moss shoots 0189.
18:15:57 | INFO: Draco encoder: Encoding mesh Root moss shoots 0190.
18:15:57 | INFO: Draco encoder: Encoding mesh Root moss shoots 0191.
18:15:57 | INFO: Draco encoder: Encoding mesh Root moss shoots 0192.
18:15:57 | INFO: Draco encoder: Encoding mesh Root moss shoots 0193.
18:15:57 | INFO: Draco encoder: Encoding mesh Root moss shoots 0194.
18:15:57 | INFO: Draco encoder: Encoding mesh Root moss shoots 0195.
18:15:57 | INFO: Draco encoder: Encoding mesh Root moss shoots 0196.
18:15:57 | INFO: Draco encoder: Encoding mesh Root moss shoots 0197.
18:15:57 | INFO: Draco encoder: Encoding mesh Root moss shoots 0198.
18:15:57 | INFO: Draco encoder: Encoding mesh Root moss shoots 0199.
18:15:57 | INFO: Draco encoder: Encoding mesh Root moss shoots 0200.
18:15:57 | INFO: Draco encoder: Encoding mesh Root moss shoots 0201.
18:15:57 | INFO: Draco encoder: Encoding mesh Root moss shoots 0202.
18:15:57 | INFO: Draco encoder: Encoding mesh Root moss shoots 0203.
18:15:57 | INFO: Draco encoder: Encoding mesh Root moss shoots 0204.
18:15:57 | INFO: Draco encoder: Encoding mesh Root moss shoots 0205.
18:15:57 | INFO: Draco encoder: Encoding mesh Root moss shoots 0206.
18:15:57 | INFO: Draco encoder: Encoding mesh Root moss shoots 0207.
18:15:57 | INFO: Draco encoder: Encoding mesh Root moss shoots 0208.
18:15:57 | INFO: Draco encoder: Encoding mesh Root moss shoots 0209.
18:15:57 | INFO: Draco encoder: Encoding mesh Root moss shoots 0210.
18:15:57 | INFO: Draco encoder: Encoding mesh Root moss shoots 0211.
18:15:57 | INFO: Draco encoder: Encoding mesh Root moss shoots 0212.
18:15:57 | INFO: Draco encoder: Encoding mesh Root moss shoots 0213.
18:15:57 | INFO: Draco encoder: Encoding mesh Root moss shoots 0214.
18:15:57 | INFO: Draco encoder: Encoding mesh Root moss shoots 0215.
18:15:57 | INFO: Draco encoder: Encoding mesh Root moss shoots 0216.
18:15:57 | INFO: Draco encoder: Encoding mesh Root moss shoots 0217.
18:15:57 | INFO: Draco encoder: Encoding mesh Root moss shoots 0218.
18:15:57 | INFO: Draco encoder: Encoding mesh Root moss shoots 0219.
18:15:57 | INFO: Draco encoder: Encoding mesh Root moss shoots 0220.
18:15:57 | INFO: Draco encoder: Encoding mesh Root moss shoots 0221.
18:15:57 | INFO: Draco encoder: Encoding mesh Root moss shoots 0222.
18:15:57 | INFO: Draco encoder: Encoding mesh Root moss shoots 0223.
18:15:57 | INFO: Draco encoder: Encoding mesh Root moss shoots 0224.
18:15:57 | INFO: Draco encoder: Encoding mesh Root moss shoots 0225.
18:15:57 | INFO: Draco encoder: Encoding mesh Root moss shoots 0226.
18:15:57 | INFO: Draco encoder: Encoding mesh Root moss shoots 0227.
18:15:57 | INFO: Draco encoder: Encoding mesh Root moss shoots 0228.
18:15:57 | INFO: Draco encoder: Encoding mesh Root moss shoots 0229.
18:15:57 | INFO: Draco encoder: Encoding mesh Root moss shoots 0230.
18:15:57 | INFO: Draco encoder: Encoding mesh Root moss shoots 0231.
18:15:57 | INFO: Draco encoder: Encoding mesh Root moss shoots 0232.
18:15:57 | INFO: Draco encoder: Encoding mesh Root moss shoots 0233.
18:15:57 | INFO: Draco encoder: Encoding mesh Root moss shoots 0234.
18:15:57 | INFO: Draco encoder: Encoding mesh Root moss shoots 0235.
18:15:57 | INFO: Draco encoder: Encoding mesh Root moss shoots 0236.
18:15:57 | INFO: Draco encoder: Encoding mesh Root moss shoots 0237.
18:15:57 | INFO: Draco encoder: Encoding mesh Root moss shoots 0238.
18:15:57 | INFO: Draco encoder: Encoding mesh Root moss shoots 0239.
18:15:57 | INFO: Draco encoder: Encoding mesh Root moss shoots 0240.
18:15:57 | INFO: Draco encoder: Encoding mesh Root moss shoots 0241.
18:15:57 | INFO: Draco encoder: Encoding mesh Root moss shoots 0242.
18:15:57 | INFO: Draco encoder: Encoding mesh Root moss shoots 0243.
18:15:57 | INFO: Draco encoder: Encoding mesh Root moss shoots 0244.
18:15:57 | INFO: Draco encoder: Encoding mesh Root moss shoots 0245.
18:15:57 | INFO: Draco encoder: Encoding mesh Root moss shoots 0246.
18:15:57 | INFO: Draco encoder: Encoding mesh Root moss shoots 0247.
18:15:57 | INFO: Draco encoder: Encoding mesh Root moss shoots 0248.
18:15:57 | INFO: Draco encoder: Encoding mesh Root moss shoots 0249.
18:15:57 | INFO: Draco encoder: Encoding mesh Root moss shoots 0250.
18:15:57 | INFO: Draco encoder: Encoding mesh Root moss shoots 0251.
18:15:57 | INFO: Draco encoder: Encoding mesh Root moss shoots 0252.
18:15:57 | INFO: Draco encoder: Encoding mesh Root moss shoots 0253.
18:15:57 | INFO: Draco encoder: Encoding mesh Root moss shoots 0254.
18:15:57 | INFO: Draco encoder: Encoding mesh Root moss shoots 0255.
18:15:57 | INFO: Draco encoder: Encoding mesh Root moss shoots 0256.
18:15:57 | INFO: Draco encoder: Encoding mesh Root moss shoots 0257.
18:15:57 | INFO: Draco encoder: Encoding mesh Root moss shoots 0258.
18:15:57 | INFO: Draco encoder: Encoding mesh Root moss shoots 0259.
18:15:57 | INFO: Draco encoder: Encoding mesh Root moss shoots 0260.
18:15:57 | INFO: Draco encoder: Encoding mesh Root moss shoots 0261.
18:15:57 | INFO: Draco encoder: Encoding mesh Root moss shoots 0262.
18:15:57 | INFO: Draco encoder: Encoding mesh Root moss shoots 0263.
18:15:57 | INFO: Draco encoder: Encoding mesh Root moss shoots 0264.
18:15:57 | INFO: Draco encoder: Encoding mesh Root moss shoots 0265.
18:15:57 | INFO: Draco encoder: Encoding mesh Root moss shoots 0266.
18:15:57 | INFO: Draco encoder: Encoding mesh Root moss shoots 0267.
18:15:57 | INFO: Draco encoder: Encoding mesh Root moss shoots 0268.
18:15:57 | INFO: Draco encoder: Encoding mesh Root moss shoots 0269.
18:15:57 | INFO: Draco encoder: Encoding mesh Root moss shoots 0270.
18:15:57 | INFO: Draco encoder: Encoding mesh Root moss shoots 0271.
18:15:57 | INFO: Draco encoder: Encoding mesh Root moss shoots 0272.
18:15:57 | INFO: Draco encoder: Encoding mesh Root moss shoots 0273.
18:15:57 | INFO: Draco encoder: Encoding mesh Root moss shoots 0274.
18:15:57 | INFO: Draco encoder: Encoding mesh Root moss shoots 0275.
18:15:57 | INFO: Draco encoder: Encoding mesh Root moss shoots 0276.
18:15:57 | INFO: Draco encoder: Encoding mesh Root moss shoots 0277.
18:15:57 | INFO: Draco encoder: Encoding mesh Root moss shoots 0278.
18:15:57 | INFO: Draco encoder: Encoding mesh Root moss shoots 0279.
18:15:57 | INFO: Draco encoder: Encoding mesh Root moss shoots 0280.
18:15:57 | INFO: Draco encoder: Encoding mesh Root moss shoots 0281.
18:15:57 | INFO: Draco encoder: Encoding mesh Root moss shoots 0282.
18:15:57 | INFO: Draco encoder: Encoding mesh Root moss shoots 0283.
18:15:57 | INFO: Draco encoder: Encoding mesh Root moss shoots 0284.
18:15:57 | INFO: Draco encoder: Encoding mesh Root moss shoots 0285.
18:15:57 | INFO: Draco encoder: Encoding mesh Root moss shoots 0286.
18:15:57 | INFO: Draco encoder: Encoding mesh Root moss shoots 0287.
18:15:57 | INFO: Draco encoder: Encoding mesh Root moss shoots 0288.
18:15:57 | INFO: Draco encoder: Encoding mesh Root moss shoots 0289.
18:15:57 | INFO: Draco encoder: Encoding mesh Root moss shoots 0290.
18:15:57 | INFO: Draco encoder: Encoding mesh Root moss shoots 0291.
18:15:57 | INFO: Draco encoder: Encoding mesh Root moss shoots 0292.
18:15:57 | INFO: Draco encoder: Encoding mesh Root moss shoots 0293.
18:15:57 | INFO: Draco encoder: Encoding mesh Root moss shoots 0294.
18:15:57 | INFO: Draco encoder: Encoding mesh Root moss shoots 0295.
18:15:57 | INFO: Draco encoder: Encoding mesh Root moss shoots 0296.
18:15:57 | INFO: Draco encoder: Encoding mesh Root moss shoots 0297.
18:15:57 | INFO: Draco encoder: Encoding mesh Root moss shoots 0298.
18:15:57 | INFO: Draco encoder: Encoding mesh Root moss shoots 0299.
18:15:57 | INFO: Draco encoder: Encoding mesh Root moss shoots 0300.
18:15:57 | INFO: Draco encoder: Encoding mesh Root moss shoots 0301.
18:15:57 | INFO: Draco encoder: Encoding mesh Root moss shoots 0302.
18:15:57 | INFO: Draco encoder: Encoding mesh Root moss shoots 0303.
18:15:57 | INFO: Draco encoder: Encoding mesh Root moss shoots 0304.
18:15:57 | INFO: Draco encoder: Encoding mesh Root moss shoots 0305.
18:15:57 | INFO: Draco encoder: Encoding mesh Root moss shoots 0306.
18:15:57 | INFO: Draco encoder: Encoding mesh Root moss shoots 0307.
18:15:57 | INFO: Draco encoder: Encoding mesh Root moss shoots 0308.
18:15:57 | INFO: Draco encoder: Encoding mesh Root moss shoots 0309.
18:15:57 | INFO: Draco encoder: Encoding mesh Root moss shoots 0310.
18:15:57 | INFO: Draco encoder: Encoding mesh Root moss shoots 0311.
18:15:57 | INFO: Draco encoder: Encoding mesh Root moss shoots 0312.
18:15:57 | INFO: Draco encoder: Encoding mesh Root moss shoots 0313.
18:15:57 | INFO: Draco encoder: Encoding mesh Root moss shoots 0314.
18:15:57 | INFO: Draco encoder: Encoding mesh Root moss shoots 0315.
18:15:57 | INFO: Draco encoder: Encoding mesh Root moss shoots 0316.
18:15:57 | INFO: Draco encoder: Encoding mesh Root moss shoots 0317.
18:15:57 | INFO: Draco encoder: Encoding mesh Root moss shoots 0318.
18:15:57 | INFO: Draco encoder: Encoding mesh Root moss shoots 0319.
18:15:57 | INFO: Draco encoder: Encoding mesh Root moss shoots 0320.
18:15:57 | INFO: Draco encoder: Encoding mesh Root moss shoots 0321.
18:15:57 | INFO: Draco encoder: Encoding mesh Root moss shoots 0322.
18:15:57 | INFO: Draco encoder: Encoding mesh Root moss shoots 0323.
18:15:57 | INFO: Draco encoder: Encoding mesh Root moss shoots 0324.
18:15:57 | INFO: Draco encoder: Encoding mesh Root moss shoots 0325.
18:15:57 | INFO: Draco encoder: Encoding mesh Root moss shoots 0326.
18:15:57 | INFO: Draco encoder: Encoding mesh Root moss shoots 0327.
18:15:57 | INFO: Draco encoder: Encoding mesh Root moss shoots 0328.
18:15:57 | INFO: Draco encoder: Encoding mesh Root moss shoots 0329.
18:15:57 | INFO: Draco encoder: Encoding mesh Root moss shoots 0330.
18:15:57 | INFO: Draco encoder: Encoding mesh Root moss shoots 0331.
18:15:57 | INFO: Draco encoder: Encoding mesh Root moss shoots 0332.
18:15:57 | INFO: Draco encoder: Encoding mesh Root moss shoots 0333.
18:15:57 | INFO: Draco encoder: Encoding mesh Root moss shoots 0334.
18:15:57 | INFO: Draco encoder: Encoding mesh Root moss shoots 0335.
18:15:57 | INFO: Draco encoder: Encoding mesh Root moss shoots 0336.
18:15:57 | INFO: Draco encoder: Encoding mesh Root moss shoots 0337.
18:15:57 | INFO: Draco encoder: Encoding mesh Root moss shoots 0338.
18:15:57 | INFO: Draco encoder: Encoding mesh Root moss shoots 0339.
18:15:57 | INFO: Draco encoder: Encoding mesh Root moss shoots 0340.
18:15:57 | INFO: Draco encoder: Encoding mesh Root moss shoots 0341.
18:15:57 | INFO: Draco encoder: Encoding mesh Root moss shoots 0342.
18:15:57 | INFO: Draco encoder: Encoding mesh Root moss shoots 0343.
18:15:57 | INFO: Draco encoder: Encoding mesh Root moss shoots 0344.
18:15:57 | INFO: Draco encoder: Encoding mesh Root moss shoots 0345.
18:15:57 | INFO: Draco encoder: Encoding mesh Root moss shoots 0346.
18:15:57 | INFO: Draco encoder: Encoding mesh Root moss shoots 0347.
18:15:57 | INFO: Draco encoder: Encoding mesh Root moss shoots 0348.
18:15:57 | INFO: Draco encoder: Encoding mesh Root moss shoots 0349.
18:15:57 | INFO: Draco encoder: Encoding mesh Root moss shoots 0350.
18:15:57 | INFO: Draco encoder: Encoding mesh Root moss shoots 0351.
18:15:57 | INFO: Draco encoder: Encoding mesh Root moss shoots 0352.
18:15:57 | INFO: Draco encoder: Encoding mesh Root moss shoots 0353.
18:15:57 | INFO: Draco encoder: Encoding mesh Root moss shoots 0354.
18:15:57 | INFO: Draco encoder: Encoding mesh Root moss shoots 0355.
18:15:57 | INFO: Draco encoder: Encoding mesh Root moss shoots 0356.
18:15:57 | INFO: Draco encoder: Encoding mesh Root moss shoots 0357.
18:15:57 | INFO: Draco encoder: Encoding mesh Root moss shoots 0358.
18:15:57 | INFO: Draco encoder: Encoding mesh Root moss shoots 0359.
18:15:57 | INFO: Draco encoder: Encoding mesh Root moss shoots 0360.
18:15:57 | INFO: Draco encoder: Encoding mesh Root moss shoots 0361.
18:15:57 | INFO: Draco encoder: Encoding mesh Root moss shoots 0362.
18:15:57 | INFO: Draco encoder: Encoding mesh Root moss shoots 0363.
18:15:57 | INFO: Draco encoder: Encoding mesh Root moss shoots 0364.
18:15:57 | INFO: Draco encoder: Encoding mesh Root moss shoots 0365.
18:15:57 | INFO: Draco encoder: Encoding mesh Root moss shoots 0366.
18:15:57 | INFO: Draco encoder: Encoding mesh Root moss shoots 0367.
18:15:57 | INFO: Draco encoder: Encoding mesh Root moss shoots 0368.
18:15:57 | INFO: Draco encoder: Encoding mesh Root moss shoots 0369.
18:15:57 | INFO: Draco encoder: Encoding mesh Root moss shoots 0370.
18:15:57 | INFO: Draco encoder: Encoding mesh Root moss shoots 0371.
18:15:57 | INFO: Draco encoder: Encoding mesh Root moss shoots 0372.
18:15:57 | INFO: Draco encoder: Encoding mesh Root moss shoots 0373.
18:15:57 | INFO: Draco encoder: Encoding mesh Root moss shoots 0374.
18:15:57 | INFO: Draco encoder: Encoding mesh Root moss shoots 0375.
18:15:57 | INFO: Draco encoder: Encoding mesh Root moss shoots 0376.
18:15:57 | INFO: Draco encoder: Encoding mesh Root moss shoots 0377.
18:15:57 | INFO: Draco encoder: Encoding mesh Root moss shoots 0378.
18:15:57 | INFO: Draco encoder: Encoding mesh Root moss shoots 0379.
18:15:57 | INFO: Draco encoder: Encoding mesh Root moss shoots 0380.
18:15:57 | INFO: Draco encoder: Encoding mesh Root moss shoots 0381.
18:15:57 | INFO: Draco encoder: Encoding mesh Root moss shoots 0382.
18:15:57 | INFO: Draco encoder: Encoding mesh Root moss shoots 0383.
18:15:57 | INFO: Draco encoder: Encoding mesh Root moss shoots 0384.
18:15:57 | INFO: Draco encoder: Encoding mesh Root moss shoots 0385.
18:15:57 | INFO: Draco encoder: Encoding mesh Root moss shoots 0386.
18:15:57 | INFO: Draco encoder: Encoding mesh Root moss shoots 0387.
18:15:57 | INFO: Draco encoder: Encoding mesh Root moss shoots 0388.
18:15:57 | INFO: Draco encoder: Encoding mesh Root moss shoots 0389.
18:15:57 | INFO: Draco encoder: Encoding mesh Root moss shoots 0390.
18:15:57 | INFO: Draco encoder: Encoding mesh Root moss shoots 0391.
18:15:57 | INFO: Draco encoder: Encoding mesh Root moss shoots 0392.
18:15:57 | INFO: Draco encoder: Encoding mesh Root moss shoots 0393.
18:15:57 | INFO: Draco encoder: Encoding mesh Root moss shoots 0394.
18:15:57 | INFO: Draco encoder: Encoding mesh Root moss shoots 0395.
18:15:57 | INFO: Draco encoder: Encoding mesh Root moss shoots 0396.
18:15:57 | INFO: Draco encoder: Encoding mesh Root moss shoots 0397.
18:15:57 | INFO: Draco encoder: Encoding mesh Root moss shoots 0398.
18:15:57 | INFO: Draco encoder: Encoding mesh Root moss shoots 0399.
18:15:57 | INFO: Draco encoder: Encoding mesh Root moss shoots 0400.
18:15:57 | INFO: Draco encoder: Encoding mesh Root moss shoots 0401.
18:15:57 | INFO: Draco encoder: Encoding mesh Root moss shoots 0402.
18:15:57 | INFO: Draco encoder: Encoding mesh Root moss shoots 0403.
18:15:57 | INFO: Draco encoder: Encoding mesh Root moss shoots 0404.
18:15:57 | INFO: Draco encoder: Encoding mesh Root moss shoots 0405.
18:15:57 | INFO: Draco encoder: Encoding mesh Root moss shoots 0406.
18:15:57 | INFO: Draco encoder: Encoding mesh Root moss shoots 0407.
18:15:57 | INFO: Draco encoder: Encoding mesh Root moss shoots 0408.
18:15:57 | INFO: Draco encoder: Encoding mesh Root moss shoots 0409.
18:15:57 | INFO: Draco encoder: Encoding mesh Root moss shoots 0410.
18:15:57 | INFO: Draco encoder: Encoding mesh Root moss shoots 0411.
18:15:57 | INFO: Draco encoder: Encoding mesh Root moss shoots 0412.
18:15:57 | INFO: Draco encoder: Encoding mesh Root moss shoots 0413.
18:15:57 | INFO: Draco encoder: Encoding mesh Root moss shoots 0414.
18:15:57 | INFO: Draco encoder: Encoding mesh Root moss shoots 0415.
18:15:57 | INFO: Draco encoder: Encoding mesh Root moss shoots 0416.
18:15:57 | INFO: Draco encoder: Encoding mesh Root moss shoots 0417.
18:15:57 | INFO: Draco encoder: Encoding mesh Root moss shoots 0418.
18:15:57 | INFO: Draco encoder: Encoding mesh Root moss shoots 0419.
18:15:57 | INFO: Draco encoder: Encoding mesh Root moss shoots 0420.
18:15:57 | INFO: Draco encoder: Encoding mesh Root moss shoots 0421.
18:15:57 | INFO: Draco encoder: Encoding mesh Root moss shoots 0422.
18:15:57 | INFO: Draco encoder: Encoding mesh Root moss shoots 0423.
18:15:57 | INFO: Draco encoder: Encoding mesh Root moss shoots 0424.
18:15:57 | INFO: Draco encoder: Encoding mesh Root moss shoots 0425.
18:15:57 | INFO: Draco encoder: Encoding mesh Root moss shoots 0426.
18:15:57 | INFO: Draco encoder: Encoding mesh Root moss shoots 0427.
18:15:57 | INFO: Draco encoder: Encoding mesh Root moss shoots 0428.
18:15:57 | INFO: Draco encoder: Encoding mesh Root moss shoots 0429.
18:15:57 | INFO: Draco encoder: Encoding mesh Root moss shoots 0430.
18:15:57 | INFO: Draco encoder: Encoding mesh Root moss shoots 0431.
18:15:57 | INFO: Draco encoder: Encoding mesh Root moss shoots 0432.
18:15:57 | INFO: Draco encoder: Encoding mesh Root moss shoots 0433.
18:15:57 | INFO: Draco encoder: Encoding mesh Root moss shoots 0434.
18:15:57 | INFO: Draco encoder: Encoding mesh Root moss shoots 0435.
18:15:57 | INFO: Draco encoder: Encoding mesh Root moss shoots 0436.
18:15:57 | INFO: Draco encoder: Encoding mesh Root moss shoots 0437.
18:15:57 | INFO: Draco encoder: Encoding mesh Root moss shoots 0438.
18:15:57 | INFO: Draco encoder: Encoding mesh Root moss shoots 0439.
18:15:57 | INFO: Draco encoder: Encoding mesh Root moss shoots 0440.
18:15:57 | INFO: Draco encoder: Encoding mesh Root moss shoots 0441.
18:15:57 | INFO: Draco encoder: Encoding mesh Root moss shoots 0442.
18:15:57 | INFO: Draco encoder: Encoding mesh Root moss shoots 0443.
18:15:57 | INFO: Draco encoder: Encoding mesh Root moss shoots 0444.
18:15:57 | INFO: Draco encoder: Encoding mesh Root moss shoots 0445.
18:15:57 | INFO: Draco encoder: Encoding mesh Root moss shoots 0446.
18:15:57 | INFO: Draco encoder: Encoding mesh Root moss shoots 0447.
18:15:57 | INFO: Draco encoder: Encoding mesh Root moss shoots 0448.
18:15:57 | INFO: Draco encoder: Encoding mesh Root moss shoots 0449.
18:15:57 | INFO: Draco encoder: Encoding mesh Root moss shoots 0450.
18:15:57 | INFO: Draco encoder: Encoding mesh Root moss shoots 0451.
18:15:57 | INFO: Draco encoder: Encoding mesh Root moss shoots 0452.
18:15:57 | INFO: Draco encoder: Encoding mesh Root moss shoots 0453.
18:15:57 | INFO: Draco encoder: Encoding mesh Root moss shoots 0454.
18:15:57 | INFO: Draco encoder: Encoding mesh Root moss shoots 0455.
18:15:57 | INFO: Draco encoder: Encoding mesh Root moss shoots 0456.
18:15:57 | INFO: Draco encoder: Encoding mesh Root moss shoots 0457.
18:15:57 | INFO: Draco encoder: Encoding mesh Root moss shoots 0458.
18:15:57 | INFO: Draco encoder: Encoding mesh Root moss shoots 0459.
18:15:57 | INFO: Draco encoder: Encoding mesh Root moss shoots 0460.
18:15:57 | INFO: Draco encoder: Encoding mesh Root moss shoots 0461.
18:15:57 | INFO: Draco encoder: Encoding mesh Root moss shoots 0462.
18:15:57 | INFO: Draco encoder: Encoding mesh Root moss shoots 0463.
18:15:57 | INFO: Draco encoder: Encoding mesh Root moss shoots 0464.
18:15:57 | INFO: Draco encoder: Encoding mesh Root moss shoots 0465.
18:15:57 | INFO: Draco encoder: Encoding mesh Root moss shoots 0466.
18:15:57 | INFO: Draco encoder: Encoding mesh Root moss shoots 0467.
18:15:57 | INFO: Draco encoder: Encoding mesh Root moss shoots 0468.
18:15:57 | INFO: Draco encoder: Encoding mesh Root moss shoots 0469.
18:15:57 | INFO: Draco encoder: Encoding mesh Root moss shoots 0470.
18:15:57 | INFO: Draco encoder: Encoding mesh Root moss shoots 0471.
18:15:57 | INFO: Draco encoder: Encoding mesh Root moss shoots 0472.
18:15:57 | INFO: Draco encoder: Encoding mesh Root moss shoots 0473.
18:15:57 | INFO: Draco encoder: Encoding mesh Root moss shoots 0474.
18:15:57 | INFO: Draco encoder: Encoding mesh Root moss shoots 0475.
18:15:57 | INFO: Draco encoder: Encoding mesh Root moss shoots 0476.
18:15:57 | INFO: Draco encoder: Encoding mesh Root moss shoots 0477.
18:15:57 | INFO: Draco encoder: Encoding mesh Root moss shoots 0478.
18:15:57 | INFO: Draco encoder: Encoding mesh Root moss shoots 0479.
18:15:57 | INFO: Draco encoder: Encoding mesh Root moss shoots 0480.
18:15:57 | INFO: Draco encoder: Encoding mesh Root moss shoots 0481.
18:15:57 | INFO: Draco encoder: Encoding mesh Root moss shoots 0482.
18:15:57 | INFO: Draco encoder: Encoding mesh Root moss shoots 0483.
18:15:57 | INFO: Draco encoder: Encoding mesh Root moss shoots 0484.
18:15:57 | INFO: Draco encoder: Encoding mesh Root moss shoots 0485.
18:15:57 | INFO: Draco encoder: Encoding mesh Root moss shoots 0486.
18:15:57 | INFO: Draco encoder: Encoding mesh Root moss shoots 0487.
18:15:57 | INFO: Draco encoder: Encoding mesh Root moss shoots 0488.
18:15:57 | INFO: Draco encoder: Encoding mesh Root moss shoots 0489.
18:15:57 | INFO: Draco encoder: Encoding mesh Root moss shoots 0490.
18:15:57 | INFO: Draco encoder: Encoding mesh Root moss shoots 0491.
18:15:57 | INFO: Draco encoder: Encoding mesh Root moss shoots 0492.
18:15:57 | INFO: Draco encoder: Encoding mesh Root moss shoots 0493.
18:15:57 | INFO: Draco encoder: Encoding mesh Root moss shoots 0494.
18:15:57 | INFO: Draco encoder: Encoding mesh Root moss shoots 0495.
18:15:57 | INFO: Draco encoder: Encoding mesh Root moss shoots 0496.
18:15:57 | INFO: Draco encoder: Encoding mesh Root moss shoots 0497.
18:15:57 | INFO: Draco encoder: Encoding mesh Root moss shoots 0498.
18:15:57 | INFO: Draco encoder: Encoding mesh Root moss shoots 0499.
18:15:57 | INFO: Draco encoder: Encoding mesh Root moss shoots 0500.
18:15:57 | INFO: Draco encoder: Encoding mesh Root moss shoots 0501.
18:15:57 | INFO: Draco encoder: Encoding mesh Root moss shoots 0502.
18:15:57 | INFO: Draco encoder: Encoding mesh Root moss shoots 0503.
18:15:57 | INFO: Draco encoder: Encoding mesh Root moss shoots 0504.
18:15:57 | INFO: Draco encoder: Encoding mesh Root moss shoots 0505.
18:15:57 | INFO: Draco encoder: Encoding mesh Root moss shoots 0506.
18:15:57 | INFO: Draco encoder: Encoding mesh Root moss shoots 0507.
18:15:57 | INFO: Draco encoder: Encoding mesh Root moss shoots 0508.
18:15:57 | INFO: Draco encoder: Encoding mesh Root moss shoots 0509.
18:15:57 | INFO: Draco encoder: Encoding mesh Root moss shoots 0510.
18:15:57 | INFO: Draco encoder: Encoding mesh Root moss shoots 0511.
18:15:57 | INFO: Draco encoder: Encoding mesh Root moss shoots 0512.
18:15:57 | INFO: Draco encoder: Encoding mesh Root moss shoots 0513.
18:15:57 | INFO: Draco encoder: Encoding mesh Root moss shoots 0514.
18:15:57 | INFO: Draco encoder: Encoding mesh Root moss shoots 0515.
18:15:57 | INFO: Draco encoder: Encoding mesh Root moss shoots 0516.
18:15:57 | INFO: Draco encoder: Encoding mesh Root moss shoots 0517.
18:15:57 | INFO: Draco encoder: Encoding mesh Root moss shoots 0518.
18:15:57 | INFO: Draco encoder: Encoding mesh Root moss shoots 0519.
18:15:57 | INFO: Draco encoder: Encoding mesh Root moss shoots 0520.
18:15:57 | INFO: Draco encoder: Encoding mesh Root moss shoots 0521.
18:15:57 | INFO: Draco encoder: Encoding mesh Root moss shoots 0522.
18:15:57 | INFO: Draco encoder: Encoding mesh Root moss shoots 0523.
18:15:57 | INFO: Draco encoder: Encoding mesh Root moss shoots 0524.
18:15:57 | INFO: Draco encoder: Encoding mesh Root moss shoots 0525.
18:15:57 | INFO: Draco encoder: Encoding mesh Root moss shoots 0526.
18:15:57 | INFO: Draco encoder: Encoding mesh Root moss shoots 0527.
18:15:57 | INFO: Draco encoder: Encoding mesh Root moss shoots 0528.
18:15:57 | INFO: Draco encoder: Encoding mesh Root moss shoots 0529.
18:15:57 | INFO: Draco encoder: Encoding mesh Root moss shoots 0530.
18:15:57 | INFO: Draco encoder: Encoding mesh Root moss shoots 0531.
18:15:57 | INFO: Draco encoder: Encoding mesh Root moss shoots 0532.
18:15:57 | INFO: Draco encoder: Encoding mesh Root moss shoots 0533.
18:15:57 | INFO: Draco encoder: Encoding mesh Root moss shoots 0534.
18:15:57 | INFO: Draco encoder: Encoding mesh Root moss shoots 0535.
18:15:57 | INFO: Draco encoder: Encoding mesh Root moss shoots 0536.
18:15:57 | INFO: Draco encoder: Encoding mesh Root moss shoots 0537.
18:15:57 | INFO: Draco encoder: Encoding mesh Root moss shoots 0538.
18:15:57 | INFO: Draco encoder: Encoding mesh Root moss shoots 0539.
18:15:57 | INFO: Draco encoder: Encoding mesh Root moss shoots 0540.
18:15:57 | INFO: Draco encoder: Encoding mesh Root moss shoots 0541.
18:15:57 | INFO: Draco encoder: Encoding mesh Root moss shoots 0542.
18:15:57 | INFO: Draco encoder: Encoding mesh Root moss shoots 0543.
18:15:57 | INFO: Draco encoder: Encoding mesh Root moss shoots 0544.
18:15:57 | INFO: Draco encoder: Encoding mesh Root moss shoots 0545.
18:15:57 | INFO: Draco encoder: Encoding mesh Root moss shoots 0546.
18:15:57 | INFO: Draco encoder: Encoding mesh Root moss shoots 0547.
18:15:57 | INFO: Draco encoder: Encoding mesh Root moss shoots 0548.
18:15:57 | INFO: Draco encoder: Encoding mesh Root moss shoots 0549.
18:15:57 | INFO: Draco encoder: Encoding mesh Root moss shoots 0550.
18:15:57 | INFO: Draco encoder: Encoding mesh Root moss shoots 0551.
18:15:57 | INFO: Draco encoder: Encoding mesh Root moss shoots 0552.
18:15:57 | INFO: Draco encoder: Encoding mesh Root moss shoots 0553.
18:15:57 | INFO: Draco encoder: Encoding mesh Root moss shoots 0554.
18:15:57 | INFO: Draco encoder: Encoding mesh Root moss shoots 0555.
18:15:57 | INFO: Draco encoder: Encoding mesh Root moss shoots 0556.
18:15:57 | INFO: Draco encoder: Encoding mesh Root moss shoots 0557.
18:15:57 | INFO: Draco encoder: Encoding mesh Root moss shoots 0558.
18:15:57 | INFO: Draco encoder: Encoding mesh Root moss shoots 0559.
18:15:57 | INFO: Draco encoder: Encoding mesh Root moss shoots 0560.
18:15:57 | INFO: Draco encoder: Encoding mesh Root moss shoots 0561.
18:15:57 | INFO: Draco encoder: Encoding mesh Root moss shoots 0562.
18:15:57 | INFO: Draco encoder: Encoding mesh Root moss shoots 0563.
18:15:57 | INFO: Draco encoder: Encoding mesh Root moss shoots 0564.
18:15:57 | INFO: Draco encoder: Encoding mesh Root moss shoots 0565.
18:15:57 | INFO: Draco encoder: Encoding mesh Root moss shoots 0566.
18:15:57 | INFO: Draco encoder: Encoding mesh Root moss shoots 0567.
18:15:57 | INFO: Draco encoder: Encoding mesh Root moss shoots 0568.
18:15:57 | INFO: Draco encoder: Encoding mesh Root moss shoots 0569.
18:15:57 | INFO: Draco encoder: Encoding mesh Root moss shoots 0570.
18:15:57 | INFO: Draco encoder: Encoding mesh Root moss shoots 0571.
18:15:57 | INFO: Draco encoder: Encoding mesh Root moss shoots 0572.
18:15:57 | INFO: Draco encoder: Encoding mesh Root moss shoots 0573.
18:15:57 | INFO: Draco encoder: Encoding mesh Root moss shoots 0574.
18:15:57 | INFO: Draco encoder: Encoding mesh Root moss shoots 0575.
18:15:57 | INFO: Draco encoder: Encoding mesh Root moss shoots 0576.
18:15:57 | INFO: Draco encoder: Encoding mesh Root moss shoots 0577.
18:15:57 | INFO: Draco encoder: Encoding mesh Root moss shoots 0578.
18:15:57 | INFO: Draco encoder: Encoding mesh Root moss shoots 0579.
18:15:57 | INFO: Draco encoder: Encoding mesh Root moss shoots 0580.
18:15:57 | INFO: Draco encoder: Encoding mesh Root moss shoots 0581.
18:15:57 | INFO: Draco encoder: Encoding mesh Root moss shoots 0582.
18:15:57 | INFO: Draco encoder: Encoding mesh Root moss shoots 0583.
18:15:57 | INFO: Draco encoder: Encoding mesh Root moss shoots 0584.
18:15:57 | INFO: Draco encoder: Encoding mesh Root moss shoots 0585.
18:15:57 | INFO: Draco encoder: Encoding mesh Root moss shoots 0586.
18:15:57 | INFO: Draco encoder: Encoding mesh Root moss shoots 0587.
18:15:57 | INFO: Draco encoder: Encoding mesh Root moss shoots 0588.
18:15:57 | INFO: Draco encoder: Encoding mesh Root moss shoots 0589.
18:15:57 | INFO: Draco encoder: Encoding mesh Root moss shoots 0590.
18:15:57 | INFO: Draco encoder: Encoding mesh Root moss shoots 0591.
18:15:57 | INFO: Draco encoder: Encoding mesh Root moss shoots 0592.
18:15:57 | INFO: Draco encoder: Encoding mesh Root moss shoots 0593.
18:15:57 | INFO: Draco encoder: Encoding mesh Root moss shoots 0594.
18:15:57 | INFO: Draco encoder: Encoding mesh Root moss shoots 0595.
18:15:57 | INFO: Draco encoder: Encoding mesh Root moss shoots 0596.
18:15:57 | INFO: Draco encoder: Encoding mesh Root moss shoots 0597.
18:15:57 | INFO: Draco encoder: Encoding mesh Root moss shoots 0598.
18:15:57 | INFO: Draco encoder: Encoding mesh Root moss shoots 0599.
18:15:57 | INFO: Draco encoder: Encoding mesh Root moss shoots 0600.
18:15:57 | INFO: Draco encoder: Encoding mesh Root moss shoots 0601.
18:15:57 | INFO: Draco encoder: Encoding mesh Root moss shoots 0602.
18:15:57 | INFO: Draco encoder: Encoding mesh Root moss shoots 0603.
18:15:57 | INFO: Draco encoder: Encoding mesh Root moss shoots 0604.
18:15:57 | INFO: Draco encoder: Encoding mesh Root moss shoots 0605.
18:15:57 | INFO: Draco encoder: Encoding mesh Root moss shoots 0606.
18:15:57 | INFO: Draco encoder: Encoding mesh Root moss shoots 0607.
18:15:57 | INFO: Draco encoder: Encoding mesh Root moss shoots 0608.
18:15:57 | INFO: Draco encoder: Encoding mesh Root moss shoots 0609.
18:15:57 | INFO: Draco encoder: Encoding mesh Root moss shoots 0610.
18:15:57 | INFO: Draco encoder: Encoding mesh Root moss shoots 0611.
18:15:57 | INFO: Draco encoder: Encoding mesh Root moss shoots 0612.
18:15:57 | INFO: Draco encoder: Encoding mesh Root moss shoots 0613.
18:15:57 | INFO: Draco encoder: Encoding mesh Root moss shoots 0614.
18:15:57 | INFO: Draco encoder: Encoding mesh Root moss shoots 0615.
18:15:57 | INFO: Draco encoder: Encoding mesh Root moss shoots 0616.
18:15:57 | INFO: Draco encoder: Encoding mesh Root moss shoots 0617.
18:15:57 | INFO: Draco encoder: Encoding mesh Root moss shoots 0618.
18:15:57 | INFO: Draco encoder: Encoding mesh Root moss shoots 0619.
18:15:57 | INFO: Draco encoder: Encoding mesh Root moss shoots 0620.
18:15:57 | INFO: Draco encoder: Encoding mesh Root moss shoots 0621.
18:15:57 | INFO: Draco encoder: Encoding mesh Root moss shoots 0622.
18:15:57 | INFO: Draco encoder: Encoding mesh Root moss shoots 0623.
18:15:57 | INFO: Draco encoder: Encoding mesh Root moss shoots 0624.
18:15:57 | INFO: Draco encoder: Encoding mesh Root moss shoots 0625.
18:15:57 | INFO: Draco encoder: Encoding mesh Root moss shoots 0626.
18:15:57 | INFO: Draco encoder: Encoding mesh Root moss shoots 0627.
18:15:57 | INFO: Draco encoder: Encoding mesh Root moss shoots 0628.
18:15:57 | INFO: Draco encoder: Encoding mesh Root moss shoots 0629.
18:15:57 | INFO: Draco encoder: Encoding mesh Root moss shoots 0630.
18:15:57 | INFO: Draco encoder: Encoding mesh Root moss shoots 0631.
18:15:57 | INFO: Draco encoder: Encoding mesh Root moss shoots 0632.
18:15:57 | INFO: Draco encoder: Encoding mesh Root moss shoots 0633.
18:15:57 | INFO: Draco encoder: Encoding mesh Root moss shoots 0634.
18:15:57 | INFO: Draco encoder: Encoding mesh Root moss shoots 0635.
18:15:57 | INFO: Draco encoder: Encoding mesh Root moss shoots 0636.
18:15:57 | INFO: Draco encoder: Encoding mesh Root moss shoots 0637.
18:15:57 | INFO: Draco encoder: Encoding mesh Root moss shoots 0638.
18:15:57 | INFO: Draco encoder: Encoding mesh Root moss shoots 0639.
18:15:57 | INFO: Draco encoder: Encoding mesh Root moss shoots 0640.
18:15:57 | INFO: Draco encoder: Encoding mesh Root moss shoots 0641.
18:15:57 | INFO: Draco encoder: Encoding mesh Root moss shoots 0642.
18:15:57 | INFO: Draco encoder: Encoding mesh Root moss shoots 0643.
18:15:57 | INFO: Draco encoder: Encoding mesh Root moss shoots 0644.
18:15:57 | INFO: Draco encoder: Encoding mesh Root moss shoots 0645.
18:15:57 | INFO: Draco encoder: Encoding mesh Root moss shoots 0646.
18:15:57 | INFO: Draco encoder: Encoding mesh Root moss shoots 0647.
18:15:57 | INFO: Draco encoder: Encoding mesh Root moss shoots 0648.
18:15:57 | INFO: Draco encoder: Encoding mesh Root moss shoots 0649.
18:15:57 | INFO: Draco encoder: Encoding mesh Root moss shoots 0650.
18:15:57 | INFO: Draco encoder: Encoding mesh Root moss shoots 0651.
18:15:57 | INFO: Draco encoder: Encoding mesh Root moss shoots 0652.
18:15:57 | INFO: Draco encoder: Encoding mesh Root moss shoots 0653.
18:15:57 | INFO: Draco encoder: Encoding mesh Root moss shoots 0654.
18:15:57 | INFO: Draco encoder: Encoding mesh Root moss shoots 0655.
18:15:57 | INFO: Draco encoder: Encoding mesh Root moss shoots 0656.
18:15:57 | INFO: Draco encoder: Encoding mesh Root moss shoots 0657.
18:15:57 | INFO: Draco encoder: Encoding mesh Root moss shoots 0658.
18:15:57 | INFO: Draco encoder: Encoding mesh Root moss shoots 0659.
18:15:57 | INFO: Draco encoder: Encoding mesh Root moss shoots 0660.
18:15:57 | INFO: Draco encoder: Encoding mesh Root moss shoots 0661.
18:15:57 | INFO: Draco encoder: Encoding mesh Root moss shoots 0662.
18:15:57 | INFO: Draco encoder: Encoding mesh Root moss shoots 0663.
18:15:57 | INFO: Draco encoder: Encoding mesh Root moss shoots 0664.
18:15:57 | INFO: Draco encoder: Encoding mesh Root moss shoots 0665.
18:15:57 | INFO: Draco encoder: Encoding mesh Root moss shoots 0666.
18:15:57 | INFO: Draco encoder: Encoding mesh Root moss shoots 0667.
18:15:57 | INFO: Draco encoder: Encoding mesh Root moss shoots 0668.
18:15:57 | INFO: Draco encoder: Encoding mesh Root moss shoots 0669.
18:15:57 | INFO: Draco encoder: Encoding mesh Root moss shoots 0670.
18:15:57 | INFO: Draco encoder: Encoding mesh Root moss shoots 0671.
18:15:57 | INFO: Draco encoder: Encoding mesh Root moss shoots 0672.
18:15:57 | INFO: Draco encoder: Encoding mesh Root moss shoots 0673.
18:15:57 | INFO: Draco encoder: Encoding mesh Root moss shoots 0674.
18:15:57 | INFO: Draco encoder: Encoding mesh Root moss shoots 0675.
18:15:57 | INFO: Draco encoder: Encoding mesh Root moss shoots 0676.
18:15:57 | INFO: Draco encoder: Encoding mesh Root moss shoots 0677.
18:15:57 | INFO: Draco encoder: Encoding mesh Root moss shoots 0678.
18:15:57 | INFO: Draco encoder: Encoding mesh Root moss shoots 0679.
18:15:57 | INFO: Draco encoder: Encoding mesh Root moss shoots 0680.
18:15:57 | INFO: Draco encoder: Encoding mesh Root moss shoots 0681.
18:15:57 | INFO: Draco encoder: Encoding mesh Root moss shoots 0682.
18:15:57 | INFO: Draco encoder: Encoding mesh Root moss shoots 0683.
18:15:57 | INFO: Draco encoder: Encoding mesh Root moss shoots 0684.
18:15:57 | INFO: Draco encoder: Encoding mesh Root moss shoots 0685.
18:15:57 | INFO: Draco encoder: Encoding mesh Root moss shoots 0686.
18:15:57 | INFO: Draco encoder: Encoding mesh Root moss shoots 0687.
18:15:57 | INFO: Draco encoder: Encoding mesh Root moss shoots 0688.
18:15:57 | INFO: Draco encoder: Encoding mesh Root moss shoots 0689.
18:15:57 | INFO: Draco encoder: Encoding mesh Root moss shoots 0690.
18:15:57 | INFO: Draco encoder: Encoding mesh Root moss shoots 0691.
18:15:57 | INFO: Draco encoder: Encoding mesh Root moss shoots 0692.
18:15:57 | INFO: Draco encoder: Encoding mesh Root moss shoots 0693.
18:15:57 | INFO: Draco encoder: Encoding mesh Root moss shoots 0694.
18:15:57 | INFO: Draco encoder: Encoding mesh Root moss shoots 0695.
18:15:57 | INFO: Draco encoder: Encoding mesh Root moss shoots 0696.
18:15:57 | INFO: Draco encoder: Encoding mesh Root moss shoots 0697.
18:15:57 | INFO: Draco encoder: Encoding mesh Root moss shoots 0698.
18:15:57 | INFO: Draco encoder: Encoding mesh Root moss shoots 0699.
18:15:57 | INFO: Draco encoder: Encoding mesh Root moss shoots 0700.
18:15:57 | INFO: Draco encoder: Encoding mesh Root moss shoots 0701.
18:15:57 | INFO: Draco encoder: Encoding mesh Root moss shoots 0702.
18:15:57 | INFO: Draco encoder: Encoding mesh Root moss shoots 0703.
18:15:57 | INFO: Draco encoder: Encoding mesh Root moss shoots 0704.
18:15:57 | INFO: Draco encoder: Encoding mesh Root moss shoots 0705.
18:15:57 | INFO: Draco encoder: Encoding mesh Root moss shoots 0706.
18:15:57 | INFO: Draco encoder: Encoding mesh Root moss shoots 0707.
18:15:57 | INFO: Draco encoder: Encoding mesh Root moss shoots 0708.
18:15:57 | INFO: Draco encoder: Encoding mesh Root moss shoots 0709.
18:15:57 | INFO: Draco encoder: Encoding mesh Root moss shoots 0710.
18:15:57 | INFO: Draco encoder: Encoding mesh Root moss shoots 0711.
18:15:57 | INFO: Draco encoder: Encoding mesh Root moss shoots 0712.
18:15:57 | INFO: Draco encoder: Encoding mesh Root moss shoots 0713.
18:15:57 | INFO: Draco encoder: Encoding mesh Root moss shoots 0714.
18:15:57 | INFO: Draco encoder: Encoding mesh Root moss shoots 0715.
18:15:57 | INFO: Draco encoder: Encoding mesh Root moss shoots 0716.
18:15:57 | INFO: Draco encoder: Encoding mesh Root moss shoots 0717.
18:15:57 | INFO: Draco encoder: Encoding mesh Root moss shoots 0718.
18:15:57 | INFO: Draco encoder: Encoding mesh Root moss shoots 0719.
18:15:57 | INFO: Draco encoder: Encoding mesh Root moss shoots 0720.
18:15:57 | INFO: Draco encoder: Encoding mesh Root moss shoots 0721.
18:15:57 | INFO: Draco encoder: Encoding mesh Root moss shoots 0722.
18:15:57 | INFO: Draco encoder: Encoding mesh Root moss shoots 0723.
18:15:57 | INFO: Draco encoder: Encoding mesh Root moss shoots 0724.
18:15:57 | INFO: Draco encoder: Encoding mesh Root moss shoots 0725.
18:15:57 | INFO: Draco encoder: Encoding mesh Root moss shoots 0726.
18:15:57 | INFO: Draco encoder: Encoding mesh Root moss shoots 0727.
18:15:57 | INFO: Draco encoder: Encoding mesh Root moss shoots 0728.
18:15:57 | INFO: Draco encoder: Encoding mesh Root moss shoots 0729.
18:15:57 | INFO: Draco encoder: Encoding mesh Root moss shoots 0730.
18:15:57 | INFO: Draco encoder: Encoding mesh Root moss shoots 0731.
18:15:57 | INFO: Draco encoder: Encoding mesh Root moss shoots 0732.
18:15:57 | INFO: Draco encoder: Encoding mesh Root moss shoots 0733.
18:15:57 | INFO: Draco encoder: Encoding mesh Root moss shoots 0734.
18:15:57 | INFO: Draco encoder: Encoding mesh Root moss shoots 0735.
18:15:57 | INFO: Draco encoder: Encoding mesh Root moss shoots 0736.
18:15:57 | INFO: Draco encoder: Encoding mesh Root moss shoots 0737.
18:15:57 | INFO: Draco encoder: Encoding mesh Root moss shoots 0738.
18:15:57 | INFO: Draco encoder: Encoding mesh Root moss shoots 0739.
18:15:57 | INFO: Draco encoder: Encoding mesh Root moss shoots 0740.
18:15:57 | INFO: Draco encoder: Encoding mesh Root moss shoots 0741.
18:15:57 | INFO: Draco encoder: Encoding mesh Root moss shoots 0742.
18:15:57 | INFO: Draco encoder: Encoding mesh Root moss shoots 0743.
18:15:57 | INFO: Draco encoder: Encoding mesh Root moss shoots 0744.
18:15:57 | INFO: Draco encoder: Encoding mesh Root moss shoots 0745.
18:15:57 | INFO: Draco encoder: Encoding mesh Root moss shoots 0746.
18:15:57 | INFO: Draco encoder: Encoding mesh Root moss shoots 0747.
18:15:57 | INFO: Draco encoder: Encoding mesh Root moss shoots 0748.
18:15:57 | INFO: Draco encoder: Encoding mesh Root moss shoots 0749.
18:15:57 | INFO: Draco encoder: Encoding mesh Root moss shoots 0750.
18:15:57 | INFO: Draco encoder: Encoding mesh Root moss shoots 0751.
18:15:57 | INFO: Draco encoder: Encoding mesh Root moss shoots 0752.
18:15:57 | INFO: Draco encoder: Encoding mesh Root moss shoots 0753.
18:15:57 | INFO: Draco encoder: Encoding mesh Root moss shoots 0754.
18:15:57 | INFO: Draco encoder: Encoding mesh Root moss shoots 0755.
18:15:57 | INFO: Draco encoder: Encoding mesh Root moss shoots 0756.
18:15:57 | INFO: Draco encoder: Encoding mesh Root moss shoots 0757.
18:15:57 | INFO: Draco encoder: Encoding mesh Root moss shoots 0758.
18:15:57 | INFO: Draco encoder: Encoding mesh Root moss shoots 0759.
18:15:57 | INFO: Draco encoder: Encoding mesh Root moss shoots 0760.
18:15:57 | INFO: Draco encoder: Encoding mesh Root moss shoots 0761.
18:15:57 | INFO: Draco encoder: Encoding mesh Root moss shoots 0762.
18:15:57 | INFO: Draco encoder: Encoding mesh Root moss shoots 0763.
18:15:57 | INFO: Draco encoder: Encoding mesh Root moss shoots 0764.
18:15:57 | INFO: Draco encoder: Encoding mesh Root moss shoots 0765.
18:15:57 | INFO: Draco encoder: Encoding mesh Root moss shoots 0766.
18:15:57 | INFO: Draco encoder: Encoding mesh Root moss shoots 0767.
18:15:57 | INFO: Draco encoder: Encoding mesh Root moss shoots 0768.
18:15:57 | INFO: Draco encoder: Encoding mesh Root moss shoots 0769.
18:15:57 | INFO: Draco encoder: Encoding mesh Root moss shoots 0770.
18:15:57 | INFO: Draco encoder: Encoding mesh Root moss shoots 0771.
18:15:57 | INFO: Draco encoder: Encoding mesh Root moss shoots 0772.
18:15:57 | INFO: Draco encoder: Encoding mesh Root moss shoots 0773.
18:15:57 | INFO: Draco encoder: Encoding mesh Root moss shoots 0774.
18:15:57 | INFO: Draco encoder: Encoding mesh Root moss shoots 0775.
18:15:57 | INFO: Draco encoder: Encoding mesh Root moss shoots 0776.
18:15:57 | INFO: Draco encoder: Encoding mesh Root moss shoots 0777.
18:15:57 | INFO: Draco encoder: Encoding mesh Root moss shoots 0778.
18:15:57 | INFO: Draco encoder: Encoding mesh Root moss shoots 0779.
18:15:57 | INFO: Draco encoder: Encoding mesh Root moss shoots 0780.
18:15:57 | INFO: Draco encoder: Encoding mesh Root moss shoots 0781.
18:15:57 | INFO: Draco encoder: Encoding mesh Root moss shoots 0782.
18:15:57 | INFO: Draco encoder: Encoding mesh Root moss shoots 0783.
18:15:57 | INFO: Draco encoder: Encoding mesh Root moss shoots 0784.
18:15:57 | INFO: Draco encoder: Encoding mesh Root moss shoots 0785.
18:15:57 | INFO: Draco encoder: Encoding mesh Root moss shoots 0786.
18:15:57 | INFO: Draco encoder: Encoding mesh Root moss shoots 0787.
18:15:57 | INFO: Draco encoder: Encoding mesh Root moss shoots 0788.
18:15:57 | INFO: Draco encoder: Encoding mesh Root moss shoots 0789.
18:15:57 | INFO: Draco encoder: Encoding mesh Root moss shoots 0790.
18:15:57 | INFO: Draco encoder: Encoding mesh Root moss shoots 0791.
18:15:57 | INFO: Draco encoder: Encoding mesh Root moss shoots 0792.
18:15:57 | INFO: Draco encoder: Encoding mesh Root moss shoots 0793.
18:15:57 | INFO: Draco encoder: Encoding mesh Root moss shoots 0794.
18:15:57 | INFO: Draco encoder: Encoding mesh Root moss shoots 0795.
18:15:57 | INFO: Draco encoder: Encoding mesh Root moss shoots 0796.
18:15:57 | INFO: Draco encoder: Encoding mesh Root moss shoots 0797.
18:15:57 | INFO: Draco encoder: Encoding mesh Root moss shoots 0798.
18:15:57 | INFO: Draco encoder: Encoding mesh Root moss shoots 0799.
18:15:57 | INFO: Draco encoder: Encoding mesh Root moss shoots 0800.
18:15:57 | INFO: Draco encoder: Encoding mesh Root moss shoots 0801.
18:15:57 | INFO: Draco encoder: Encoding mesh Root moss shoots 0802.
18:15:57 | INFO: Draco encoder: Encoding mesh Root moss shoots 0803.
18:15:57 | INFO: Draco encoder: Encoding mesh Root moss shoots 0804.
18:15:57 | INFO: Draco encoder: Encoding mesh Root moss shoots 0805.
18:15:57 | INFO: Draco encoder: Encoding mesh Root moss shoots 0806.
18:15:57 | INFO: Draco encoder: Encoding mesh Root moss shoots 0807.
18:15:57 | INFO: Draco encoder: Encoding mesh Root moss shoots 0808.
18:15:57 | INFO: Draco encoder: Encoding mesh Root moss shoots 0809.
18:15:57 | INFO: Draco encoder: Encoding mesh Root moss shoots 0810.
18:15:57 | INFO: Draco encoder: Encoding mesh Root moss shoots 0811.
18:15:57 | INFO: Draco encoder: Encoding mesh Root moss shoots 0812.
18:15:57 | INFO: Draco encoder: Encoding mesh Root moss shoots 0813.
18:15:57 | INFO: Draco encoder: Encoding mesh Root moss shoots 0814.
18:15:57 | INFO: Draco encoder: Encoding mesh Root moss shoots 0815.
18:15:57 | INFO: Draco encoder: Encoding mesh Root moss shoots 0816.
18:15:57 | INFO: Draco encoder: Encoding mesh Root moss shoots 0817.
18:15:57 | INFO: Draco encoder: Encoding mesh Root moss shoots 0818.
18:15:57 | INFO: Draco encoder: Encoding mesh Root moss shoots 0819.
18:15:57 | INFO: Draco encoder: Encoding mesh Root moss shoots 0820.
18:15:57 | INFO: Draco encoder: Encoding mesh Root moss shoots 0821.
18:15:57 | INFO: Draco encoder: Encoding mesh Root moss shoots 0822.
18:15:57 | INFO: Draco encoder: Encoding mesh Root moss shoots 0823.
18:15:57 | INFO: Draco encoder: Encoding mesh Root moss shoots 0824.
18:15:57 | INFO: Draco encoder: Encoding mesh Root moss shoots 0825.
18:15:57 | INFO: Draco encoder: Encoding mesh Root moss shoots 0826.
18:15:57 | INFO: Draco encoder: Encoding mesh Root moss shoots 0827.
18:15:57 | INFO: Draco encoder: Encoding mesh Root moss shoots 0828.
18:15:57 | INFO: Draco encoder: Encoding mesh Root moss shoots 0829.
18:15:57 | INFO: Draco encoder: Encoding mesh Root moss shoots 0830.
18:15:57 | INFO: Draco encoder: Encoding mesh Root moss shoots 0831.
18:15:57 | INFO: Draco encoder: Encoding mesh Root moss shoots 0832.
18:15:57 | INFO: Draco encoder: Encoding mesh Root moss shoots 0833.
18:15:57 | INFO: Draco encoder: Encoding mesh Root moss shoots 0834.
18:15:57 | INFO: Draco encoder: Encoding mesh Root moss shoots 0835.
18:15:57 | INFO: Draco encoder: Encoding mesh Root moss shoots 0836.
18:15:57 | INFO: Draco encoder: Encoding mesh Root moss shoots 0837.
18:15:57 | INFO: Draco encoder: Encoding mesh Root moss shoots 0838.
18:15:57 | INFO: Draco encoder: Encoding mesh Root moss shoots 0839.
18:15:57 | INFO: Draco encoder: Encoding mesh Root moss shoots 0840.
18:15:57 | INFO: Draco encoder: Encoding mesh Root moss shoots 0841.
18:15:57 | INFO: Draco encoder: Encoding mesh Root moss shoots 0842.
18:15:57 | INFO: Draco encoder: Encoding mesh Root moss shoots 0843.
18:15:57 | INFO: Draco encoder: Encoding mesh Root moss shoots 0844.
18:15:57 | INFO: Draco encoder: Encoding mesh Root moss shoots 0845.
18:15:57 | INFO: Draco encoder: Encoding mesh Root moss shoots 0846.
18:15:57 | INFO: Draco encoder: Encoding mesh Root moss shoots 0847.
18:15:57 | INFO: Draco encoder: Encoding mesh Root moss shoots 0848.
18:15:57 | INFO: Draco encoder: Encoding mesh Root moss shoots 0849.
18:15:57 | INFO: Draco encoder: Encoding mesh Root moss shoots 0850.
18:15:57 | INFO: Draco encoder: Encoding mesh Root moss shoots 0851.
18:15:57 | INFO: Draco encoder: Encoding mesh Root moss shoots 0852.
18:15:57 | INFO: Draco encoder: Encoding mesh Root moss shoots 0853.
18:15:57 | INFO: Draco encoder: Encoding mesh Root moss shoots 0854.
18:15:57 | INFO: Draco encoder: Encoding mesh Root moss shoots 0855.
18:15:57 | INFO: Draco encoder: Encoding mesh Root moss shoots 0856.
18:15:57 | INFO: Draco encoder: Encoding mesh Root moss shoots 0857.
18:15:57 | INFO: Draco encoder: Encoding mesh Root moss shoots 0858.
18:15:57 | INFO: Draco encoder: Encoding mesh Root moss shoots 0859.
18:15:57 | INFO: Draco encoder: Encoding mesh Root moss shoots 0860.
18:15:57 | INFO: Draco encoder: Encoding mesh Root moss shoots 0861.
18:15:57 | INFO: Draco encoder: Encoding mesh Root moss shoots 0862.
18:15:57 | INFO: Draco encoder: Encoding mesh Root moss shoots 0863.
18:15:57 | INFO: Draco encoder: Encoding mesh Root moss shoots 0864.
18:15:57 | INFO: Draco encoder: Encoding mesh Root moss shoots 0865.
18:15:57 | INFO: Draco encoder: Encoding mesh Root moss shoots 0866.
18:15:57 | INFO: Draco encoder: Encoding mesh Root moss shoots 0867.
18:15:57 | INFO: Draco encoder: Encoding mesh Root moss shoots 0868.
18:15:57 | INFO: Draco encoder: Encoding mesh Root moss shoots 0869.
18:15:57 | INFO: Draco encoder: Encoding mesh Root moss shoots 0870.
18:15:57 | INFO: Draco encoder: Encoding mesh Root moss shoots 0871.
18:15:57 | INFO: Draco encoder: Encoding mesh Root moss shoots 0872.
18:15:57 | INFO: Draco encoder: Encoding mesh Root moss shoots 0873.
18:15:57 | INFO: Draco encoder: Encoding mesh Root moss shoots 0874.
18:15:57 | INFO: Draco encoder: Encoding mesh Root moss shoots 0875.
18:15:57 | INFO: Draco encoder: Encoding mesh Root moss shoots 0876.
18:15:57 | INFO: Draco encoder: Encoding mesh Root moss shoots 0877.
18:15:57 | INFO: Draco encoder: Encoding mesh Root moss shoots 0878.
18:15:57 | INFO: Draco encoder: Encoding mesh Root moss shoots 0879.
18:15:57 | INFO: Draco encoder: Encoding mesh Root moss shoots 0880.
18:15:57 | INFO: Draco encoder: Encoding mesh Root moss shoots 0881.
18:15:57 | INFO: Draco encoder: Encoding mesh Root moss shoots 0882.
18:15:57 | INFO: Draco encoder: Encoding mesh Root moss shoots 0883.
18:15:57 | INFO: Draco encoder: Encoding mesh Root moss shoots 0884.
18:15:57 | INFO: Draco encoder: Encoding mesh Root moss shoots 0885.
18:15:57 | INFO: Draco encoder: Encoding mesh Root moss shoots 0886.
18:15:57 | INFO: Draco encoder: Encoding mesh Root moss shoots 0887.
18:15:57 | INFO: Draco encoder: Encoding mesh Root moss shoots 0888.
18:15:57 | INFO: Draco encoder: Encoding mesh Root moss shoots 0889.
18:15:57 | INFO: Draco encoder: Encoding mesh Root moss shoots 0890.
18:15:57 | INFO: Draco encoder: Encoding mesh Root moss shoots 0891.
18:15:57 | INFO: Draco encoder: Encoding mesh Root moss shoots 0892.
18:15:57 | INFO: Draco encoder: Encoding mesh Root moss shoots 0893.
18:15:57 | INFO: Draco encoder: Encoding mesh Root moss shoots 0894.
18:15:57 | INFO: Draco encoder: Encoding mesh Root moss shoots 0895.
18:15:57 | INFO: Draco encoder: Encoding mesh Root moss shoots 0896.
18:15:57 | INFO: Draco encoder: Encoding mesh Root moss shoots 0897.
18:15:57 | INFO: Draco encoder: Encoding mesh Root moss shoots 0898.
18:15:57 | INFO: Draco encoder: Encoding mesh Root moss shoots 0899.
18:15:57 | INFO: Draco encoder: Encoding mesh Root moss shoots 0900.
18:15:57 | INFO: Draco encoder: Encoding mesh Root moss shoots 0901.
18:15:57 | INFO: Draco encoder: Encoding mesh Root moss shoots 0902.
18:15:57 | INFO: Draco encoder: Encoding mesh Root moss shoots 0903.
18:15:57 | INFO: Draco encoder: Encoding mesh Root moss shoots 0904.
18:15:57 | INFO: Draco encoder: Encoding mesh Root moss shoots 0905.
18:15:57 | INFO: Draco encoder: Encoding mesh Root moss shoots 0906.
18:15:57 | INFO: Draco encoder: Encoding mesh Root moss shoots 0907.
18:15:57 | INFO: Draco encoder: Encoding mesh Root moss shoots 0908.
18:15:57 | INFO: Draco encoder: Encoding mesh Root moss shoots 0909.
18:15:57 | INFO: Draco encoder: Encoding mesh Root moss shoots 0910.
18:15:57 | INFO: Draco encoder: Encoding mesh Root moss shoots 0911.
18:15:57 | INFO: Draco encoder: Encoding mesh Root moss shoots 0912.
18:15:57 | INFO: Draco encoder: Encoding mesh Root moss shoots 0913.
18:15:57 | INFO: Draco encoder: Encoding mesh Root moss shoots 0914.
18:15:57 | INFO: Draco encoder: Encoding mesh Root moss shoots 0915.
18:15:57 | INFO: Draco encoder: Encoding mesh Root moss shoots 0916.
18:15:57 | INFO: Draco encoder: Encoding mesh Root moss shoots 0917.
18:15:57 | INFO: Draco encoder: Encoding mesh Root moss shoots 0918.
18:15:57 | INFO: Draco encoder: Encoding mesh Root moss shoots 0919.
18:15:57 | INFO: Draco encoder: Encoding mesh Root moss shoots 0920.
18:15:57 | INFO: Draco encoder: Encoding mesh Root moss shoots 0921.
18:15:57 | INFO: Draco encoder: Encoding mesh Root moss shoots 0922.
18:15:57 | INFO: Draco encoder: Encoding mesh Root moss shoots 0923.
18:15:57 | INFO: Draco encoder: Encoding mesh Root moss shoots 0924.
18:15:57 | INFO: Draco encoder: Encoding mesh Root moss shoots 0925.
18:15:57 | INFO: Draco encoder: Encoding mesh Root moss shoots 0926.
18:15:57 | INFO: Draco encoder: Encoding mesh Root moss shoots 0927.
18:15:57 | INFO: Draco encoder: Encoding mesh Root moss shoots 0928.
18:15:57 | INFO: Draco encoder: Encoding mesh Root moss shoots 0929.
18:15:57 | INFO: Draco encoder: Encoding mesh Root moss shoots 0930.
18:15:57 | INFO: Draco encoder: Encoding mesh Root moss shoots 0931.
18:15:57 | INFO: Draco encoder: Encoding mesh Root moss shoots 0932.
18:15:57 | INFO: Draco encoder: Encoding mesh Root moss shoots 0933.
18:15:57 | INFO: Draco encoder: Encoding mesh Root moss shoots 0934.
18:15:57 | INFO: Draco encoder: Encoding mesh Root moss shoots 0935.
18:15:57 | INFO: Draco encoder: Encoding mesh Root moss shoots 0936.
18:15:57 | INFO: Draco encoder: Encoding mesh Root moss shoots 0937.
18:15:57 | INFO: Draco encoder: Encoding mesh Root moss shoots 0938.
18:15:57 | INFO: Draco encoder: Encoding mesh Root moss shoots 0939.
18:15:57 | INFO: Draco encoder: Encoding mesh Root moss shoots 0940.
18:15:57 | INFO: Draco encoder: Encoding mesh Root moss shoots 0941.
18:15:57 | INFO: Draco encoder: Encoding mesh Root moss shoots 0942.
18:15:57 | INFO: Draco encoder: Encoding mesh Root moss shoots 0943.
18:15:57 | INFO: Draco encoder: Encoding mesh Root moss shoots 0944.
18:15:57 | INFO: Draco encoder: Encoding mesh Root moss shoots 0945.
18:15:57 | INFO: Draco encoder: Encoding mesh Root moss shoots 0946.
18:15:57 | INFO: Draco encoder: Encoding mesh Root moss shoots 0947.
18:15:57 | INFO: Draco encoder: Encoding mesh Root moss shoots 0948.
18:15:57 | INFO: Draco encoder: Encoding mesh Root moss shoots 0949.
18:15:57 | INFO: Draco encoder: Encoding mesh Root moss shoots 0950.
18:15:57 | INFO: Draco encoder: Encoding mesh Root moss shoots 0951.
18:15:57 | INFO: Draco encoder: Encoding mesh Root moss shoots 0952.
18:15:57 | INFO: Draco encoder: Encoding mesh Root moss shoots 0953.
18:15:57 | INFO: Draco encoder: Encoding mesh Root moss shoots 0954.
18:15:57 | INFO: Draco encoder: Encoding mesh Root moss shoots 0955.
18:15:57 | INFO: Draco encoder: Encoding mesh Root moss shoots 0956.
18:15:57 | INFO: Draco encoder: Encoding mesh Root moss shoots 0957.
18:15:57 | INFO: Draco encoder: Encoding mesh Root moss shoots 0958.
18:15:57 | INFO: Draco encoder: Encoding mesh Root moss shoots 0959.
18:15:57 | INFO: Draco encoder: Encoding mesh Root moss shoots 0960.
18:15:57 | INFO: Draco encoder: Encoding mesh Root moss shoots 0961.
18:15:57 | INFO: Draco encoder: Encoding mesh Root moss shoots 0962.
18:15:57 | INFO: Draco encoder: Encoding mesh Root moss shoots 0963.
18:15:57 | INFO: Draco encoder: Encoding mesh Root moss shoots 0964.
18:15:57 | INFO: Draco encoder: Encoding mesh Root moss shoots 0965.
18:15:57 | INFO: Draco encoder: Encoding mesh Root moss shoots 0966.
18:15:57 | INFO: Draco encoder: Encoding mesh Root moss shoots 0967.
18:15:57 | INFO: Draco encoder: Encoding mesh Root moss shoots 0968.
18:15:57 | INFO: Draco encoder: Encoding mesh Root moss shoots 0969.
18:15:57 | INFO: Draco encoder: Encoding mesh Root moss shoots 0970.
18:15:57 | INFO: Draco encoder: Encoding mesh Root moss shoots 0971.
18:15:57 | INFO: Draco encoder: Encoding mesh Root moss shoots 0972.
18:15:57 | INFO: Draco encoder: Encoding mesh Root moss shoots 0973.
18:15:57 | INFO: Draco encoder: Encoding mesh Root moss shoots 0974.
18:15:57 | INFO: Draco encoder: Encoding mesh Root moss shoots 0975.
18:15:57 | INFO: Draco encoder: Encoding mesh Root moss shoots 0976.
18:15:57 | INFO: Draco encoder: Encoding mesh Root moss shoots 0977.
18:15:57 | INFO: Draco encoder: Encoding mesh Root moss shoots 0978.
18:15:57 | INFO: Draco encoder: Encoding mesh Root moss shoots 0979.
18:15:57 | INFO: Draco encoder: Encoding mesh Root moss shoots 0980.
18:15:57 | INFO: Draco encoder: Encoding mesh Root moss shoots 0981.
18:15:57 | INFO: Draco encoder: Encoding mesh Root moss shoots 0982.
18:15:57 | INFO: Draco encoder: Encoding mesh Root moss shoots 0983.
18:15:57 | INFO: Draco encoder: Encoding mesh Root moss shoots 0984.
18:15:57 | INFO: Draco encoder: Encoding mesh Root moss shoots 0985.
18:15:57 | INFO: Draco encoder: Encoding mesh Root moss shoots 0986.
18:15:57 | INFO: Draco encoder: Encoding mesh Root moss shoots 0987.
18:15:57 | INFO: Draco encoder: Encoding mesh Root moss shoots 0988.
18:15:57 | INFO: Draco encoder: Encoding mesh Root moss shoots 0989.
18:15:57 | INFO: Draco encoder: Encoding mesh Root moss shoots 0990.
18:15:57 | INFO: Draco encoder: Encoding mesh Root moss shoots 0991.
18:15:57 | INFO: Draco encoder: Encoding mesh Root moss shoots 0992.
18:15:57 | INFO: Draco encoder: Encoding mesh Root moss shoots 0993.
18:15:57 | INFO: Draco encoder: Encoding mesh Root moss shoots 0994.
18:15:57 | INFO: Draco encoder: Encoding mesh Root moss shoots 0995.
18:15:57 | INFO: Draco encoder: Encoding mesh Root moss shoots 0996.
18:15:57 | INFO: Draco encoder: Encoding mesh Root moss shoots 0997.
18:15:57 | INFO: Draco encoder: Encoding mesh Root moss shoots 0998.
18:15:57 | INFO: Draco encoder: Encoding mesh Root moss shoots 0999.
18:15:57 | INFO: Draco encoder: Encoding mesh Root moss shoots 1000.
18:15:57 | INFO: Draco encoder: Encoding mesh Root moss shoots 1001.
18:15:57 | INFO: Draco encoder: Encoding mesh Root moss shoots 1002.
18:15:57 | INFO: Draco encoder: Encoding mesh Root moss shoots 1003.
18:15:57 | INFO: Draco encoder: Encoding mesh Root moss shoots 1004.
18:15:57 | INFO: Draco encoder: Encoding mesh Root moss shoots 1005.
18:15:57 | INFO: Draco encoder: Encoding mesh Root moss shoots 1006.
18:15:57 | INFO: Draco encoder: Encoding mesh Root moss shoots 1007.
18:15:57 | INFO: Draco encoder: Encoding mesh Root moss shoots 1008.
18:15:57 | INFO: Draco encoder: Encoding mesh Root moss shoots 1009.
18:15:57 | INFO: Draco encoder: Encoding mesh Root moss shoots 1010.
18:15:57 | INFO: Draco encoder: Encoding mesh Root moss shoots 1011.
18:15:57 | INFO: Draco encoder: Encoding mesh Root moss shoots 1012.
18:15:57 | INFO: Draco encoder: Encoding mesh Root moss shoots 1013.
18:15:57 | INFO: Draco encoder: Encoding mesh Root moss shoots 1014.
18:15:57 | INFO: Draco encoder: Encoding mesh Root moss shoots 1015.
18:15:57 | INFO: Draco encoder: Encoding mesh Root moss shoots 1016.
18:15:57 | INFO: Draco encoder: Encoding mesh Root moss shoots 1017.
18:15:57 | INFO: Draco encoder: Encoding mesh Root moss shoots 1018.
18:15:57 | INFO: Draco encoder: Encoding mesh Root moss shoots 1019.
18:15:57 | INFO: Draco encoder: Encoding mesh Root moss shoots 1020.
18:15:57 | INFO: Draco encoder: Encoding mesh Root moss shoots 1021.
18:15:57 | INFO: Draco encoder: Encoding mesh Root moss shoots 1022.
18:15:57 | INFO: Draco encoder: Encoding mesh Root moss shoots 1023.
18:15:57 | INFO: Draco encoder: Encoding mesh Root moss shoots 1024.
18:15:57 | INFO: Draco encoder: Encoding mesh Root moss shoots 1025.
18:15:57 | INFO: Draco encoder: Encoding mesh Root moss shoots 1026.
18:15:57 | INFO: Draco encoder: Encoding mesh Root moss shoots 1027.
18:15:57 | INFO: Draco encoder: Encoding mesh Root moss shoots 1028.
18:15:57 | INFO: Draco encoder: Encoding mesh Root moss shoots 1029.
18:15:57 | INFO: Draco encoder: Encoding mesh Root moss shoots 1030.
18:15:57 | INFO: Draco encoder: Encoding mesh Root moss shoots 1031.
18:15:57 | INFO: Draco encoder: Encoding mesh Root moss shoots 1032.
18:15:57 | INFO: Draco encoder: Encoding mesh Root moss shoots 1033.
18:15:57 | INFO: Draco encoder: Encoding mesh Root moss shoots 1034.
18:15:57 | INFO: Draco encoder: Encoding mesh Root moss shoots 1035.
18:15:57 | INFO: Draco encoder: Encoding mesh Root moss shoots 1036.
18:15:57 | INFO: Draco encoder: Encoding mesh Root moss shoots 1037.
18:15:57 | INFO: Draco encoder: Encoding mesh Root moss shoots 1038.
18:15:57 | INFO: Draco encoder: Encoding mesh Root moss shoots 1039.
18:15:57 | INFO: Draco encoder: Encoding mesh Root moss shoots 1040.
18:15:57 | INFO: Draco encoder: Encoding mesh Root moss shoots 1041.
18:15:57 | INFO: Draco encoder: Encoding mesh Root moss shoots 1042.
18:15:57 | INFO: Draco encoder: Encoding mesh Root moss shoots 1043.
18:15:57 | INFO: Draco encoder: Encoding mesh Root moss shoots 1044.
18:15:57 | INFO: Draco encoder: Encoding mesh Root moss shoots 1045.
18:15:57 | INFO: Draco encoder: Encoding mesh Root moss shoots 1046.
18:15:57 | INFO: Draco encoder: Encoding mesh Root moss shoots 1047.
18:15:57 | INFO: Draco encoder: Encoding mesh Root moss shoots 1048.
18:15:57 | INFO: Draco encoder: Encoding mesh Root moss shoots 1049.
18:15:57 | INFO: Draco encoder: Encoding mesh Root moss shoots 1050.
18:15:57 | INFO: Draco encoder: Encoding mesh Root moss shoots 1051.
18:15:57 | INFO: Draco encoder: Encoding mesh Root moss shoots 1052.
18:15:57 | INFO: Draco encoder: Encoding mesh Root moss shoots 1053.
18:15:57 | INFO: Draco encoder: Encoding mesh Root moss shoots 1054.
18:15:57 | INFO: Draco encoder: Encoding mesh Root moss shoots 1055.
18:15:57 | INFO: Draco encoder: Encoding mesh Root moss shoots 1056.
18:15:57 | INFO: Draco encoder: Encoding mesh Root moss shoots 1057.
18:15:57 | INFO: Draco encoder: Encoding mesh Root moss shoots 1058.
18:15:57 | INFO: Draco encoder: Encoding mesh Root moss shoots 1059.
18:15:57 | INFO: Draco encoder: Encoding mesh Root moss shoots 1060.
18:15:57 | INFO: Draco encoder: Encoding mesh Root moss shoots 1061.
18:15:57 | INFO: Draco encoder: Encoding mesh Root moss shoots 1062.
18:15:57 | INFO: Draco encoder: Encoding mesh Root moss shoots 1063.
18:15:57 | INFO: Draco encoder: Encoding mesh Root moss shoots 1064.
18:15:57 | INFO: Draco encoder: Encoding mesh Root moss shoots 1065.
18:15:57 | INFO: Draco encoder: Encoding mesh Root moss shoots 1066.
18:15:57 | INFO: Draco encoder: Encoding mesh Root moss shoots 1067.
18:15:57 | INFO: Draco encoder: Encoding mesh Root moss shoots 1068.
18:15:57 | INFO: Draco encoder: Encoding mesh Root moss shoots 1069.
18:15:57 | INFO: Draco encoder: Encoding mesh Root moss shoots 1070.
18:15:57 | INFO: Draco encoder: Encoding mesh Root moss shoots 1071.
18:15:57 | INFO: Draco encoder: Encoding mesh Root moss shoots 1072.
18:15:57 | INFO: Draco encoder: Encoding mesh Root moss shoots 1073.
18:15:57 | INFO: Draco encoder: Encoding mesh Root moss shoots 1074.
18:15:57 | INFO: Draco encoder: Encoding mesh Root moss shoots 1075.
18:15:57 | INFO: Draco encoder: Encoding mesh Root moss shoots 1076.
18:15:57 | INFO: Draco encoder: Encoding mesh Root moss shoots 1077.
18:15:57 | INFO: Draco encoder: Encoding mesh Root moss shoots 1078.
18:15:57 | INFO: Draco encoder: Encoding mesh Root moss shoots 1079.
18:15:57 | INFO: Draco encoder: Encoding mesh Root moss shoots 1080.
18:15:57 | INFO: Draco encoder: Encoding mesh Root moss shoots 1081.
18:15:57 | INFO: Draco encoder: Encoding mesh Root moss shoots 1082.
18:15:57 | INFO: Draco encoder: Encoding mesh Root moss shoots 1083.
18:15:57 | INFO: Draco encoder: Encoding mesh Root moss shoots 1084.
18:15:57 | INFO: Draco encoder: Encoding mesh Root moss shoots 1085.
18:15:57 | INFO: Draco encoder: Encoding mesh Root moss shoots 1086.
18:15:57 | INFO: Draco encoder: Encoding mesh Root moss shoots 1087.
18:15:57 | INFO: Draco encoder: Encoding mesh Root moss shoots 1088.
18:15:57 | INFO: Draco encoder: Encoding mesh Root moss shoots 1089.
18:15:57 | INFO: Draco encoder: Encoding mesh Root moss shoots 1090.
18:15:57 | INFO: Draco encoder: Encoding mesh Root moss shoots 1091.
18:15:57 | INFO: Draco encoder: Encoding mesh Root moss shoots 1092.
18:15:57 | INFO: Draco encoder: Encoding mesh Root moss shoots 1093.
18:15:57 | INFO: Draco encoder: Encoding mesh Root moss shoots 1094.
18:15:57 | INFO: Draco encoder: Encoding mesh Root moss shoots 1095.
18:15:57 | INFO: Draco encoder: Encoding mesh Root moss shoots 1096.
18:15:57 | INFO: Draco encoder: Encoding mesh Root moss shoots 1097.
18:15:57 | INFO: Draco encoder: Encoding mesh Root moss shoots 1098.
18:15:57 | INFO: Draco encoder: Encoding mesh Root moss shoots 1099.
18:15:57 | INFO: Draco encoder: Encoding mesh Root moss shoots 1100.
18:15:57 | INFO: Draco encoder: Encoding mesh Root moss shoots 1101.
18:15:57 | INFO: Draco encoder: Encoding mesh Root moss shoots 1102.
18:15:57 | INFO: Draco encoder: Encoding mesh Root moss shoots 1103.
18:15:57 | INFO: Draco encoder: Encoding mesh Root moss shoots 1104.
18:15:57 | INFO: Draco encoder: Encoding mesh Root moss shoots 1105.
18:15:57 | INFO: Draco encoder: Encoding mesh Root moss shoots 1106.
18:15:57 | INFO: Draco encoder: Encoding mesh Root moss shoots 1107.
18:15:57 | INFO: Draco encoder: Encoding mesh Root moss shoots 1108.
18:15:57 | INFO: Draco encoder: Encoding mesh Root moss shoots 1109.
18:15:57 | INFO: Draco encoder: Encoding mesh Root moss shoots 1110.
18:15:57 | INFO: Draco encoder: Encoding mesh Root moss shoots 1111.
18:15:57 | INFO: Draco encoder: Encoding mesh Root moss shoots 1112.
18:15:57 | INFO: Draco encoder: Encoding mesh Root moss shoots 1113.
18:15:57 | INFO: Draco encoder: Encoding mesh Root moss shoots 1114.
18:15:57 | INFO: Draco encoder: Encoding mesh Root moss shoots 1115.
18:15:57 | INFO: Draco encoder: Encoding mesh Root moss shoots 1116.
18:15:57 | INFO: Draco encoder: Encoding mesh Root moss shoots 1117.
18:15:57 | INFO: Draco encoder: Encoding mesh Root moss shoots 1118.
18:15:57 | INFO: Draco encoder: Encoding mesh Root moss shoots 1119.
18:15:57 | INFO: Draco encoder: Encoding mesh Root moss shoots 1120.
18:15:57 | INFO: Draco encoder: Encoding mesh Root moss shoots 1121.
18:15:57 | INFO: Draco encoder: Encoding mesh Root moss shoots 1122.
18:15:57 | INFO: Draco encoder: Encoding mesh Root moss shoots 1123.
18:15:57 | INFO: Draco encoder: Encoding mesh Root moss shoots 1124.
18:15:57 | INFO: Draco encoder: Encoding mesh Root moss shoots 1125.
18:15:57 | INFO: Draco encoder: Encoding mesh Root moss shoots 1126.
18:15:57 | INFO: Draco encoder: Encoding mesh Root moss shoots 1127.
18:15:57 | INFO: Draco encoder: Encoding mesh Root moss shoots 1128.
18:15:57 | INFO: Draco encoder: Encoding mesh Root moss shoots 1129.
18:15:57 | INFO: Draco encoder: Encoding mesh Root moss shoots 1130.
18:15:57 | INFO: Draco encoder: Encoding mesh Root moss shoots 1131.
18:15:57 | INFO: Draco encoder: Encoding mesh Root moss shoots 1132.
18:15:57 | INFO: Draco encoder: Encoding mesh Root moss shoots 1133.
18:15:57 | INFO: Draco encoder: Encoding mesh Root moss shoots 1134.
18:15:57 | INFO: Draco encoder: Encoding mesh Root moss shoots 1135.
18:15:57 | INFO: Draco encoder: Encoding mesh Root moss shoots 1136.
18:15:57 | INFO: Draco encoder: Encoding mesh Root moss shoots 1137.
18:15:57 | INFO: Draco encoder: Encoding mesh Root moss shoots 1138.
18:15:57 | INFO: Draco encoder: Encoding mesh Root moss shoots 1139.
18:15:57 | INFO: Draco encoder: Encoding mesh Root moss shoots 1140.
18:15:57 | INFO: Draco encoder: Encoding mesh Root moss shoots 1141.
18:15:57 | INFO: Draco encoder: Encoding mesh Root moss shoots 1142.
18:15:57 | INFO: Draco encoder: Encoding mesh Root moss shoots 1143.
18:15:57 | INFO: Draco encoder: Encoding mesh Root moss shoots 1144.
18:15:57 | INFO: Draco encoder: Encoding mesh Root moss shoots 1145.
18:15:57 | INFO: Draco encoder: Encoding mesh Root moss shoots 1146.
18:15:57 | INFO: Draco encoder: Encoding mesh Root moss shoots 1147.
18:15:57 | INFO: Draco encoder: Encoding mesh Root moss shoots 1148.
18:15:57 | INFO: Draco encoder: Encoding mesh Root moss shoots 1149.
18:15:57 | INFO: Draco encoder: Encoding mesh Root moss shoots 1150.
18:15:57 | INFO: Draco encoder: Encoding mesh Root moss shoots 1151.
18:15:57 | INFO: Draco encoder: Encoding mesh Root moss shoots 1152.
18:15:57 | INFO: Draco encoder: Encoding mesh Root moss shoots 1153.
18:15:57 | INFO: Draco encoder: Encoding mesh Root moss shoots 1154.
18:15:57 | INFO: Draco encoder: Encoding mesh Root moss shoots 1155.
18:15:57 | INFO: Draco encoder: Encoding mesh Root moss shoots 1156.
18:15:57 | INFO: Draco encoder: Encoding mesh Root moss shoots 1157.
18:15:57 | INFO: Draco encoder: Encoding mesh Root moss shoots 1158.
18:15:57 | INFO: Draco encoder: Encoding mesh Root moss shoots 1159.
18:15:57 | INFO: Draco encoder: Encoding mesh Root moss shoots 1160.
18:15:57 | INFO: Draco encoder: Encoding mesh Root moss shoots 1161.
18:15:57 | INFO: Draco encoder: Encoding mesh Root moss shoots 1162.
18:15:57 | INFO: Draco encoder: Encoding mesh Root moss shoots 1163.
18:15:57 | INFO: Draco encoder: Encoding mesh Root moss shoots 1164.
18:15:57 | INFO: Draco encoder: Encoding mesh Root moss shoots 1165.
18:15:57 | INFO: Draco encoder: Encoding mesh Root moss shoots 1166.
18:15:57 | INFO: Draco encoder: Encoding mesh Root moss shoots 1167.
18:15:57 | INFO: Draco encoder: Encoding mesh Root moss shoots 1168.
18:15:57 | INFO: Draco encoder: Encoding mesh Root moss shoots 1169.
18:15:57 | INFO: Draco encoder: Encoding mesh Root moss shoots 1170.
18:15:57 | INFO: Draco encoder: Encoding mesh Root moss shoots 1171.
18:15:57 | INFO: Draco encoder: Encoding mesh Root moss shoots 1172.
18:15:57 | INFO: Draco encoder: Encoding mesh Root moss shoots 1173.
18:15:57 | INFO: Draco encoder: Encoding mesh Root moss shoots 1174.
18:15:57 | INFO: Draco encoder: Encoding mesh Root moss shoots 1175.
18:15:57 | INFO: Draco encoder: Encoding mesh Root moss shoots 1176.
18:15:57 | INFO: Draco encoder: Encoding mesh Root moss shoots 1177.
18:15:57 | INFO: Draco encoder: Encoding mesh Root moss shoots 1178.
18:15:57 | INFO: Draco encoder: Encoding mesh Root moss shoots 1179.
18:15:57 | INFO: Draco encoder: Encoding mesh Root moss shoots 1180.
18:15:57 | INFO: Draco encoder: Encoding mesh Root moss shoots 1181.
18:15:57 | INFO: Draco encoder: Encoding mesh Root moss shoots 1182.
18:15:57 | INFO: Draco encoder: Encoding mesh Root moss shoots 1183.
18:15:57 | INFO: Draco encoder: Encoding mesh Root moss shoots 1184.
18:15:57 | INFO: Draco encoder: Encoding mesh Root moss shoots 1185.
18:15:57 | INFO: Draco encoder: Encoding mesh Root moss shoots 1186.
18:15:57 | INFO: Draco encoder: Encoding mesh Root moss shoots 1187.
18:15:57 | INFO: Draco encoder: Encoding mesh Root moss shoots 1188.
18:15:57 | INFO: Draco encoder: Encoding mesh Root moss shoots 1189.
18:15:57 | INFO: Draco encoder: Encoding mesh Root moss shoots 1190.
18:15:57 | INFO: Draco encoder: Encoding mesh Root moss shoots 1191.
18:15:57 | INFO: Draco encoder: Encoding mesh Root moss shoots 1192.
18:15:57 | INFO: Draco encoder: Encoding mesh Root moss shoots 1193.
18:15:57 | INFO: Draco encoder: Encoding mesh Root moss shoots 1194.
18:15:57 | INFO: Draco encoder: Encoding mesh Root moss shoots 1195.
18:15:57 | INFO: Draco encoder: Encoding mesh Root moss shoots 1196.
18:15:57 | INFO: Draco encoder: Encoding mesh Root moss shoots 1197.
18:15:57 | INFO: Draco encoder: Encoding mesh Root moss shoots 1198.
18:15:57 | INFO: Draco encoder: Encoding mesh Root moss shoots 1199.
18:15:57 | INFO: Draco encoder: Encoding mesh Root moss shoots 1200.
18:15:57 | INFO: Draco encoder: Encoding mesh Root moss shoots 1201.
18:15:57 | INFO: Draco encoder: Encoding mesh Root moss shoots 1202.
18:15:57 | INFO: Draco encoder: Encoding mesh Root moss shoots 1203.
18:15:57 | INFO: Draco encoder: Encoding mesh Root moss shoots 1204.
18:15:57 | INFO: Draco encoder: Encoding mesh Root moss shoots 1205.
18:15:57 | INFO: Draco encoder: Encoding mesh Root moss shoots 1206.
18:15:57 | INFO: Draco encoder: Encoding mesh Root moss shoots 1207.
18:15:57 | INFO: Draco encoder: Encoding mesh Root moss shoots 1208.
18:15:57 | INFO: Draco encoder: Encoding mesh Root moss shoots 1209.
18:15:57 | INFO: Draco encoder: Encoding mesh Root moss shoots 1210.
18:15:57 | INFO: Draco encoder: Encoding mesh Root moss shoots 1211.
18:15:57 | INFO: Draco encoder: Encoding mesh Root moss shoots 1212.
18:15:57 | INFO: Draco encoder: Encoding mesh Root moss shoots 1213.
18:15:57 | INFO: Draco encoder: Encoding mesh Root moss shoots 1214.
18:15:57 | INFO: Draco encoder: Encoding mesh Root moss shoots 1215.
18:15:57 | INFO: Draco encoder: Encoding mesh Root moss shoots 1216.
18:15:57 | INFO: Draco encoder: Encoding mesh Root moss shoots 1217.
18:15:57 | INFO: Draco encoder: Encoding mesh Root moss shoots 1218.
18:15:57 | INFO: Draco encoder: Encoding mesh Root moss shoots 1219.
18:15:57 | INFO: Draco encoder: Encoding mesh Root moss shoots 1220.
18:15:57 | INFO: Draco encoder: Encoding mesh Root moss shoots 1221.
18:15:57 | INFO: Draco encoder: Encoding mesh Root moss shoots 1222.
18:15:57 | INFO: Draco encoder: Encoding mesh Root moss shoots 1223.
18:15:57 | INFO: Draco encoder: Encoding mesh Root moss shoots 1224.
18:15:57 | INFO: Draco encoder: Encoding mesh Root moss shoots 1225.
18:15:57 | INFO: Draco encoder: Encoding mesh Root moss shoots 1226.
18:15:57 | INFO: Draco encoder: Encoding mesh Root moss shoots 1227.
18:15:57 | INFO: Draco encoder: Encoding mesh Root moss shoots 1228.
18:15:57 | INFO: Draco encoder: Encoding mesh Root moss shoots 1229.
18:15:57 | INFO: Draco encoder: Encoding mesh Root moss shoots 1230.
18:15:57 | INFO: Draco encoder: Encoding mesh Root moss shoots 1231.
18:15:57 | INFO: Draco encoder: Encoding mesh Root moss shoots 1232.
18:15:57 | INFO: Draco encoder: Encoding mesh Root moss shoots 1233.
18:15:57 | INFO: Draco encoder: Encoding mesh Root moss shoots 1234.
18:15:57 | INFO: Draco encoder: Encoding mesh Root moss shoots 1235.
18:15:57 | INFO: Draco encoder: Encoding mesh Root moss shoots 1236.
18:15:57 | INFO: Draco encoder: Encoding mesh Root moss shoots 1237.
18:15:57 | INFO: Draco encoder: Encoding mesh Root moss shoots 1238.
18:15:57 | INFO: Draco encoder: Encoding mesh Root moss shoots 1239.
18:15:57 | INFO: Draco encoder: Encoding mesh Root moss shoots 1240.
18:15:57 | INFO: Draco encoder: Encoding mesh Root moss shoots 1241.
18:15:57 | INFO: Draco encoder: Encoding mesh Root moss shoots 1242.
18:15:57 | INFO: Draco encoder: Encoding mesh Root moss shoots 1243.
18:15:57 | INFO: Draco encoder: Encoding mesh Root moss shoots 1244.
18:15:57 | INFO: Draco encoder: Encoding mesh Root moss shoots 1245.
18:15:57 | INFO: Draco encoder: Encoding mesh Root moss shoots 1246.
18:15:57 | INFO: Draco encoder: Encoding mesh Root moss shoots 1247.
18:15:57 | INFO: Draco encoder: Encoding mesh Root moss shoots 1248.
18:15:57 | INFO: Draco encoder: Encoding mesh Root moss shoots 1249.
18:15:57 | INFO: Draco encoder: Encoding mesh Root moss shoots 1250.
18:15:57 | INFO: Draco encoder: Encoding mesh Root moss shoots 1251.
18:15:57 | INFO: Draco encoder: Encoding mesh Root moss shoots 1252.
18:15:57 | INFO: Draco encoder: Encoding mesh Root moss shoots 1253.
18:15:57 | INFO: Draco encoder: Encoding mesh Root moss shoots 1254.
18:15:57 | INFO: Draco encoder: Encoding mesh Root moss shoots 1255.
18:15:57 | INFO: Draco encoder: Encoding mesh Root moss shoots 1256.
18:15:57 | INFO: Draco encoder: Encoding mesh Root moss shoots 1257.
18:15:57 | INFO: Draco encoder: Encoding mesh Root moss shoots 1258.
18:15:57 | INFO: Draco encoder: Encoding mesh Root moss shoots 1259.
18:15:57 | INFO: Draco encoder: Encoding mesh Root moss shoots 1260.
18:15:57 | INFO: Draco encoder: Encoding mesh Root moss shoots 1261.
18:15:57 | INFO: Draco encoder: Encoding mesh Root moss shoots 1262.
18:15:57 | INFO: Draco encoder: Encoding mesh Root moss shoots 1263.
18:15:57 | INFO: Draco encoder: Encoding mesh Root moss shoots 1264.
18:15:57 | INFO: Draco encoder: Encoding mesh Root moss shoots 1265.
18:15:57 | INFO: Draco encoder: Encoding mesh Root moss shoots 1266.
18:15:57 | INFO: Draco encoder: Encoding mesh Root moss shoots 1267.
18:15:57 | INFO: Draco encoder: Encoding mesh Root moss shoots 1268.
18:15:57 | INFO: Draco encoder: Encoding mesh Root moss shoots 1269.
18:15:57 | INFO: Draco encoder: Encoding mesh Root moss shoots 1270.
18:15:57 | INFO: Draco encoder: Encoding mesh Root moss shoots 1271.
18:15:57 | INFO: Draco encoder: Encoding mesh Root moss shoots 1272.
18:15:57 | INFO: Draco encoder: Encoding mesh Root moss shoots 1273.
18:15:57 | INFO: Draco encoder: Encoding mesh Root moss shoots 1274.
18:15:57 | INFO: Draco encoder: Encoding mesh Root moss shoots 1275.
18:15:57 | INFO: Draco encoder: Encoding mesh Root moss shoots 1276.
18:15:57 | INFO: Draco encoder: Encoding mesh Root moss shoots 1277.
18:15:57 | INFO: Draco encoder: Encoding mesh Root moss shoots 1278.
18:15:57 | INFO: Draco encoder: Encoding mesh Root moss shoots 1279.
18:15:57 | INFO: Draco encoder: Encoding mesh Root moss shoots 1280.
18:15:57 | INFO: Draco encoder: Encoding mesh Root moss shoots 1281.
18:15:57 | INFO: Draco encoder: Encoding mesh Root moss shoots 1282.
18:15:57 | INFO: Draco encoder: Encoding mesh Root moss shoots 1283.
18:15:57 | INFO: Draco encoder: Encoding mesh Root moss shoots 1284.
18:15:57 | INFO: Draco encoder: Encoding mesh Root moss shoots 1285.
18:15:57 | INFO: Draco encoder: Encoding mesh Root moss shoots 1286.
18:15:57 | INFO: Draco encoder: Encoding mesh Root moss shoots 1287.
18:15:57 | INFO: Draco encoder: Encoding mesh Root moss shoots 1288.
18:15:57 | INFO: Draco encoder: Encoding mesh Root moss shoots 1289.
18:15:57 | INFO: Draco encoder: Encoding mesh Root moss shoots 1290.
18:15:57 | INFO: Draco encoder: Encoding mesh Root moss shoots 1291.
18:15:57 | INFO: Draco encoder: Encoding mesh Root moss shoots 1292.
18:15:57 | INFO: Draco encoder: Encoding mesh Root moss shoots 1293.
18:15:57 | INFO: Draco encoder: Encoding mesh Root moss shoots 1294.
18:15:57 | INFO: Draco encoder: Encoding mesh Root moss shoots 1295.
18:15:57 | INFO: Draco encoder: Encoding mesh Root moss shoots 1296.
18:15:57 | INFO: Draco encoder: Encoding mesh Root moss shoots 1297.
18:15:57 | INFO: Draco encoder: Encoding mesh Root moss shoots 1298.
18:15:57 | INFO: Draco encoder: Encoding mesh Root moss shoots 1299.
18:15:57 | INFO: Draco encoder: Encoding mesh Root moss shoots 1300.
18:15:57 | INFO: Draco encoder: Encoding mesh Root moss shoots 1301.
18:15:57 | INFO: Draco encoder: Encoding mesh Root moss shoots 1302.
18:15:57 | INFO: Draco encoder: Encoding mesh Root moss shoots 1303.
18:15:57 | INFO: Draco encoder: Encoding mesh Root moss shoots 1304.
18:15:57 | INFO: Draco encoder: Encoding mesh Root moss shoots 1305.
18:15:57 | INFO: Draco encoder: Encoding mesh Root moss shoots 1306.
18:15:57 | INFO: Draco encoder: Encoding mesh Root moss shoots 1307.
18:15:57 | INFO: Draco encoder: Encoding mesh Root moss shoots 1308.
18:15:57 | INFO: Draco encoder: Encoding mesh Root moss shoots 1309.
18:15:57 | INFO: Draco encoder: Encoding mesh Root moss shoots 1310.
18:15:57 | INFO: Draco encoder: Encoding mesh Root moss shoots 1311.
18:15:57 | INFO: Draco encoder: Encoding mesh Root moss shoots 1312.
18:15:57 | INFO: Draco encoder: Encoding mesh Root moss shoots 1313.
18:15:57 | INFO: Draco encoder: Encoding mesh Root moss shoots 1314.
18:15:57 | INFO: Draco encoder: Encoding mesh Root moss shoots 1315.
18:15:57 | INFO: Draco encoder: Encoding mesh Root moss shoots 1316.
18:15:57 | INFO: Draco encoder: Encoding mesh Root moss shoots 1317.
18:15:57 | INFO: Draco encoder: Encoding mesh Root moss shoots 1318.
18:15:57 | INFO: Draco encoder: Encoding mesh Root moss shoots 1319.
18:15:57 | INFO: Draco encoder: Encoding mesh Root moss shoots 1320.
18:15:57 | INFO: Draco encoder: Encoding mesh Root moss shoots 1321.
18:15:57 | INFO: Draco encoder: Encoding mesh Root moss shoots 1322.
18:15:57 | INFO: Draco encoder: Encoding mesh Root moss shoots 1323.
18:15:57 | INFO: Draco encoder: Encoding mesh Root moss shoots 1324.
18:15:57 | INFO: Draco encoder: Encoding mesh Root moss shoots 1325.
18:15:57 | INFO: Draco encoder: Encoding mesh Root moss shoots 1326.
18:15:57 | INFO: Draco encoder: Encoding mesh Root moss shoots 1327.
18:15:57 | INFO: Draco encoder: Encoding mesh Root moss shoots 1328.
18:15:57 | INFO: Draco encoder: Encoding mesh Root moss shoots 1329.
18:15:57 | INFO: Draco encoder: Encoding mesh Root moss shoots 1330.
18:15:57 | INFO: Draco encoder: Encoding mesh Root moss shoots 1331.
18:15:57 | INFO: Draco encoder: Encoding mesh Root moss shoots 1332.
18:15:57 | INFO: Draco encoder: Encoding mesh Root moss shoots 1333.
18:15:57 | INFO: Draco encoder: Encoding mesh Root moss shoots 1334.
18:15:57 | INFO: Draco encoder: Encoding mesh Root moss shoots 1335.
18:15:57 | INFO: Draco encoder: Encoding mesh Root moss shoots 1336.
18:15:57 | INFO: Draco encoder: Encoding mesh Root moss shoots 1337.
18:15:57 | INFO: Draco encoder: Encoding mesh Root moss shoots 1338.
18:15:57 | INFO: Draco encoder: Encoding mesh Root moss shoots 1339.
18:15:57 | INFO: Draco encoder: Encoding mesh Root moss shoots 1340.
18:15:57 | INFO: Draco encoder: Encoding mesh Root moss shoots 1341.
18:15:57 | INFO: Draco encoder: Encoding mesh Root moss shoots 1342.
18:15:57 | INFO: Draco encoder: Encoding mesh Root moss shoots 1343.
18:15:57 | INFO: Draco encoder: Encoding mesh Root moss shoots 1344.
18:15:57 | INFO: Draco encoder: Encoding mesh Root moss shoots 1345.
18:15:57 | INFO: Draco encoder: Encoding mesh Root moss shoots 1346.
18:15:57 | INFO: Draco encoder: Encoding mesh Root moss shoots 1347.
18:15:57 | INFO: Draco encoder: Encoding mesh Root moss shoots 1348.
18:15:57 | INFO: Draco encoder: Encoding mesh Root moss shoots 1349.
18:15:57 | INFO: Draco encoder: Encoding mesh Root moss shoots 1350.
18:15:57 | INFO: Draco encoder: Encoding mesh Root moss shoots 1351.
18:15:57 | INFO: Draco encoder: Encoding mesh Root moss shoots 1352.
18:15:57 | INFO: Draco encoder: Encoding mesh Root moss shoots 1353.
18:15:57 | INFO: Draco encoder: Encoding mesh Root moss shoots 1354.
18:15:57 | INFO: Draco encoder: Encoding mesh Root moss shoots 1355.
18:15:57 | INFO: Draco encoder: Encoding mesh Root moss shoots 1356.
18:15:57 | INFO: Draco encoder: Encoding mesh Root moss shoots 1357.
18:15:57 | INFO: Draco encoder: Encoding mesh Root moss shoots 1358.
18:15:57 | INFO: Draco encoder: Encoding mesh Root moss shoots 1359.
18:15:57 | INFO: Draco encoder: Encoding mesh Root moss shoots 1360.
18:15:57 | INFO: Draco encoder: Encoding mesh Root moss shoots 1361.
18:15:57 | INFO: Draco encoder: Encoding mesh Root moss shoots 1362.
18:15:57 | INFO: Draco encoder: Encoding mesh Root moss shoots 1363.
18:15:57 | INFO: Draco encoder: Encoding mesh Root moss shoots 1364.
18:15:57 | INFO: Draco encoder: Encoding mesh Root moss shoots 1365.
18:15:57 | INFO: Draco encoder: Encoding mesh Root moss shoots 1366.
18:15:57 | INFO: Draco encoder: Encoding mesh Root moss shoots 1367.
18:15:57 | INFO: Draco encoder: Encoding mesh Root moss shoots 1368.
18:15:57 | INFO: Draco encoder: Encoding mesh Root moss shoots 1369.
18:15:57 | INFO: Draco encoder: Encoding mesh Root moss shoots 1370.
18:15:57 | INFO: Draco encoder: Encoding mesh Root moss shoots 1371.
18:15:57 | INFO: Draco encoder: Encoding mesh Root moss shoots 1372.
18:15:57 | INFO: Draco encoder: Encoding mesh Root moss shoots 1373.
18:15:57 | INFO: Draco encoder: Encoding mesh Root moss shoots 1374.
18:15:57 | INFO: Draco encoder: Encoding mesh Root moss shoots 1375.
18:15:57 | INFO: Draco encoder: Encoding mesh Root moss shoots 1376.
18:15:57 | INFO: Draco encoder: Encoding mesh Root moss shoots 1377.
18:15:57 | INFO: Draco encoder: Encoding mesh Root moss shoots 1378.
18:15:57 | INFO: Draco encoder: Encoding mesh Root moss shoots 1379.
18:15:57 | INFO: Draco encoder: Encoding mesh Root moss shoots 1380.
18:15:57 | INFO: Draco encoder: Encoding mesh Root moss shoots 1381.
18:15:57 | INFO: Draco encoder: Encoding mesh Root moss shoots 1382.
18:15:57 | INFO: Draco encoder: Encoding mesh Root moss shoots 1383.
18:15:57 | INFO: Draco encoder: Encoding mesh Root moss shoots 1384.
18:15:57 | INFO: Draco encoder: Encoding mesh Root moss shoots 1385.
18:15:57 | INFO: Draco encoder: Encoding mesh Root moss shoots 1386.
18:15:57 | INFO: Draco encoder: Encoding mesh Root moss shoots 1387.
18:15:57 | INFO: Draco encoder: Encoding mesh Root moss shoots 1388.
18:15:57 | INFO: Draco encoder: Encoding mesh Root moss shoots 1389.
18:15:57 | INFO: Draco encoder: Encoding mesh Root moss shoots 1390.
18:15:57 | INFO: Draco encoder: Encoding mesh Root moss shoots 1391.
18:15:57 | INFO: Draco encoder: Encoding mesh Root moss shoots 1392.
18:15:57 | INFO: Draco encoder: Encoding mesh Root moss shoots 1393.
18:15:57 | INFO: Draco encoder: Encoding mesh Root moss shoots 1394.
18:15:57 | INFO: Draco encoder: Encoding mesh Root moss shoots 1395.
18:15:57 | INFO: Draco encoder: Encoding mesh Root moss shoots 1396.
18:15:57 | INFO: Draco encoder: Encoding mesh Root moss shoots 1397.
18:15:57 | INFO: Draco encoder: Encoding mesh Root moss shoots 1398.
18:15:57 | INFO: Draco encoder: Encoding mesh Root moss shoots 1399.
18:15:57 | INFO: Draco encoder: Encoding mesh Root moss shoots 1400.
18:15:57 | INFO: Draco encoder: Encoding mesh Root moss shoots 1401.
18:15:57 | INFO: Draco encoder: Encoding mesh Root moss shoots 1402.
18:15:57 | INFO: Draco encoder: Encoding mesh Root moss shoots 1403.
18:15:57 | INFO: Draco encoder: Encoding mesh Root moss shoots 1404.
18:15:57 | INFO: Draco encoder: Encoding mesh Root moss shoots 1405.
18:15:57 | INFO: Draco encoder: Encoding mesh Root moss shoots 1406.
18:15:57 | INFO: Draco encoder: Encoding mesh Root moss shoots 1407.
18:15:57 | INFO: Draco encoder: Encoding mesh Root moss shoots 1408.
18:15:57 | INFO: Draco encoder: Encoding mesh Root moss shoots 1409.
18:15:57 | INFO: Draco encoder: Encoding mesh Root moss shoots 1410.
18:15:57 | INFO: Draco encoder: Encoding mesh Root moss shoots 1411.
18:15:57 | INFO: Draco encoder: Encoding mesh Root moss shoots 1412.
18:15:57 | INFO: Draco encoder: Encoding mesh Root moss shoots 1413.
18:15:57 | INFO: Draco encoder: Encoding mesh Root moss shoots 1414.
18:15:57 | INFO: Draco encoder: Encoding mesh Root moss shoots 1415.
18:15:57 | INFO: Draco encoder: Encoding mesh Root moss shoots 1416.
18:15:57 | INFO: Draco encoder: Encoding mesh Root moss shoots 1417.
18:15:57 | INFO: Draco encoder: Encoding mesh Root moss shoots 1418.
18:15:57 | INFO: Draco encoder: Encoding mesh Root moss shoots 1419.
18:15:57 | INFO: Draco encoder: Encoding mesh Root moss shoots 1420.
18:15:57 | INFO: Draco encoder: Encoding mesh Root moss shoots 1421.
18:15:57 | INFO: Draco encoder: Encoding mesh Root moss shoots 1422.
18:15:57 | INFO: Draco encoder: Encoding mesh Root moss shoots 1423.
18:15:57 | INFO: Draco encoder: Encoding mesh Root moss shoots 1424.
18:15:57 | INFO: Draco encoder: Encoding mesh Root moss shoots 1425.
18:15:57 | INFO: Draco encoder: Encoding mesh Root moss shoots 1426.
18:15:57 | INFO: Draco encoder: Encoding mesh Root moss shoots 1427.
18:15:57 | INFO: Draco encoder: Encoding mesh Root moss shoots 1428.
18:15:57 | INFO: Draco encoder: Encoding mesh Root moss shoots 1429.
18:15:57 | INFO: Draco encoder: Encoding mesh Root moss shoots 1430.
18:15:57 | INFO: Draco encoder: Encoding mesh Root moss shoots 1431.
18:15:57 | INFO: Draco encoder: Encoding mesh Root moss shoots 1432.
18:15:57 | INFO: Draco encoder: Encoding mesh Root moss shoots 1433.
18:15:57 | INFO: Draco encoder: Encoding mesh Root moss shoots 1434.
18:15:57 | INFO: Draco encoder: Encoding mesh Root moss shoots 1435.
18:15:57 | INFO: Draco encoder: Encoding mesh Root moss shoots 1436.
18:15:57 | INFO: Draco encoder: Encoding mesh Root moss shoots 1437.
18:15:57 | INFO: Draco encoder: Encoding mesh Root moss shoots 1438.
18:15:57 | INFO: Draco encoder: Encoding mesh Root moss shoots 1439.
18:15:57 | INFO: Draco encoder: Encoding mesh Root moss shoots 1440.
18:15:57 | INFO: Draco encoder: Encoding mesh Root moss shoots 1441.
18:15:57 | INFO: Draco encoder: Encoding mesh Root moss shoots 1442.
18:15:57 | INFO: Draco encoder: Encoding mesh Root moss shoots 1443.
18:15:57 | INFO: Draco encoder: Encoding mesh Root moss shoots 1444.
18:15:57 | INFO: Draco encoder: Encoding mesh Root moss shoots 1445.
18:15:57 | INFO: Draco encoder: Encoding mesh Root moss shoots 1446.
18:15:57 | INFO: Draco encoder: Encoding mesh Root moss shoots 1447.
18:15:57 | INFO: Draco encoder: Encoding mesh Root moss shoots 1448.
18:15:57 | INFO: Draco encoder: Encoding mesh Root moss shoots 1449.
18:15:57 | INFO: Draco encoder: Encoding mesh Root moss shoots 1450.
18:15:57 | INFO: Draco encoder: Encoding mesh Root moss shoots 1451.
18:15:57 | INFO: Draco encoder: Encoding mesh Root moss shoots 1452.
18:15:57 | INFO: Draco encoder: Encoding mesh Root moss shoots 1453.
18:15:57 | INFO: Draco encoder: Encoding mesh Root moss shoots 1454.
18:15:57 | INFO: Draco encoder: Encoding mesh Root moss shoots 1455.
18:15:57 | INFO: Draco encoder: Encoding mesh Root moss shoots 1456.
18:15:57 | INFO: Draco encoder: Encoding mesh Root moss shoots 1457.
18:15:57 | INFO: Draco encoder: Encoding mesh Root moss shoots 1458.
18:15:57 | INFO: Draco encoder: Encoding mesh Root moss shoots 1459.
18:15:57 | INFO: Draco encoder: Encoding mesh Root moss shoots 1460.
18:15:57 | INFO: Draco encoder: Encoding mesh Root moss shoots 1461.
18:15:57 | INFO: Draco encoder: Encoding mesh Root moss shoots 1462.
18:15:57 | INFO: Draco encoder: Encoding mesh Root moss shoots 1463.
18:15:57 | INFO: Draco encoder: Encoding mesh Root moss shoots 1464.
18:15:57 | INFO: Draco encoder: Encoding mesh Root moss shoots 1465.
18:15:57 | INFO: Draco encoder: Encoding mesh Root moss shoots 1466.
18:15:57 | INFO: Draco encoder: Encoding mesh Root moss shoots 1467.
18:15:57 | INFO: Draco encoder: Encoding mesh Root moss shoots 1468.
18:15:57 | INFO: Draco encoder: Encoding mesh Root moss shoots 1469.
18:15:57 | INFO: Draco encoder: Encoding mesh Root moss shoots 1470.
18:15:57 | INFO: Draco encoder: Encoding mesh Root moss shoots 1471.
18:15:57 | INFO: Draco encoder: Encoding mesh Root moss shoots 1472.
18:15:57 | INFO: Draco encoder: Encoding mesh Root moss shoots 1473.
18:15:57 | INFO: Draco encoder: Encoding mesh Root moss shoots 1474.
18:15:57 | INFO: Draco encoder: Encoding mesh Root moss shoots 1475.
18:15:57 | INFO: Draco encoder: Encoding mesh Root moss shoots 1476.
18:15:57 | INFO: Draco encoder: Encoding mesh Root moss shoots 1477.
18:15:57 | INFO: Draco encoder: Encoding mesh Root moss shoots 1478.
18:15:57 | INFO: Draco encoder: Encoding mesh Root moss shoots 1479.
18:15:57 | INFO: Draco encoder: Encoding mesh Root moss shoots 1480.
18:15:57 | INFO: Draco encoder: Encoding mesh Root moss shoots 1481.
18:15:57 | INFO: Draco encoder: Encoding mesh Root moss shoots 1482.
18:15:57 | INFO: Draco encoder: Encoding mesh Root moss shoots 1483.
18:15:57 | INFO: Draco encoder: Encoding mesh Root moss shoots 1484.
18:15:57 | INFO: Draco encoder: Encoding mesh Root moss shoots 1485.
18:15:57 | INFO: Draco encoder: Encoding mesh Root moss shoots 1486.
18:15:57 | INFO: Draco encoder: Encoding mesh Root moss shoots 1487.
18:15:57 | INFO: Draco encoder: Encoding mesh Root moss shoots 1488.
18:15:57 | INFO: Draco encoder: Encoding mesh Root moss shoots 1489.
18:15:57 | INFO: Draco encoder: Encoding mesh Root moss shoots 1490.
18:15:57 | INFO: Draco encoder: Encoding mesh Root moss shoots 1491.
18:15:57 | INFO: Draco encoder: Encoding mesh Root moss shoots 1492.
18:15:57 | INFO: Draco encoder: Encoding mesh Root moss shoots 1493.
18:15:57 | INFO: Draco encoder: Encoding mesh Root moss shoots 1494.
18:15:57 | INFO: Draco encoder: Encoding mesh Root moss shoots 1495.
18:15:57 | INFO: Draco encoder: Encoding mesh Root moss shoots 1496.
18:15:57 | INFO: Draco encoder: Encoding mesh Root moss shoots 1497.
18:15:57 | INFO: Draco encoder: Encoding mesh Root moss shoots 1498.
18:15:57 | INFO: Draco encoder: Encoding mesh Root moss shoots 1499.
18:15:57 | INFO: Draco encoder: Encoding mesh Root moss shoots 1500.
18:15:57 | INFO: Draco encoder: Encoding mesh Root moss shoots 1501.
18:15:57 | INFO: Draco encoder: Encoding mesh Root moss shoots 1502.
18:15:57 | INFO: Draco encoder: Encoding mesh Root moss shoots 1503.
18:15:57 | INFO: Draco encoder: Encoding mesh Root moss shoots 1504.
18:15:57 | INFO: Draco encoder: Encoding mesh Root moss shoots 1505.
18:15:57 | INFO: Draco encoder: Encoding mesh Root moss shoots 1506.
18:15:57 | INFO: Draco encoder: Encoding mesh Root moss shoots 1507.
18:15:57 | INFO: Draco encoder: Encoding mesh Root moss shoots 1508.
18:15:57 | INFO: Draco encoder: Encoding mesh Root moss shoots 1509.
18:15:57 | INFO: Draco encoder: Encoding mesh Root moss shoots 1510.
18:15:57 | INFO: Draco encoder: Encoding mesh Root moss shoots 1511.
18:15:57 | INFO: Draco encoder: Encoding mesh Root moss shoots 1512.
18:15:57 | INFO: Draco encoder: Encoding mesh Root moss shoots 1513.
18:15:57 | INFO: Draco encoder: Encoding mesh Root moss shoots 1514.
18:15:57 | INFO: Draco encoder: Encoding mesh Root moss shoots 1515.
18:15:57 | INFO: Draco encoder: Encoding mesh Root moss shoots 1516.
18:15:57 | INFO: Draco encoder: Encoding mesh Root moss shoots 1517.
18:15:57 | INFO: Draco encoder: Encoding mesh Root moss shoots 1518.
18:15:57 | INFO: Draco encoder: Encoding mesh Root moss shoots 1519.
18:15:57 | INFO: Draco encoder: Encoding mesh Root moss shoots 1520.
18:15:57 | INFO: Draco encoder: Encoding mesh Root moss shoots 1521.
18:15:57 | INFO: Draco encoder: Encoding mesh Root moss shoots 1522.
18:15:57 | INFO: Draco encoder: Encoding mesh Root moss shoots 1523.
18:15:57 | INFO: Draco encoder: Encoding mesh Root moss shoots 1524.
18:15:57 | INFO: Draco encoder: Encoding mesh Root moss shoots 1525.
18:15:57 | INFO: Draco encoder: Encoding mesh Root moss shoots 1526.
18:15:57 | INFO: Draco encoder: Encoding mesh Root moss shoots 1527.
18:15:57 | INFO: Draco encoder: Encoding mesh Root moss shoots 1528.
18:15:57 | INFO: Draco encoder: Encoding mesh Root moss shoots 1529.
18:15:57 | INFO: Draco encoder: Encoding mesh Root moss shoots 1530.
18:15:57 | INFO: Draco encoder: Encoding mesh Root moss shoots 1531.
18:15:57 | INFO: Draco encoder: Encoding mesh Root moss shoots 1532.
18:15:57 | INFO: Draco encoder: Encoding mesh Root moss shoots 1533.
18:15:57 | INFO: Draco encoder: Encoding mesh Root moss shoots 1534.
18:15:57 | INFO: Draco encoder: Encoding mesh Root moss shoots 1535.
18:15:57 | INFO: Draco encoder: Encoding mesh Root moss shoots 1536.
18:15:57 | INFO: Draco encoder: Encoding mesh Root moss shoots 1537.
18:15:57 | INFO: Draco encoder: Encoding mesh Root moss shoots 1538.
18:15:57 | INFO: Draco encoder: Encoding mesh Root moss shoots 1539.
18:15:57 | INFO: Draco encoder: Encoding mesh Root moss shoots 1540.
18:15:57 | INFO: Draco encoder: Encoding mesh Root moss shoots 1541.
18:15:57 | INFO: Draco encoder: Encoding mesh Root moss shoots 1542.
18:15:57 | INFO: Draco encoder: Encoding mesh Root moss shoots 1543.
18:15:57 | INFO: Draco encoder: Encoding mesh Root moss shoots 1544.
18:15:57 | INFO: Draco encoder: Encoding mesh Root moss shoots 1545.
18:15:57 | INFO: Draco encoder: Encoding mesh Root moss shoots 1546.
18:15:57 | INFO: Draco encoder: Encoding mesh Root moss shoots 1547.
18:15:57 | INFO: Draco encoder: Encoding mesh Root moss shoots 1548.
18:15:57 | INFO: Draco encoder: Encoding mesh Root moss shoots 1549.
18:15:57 | INFO: Draco encoder: Encoding mesh Root moss shoots 1550.
18:15:57 | INFO: Draco encoder: Encoding mesh Root moss shoots 1551.
18:15:57 | INFO: Draco encoder: Encoding mesh Root moss shoots 1552.
18:15:57 | INFO: Draco encoder: Encoding mesh Root moss shoots 1553.
18:15:57 | INFO: Draco encoder: Encoding mesh Root moss shoots 1554.
18:15:57 | INFO: Draco encoder: Encoding mesh Root moss shoots 1555.
18:15:57 | INFO: Draco encoder: Encoding mesh Root moss shoots 1556.
18:15:57 | INFO: Draco encoder: Encoding mesh Root moss shoots 1557.
18:15:57 | INFO: Draco encoder: Encoding mesh Root moss shoots 1558.
18:15:57 | INFO: Draco encoder: Encoding mesh Root moss shoots 1559.
18:15:57 | INFO: Draco encoder: Encoding mesh Root moss shoots 1560.
18:15:57 | INFO: Draco encoder: Encoding mesh Root moss shoots 1561.
18:15:57 | INFO: Draco encoder: Encoding mesh Root moss shoots 1562.
18:15:57 | INFO: Draco encoder: Encoding mesh Root moss shoots 1563.
18:15:57 | INFO: Draco encoder: Encoding mesh Root moss shoots 1564.
18:15:57 | INFO: Draco encoder: Encoding mesh Root moss shoots 1565.
18:15:57 | INFO: Draco encoder: Encoding mesh Root moss shoots 1566.
18:15:57 | INFO: Draco encoder: Encoding mesh Root moss shoots 1567.
18:15:57 | INFO: Draco encoder: Encoding mesh Root moss shoots 1568.
18:15:57 | INFO: Draco encoder: Encoding mesh Root moss shoots 1569.
18:15:57 | INFO: Draco encoder: Encoding mesh Root moss shoots 1570.
18:15:57 | INFO: Draco encoder: Encoding mesh Root moss shoots 1571.
18:15:57 | INFO: Draco encoder: Encoding mesh Root moss shoots 1572.
18:15:57 | INFO: Draco encoder: Encoding mesh Root moss shoots 1573.
18:15:57 | INFO: Draco encoder: Encoding mesh Root moss shoots 1574.
18:15:57 | INFO: Draco encoder: Encoding mesh Root moss shoots 1575.
18:15:57 | INFO: Draco encoder: Encoding mesh Root moss shoots 1576.
18:15:57 | INFO: Draco encoder: Encoding mesh Root moss shoots 1577.
18:15:57 | INFO: Draco encoder: Encoding mesh Root moss shoots 1578.
18:15:57 | INFO: Draco encoder: Encoding mesh Root moss shoots 1579.
18:15:57 | INFO: Draco encoder: Encoding mesh Root moss shoots 1580.
18:15:57 | INFO: Draco encoder: Encoding mesh Root moss shoots 1581.
18:15:57 | INFO: Draco encoder: Encoding mesh Root moss shoots 1582.
18:15:57 | INFO: Draco encoder: Encoding mesh Root moss shoots 1583.
18:15:57 | INFO: Draco encoder: Encoding mesh Root moss shoots 1584.
18:15:57 | INFO: Draco encoder: Encoding mesh Root moss shoots 1585.
18:15:57 | INFO: Draco encoder: Encoding mesh Root moss shoots 1586.
18:15:57 | INFO: Draco encoder: Encoding mesh Root moss shoots 1587.
18:15:57 | INFO: Draco encoder: Encoding mesh Root moss shoots 1588.
18:15:57 | INFO: Draco encoder: Encoding mesh Root moss shoots 1589.
18:15:57 | INFO: Draco encoder: Encoding mesh Root moss shoots 1590.
18:15:57 | INFO: Draco encoder: Encoding mesh Root moss shoots 1591.
18:15:57 | INFO: Draco encoder: Encoding mesh Root moss shoots 1592.
18:15:57 | INFO: Draco encoder: Encoding mesh Root moss shoots 1593.
18:15:57 | INFO: Draco encoder: Encoding mesh Root moss shoots 1594.
18:15:57 | INFO: Draco encoder: Encoding mesh Root moss shoots 1595.
18:15:57 | INFO: Draco encoder: Encoding mesh Root moss shoots 1596.
18:15:57 | INFO: Draco encoder: Encoding mesh Root moss shoots 1597.
18:15:57 | INFO: Draco encoder: Encoding mesh Root moss shoots 1598.
18:15:57 | INFO: Draco encoder: Encoding mesh Root moss shoots 1599.
18:15:57 | INFO: Draco encoder: Encoding mesh Root moss shoots 1600.
18:15:57 | INFO: Draco encoder: Encoding mesh Root moss shoots 1601.
18:15:57 | INFO: Draco encoder: Encoding mesh Root moss shoots 1602.
18:15:57 | INFO: Draco encoder: Encoding mesh Root moss shoots 1603.
18:15:57 | INFO: Draco encoder: Encoding mesh Root moss shoots 1604.
18:15:57 | INFO: Draco encoder: Encoding mesh Root moss shoots 1605.
18:15:57 | INFO: Draco encoder: Encoding mesh Root moss shoots 1606.
18:15:57 | INFO: Draco encoder: Encoding mesh Root moss shoots 1607.
18:15:57 | INFO: Draco encoder: Encoding mesh Root moss shoots 1608.
18:15:57 | INFO: Draco encoder: Encoding mesh Root moss shoots 1609.
18:15:57 | INFO: Draco encoder: Encoding mesh Root moss shoots 1610.
18:15:57 | INFO: Draco encoder: Encoding mesh Root moss shoots 1611.
18:15:57 | INFO: Draco encoder: Encoding mesh Root moss shoots 1612.
18:15:57 | INFO: Draco encoder: Encoding mesh Root moss shoots 1613.
18:15:57 | INFO: Draco encoder: Encoding mesh Root moss shoots 1614.
18:15:57 | INFO: Draco encoder: Encoding mesh Root moss shoots 1615.
18:15:57 | INFO: Draco encoder: Encoding mesh Root moss shoots 1616.
18:15:57 | INFO: Draco encoder: Encoding mesh Root moss shoots 1617.
18:15:57 | INFO: Draco encoder: Encoding mesh Root moss shoots 1618.
18:15:57 | INFO: Draco encoder: Encoding mesh Root moss shoots 1619.
18:15:57 | INFO: Draco encoder: Encoding mesh Root moss shoots 1620.
18:15:57 | INFO: Draco encoder: Encoding mesh Root moss shoots 1621.
18:15:57 | INFO: Draco encoder: Encoding mesh Root moss shoots 1622.
18:15:57 | INFO: Draco encoder: Encoding mesh Root moss shoots 1623.
18:15:57 | INFO: Draco encoder: Encoding mesh Root moss shoots 1624.
18:15:57 | INFO: Draco encoder: Encoding mesh Root moss shoots 1625.
18:15:57 | INFO: Draco encoder: Encoding mesh Root moss shoots 1626.
18:15:57 | INFO: Draco encoder: Encoding mesh Root moss shoots 1627.
18:15:57 | INFO: Draco encoder: Encoding mesh Root moss shoots 1628.
18:15:57 | INFO: Draco encoder: Encoding mesh Root moss shoots 1629.
18:15:57 | INFO: Draco encoder: Encoding mesh Root moss shoots 1630.
18:15:57 | INFO: Draco encoder: Encoding mesh Root moss shoots 1631.
18:15:57 | INFO: Draco encoder: Encoding mesh Root moss shoots 1632.
18:15:57 | INFO: Draco encoder: Encoding mesh Root moss shoots 1633.
18:15:57 | INFO: Draco encoder: Encoding mesh Root moss shoots 1634.
18:15:57 | INFO: Draco encoder: Encoding mesh Root moss shoots 1635.
18:15:57 | INFO: Draco encoder: Encoding mesh Root moss shoots 1636.
18:15:57 | INFO: Draco encoder: Encoding mesh Root moss shoots 1637.
18:15:57 | INFO: Draco encoder: Encoding mesh Root moss shoots 1638.
18:15:57 | INFO: Draco encoder: Encoding mesh Root moss shoots 1639.
18:15:57 | INFO: Draco encoder: Encoding mesh Root moss shoots 1640.
18:15:57 | INFO: Draco encoder: Encoding mesh Root moss shoots 1641.
18:15:57 | INFO: Draco encoder: Encoding mesh Root moss shoots 1642.
18:15:57 | INFO: Draco encoder: Encoding mesh Root moss shoots 1643.
18:15:57 | INFO: Draco encoder: Encoding mesh Root moss shoots 1644.
18:15:57 | INFO: Draco encoder: Encoding mesh Root moss shoots 1645.
18:15:57 | INFO: Draco encoder: Encoding mesh Root moss shoots 1646.
18:15:57 | INFO: Draco encoder: Encoding mesh Root moss shoots 1647.
18:15:57 | INFO: Draco encoder: Encoding mesh Root moss shoots 1648.
18:15:57 | INFO: Draco encoder: Encoding mesh Root moss shoots 1649.
18:15:57 | INFO: Draco encoder: Encoding mesh Root moss shoots 1650.
18:15:57 | INFO: Draco encoder: Encoding mesh Root moss shoots 1651.
18:15:57 | INFO: Draco encoder: Encoding mesh Root moss shoots 1652.
18:15:57 | INFO: Draco encoder: Encoding mesh Root moss shoots 1653.
18:15:57 | INFO: Draco encoder: Encoding mesh Root moss shoots 1654.
18:15:57 | INFO: Draco encoder: Encoding mesh Root moss shoots 1655.
18:15:57 | INFO: Draco encoder: Encoding mesh Root moss shoots 1656.
18:15:57 | INFO: Draco encoder: Encoding mesh Root moss shoots 1657.
18:15:57 | INFO: Draco encoder: Encoding mesh Root moss shoots 1658.
18:15:57 | INFO: Draco encoder: Encoding mesh Root moss shoots 1659.
18:15:57 | INFO: Draco encoder: Encoding mesh Root moss shoots 1660.
18:15:57 | INFO: Draco encoder: Encoding mesh Root moss shoots 1661.
18:15:57 | INFO: Draco encoder: Encoding mesh Root moss shoots 1662.
18:15:57 | INFO: Draco encoder: Encoding mesh Root moss shoots 1663.
18:15:57 | INFO: Draco encoder: Encoding mesh Root moss shoots 1664.
18:15:57 | INFO: Draco encoder: Encoding mesh Root moss shoots 1665.
18:15:57 | INFO: Draco encoder: Encoding mesh Root moss shoots 1666.
18:15:57 | INFO: Draco encoder: Encoding mesh Root moss shoots 1667.
18:15:57 | INFO: Draco encoder: Encoding mesh Root moss shoots 1668.
18:15:57 | INFO: Draco encoder: Encoding mesh Root moss shoots 1669.
18:15:57 | INFO: Draco encoder: Encoding mesh Root moss shoots 1670.
18:15:57 | INFO: Draco encoder: Encoding mesh Root moss shoots 1671.
18:15:57 | INFO: Draco encoder: Encoding mesh Root moss shoots 1672.
18:15:57 | INFO: Draco encoder: Encoding mesh Root moss shoots 1673.
18:15:57 | INFO: Draco encoder: Encoding mesh Root moss shoots 1674.
18:15:57 | INFO: Draco encoder: Encoding mesh Root moss shoots 1675.
18:15:57 | INFO: Draco encoder: Encoding mesh Root moss shoots 1676.
18:15:57 | INFO: Draco encoder: Encoding mesh Root moss shoots 1677.
18:15:57 | INFO: Draco encoder: Encoding mesh Root moss shoots 1678.
18:15:57 | INFO: Draco encoder: Encoding mesh Root moss shoots 1679.
18:15:57 | INFO: Draco encoder: Encoding mesh Root moss shoots 1680.
18:15:57 | INFO: Draco encoder: Encoding mesh Root moss shoots 1681.
18:15:57 | INFO: Draco encoder: Encoding mesh Root moss shoots 1682.
18:15:57 | INFO: Draco encoder: Encoding mesh Root moss shoots 1683.
18:15:57 | INFO: Draco encoder: Encoding mesh Root moss shoots 1684.
18:15:57 | INFO: Draco encoder: Encoding mesh Root moss shoots 1685.
18:15:57 | INFO: Draco encoder: Encoding mesh Root moss shoots 1686.
18:15:57 | INFO: Draco encoder: Encoding mesh Root moss shoots 1687.
18:15:57 | INFO: Draco encoder: Encoding mesh Root moss shoots 1688.
18:15:57 | INFO: Draco encoder: Encoding mesh Root moss shoots 1689.
18:15:57 | INFO: Draco encoder: Encoding mesh Root moss shoots 1690.
18:15:57 | INFO: Draco encoder: Encoding mesh Root moss shoots 1691.
18:15:57 | INFO: Draco encoder: Encoding mesh Root moss shoots 1692.
18:15:57 | INFO: Draco encoder: Encoding mesh Root moss shoots 1693.
18:15:57 | INFO: Draco encoder: Encoding mesh Root moss shoots 1694.
18:15:57 | INFO: Draco encoder: Encoding mesh Root moss shoots 1695.
18:15:57 | INFO: Draco encoder: Encoding mesh Root moss shoots 1696.
18:15:57 | INFO: Draco encoder: Encoding mesh Root moss shoots 1697.
18:15:57 | INFO: Draco encoder: Encoding mesh Root moss shoots 1698.
18:15:57 | INFO: Draco encoder: Encoding mesh Root moss shoots 1699.
18:15:57 | INFO: Draco encoder: Encoding mesh Root moss shoots 1700.
18:15:57 | INFO: Draco encoder: Encoding mesh Root moss shoots 1701.
18:15:57 | INFO: Draco encoder: Encoding mesh Root moss shoots 1702.
18:15:57 | INFO: Draco encoder: Encoding mesh Root moss shoots 1703.
18:15:57 | INFO: Draco encoder: Encoding mesh Root moss shoots 1704.
18:15:57 | INFO: Draco encoder: Encoding mesh Root moss shoots 1705.
18:15:57 | INFO: Draco encoder: Encoding mesh Root moss shoots 1706.
18:15:57 | INFO: Draco encoder: Encoding mesh Root moss shoots 1707.
18:15:57 | INFO: Draco encoder: Encoding mesh Root moss shoots 1708.
18:15:57 | INFO: Draco encoder: Encoding mesh Root moss shoots 1709.
18:15:57 | INFO: Draco encoder: Encoding mesh Root moss shoots 1710.
18:15:57 | INFO: Draco encoder: Encoding mesh Root moss shoots 1711.
18:15:57 | INFO: Draco encoder: Encoding mesh Root moss shoots 1712.
18:15:57 | INFO: Draco encoder: Encoding mesh Root moss shoots 1713.
18:15:57 | INFO: Draco encoder: Encoding mesh Root moss shoots 1714.
18:15:57 | INFO: Draco encoder: Encoding mesh Root moss shoots 1715.
18:15:57 | INFO: Draco encoder: Encoding mesh Root moss shoots 1716.
18:15:57 | INFO: Draco encoder: Encoding mesh Root moss shoots 1717.
18:15:57 | INFO: Draco encoder: Encoding mesh Root moss shoots 1718.
18:15:57 | INFO: Draco encoder: Encoding mesh Root moss shoots 1719.
18:15:57 | INFO: Draco encoder: Encoding mesh Root moss shoots 1720.
18:15:57 | INFO: Draco encoder: Encoding mesh Root moss shoots 1721.
18:15:57 | INFO: Draco encoder: Encoding mesh Root moss shoots 1722.
18:15:57 | INFO: Draco encoder: Encoding mesh Root moss shoots 1723.
18:15:57 | INFO: Draco encoder: Encoding mesh Root moss shoots 1724.
18:15:57 | INFO: Draco encoder: Encoding mesh Root moss shoots 1725.
18:15:57 | INFO: Draco encoder: Encoding mesh Root moss shoots 1726.
18:15:57 | INFO: Draco encoder: Encoding mesh Root moss shoots 1727.
18:15:57 | INFO: Draco encoder: Encoding mesh Root moss shoots 1728.
18:15:57 | INFO: Draco encoder: Encoding mesh Root moss shoots 1729.
18:15:57 | INFO: Draco encoder: Encoding mesh Root moss shoots 1730.
18:15:57 | INFO: Draco encoder: Encoding mesh Root moss shoots 1731.
18:15:57 | INFO: Draco encoder: Encoding mesh Root moss shoots 1732.
18:15:57 | INFO: Draco encoder: Encoding mesh Root moss shoots 1733.
18:15:57 | INFO: Draco encoder: Encoding mesh Root moss shoots 1734.
18:15:57 | INFO: Draco encoder: Encoding mesh Root moss shoots 1735.
18:15:57 | INFO: Draco encoder: Encoding mesh Root moss shoots 1736.
18:15:57 | INFO: Draco encoder: Encoding mesh Root moss shoots 1737.
18:15:57 | INFO: Draco encoder: Encoding mesh Root moss shoots 1738.
18:15:57 | INFO: Draco encoder: Encoding mesh Root moss shoots 1739.
18:15:57 | INFO: Draco encoder: Encoding mesh Root moss shoots 1740.
18:15:57 | INFO: Draco encoder: Encoding mesh Root moss shoots 1741.
18:15:57 | INFO: Draco encoder: Encoding mesh Root moss shoots 1742.
18:15:57 | INFO: Draco encoder: Encoding mesh Root moss shoots 1743.
18:15:57 | INFO: Draco encoder: Encoding mesh Root moss shoots 1744.
18:15:57 | INFO: Draco encoder: Encoding mesh Root moss shoots 1745.
18:15:57 | INFO: Draco encoder: Encoding mesh Root moss shoots 1746.
18:15:57 | INFO: Draco encoder: Encoding mesh Root moss shoots 1747.
18:15:57 | INFO: Draco encoder: Encoding mesh Root moss shoots 1748.
18:15:57 | INFO: Draco encoder: Encoding mesh Root moss shoots 1749.
18:15:57 | INFO: Draco encoder: Encoding mesh Root moss shoots 1750.
18:15:57 | INFO: Draco encoder: Encoding mesh Root moss shoots 1751.
18:15:57 | INFO: Draco encoder: Encoding mesh Root moss shoots 1752.
18:15:57 | INFO: Draco encoder: Encoding mesh Root moss shoots 1753.
18:15:57 | INFO: Draco encoder: Encoding mesh Root moss shoots 1754.
18:15:57 | INFO: Draco encoder: Encoding mesh Root moss shoots 1755.
18:15:57 | INFO: Draco encoder: Encoding mesh Root moss shoots 1756.
18:15:57 | INFO: Draco encoder: Encoding mesh Root moss shoots 1757.
18:15:57 | INFO: Draco encoder: Encoding mesh Root moss shoots 1758.
18:15:57 | INFO: Draco encoder: Encoding mesh Root moss shoots 1759.
18:15:57 | INFO: Draco encoder: Encoding mesh Root moss shoots 1760.
18:15:57 | INFO: Draco encoder: Encoding mesh Root moss shoots 1761.
18:15:57 | INFO: Draco encoder: Encoding mesh Root moss shoots 1762.
18:15:57 | INFO: Draco encoder: Encoding mesh Root moss shoots 1763.
18:15:57 | INFO: Draco encoder: Encoding mesh Root moss shoots 1764.
18:15:57 | INFO: Draco encoder: Encoding mesh Root moss shoots 1765.
18:15:57 | INFO: Draco encoder: Encoding mesh Root moss shoots 1766.
18:15:57 | INFO: Draco encoder: Encoding mesh Root moss shoots 1767.
18:15:57 | INFO: Draco encoder: Encoding mesh Root moss shoots 1768.
18:15:57 | INFO: Draco encoder: Encoding mesh Root moss shoots 1769.
18:15:57 | INFO: Draco encoder: Encoding mesh Root moss shoots 1770.
18:15:57 | INFO: Draco encoder: Encoding mesh Root moss shoots 1771.
18:15:57 | INFO: Draco encoder: Encoding mesh Root moss shoots 1772.
18:15:57 | INFO: Draco encoder: Encoding mesh Root moss shoots 1773.
18:15:57 | INFO: Draco encoder: Encoding mesh Root moss shoots 1774.
18:15:57 | INFO: Draco encoder: Encoding mesh Root moss shoots 1775.
18:15:57 | INFO: Draco encoder: Encoding mesh Root moss shoots 1776.
18:15:57 | INFO: Draco encoder: Encoding mesh Root moss shoots 1777.
18:15:57 | INFO: Draco encoder: Encoding mesh Root moss shoots 1778.
18:15:57 | INFO: Draco encoder: Encoding mesh Root moss shoots 1779.
18:15:57 | INFO: Draco encoder: Encoding mesh Root moss shoots 1780.
18:15:57 | INFO: Draco encoder: Encoding mesh Root moss shoots 1781.
18:15:57 | INFO: Draco encoder: Encoding mesh Root moss shoots 1782.
18:15:57 | INFO: Draco encoder: Encoding mesh Root moss shoots 1783.
18:15:57 | INFO: Draco encoder: Encoding mesh Root moss shoots 1784.
18:15:57 | INFO: Draco encoder: Encoding mesh Root moss shoots 1785.
18:15:57 | INFO: Draco encoder: Encoding mesh Root moss shoots 1786.
18:15:57 | INFO: Draco encoder: Encoding mesh Root moss shoots 1787.
18:15:57 | INFO: Draco encoder: Encoding mesh Root moss shoots 1788.
18:15:57 | INFO: Draco encoder: Encoding mesh Root moss shoots 1789.
18:15:57 | INFO: Draco encoder: Encoding mesh Root moss shoots 1790.
18:15:57 | INFO: Draco encoder: Encoding mesh Root moss shoots 1791.
18:15:57 | INFO: Draco encoder: Encoding mesh Root moss shoots 1792.
18:15:57 | INFO: Draco encoder: Encoding mesh Root moss shoots 1793.
18:15:57 | INFO: Draco encoder: Encoding mesh Root moss shoots 1794.
18:15:57 | INFO: Draco encoder: Encoding mesh Root moss shoots 1795.
18:15:57 | INFO: Draco encoder: Encoding mesh Root moss shoots 1796.
18:15:57 | INFO: Draco encoder: Encoding mesh Root moss shoots 1797.
18:15:57 | INFO: Draco encoder: Encoding mesh Root moss shoots 1798.
18:15:57 | INFO: Draco encoder: Encoding mesh Root moss shoots 1799.
18:15:57 | INFO: Draco encoder: Encoding mesh Root moss shoots 1800.
18:15:57 | INFO: Draco encoder: Encoding mesh Root moss shoots 1801.
18:15:57 | INFO: Draco encoder: Encoding mesh Root moss shoots 1802.
18:15:57 | INFO: Draco encoder: Encoding mesh Root moss shoots 1803.
18:15:57 | INFO: Draco encoder: Encoding mesh Root moss shoots 1804.
18:15:57 | INFO: Draco encoder: Encoding mesh Root moss shoots 1805.
18:15:57 | INFO: Draco encoder: Encoding mesh Root moss shoots 1806.
18:15:57 | INFO: Draco encoder: Encoding mesh Root moss shoots 1807.
18:15:57 | INFO: Draco encoder: Encoding mesh Root moss shoots 1808.
18:15:57 | INFO: Draco encoder: Encoding mesh Root moss shoots 1809.
18:15:57 | INFO: Draco encoder: Encoding mesh Root moss shoots 1810.
18:15:57 | INFO: Draco encoder: Encoding mesh Root moss shoots 1811.
18:15:57 | INFO: Draco encoder: Encoding mesh Root moss shoots 1812.
18:15:57 | INFO: Draco encoder: Encoding mesh Root moss shoots 1813.
18:15:57 | INFO: Draco encoder: Encoding mesh Root moss shoots 1814.
18:15:57 | INFO: Draco encoder: Encoding mesh Root moss shoots 1815.
18:15:57 | INFO: Draco encoder: Encoding mesh Root moss shoots 1816.
18:15:57 | INFO: Draco encoder: Encoding mesh Root moss shoots 1817.
18:15:57 | INFO: Draco encoder: Encoding mesh Root moss shoots 1818.
18:15:57 | INFO: Draco encoder: Encoding mesh Root moss shoots 1819.
18:15:57 | INFO: Draco encoder: Encoding mesh Root moss shoots 1820.
18:15:57 | INFO: Draco encoder: Encoding mesh Root moss shoots 1821.
18:15:57 | INFO: Draco encoder: Encoding mesh Root moss shoots 1822.
18:15:57 | INFO: Draco encoder: Encoding mesh Root moss shoots 1823.
18:15:57 | INFO: Draco encoder: Encoding mesh Root moss shoots 1824.
18:15:57 | INFO: Draco encoder: Encoding mesh Root moss shoots 1825.
18:15:57 | INFO: Draco encoder: Encoding mesh Root moss shoots 1826.
18:15:57 | INFO: Draco encoder: Encoding mesh Root moss shoots 1827.
18:15:57 | INFO: Draco encoder: Encoding mesh Root moss shoots 1828.
18:15:57 | INFO: Draco encoder: Encoding mesh Root moss shoots 1829.
18:15:57 | INFO: Draco encoder: Encoding mesh Root moss shoots 1830.
18:15:57 | INFO: Draco encoder: Encoding mesh Root moss shoots 1831.
18:15:57 | INFO: Draco encoder: Encoding mesh Root moss shoots 1832.
18:15:57 | INFO: Draco encoder: Encoding mesh Root moss shoots 1833.
18:15:57 | INFO: Draco encoder: Encoding mesh Root moss shoots 1834.
18:15:57 | INFO: Draco encoder: Encoding mesh Root moss shoots 1835.
18:15:57 | INFO: Draco encoder: Encoding mesh Root moss shoots 1836.
18:15:57 | INFO: Draco encoder: Encoding mesh Root moss shoots 1837.
18:15:57 | INFO: Draco encoder: Encoding mesh Root moss shoots 1838.
18:15:57 | INFO: Draco encoder: Encoding mesh Root moss shoots 1839.
18:15:57 | INFO: Draco encoder: Encoding mesh Root moss shoots 1840.
18:15:57 | INFO: Draco encoder: Encoding mesh Root moss shoots 1841.
18:15:57 | INFO: Draco encoder: Encoding mesh Root moss shoots 1842.
18:15:57 | INFO: Draco encoder: Encoding mesh Root moss shoots 1843.
18:15:57 | INFO: Draco encoder: Encoding mesh Root moss shoots 1844.
18:15:57 | INFO: Draco encoder: Encoding mesh Root moss shoots 1845.
18:15:57 | INFO: Draco encoder: Encoding mesh Root moss shoots 1846.
18:15:57 | INFO: Draco encoder: Encoding mesh Root moss shoots 1847.
18:15:57 | INFO: Draco encoder: Encoding mesh Root moss shoots 1848.
18:15:57 | INFO: Draco encoder: Encoding mesh Root moss shoots 1849.
18:15:57 | INFO: Draco encoder: Encoding mesh Root moss shoots 1850.
18:15:57 | INFO: Draco encoder: Encoding mesh Root moss shoots 1851.
18:15:57 | INFO: Draco encoder: Encoding mesh Root moss shoots 1852.
18:15:57 | INFO: Draco encoder: Encoding mesh Root moss shoots 1853.
18:15:57 | INFO: Draco encoder: Encoding mesh Root moss shoots 1854.
18:15:57 | INFO: Draco encoder: Encoding mesh Root moss shoots 1855.
18:15:57 | INFO: Draco encoder: Encoding mesh Root moss shoots 1856.
18:15:57 | INFO: Draco encoder: Encoding mesh Root moss shoots 1857.
18:15:57 | INFO: Draco encoder: Encoding mesh Root moss shoots 1858.
18:15:57 | INFO: Draco encoder: Encoding mesh Root moss shoots 1859.
18:15:57 | INFO: Draco encoder: Encoding mesh Root moss shoots 1860.
18:15:57 | INFO: Draco encoder: Encoding mesh Root moss shoots 1861.
18:15:57 | INFO: Draco encoder: Encoding mesh Root moss shoots 1862.
18:15:57 | INFO: Draco encoder: Encoding mesh Root moss shoots 1863.
18:15:57 | INFO: Draco encoder: Encoding mesh Root moss shoots 1864.
18:15:57 | INFO: Draco encoder: Encoding mesh Root moss shoots 1865.
18:15:57 | INFO: Draco encoder: Encoding mesh Root moss shoots 1866.
18:15:57 | INFO: Draco encoder: Encoding mesh Root moss shoots 1867.
18:15:57 | INFO: Draco encoder: Encoding mesh Root moss shoots 1868.
18:15:57 | INFO: Draco encoder: Encoding mesh Root moss shoots 1869.
18:15:57 | INFO: Draco encoder: Encoding mesh Root moss shoots 1870.
18:15:57 | INFO: Draco encoder: Encoding mesh Root moss shoots 1871.
18:15:57 | INFO: Draco encoder: Encoding mesh Root moss shoots 1872.
18:15:57 | INFO: Draco encoder: Encoding mesh Root moss shoots 1873.
18:15:57 | INFO: Draco encoder: Encoding mesh Root moss shoots 1874.
18:15:57 | INFO: Draco encoder: Encoding mesh Root moss shoots 1875.
18:15:57 | INFO: Draco encoder: Encoding mesh Root moss shoots 1876.
18:15:57 | INFO: Draco encoder: Encoding mesh Root moss shoots 1877.
18:15:57 | INFO: Draco encoder: Encoding mesh Root moss shoots 1878.
18:15:57 | INFO: Draco encoder: Encoding mesh Root moss shoots 1879.
18:15:57 | INFO: Draco encoder: Encoding mesh Root moss shoots 1880.
18:15:57 | INFO: Draco encoder: Encoding mesh Root moss shoots 1881.
18:15:57 | INFO: Draco encoder: Encoding mesh Root moss shoots 1882.
18:15:57 | INFO: Draco encoder: Encoding mesh Root moss shoots 1883.
18:15:57 | INFO: Draco encoder: Encoding mesh Root moss shoots 1884.
18:15:57 | INFO: Draco encoder: Encoding mesh Root moss shoots 1885.
18:15:57 | INFO: Draco encoder: Encoding mesh Root moss shoots 1886.
18:15:57 | INFO: Draco encoder: Encoding mesh Root moss shoots 1887.
18:15:57 | INFO: Draco encoder: Encoding mesh Root moss shoots 1888.
18:15:57 | INFO: Draco encoder: Encoding mesh Root moss shoots 1889.
18:15:57 | INFO: Draco encoder: Encoding mesh Root moss shoots 1890.
18:15:57 | INFO: Draco encoder: Encoding mesh Root moss shoots 1891.
18:15:57 | INFO: Draco encoder: Encoding mesh Root moss shoots 1892.
18:15:57 | INFO: Draco encoder: Encoding mesh Root moss shoots 1893.
18:15:57 | INFO: Draco encoder: Encoding mesh Root moss shoots 1894.
18:15:57 | INFO: Draco encoder: Encoding mesh Root moss shoots 1895.
18:15:57 | INFO: Draco encoder: Encoding mesh Root moss shoots 1896.
18:15:57 | INFO: Draco encoder: Encoding mesh Root moss shoots 1897.
18:15:57 | INFO: Draco encoder: Encoding mesh Root moss shoots 1898.
18:15:57 | INFO: Draco encoder: Encoding mesh Root moss shoots 1899.
18:15:57 | INFO: Draco encoder: Encoding mesh Root moss shoots 1900.
18:15:57 | INFO: Draco encoder: Encoding mesh Root moss shoots 1901.
18:15:57 | INFO: Draco encoder: Encoding mesh Root moss shoots 1902.
18:15:57 | INFO: Draco encoder: Encoding mesh Root moss shoots 1903.
18:15:57 | INFO: Draco encoder: Encoding mesh Root moss shoots 1904.
18:15:57 | INFO: Draco encoder: Encoding mesh Root moss shoots 1905.
18:15:57 | INFO: Draco encoder: Encoding mesh Root moss shoots 1906.
18:15:57 | INFO: Draco encoder: Encoding mesh Root moss shoots 1907.
18:15:57 | INFO: Draco encoder: Encoding mesh Root moss shoots 1908.
18:15:57 | INFO: Draco encoder: Encoding mesh Root moss shoots 1909.
18:15:57 | INFO: Draco encoder: Encoding mesh Root moss shoots 1910.
18:15:57 | INFO: Draco encoder: Encoding mesh Root moss shoots 1911.
18:15:57 | INFO: Draco encoder: Encoding mesh Root moss shoots 1912.
18:15:57 | INFO: Draco encoder: Encoding mesh Root moss shoots 1913.
18:15:57 | INFO: Draco encoder: Encoding mesh Root moss shoots 1914.
18:15:57 | INFO: Draco encoder: Encoding mesh Root moss shoots 1915.
18:15:57 | INFO: Draco encoder: Encoding mesh Root moss shoots 1916.
18:15:57 | INFO: Draco encoder: Encoding mesh Root moss shoots 1917.
18:15:57 | INFO: Draco encoder: Encoding mesh Root moss shoots 1918.
18:15:57 | INFO: Draco encoder: Encoding mesh Root moss shoots 1919.
18:15:57 | INFO: Draco encoder: Encoding mesh Root moss shoots 1920.
18:15:57 | INFO: Draco encoder: Encoding mesh Root moss shoots 1921.
18:15:57 | INFO: Draco encoder: Encoding mesh Root moss shoots 1922.
18:15:57 | INFO: Draco encoder: Encoding mesh Root moss shoots 1923.
18:15:57 | INFO: Draco encoder: Encoding mesh Root moss shoots 1924.
18:15:57 | INFO: Draco encoder: Encoding mesh Root moss shoots 1925.
18:15:57 | INFO: Draco encoder: Encoding mesh Root moss shoots 1926.
18:15:57 | INFO: Draco encoder: Encoding mesh Root moss shoots 1927.
18:15:57 | INFO: Draco encoder: Encoding mesh Root moss shoots 1928.
18:15:57 | INFO: Draco encoder: Encoding mesh Root moss shoots 1929.
18:15:57 | INFO: Draco encoder: Encoding mesh Root moss shoots 1930.
18:15:57 | INFO: Draco encoder: Encoding mesh Root moss shoots 1931.
18:15:57 | INFO: Draco encoder: Encoding mesh Root moss shoots 1932.
18:15:57 | INFO: Draco encoder: Encoding mesh Root moss shoots 1933.
18:15:57 | INFO: Draco encoder: Encoding mesh Root moss shoots 1934.
18:15:57 | INFO: Draco encoder: Encoding mesh Root moss shoots 1935.
18:15:57 | INFO: Draco encoder: Encoding mesh Root moss shoots 1936.
18:15:57 | INFO: Draco encoder: Encoding mesh Root moss shoots 1937.
18:15:57 | INFO: Draco encoder: Encoding mesh Root moss shoots 1938.
18:15:57 | INFO: Draco encoder: Encoding mesh Root moss shoots 1939.
18:15:57 | INFO: Draco encoder: Encoding mesh Root moss shoots 1940.
18:15:57 | INFO: Draco encoder: Encoding mesh Root moss shoots 1941.
18:15:57 | INFO: Draco encoder: Encoding mesh Root moss shoots 1942.
18:15:57 | INFO: Draco encoder: Encoding mesh Root moss shoots 1943.
18:15:57 | INFO: Draco encoder: Encoding mesh Root moss shoots 1944.
18:15:57 | INFO: Draco encoder: Encoding mesh Root moss shoots 1945.
18:15:57 | INFO: Draco encoder: Encoding mesh Root moss shoots 1946.
18:15:57 | INFO: Draco encoder: Encoding mesh Root moss shoots 1947.
18:15:57 | INFO: Draco encoder: Encoding mesh Root moss shoots 1948.
18:15:57 | INFO: Draco encoder: Encoding mesh Root moss shoots 1949.
18:15:57 | INFO: Draco encoder: Encoding mesh Root moss shoots 1950.
18:15:57 | INFO: Draco encoder: Encoding mesh Root moss shoots 1951.
18:15:57 | INFO: Draco encoder: Encoding mesh Root moss shoots 1952.
18:15:57 | INFO: Draco encoder: Encoding mesh Root moss shoots 1953.
18:15:57 | INFO: Draco encoder: Encoding mesh Root moss shoots 1954.
18:15:57 | INFO: Draco encoder: Encoding mesh Root moss shoots 1955.
18:15:57 | INFO: Draco encoder: Encoding mesh Root moss shoots 1956.
18:15:57 | INFO: Draco encoder: Encoding mesh Root moss shoots 1957.
18:15:57 | INFO: Draco encoder: Encoding mesh Root moss shoots 1958.
18:15:57 | INFO: Draco encoder: Encoding mesh Root moss shoots 1959.
18:15:57 | INFO: Draco encoder: Encoding mesh Root moss shoots 1960.
18:15:57 | INFO: Draco encoder: Encoding mesh Root moss shoots 1961.
18:15:57 | INFO: Draco encoder: Encoding mesh Root moss shoots 1962.
18:15:57 | INFO: Draco encoder: Encoding mesh Root moss shoots 1963.
18:15:57 | INFO: Draco encoder: Encoding mesh Root moss shoots 1964.
18:15:57 | INFO: Draco encoder: Encoding mesh Root moss shoots 1965.
18:15:57 | INFO: Draco encoder: Encoding mesh Root moss shoots 1966.
18:15:57 | INFO: Draco encoder: Encoding mesh Root moss shoots 1967.
18:15:57 | INFO: Draco encoder: Encoding mesh Root moss shoots 1968.
18:15:57 | INFO: Draco encoder: Encoding mesh Root moss shoots 1969.
18:15:57 | INFO: Draco encoder: Encoding mesh Root moss shoots 1970.
18:15:57 | INFO: Draco encoder: Encoding mesh Root moss shoots 1971.
18:15:57 | INFO: Draco encoder: Encoding mesh Root moss shoots 1972.
18:15:57 | INFO: Draco encoder: Encoding mesh Root moss shoots 1973.
18:15:57 | INFO: Draco encoder: Encoding mesh Root moss shoots 1974.
18:15:57 | INFO: Draco encoder: Encoding mesh Root moss shoots 1975.
18:15:57 | INFO: Draco encoder: Encoding mesh Root moss shoots 1976.
18:15:57 | INFO: Draco encoder: Encoding mesh Root moss shoots 1977.
18:15:57 | INFO: Draco encoder: Encoding mesh Root moss shoots 1978.
18:15:57 | INFO: Draco encoder: Encoding mesh Root moss shoots 1979.
18:15:57 | INFO: Draco encoder: Encoding mesh Root moss shoots 1980.
18:15:57 | INFO: Draco encoder: Encoding mesh Root moss shoots 1981.
18:15:57 | INFO: Draco encoder: Encoding mesh Root moss shoots 1982.
18:15:57 | INFO: Draco encoder: Encoding mesh Root moss shoots 1983.
18:15:57 | INFO: Draco encoder: Encoding mesh Root moss shoots 1984.
18:15:57 | INFO: Draco encoder: Encoding mesh Root moss shoots 1985.
18:15:57 | INFO: Draco encoder: Encoding mesh Root moss shoots 1986.
18:15:57 | INFO: Draco encoder: Encoding mesh Root moss shoots 1987.
18:15:57 | INFO: Draco encoder: Encoding mesh Root moss shoots 1988.
18:15:57 | INFO: Draco encoder: Encoding mesh Root moss shoots 1989.
18:15:57 | INFO: Draco encoder: Encoding mesh Root moss shoots 1990.
18:15:57 | INFO: Draco encoder: Encoding mesh Root moss shoots 1991.
18:15:57 | INFO: Draco encoder: Encoding mesh Root moss shoots 1992.
18:15:57 | INFO: Draco encoder: Encoding mesh Root moss shoots 1993.
18:15:57 | INFO: Draco encoder: Encoding mesh Root moss shoots 1994.
18:15:57 | INFO: Draco encoder: Encoding mesh Root moss shoots 1995.
18:15:57 | INFO: Draco encoder: Encoding mesh Root moss shoots 1996.
18:15:57 | INFO: Draco encoder: Encoding mesh Root moss shoots 1997.
18:15:57 | INFO: Draco encoder: Encoding mesh Root moss shoots 1998.
18:15:57 | INFO: Draco encoder: Encoding mesh Root moss shoots 1999.
18:15:57 | INFO: Draco encoder: Encoding mesh Root moss shoots 2000.
18:15:57 | INFO: Draco encoder: Encoding mesh Root moss shoots 2001.
18:15:57 | INFO: Draco encoder: Encoding mesh Root moss shoots 2002.
18:15:57 | INFO: Draco encoder: Encoding mesh Root moss shoots 2003.
18:15:57 | INFO: Draco encoder: Encoding mesh Root moss shoots 2004.
18:15:57 | INFO: Draco encoder: Encoding mesh Root moss shoots 2005.
18:15:57 | INFO: Draco encoder: Encoding mesh Root moss shoots 2006.
18:15:57 | INFO: Draco encoder: Encoding mesh Root moss shoots 2007.
18:15:57 | INFO: Draco encoder: Encoding mesh Root moss shoots 2008.
18:15:57 | INFO: Draco encoder: Encoding mesh Root moss shoots 2009.
18:15:57 | INFO: Draco encoder: Encoding mesh Root moss shoots 2010.
18:15:57 | INFO: Draco encoder: Encoding mesh Root moss shoots 2011.
18:15:57 | INFO: Draco encoder: Encoding mesh Root moss shoots 2012.
18:15:57 | INFO: Draco encoder: Encoding mesh Root moss shoots 2013.
18:15:57 | INFO: Draco encoder: Encoding mesh Root moss shoots 2014.
18:15:57 | INFO: Draco encoder: Encoding mesh Root moss shoots 2015.
18:15:57 | INFO: Draco encoder: Encoding mesh Root moss shoots 2016.
18:15:57 | INFO: Draco encoder: Encoding mesh Root moss shoots 2017.
18:15:57 | INFO: Draco encoder: Encoding mesh Root moss shoots 2018.
18:15:57 | INFO: Draco encoder: Encoding mesh Root moss shoots 2019.
18:15:57 | INFO: Draco encoder: Encoding mesh Root moss shoots 2020.
18:15:57 | INFO: Draco encoder: Encoding mesh Root moss shoots 2021.
18:15:57 | INFO: Draco encoder: Encoding mesh Root moss shoots 2022.
18:15:57 | INFO: Draco encoder: Encoding mesh Root moss shoots 2023.
18:15:57 | INFO: Draco encoder: Encoding mesh Root moss shoots 2024.
18:15:57 | INFO: Draco encoder: Encoding mesh Root moss shoots 2025.
18:15:57 | INFO: Draco encoder: Encoding mesh Root moss shoots 2026.
18:15:57 | INFO: Draco encoder: Encoding mesh Root moss shoots 2027.
18:15:57 | INFO: Draco encoder: Encoding mesh Root moss shoots 2028.
18:15:57 | INFO: Draco encoder: Encoding mesh Root moss shoots 2029.
18:15:57 | INFO: Draco encoder: Encoding mesh Root moss shoots 2030.
18:15:57 | INFO: Draco encoder: Encoding mesh Root moss shoots 2031.
18:15:57 | INFO: Draco encoder: Encoding mesh Root moss shoots 2032.
18:15:57 | INFO: Draco encoder: Encoding mesh Root moss shoots 2033.
18:15:57 | INFO: Draco encoder: Encoding mesh Root moss shoots 2034.
18:15:57 | INFO: Draco encoder: Encoding mesh Root moss shoots 2035.
18:15:57 | INFO: Draco encoder: Encoding mesh Root moss shoots 2036.
18:15:57 | INFO: Draco encoder: Encoding mesh Root moss shoots 2037.
18:15:57 | INFO: Draco encoder: Encoding mesh Root moss shoots 2038.
18:15:57 | INFO: Draco encoder: Encoding mesh Root moss shoots 2039.
18:15:57 | INFO: Draco encoder: Encoding mesh Root moss shoots 2040.
18:15:57 | INFO: Draco encoder: Encoding mesh Root moss shoots 2041.
18:15:57 | INFO: Draco encoder: Encoding mesh Root moss shoots 2042.
18:15:57 | INFO: Draco encoder: Encoding mesh Root moss shoots 2043.
18:15:57 | INFO: Draco encoder: Encoding mesh Root moss shoots 2044.
18:15:57 | INFO: Draco encoder: Encoding mesh Root moss shoots 2045.
18:15:57 | INFO: Draco encoder: Encoding mesh Root moss shoots 2046.
18:15:57 | INFO: Draco encoder: Encoding mesh Root moss shoots 2047.
18:15:57 | INFO: Draco encoder: Encoding mesh Root moss shoots 2048.
18:15:57 | INFO: Draco encoder: Encoding mesh Root moss shoots 2049.
18:15:57 | INFO: Draco encoder: Encoding mesh Root moss shoots 2050.
18:15:57 | INFO: Draco encoder: Encoding mesh Root moss shoots 2051.
18:15:57 | INFO: Draco encoder: Encoding mesh Root moss shoots 2052.
18:15:57 | INFO: Draco encoder: Encoding mesh Root moss shoots 2053.
18:15:57 | INFO: Draco encoder: Encoding mesh Root moss shoots 2054.
18:15:57 | INFO: Draco encoder: Encoding mesh Root moss shoots 2055.
18:15:57 | INFO: Draco encoder: Encoding mesh Root moss shoots 2056.
18:15:57 | INFO: Draco encoder: Encoding mesh Root moss shoots 2057.
18:15:57 | INFO: Draco encoder: Encoding mesh Root moss shoots 2058.
18:15:57 | INFO: Draco encoder: Encoding mesh Root moss shoots 2059.
18:15:57 | INFO: Draco encoder: Encoding mesh Root moss shoots 2060.
18:15:57 | INFO: Draco encoder: Encoding mesh Root moss shoots 2061.
18:15:57 | INFO: Draco encoder: Encoding mesh Root moss shoots 2062.
18:15:57 | INFO: Draco encoder: Encoding mesh Root moss shoots 2063.
18:15:57 | INFO: Draco encoder: Encoding mesh Root moss shoots 2064.
18:15:57 | INFO: Draco encoder: Encoding mesh Root moss shoots 2065.
18:15:57 | INFO: Draco encoder: Encoding mesh Root moss shoots 2066.
18:15:57 | INFO: Draco encoder: Encoding mesh Root moss shoots 2067.
18:15:57 | INFO: Draco encoder: Encoding mesh Root moss shoots 2068.
18:15:57 | INFO: Draco encoder: Encoding mesh Root moss shoots 2069.
18:15:57 | INFO: Draco encoder: Encoding mesh Root moss shoots 2070.
18:15:57 | INFO: Draco encoder: Encoding mesh Root moss shoots 2071.
18:15:57 | INFO: Draco encoder: Encoding mesh Root moss shoots 2072.
18:15:57 | INFO: Draco encoder: Encoding mesh Root moss shoots 2073.
18:15:57 | INFO: Draco encoder: Encoding mesh Root moss shoots 2074.
18:15:57 | INFO: Draco encoder: Encoding mesh Root moss shoots 2075.
18:15:57 | INFO: Draco encoder: Encoding mesh Root moss shoots 2076.
18:15:57 | INFO: Draco encoder: Encoding mesh Root moss shoots 2077.
18:15:57 | INFO: Draco encoder: Encoding mesh Root moss shoots 2078.
18:15:57 | INFO: Draco encoder: Encoding mesh Root moss shoots 2079.
18:15:57 | INFO: Draco encoder: Encoding mesh Root moss shoots 2080.
18:15:57 | INFO: Draco encoder: Encoding mesh Root moss shoots 2081.
18:15:57 | INFO: Draco encoder: Encoding mesh Root moss shoots 2082.
18:15:57 | INFO: Draco encoder: Encoding mesh Root moss shoots 2083.
18:15:57 | INFO: Draco encoder: Encoding mesh Root moss shoots 2084.
18:15:57 | INFO: Draco encoder: Encoding mesh Root moss shoots 2085.
18:15:57 | INFO: Draco encoder: Encoding mesh Root moss shoots 2086.
18:15:57 | INFO: Draco encoder: Encoding mesh Root moss shoots 2087.
18:15:57 | INFO: Draco encoder: Encoding mesh Root moss shoots 2088.
18:15:57 | INFO: Draco encoder: Encoding mesh Root moss shoots 2089.
18:15:57 | INFO: Draco encoder: Encoding mesh Root moss shoots 2090.
18:15:57 | INFO: Draco encoder: Encoding mesh Root moss shoots 2091.
18:15:57 | INFO: Draco encoder: Encoding mesh Root moss shoots 2092.
18:15:57 | INFO: Draco encoder: Encoding mesh Root moss shoots 2093.
18:15:57 | INFO: Draco encoder: Encoding mesh Root moss shoots 2094.
18:15:57 | INFO: Draco encoder: Encoding mesh Root moss shoots 2095.
18:15:57 | INFO: Draco encoder: Encoding mesh Root moss shoots 2096.
18:15:57 | INFO: Draco encoder: Encoding mesh Root moss shoots 2097.
18:15:57 | INFO: Draco encoder: Encoding mesh Root moss shoots 2098.
18:15:57 | INFO: Draco encoder: Encoding mesh Root moss shoots 2099.
18:15:57 | INFO: Draco encoder: Encoding mesh Root moss shoots 2100.
18:15:57 | INFO: Draco encoder: Encoding mesh Root moss shoots 2101.
18:15:57 | INFO: Draco encoder: Encoding mesh Root moss shoots 2102.
18:15:57 | INFO: Draco encoder: Encoding mesh Root moss shoots 2103.
18:15:57 | INFO: Draco encoder: Encoding mesh Root moss shoots 2104.
18:15:57 | INFO: Draco encoder: Encoding mesh Root moss shoots 2105.
18:15:57 | INFO: Draco encoder: Encoding mesh Root moss shoots 2106.
18:15:57 | INFO: Draco encoder: Encoding mesh Root moss shoots 2107.
18:15:57 | INFO: Draco encoder: Encoding mesh Root moss shoots 2108.
18:15:57 | INFO: Draco encoder: Encoding mesh Root moss shoots 2109.
18:15:57 | INFO: Draco encoder: Encoding mesh Root moss shoots 2110.
18:15:57 | INFO: Draco encoder: Encoding mesh Root moss shoots 2111.
18:15:57 | INFO: Draco encoder: Encoding mesh Root moss shoots 2112.
18:15:57 | INFO: Draco encoder: Encoding mesh Root moss shoots 2113.
18:15:57 | INFO: Draco encoder: Encoding mesh Root moss shoots 2114.
18:15:57 | INFO: Draco encoder: Encoding mesh Root moss shoots 2115.
18:15:57 | INFO: Draco encoder: Encoding mesh Root moss shoots 2116.
18:15:57 | INFO: Draco encoder: Encoding mesh Root moss shoots 2117.
18:15:57 | INFO: Draco encoder: Encoding mesh Root moss shoots 2118.
18:15:57 | INFO: Draco encoder: Encoding mesh Root moss shoots 2119.
18:15:57 | INFO: Draco encoder: Encoding mesh Root moss shoots 2120.
18:15:57 | INFO: Draco encoder: Encoding mesh Root moss shoots 2121.
18:15:57 | INFO: Draco encoder: Encoding mesh Root moss shoots 2122.
18:15:57 | INFO: Draco encoder: Encoding mesh Root moss shoots 2123.
18:15:57 | INFO: Draco encoder: Encoding mesh Root moss shoots 2124.
18:15:57 | INFO: Draco encoder: Encoding mesh Root moss shoots 2125.
18:15:57 | INFO: Draco encoder: Encoding mesh Root moss shoots 2126.
18:15:57 | INFO: Draco encoder: Encoding mesh Root moss shoots 2127.
18:15:57 | INFO: Draco encoder: Encoding mesh Root moss shoots 2128.
18:15:57 | INFO: Draco encoder: Encoding mesh Root moss shoots 2129.
18:15:57 | INFO: Draco encoder: Encoding mesh Root moss shoots 2130.
18:15:57 | INFO: Draco encoder: Encoding mesh Root moss shoots 2131.
18:15:57 | INFO: Draco encoder: Encoding mesh Root moss shoots 2132.
18:15:57 | INFO: Draco encoder: Encoding mesh Root moss shoots 2133.
18:15:57 | INFO: Draco encoder: Encoding mesh Root moss shoots 2134.
18:15:57 | INFO: Draco encoder: Encoding mesh Root moss shoots 2135.
18:15:57 | INFO: Draco encoder: Encoding mesh Root moss shoots 2136.
18:15:57 | INFO: Draco encoder: Encoding mesh Root moss shoots 2137.
18:15:57 | INFO: Draco encoder: Encoding mesh Root moss shoots 2138.
18:15:57 | INFO: Draco encoder: Encoding mesh Root moss shoots 2139.
18:15:57 | INFO: Draco encoder: Encoding mesh Root moss shoots 2140.
18:15:57 | INFO: Draco encoder: Encoding mesh Root moss shoots 2141.
18:15:57 | INFO: Draco encoder: Encoding mesh Root moss shoots 2142.
18:15:57 | INFO: Draco encoder: Encoding mesh Root moss shoots 2143.
18:15:57 | INFO: Draco encoder: Encoding mesh Root moss shoots 2144.
18:15:57 | INFO: Draco encoder: Encoding mesh Root moss shoots 2145.
18:15:57 | INFO: Draco encoder: Encoding mesh Root moss shoots 2146.
18:15:57 | INFO: Draco encoder: Encoding mesh Root moss shoots 2147.
18:15:57 | INFO: Draco encoder: Encoding mesh Root moss shoots 2148.
18:15:57 | INFO: Draco encoder: Encoding mesh Root moss shoots 2149.
18:15:57 | INFO: Draco encoder: Encoding mesh Root moss shoots 2150.
18:15:57 | INFO: Draco encoder: Encoding mesh Root moss shoots 2151.
18:15:57 | INFO: Draco encoder: Encoding mesh Root moss shoots 2152.
18:15:57 | INFO: Draco encoder: Encoding mesh Root moss shoots 2153.
18:15:57 | INFO: Draco encoder: Encoding mesh Root moss shoots 2154.
18:15:57 | INFO: Draco encoder: Encoding mesh Root moss shoots 2155.
18:15:57 | INFO: Draco encoder: Encoding mesh Root moss shoots 2156.
18:15:57 | INFO: Draco encoder: Encoding mesh Root moss shoots 2157.
18:15:57 | INFO: Draco encoder: Encoding mesh Root moss shoots 2158.
18:15:57 | INFO: Draco encoder: Encoding mesh Root moss shoots 2159.
18:15:57 | INFO: Draco encoder: Encoding mesh Root moss shoots 2160.
18:15:57 | INFO: Draco encoder: Encoding mesh Root moss shoots 2161.
18:15:57 | INFO: Draco encoder: Encoding mesh Root moss shoots 2162.
18:15:57 | INFO: Draco encoder: Encoding mesh Root moss shoots 2163.
18:15:57 | INFO: Draco encoder: Encoding mesh Root moss shoots 2164.
18:15:57 | INFO: Draco encoder: Encoding mesh Root moss shoots 2165.
18:15:57 | INFO: Draco encoder: Encoding mesh Root moss shoots 2166.
18:15:57 | INFO: Draco encoder: Encoding mesh Root moss shoots 2167.
18:15:57 | INFO: Draco encoder: Encoding mesh Root moss shoots 2168.
18:15:57 | INFO: Draco encoder: Encoding mesh Root moss shoots 2169.
18:15:57 | INFO: Draco encoder: Encoding mesh Root moss shoots 2170.
18:15:57 | INFO: Draco encoder: Encoding mesh Root moss shoots 2171.
18:15:57 | INFO: Draco encoder: Encoding mesh Root moss shoots 2172.
18:15:57 | INFO: Draco encoder: Encoding mesh Root moss shoots 2173.
18:15:57 | INFO: Draco encoder: Encoding mesh Root moss shoots 2174.
18:15:57 | INFO: Draco encoder: Encoding mesh Root moss shoots 2175.
18:15:57 | INFO: Draco encoder: Encoding mesh Root moss shoots 2176.
18:15:57 | INFO: Draco encoder: Encoding mesh Root moss shoots 2177.
18:15:57 | INFO: Draco encoder: Encoding mesh Root moss shoots 2178.
18:15:57 | INFO: Draco encoder: Encoding mesh Root moss shoots 2179.
18:15:57 | INFO: Draco encoder: Encoding mesh Root moss shoots 2180.
18:15:57 | INFO: Draco encoder: Encoding mesh Root moss shoots 2181.
18:15:57 | INFO: Draco encoder: Encoding mesh Root moss shoots 2182.
18:15:57 | INFO: Draco encoder: Encoding mesh Root moss shoots 2183.
18:15:57 | INFO: Draco encoder: Encoding mesh Root moss shoots 2184.
18:15:57 | INFO: Draco encoder: Encoding mesh Root moss shoots 2185.
18:15:57 | INFO: Draco encoder: Encoding mesh Root moss shoots 2186.
18:15:57 | INFO: Draco encoder: Encoding mesh Root moss shoots 2187.
18:15:57 | INFO: Draco encoder: Encoding mesh Root moss shoots 2188.
18:15:57 | INFO: Draco encoder: Encoding mesh Root moss shoots 2189.
18:15:57 | INFO: Draco encoder: Encoding mesh Root moss shoots 2190.
18:15:57 | INFO: Draco encoder: Encoding mesh Root moss shoots 2191.
18:15:57 | INFO: Draco encoder: Encoding mesh Root moss shoots 2192.
18:15:57 | INFO: Draco encoder: Encoding mesh Root moss shoots 2193.
18:15:57 | INFO: Draco encoder: Encoding mesh Root moss shoots 2194.
18:15:57 | INFO: Draco encoder: Encoding mesh Root moss shoots 2195.
18:15:57 | INFO: Draco encoder: Encoding mesh Root moss shoots 2196.
18:15:57 | INFO: Draco encoder: Encoding mesh Root moss shoots 2197.
18:15:57 | INFO: Draco encoder: Encoding mesh Root moss shoots 2198.
18:15:57 | INFO: Draco encoder: Encoding mesh Root moss shoots 2199.
18:15:57 | INFO: Draco encoder: Encoding mesh Terminal twig hierarchy.
18:15:57 | INFO: Draco encoder: Encoding mesh Continuous aged trunk and primary branches.
18:15:57 | INFO: Draco encoder: Encoding mesh Continuous planted soil.
Blender 5.2.1 LTS (hash 9e2066aef7ef built 2026-08-25 01:35:57)
DracoEncoder | Preserve triangle order: no
DracoEncoder | Encoded 1584 vertices, 2004 indices, raw size: 67368, encoded size: 16957, compression ratio: 3.97
DracoEncoder | Preserve triangle order: no
DracoEncoder | Encoded 1584 vertices, 2004 indices, raw size: 67368, encoded size: 16864, compression ratio: 3.99
DracoEncoder | Preserve triangle order: no
DracoEncoder | Encoded 1584 vertices, 2004 indices, raw size: 67368, encoded size: 16969, compression ratio: 3.97
DracoEncoder | Preserve triangle order: no
DracoEncoder | Encoded 1584 vertices, 2004 indices, raw size: 67368, encoded size: 16934, compression ratio: 3.98
DracoEncoder | Preserve triangle order: no
DracoEncoder | Encoded 1584 vertices, 2004 indices, raw size: 67368, encoded size: 16910, compression ratio: 3.98
DracoEncoder | Preserve triangle order: no
DracoEncoder | Encoded 1584 vertices, 2004 indices, raw size: 67368, encoded size: 16891, compression ratio: 3.99
DracoEncoder | Preserve triangle order: no
DracoEncoder | Encoded 1584 vertices, 2004 indices, raw size: 67368, encoded size: 16866, compression ratio: 3.99
DracoEncoder | Preserve triangle order: no
DracoEncoder | Encoded 1584 vertices, 2004 indices, raw size: 67368, encoded size: 16903, compression ratio: 3.99
DracoEncoder | Preserve triangle order: no
DracoEncoder | Encoded 1584 vertices, 2004 indices, raw size: 67368, encoded size: 16855, compression ratio: 4.00
DracoEncoder | Preserve triangle order: no
DracoEncoder | Encoded 1584 vertices, 2004 indices, raw size: 67368, encoded size: 16836, compression ratio: 4.00
DracoEncoder | Preserve triangle order: no
DracoEncoder | Encoded 1584 vertices, 2004 indices, raw size: 67368, encoded size: 16916, compression ratio: 3.98
DracoEncoder | Preserve triangle order: no
DracoEncoder | Encoded 1584 vertices, 2004 indices, raw size: 67368, encoded size: 16972, compression ratio: 3.97
DracoEncoder | Preserve triangle order: no
DracoEncoder | Encoded 30 vertices, 30 indices, raw size: 1020, encoded size: 464, compression ratio: 2.20
DracoEncoder | Preserve triangle order: no
DracoEncoder | Encoded 30 vertices, 30 indices, raw size: 1020, encoded size: 462, compression ratio: 2.21
DracoEncoder | Preserve triangle order: no
DracoEncoder | Encoded 30 vertices, 30 indices, raw size: 1020, encoded size: 461, compression ratio: 2.21
DracoEncoder | Preserve triangle order: no
DracoEncoder | Encoded 30 vertices, 30 indices, raw size: 1020, encoded size: 465, compression ratio: 2.19
DracoEncoder | Preserve triangle order: no
DracoEncoder | Encoded 30 vertices, 30 indices, raw size: 1020, encoded size: 466, compression ratio: 2.19
DracoEncoder | Preserve triangle order: no
DracoEncoder | Encoded 30 vertices, 30 indices, raw size: 1020, encoded size: 462, compression ratio: 2.21
DracoEncoder | Preserve triangle order: no
DracoEncoder | Encoded 144 vertices, 144 indices, raw size: 6048, encoded size: 2793, compression ratio: 2.17
DracoEncoder | Preserve triangle order: no
DracoEncoder | Encoded 144 vertices, 144 indices, raw size: 6048, encoded size: 2793, compression ratio: 2.17
DracoEncoder | Preserve triangle order: no
DracoEncoder | Encoded 144 vertices, 144 indices, raw size: 6048, encoded size: 2794, compression ratio: 2.16
DracoEncoder | Preserve triangle order: no
DracoEncoder | Encoded 144 vertices, 144 indices, raw size: 6048, encoded size: 2788, compression ratio: 2.17
DracoEncoder | Preserve triangle order: no
DracoEncoder | Encoded 144 vertices, 144 indices, raw size: 6048, encoded size: 2790, compression ratio: 2.17
DracoEncoder | Preserve triangle order: no
DracoEncoder | Encoded 144 vertices, 144 indices, raw size: 6048, encoded size: 2793, compression ratio: 2.17
DracoEncoder | Preserve triangle order: no
DracoEncoder | Encoded 65315 vertices, 216210 indices, raw size: 2522500, encoded size: 421983, compression ratio: 5.98
DracoEncoder | Preserve triangle order: no
DracoEncoder | Encoded 87619 vertices, 510000 indices, raw size: 6945768, encoded size: 1177415, compression ratio: 5.90
Dra18:15:57 | INFO: Draco encoder: Encoding mesh Low ceramic foot.
18:15:57 | INFO: Draco encoder: Encoding mesh Low ceramic foot.001.
18:15:57 | INFO: Draco encoder: Encoding mesh Low ceramic foot.002.
18:15:57 | INFO: Draco encoder: Encoding mesh Low ceramic foot.003.
18:15:57 | INFO: Draco encoder: Encoding mesh Low split natural bedding stone.
18:15:57 | INFO: Draco encoder: Encoding mesh Shallow unglazed pot.
18:15:58 | INFO: Finished glTF 2.0 export in 3.53871488571167 s

14.8s Saved hero-v15; 2286188 bytes
coEncoder | Preserve triangle order: no
DracoEncoder | Encoded 3936 vertices, 23040 indices, raw size: 203520, encoded size: 25414, compression ratio: 8.01
DracoEncoder | Preserve triangle order: no
DracoEncoder | Encoded 116 vertices, 564 indices, raw size: 4840, encoded size: 1202, compression ratio: 4.03
DracoEncoder | Preserve triangle order: no
DracoEncoder | Encoded 116 vertices, 564 indices, raw size: 4840, encoded size: 1202, compression ratio: 4.03
DracoEncoder | Preserve triangle order: no
DracoEncoder | Encoded 116 vertices, 564 indices, raw size: 4840, encoded size: 1202, compression ratio: 4.03
DracoEncoder | Preserve triangle order: no
DracoEncoder | Encoded 116 vertices, 564 indices, raw size: 4840, encoded size: 1202, compression ratio: 4.03
DracoEncoder | Preserve triangle order: no
DracoEncoder | Encoded 5397 vertices, 12102 indices, raw size: 196908, encoded size: 42111, compression ratio: 4.68
DracoEncoder | Preserve triangle order: no
DracoEncoder | Encoded 1440 vertices, 8628 indices, raw size: 63336, encoded size: 9336, compression ratio: 6.78

Blender quit
