00:00.107  translation      | WARNING Falling back to standard locale ("C")
00:00.483  blend            | Read blend: "/Users/kazuki.tanaka/dev0/exfract-bonsai-02/improvement/2026-10-04/runs/volume-rebuild-1656/models/hero-v20.blend"
1.0s Grid-scale smoothing: four volume-preserving Taubin pairs
1.0s 2305 continuous growth guides
1.1s Wood relief and live-wood field 0/295248
2.5s Wood relief and live-wood field 50000/295248
3.6s Wood relief and live-wood field 100000/295248
4.3s Wood relief and live-wood field 150000/295248
5.1s Wood relief and live-wood field 200000/295248
5.8s Wood relief and live-wood field 250000/295248
6.8s Geometric ambient visibility 0/295248
7.6s Geometric ambient visibility 50000/295248
8.5s Geometric ambient visibility 100000/295248
9.3s Geometric ambient visibility 150000/295248
10.1s Geometric ambient visibility 200000/295248
10.9s Geometric ambient visibility 250000/295248
<string>:6: DeprecationWarning: 'Material.use_nodes' is expected to be removed in Blender 6.0
18.7s Canopy left lower front fork: 448 twig nodes; 429 rooted scale shoots
18.7s Canopy left lower primary: 433 twig nodes; 299 rooted scale shoots
18.8s Canopy left middle front fork: 423 twig nodes; 351 rooted scale shoots
18.8s Canopy left rear primary: 352 twig nodes; 234 rooted scale shoots
18.9s Canopy upper left primary: 427 twig nodes; 312 rooted scale shoots
18.9s Canopy upper left rear fork: 384 twig nodes; 221 rooted scale shoots
19.0s Canopy apex: 558 twig nodes; 416 rooted scale shoots
19.0s Canopy apex front fork: 411 twig nodes; 273 rooted scale shoots
19.0s Canopy crown right primary: 463 twig nodes; 325 rooted scale shoots
19.1s Canopy crown forward fork: 463 twig nodes; 312 rooted scale shoots
19.1s Canopy crown rear fork: 380 twig nodes; 234 rooted scale shoots
19.1s Canopy rear crown: 407 twig nodes; 234 rooted scale shoots
19.2s Canopy subordinate low right: 278 twig nodes; 195 rooted scale shoots
19.2s Canopy low right forward fork: 253 twig nodes; 182 rooted scale shoots
19.7s Substrate: 2200 moss tufts and 2400 embedded grains, shared geometry
19.7s Canopy complete: 4017 scale-shoot instances
Info: Saved as "hero-v22.blend"
INFO Draco is available, use library at /Applications/Blender.app/Contents/Resources/5.2/scripts/addons_core/io_scene_gltf2/libbf_intern_draco_bridge.dylib
INFO MeshOptimizer is available, use library at /Applications/Blender.app/Contents/Resources/5.2/scripts/addons_core/io_scene_gltf2/libbf_intern_meshopt_bridge.dylib
19:14:23 | INFO: Starting glTF 2.0 export
19:14:24 | INFO: Extracting primitive: Volumetric scale shoot 00
19:14:24 | INFO: Primitives created: 1
19:14:24 | INFO: Extracting primitive: Volumetric scale shoot 10
19:14:24 | INFO: Primitives created: 1
19:14:24 | INFO: Extracting primitive: Volumetric scale shoot 03
19:14:24 | INFO: Primitives created: 1
19:14:24 | INFO: Extracting primitive: Volumetric scale shoot 07
19:14:24 | INFO: Primitives created: 1
19:14:24 | INFO: Extracting primitive: Volumetric scale shoot 11
19:14:24 | INFO: Primitives created: 1
19:14:24 | INFO: Extracting primitive: Volumetric scale shoot 05
19:14:24 | INFO: Primitives created: 1
19:14:24 | INFO: Extracting primitive: Volumetric scale shoot 01
19:14:24 | INFO: Primitives created: 1
19:14:24 | INFO: Extracting primitive: Volumetric scale shoot 08
19:14:24 | INFO: Primitives created: 1
19:14:24 | INFO: Extracting primitive: Volumetric scale shoot 02
19:14:24 | INFO: Primitives created: 1
19:14:24 | INFO: Extracting primitive: Volumetric scale shoot 04
19:14:24 | INFO: Primitives created: 1
19:14:24 | INFO: Extracting primitive: Volumetric scale shoot 06
19:14:24 | INFO: Primitives created: 1
19:14:24 | INFO: Extracting primitive: Volumetric scale shoot 09
19:14:24 | INFO: Primitives created: 1
19:14:24 | INFO: Extracting primitive: Embedded mineral grain 02
19:14:24 | INFO: Primitives created: 1
19:14:24 | INFO: Extracting primitive: Embedded mineral grain 05
19:14:24 | INFO: Primitives created: 1
19:14:24 | INFO: Extracting primitive: Embedded mineral grain 00
19:14:24 | INFO: Primitives created: 1
19:14:24 | INFO: Extracting primitive: Embedded mineral grain 03
19:14:24 | INFO: Primitives created: 1
19:14:24 | INFO: Extracting primitive: Embedded mineral grain 01
19:14:24 | INFO: Primitives created: 1
19:14:24 | INFO: Extracting primitive: Embedded mineral grain 04
19:14:24 | INFO: Primitives created: 1
19:14:24 | INFO: Extracting primitive: Root moss tuft 05
19:14:24 | INFO: Primitives created: 1
19:14:24 | INFO: Extracting primitive: Root moss tuft 04
19:14:24 | INFO: Primitives created: 1
19:14:24 | INFO: Extracting primitive: Root moss tuft 01
19:14:24 | INFO: Primitives created: 1
19:14:24 | INFO: Extracting primitive: Root moss tuft 02
19:14:24 | INFO: Primitives created: 1
19:14:24 | INFO: Extracting primitive: Root moss tuft 03
19:14:24 | INFO: Primitives created: 1
19:14:24 | INFO: Extracting primitive: Root moss tuft 00
19:14:24 | INFO: Primitives created: 1
19:14:24 | INFO: Extracting primitive: Terminal branch hierarchy
19:14:24 | INFO: Primitives created: 1
19:14:26 | INFO: Extracting primitive: Implicit solid surface
19:14:26 | INFO: Primitives created: 1
19:14:26 | INFO: Extracting primitive: Continuous planted soil
19:14:26 | INFO: Primitives created: 1
19:14:26 | INFO: Extracting primitive: Volumetric scale shoot low 00
19:14:26 | INFO: Primitives created: 1
19:14:26 | INFO: Extracting primitive: Volumetric scale shoot low 01
19:14:26 | INFO: Primitives created: 1
19:14:26 | INFO: Extracting primitive: Volumetric scale shoot low 02
19:14:26 | INFO: Primitives created: 1
19:14:26 | INFO: Extracting primitive: Volumetric scale shoot low 03
19:14:26 | INFO: Primitives created: 1
19:14:26 | INFO: Extracting primitive: Volumetric scale shoot low 04
19:14:26 | INFO: Primitives created: 1
19:14:26 | INFO: Extracting primitive: Volumetric scale shoot low 05
19:14:26 | INFO: Primitives created: 1
19:14:26 | INFO: Extracting primitive: Volumetric scale shoot low 06
19:14:26 | INFO: Primitives created: 1
19:14:26 | INFO: Extracting primitive: Volumetric scale shoot low 07
19:14:26 | INFO: Primitives created: 1
19:14:26 | INFO: Extracting primitive: Volumetric scale shoot low 08
19:14:26 | INFO: Primitives created: 1
19:14:26 | INFO: Extracting primitive: Volumetric scale shoot low 09
19:14:26 | INFO: Primitives created: 1
19:14:26 | INFO: Extracting primitive: Volumetric scale shoot low 10
19:14:26 | INFO: Primitives created: 1
19:14:26 | INFO: Extracting primitive: Volumetric scale shoot low 11
19:14:26 | INFO: Primitives created: 1
19:14:26 | INFO: Extracting primitive: Cube.001
19:14:26 | INFO: Primitives created: 1
19:14:26 | INFO: Extracting primitive: Cube.002
19:14:26 | INFO: Primitives created: 1
19:14:26 | INFO: Extracting primitive: Cube.003
19:14:26 | INFO: Primitives created: 1
19:14:26 | INFO: Extracting primitive: Cube.004
19:14:26 | INFO: Primitives created: 1
19:14:26 | INFO: Extracting primitive: Low split natural bedding stone
19:14:26 | INFO: Primitives created: 1
19:14:26 | INFO: Extracting primitive: Shallow unglazed pot
19:14:26 | INFO: Primitives created: 1
19:14:26 | INFO: Draco encoder: Encoding mesh Canopy sprays 0000.
19:14:26 | INFO: Draco encoder: Encoding mesh Canopy sprays 0001.
19:14:26 | INFO: Draco encoder: Encoding mesh Canopy sprays 0002.
19:14:26 | INFO: Draco encoder: Encoding mesh Canopy sprays 0003.
19:14:26 | INFO: Draco encoder: Encoding mesh Canopy sprays 0004.
19:14:26 | INFO: Draco encoder: Encoding mesh Canopy sprays 0005.
19:14:26 | INFO: Draco encoder: Encoding mesh Canopy sprays 0006.
19:14:26 | INFO: Draco encoder: Encoding mesh Canopy sprays 0007.
19:14:26 | INFO: Draco encoder: Encoding mesh Canopy sprays 0008.
19:14:26 | INFO: Draco encoder: Encoding mesh Canopy sprays 0009.
19:14:26 | INFO: Draco encoder: Encoding mesh Canopy sprays 0010.
19:14:26 | INFO: Draco encoder: Encoding mesh Canopy sprays 0011.
19:14:26 | INFO: Draco encoder: Encoding mesh Canopy sprays 0012.
19:14:26 | INFO: Draco encoder: Encoding mesh Canopy sprays 0013.
19:14:26 | INFO: Draco encoder: Encoding mesh Canopy sprays 0014.
19:14:26 | INFO: Draco encoder: Encoding mesh Canopy sprays 0015.
19:14:26 | INFO: Draco encoder: Encoding mesh Canopy sprays 0016.
19:14:26 | INFO: Draco encoder: Encoding mesh Canopy sprays 0017.
19:14:26 | INFO: Draco encoder: Encoding mesh Canopy sprays 0018.
19:14:26 | INFO: Draco encoder: Encoding mesh Canopy sprays 0019.
19:14:26 | INFO: Draco encoder: Encoding mesh Canopy sprays 0020.
19:14:26 | INFO: Draco encoder: Encoding mesh Canopy sprays 0021.
19:14:26 | INFO: Draco encoder: Encoding mesh Canopy sprays 0022.
19:14:26 | INFO: Draco encoder: Encoding mesh Canopy sprays 0023.
19:14:26 | INFO: Draco encoder: Encoding mesh Canopy sprays 0024.
19:14:26 | INFO: Draco encoder: Encoding mesh Canopy sprays 0025.
19:14:26 | INFO: Draco encoder: Encoding mesh Canopy sprays 0026.
19:14:26 | INFO: Draco encoder: Encoding mesh Canopy sprays 0027.
19:14:26 | INFO: Draco encoder: Encoding mesh Canopy sprays 0028.
19:14:26 | INFO: Draco encoder: Encoding mesh Canopy sprays 0029.
19:14:26 | INFO: Draco encoder: Encoding mesh Canopy sprays 0030.
19:14:26 | INFO: Draco encoder: Encoding mesh Canopy sprays 0031.
19:14:26 | INFO: Draco encoder: Encoding mesh Canopy sprays 0032.
19:14:26 | INFO: Draco encoder: Encoding mesh Canopy sprays 0033.
19:14:26 | INFO: Draco encoder: Encoding mesh Canopy sprays 0034.
19:14:26 | INFO: Draco encoder: Encoding mesh Canopy sprays 0035.
19:14:26 | INFO: Draco encoder: Encoding mesh Canopy sprays 0036.
19:14:26 | INFO: Draco encoder: Encoding mesh Canopy sprays 0037.
19:14:26 | INFO: Draco encoder: Encoding mesh Canopy sprays 0038.
19:14:26 | INFO: Draco encoder: Encoding mesh Canopy sprays 0039.
19:14:26 | INFO: Draco encoder: Encoding mesh Canopy sprays 0040.
19:14:26 | INFO: Draco encoder: Encoding mesh Canopy sprays 0041.
19:14:26 | INFO: Draco encoder: Encoding mesh Canopy sprays 0042.
19:14:26 | INFO: Draco encoder: Encoding mesh Canopy sprays 0043.
19:14:26 | INFO: Draco encoder: Encoding mesh Canopy sprays 0044.
19:14:26 | INFO: Draco encoder: Encoding mesh Canopy sprays 0045.
19:14:26 | INFO: Draco encoder: Encoding mesh Canopy sprays 0046.
19:14:26 | INFO: Draco encoder: Encoding mesh Canopy sprays 0047.
19:14:26 | INFO: Draco encoder: Encoding mesh Canopy sprays 0048.
19:14:26 | INFO: Draco encoder: Encoding mesh Canopy sprays 0049.
19:14:26 | INFO: Draco encoder: Encoding mesh Canopy sprays 0050.
19:14:26 | INFO: Draco encoder: Encoding mesh Canopy sprays 0051.
19:14:26 | INFO: Draco encoder: Encoding mesh Canopy sprays 0052.
19:14:26 | INFO: Draco encoder: Encoding mesh Canopy sprays 0053.
19:14:26 | INFO: Draco encoder: Encoding mesh Canopy sprays 0054.
19:14:26 | INFO: Draco encoder: Encoding mesh Canopy sprays 0055.
19:14:26 | INFO: Draco encoder: Encoding mesh Canopy sprays 0056.
19:14:26 | INFO: Draco encoder: Encoding mesh Canopy sprays 0057.
19:14:26 | INFO: Draco encoder: Encoding mesh Canopy sprays 0058.
19:14:26 | INFO: Draco encoder: Encoding mesh Canopy sprays 0059.
19:14:26 | INFO: Draco encoder: Encoding mesh Canopy sprays 0060.
19:14:26 | INFO: Draco encoder: Encoding mesh Canopy sprays 0061.
19:14:26 | INFO: Draco encoder: Encoding mesh Canopy sprays 0062.
19:14:26 | INFO: Draco encoder: Encoding mesh Canopy sprays 0063.
19:14:26 | INFO: Draco encoder: Encoding mesh Canopy sprays 0064.
19:14:26 | INFO: Draco encoder: Encoding mesh Canopy sprays 0065.
19:14:26 | INFO: Draco encoder: Encoding mesh Canopy sprays 0066.
19:14:26 | INFO: Draco encoder: Encoding mesh Canopy sprays 0067.
19:14:26 | INFO: Draco encoder: Encoding mesh Canopy sprays 0068.
19:14:26 | INFO: Draco encoder: Encoding mesh Canopy sprays 0069.
19:14:26 | INFO: Draco encoder: Encoding mesh Canopy sprays 0070.
19:14:26 | INFO: Draco encoder: Encoding mesh Canopy sprays 0071.
19:14:26 | INFO: Draco encoder: Encoding mesh Canopy sprays 0072.
19:14:26 | INFO: Draco encoder: Encoding mesh Canopy sprays 0073.
19:14:26 | INFO: Draco encoder: Encoding mesh Canopy sprays 0074.
19:14:26 | INFO: Draco encoder: Encoding mesh Canopy sprays 0075.
19:14:26 | INFO: Draco encoder: Encoding mesh Canopy sprays 0076.
19:14:26 | INFO: Draco encoder: Encoding mesh Canopy sprays 0077.
19:14:26 | INFO: Draco encoder: Encoding mesh Canopy sprays 0078.
19:14:26 | INFO: Draco encoder: Encoding mesh Canopy sprays 0079.
19:14:26 | INFO: Draco encoder: Encoding mesh Canopy sprays 0080.
19:14:26 | INFO: Draco encoder: Encoding mesh Canopy sprays 0081.
19:14:26 | INFO: Draco encoder: Encoding mesh Canopy sprays 0082.
19:14:26 | INFO: Draco encoder: Encoding mesh Canopy sprays 0083.
19:14:26 | INFO: Draco encoder: Encoding mesh Canopy sprays 0084.
19:14:26 | INFO: Draco encoder: Encoding mesh Canopy sprays 0085.
19:14:26 | INFO: Draco encoder: Encoding mesh Canopy sprays 0086.
19:14:26 | INFO: Draco encoder: Encoding mesh Canopy sprays 0087.
19:14:26 | INFO: Draco encoder: Encoding mesh Canopy sprays 0088.
19:14:26 | INFO: Draco encoder: Encoding mesh Canopy sprays 0089.
19:14:26 | INFO: Draco encoder: Encoding mesh Canopy sprays 0090.
19:14:26 | INFO: Draco encoder: Encoding mesh Canopy sprays 0091.
19:14:26 | INFO: Draco encoder: Encoding mesh Canopy sprays 0092.
19:14:26 | INFO: Draco encoder: Encoding mesh Canopy sprays 0093.
19:14:26 | INFO: Draco encoder: Encoding mesh Canopy sprays 0094.
19:14:26 | INFO: Draco encoder: Encoding mesh Canopy sprays 0095.
19:14:26 | INFO: Draco encoder: Encoding mesh Canopy sprays 0096.
19:14:26 | INFO: Draco encoder: Encoding mesh Canopy sprays 0097.
19:14:26 | INFO: Draco encoder: Encoding mesh Canopy sprays 0098.
19:14:26 | INFO: Draco encoder: Encoding mesh Canopy sprays 0099.
19:14:26 | INFO: Draco encoder: Encoding mesh Canopy sprays 0100.
19:14:26 | INFO: Draco encoder: Encoding mesh Canopy sprays 0101.
19:14:26 | INFO: Draco encoder: Encoding mesh Canopy sprays 0102.
19:14:26 | INFO: Draco encoder: Encoding mesh Canopy sprays 0103.
19:14:26 | INFO: Draco encoder: Encoding mesh Canopy sprays 0104.
19:14:26 | INFO: Draco encoder: Encoding mesh Canopy sprays 0105.
19:14:26 | INFO: Draco encoder: Encoding mesh Canopy sprays 0106.
19:14:26 | INFO: Draco encoder: Encoding mesh Canopy sprays 0107.
19:14:26 | INFO: Draco encoder: Encoding mesh Canopy sprays 0108.
19:14:26 | INFO: Draco encoder: Encoding mesh Canopy sprays 0109.
19:14:26 | INFO: Draco encoder: Encoding mesh Canopy sprays 0110.
19:14:26 | INFO: Draco encoder: Encoding mesh Canopy sprays 0111.
19:14:26 | INFO: Draco encoder: Encoding mesh Canopy sprays 0112.
19:14:26 | INFO: Draco encoder: Encoding mesh Canopy sprays 0113.
19:14:26 | INFO: Draco encoder: Encoding mesh Canopy sprays 0114.
19:14:26 | INFO: Draco encoder: Encoding mesh Canopy sprays 0115.
19:14:26 | INFO: Draco encoder: Encoding mesh Canopy sprays 0116.
19:14:26 | INFO: Draco encoder: Encoding mesh Canopy sprays 0117.
19:14:26 | INFO: Draco encoder: Encoding mesh Canopy sprays 0118.
19:14:26 | INFO: Draco encoder: Encoding mesh Canopy sprays 0119.
19:14:26 | INFO: Draco encoder: Encoding mesh Canopy sprays 0120.
19:14:26 | INFO: Draco encoder: Encoding mesh Canopy sprays 0121.
19:14:26 | INFO: Draco encoder: Encoding mesh Canopy sprays 0122.
19:14:26 | INFO: Draco encoder: Encoding mesh Canopy sprays 0123.
19:14:26 | INFO: Draco encoder: Encoding mesh Canopy sprays 0124.
19:14:26 | INFO: Draco encoder: Encoding mesh Canopy sprays 0125.
19:14:26 | INFO: Draco encoder: Encoding mesh Canopy sprays 0126.
19:14:26 | INFO: Draco encoder: Encoding mesh Canopy sprays 0127.
19:14:26 | INFO: Draco encoder: Encoding mesh Canopy sprays 0128.
19:14:26 | INFO: Draco encoder: Encoding mesh Canopy sprays 0129.
19:14:26 | INFO: Draco encoder: Encoding mesh Canopy sprays 0130.
19:14:26 | INFO: Draco encoder: Encoding mesh Canopy sprays 0131.
19:14:26 | INFO: Draco encoder: Encoding mesh Canopy sprays 0132.
19:14:26 | INFO: Draco encoder: Encoding mesh Canopy sprays 0133.
19:14:26 | INFO: Draco encoder: Encoding mesh Canopy sprays 0134.
19:14:26 | INFO: Draco encoder: Encoding mesh Canopy sprays 0135.
19:14:26 | INFO: Draco encoder: Encoding mesh Canopy sprays 0136.
19:14:26 | INFO: Draco encoder: Encoding mesh Canopy sprays 0137.
19:14:26 | INFO: Draco encoder: Encoding mesh Canopy sprays 0138.
19:14:26 | INFO: Draco encoder: Encoding mesh Canopy sprays 0139.
19:14:26 | INFO: Draco encoder: Encoding mesh Canopy sprays 0140.
19:14:26 | INFO: Draco encoder: Encoding mesh Canopy sprays 0141.
19:14:26 | INFO: Draco encoder: Encoding mesh Canopy sprays 0142.
19:14:26 | INFO: Draco encoder: Encoding mesh Canopy sprays 0143.
19:14:26 | INFO: Draco encoder: Encoding mesh Canopy sprays 0144.
19:14:26 | INFO: Draco encoder: Encoding mesh Canopy sprays 0145.
19:14:26 | INFO: Draco encoder: Encoding mesh Canopy sprays 0146.
19:14:26 | INFO: Draco encoder: Encoding mesh Canopy sprays 0147.
19:14:26 | INFO: Draco encoder: Encoding mesh Canopy sprays 0148.
19:14:26 | INFO: Draco encoder: Encoding mesh Canopy sprays 0149.
19:14:26 | INFO: Draco encoder: Encoding mesh Canopy sprays 0150.
19:14:26 | INFO: Draco encoder: Encoding mesh Canopy sprays 0151.
19:14:26 | INFO: Draco encoder: Encoding mesh Canopy sprays 0152.
19:14:26 | INFO: Draco encoder: Encoding mesh Canopy sprays 0153.
19:14:26 | INFO: Draco encoder: Encoding mesh Canopy sprays 0154.
19:14:26 | INFO: Draco encoder: Encoding mesh Canopy sprays 0155.
19:14:26 | INFO: Draco encoder: Encoding mesh Canopy sprays 0156.
19:14:26 | INFO: Draco encoder: Encoding mesh Canopy sprays 0157.
19:14:26 | INFO: Draco encoder: Encoding mesh Canopy sprays 0158.
19:14:26 | INFO: Draco encoder: Encoding mesh Canopy sprays 0159.
19:14:26 | INFO: Draco encoder: Encoding mesh Canopy sprays 0160.
19:14:26 | INFO: Draco encoder: Encoding mesh Canopy sprays 0161.
19:14:26 | INFO: Draco encoder: Encoding mesh Canopy sprays 0162.
19:14:26 | INFO: Draco encoder: Encoding mesh Canopy sprays 0163.
19:14:26 | INFO: Draco encoder: Encoding mesh Canopy sprays 0164.
19:14:26 | INFO: Draco encoder: Encoding mesh Canopy sprays 0165.
19:14:26 | INFO: Draco encoder: Encoding mesh Canopy sprays 0166.
19:14:26 | INFO: Draco encoder: Encoding mesh Canopy sprays 0167.
19:14:26 | INFO: Draco encoder: Encoding mesh Canopy sprays 0168.
19:14:26 | INFO: Draco encoder: Encoding mesh Canopy sprays 0169.
19:14:26 | INFO: Draco encoder: Encoding mesh Canopy sprays 0170.
19:14:26 | INFO: Draco encoder: Encoding mesh Canopy sprays 0171.
19:14:26 | INFO: Draco encoder: Encoding mesh Canopy sprays 0172.
19:14:26 | INFO: Draco encoder: Encoding mesh Canopy sprays 0173.
19:14:26 | INFO: Draco encoder: Encoding mesh Canopy sprays 0174.
19:14:26 | INFO: Draco encoder: Encoding mesh Canopy sprays 0175.
19:14:26 | INFO: Draco encoder: Encoding mesh Canopy sprays 0176.
19:14:26 | INFO: Draco encoder: Encoding mesh Canopy sprays 0177.
19:14:26 | INFO: Draco encoder: Encoding mesh Canopy sprays 0178.
19:14:26 | INFO: Draco encoder: Encoding mesh Canopy sprays 0179.
19:14:26 | INFO: Draco encoder: Encoding mesh Canopy sprays 0180.
19:14:26 | INFO: Draco encoder: Encoding mesh Canopy sprays 0181.
19:14:26 | INFO: Draco encoder: Encoding mesh Canopy sprays 0182.
19:14:26 | INFO: Draco encoder: Encoding mesh Canopy sprays 0183.
19:14:26 | INFO: Draco encoder: Encoding mesh Canopy sprays 0184.
19:14:26 | INFO: Draco encoder: Encoding mesh Canopy sprays 0185.
19:14:26 | INFO: Draco encoder: Encoding mesh Canopy sprays 0186.
19:14:26 | INFO: Draco encoder: Encoding mesh Canopy sprays 0187.
19:14:26 | INFO: Draco encoder: Encoding mesh Canopy sprays 0188.
19:14:26 | INFO: Draco encoder: Encoding mesh Canopy sprays 0189.
19:14:26 | INFO: Draco encoder: Encoding mesh Canopy sprays 0190.
19:14:26 | INFO: Draco encoder: Encoding mesh Canopy sprays 0191.
19:14:26 | INFO: Draco encoder: Encoding mesh Canopy sprays 0192.
19:14:26 | INFO: Draco encoder: Encoding mesh Canopy sprays 0193.
19:14:26 | INFO: Draco encoder: Encoding mesh Canopy sprays 0194.
19:14:26 | INFO: Draco encoder: Encoding mesh Canopy sprays 0195.
19:14:26 | INFO: Draco encoder: Encoding mesh Canopy sprays 0196.
19:14:26 | INFO: Draco encoder: Encoding mesh Canopy sprays 0197.
19:14:26 | INFO: Draco encoder: Encoding mesh Canopy sprays 0198.
19:14:26 | INFO: Draco encoder: Encoding mesh Canopy sprays 0199.
19:14:26 | INFO: Draco encoder: Encoding mesh Canopy sprays 0200.
19:14:26 | INFO: Draco encoder: Encoding mesh Canopy sprays 0201.
19:14:26 | INFO: Draco encoder: Encoding mesh Canopy sprays 0202.
19:14:26 | INFO: Draco encoder: Encoding mesh Canopy sprays 0203.
19:14:26 | INFO: Draco encoder: Encoding mesh Canopy sprays 0204.
19:14:26 | INFO: Draco encoder: Encoding mesh Canopy sprays 0205.
19:14:26 | INFO: Draco encoder: Encoding mesh Canopy sprays 0206.
19:14:26 | INFO: Draco encoder: Encoding mesh Canopy sprays 0207.
19:14:26 | INFO: Draco encoder: Encoding mesh Canopy sprays 0208.
19:14:26 | INFO: Draco encoder: Encoding mesh Canopy sprays 0209.
19:14:26 | INFO: Draco encoder: Encoding mesh Canopy sprays 0210.
19:14:26 | INFO: Draco encoder: Encoding mesh Canopy sprays 0211.
19:14:26 | INFO: Draco encoder: Encoding mesh Canopy sprays 0212.
19:14:26 | INFO: Draco encoder: Encoding mesh Canopy sprays 0213.
19:14:26 | INFO: Draco encoder: Encoding mesh Canopy sprays 0214.
19:14:26 | INFO: Draco encoder: Encoding mesh Canopy sprays 0215.
19:14:26 | INFO: Draco encoder: Encoding mesh Canopy sprays 0216.
19:14:26 | INFO: Draco encoder: Encoding mesh Canopy sprays 0217.
19:14:26 | INFO: Draco encoder: Encoding mesh Canopy sprays 0218.
19:14:26 | INFO: Draco encoder: Encoding mesh Canopy sprays 0219.
19:14:26 | INFO: Draco encoder: Encoding mesh Canopy sprays 0220.
19:14:26 | INFO: Draco encoder: Encoding mesh Canopy sprays 0221.
19:14:26 | INFO: Draco encoder: Encoding mesh Canopy sprays 0222.
19:14:26 | INFO: Draco encoder: Encoding mesh Canopy sprays 0223.
19:14:26 | INFO: Draco encoder: Encoding mesh Canopy sprays 0224.
19:14:26 | INFO: Draco encoder: Encoding mesh Canopy sprays 0225.
19:14:26 | INFO: Draco encoder: Encoding mesh Canopy sprays 0226.
19:14:26 | INFO: Draco encoder: Encoding mesh Canopy sprays 0227.
19:14:26 | INFO: Draco encoder: Encoding mesh Canopy sprays 0228.
19:14:26 | INFO: Draco encoder: Encoding mesh Canopy sprays 0229.
19:14:26 | INFO: Draco encoder: Encoding mesh Canopy sprays 0230.
19:14:26 | INFO: Draco encoder: Encoding mesh Canopy sprays 0231.
19:14:26 | INFO: Draco encoder: Encoding mesh Canopy sprays 0232.
19:14:26 | INFO: Draco encoder: Encoding mesh Canopy sprays 0233.
19:14:26 | INFO: Draco encoder: Encoding mesh Canopy sprays 0234.
19:14:26 | INFO: Draco encoder: Encoding mesh Canopy sprays 0235.
19:14:26 | INFO: Draco encoder: Encoding mesh Canopy sprays 0236.
19:14:26 | INFO: Draco encoder: Encoding mesh Canopy sprays 0237.
19:14:26 | INFO: Draco encoder: Encoding mesh Canopy sprays 0238.
19:14:26 | INFO: Draco encoder: Encoding mesh Canopy sprays 0239.
19:14:26 | INFO: Draco encoder: Encoding mesh Canopy sprays 0240.
19:14:26 | INFO: Draco encoder: Encoding mesh Canopy sprays 0241.
19:14:26 | INFO: Draco encoder: Encoding mesh Canopy sprays 0242.
19:14:26 | INFO: Draco encoder: Encoding mesh Canopy sprays 0243.
19:14:26 | INFO: Draco encoder: Encoding mesh Canopy sprays 0244.
19:14:26 | INFO: Draco encoder: Encoding mesh Canopy sprays 0245.
19:14:26 | INFO: Draco encoder: Encoding mesh Canopy sprays 0246.
19:14:26 | INFO: Draco encoder: Encoding mesh Canopy sprays 0247.
19:14:26 | INFO: Draco encoder: Encoding mesh Canopy sprays 0248.
19:14:26 | INFO: Draco encoder: Encoding mesh Canopy sprays 0249.
19:14:26 | INFO: Draco encoder: Encoding mesh Canopy sprays 0250.
19:14:26 | INFO: Draco encoder: Encoding mesh Canopy sprays 0251.
19:14:26 | INFO: Draco encoder: Encoding mesh Canopy sprays 0252.
19:14:26 | INFO: Draco encoder: Encoding mesh Canopy sprays 0253.
19:14:26 | INFO: Draco encoder: Encoding mesh Canopy sprays 0254.
19:14:26 | INFO: Draco encoder: Encoding mesh Canopy sprays 0255.
19:14:26 | INFO: Draco encoder: Encoding mesh Canopy sprays 0256.
19:14:26 | INFO: Draco encoder: Encoding mesh Canopy sprays 0257.
19:14:26 | INFO: Draco encoder: Encoding mesh Canopy sprays 0258.
19:14:26 | INFO: Draco encoder: Encoding mesh Canopy sprays 0259.
19:14:26 | INFO: Draco encoder: Encoding mesh Canopy sprays 0260.
19:14:26 | INFO: Draco encoder: Encoding mesh Canopy sprays 0261.
19:14:26 | INFO: Draco encoder: Encoding mesh Canopy sprays 0262.
19:14:26 | INFO: Draco encoder: Encoding mesh Canopy sprays 0263.
19:14:26 | INFO: Draco encoder: Encoding mesh Canopy sprays 0264.
19:14:26 | INFO: Draco encoder: Encoding mesh Canopy sprays 0265.
19:14:26 | INFO: Draco encoder: Encoding mesh Canopy sprays 0266.
19:14:26 | INFO: Draco encoder: Encoding mesh Canopy sprays 0267.
19:14:26 | INFO: Draco encoder: Encoding mesh Canopy sprays 0268.
19:14:26 | INFO: Draco encoder: Encoding mesh Canopy sprays 0269.
19:14:26 | INFO: Draco encoder: Encoding mesh Canopy sprays 0270.
19:14:26 | INFO: Draco encoder: Encoding mesh Canopy sprays 0271.
19:14:26 | INFO: Draco encoder: Encoding mesh Canopy sprays 0272.
19:14:26 | INFO: Draco encoder: Encoding mesh Canopy sprays 0273.
19:14:26 | INFO: Draco encoder: Encoding mesh Canopy sprays 0274.
19:14:26 | INFO: Draco encoder: Encoding mesh Canopy sprays 0275.
19:14:26 | INFO: Draco encoder: Encoding mesh Canopy sprays 0276.
19:14:26 | INFO: Draco encoder: Encoding mesh Canopy sprays 0277.
19:14:26 | INFO: Draco encoder: Encoding mesh Canopy sprays 0278.
19:14:26 | INFO: Draco encoder: Encoding mesh Canopy sprays 0279.
19:14:26 | INFO: Draco encoder: Encoding mesh Canopy sprays 0280.
19:14:26 | INFO: Draco encoder: Encoding mesh Canopy sprays 0281.
19:14:26 | INFO: Draco encoder: Encoding mesh Canopy sprays 0282.
19:14:26 | INFO: Draco encoder: Encoding mesh Canopy sprays 0283.
19:14:26 | INFO: Draco encoder: Encoding mesh Canopy sprays 0284.
19:14:26 | INFO: Draco encoder: Encoding mesh Canopy sprays 0285.
19:14:26 | INFO: Draco encoder: Encoding mesh Canopy sprays 0286.
19:14:26 | INFO: Draco encoder: Encoding mesh Canopy sprays 0287.
19:14:26 | INFO: Draco encoder: Encoding mesh Canopy sprays 0288.
19:14:26 | INFO: Draco encoder: Encoding mesh Canopy sprays 0289.
19:14:26 | INFO: Draco encoder: Encoding mesh Canopy sprays 0290.
19:14:26 | INFO: Draco encoder: Encoding mesh Canopy sprays 0291.
19:14:26 | INFO: Draco encoder: Encoding mesh Canopy sprays 0292.
19:14:26 | INFO: Draco encoder: Encoding mesh Canopy sprays 0293.
19:14:26 | INFO: Draco encoder: Encoding mesh Canopy sprays 0294.
19:14:26 | INFO: Draco encoder: Encoding mesh Canopy sprays 0295.
19:14:26 | INFO: Draco encoder: Encoding mesh Canopy sprays 0296.
19:14:26 | INFO: Draco encoder: Encoding mesh Canopy sprays 0297.
19:14:26 | INFO: Draco encoder: Encoding mesh Canopy sprays 0298.
19:14:26 | INFO: Draco encoder: Encoding mesh Canopy sprays 0299.
19:14:26 | INFO: Draco encoder: Encoding mesh Canopy sprays 0300.
19:14:26 | INFO: Draco encoder: Encoding mesh Canopy sprays 0301.
19:14:26 | INFO: Draco encoder: Encoding mesh Canopy sprays 0302.
19:14:26 | INFO: Draco encoder: Encoding mesh Canopy sprays 0303.
19:14:26 | INFO: Draco encoder: Encoding mesh Canopy sprays 0304.
19:14:26 | INFO: Draco encoder: Encoding mesh Canopy sprays 0305.
19:14:26 | INFO: Draco encoder: Encoding mesh Canopy sprays 0306.
19:14:26 | INFO: Draco encoder: Encoding mesh Canopy sprays 0307.
19:14:26 | INFO: Draco encoder: Encoding mesh Canopy sprays 0308.
19:14:26 | INFO: Draco encoder: Encoding mesh Canopy sprays 0309.
19:14:26 | INFO: Draco encoder: Encoding mesh Canopy sprays 0310.
19:14:26 | INFO: Draco encoder: Encoding mesh Canopy sprays 0311.
19:14:26 | INFO: Draco encoder: Encoding mesh Canopy sprays 0312.
19:14:26 | INFO: Draco encoder: Encoding mesh Canopy sprays 0313.
19:14:26 | INFO: Draco encoder: Encoding mesh Canopy sprays 0314.
19:14:26 | INFO: Draco encoder: Encoding mesh Canopy sprays 0315.
19:14:26 | INFO: Draco encoder: Encoding mesh Canopy sprays 0316.
19:14:26 | INFO: Draco encoder: Encoding mesh Canopy sprays 0317.
19:14:26 | INFO: Draco encoder: Encoding mesh Canopy sprays 0318.
19:14:26 | INFO: Draco encoder: Encoding mesh Canopy sprays 0319.
19:14:26 | INFO: Draco encoder: Encoding mesh Canopy sprays 0320.
19:14:26 | INFO: Draco encoder: Encoding mesh Canopy sprays 0321.
19:14:26 | INFO: Draco encoder: Encoding mesh Canopy sprays 0322.
19:14:26 | INFO: Draco encoder: Encoding mesh Canopy sprays 0323.
19:14:26 | INFO: Draco encoder: Encoding mesh Canopy sprays 0324.
19:14:26 | INFO: Draco encoder: Encoding mesh Canopy sprays 0325.
19:14:26 | INFO: Draco encoder: Encoding mesh Canopy sprays 0326.
19:14:26 | INFO: Draco encoder: Encoding mesh Canopy sprays 0327.
19:14:26 | INFO: Draco encoder: Encoding mesh Canopy sprays 0328.
19:14:26 | INFO: Draco encoder: Encoding mesh Canopy sprays 0329.
19:14:26 | INFO: Draco encoder: Encoding mesh Canopy sprays 0330.
19:14:26 | INFO: Draco encoder: Encoding mesh Canopy sprays 0331.
19:14:26 | INFO: Draco encoder: Encoding mesh Canopy sprays 0332.
19:14:26 | INFO: Draco encoder: Encoding mesh Canopy sprays 0333.
19:14:26 | INFO: Draco encoder: Encoding mesh Canopy sprays 0334.
19:14:26 | INFO: Draco encoder: Encoding mesh Canopy sprays 0335.
19:14:26 | INFO: Draco encoder: Encoding mesh Canopy sprays 0336.
19:14:26 | INFO: Draco encoder: Encoding mesh Canopy sprays 0337.
19:14:26 | INFO: Draco encoder: Encoding mesh Canopy sprays 0338.
19:14:26 | INFO: Draco encoder: Encoding mesh Canopy sprays 0339.
19:14:26 | INFO: Draco encoder: Encoding mesh Canopy sprays 0340.
19:14:26 | INFO: Draco encoder: Encoding mesh Canopy sprays 0341.
19:14:26 | INFO: Draco encoder: Encoding mesh Canopy sprays 0342.
19:14:26 | INFO: Draco encoder: Encoding mesh Canopy sprays 0343.
19:14:26 | INFO: Draco encoder: Encoding mesh Canopy sprays 0344.
19:14:26 | INFO: Draco encoder: Encoding mesh Canopy sprays 0345.
19:14:26 | INFO: Draco encoder: Encoding mesh Canopy sprays 0346.
19:14:26 | INFO: Draco encoder: Encoding mesh Canopy sprays 0347.
19:14:26 | INFO: Draco encoder: Encoding mesh Canopy sprays 0348.
19:14:26 | INFO: Draco encoder: Encoding mesh Canopy sprays 0349.
19:14:26 | INFO: Draco encoder: Encoding mesh Canopy sprays 0350.
19:14:26 | INFO: Draco encoder: Encoding mesh Canopy sprays 0351.
19:14:26 | INFO: Draco encoder: Encoding mesh Canopy sprays 0352.
19:14:26 | INFO: Draco encoder: Encoding mesh Canopy sprays 0353.
19:14:26 | INFO: Draco encoder: Encoding mesh Canopy sprays 0354.
19:14:26 | INFO: Draco encoder: Encoding mesh Canopy sprays 0355.
19:14:26 | INFO: Draco encoder: Encoding mesh Canopy sprays 0356.
19:14:26 | INFO: Draco encoder: Encoding mesh Canopy sprays 0357.
19:14:26 | INFO: Draco encoder: Encoding mesh Canopy sprays 0358.
19:14:26 | INFO: Draco encoder: Encoding mesh Canopy sprays 0359.
19:14:26 | INFO: Draco encoder: Encoding mesh Canopy sprays 0360.
19:14:26 | INFO: Draco encoder: Encoding mesh Canopy sprays 0361.
19:14:26 | INFO: Draco encoder: Encoding mesh Canopy sprays 0362.
19:14:26 | INFO: Draco encoder: Encoding mesh Canopy sprays 0363.
19:14:26 | INFO: Draco encoder: Encoding mesh Canopy sprays 0364.
19:14:26 | INFO: Draco encoder: Encoding mesh Canopy sprays 0365.
19:14:26 | INFO: Draco encoder: Encoding mesh Canopy sprays 0366.
19:14:26 | INFO: Draco encoder: Encoding mesh Canopy sprays 0367.
19:14:26 | INFO: Draco encoder: Encoding mesh Canopy sprays 0368.
19:14:26 | INFO: Draco encoder: Encoding mesh Canopy sprays 0369.
19:14:26 | INFO: Draco encoder: Encoding mesh Canopy sprays 0370.
19:14:26 | INFO: Draco encoder: Encoding mesh Canopy sprays 0371.
19:14:26 | INFO: Draco encoder: Encoding mesh Canopy sprays 0372.
19:14:26 | INFO: Draco encoder: Encoding mesh Canopy sprays 0373.
19:14:26 | INFO: Draco encoder: Encoding mesh Canopy sprays 0374.
19:14:26 | INFO: Draco encoder: Encoding mesh Canopy sprays 0375.
19:14:26 | INFO: Draco encoder: Encoding mesh Canopy sprays 0376.
19:14:26 | INFO: Draco encoder: Encoding mesh Canopy sprays 0377.
19:14:26 | INFO: Draco encoder: Encoding mesh Canopy sprays 0378.
19:14:26 | INFO: Draco encoder: Encoding mesh Canopy sprays 0379.
19:14:26 | INFO: Draco encoder: Encoding mesh Canopy sprays 0380.
19:14:26 | INFO: Draco encoder: Encoding mesh Canopy sprays 0381.
19:14:26 | INFO: Draco encoder: Encoding mesh Canopy sprays 0382.
19:14:26 | INFO: Draco encoder: Encoding mesh Canopy sprays 0383.
19:14:26 | INFO: Draco encoder: Encoding mesh Canopy sprays 0384.
19:14:26 | INFO: Draco encoder: Encoding mesh Canopy sprays 0385.
19:14:26 | INFO: Draco encoder: Encoding mesh Canopy sprays 0386.
19:14:26 | INFO: Draco encoder: Encoding mesh Canopy sprays 0387.
19:14:26 | INFO: Draco encoder: Encoding mesh Canopy sprays 0388.
19:14:26 | INFO: Draco encoder: Encoding mesh Canopy sprays 0389.
19:14:26 | INFO: Draco encoder: Encoding mesh Canopy sprays 0390.
19:14:26 | INFO: Draco encoder: Encoding mesh Canopy sprays 0391.
19:14:26 | INFO: Draco encoder: Encoding mesh Canopy sprays 0392.
19:14:26 | INFO: Draco encoder: Encoding mesh Canopy sprays 0393.
19:14:26 | INFO: Draco encoder: Encoding mesh Canopy sprays 0394.
19:14:26 | INFO: Draco encoder: Encoding mesh Canopy sprays 0395.
19:14:26 | INFO: Draco encoder: Encoding mesh Canopy sprays 0396.
19:14:26 | INFO: Draco encoder: Encoding mesh Canopy sprays 0397.
19:14:26 | INFO: Draco encoder: Encoding mesh Canopy sprays 0398.
19:14:26 | INFO: Draco encoder: Encoding mesh Canopy sprays 0399.
19:14:26 | INFO: Draco encoder: Encoding mesh Canopy sprays 0400.
19:14:26 | INFO: Draco encoder: Encoding mesh Canopy sprays 0401.
19:14:26 | INFO: Draco encoder: Encoding mesh Canopy sprays 0402.
19:14:26 | INFO: Draco encoder: Encoding mesh Canopy sprays 0403.
19:14:26 | INFO: Draco encoder: Encoding mesh Canopy sprays 0404.
19:14:26 | INFO: Draco encoder: Encoding mesh Canopy sprays 0405.
19:14:26 | INFO: Draco encoder: Encoding mesh Canopy sprays 0406.
19:14:26 | INFO: Draco encoder: Encoding mesh Canopy sprays 0407.
19:14:26 | INFO: Draco encoder: Encoding mesh Canopy sprays 0408.
19:14:26 | INFO: Draco encoder: Encoding mesh Canopy sprays 0409.
19:14:26 | INFO: Draco encoder: Encoding mesh Canopy sprays 0410.
19:14:26 | INFO: Draco encoder: Encoding mesh Canopy sprays 0411.
19:14:26 | INFO: Draco encoder: Encoding mesh Canopy sprays 0412.
19:14:26 | INFO: Draco encoder: Encoding mesh Canopy sprays 0413.
19:14:26 | INFO: Draco encoder: Encoding mesh Canopy sprays 0414.
19:14:26 | INFO: Draco encoder: Encoding mesh Canopy sprays 0415.
19:14:26 | INFO: Draco encoder: Encoding mesh Canopy sprays 0416.
19:14:26 | INFO: Draco encoder: Encoding mesh Canopy sprays 0417.
19:14:26 | INFO: Draco encoder: Encoding mesh Canopy sprays 0418.
19:14:26 | INFO: Draco encoder: Encoding mesh Canopy sprays 0419.
19:14:26 | INFO: Draco encoder: Encoding mesh Canopy sprays 0420.
19:14:26 | INFO: Draco encoder: Encoding mesh Canopy sprays 0421.
19:14:26 | INFO: Draco encoder: Encoding mesh Canopy sprays 0422.
19:14:26 | INFO: Draco encoder: Encoding mesh Canopy sprays 0423.
19:14:26 | INFO: Draco encoder: Encoding mesh Canopy sprays 0424.
19:14:26 | INFO: Draco encoder: Encoding mesh Canopy sprays 0425.
19:14:26 | INFO: Draco encoder: Encoding mesh Canopy sprays 0426.
19:14:26 | INFO: Draco encoder: Encoding mesh Canopy sprays 0427.
19:14:26 | INFO: Draco encoder: Encoding mesh Canopy sprays 0428.
19:14:26 | INFO: Draco encoder: Encoding mesh Canopy sprays 0429.
19:14:26 | INFO: Draco encoder: Encoding mesh Canopy sprays 0430.
19:14:26 | INFO: Draco encoder: Encoding mesh Canopy sprays 0431.
19:14:26 | INFO: Draco encoder: Encoding mesh Canopy sprays 0432.
19:14:26 | INFO: Draco encoder: Encoding mesh Canopy sprays 0433.
19:14:26 | INFO: Draco encoder: Encoding mesh Canopy sprays 0434.
19:14:26 | INFO: Draco encoder: Encoding mesh Canopy sprays 0435.
19:14:26 | INFO: Draco encoder: Encoding mesh Canopy sprays 0436.
19:14:26 | INFO: Draco encoder: Encoding mesh Canopy sprays 0437.
19:14:26 | INFO: Draco encoder: Encoding mesh Canopy sprays 0438.
19:14:26 | INFO: Draco encoder: Encoding mesh Canopy sprays 0439.
19:14:26 | INFO: Draco encoder: Encoding mesh Canopy sprays 0440.
19:14:26 | INFO: Draco encoder: Encoding mesh Canopy sprays 0441.
19:14:26 | INFO: Draco encoder: Encoding mesh Canopy sprays 0442.
19:14:26 | INFO: Draco encoder: Encoding mesh Canopy sprays 0443.
19:14:26 | INFO: Draco encoder: Encoding mesh Canopy sprays 0444.
19:14:26 | INFO: Draco encoder: Encoding mesh Canopy sprays 0445.
19:14:26 | INFO: Draco encoder: Encoding mesh Canopy sprays 0446.
19:14:26 | INFO: Draco encoder: Encoding mesh Canopy sprays 0447.
19:14:26 | INFO: Draco encoder: Encoding mesh Canopy sprays 0448.
19:14:26 | INFO: Draco encoder: Encoding mesh Canopy sprays 0449.
19:14:26 | INFO: Draco encoder: Encoding mesh Canopy sprays 0450.
19:14:26 | INFO: Draco encoder: Encoding mesh Canopy sprays 0451.
19:14:26 | INFO: Draco encoder: Encoding mesh Canopy sprays 0452.
19:14:26 | INFO: Draco encoder: Encoding mesh Canopy sprays 0453.
19:14:26 | INFO: Draco encoder: Encoding mesh Canopy sprays 0454.
19:14:26 | INFO: Draco encoder: Encoding mesh Canopy sprays 0455.
19:14:26 | INFO: Draco encoder: Encoding mesh Canopy sprays 0456.
19:14:26 | INFO: Draco encoder: Encoding mesh Canopy sprays 0457.
19:14:26 | INFO: Draco encoder: Encoding mesh Canopy sprays 0458.
19:14:26 | INFO: Draco encoder: Encoding mesh Canopy sprays 0459.
19:14:26 | INFO: Draco encoder: Encoding mesh Canopy sprays 0460.
19:14:26 | INFO: Draco encoder: Encoding mesh Canopy sprays 0461.
19:14:26 | INFO: Draco encoder: Encoding mesh Canopy sprays 0462.
19:14:26 | INFO: Draco encoder: Encoding mesh Canopy sprays 0463.
19:14:26 | INFO: Draco encoder: Encoding mesh Canopy sprays 0464.
19:14:26 | INFO: Draco encoder: Encoding mesh Canopy sprays 0465.
19:14:26 | INFO: Draco encoder: Encoding mesh Canopy sprays 0466.
19:14:26 | INFO: Draco encoder: Encoding mesh Canopy sprays 0467.
19:14:26 | INFO: Draco encoder: Encoding mesh Canopy sprays 0468.
19:14:26 | INFO: Draco encoder: Encoding mesh Canopy sprays 0469.
19:14:26 | INFO: Draco encoder: Encoding mesh Canopy sprays 0470.
19:14:26 | INFO: Draco encoder: Encoding mesh Canopy sprays 0471.
19:14:26 | INFO: Draco encoder: Encoding mesh Canopy sprays 0472.
19:14:26 | INFO: Draco encoder: Encoding mesh Canopy sprays 0473.
19:14:26 | INFO: Draco encoder: Encoding mesh Canopy sprays 0474.
19:14:26 | INFO: Draco encoder: Encoding mesh Canopy sprays 0475.
19:14:26 | INFO: Draco encoder: Encoding mesh Canopy sprays 0476.
19:14:26 | INFO: Draco encoder: Encoding mesh Canopy sprays 0477.
19:14:26 | INFO: Draco encoder: Encoding mesh Canopy sprays 0478.
19:14:26 | INFO: Draco encoder: Encoding mesh Canopy sprays 0479.
19:14:26 | INFO: Draco encoder: Encoding mesh Canopy sprays 0480.
19:14:26 | INFO: Draco encoder: Encoding mesh Canopy sprays 0481.
19:14:26 | INFO: Draco encoder: Encoding mesh Canopy sprays 0482.
19:14:26 | INFO: Draco encoder: Encoding mesh Canopy sprays 0483.
19:14:26 | INFO: Draco encoder: Encoding mesh Canopy sprays 0484.
19:14:26 | INFO: Draco encoder: Encoding mesh Canopy sprays 0485.
19:14:26 | INFO: Draco encoder: Encoding mesh Canopy sprays 0486.
19:14:26 | INFO: Draco encoder: Encoding mesh Canopy sprays 0487.
19:14:26 | INFO: Draco encoder: Encoding mesh Canopy sprays 0488.
19:14:26 | INFO: Draco encoder: Encoding mesh Canopy sprays 0489.
19:14:26 | INFO: Draco encoder: Encoding mesh Canopy sprays 0490.
19:14:26 | INFO: Draco encoder: Encoding mesh Canopy sprays 0491.
19:14:26 | INFO: Draco encoder: Encoding mesh Canopy sprays 0492.
19:14:26 | INFO: Draco encoder: Encoding mesh Canopy sprays 0493.
19:14:26 | INFO: Draco encoder: Encoding mesh Canopy sprays 0494.
19:14:26 | INFO: Draco encoder: Encoding mesh Canopy sprays 0495.
19:14:26 | INFO: Draco encoder: Encoding mesh Canopy sprays 0496.
19:14:26 | INFO: Draco encoder: Encoding mesh Canopy sprays 0497.
19:14:26 | INFO: Draco encoder: Encoding mesh Canopy sprays 0498.
19:14:26 | INFO: Draco encoder: Encoding mesh Canopy sprays 0499.
19:14:26 | INFO: Draco encoder: Encoding mesh Canopy sprays 0500.
19:14:26 | INFO: Draco encoder: Encoding mesh Canopy sprays 0501.
19:14:26 | INFO: Draco encoder: Encoding mesh Canopy sprays 0502.
19:14:26 | INFO: Draco encoder: Encoding mesh Canopy sprays 0503.
19:14:26 | INFO: Draco encoder: Encoding mesh Canopy sprays 0504.
19:14:26 | INFO: Draco encoder: Encoding mesh Canopy sprays 0505.
19:14:26 | INFO: Draco encoder: Encoding mesh Canopy sprays 0506.
19:14:26 | INFO: Draco encoder: Encoding mesh Canopy sprays 0507.
19:14:26 | INFO: Draco encoder: Encoding mesh Canopy sprays 0508.
19:14:26 | INFO: Draco encoder: Encoding mesh Canopy sprays 0509.
19:14:26 | INFO: Draco encoder: Encoding mesh Canopy sprays 0510.
19:14:26 | INFO: Draco encoder: Encoding mesh Canopy sprays 0511.
19:14:26 | INFO: Draco encoder: Encoding mesh Canopy sprays 0512.
19:14:26 | INFO: Draco encoder: Encoding mesh Canopy sprays 0513.
19:14:26 | INFO: Draco encoder: Encoding mesh Canopy sprays 0514.
19:14:26 | INFO: Draco encoder: Encoding mesh Canopy sprays 0515.
19:14:26 | INFO: Draco encoder: Encoding mesh Canopy sprays 0516.
19:14:26 | INFO: Draco encoder: Encoding mesh Canopy sprays 0517.
19:14:26 | INFO: Draco encoder: Encoding mesh Canopy sprays 0518.
19:14:26 | INFO: Draco encoder: Encoding mesh Canopy sprays 0519.
19:14:26 | INFO: Draco encoder: Encoding mesh Canopy sprays 0520.
19:14:26 | INFO: Draco encoder: Encoding mesh Canopy sprays 0521.
19:14:26 | INFO: Draco encoder: Encoding mesh Canopy sprays 0522.
19:14:26 | INFO: Draco encoder: Encoding mesh Canopy sprays 0523.
19:14:26 | INFO: Draco encoder: Encoding mesh Canopy sprays 0524.
19:14:26 | INFO: Draco encoder: Encoding mesh Canopy sprays 0525.
19:14:26 | INFO: Draco encoder: Encoding mesh Canopy sprays 0526.
19:14:26 | INFO: Draco encoder: Encoding mesh Canopy sprays 0527.
19:14:26 | INFO: Draco encoder: Encoding mesh Canopy sprays 0528.
19:14:26 | INFO: Draco encoder: Encoding mesh Canopy sprays 0529.
19:14:26 | INFO: Draco encoder: Encoding mesh Canopy sprays 0530.
19:14:26 | INFO: Draco encoder: Encoding mesh Canopy sprays 0531.
19:14:26 | INFO: Draco encoder: Encoding mesh Canopy sprays 0532.
19:14:26 | INFO: Draco encoder: Encoding mesh Canopy sprays 0533.
19:14:26 | INFO: Draco encoder: Encoding mesh Canopy sprays 0534.
19:14:26 | INFO: Draco encoder: Encoding mesh Canopy sprays 0535.
19:14:26 | INFO: Draco encoder: Encoding mesh Canopy sprays 0536.
19:14:26 | INFO: Draco encoder: Encoding mesh Canopy sprays 0537.
19:14:26 | INFO: Draco encoder: Encoding mesh Canopy sprays 0538.
19:14:26 | INFO: Draco encoder: Encoding mesh Canopy sprays 0539.
19:14:26 | INFO: Draco encoder: Encoding mesh Canopy sprays 0540.
19:14:26 | INFO: Draco encoder: Encoding mesh Canopy sprays 0541.
19:14:26 | INFO: Draco encoder: Encoding mesh Canopy sprays 0542.
19:14:26 | INFO: Draco encoder: Encoding mesh Canopy sprays 0543.
19:14:26 | INFO: Draco encoder: Encoding mesh Canopy sprays 0544.
19:14:26 | INFO: Draco encoder: Encoding mesh Canopy sprays 0545.
19:14:26 | INFO: Draco encoder: Encoding mesh Canopy sprays 0546.
19:14:26 | INFO: Draco encoder: Encoding mesh Canopy sprays 0547.
19:14:26 | INFO: Draco encoder: Encoding mesh Canopy sprays 0548.
19:14:26 | INFO: Draco encoder: Encoding mesh Canopy sprays 0549.
19:14:26 | INFO: Draco encoder: Encoding mesh Canopy sprays 0550.
19:14:26 | INFO: Draco encoder: Encoding mesh Canopy sprays 0551.
19:14:26 | INFO: Draco encoder: Encoding mesh Canopy sprays 0552.
19:14:26 | INFO: Draco encoder: Encoding mesh Canopy sprays 0553.
19:14:26 | INFO: Draco encoder: Encoding mesh Canopy sprays 0554.
19:14:26 | INFO: Draco encoder: Encoding mesh Canopy sprays 0555.
19:14:26 | INFO: Draco encoder: Encoding mesh Canopy sprays 0556.
19:14:26 | INFO: Draco encoder: Encoding mesh Canopy sprays 0557.
19:14:26 | INFO: Draco encoder: Encoding mesh Canopy sprays 0558.
19:14:26 | INFO: Draco encoder: Encoding mesh Canopy sprays 0559.
19:14:26 | INFO: Draco encoder: Encoding mesh Canopy sprays 0560.
19:14:26 | INFO: Draco encoder: Encoding mesh Canopy sprays 0561.
19:14:26 | INFO: Draco encoder: Encoding mesh Canopy sprays 0562.
19:14:26 | INFO: Draco encoder: Encoding mesh Canopy sprays 0563.
19:14:26 | INFO: Draco encoder: Encoding mesh Canopy sprays 0564.
19:14:26 | INFO: Draco encoder: Encoding mesh Canopy sprays 0565.
19:14:26 | INFO: Draco encoder: Encoding mesh Canopy sprays 0566.
19:14:26 | INFO: Draco encoder: Encoding mesh Canopy sprays 0567.
19:14:26 | INFO: Draco encoder: Encoding mesh Canopy sprays 0568.
19:14:26 | INFO: Draco encoder: Encoding mesh Canopy sprays 0569.
19:14:26 | INFO: Draco encoder: Encoding mesh Canopy sprays 0570.
19:14:26 | INFO: Draco encoder: Encoding mesh Canopy sprays 0571.
19:14:26 | INFO: Draco encoder: Encoding mesh Canopy sprays 0572.
19:14:26 | INFO: Draco encoder: Encoding mesh Canopy sprays 0573.
19:14:26 | INFO: Draco encoder: Encoding mesh Canopy sprays 0574.
19:14:26 | INFO: Draco encoder: Encoding mesh Canopy sprays 0575.
19:14:26 | INFO: Draco encoder: Encoding mesh Canopy sprays 0576.
19:14:26 | INFO: Draco encoder: Encoding mesh Canopy sprays 0577.
19:14:26 | INFO: Draco encoder: Encoding mesh Canopy sprays 0578.
19:14:26 | INFO: Draco encoder: Encoding mesh Canopy sprays 0579.
19:14:26 | INFO: Draco encoder: Encoding mesh Canopy sprays 0580.
19:14:26 | INFO: Draco encoder: Encoding mesh Canopy sprays 0581.
19:14:26 | INFO: Draco encoder: Encoding mesh Canopy sprays 0582.
19:14:26 | INFO: Draco encoder: Encoding mesh Canopy sprays 0583.
19:14:26 | INFO: Draco encoder: Encoding mesh Canopy sprays 0584.
19:14:26 | INFO: Draco encoder: Encoding mesh Canopy sprays 0585.
19:14:26 | INFO: Draco encoder: Encoding mesh Canopy sprays 0586.
19:14:26 | INFO: Draco encoder: Encoding mesh Canopy sprays 0587.
19:14:26 | INFO: Draco encoder: Encoding mesh Canopy sprays 0588.
19:14:26 | INFO: Draco encoder: Encoding mesh Canopy sprays 0589.
19:14:26 | INFO: Draco encoder: Encoding mesh Canopy sprays 0590.
19:14:26 | INFO: Draco encoder: Encoding mesh Canopy sprays 0591.
19:14:26 | INFO: Draco encoder: Encoding mesh Canopy sprays 0592.
19:14:26 | INFO: Draco encoder: Encoding mesh Canopy sprays 0593.
19:14:26 | INFO: Draco encoder: Encoding mesh Canopy sprays 0594.
19:14:26 | INFO: Draco encoder: Encoding mesh Canopy sprays 0595.
19:14:26 | INFO: Draco encoder: Encoding mesh Canopy sprays 0596.
19:14:26 | INFO: Draco encoder: Encoding mesh Canopy sprays 0597.
19:14:26 | INFO: Draco encoder: Encoding mesh Canopy sprays 0598.
19:14:26 | INFO: Draco encoder: Encoding mesh Canopy sprays 0599.
19:14:26 | INFO: Draco encoder: Encoding mesh Canopy sprays 0600.
19:14:26 | INFO: Draco encoder: Encoding mesh Canopy sprays 0601.
19:14:26 | INFO: Draco encoder: Encoding mesh Canopy sprays 0602.
19:14:26 | INFO: Draco encoder: Encoding mesh Canopy sprays 0603.
19:14:26 | INFO: Draco encoder: Encoding mesh Canopy sprays 0604.
19:14:26 | INFO: Draco encoder: Encoding mesh Canopy sprays 0605.
19:14:26 | INFO: Draco encoder: Encoding mesh Canopy sprays 0606.
19:14:26 | INFO: Draco encoder: Encoding mesh Canopy sprays 0607.
19:14:26 | INFO: Draco encoder: Encoding mesh Canopy sprays 0608.
19:14:26 | INFO: Draco encoder: Encoding mesh Canopy sprays 0609.
19:14:26 | INFO: Draco encoder: Encoding mesh Canopy sprays 0610.
19:14:26 | INFO: Draco encoder: Encoding mesh Canopy sprays 0611.
19:14:26 | INFO: Draco encoder: Encoding mesh Canopy sprays 0612.
19:14:26 | INFO: Draco encoder: Encoding mesh Canopy sprays 0613.
19:14:26 | INFO: Draco encoder: Encoding mesh Canopy sprays 0614.
19:14:26 | INFO: Draco encoder: Encoding mesh Canopy sprays 0615.
19:14:26 | INFO: Draco encoder: Encoding mesh Canopy sprays 0616.
19:14:26 | INFO: Draco encoder: Encoding mesh Canopy sprays 0617.
19:14:26 | INFO: Draco encoder: Encoding mesh Canopy sprays 0618.
19:14:26 | INFO: Draco encoder: Encoding mesh Canopy sprays 0619.
19:14:26 | INFO: Draco encoder: Encoding mesh Canopy sprays 0620.
19:14:26 | INFO: Draco encoder: Encoding mesh Canopy sprays 0621.
19:14:26 | INFO: Draco encoder: Encoding mesh Canopy sprays 0622.
19:14:26 | INFO: Draco encoder: Encoding mesh Canopy sprays 0623.
19:14:26 | INFO: Draco encoder: Encoding mesh Canopy sprays 0624.
19:14:26 | INFO: Draco encoder: Encoding mesh Canopy sprays 0625.
19:14:26 | INFO: Draco encoder: Encoding mesh Canopy sprays 0626.
19:14:26 | INFO: Draco encoder: Encoding mesh Canopy sprays 0627.
19:14:26 | INFO: Draco encoder: Encoding mesh Canopy sprays 0628.
19:14:26 | INFO: Draco encoder: Encoding mesh Canopy sprays 0629.
19:14:26 | INFO: Draco encoder: Encoding mesh Canopy sprays 0630.
19:14:26 | INFO: Draco encoder: Encoding mesh Canopy sprays 0631.
19:14:26 | INFO: Draco encoder: Encoding mesh Canopy sprays 0632.
19:14:26 | INFO: Draco encoder: Encoding mesh Canopy sprays 0633.
19:14:26 | INFO: Draco encoder: Encoding mesh Canopy sprays 0634.
19:14:26 | INFO: Draco encoder: Encoding mesh Canopy sprays 0635.
19:14:26 | INFO: Draco encoder: Encoding mesh Canopy sprays 0636.
19:14:26 | INFO: Draco encoder: Encoding mesh Canopy sprays 0637.
19:14:26 | INFO: Draco encoder: Encoding mesh Canopy sprays 0638.
19:14:26 | INFO: Draco encoder: Encoding mesh Canopy sprays 0639.
19:14:26 | INFO: Draco encoder: Encoding mesh Canopy sprays 0640.
19:14:26 | INFO: Draco encoder: Encoding mesh Canopy sprays 0641.
19:14:26 | INFO: Draco encoder: Encoding mesh Canopy sprays 0642.
19:14:26 | INFO: Draco encoder: Encoding mesh Canopy sprays 0643.
19:14:26 | INFO: Draco encoder: Encoding mesh Canopy sprays 0644.
19:14:26 | INFO: Draco encoder: Encoding mesh Canopy sprays 0645.
19:14:26 | INFO: Draco encoder: Encoding mesh Canopy sprays 0646.
19:14:26 | INFO: Draco encoder: Encoding mesh Canopy sprays 0647.
19:14:26 | INFO: Draco encoder: Encoding mesh Canopy sprays 0648.
19:14:26 | INFO: Draco encoder: Encoding mesh Canopy sprays 0649.
19:14:26 | INFO: Draco encoder: Encoding mesh Canopy sprays 0650.
19:14:26 | INFO: Draco encoder: Encoding mesh Canopy sprays 0651.
19:14:26 | INFO: Draco encoder: Encoding mesh Canopy sprays 0652.
19:14:26 | INFO: Draco encoder: Encoding mesh Canopy sprays 0653.
19:14:26 | INFO: Draco encoder: Encoding mesh Canopy sprays 0654.
19:14:26 | INFO: Draco encoder: Encoding mesh Canopy sprays 0655.
19:14:26 | INFO: Draco encoder: Encoding mesh Canopy sprays 0656.
19:14:26 | INFO: Draco encoder: Encoding mesh Canopy sprays 0657.
19:14:26 | INFO: Draco encoder: Encoding mesh Canopy sprays 0658.
19:14:26 | INFO: Draco encoder: Encoding mesh Canopy sprays 0659.
19:14:26 | INFO: Draco encoder: Encoding mesh Canopy sprays 0660.
19:14:26 | INFO: Draco encoder: Encoding mesh Canopy sprays 0661.
19:14:26 | INFO: Draco encoder: Encoding mesh Canopy sprays 0662.
19:14:26 | INFO: Draco encoder: Encoding mesh Canopy sprays 0663.
19:14:26 | INFO: Draco encoder: Encoding mesh Canopy sprays 0664.
19:14:26 | INFO: Draco encoder: Encoding mesh Canopy sprays 0665.
19:14:26 | INFO: Draco encoder: Encoding mesh Canopy sprays 0666.
19:14:26 | INFO: Draco encoder: Encoding mesh Canopy sprays 0667.
19:14:26 | INFO: Draco encoder: Encoding mesh Canopy sprays 0668.
19:14:26 | INFO: Draco encoder: Encoding mesh Canopy sprays 0669.
19:14:26 | INFO: Draco encoder: Encoding mesh Canopy sprays 0670.
19:14:26 | INFO: Draco encoder: Encoding mesh Canopy sprays 0671.
19:14:26 | INFO: Draco encoder: Encoding mesh Canopy sprays 0672.
19:14:26 | INFO: Draco encoder: Encoding mesh Canopy sprays 0673.
19:14:26 | INFO: Draco encoder: Encoding mesh Canopy sprays 0674.
19:14:26 | INFO: Draco encoder: Encoding mesh Canopy sprays 0675.
19:14:26 | INFO: Draco encoder: Encoding mesh Canopy sprays 0676.
19:14:26 | INFO: Draco encoder: Encoding mesh Canopy sprays 0677.
19:14:26 | INFO: Draco encoder: Encoding mesh Canopy sprays 0678.
19:14:26 | INFO: Draco encoder: Encoding mesh Canopy sprays 0679.
19:14:26 | INFO: Draco encoder: Encoding mesh Canopy sprays 0680.
19:14:26 | INFO: Draco encoder: Encoding mesh Canopy sprays 0681.
19:14:26 | INFO: Draco encoder: Encoding mesh Canopy sprays 0682.
19:14:26 | INFO: Draco encoder: Encoding mesh Canopy sprays 0683.
19:14:26 | INFO: Draco encoder: Encoding mesh Canopy sprays 0684.
19:14:26 | INFO: Draco encoder: Encoding mesh Canopy sprays 0685.
19:14:26 | INFO: Draco encoder: Encoding mesh Canopy sprays 0686.
19:14:26 | INFO: Draco encoder: Encoding mesh Canopy sprays 0687.
19:14:26 | INFO: Draco encoder: Encoding mesh Canopy sprays 0688.
19:14:26 | INFO: Draco encoder: Encoding mesh Canopy sprays 0689.
19:14:26 | INFO: Draco encoder: Encoding mesh Canopy sprays 0690.
19:14:26 | INFO: Draco encoder: Encoding mesh Canopy sprays 0691.
19:14:26 | INFO: Draco encoder: Encoding mesh Canopy sprays 0692.
19:14:26 | INFO: Draco encoder: Encoding mesh Canopy sprays 0693.
19:14:26 | INFO: Draco encoder: Encoding mesh Canopy sprays 0694.
19:14:26 | INFO: Draco encoder: Encoding mesh Canopy sprays 0695.
19:14:26 | INFO: Draco encoder: Encoding mesh Canopy sprays 0696.
19:14:26 | INFO: Draco encoder: Encoding mesh Canopy sprays 0697.
19:14:26 | INFO: Draco encoder: Encoding mesh Canopy sprays 0698.
19:14:26 | INFO: Draco encoder: Encoding mesh Canopy sprays 0699.
19:14:26 | INFO: Draco encoder: Encoding mesh Canopy sprays 0700.
19:14:26 | INFO: Draco encoder: Encoding mesh Canopy sprays 0701.
19:14:26 | INFO: Draco encoder: Encoding mesh Canopy sprays 0702.
19:14:26 | INFO: Draco encoder: Encoding mesh Canopy sprays 0703.
19:14:26 | INFO: Draco encoder: Encoding mesh Canopy sprays 0704.
19:14:26 | INFO: Draco encoder: Encoding mesh Canopy sprays 0705.
19:14:26 | INFO: Draco encoder: Encoding mesh Canopy sprays 0706.
19:14:26 | INFO: Draco encoder: Encoding mesh Canopy sprays 0707.
19:14:26 | INFO: Draco encoder: Encoding mesh Canopy sprays 0708.
19:14:26 | INFO: Draco encoder: Encoding mesh Canopy sprays 0709.
19:14:26 | INFO: Draco encoder: Encoding mesh Canopy sprays 0710.
19:14:26 | INFO: Draco encoder: Encoding mesh Canopy sprays 0711.
19:14:26 | INFO: Draco encoder: Encoding mesh Canopy sprays 0712.
19:14:26 | INFO: Draco encoder: Encoding mesh Canopy sprays 0713.
19:14:26 | INFO: Draco encoder: Encoding mesh Canopy sprays 0714.
19:14:26 | INFO: Draco encoder: Encoding mesh Canopy sprays 0715.
19:14:26 | INFO: Draco encoder: Encoding mesh Canopy sprays 0716.
19:14:26 | INFO: Draco encoder: Encoding mesh Canopy sprays 0717.
19:14:26 | INFO: Draco encoder: Encoding mesh Canopy sprays 0718.
19:14:26 | INFO: Draco encoder: Encoding mesh Canopy sprays 0719.
19:14:26 | INFO: Draco encoder: Encoding mesh Canopy sprays 0720.
19:14:26 | INFO: Draco encoder: Encoding mesh Canopy sprays 0721.
19:14:26 | INFO: Draco encoder: Encoding mesh Canopy sprays 0722.
19:14:26 | INFO: Draco encoder: Encoding mesh Canopy sprays 0723.
19:14:26 | INFO: Draco encoder: Encoding mesh Canopy sprays 0724.
19:14:26 | INFO: Draco encoder: Encoding mesh Canopy sprays 0725.
19:14:26 | INFO: Draco encoder: Encoding mesh Canopy sprays 0726.
19:14:26 | INFO: Draco encoder: Encoding mesh Canopy sprays 0727.
19:14:26 | INFO: Draco encoder: Encoding mesh Canopy sprays 0728.
19:14:26 | INFO: Draco encoder: Encoding mesh Canopy sprays 0729.
19:14:26 | INFO: Draco encoder: Encoding mesh Canopy sprays 0730.
19:14:26 | INFO: Draco encoder: Encoding mesh Canopy sprays 0731.
19:14:26 | INFO: Draco encoder: Encoding mesh Canopy sprays 0732.
19:14:26 | INFO: Draco encoder: Encoding mesh Canopy sprays 0733.
19:14:26 | INFO: Draco encoder: Encoding mesh Canopy sprays 0734.
19:14:26 | INFO: Draco encoder: Encoding mesh Canopy sprays 0735.
19:14:26 | INFO: Draco encoder: Encoding mesh Canopy sprays 0736.
19:14:26 | INFO: Draco encoder: Encoding mesh Canopy sprays 0737.
19:14:26 | INFO: Draco encoder: Encoding mesh Canopy sprays 0738.
19:14:26 | INFO: Draco encoder: Encoding mesh Canopy sprays 0739.
19:14:26 | INFO: Draco encoder: Encoding mesh Canopy sprays 0740.
19:14:26 | INFO: Draco encoder: Encoding mesh Canopy sprays 0741.
19:14:26 | INFO: Draco encoder: Encoding mesh Canopy sprays 0742.
19:14:26 | INFO: Draco encoder: Encoding mesh Canopy sprays 0743.
19:14:26 | INFO: Draco encoder: Encoding mesh Canopy sprays 0744.
19:14:26 | INFO: Draco encoder: Encoding mesh Canopy sprays 0745.
19:14:26 | INFO: Draco encoder: Encoding mesh Canopy sprays 0746.
19:14:26 | INFO: Draco encoder: Encoding mesh Canopy sprays 0747.
19:14:26 | INFO: Draco encoder: Encoding mesh Canopy sprays 0748.
19:14:26 | INFO: Draco encoder: Encoding mesh Canopy sprays 0749.
19:14:26 | INFO: Draco encoder: Encoding mesh Canopy sprays 0750.
19:14:26 | INFO: Draco encoder: Encoding mesh Canopy sprays 0751.
19:14:26 | INFO: Draco encoder: Encoding mesh Canopy sprays 0752.
19:14:26 | INFO: Draco encoder: Encoding mesh Canopy sprays 0753.
19:14:26 | INFO: Draco encoder: Encoding mesh Canopy sprays 0754.
19:14:26 | INFO: Draco encoder: Encoding mesh Canopy sprays 0755.
19:14:26 | INFO: Draco encoder: Encoding mesh Canopy sprays 0756.
19:14:26 | INFO: Draco encoder: Encoding mesh Canopy sprays 0757.
19:14:26 | INFO: Draco encoder: Encoding mesh Canopy sprays 0758.
19:14:26 | INFO: Draco encoder: Encoding mesh Canopy sprays 0759.
19:14:26 | INFO: Draco encoder: Encoding mesh Canopy sprays 0760.
19:14:26 | INFO: Draco encoder: Encoding mesh Canopy sprays 0761.
19:14:26 | INFO: Draco encoder: Encoding mesh Canopy sprays 0762.
19:14:26 | INFO: Draco encoder: Encoding mesh Canopy sprays 0763.
19:14:26 | INFO: Draco encoder: Encoding mesh Canopy sprays 0764.
19:14:26 | INFO: Draco encoder: Encoding mesh Canopy sprays 0765.
19:14:26 | INFO: Draco encoder: Encoding mesh Canopy sprays 0766.
19:14:26 | INFO: Draco encoder: Encoding mesh Canopy sprays 0767.
19:14:26 | INFO: Draco encoder: Encoding mesh Canopy sprays 0768.
19:14:26 | INFO: Draco encoder: Encoding mesh Canopy sprays 0769.
19:14:26 | INFO: Draco encoder: Encoding mesh Canopy sprays 0770.
19:14:26 | INFO: Draco encoder: Encoding mesh Canopy sprays 0771.
19:14:26 | INFO: Draco encoder: Encoding mesh Canopy sprays 0772.
19:14:26 | INFO: Draco encoder: Encoding mesh Canopy sprays 0773.
19:14:26 | INFO: Draco encoder: Encoding mesh Canopy sprays 0774.
19:14:26 | INFO: Draco encoder: Encoding mesh Canopy sprays 0775.
19:14:26 | INFO: Draco encoder: Encoding mesh Canopy sprays 0776.
19:14:26 | INFO: Draco encoder: Encoding mesh Canopy sprays 0777.
19:14:26 | INFO: Draco encoder: Encoding mesh Canopy sprays 0778.
19:14:26 | INFO: Draco encoder: Encoding mesh Canopy sprays 0779.
19:14:26 | INFO: Draco encoder: Encoding mesh Canopy sprays 0780.
19:14:26 | INFO: Draco encoder: Encoding mesh Canopy sprays 0781.
19:14:26 | INFO: Draco encoder: Encoding mesh Canopy sprays 0782.
19:14:26 | INFO: Draco encoder: Encoding mesh Canopy sprays 0783.
19:14:26 | INFO: Draco encoder: Encoding mesh Canopy sprays 0784.
19:14:26 | INFO: Draco encoder: Encoding mesh Canopy sprays 0785.
19:14:26 | INFO: Draco encoder: Encoding mesh Canopy sprays 0786.
19:14:26 | INFO: Draco encoder: Encoding mesh Canopy sprays 0787.
19:14:26 | INFO: Draco encoder: Encoding mesh Canopy sprays 0788.
19:14:26 | INFO: Draco encoder: Encoding mesh Canopy sprays 0789.
19:14:26 | INFO: Draco encoder: Encoding mesh Canopy sprays 0790.
19:14:26 | INFO: Draco encoder: Encoding mesh Canopy sprays 0791.
19:14:26 | INFO: Draco encoder: Encoding mesh Canopy sprays 0792.
19:14:26 | INFO: Draco encoder: Encoding mesh Canopy sprays 0793.
19:14:26 | INFO: Draco encoder: Encoding mesh Canopy sprays 0794.
19:14:26 | INFO: Draco encoder: Encoding mesh Canopy sprays 0795.
19:14:26 | INFO: Draco encoder: Encoding mesh Canopy sprays 0796.
19:14:26 | INFO: Draco encoder: Encoding mesh Canopy sprays 0797.
19:14:26 | INFO: Draco encoder: Encoding mesh Canopy sprays 0798.
19:14:26 | INFO: Draco encoder: Encoding mesh Canopy sprays 0799.
19:14:26 | INFO: Draco encoder: Encoding mesh Canopy sprays 0800.
19:14:26 | INFO: Draco encoder: Encoding mesh Canopy sprays 0801.
19:14:26 | INFO: Draco encoder: Encoding mesh Canopy sprays 0802.
19:14:26 | INFO: Draco encoder: Encoding mesh Canopy sprays 0803.
19:14:26 | INFO: Draco encoder: Encoding mesh Canopy sprays 0804.
19:14:26 | INFO: Draco encoder: Encoding mesh Canopy sprays 0805.
19:14:26 | INFO: Draco encoder: Encoding mesh Canopy sprays 0806.
19:14:26 | INFO: Draco encoder: Encoding mesh Canopy sprays 0807.
19:14:26 | INFO: Draco encoder: Encoding mesh Canopy sprays 0808.
19:14:26 | INFO: Draco encoder: Encoding mesh Canopy sprays 0809.
19:14:26 | INFO: Draco encoder: Encoding mesh Canopy sprays 0810.
19:14:26 | INFO: Draco encoder: Encoding mesh Canopy sprays 0811.
19:14:26 | INFO: Draco encoder: Encoding mesh Canopy sprays 0812.
19:14:26 | INFO: Draco encoder: Encoding mesh Canopy sprays 0813.
19:14:26 | INFO: Draco encoder: Encoding mesh Canopy sprays 0814.
19:14:26 | INFO: Draco encoder: Encoding mesh Canopy sprays 0815.
19:14:26 | INFO: Draco encoder: Encoding mesh Canopy sprays 0816.
19:14:26 | INFO: Draco encoder: Encoding mesh Canopy sprays 0817.
19:14:26 | INFO: Draco encoder: Encoding mesh Canopy sprays 0818.
19:14:26 | INFO: Draco encoder: Encoding mesh Canopy sprays 0819.
19:14:26 | INFO: Draco encoder: Encoding mesh Canopy sprays 0820.
19:14:26 | INFO: Draco encoder: Encoding mesh Canopy sprays 0821.
19:14:26 | INFO: Draco encoder: Encoding mesh Canopy sprays 0822.
19:14:26 | INFO: Draco encoder: Encoding mesh Canopy sprays 0823.
19:14:26 | INFO: Draco encoder: Encoding mesh Canopy sprays 0824.
19:14:26 | INFO: Draco encoder: Encoding mesh Canopy sprays 0825.
19:14:26 | INFO: Draco encoder: Encoding mesh Canopy sprays 0826.
19:14:26 | INFO: Draco encoder: Encoding mesh Canopy sprays 0827.
19:14:26 | INFO: Draco encoder: Encoding mesh Canopy sprays 0828.
19:14:26 | INFO: Draco encoder: Encoding mesh Canopy sprays 0829.
19:14:26 | INFO: Draco encoder: Encoding mesh Canopy sprays 0830.
19:14:26 | INFO: Draco encoder: Encoding mesh Canopy sprays 0831.
19:14:26 | INFO: Draco encoder: Encoding mesh Canopy sprays 0832.
19:14:26 | INFO: Draco encoder: Encoding mesh Canopy sprays 0833.
19:14:26 | INFO: Draco encoder: Encoding mesh Canopy sprays 0834.
19:14:26 | INFO: Draco encoder: Encoding mesh Canopy sprays 0835.
19:14:26 | INFO: Draco encoder: Encoding mesh Canopy sprays 0836.
19:14:26 | INFO: Draco encoder: Encoding mesh Canopy sprays 0837.
19:14:26 | INFO: Draco encoder: Encoding mesh Canopy sprays 0838.
19:14:26 | INFO: Draco encoder: Encoding mesh Canopy sprays 0839.
19:14:26 | INFO: Draco encoder: Encoding mesh Canopy sprays 0840.
19:14:26 | INFO: Draco encoder: Encoding mesh Canopy sprays 0841.
19:14:26 | INFO: Draco encoder: Encoding mesh Canopy sprays 0842.
19:14:26 | INFO: Draco encoder: Encoding mesh Canopy sprays 0843.
19:14:26 | INFO: Draco encoder: Encoding mesh Canopy sprays 0844.
19:14:26 | INFO: Draco encoder: Encoding mesh Canopy sprays 0845.
19:14:26 | INFO: Draco encoder: Encoding mesh Canopy sprays 0846.
19:14:26 | INFO: Draco encoder: Encoding mesh Canopy sprays 0847.
19:14:26 | INFO: Draco encoder: Encoding mesh Canopy sprays 0848.
19:14:26 | INFO: Draco encoder: Encoding mesh Canopy sprays 0849.
19:14:26 | INFO: Draco encoder: Encoding mesh Canopy sprays 0850.
19:14:26 | INFO: Draco encoder: Encoding mesh Canopy sprays 0851.
19:14:26 | INFO: Draco encoder: Encoding mesh Canopy sprays 0852.
19:14:26 | INFO: Draco encoder: Encoding mesh Canopy sprays 0853.
19:14:26 | INFO: Draco encoder: Encoding mesh Canopy sprays 0854.
19:14:26 | INFO: Draco encoder: Encoding mesh Canopy sprays 0855.
19:14:26 | INFO: Draco encoder: Encoding mesh Canopy sprays 0856.
19:14:26 | INFO: Draco encoder: Encoding mesh Canopy sprays 0857.
19:14:26 | INFO: Draco encoder: Encoding mesh Canopy sprays 0858.
19:14:26 | INFO: Draco encoder: Encoding mesh Canopy sprays 0859.
19:14:26 | INFO: Draco encoder: Encoding mesh Canopy sprays 0860.
19:14:26 | INFO: Draco encoder: Encoding mesh Canopy sprays 0861.
19:14:26 | INFO: Draco encoder: Encoding mesh Canopy sprays 0862.
19:14:26 | INFO: Draco encoder: Encoding mesh Canopy sprays 0863.
19:14:26 | INFO: Draco encoder: Encoding mesh Canopy sprays 0864.
19:14:26 | INFO: Draco encoder: Encoding mesh Canopy sprays 0865.
19:14:26 | INFO: Draco encoder: Encoding mesh Canopy sprays 0866.
19:14:26 | INFO: Draco encoder: Encoding mesh Canopy sprays 0867.
19:14:26 | INFO: Draco encoder: Encoding mesh Canopy sprays 0868.
19:14:26 | INFO: Draco encoder: Encoding mesh Canopy sprays 0869.
19:14:26 | INFO: Draco encoder: Encoding mesh Canopy sprays 0870.
19:14:26 | INFO: Draco encoder: Encoding mesh Canopy sprays 0871.
19:14:26 | INFO: Draco encoder: Encoding mesh Canopy sprays 0872.
19:14:26 | INFO: Draco encoder: Encoding mesh Canopy sprays 0873.
19:14:26 | INFO: Draco encoder: Encoding mesh Canopy sprays 0874.
19:14:26 | INFO: Draco encoder: Encoding mesh Canopy sprays 0875.
19:14:26 | INFO: Draco encoder: Encoding mesh Canopy sprays 0876.
19:14:26 | INFO: Draco encoder: Encoding mesh Canopy sprays 0877.
19:14:26 | INFO: Draco encoder: Encoding mesh Canopy sprays 0878.
19:14:26 | INFO: Draco encoder: Encoding mesh Canopy sprays 0879.
19:14:26 | INFO: Draco encoder: Encoding mesh Canopy sprays 0880.
19:14:26 | INFO: Draco encoder: Encoding mesh Canopy sprays 0881.
19:14:26 | INFO: Draco encoder: Encoding mesh Canopy sprays 0882.
19:14:26 | INFO: Draco encoder: Encoding mesh Canopy sprays 0883.
19:14:26 | INFO: Draco encoder: Encoding mesh Canopy sprays 0884.
19:14:26 | INFO: Draco encoder: Encoding mesh Canopy sprays 0885.
19:14:26 | INFO: Draco encoder: Encoding mesh Canopy sprays 0886.
19:14:26 | INFO: Draco encoder: Encoding mesh Canopy sprays 0887.
19:14:26 | INFO: Draco encoder: Encoding mesh Canopy sprays 0888.
19:14:26 | INFO: Draco encoder: Encoding mesh Canopy sprays 0889.
19:14:26 | INFO: Draco encoder: Encoding mesh Canopy sprays 0890.
19:14:26 | INFO: Draco encoder: Encoding mesh Canopy sprays 0891.
19:14:26 | INFO: Draco encoder: Encoding mesh Canopy sprays 0892.
19:14:26 | INFO: Draco encoder: Encoding mesh Canopy sprays 0893.
19:14:26 | INFO: Draco encoder: Encoding mesh Canopy sprays 0894.
19:14:26 | INFO: Draco encoder: Encoding mesh Canopy sprays 0895.
19:14:26 | INFO: Draco encoder: Encoding mesh Canopy sprays 0896.
19:14:26 | INFO: Draco encoder: Encoding mesh Canopy sprays 0897.
19:14:26 | INFO: Draco encoder: Encoding mesh Canopy sprays 0898.
19:14:26 | INFO: Draco encoder: Encoding mesh Canopy sprays 0899.
19:14:26 | INFO: Draco encoder: Encoding mesh Canopy sprays 0900.
19:14:26 | INFO: Draco encoder: Encoding mesh Canopy sprays 0901.
19:14:26 | INFO: Draco encoder: Encoding mesh Canopy sprays 0902.
19:14:26 | INFO: Draco encoder: Encoding mesh Canopy sprays 0903.
19:14:26 | INFO: Draco encoder: Encoding mesh Canopy sprays 0904.
19:14:26 | INFO: Draco encoder: Encoding mesh Canopy sprays 0905.
19:14:26 | INFO: Draco encoder: Encoding mesh Canopy sprays 0906.
19:14:26 | INFO: Draco encoder: Encoding mesh Canopy sprays 0907.
19:14:26 | INFO: Draco encoder: Encoding mesh Canopy sprays 0908.
19:14:26 | INFO: Draco encoder: Encoding mesh Canopy sprays 0909.
19:14:26 | INFO: Draco encoder: Encoding mesh Canopy sprays 0910.
19:14:26 | INFO: Draco encoder: Encoding mesh Canopy sprays 0911.
19:14:26 | INFO: Draco encoder: Encoding mesh Canopy sprays 0912.
19:14:26 | INFO: Draco encoder: Encoding mesh Canopy sprays 0913.
19:14:26 | INFO: Draco encoder: Encoding mesh Canopy sprays 0914.
19:14:26 | INFO: Draco encoder: Encoding mesh Canopy sprays 0915.
19:14:26 | INFO: Draco encoder: Encoding mesh Canopy sprays 0916.
19:14:26 | INFO: Draco encoder: Encoding mesh Canopy sprays 0917.
19:14:26 | INFO: Draco encoder: Encoding mesh Canopy sprays 0918.
19:14:26 | INFO: Draco encoder: Encoding mesh Canopy sprays 0919.
19:14:26 | INFO: Draco encoder: Encoding mesh Canopy sprays 0920.
19:14:26 | INFO: Draco encoder: Encoding mesh Canopy sprays 0921.
19:14:26 | INFO: Draco encoder: Encoding mesh Canopy sprays 0922.
19:14:26 | INFO: Draco encoder: Encoding mesh Canopy sprays 0923.
19:14:26 | INFO: Draco encoder: Encoding mesh Canopy sprays 0924.
19:14:26 | INFO: Draco encoder: Encoding mesh Canopy sprays 0925.
19:14:26 | INFO: Draco encoder: Encoding mesh Canopy sprays 0926.
19:14:26 | INFO: Draco encoder: Encoding mesh Canopy sprays 0927.
19:14:26 | INFO: Draco encoder: Encoding mesh Canopy sprays 0928.
19:14:26 | INFO: Draco encoder: Encoding mesh Canopy sprays 0929.
19:14:26 | INFO: Draco encoder: Encoding mesh Canopy sprays 0930.
19:14:26 | INFO: Draco encoder: Encoding mesh Canopy sprays 0931.
19:14:26 | INFO: Draco encoder: Encoding mesh Canopy sprays 0932.
19:14:26 | INFO: Draco encoder: Encoding mesh Canopy sprays 0933.
19:14:26 | INFO: Draco encoder: Encoding mesh Canopy sprays 0934.
19:14:26 | INFO: Draco encoder: Encoding mesh Canopy sprays 0935.
19:14:26 | INFO: Draco encoder: Encoding mesh Canopy sprays 0936.
19:14:26 | INFO: Draco encoder: Encoding mesh Canopy sprays 0937.
19:14:26 | INFO: Draco encoder: Encoding mesh Canopy sprays 0938.
19:14:26 | INFO: Draco encoder: Encoding mesh Canopy sprays 0939.
19:14:26 | INFO: Draco encoder: Encoding mesh Canopy sprays 0940.
19:14:26 | INFO: Draco encoder: Encoding mesh Canopy sprays 0941.
19:14:26 | INFO: Draco encoder: Encoding mesh Canopy sprays 0942.
19:14:26 | INFO: Draco encoder: Encoding mesh Canopy sprays 0943.
19:14:26 | INFO: Draco encoder: Encoding mesh Canopy sprays 0944.
19:14:26 | INFO: Draco encoder: Encoding mesh Canopy sprays 0945.
19:14:26 | INFO: Draco encoder: Encoding mesh Canopy sprays 0946.
19:14:26 | INFO: Draco encoder: Encoding mesh Canopy sprays 0947.
19:14:26 | INFO: Draco encoder: Encoding mesh Canopy sprays 0948.
19:14:26 | INFO: Draco encoder: Encoding mesh Canopy sprays 0949.
19:14:26 | INFO: Draco encoder: Encoding mesh Canopy sprays 0950.
19:14:26 | INFO: Draco encoder: Encoding mesh Canopy sprays 0951.
19:14:26 | INFO: Draco encoder: Encoding mesh Canopy sprays 0952.
19:14:26 | INFO: Draco encoder: Encoding mesh Canopy sprays 0953.
19:14:26 | INFO: Draco encoder: Encoding mesh Canopy sprays 0954.
19:14:26 | INFO: Draco encoder: Encoding mesh Canopy sprays 0955.
19:14:26 | INFO: Draco encoder: Encoding mesh Canopy sprays 0956.
19:14:26 | INFO: Draco encoder: Encoding mesh Canopy sprays 0957.
19:14:26 | INFO: Draco encoder: Encoding mesh Canopy sprays 0958.
19:14:26 | INFO: Draco encoder: Encoding mesh Canopy sprays 0959.
19:14:26 | INFO: Draco encoder: Encoding mesh Canopy sprays 0960.
19:14:26 | INFO: Draco encoder: Encoding mesh Canopy sprays 0961.
19:14:26 | INFO: Draco encoder: Encoding mesh Canopy sprays 0962.
19:14:26 | INFO: Draco encoder: Encoding mesh Canopy sprays 0963.
19:14:26 | INFO: Draco encoder: Encoding mesh Canopy sprays 0964.
19:14:26 | INFO: Draco encoder: Encoding mesh Canopy sprays 0965.
19:14:26 | INFO: Draco encoder: Encoding mesh Canopy sprays 0966.
19:14:26 | INFO: Draco encoder: Encoding mesh Canopy sprays 0967.
19:14:26 | INFO: Draco encoder: Encoding mesh Canopy sprays 0968.
19:14:26 | INFO: Draco encoder: Encoding mesh Canopy sprays 0969.
19:14:26 | INFO: Draco encoder: Encoding mesh Canopy sprays 0970.
19:14:26 | INFO: Draco encoder: Encoding mesh Canopy sprays 0971.
19:14:26 | INFO: Draco encoder: Encoding mesh Canopy sprays 0972.
19:14:26 | INFO: Draco encoder: Encoding mesh Canopy sprays 0973.
19:14:26 | INFO: Draco encoder: Encoding mesh Canopy sprays 0974.
19:14:26 | INFO: Draco encoder: Encoding mesh Canopy sprays 0975.
19:14:26 | INFO: Draco encoder: Encoding mesh Canopy sprays 0976.
19:14:26 | INFO: Draco encoder: Encoding mesh Canopy sprays 0977.
19:14:26 | INFO: Draco encoder: Encoding mesh Canopy sprays 0978.
19:14:26 | INFO: Draco encoder: Encoding mesh Canopy sprays 0979.
19:14:26 | INFO: Draco encoder: Encoding mesh Canopy sprays 0980.
19:14:26 | INFO: Draco encoder: Encoding mesh Canopy sprays 0981.
19:14:26 | INFO: Draco encoder: Encoding mesh Canopy sprays 0982.
19:14:26 | INFO: Draco encoder: Encoding mesh Canopy sprays 0983.
19:14:26 | INFO: Draco encoder: Encoding mesh Canopy sprays 0984.
19:14:26 | INFO: Draco encoder: Encoding mesh Canopy sprays 0985.
19:14:26 | INFO: Draco encoder: Encoding mesh Canopy sprays 0986.
19:14:26 | INFO: Draco encoder: Encoding mesh Canopy sprays 0987.
19:14:26 | INFO: Draco encoder: Encoding mesh Canopy sprays 0988.
19:14:26 | INFO: Draco encoder: Encoding mesh Canopy sprays 0989.
19:14:26 | INFO: Draco encoder: Encoding mesh Canopy sprays 0990.
19:14:26 | INFO: Draco encoder: Encoding mesh Canopy sprays 0991.
19:14:26 | INFO: Draco encoder: Encoding mesh Canopy sprays 0992.
19:14:26 | INFO: Draco encoder: Encoding mesh Canopy sprays 0993.
19:14:26 | INFO: Draco encoder: Encoding mesh Canopy sprays 0994.
19:14:26 | INFO: Draco encoder: Encoding mesh Canopy sprays 0995.
19:14:26 | INFO: Draco encoder: Encoding mesh Canopy sprays 0996.
19:14:26 | INFO: Draco encoder: Encoding mesh Canopy sprays 0997.
19:14:26 | INFO: Draco encoder: Encoding mesh Canopy sprays 0998.
19:14:26 | INFO: Draco encoder: Encoding mesh Canopy sprays 0999.
19:14:26 | INFO: Draco encoder: Encoding mesh Canopy sprays 1000.
19:14:26 | INFO: Draco encoder: Encoding mesh Canopy sprays 1001.
19:14:26 | INFO: Draco encoder: Encoding mesh Canopy sprays 1002.
19:14:26 | INFO: Draco encoder: Encoding mesh Canopy sprays 1003.
19:14:26 | INFO: Draco encoder: Encoding mesh Canopy sprays 1004.
19:14:26 | INFO: Draco encoder: Encoding mesh Canopy sprays 1005.
19:14:26 | INFO: Draco encoder: Encoding mesh Canopy sprays 1006.
19:14:26 | INFO: Draco encoder: Encoding mesh Canopy sprays 1007.
19:14:26 | INFO: Draco encoder: Encoding mesh Canopy sprays 1008.
19:14:26 | INFO: Draco encoder: Encoding mesh Canopy sprays 1009.
19:14:26 | INFO: Draco encoder: Encoding mesh Canopy sprays 1010.
19:14:26 | INFO: Draco encoder: Encoding mesh Canopy sprays 1011.
19:14:26 | INFO: Draco encoder: Encoding mesh Canopy sprays 1012.
19:14:26 | INFO: Draco encoder: Encoding mesh Canopy sprays 1013.
19:14:26 | INFO: Draco encoder: Encoding mesh Canopy sprays 1014.
19:14:26 | INFO: Draco encoder: Encoding mesh Canopy sprays 1015.
19:14:26 | INFO: Draco encoder: Encoding mesh Canopy sprays 1016.
19:14:26 | INFO: Draco encoder: Encoding mesh Canopy sprays 1017.
19:14:26 | INFO: Draco encoder: Encoding mesh Canopy sprays 1018.
19:14:26 | INFO: Draco encoder: Encoding mesh Canopy sprays 1019.
19:14:26 | INFO: Draco encoder: Encoding mesh Canopy sprays 1020.
19:14:26 | INFO: Draco encoder: Encoding mesh Canopy sprays 1021.
19:14:26 | INFO: Draco encoder: Encoding mesh Canopy sprays 1022.
19:14:26 | INFO: Draco encoder: Encoding mesh Canopy sprays 1023.
19:14:26 | INFO: Draco encoder: Encoding mesh Canopy sprays 1024.
19:14:26 | INFO: Draco encoder: Encoding mesh Canopy sprays 1025.
19:14:26 | INFO: Draco encoder: Encoding mesh Canopy sprays 1026.
19:14:26 | INFO: Draco encoder: Encoding mesh Canopy sprays 1027.
19:14:26 | INFO: Draco encoder: Encoding mesh Canopy sprays 1028.
19:14:26 | INFO: Draco encoder: Encoding mesh Canopy sprays 1029.
19:14:26 | INFO: Draco encoder: Encoding mesh Canopy sprays 1030.
19:14:26 | INFO: Draco encoder: Encoding mesh Canopy sprays 1031.
19:14:26 | INFO: Draco encoder: Encoding mesh Canopy sprays 1032.
19:14:26 | INFO: Draco encoder: Encoding mesh Canopy sprays 1033.
19:14:26 | INFO: Draco encoder: Encoding mesh Canopy sprays 1034.
19:14:26 | INFO: Draco encoder: Encoding mesh Canopy sprays 1035.
19:14:26 | INFO: Draco encoder: Encoding mesh Canopy sprays 1036.
19:14:26 | INFO: Draco encoder: Encoding mesh Canopy sprays 1037.
19:14:26 | INFO: Draco encoder: Encoding mesh Canopy sprays 1038.
19:14:26 | INFO: Draco encoder: Encoding mesh Canopy sprays 1039.
19:14:26 | INFO: Draco encoder: Encoding mesh Canopy sprays 1040.
19:14:26 | INFO: Draco encoder: Encoding mesh Canopy sprays 1041.
19:14:26 | INFO: Draco encoder: Encoding mesh Canopy sprays 1042.
19:14:26 | INFO: Draco encoder: Encoding mesh Canopy sprays 1043.
19:14:26 | INFO: Draco encoder: Encoding mesh Canopy sprays 1044.
19:14:26 | INFO: Draco encoder: Encoding mesh Canopy sprays 1045.
19:14:26 | INFO: Draco encoder: Encoding mesh Canopy sprays 1046.
19:14:26 | INFO: Draco encoder: Encoding mesh Canopy sprays 1047.
19:14:26 | INFO: Draco encoder: Encoding mesh Canopy sprays 1048.
19:14:26 | INFO: Draco encoder: Encoding mesh Canopy sprays 1049.
19:14:26 | INFO: Draco encoder: Encoding mesh Canopy sprays 1050.
19:14:26 | INFO: Draco encoder: Encoding mesh Canopy sprays 1051.
19:14:26 | INFO: Draco encoder: Encoding mesh Canopy sprays 1052.
19:14:26 | INFO: Draco encoder: Encoding mesh Canopy sprays 1053.
19:14:26 | INFO: Draco encoder: Encoding mesh Canopy sprays 1054.
19:14:26 | INFO: Draco encoder: Encoding mesh Canopy sprays 1055.
19:14:26 | INFO: Draco encoder: Encoding mesh Canopy sprays 1056.
19:14:26 | INFO: Draco encoder: Encoding mesh Canopy sprays 1057.
19:14:26 | INFO: Draco encoder: Encoding mesh Canopy sprays 1058.
19:14:26 | INFO: Draco encoder: Encoding mesh Canopy sprays 1059.
19:14:26 | INFO: Draco encoder: Encoding mesh Canopy sprays 1060.
19:14:26 | INFO: Draco encoder: Encoding mesh Canopy sprays 1061.
19:14:26 | INFO: Draco encoder: Encoding mesh Canopy sprays 1062.
19:14:26 | INFO: Draco encoder: Encoding mesh Canopy sprays 1063.
19:14:26 | INFO: Draco encoder: Encoding mesh Canopy sprays 1064.
19:14:26 | INFO: Draco encoder: Encoding mesh Canopy sprays 1065.
19:14:26 | INFO: Draco encoder: Encoding mesh Canopy sprays 1066.
19:14:26 | INFO: Draco encoder: Encoding mesh Canopy sprays 1067.
19:14:26 | INFO: Draco encoder: Encoding mesh Canopy sprays 1068.
19:14:26 | INFO: Draco encoder: Encoding mesh Canopy sprays 1069.
19:14:26 | INFO: Draco encoder: Encoding mesh Canopy sprays 1070.
19:14:26 | INFO: Draco encoder: Encoding mesh Canopy sprays 1071.
19:14:26 | INFO: Draco encoder: Encoding mesh Canopy sprays 1072.
19:14:26 | INFO: Draco encoder: Encoding mesh Canopy sprays 1073.
19:14:26 | INFO: Draco encoder: Encoding mesh Canopy sprays 1074.
19:14:26 | INFO: Draco encoder: Encoding mesh Canopy sprays 1075.
19:14:26 | INFO: Draco encoder: Encoding mesh Canopy sprays 1076.
19:14:26 | INFO: Draco encoder: Encoding mesh Canopy sprays 1077.
19:14:26 | INFO: Draco encoder: Encoding mesh Canopy sprays 1078.
19:14:26 | INFO: Draco encoder: Encoding mesh Canopy sprays 1079.
19:14:26 | INFO: Draco encoder: Encoding mesh Canopy sprays 1080.
19:14:26 | INFO: Draco encoder: Encoding mesh Canopy sprays 1081.
19:14:26 | INFO: Draco encoder: Encoding mesh Canopy sprays 1082.
19:14:26 | INFO: Draco encoder: Encoding mesh Canopy sprays 1083.
19:14:26 | INFO: Draco encoder: Encoding mesh Canopy sprays 1084.
19:14:26 | INFO: Draco encoder: Encoding mesh Canopy sprays 1085.
19:14:26 | INFO: Draco encoder: Encoding mesh Canopy sprays 1086.
19:14:26 | INFO: Draco encoder: Encoding mesh Canopy sprays 1087.
19:14:26 | INFO: Draco encoder: Encoding mesh Canopy sprays 1088.
19:14:26 | INFO: Draco encoder: Encoding mesh Canopy sprays 1089.
19:14:26 | INFO: Draco encoder: Encoding mesh Canopy sprays 1090.
19:14:26 | INFO: Draco encoder: Encoding mesh Canopy sprays 1091.
19:14:26 | INFO: Draco encoder: Encoding mesh Canopy sprays 1092.
19:14:26 | INFO: Draco encoder: Encoding mesh Canopy sprays 1093.
19:14:26 | INFO: Draco encoder: Encoding mesh Canopy sprays 1094.
19:14:26 | INFO: Draco encoder: Encoding mesh Canopy sprays 1095.
19:14:26 | INFO: Draco encoder: Encoding mesh Canopy sprays 1096.
19:14:26 | INFO: Draco encoder: Encoding mesh Canopy sprays 1097.
19:14:26 | INFO: Draco encoder: Encoding mesh Canopy sprays 1098.
19:14:26 | INFO: Draco encoder: Encoding mesh Canopy sprays 1099.
19:14:26 | INFO: Draco encoder: Encoding mesh Canopy sprays 1100.
19:14:26 | INFO: Draco encoder: Encoding mesh Canopy sprays 1101.
19:14:26 | INFO: Draco encoder: Encoding mesh Canopy sprays 1102.
19:14:26 | INFO: Draco encoder: Encoding mesh Canopy sprays 1103.
19:14:26 | INFO: Draco encoder: Encoding mesh Canopy sprays 1104.
19:14:26 | INFO: Draco encoder: Encoding mesh Canopy sprays 1105.
19:14:26 | INFO: Draco encoder: Encoding mesh Canopy sprays 1106.
19:14:26 | INFO: Draco encoder: Encoding mesh Canopy sprays 1107.
19:14:26 | INFO: Draco encoder: Encoding mesh Canopy sprays 1108.
19:14:26 | INFO: Draco encoder: Encoding mesh Canopy sprays 1109.
19:14:26 | INFO: Draco encoder: Encoding mesh Canopy sprays 1110.
19:14:26 | INFO: Draco encoder: Encoding mesh Canopy sprays 1111.
19:14:26 | INFO: Draco encoder: Encoding mesh Canopy sprays 1112.
19:14:26 | INFO: Draco encoder: Encoding mesh Canopy sprays 1113.
19:14:26 | INFO: Draco encoder: Encoding mesh Canopy sprays 1114.
19:14:26 | INFO: Draco encoder: Encoding mesh Canopy sprays 1115.
19:14:26 | INFO: Draco encoder: Encoding mesh Canopy sprays 1116.
19:14:26 | INFO: Draco encoder: Encoding mesh Canopy sprays 1117.
19:14:26 | INFO: Draco encoder: Encoding mesh Canopy sprays 1118.
19:14:26 | INFO: Draco encoder: Encoding mesh Canopy sprays 1119.
19:14:26 | INFO: Draco encoder: Encoding mesh Canopy sprays 1120.
19:14:26 | INFO: Draco encoder: Encoding mesh Canopy sprays 1121.
19:14:26 | INFO: Draco encoder: Encoding mesh Canopy sprays 1122.
19:14:26 | INFO: Draco encoder: Encoding mesh Canopy sprays 1123.
19:14:26 | INFO: Draco encoder: Encoding mesh Canopy sprays 1124.
19:14:26 | INFO: Draco encoder: Encoding mesh Canopy sprays 1125.
19:14:26 | INFO: Draco encoder: Encoding mesh Canopy sprays 1126.
19:14:26 | INFO: Draco encoder: Encoding mesh Canopy sprays 1127.
19:14:26 | INFO: Draco encoder: Encoding mesh Canopy sprays 1128.
19:14:26 | INFO: Draco encoder: Encoding mesh Canopy sprays 1129.
19:14:26 | INFO: Draco encoder: Encoding mesh Canopy sprays 1130.
19:14:26 | INFO: Draco encoder: Encoding mesh Canopy sprays 1131.
19:14:26 | INFO: Draco encoder: Encoding mesh Canopy sprays 1132.
19:14:26 | INFO: Draco encoder: Encoding mesh Canopy sprays 1133.
19:14:26 | INFO: Draco encoder: Encoding mesh Canopy sprays 1134.
19:14:26 | INFO: Draco encoder: Encoding mesh Canopy sprays 1135.
19:14:26 | INFO: Draco encoder: Encoding mesh Canopy sprays 1136.
19:14:26 | INFO: Draco encoder: Encoding mesh Canopy sprays 1137.
19:14:26 | INFO: Draco encoder: Encoding mesh Canopy sprays 1138.
19:14:26 | INFO: Draco encoder: Encoding mesh Canopy sprays 1139.
19:14:26 | INFO: Draco encoder: Encoding mesh Canopy sprays 1140.
19:14:26 | INFO: Draco encoder: Encoding mesh Canopy sprays 1141.
19:14:26 | INFO: Draco encoder: Encoding mesh Canopy sprays 1142.
19:14:26 | INFO: Draco encoder: Encoding mesh Canopy sprays 1143.
19:14:26 | INFO: Draco encoder: Encoding mesh Canopy sprays 1144.
19:14:26 | INFO: Draco encoder: Encoding mesh Canopy sprays 1145.
19:14:26 | INFO: Draco encoder: Encoding mesh Canopy sprays 1146.
19:14:26 | INFO: Draco encoder: Encoding mesh Canopy sprays 1147.
19:14:26 | INFO: Draco encoder: Encoding mesh Canopy sprays 1148.
19:14:26 | INFO: Draco encoder: Encoding mesh Canopy sprays 1149.
19:14:26 | INFO: Draco encoder: Encoding mesh Canopy sprays 1150.
19:14:26 | INFO: Draco encoder: Encoding mesh Canopy sprays 1151.
19:14:26 | INFO: Draco encoder: Encoding mesh Canopy sprays 1152.
19:14:26 | INFO: Draco encoder: Encoding mesh Canopy sprays 1153.
19:14:26 | INFO: Draco encoder: Encoding mesh Canopy sprays 1154.
19:14:26 | INFO: Draco encoder: Encoding mesh Canopy sprays 1155.
19:14:26 | INFO: Draco encoder: Encoding mesh Canopy sprays 1156.
19:14:26 | INFO: Draco encoder: Encoding mesh Canopy sprays 1157.
19:14:26 | INFO: Draco encoder: Encoding mesh Canopy sprays 1158.
19:14:26 | INFO: Draco encoder: Encoding mesh Canopy sprays 1159.
19:14:26 | INFO: Draco encoder: Encoding mesh Canopy sprays 1160.
19:14:26 | INFO: Draco encoder: Encoding mesh Canopy sprays 1161.
19:14:26 | INFO: Draco encoder: Encoding mesh Canopy sprays 1162.
19:14:26 | INFO: Draco encoder: Encoding mesh Canopy sprays 1163.
19:14:26 | INFO: Draco encoder: Encoding mesh Canopy sprays 1164.
19:14:26 | INFO: Draco encoder: Encoding mesh Canopy sprays 1165.
19:14:26 | INFO: Draco encoder: Encoding mesh Canopy sprays 1166.
19:14:26 | INFO: Draco encoder: Encoding mesh Canopy sprays 1167.
19:14:26 | INFO: Draco encoder: Encoding mesh Canopy sprays 1168.
19:14:26 | INFO: Draco encoder: Encoding mesh Canopy sprays 1169.
19:14:26 | INFO: Draco encoder: Encoding mesh Canopy sprays 1170.
19:14:26 | INFO: Draco encoder: Encoding mesh Canopy sprays 1171.
19:14:26 | INFO: Draco encoder: Encoding mesh Canopy sprays 1172.
19:14:26 | INFO: Draco encoder: Encoding mesh Canopy sprays 1173.
19:14:26 | INFO: Draco encoder: Encoding mesh Canopy sprays 1174.
19:14:26 | INFO: Draco encoder: Encoding mesh Canopy sprays 1175.
19:14:26 | INFO: Draco encoder: Encoding mesh Canopy sprays 1176.
19:14:26 | INFO: Draco encoder: Encoding mesh Canopy sprays 1177.
19:14:26 | INFO: Draco encoder: Encoding mesh Canopy sprays 1178.
19:14:26 | INFO: Draco encoder: Encoding mesh Canopy sprays 1179.
19:14:26 | INFO: Draco encoder: Encoding mesh Canopy sprays 1180.
19:14:26 | INFO: Draco encoder: Encoding mesh Canopy sprays 1181.
19:14:26 | INFO: Draco encoder: Encoding mesh Canopy sprays 1182.
19:14:26 | INFO: Draco encoder: Encoding mesh Canopy sprays 1183.
19:14:26 | INFO: Draco encoder: Encoding mesh Canopy sprays 1184.
19:14:26 | INFO: Draco encoder: Encoding mesh Canopy sprays 1185.
19:14:26 | INFO: Draco encoder: Encoding mesh Canopy sprays 1186.
19:14:26 | INFO: Draco encoder: Encoding mesh Canopy sprays 1187.
19:14:26 | INFO: Draco encoder: Encoding mesh Canopy sprays 1188.
19:14:26 | INFO: Draco encoder: Encoding mesh Canopy sprays 1189.
19:14:26 | INFO: Draco encoder: Encoding mesh Canopy sprays 1190.
19:14:26 | INFO: Draco encoder: Encoding mesh Canopy sprays 1191.
19:14:26 | INFO: Draco encoder: Encoding mesh Canopy sprays 1192.
19:14:26 | INFO: Draco encoder: Encoding mesh Canopy sprays 1193.
19:14:26 | INFO: Draco encoder: Encoding mesh Canopy sprays 1194.
19:14:26 | INFO: Draco encoder: Encoding mesh Canopy sprays 1195.
19:14:26 | INFO: Draco encoder: Encoding mesh Canopy sprays 1196.
19:14:26 | INFO: Draco encoder: Encoding mesh Canopy sprays 1197.
19:14:26 | INFO: Draco encoder: Encoding mesh Canopy sprays 1198.
19:14:26 | INFO: Draco encoder: Encoding mesh Canopy sprays 1199.
19:14:26 | INFO: Draco encoder: Encoding mesh Canopy sprays 1200.
19:14:26 | INFO: Draco encoder: Encoding mesh Canopy sprays 1201.
19:14:26 | INFO: Draco encoder: Encoding mesh Canopy sprays 1202.
19:14:26 | INFO: Draco encoder: Encoding mesh Canopy sprays 1203.
19:14:26 | INFO: Draco encoder: Encoding mesh Canopy sprays 1204.
19:14:26 | INFO: Draco encoder: Encoding mesh Canopy sprays 1205.
19:14:26 | INFO: Draco encoder: Encoding mesh Canopy sprays 1206.
19:14:26 | INFO: Draco encoder: Encoding mesh Canopy sprays 1207.
19:14:26 | INFO: Draco encoder: Encoding mesh Canopy sprays 1208.
19:14:26 | INFO: Draco encoder: Encoding mesh Canopy sprays 1209.
19:14:26 | INFO: Draco encoder: Encoding mesh Canopy sprays 1210.
19:14:26 | INFO: Draco encoder: Encoding mesh Canopy sprays 1211.
19:14:26 | INFO: Draco encoder: Encoding mesh Canopy sprays 1212.
19:14:26 | INFO: Draco encoder: Encoding mesh Canopy sprays 1213.
19:14:26 | INFO: Draco encoder: Encoding mesh Canopy sprays 1214.
19:14:26 | INFO: Draco encoder: Encoding mesh Canopy sprays 1215.
19:14:26 | INFO: Draco encoder: Encoding mesh Canopy sprays 1216.
19:14:26 | INFO: Draco encoder: Encoding mesh Canopy sprays 1217.
19:14:26 | INFO: Draco encoder: Encoding mesh Canopy sprays 1218.
19:14:26 | INFO: Draco encoder: Encoding mesh Canopy sprays 1219.
19:14:26 | INFO: Draco encoder: Encoding mesh Canopy sprays 1220.
19:14:26 | INFO: Draco encoder: Encoding mesh Canopy sprays 1221.
19:14:26 | INFO: Draco encoder: Encoding mesh Canopy sprays 1222.
19:14:26 | INFO: Draco encoder: Encoding mesh Canopy sprays 1223.
19:14:26 | INFO: Draco encoder: Encoding mesh Canopy sprays 1224.
19:14:26 | INFO: Draco encoder: Encoding mesh Canopy sprays 1225.
19:14:26 | INFO: Draco encoder: Encoding mesh Canopy sprays 1226.
19:14:26 | INFO: Draco encoder: Encoding mesh Canopy sprays 1227.
19:14:26 | INFO: Draco encoder: Encoding mesh Canopy sprays 1228.
19:14:26 | INFO: Draco encoder: Encoding mesh Canopy sprays 1229.
19:14:26 | INFO: Draco encoder: Encoding mesh Canopy sprays 1230.
19:14:26 | INFO: Draco encoder: Encoding mesh Canopy sprays 1231.
19:14:26 | INFO: Draco encoder: Encoding mesh Canopy sprays 1232.
19:14:26 | INFO: Draco encoder: Encoding mesh Canopy sprays 1233.
19:14:26 | INFO: Draco encoder: Encoding mesh Canopy sprays 1234.
19:14:26 | INFO: Draco encoder: Encoding mesh Canopy sprays 1235.
19:14:26 | INFO: Draco encoder: Encoding mesh Canopy sprays 1236.
19:14:26 | INFO: Draco encoder: Encoding mesh Canopy sprays 1237.
19:14:26 | INFO: Draco encoder: Encoding mesh Canopy sprays 1238.
19:14:26 | INFO: Draco encoder: Encoding mesh Canopy sprays 1239.
19:14:26 | INFO: Draco encoder: Encoding mesh Canopy sprays 1240.
19:14:26 | INFO: Draco encoder: Encoding mesh Canopy sprays 1241.
19:14:26 | INFO: Draco encoder: Encoding mesh Canopy sprays 1242.
19:14:26 | INFO: Draco encoder: Encoding mesh Canopy sprays 1243.
19:14:26 | INFO: Draco encoder: Encoding mesh Canopy sprays 1244.
19:14:26 | INFO: Draco encoder: Encoding mesh Canopy sprays 1245.
19:14:26 | INFO: Draco encoder: Encoding mesh Canopy sprays 1246.
19:14:26 | INFO: Draco encoder: Encoding mesh Canopy sprays 1247.
19:14:26 | INFO: Draco encoder: Encoding mesh Canopy sprays 1248.
19:14:26 | INFO: Draco encoder: Encoding mesh Canopy sprays 1249.
19:14:26 | INFO: Draco encoder: Encoding mesh Canopy sprays 1250.
19:14:26 | INFO: Draco encoder: Encoding mesh Canopy sprays 1251.
19:14:26 | INFO: Draco encoder: Encoding mesh Canopy sprays 1252.
19:14:26 | INFO: Draco encoder: Encoding mesh Canopy sprays 1253.
19:14:26 | INFO: Draco encoder: Encoding mesh Canopy sprays 1254.
19:14:26 | INFO: Draco encoder: Encoding mesh Canopy sprays 1255.
19:14:26 | INFO: Draco encoder: Encoding mesh Canopy sprays 1256.
19:14:26 | INFO: Draco encoder: Encoding mesh Canopy sprays 1257.
19:14:26 | INFO: Draco encoder: Encoding mesh Canopy sprays 1258.
19:14:26 | INFO: Draco encoder: Encoding mesh Canopy sprays 1259.
19:14:26 | INFO: Draco encoder: Encoding mesh Canopy sprays 1260.
19:14:26 | INFO: Draco encoder: Encoding mesh Canopy sprays 1261.
19:14:26 | INFO: Draco encoder: Encoding mesh Canopy sprays 1262.
19:14:26 | INFO: Draco encoder: Encoding mesh Canopy sprays 1263.
19:14:26 | INFO: Draco encoder: Encoding mesh Canopy sprays 1264.
19:14:26 | INFO: Draco encoder: Encoding mesh Canopy sprays 1265.
19:14:26 | INFO: Draco encoder: Encoding mesh Canopy sprays 1266.
19:14:26 | INFO: Draco encoder: Encoding mesh Canopy sprays 1267.
19:14:26 | INFO: Draco encoder: Encoding mesh Canopy sprays 1268.
19:14:26 | INFO: Draco encoder: Encoding mesh Canopy sprays 1269.
19:14:26 | INFO: Draco encoder: Encoding mesh Canopy sprays 1270.
19:14:26 | INFO: Draco encoder: Encoding mesh Canopy sprays 1271.
19:14:26 | INFO: Draco encoder: Encoding mesh Canopy sprays 1272.
19:14:26 | INFO: Draco encoder: Encoding mesh Canopy sprays 1273.
19:14:26 | INFO: Draco encoder: Encoding mesh Canopy sprays 1274.
19:14:26 | INFO: Draco encoder: Encoding mesh Canopy sprays 1275.
19:14:26 | INFO: Draco encoder: Encoding mesh Canopy sprays 1276.
19:14:26 | INFO: Draco encoder: Encoding mesh Canopy sprays 1277.
19:14:26 | INFO: Draco encoder: Encoding mesh Canopy sprays 1278.
19:14:26 | INFO: Draco encoder: Encoding mesh Canopy sprays 1279.
19:14:26 | INFO: Draco encoder: Encoding mesh Canopy sprays 1280.
19:14:26 | INFO: Draco encoder: Encoding mesh Canopy sprays 1281.
19:14:26 | INFO: Draco encoder: Encoding mesh Canopy sprays 1282.
19:14:26 | INFO: Draco encoder: Encoding mesh Canopy sprays 1283.
19:14:26 | INFO: Draco encoder: Encoding mesh Canopy sprays 1284.
19:14:26 | INFO: Draco encoder: Encoding mesh Canopy sprays 1285.
19:14:26 | INFO: Draco encoder: Encoding mesh Canopy sprays 1286.
19:14:26 | INFO: Draco encoder: Encoding mesh Canopy sprays 1287.
19:14:26 | INFO: Draco encoder: Encoding mesh Canopy sprays 1288.
19:14:26 | INFO: Draco encoder: Encoding mesh Canopy sprays 1289.
19:14:26 | INFO: Draco encoder: Encoding mesh Canopy sprays 1290.
19:14:26 | INFO: Draco encoder: Encoding mesh Canopy sprays 1291.
19:14:26 | INFO: Draco encoder: Encoding mesh Canopy sprays 1292.
19:14:26 | INFO: Draco encoder: Encoding mesh Canopy sprays 1293.
19:14:26 | INFO: Draco encoder: Encoding mesh Canopy sprays 1294.
19:14:26 | INFO: Draco encoder: Encoding mesh Canopy sprays 1295.
19:14:26 | INFO: Draco encoder: Encoding mesh Canopy sprays 1296.
19:14:26 | INFO: Draco encoder: Encoding mesh Canopy sprays 1297.
19:14:26 | INFO: Draco encoder: Encoding mesh Canopy sprays 1298.
19:14:26 | INFO: Draco encoder: Encoding mesh Canopy sprays 1299.
19:14:26 | INFO: Draco encoder: Encoding mesh Canopy sprays 1300.
19:14:26 | INFO: Draco encoder: Encoding mesh Canopy sprays 1301.
19:14:26 | INFO: Draco encoder: Encoding mesh Canopy sprays 1302.
19:14:26 | INFO: Draco encoder: Encoding mesh Canopy sprays 1303.
19:14:26 | INFO: Draco encoder: Encoding mesh Canopy sprays 1304.
19:14:26 | INFO: Draco encoder: Encoding mesh Canopy sprays 1305.
19:14:26 | INFO: Draco encoder: Encoding mesh Canopy sprays 1306.
19:14:26 | INFO: Draco encoder: Encoding mesh Canopy sprays 1307.
19:14:26 | INFO: Draco encoder: Encoding mesh Canopy sprays 1308.
19:14:26 | INFO: Draco encoder: Encoding mesh Canopy sprays 1309.
19:14:26 | INFO: Draco encoder: Encoding mesh Canopy sprays 1310.
19:14:26 | INFO: Draco encoder: Encoding mesh Canopy sprays 1311.
19:14:26 | INFO: Draco encoder: Encoding mesh Canopy sprays 1312.
19:14:26 | INFO: Draco encoder: Encoding mesh Canopy sprays 1313.
19:14:26 | INFO: Draco encoder: Encoding mesh Canopy sprays 1314.
19:14:26 | INFO: Draco encoder: Encoding mesh Canopy sprays 1315.
19:14:26 | INFO: Draco encoder: Encoding mesh Canopy sprays 1316.
19:14:26 | INFO: Draco encoder: Encoding mesh Canopy sprays 1317.
19:14:26 | INFO: Draco encoder: Encoding mesh Canopy sprays 1318.
19:14:26 | INFO: Draco encoder: Encoding mesh Canopy sprays 1319.
19:14:26 | INFO: Draco encoder: Encoding mesh Canopy sprays 1320.
19:14:26 | INFO: Draco encoder: Encoding mesh Canopy sprays 1321.
19:14:26 | INFO: Draco encoder: Encoding mesh Canopy sprays 1322.
19:14:26 | INFO: Draco encoder: Encoding mesh Canopy sprays 1323.
19:14:26 | INFO: Draco encoder: Encoding mesh Canopy sprays 1324.
19:14:26 | INFO: Draco encoder: Encoding mesh Canopy sprays 1325.
19:14:26 | INFO: Draco encoder: Encoding mesh Canopy sprays 1326.
19:14:26 | INFO: Draco encoder: Encoding mesh Canopy sprays 1327.
19:14:26 | INFO: Draco encoder: Encoding mesh Canopy sprays 1328.
19:14:26 | INFO: Draco encoder: Encoding mesh Canopy sprays 1329.
19:14:26 | INFO: Draco encoder: Encoding mesh Canopy sprays 1330.
19:14:26 | INFO: Draco encoder: Encoding mesh Canopy sprays 1331.
19:14:26 | INFO: Draco encoder: Encoding mesh Canopy sprays 1332.
19:14:26 | INFO: Draco encoder: Encoding mesh Canopy sprays 1333.
19:14:26 | INFO: Draco encoder: Encoding mesh Canopy sprays 1334.
19:14:26 | INFO: Draco encoder: Encoding mesh Canopy sprays 1335.
19:14:26 | INFO: Draco encoder: Encoding mesh Canopy sprays 1336.
19:14:26 | INFO: Draco encoder: Encoding mesh Canopy sprays 1337.
19:14:26 | INFO: Draco encoder: Encoding mesh Canopy sprays 1338.
19:14:26 | INFO: Draco encoder: Encoding mesh Canopy sprays 1339.
19:14:26 | INFO: Draco encoder: Encoding mesh Canopy sprays 1340.
19:14:26 | INFO: Draco encoder: Encoding mesh Canopy sprays 1341.
19:14:26 | INFO: Draco encoder: Encoding mesh Canopy sprays 1342.
19:14:26 | INFO: Draco encoder: Encoding mesh Canopy sprays 1343.
19:14:26 | INFO: Draco encoder: Encoding mesh Canopy sprays 1344.
19:14:26 | INFO: Draco encoder: Encoding mesh Canopy sprays 1345.
19:14:26 | INFO: Draco encoder: Encoding mesh Canopy sprays 1346.
19:14:26 | INFO: Draco encoder: Encoding mesh Canopy sprays 1347.
19:14:26 | INFO: Draco encoder: Encoding mesh Canopy sprays 1348.
19:14:26 | INFO: Draco encoder: Encoding mesh Canopy sprays 1349.
19:14:26 | INFO: Draco encoder: Encoding mesh Canopy sprays 1350.
19:14:26 | INFO: Draco encoder: Encoding mesh Canopy sprays 1351.
19:14:26 | INFO: Draco encoder: Encoding mesh Canopy sprays 1352.
19:14:26 | INFO: Draco encoder: Encoding mesh Canopy sprays 1353.
19:14:26 | INFO: Draco encoder: Encoding mesh Canopy sprays 1354.
19:14:26 | INFO: Draco encoder: Encoding mesh Canopy sprays 1355.
19:14:26 | INFO: Draco encoder: Encoding mesh Canopy sprays 1356.
19:14:26 | INFO: Draco encoder: Encoding mesh Canopy sprays 1357.
19:14:26 | INFO: Draco encoder: Encoding mesh Canopy sprays 1358.
19:14:26 | INFO: Draco encoder: Encoding mesh Canopy sprays 1359.
19:14:26 | INFO: Draco encoder: Encoding mesh Canopy sprays 1360.
19:14:26 | INFO: Draco encoder: Encoding mesh Canopy sprays 1361.
19:14:26 | INFO: Draco encoder: Encoding mesh Canopy sprays 1362.
19:14:26 | INFO: Draco encoder: Encoding mesh Canopy sprays 1363.
19:14:26 | INFO: Draco encoder: Encoding mesh Canopy sprays 1364.
19:14:26 | INFO: Draco encoder: Encoding mesh Canopy sprays 1365.
19:14:26 | INFO: Draco encoder: Encoding mesh Canopy sprays 1366.
19:14:26 | INFO: Draco encoder: Encoding mesh Canopy sprays 1367.
19:14:26 | INFO: Draco encoder: Encoding mesh Canopy sprays 1368.
19:14:26 | INFO: Draco encoder: Encoding mesh Canopy sprays 1369.
19:14:26 | INFO: Draco encoder: Encoding mesh Canopy sprays 1370.
19:14:26 | INFO: Draco encoder: Encoding mesh Canopy sprays 1371.
19:14:26 | INFO: Draco encoder: Encoding mesh Canopy sprays 1372.
19:14:26 | INFO: Draco encoder: Encoding mesh Canopy sprays 1373.
19:14:26 | INFO: Draco encoder: Encoding mesh Canopy sprays 1374.
19:14:26 | INFO: Draco encoder: Encoding mesh Canopy sprays 1375.
19:14:26 | INFO: Draco encoder: Encoding mesh Canopy sprays 1376.
19:14:26 | INFO: Draco encoder: Encoding mesh Canopy sprays 1377.
19:14:26 | INFO: Draco encoder: Encoding mesh Canopy sprays 1378.
19:14:26 | INFO: Draco encoder: Encoding mesh Canopy sprays 1379.
19:14:26 | INFO: Draco encoder: Encoding mesh Canopy sprays 1380.
19:14:26 | INFO: Draco encoder: Encoding mesh Canopy sprays 1381.
19:14:26 | INFO: Draco encoder: Encoding mesh Canopy sprays 1382.
19:14:26 | INFO: Draco encoder: Encoding mesh Canopy sprays 1383.
19:14:26 | INFO: Draco encoder: Encoding mesh Canopy sprays 1384.
19:14:26 | INFO: Draco encoder: Encoding mesh Canopy sprays 1385.
19:14:26 | INFO: Draco encoder: Encoding mesh Canopy sprays 1386.
19:14:26 | INFO: Draco encoder: Encoding mesh Canopy sprays 1387.
19:14:26 | INFO: Draco encoder: Encoding mesh Canopy sprays 1388.
19:14:26 | INFO: Draco encoder: Encoding mesh Canopy sprays 1389.
19:14:26 | INFO: Draco encoder: Encoding mesh Canopy sprays 1390.
19:14:26 | INFO: Draco encoder: Encoding mesh Canopy sprays 1391.
19:14:26 | INFO: Draco encoder: Encoding mesh Canopy sprays 1392.
19:14:26 | INFO: Draco encoder: Encoding mesh Canopy sprays 1393.
19:14:26 | INFO: Draco encoder: Encoding mesh Canopy sprays 1394.
19:14:26 | INFO: Draco encoder: Encoding mesh Canopy sprays 1395.
19:14:26 | INFO: Draco encoder: Encoding mesh Canopy sprays 1396.
19:14:26 | INFO: Draco encoder: Encoding mesh Canopy sprays 1397.
19:14:26 | INFO: Draco encoder: Encoding mesh Canopy sprays 1398.
19:14:26 | INFO: Draco encoder: Encoding mesh Canopy sprays 1399.
19:14:26 | INFO: Draco encoder: Encoding mesh Canopy sprays 1400.
19:14:26 | INFO: Draco encoder: Encoding mesh Canopy sprays 1401.
19:14:26 | INFO: Draco encoder: Encoding mesh Canopy sprays 1402.
19:14:26 | INFO: Draco encoder: Encoding mesh Canopy sprays 1403.
19:14:26 | INFO: Draco encoder: Encoding mesh Canopy sprays 1404.
19:14:26 | INFO: Draco encoder: Encoding mesh Canopy sprays 1405.
19:14:26 | INFO: Draco encoder: Encoding mesh Canopy sprays 1406.
19:14:26 | INFO: Draco encoder: Encoding mesh Canopy sprays 1407.
19:14:26 | INFO: Draco encoder: Encoding mesh Canopy sprays 1408.
19:14:26 | INFO: Draco encoder: Encoding mesh Canopy sprays 1409.
19:14:26 | INFO: Draco encoder: Encoding mesh Canopy sprays 1410.
19:14:26 | INFO: Draco encoder: Encoding mesh Canopy sprays 1411.
19:14:26 | INFO: Draco encoder: Encoding mesh Canopy sprays 1412.
19:14:26 | INFO: Draco encoder: Encoding mesh Canopy sprays 1413.
19:14:26 | INFO: Draco encoder: Encoding mesh Canopy sprays 1414.
19:14:26 | INFO: Draco encoder: Encoding mesh Canopy sprays 1415.
19:14:26 | INFO: Draco encoder: Encoding mesh Canopy sprays 1416.
19:14:26 | INFO: Draco encoder: Encoding mesh Canopy sprays 1417.
19:14:26 | INFO: Draco encoder: Encoding mesh Canopy sprays 1418.
19:14:26 | INFO: Draco encoder: Encoding mesh Canopy sprays 1419.
19:14:26 | INFO: Draco encoder: Encoding mesh Canopy sprays 1420.
19:14:26 | INFO: Draco encoder: Encoding mesh Canopy sprays 1421.
19:14:26 | INFO: Draco encoder: Encoding mesh Canopy sprays 1422.
19:14:26 | INFO: Draco encoder: Encoding mesh Canopy sprays 1423.
19:14:26 | INFO: Draco encoder: Encoding mesh Canopy sprays 1424.
19:14:26 | INFO: Draco encoder: Encoding mesh Canopy sprays 1425.
19:14:26 | INFO: Draco encoder: Encoding mesh Canopy sprays 1426.
19:14:26 | INFO: Draco encoder: Encoding mesh Canopy sprays 1427.
19:14:26 | INFO: Draco encoder: Encoding mesh Canopy sprays 1428.
19:14:26 | INFO: Draco encoder: Encoding mesh Canopy sprays 1429.
19:14:26 | INFO: Draco encoder: Encoding mesh Canopy sprays 1430.
19:14:26 | INFO: Draco encoder: Encoding mesh Canopy sprays 1431.
19:14:26 | INFO: Draco encoder: Encoding mesh Canopy sprays 1432.
19:14:26 | INFO: Draco encoder: Encoding mesh Canopy sprays 1433.
19:14:26 | INFO: Draco encoder: Encoding mesh Canopy sprays 1434.
19:14:26 | INFO: Draco encoder: Encoding mesh Canopy sprays 1435.
19:14:26 | INFO: Draco encoder: Encoding mesh Canopy sprays 1436.
19:14:26 | INFO: Draco encoder: Encoding mesh Canopy sprays 1437.
19:14:26 | INFO: Draco encoder: Encoding mesh Canopy sprays 1438.
19:14:26 | INFO: Draco encoder: Encoding mesh Canopy sprays 1439.
19:14:26 | INFO: Draco encoder: Encoding mesh Canopy sprays 1440.
19:14:26 | INFO: Draco encoder: Encoding mesh Canopy sprays 1441.
19:14:26 | INFO: Draco encoder: Encoding mesh Canopy sprays 1442.
19:14:26 | INFO: Draco encoder: Encoding mesh Canopy sprays 1443.
19:14:26 | INFO: Draco encoder: Encoding mesh Canopy sprays 1444.
19:14:26 | INFO: Draco encoder: Encoding mesh Canopy sprays 1445.
19:14:26 | INFO: Draco encoder: Encoding mesh Canopy sprays 1446.
19:14:26 | INFO: Draco encoder: Encoding mesh Canopy sprays 1447.
19:14:26 | INFO: Draco encoder: Encoding mesh Canopy sprays 1448.
19:14:26 | INFO: Draco encoder: Encoding mesh Canopy sprays 1449.
19:14:26 | INFO: Draco encoder: Encoding mesh Canopy sprays 1450.
19:14:26 | INFO: Draco encoder: Encoding mesh Canopy sprays 1451.
19:14:26 | INFO: Draco encoder: Encoding mesh Canopy sprays 1452.
19:14:26 | INFO: Draco encoder: Encoding mesh Canopy sprays 1453.
19:14:26 | INFO: Draco encoder: Encoding mesh Canopy sprays 1454.
19:14:26 | INFO: Draco encoder: Encoding mesh Canopy sprays 1455.
19:14:26 | INFO: Draco encoder: Encoding mesh Canopy sprays 1456.
19:14:26 | INFO: Draco encoder: Encoding mesh Canopy sprays 1457.
19:14:26 | INFO: Draco encoder: Encoding mesh Canopy sprays 1458.
19:14:26 | INFO: Draco encoder: Encoding mesh Canopy sprays 1459.
19:14:26 | INFO: Draco encoder: Encoding mesh Canopy sprays 1460.
19:14:26 | INFO: Draco encoder: Encoding mesh Canopy sprays 1461.
19:14:26 | INFO: Draco encoder: Encoding mesh Canopy sprays 1462.
19:14:26 | INFO: Draco encoder: Encoding mesh Canopy sprays 1463.
19:14:26 | INFO: Draco encoder: Encoding mesh Canopy sprays 1464.
19:14:26 | INFO: Draco encoder: Encoding mesh Canopy sprays 1465.
19:14:26 | INFO: Draco encoder: Encoding mesh Canopy sprays 1466.
19:14:26 | INFO: Draco encoder: Encoding mesh Canopy sprays 1467.
19:14:26 | INFO: Draco encoder: Encoding mesh Canopy sprays 1468.
19:14:26 | INFO: Draco encoder: Encoding mesh Canopy sprays 1469.
19:14:26 | INFO: Draco encoder: Encoding mesh Canopy sprays 1470.
19:14:26 | INFO: Draco encoder: Encoding mesh Canopy sprays 1471.
19:14:26 | INFO: Draco encoder: Encoding mesh Canopy sprays 1472.
19:14:26 | INFO: Draco encoder: Encoding mesh Canopy sprays 1473.
19:14:26 | INFO: Draco encoder: Encoding mesh Canopy sprays 1474.
19:14:26 | INFO: Draco encoder: Encoding mesh Canopy sprays 1475.
19:14:26 | INFO: Draco encoder: Encoding mesh Canopy sprays 1476.
19:14:26 | INFO: Draco encoder: Encoding mesh Canopy sprays 1477.
19:14:26 | INFO: Draco encoder: Encoding mesh Canopy sprays 1478.
19:14:26 | INFO: Draco encoder: Encoding mesh Canopy sprays 1479.
19:14:26 | INFO: Draco encoder: Encoding mesh Canopy sprays 1480.
19:14:26 | INFO: Draco encoder: Encoding mesh Canopy sprays 1481.
19:14:26 | INFO: Draco encoder: Encoding mesh Canopy sprays 1482.
19:14:26 | INFO: Draco encoder: Encoding mesh Canopy sprays 1483.
19:14:26 | INFO: Draco encoder: Encoding mesh Canopy sprays 1484.
19:14:26 | INFO: Draco encoder: Encoding mesh Canopy sprays 1485.
19:14:26 | INFO: Draco encoder: Encoding mesh Canopy sprays 1486.
19:14:26 | INFO: Draco encoder: Encoding mesh Canopy sprays 1487.
19:14:26 | INFO: Draco encoder: Encoding mesh Canopy sprays 1488.
19:14:26 | INFO: Draco encoder: Encoding mesh Canopy sprays 1489.
19:14:26 | INFO: Draco encoder: Encoding mesh Canopy sprays 1490.
19:14:26 | INFO: Draco encoder: Encoding mesh Canopy sprays 1491.
19:14:26 | INFO: Draco encoder: Encoding mesh Canopy sprays 1492.
19:14:26 | INFO: Draco encoder: Encoding mesh Canopy sprays 1493.
19:14:26 | INFO: Draco encoder: Encoding mesh Canopy sprays 1494.
19:14:26 | INFO: Draco encoder: Encoding mesh Canopy sprays 1495.
19:14:26 | INFO: Draco encoder: Encoding mesh Canopy sprays 1496.
19:14:26 | INFO: Draco encoder: Encoding mesh Canopy sprays 1497.
19:14:26 | INFO: Draco encoder: Encoding mesh Canopy sprays 1498.
19:14:26 | INFO: Draco encoder: Encoding mesh Canopy sprays 1499.
19:14:26 | INFO: Draco encoder: Encoding mesh Canopy sprays 1500.
19:14:26 | INFO: Draco encoder: Encoding mesh Canopy sprays 1501.
19:14:26 | INFO: Draco encoder: Encoding mesh Canopy sprays 1502.
19:14:26 | INFO: Draco encoder: Encoding mesh Canopy sprays 1503.
19:14:26 | INFO: Draco encoder: Encoding mesh Canopy sprays 1504.
19:14:26 | INFO: Draco encoder: Encoding mesh Canopy sprays 1505.
19:14:26 | INFO: Draco encoder: Encoding mesh Canopy sprays 1506.
19:14:26 | INFO: Draco encoder: Encoding mesh Canopy sprays 1507.
19:14:26 | INFO: Draco encoder: Encoding mesh Canopy sprays 1508.
19:14:26 | INFO: Draco encoder: Encoding mesh Canopy sprays 1509.
19:14:26 | INFO: Draco encoder: Encoding mesh Canopy sprays 1510.
19:14:26 | INFO: Draco encoder: Encoding mesh Canopy sprays 1511.
19:14:26 | INFO: Draco encoder: Encoding mesh Canopy sprays 1512.
19:14:26 | INFO: Draco encoder: Encoding mesh Canopy sprays 1513.
19:14:26 | INFO: Draco encoder: Encoding mesh Canopy sprays 1514.
19:14:26 | INFO: Draco encoder: Encoding mesh Canopy sprays 1515.
19:14:26 | INFO: Draco encoder: Encoding mesh Canopy sprays 1516.
19:14:26 | INFO: Draco encoder: Encoding mesh Canopy sprays 1517.
19:14:26 | INFO: Draco encoder: Encoding mesh Canopy sprays 1518.
19:14:26 | INFO: Draco encoder: Encoding mesh Canopy sprays 1519.
19:14:26 | INFO: Draco encoder: Encoding mesh Canopy sprays 1520.
19:14:26 | INFO: Draco encoder: Encoding mesh Canopy sprays 1521.
19:14:26 | INFO: Draco encoder: Encoding mesh Canopy sprays 1522.
19:14:26 | INFO: Draco encoder: Encoding mesh Canopy sprays 1523.
19:14:26 | INFO: Draco encoder: Encoding mesh Canopy sprays 1524.
19:14:26 | INFO: Draco encoder: Encoding mesh Canopy sprays 1525.
19:14:26 | INFO: Draco encoder: Encoding mesh Canopy sprays 1526.
19:14:26 | INFO: Draco encoder: Encoding mesh Canopy sprays 1527.
19:14:26 | INFO: Draco encoder: Encoding mesh Canopy sprays 1528.
19:14:26 | INFO: Draco encoder: Encoding mesh Canopy sprays 1529.
19:14:26 | INFO: Draco encoder: Encoding mesh Canopy sprays 1530.
19:14:26 | INFO: Draco encoder: Encoding mesh Canopy sprays 1531.
19:14:26 | INFO: Draco encoder: Encoding mesh Canopy sprays 1532.
19:14:26 | INFO: Draco encoder: Encoding mesh Canopy sprays 1533.
19:14:26 | INFO: Draco encoder: Encoding mesh Canopy sprays 1534.
19:14:26 | INFO: Draco encoder: Encoding mesh Canopy sprays 1535.
19:14:26 | INFO: Draco encoder: Encoding mesh Canopy sprays 1536.
19:14:26 | INFO: Draco encoder: Encoding mesh Canopy sprays 1537.
19:14:26 | INFO: Draco encoder: Encoding mesh Canopy sprays 1538.
19:14:26 | INFO: Draco encoder: Encoding mesh Canopy sprays 1539.
19:14:26 | INFO: Draco encoder: Encoding mesh Canopy sprays 1540.
19:14:26 | INFO: Draco encoder: Encoding mesh Canopy sprays 1541.
19:14:26 | INFO: Draco encoder: Encoding mesh Canopy sprays 1542.
19:14:26 | INFO: Draco encoder: Encoding mesh Canopy sprays 1543.
19:14:26 | INFO: Draco encoder: Encoding mesh Canopy sprays 1544.
19:14:26 | INFO: Draco encoder: Encoding mesh Canopy sprays 1545.
19:14:26 | INFO: Draco encoder: Encoding mesh Canopy sprays 1546.
19:14:26 | INFO: Draco encoder: Encoding mesh Canopy sprays 1547.
19:14:26 | INFO: Draco encoder: Encoding mesh Canopy sprays 1548.
19:14:26 | INFO: Draco encoder: Encoding mesh Canopy sprays 1549.
19:14:26 | INFO: Draco encoder: Encoding mesh Canopy sprays 1550.
19:14:26 | INFO: Draco encoder: Encoding mesh Canopy sprays 1551.
19:14:26 | INFO: Draco encoder: Encoding mesh Canopy sprays 1552.
19:14:26 | INFO: Draco encoder: Encoding mesh Canopy sprays 1553.
19:14:26 | INFO: Draco encoder: Encoding mesh Canopy sprays 1554.
19:14:26 | INFO: Draco encoder: Encoding mesh Canopy sprays 1555.
19:14:26 | INFO: Draco encoder: Encoding mesh Canopy sprays 1556.
19:14:26 | INFO: Draco encoder: Encoding mesh Canopy sprays 1557.
19:14:26 | INFO: Draco encoder: Encoding mesh Canopy sprays 1558.
19:14:26 | INFO: Draco encoder: Encoding mesh Canopy sprays 1559.
19:14:26 | INFO: Draco encoder: Encoding mesh Canopy sprays 1560.
19:14:26 | INFO: Draco encoder: Encoding mesh Canopy sprays 1561.
19:14:26 | INFO: Draco encoder: Encoding mesh Canopy sprays 1562.
19:14:26 | INFO: Draco encoder: Encoding mesh Canopy sprays 1563.
19:14:26 | INFO: Draco encoder: Encoding mesh Canopy sprays 1564.
19:14:26 | INFO: Draco encoder: Encoding mesh Canopy sprays 1565.
19:14:26 | INFO: Draco encoder: Encoding mesh Canopy sprays 1566.
19:14:26 | INFO: Draco encoder: Encoding mesh Canopy sprays 1567.
19:14:26 | INFO: Draco encoder: Encoding mesh Canopy sprays 1568.
19:14:26 | INFO: Draco encoder: Encoding mesh Canopy sprays 1569.
19:14:26 | INFO: Draco encoder: Encoding mesh Canopy sprays 1570.
19:14:26 | INFO: Draco encoder: Encoding mesh Canopy sprays 1571.
19:14:26 | INFO: Draco encoder: Encoding mesh Canopy sprays 1572.
19:14:26 | INFO: Draco encoder: Encoding mesh Canopy sprays 1573.
19:14:26 | INFO: Draco encoder: Encoding mesh Canopy sprays 1574.
19:14:26 | INFO: Draco encoder: Encoding mesh Canopy sprays 1575.
19:14:26 | INFO: Draco encoder: Encoding mesh Canopy sprays 1576.
19:14:26 | INFO: Draco encoder: Encoding mesh Canopy sprays 1577.
19:14:26 | INFO: Draco encoder: Encoding mesh Canopy sprays 1578.
19:14:26 | INFO: Draco encoder: Encoding mesh Canopy sprays 1579.
19:14:26 | INFO: Draco encoder: Encoding mesh Canopy sprays 1580.
19:14:26 | INFO: Draco encoder: Encoding mesh Canopy sprays 1581.
19:14:26 | INFO: Draco encoder: Encoding mesh Canopy sprays 1582.
19:14:26 | INFO: Draco encoder: Encoding mesh Canopy sprays 1583.
19:14:26 | INFO: Draco encoder: Encoding mesh Canopy sprays 1584.
19:14:26 | INFO: Draco encoder: Encoding mesh Canopy sprays 1585.
19:14:26 | INFO: Draco encoder: Encoding mesh Canopy sprays 1586.
19:14:26 | INFO: Draco encoder: Encoding mesh Canopy sprays 1587.
19:14:26 | INFO: Draco encoder: Encoding mesh Canopy sprays 1588.
19:14:26 | INFO: Draco encoder: Encoding mesh Canopy sprays 1589.
19:14:26 | INFO: Draco encoder: Encoding mesh Canopy sprays 1590.
19:14:26 | INFO: Draco encoder: Encoding mesh Canopy sprays 1591.
19:14:26 | INFO: Draco encoder: Encoding mesh Canopy sprays 1592.
19:14:26 | INFO: Draco encoder: Encoding mesh Canopy sprays 1593.
19:14:26 | INFO: Draco encoder: Encoding mesh Canopy sprays 1594.
19:14:26 | INFO: Draco encoder: Encoding mesh Canopy sprays 1595.
19:14:26 | INFO: Draco encoder: Encoding mesh Canopy sprays 1596.
19:14:26 | INFO: Draco encoder: Encoding mesh Canopy sprays 1597.
19:14:26 | INFO: Draco encoder: Encoding mesh Canopy sprays 1598.
19:14:26 | INFO: Draco encoder: Encoding mesh Canopy sprays 1599.
19:14:26 | INFO: Draco encoder: Encoding mesh Canopy sprays 1600.
19:14:26 | INFO: Draco encoder: Encoding mesh Canopy sprays 1601.
19:14:26 | INFO: Draco encoder: Encoding mesh Canopy sprays 1602.
19:14:26 | INFO: Draco encoder: Encoding mesh Canopy sprays 1603.
19:14:26 | INFO: Draco encoder: Encoding mesh Canopy sprays 1604.
19:14:26 | INFO: Draco encoder: Encoding mesh Canopy sprays 1605.
19:14:26 | INFO: Draco encoder: Encoding mesh Canopy sprays 1606.
19:14:26 | INFO: Draco encoder: Encoding mesh Canopy sprays 1607.
19:14:26 | INFO: Draco encoder: Encoding mesh Canopy sprays 1608.
19:14:26 | INFO: Draco encoder: Encoding mesh Canopy sprays 1609.
19:14:26 | INFO: Draco encoder: Encoding mesh Canopy sprays 1610.
19:14:26 | INFO: Draco encoder: Encoding mesh Canopy sprays 1611.
19:14:26 | INFO: Draco encoder: Encoding mesh Canopy sprays 1612.
19:14:26 | INFO: Draco encoder: Encoding mesh Canopy sprays 1613.
19:14:26 | INFO: Draco encoder: Encoding mesh Canopy sprays 1614.
19:14:26 | INFO: Draco encoder: Encoding mesh Canopy sprays 1615.
19:14:26 | INFO: Draco encoder: Encoding mesh Canopy sprays 1616.
19:14:26 | INFO: Draco encoder: Encoding mesh Canopy sprays 1617.
19:14:26 | INFO: Draco encoder: Encoding mesh Canopy sprays 1618.
19:14:26 | INFO: Draco encoder: Encoding mesh Canopy sprays 1619.
19:14:26 | INFO: Draco encoder: Encoding mesh Canopy sprays 1620.
19:14:26 | INFO: Draco encoder: Encoding mesh Canopy sprays 1621.
19:14:26 | INFO: Draco encoder: Encoding mesh Canopy sprays 1622.
19:14:26 | INFO: Draco encoder: Encoding mesh Canopy sprays 1623.
19:14:26 | INFO: Draco encoder: Encoding mesh Canopy sprays 1624.
19:14:26 | INFO: Draco encoder: Encoding mesh Canopy sprays 1625.
19:14:26 | INFO: Draco encoder: Encoding mesh Canopy sprays 1626.
19:14:26 | INFO: Draco encoder: Encoding mesh Canopy sprays 1627.
19:14:26 | INFO: Draco encoder: Encoding mesh Canopy sprays 1628.
19:14:26 | INFO: Draco encoder: Encoding mesh Canopy sprays 1629.
19:14:26 | INFO: Draco encoder: Encoding mesh Canopy sprays 1630.
19:14:26 | INFO: Draco encoder: Encoding mesh Canopy sprays 1631.
19:14:26 | INFO: Draco encoder: Encoding mesh Canopy sprays 1632.
19:14:26 | INFO: Draco encoder: Encoding mesh Canopy sprays 1633.
19:14:26 | INFO: Draco encoder: Encoding mesh Canopy sprays 1634.
19:14:26 | INFO: Draco encoder: Encoding mesh Canopy sprays 1635.
19:14:26 | INFO: Draco encoder: Encoding mesh Canopy sprays 1636.
19:14:26 | INFO: Draco encoder: Encoding mesh Canopy sprays 1637.
19:14:26 | INFO: Draco encoder: Encoding mesh Canopy sprays 1638.
19:14:26 | INFO: Draco encoder: Encoding mesh Canopy sprays 1639.
19:14:26 | INFO: Draco encoder: Encoding mesh Canopy sprays 1640.
19:14:26 | INFO: Draco encoder: Encoding mesh Canopy sprays 1641.
19:14:26 | INFO: Draco encoder: Encoding mesh Canopy sprays 1642.
19:14:26 | INFO: Draco encoder: Encoding mesh Canopy sprays 1643.
19:14:26 | INFO: Draco encoder: Encoding mesh Canopy sprays 1644.
19:14:26 | INFO: Draco encoder: Encoding mesh Canopy sprays 1645.
19:14:26 | INFO: Draco encoder: Encoding mesh Canopy sprays 1646.
19:14:26 | INFO: Draco encoder: Encoding mesh Canopy sprays 1647.
19:14:26 | INFO: Draco encoder: Encoding mesh Canopy sprays 1648.
19:14:26 | INFO: Draco encoder: Encoding mesh Canopy sprays 1649.
19:14:26 | INFO: Draco encoder: Encoding mesh Canopy sprays 1650.
19:14:26 | INFO: Draco encoder: Encoding mesh Canopy sprays 1651.
19:14:26 | INFO: Draco encoder: Encoding mesh Canopy sprays 1652.
19:14:26 | INFO: Draco encoder: Encoding mesh Canopy sprays 1653.
19:14:26 | INFO: Draco encoder: Encoding mesh Canopy sprays 1654.
19:14:26 | INFO: Draco encoder: Encoding mesh Canopy sprays 1655.
19:14:26 | INFO: Draco encoder: Encoding mesh Canopy sprays 1656.
19:14:26 | INFO: Draco encoder: Encoding mesh Canopy sprays 1657.
19:14:26 | INFO: Draco encoder: Encoding mesh Canopy sprays 1658.
19:14:26 | INFO: Draco encoder: Encoding mesh Canopy sprays 1659.
19:14:26 | INFO: Draco encoder: Encoding mesh Canopy sprays 1660.
19:14:26 | INFO: Draco encoder: Encoding mesh Canopy sprays 1661.
19:14:26 | INFO: Draco encoder: Encoding mesh Canopy sprays 1662.
19:14:26 | INFO: Draco encoder: Encoding mesh Canopy sprays 1663.
19:14:26 | INFO: Draco encoder: Encoding mesh Canopy sprays 1664.
19:14:26 | INFO: Draco encoder: Encoding mesh Canopy sprays 1665.
19:14:26 | INFO: Draco encoder: Encoding mesh Canopy sprays 1666.
19:14:26 | INFO: Draco encoder: Encoding mesh Canopy sprays 1667.
19:14:26 | INFO: Draco encoder: Encoding mesh Canopy sprays 1668.
19:14:26 | INFO: Draco encoder: Encoding mesh Canopy sprays 1669.
19:14:26 | INFO: Draco encoder: Encoding mesh Canopy sprays 1670.
19:14:26 | INFO: Draco encoder: Encoding mesh Canopy sprays 1671.
19:14:26 | INFO: Draco encoder: Encoding mesh Canopy sprays 1672.
19:14:26 | INFO: Draco encoder: Encoding mesh Canopy sprays 1673.
19:14:26 | INFO: Draco encoder: Encoding mesh Canopy sprays 1674.
19:14:26 | INFO: Draco encoder: Encoding mesh Canopy sprays 1675.
19:14:26 | INFO: Draco encoder: Encoding mesh Canopy sprays 1676.
19:14:26 | INFO: Draco encoder: Encoding mesh Canopy sprays 1677.
19:14:26 | INFO: Draco encoder: Encoding mesh Canopy sprays 1678.
19:14:26 | INFO: Draco encoder: Encoding mesh Canopy sprays 1679.
19:14:26 | INFO: Draco encoder: Encoding mesh Canopy sprays 1680.
19:14:26 | INFO: Draco encoder: Encoding mesh Canopy sprays 1681.
19:14:26 | INFO: Draco encoder: Encoding mesh Canopy sprays 1682.
19:14:26 | INFO: Draco encoder: Encoding mesh Canopy sprays 1683.
19:14:26 | INFO: Draco encoder: Encoding mesh Canopy sprays 1684.
19:14:26 | INFO: Draco encoder: Encoding mesh Canopy sprays 1685.
19:14:26 | INFO: Draco encoder: Encoding mesh Canopy sprays 1686.
19:14:26 | INFO: Draco encoder: Encoding mesh Canopy sprays 1687.
19:14:26 | INFO: Draco encoder: Encoding mesh Canopy sprays 1688.
19:14:26 | INFO: Draco encoder: Encoding mesh Canopy sprays 1689.
19:14:26 | INFO: Draco encoder: Encoding mesh Canopy sprays 1690.
19:14:26 | INFO: Draco encoder: Encoding mesh Canopy sprays 1691.
19:14:26 | INFO: Draco encoder: Encoding mesh Canopy sprays 1692.
19:14:26 | INFO: Draco encoder: Encoding mesh Canopy sprays 1693.
19:14:26 | INFO: Draco encoder: Encoding mesh Canopy sprays 1694.
19:14:26 | INFO: Draco encoder: Encoding mesh Canopy sprays 1695.
19:14:26 | INFO: Draco encoder: Encoding mesh Canopy sprays 1696.
19:14:26 | INFO: Draco encoder: Encoding mesh Canopy sprays 1697.
19:14:26 | INFO: Draco encoder: Encoding mesh Canopy sprays 1698.
19:14:26 | INFO: Draco encoder: Encoding mesh Canopy sprays 1699.
19:14:26 | INFO: Draco encoder: Encoding mesh Canopy sprays 1700.
19:14:26 | INFO: Draco encoder: Encoding mesh Canopy sprays 1701.
19:14:26 | INFO: Draco encoder: Encoding mesh Canopy sprays 1702.
19:14:26 | INFO: Draco encoder: Encoding mesh Canopy sprays 1703.
19:14:26 | INFO: Draco encoder: Encoding mesh Canopy sprays 1704.
19:14:26 | INFO: Draco encoder: Encoding mesh Canopy sprays 1705.
19:14:26 | INFO: Draco encoder: Encoding mesh Canopy sprays 1706.
19:14:26 | INFO: Draco encoder: Encoding mesh Canopy sprays 1707.
19:14:26 | INFO: Draco encoder: Encoding mesh Canopy sprays 1708.
19:14:26 | INFO: Draco encoder: Encoding mesh Canopy sprays 1709.
19:14:26 | INFO: Draco encoder: Encoding mesh Canopy sprays 1710.
19:14:26 | INFO: Draco encoder: Encoding mesh Canopy sprays 1711.
19:14:26 | INFO: Draco encoder: Encoding mesh Canopy sprays 1712.
19:14:26 | INFO: Draco encoder: Encoding mesh Canopy sprays 1713.
19:14:26 | INFO: Draco encoder: Encoding mesh Canopy sprays 1714.
19:14:26 | INFO: Draco encoder: Encoding mesh Canopy sprays 1715.
19:14:26 | INFO: Draco encoder: Encoding mesh Canopy sprays 1716.
19:14:26 | INFO: Draco encoder: Encoding mesh Canopy sprays 1717.
19:14:26 | INFO: Draco encoder: Encoding mesh Canopy sprays 1718.
19:14:26 | INFO: Draco encoder: Encoding mesh Canopy sprays 1719.
19:14:26 | INFO: Draco encoder: Encoding mesh Canopy sprays 1720.
19:14:26 | INFO: Draco encoder: Encoding mesh Canopy sprays 1721.
19:14:26 | INFO: Draco encoder: Encoding mesh Canopy sprays 1722.
19:14:26 | INFO: Draco encoder: Encoding mesh Canopy sprays 1723.
19:14:26 | INFO: Draco encoder: Encoding mesh Canopy sprays 1724.
19:14:26 | INFO: Draco encoder: Encoding mesh Canopy sprays 1725.
19:14:26 | INFO: Draco encoder: Encoding mesh Canopy sprays 1726.
19:14:26 | INFO: Draco encoder: Encoding mesh Canopy sprays 1727.
19:14:26 | INFO: Draco encoder: Encoding mesh Canopy sprays 1728.
19:14:26 | INFO: Draco encoder: Encoding mesh Canopy sprays 1729.
19:14:26 | INFO: Draco encoder: Encoding mesh Canopy sprays 1730.
19:14:26 | INFO: Draco encoder: Encoding mesh Canopy sprays 1731.
19:14:26 | INFO: Draco encoder: Encoding mesh Canopy sprays 1732.
19:14:26 | INFO: Draco encoder: Encoding mesh Canopy sprays 1733.
19:14:26 | INFO: Draco encoder: Encoding mesh Canopy sprays 1734.
19:14:26 | INFO: Draco encoder: Encoding mesh Canopy sprays 1735.
19:14:26 | INFO: Draco encoder: Encoding mesh Canopy sprays 1736.
19:14:26 | INFO: Draco encoder: Encoding mesh Canopy sprays 1737.
19:14:26 | INFO: Draco encoder: Encoding mesh Canopy sprays 1738.
19:14:26 | INFO: Draco encoder: Encoding mesh Canopy sprays 1739.
19:14:26 | INFO: Draco encoder: Encoding mesh Canopy sprays 1740.
19:14:26 | INFO: Draco encoder: Encoding mesh Canopy sprays 1741.
19:14:26 | INFO: Draco encoder: Encoding mesh Canopy sprays 1742.
19:14:26 | INFO: Draco encoder: Encoding mesh Canopy sprays 1743.
19:14:26 | INFO: Draco encoder: Encoding mesh Canopy sprays 1744.
19:14:26 | INFO: Draco encoder: Encoding mesh Canopy sprays 1745.
19:14:26 | INFO: Draco encoder: Encoding mesh Canopy sprays 1746.
19:14:26 | INFO: Draco encoder: Encoding mesh Canopy sprays 1747.
19:14:26 | INFO: Draco encoder: Encoding mesh Canopy sprays 1748.
19:14:26 | INFO: Draco encoder: Encoding mesh Canopy sprays 1749.
19:14:26 | INFO: Draco encoder: Encoding mesh Canopy sprays 1750.
19:14:26 | INFO: Draco encoder: Encoding mesh Canopy sprays 1751.
19:14:26 | INFO: Draco encoder: Encoding mesh Canopy sprays 1752.
19:14:26 | INFO: Draco encoder: Encoding mesh Canopy sprays 1753.
19:14:26 | INFO: Draco encoder: Encoding mesh Canopy sprays 1754.
19:14:26 | INFO: Draco encoder: Encoding mesh Canopy sprays 1755.
19:14:26 | INFO: Draco encoder: Encoding mesh Canopy sprays 1756.
19:14:26 | INFO: Draco encoder: Encoding mesh Canopy sprays 1757.
19:14:26 | INFO: Draco encoder: Encoding mesh Canopy sprays 1758.
19:14:26 | INFO: Draco encoder: Encoding mesh Canopy sprays 1759.
19:14:26 | INFO: Draco encoder: Encoding mesh Canopy sprays 1760.
19:14:26 | INFO: Draco encoder: Encoding mesh Canopy sprays 1761.
19:14:26 | INFO: Draco encoder: Encoding mesh Canopy sprays 1762.
19:14:26 | INFO: Draco encoder: Encoding mesh Canopy sprays 1763.
19:14:26 | INFO: Draco encoder: Encoding mesh Canopy sprays 1764.
19:14:26 | INFO: Draco encoder: Encoding mesh Canopy sprays 1765.
19:14:26 | INFO: Draco encoder: Encoding mesh Canopy sprays 1766.
19:14:26 | INFO: Draco encoder: Encoding mesh Canopy sprays 1767.
19:14:26 | INFO: Draco encoder: Encoding mesh Canopy sprays 1768.
19:14:26 | INFO: Draco encoder: Encoding mesh Canopy sprays 1769.
19:14:26 | INFO: Draco encoder: Encoding mesh Canopy sprays 1770.
19:14:26 | INFO: Draco encoder: Encoding mesh Canopy sprays 1771.
19:14:26 | INFO: Draco encoder: Encoding mesh Canopy sprays 1772.
19:14:26 | INFO: Draco encoder: Encoding mesh Canopy sprays 1773.
19:14:26 | INFO: Draco encoder: Encoding mesh Canopy sprays 1774.
19:14:26 | INFO: Draco encoder: Encoding mesh Canopy sprays 1775.
19:14:26 | INFO: Draco encoder: Encoding mesh Canopy sprays 1776.
19:14:26 | INFO: Draco encoder: Encoding mesh Canopy sprays 1777.
19:14:26 | INFO: Draco encoder: Encoding mesh Canopy sprays 1778.
19:14:26 | INFO: Draco encoder: Encoding mesh Canopy sprays 1779.
19:14:26 | INFO: Draco encoder: Encoding mesh Canopy sprays 1780.
19:14:26 | INFO: Draco encoder: Encoding mesh Canopy sprays 1781.
19:14:26 | INFO: Draco encoder: Encoding mesh Canopy sprays 1782.
19:14:26 | INFO: Draco encoder: Encoding mesh Canopy sprays 1783.
19:14:26 | INFO: Draco encoder: Encoding mesh Canopy sprays 1784.
19:14:26 | INFO: Draco encoder: Encoding mesh Canopy sprays 1785.
19:14:26 | INFO: Draco encoder: Encoding mesh Canopy sprays 1786.
19:14:26 | INFO: Draco encoder: Encoding mesh Canopy sprays 1787.
19:14:26 | INFO: Draco encoder: Encoding mesh Canopy sprays 1788.
19:14:26 | INFO: Draco encoder: Encoding mesh Canopy sprays 1789.
19:14:26 | INFO: Draco encoder: Encoding mesh Canopy sprays 1790.
19:14:26 | INFO: Draco encoder: Encoding mesh Canopy sprays 1791.
19:14:26 | INFO: Draco encoder: Encoding mesh Canopy sprays 1792.
19:14:26 | INFO: Draco encoder: Encoding mesh Canopy sprays 1793.
19:14:26 | INFO: Draco encoder: Encoding mesh Canopy sprays 1794.
19:14:26 | INFO: Draco encoder: Encoding mesh Canopy sprays 1795.
19:14:26 | INFO: Draco encoder: Encoding mesh Canopy sprays 1796.
19:14:26 | INFO: Draco encoder: Encoding mesh Canopy sprays 1797.
19:14:26 | INFO: Draco encoder: Encoding mesh Canopy sprays 1798.
19:14:26 | INFO: Draco encoder: Encoding mesh Canopy sprays 1799.
19:14:26 | INFO: Draco encoder: Encoding mesh Canopy sprays 1800.
19:14:26 | INFO: Draco encoder: Encoding mesh Canopy sprays 1801.
19:14:26 | INFO: Draco encoder: Encoding mesh Canopy sprays 1802.
19:14:26 | INFO: Draco encoder: Encoding mesh Canopy sprays 1803.
19:14:26 | INFO: Draco encoder: Encoding mesh Canopy sprays 1804.
19:14:26 | INFO: Draco encoder: Encoding mesh Canopy sprays 1805.
19:14:26 | INFO: Draco encoder: Encoding mesh Canopy sprays 1806.
19:14:26 | INFO: Draco encoder: Encoding mesh Canopy sprays 1807.
19:14:26 | INFO: Draco encoder: Encoding mesh Canopy sprays 1808.
19:14:26 | INFO: Draco encoder: Encoding mesh Canopy sprays 1809.
19:14:26 | INFO: Draco encoder: Encoding mesh Canopy sprays 1810.
19:14:26 | INFO: Draco encoder: Encoding mesh Canopy sprays 1811.
19:14:26 | INFO: Draco encoder: Encoding mesh Canopy sprays 1812.
19:14:26 | INFO: Draco encoder: Encoding mesh Canopy sprays 1813.
19:14:26 | INFO: Draco encoder: Encoding mesh Canopy sprays 1814.
19:14:26 | INFO: Draco encoder: Encoding mesh Canopy sprays 1815.
19:14:26 | INFO: Draco encoder: Encoding mesh Canopy sprays 1816.
19:14:26 | INFO: Draco encoder: Encoding mesh Canopy sprays 1817.
19:14:26 | INFO: Draco encoder: Encoding mesh Canopy sprays 1818.
19:14:26 | INFO: Draco encoder: Encoding mesh Canopy sprays 1819.
19:14:26 | INFO: Draco encoder: Encoding mesh Canopy sprays 1820.
19:14:26 | INFO: Draco encoder: Encoding mesh Canopy sprays 1821.
19:14:26 | INFO: Draco encoder: Encoding mesh Canopy sprays 1822.
19:14:26 | INFO: Draco encoder: Encoding mesh Canopy sprays 1823.
19:14:26 | INFO: Draco encoder: Encoding mesh Canopy sprays 1824.
19:14:26 | INFO: Draco encoder: Encoding mesh Canopy sprays 1825.
19:14:26 | INFO: Draco encoder: Encoding mesh Canopy sprays 1826.
19:14:26 | INFO: Draco encoder: Encoding mesh Canopy sprays 1827.
19:14:26 | INFO: Draco encoder: Encoding mesh Canopy sprays 1828.
19:14:26 | INFO: Draco encoder: Encoding mesh Canopy sprays 1829.
19:14:26 | INFO: Draco encoder: Encoding mesh Canopy sprays 1830.
19:14:26 | INFO: Draco encoder: Encoding mesh Canopy sprays 1831.
19:14:26 | INFO: Draco encoder: Encoding mesh Canopy sprays 1832.
19:14:26 | INFO: Draco encoder: Encoding mesh Canopy sprays 1833.
19:14:26 | INFO: Draco encoder: Encoding mesh Canopy sprays 1834.
19:14:26 | INFO: Draco encoder: Encoding mesh Canopy sprays 1835.
19:14:26 | INFO: Draco encoder: Encoding mesh Canopy sprays 1836.
19:14:26 | INFO: Draco encoder: Encoding mesh Canopy sprays 1837.
19:14:26 | INFO: Draco encoder: Encoding mesh Canopy sprays 1838.
19:14:26 | INFO: Draco encoder: Encoding mesh Canopy sprays 1839.
19:14:26 | INFO: Draco encoder: Encoding mesh Canopy sprays 1840.
19:14:26 | INFO: Draco encoder: Encoding mesh Canopy sprays 1841.
19:14:26 | INFO: Draco encoder: Encoding mesh Canopy sprays 1842.
19:14:26 | INFO: Draco encoder: Encoding mesh Canopy sprays 1843.
19:14:26 | INFO: Draco encoder: Encoding mesh Canopy sprays 1844.
19:14:26 | INFO: Draco encoder: Encoding mesh Canopy sprays 1845.
19:14:26 | INFO: Draco encoder: Encoding mesh Canopy sprays 1846.
19:14:26 | INFO: Draco encoder: Encoding mesh Canopy sprays 1847.
19:14:26 | INFO: Draco encoder: Encoding mesh Canopy sprays 1848.
19:14:26 | INFO: Draco encoder: Encoding mesh Canopy sprays 1849.
19:14:26 | INFO: Draco encoder: Encoding mesh Canopy sprays 1850.
19:14:26 | INFO: Draco encoder: Encoding mesh Canopy sprays 1851.
19:14:26 | INFO: Draco encoder: Encoding mesh Canopy sprays 1852.
19:14:26 | INFO: Draco encoder: Encoding mesh Canopy sprays 1853.
19:14:26 | INFO: Draco encoder: Encoding mesh Canopy sprays 1854.
19:14:26 | INFO: Draco encoder: Encoding mesh Canopy sprays 1855.
19:14:26 | INFO: Draco encoder: Encoding mesh Canopy sprays 1856.
19:14:26 | INFO: Draco encoder: Encoding mesh Canopy sprays 1857.
19:14:26 | INFO: Draco encoder: Encoding mesh Canopy sprays 1858.
19:14:26 | INFO: Draco encoder: Encoding mesh Canopy sprays 1859.
19:14:26 | INFO: Draco encoder: Encoding mesh Canopy sprays 1860.
19:14:26 | INFO: Draco encoder: Encoding mesh Canopy sprays 1861.
19:14:26 | INFO: Draco encoder: Encoding mesh Canopy sprays 1862.
19:14:26 | INFO: Draco encoder: Encoding mesh Canopy sprays 1863.
19:14:26 | INFO: Draco encoder: Encoding mesh Canopy sprays 1864.
19:14:26 | INFO: Draco encoder: Encoding mesh Canopy sprays 1865.
19:14:26 | INFO: Draco encoder: Encoding mesh Canopy sprays 1866.
19:14:26 | INFO: Draco encoder: Encoding mesh Canopy sprays 1867.
19:14:26 | INFO: Draco encoder: Encoding mesh Canopy sprays 1868.
19:14:26 | INFO: Draco encoder: Encoding mesh Canopy sprays 1869.
19:14:26 | INFO: Draco encoder: Encoding mesh Canopy sprays 1870.
19:14:26 | INFO: Draco encoder: Encoding mesh Canopy sprays 1871.
19:14:26 | INFO: Draco encoder: Encoding mesh Canopy sprays 1872.
19:14:26 | INFO: Draco encoder: Encoding mesh Canopy sprays 1873.
19:14:26 | INFO: Draco encoder: Encoding mesh Canopy sprays 1874.
19:14:26 | INFO: Draco encoder: Encoding mesh Canopy sprays 1875.
19:14:26 | INFO: Draco encoder: Encoding mesh Canopy sprays 1876.
19:14:26 | INFO: Draco encoder: Encoding mesh Canopy sprays 1877.
19:14:26 | INFO: Draco encoder: Encoding mesh Canopy sprays 1878.
19:14:26 | INFO: Draco encoder: Encoding mesh Canopy sprays 1879.
19:14:26 | INFO: Draco encoder: Encoding mesh Canopy sprays 1880.
19:14:26 | INFO: Draco encoder: Encoding mesh Canopy sprays 1881.
19:14:26 | INFO: Draco encoder: Encoding mesh Canopy sprays 1882.
19:14:26 | INFO: Draco encoder: Encoding mesh Canopy sprays 1883.
19:14:26 | INFO: Draco encoder: Encoding mesh Canopy sprays 1884.
19:14:26 | INFO: Draco encoder: Encoding mesh Canopy sprays 1885.
19:14:26 | INFO: Draco encoder: Encoding mesh Canopy sprays 1886.
19:14:26 | INFO: Draco encoder: Encoding mesh Canopy sprays 1887.
19:14:26 | INFO: Draco encoder: Encoding mesh Canopy sprays 1888.
19:14:26 | INFO: Draco encoder: Encoding mesh Canopy sprays 1889.
19:14:26 | INFO: Draco encoder: Encoding mesh Canopy sprays 1890.
19:14:26 | INFO: Draco encoder: Encoding mesh Canopy sprays 1891.
19:14:26 | INFO: Draco encoder: Encoding mesh Canopy sprays 1892.
19:14:26 | INFO: Draco encoder: Encoding mesh Canopy sprays 1893.
19:14:26 | INFO: Draco encoder: Encoding mesh Canopy sprays 1894.
19:14:26 | INFO: Draco encoder: Encoding mesh Canopy sprays 1895.
19:14:26 | INFO: Draco encoder: Encoding mesh Canopy sprays 1896.
19:14:26 | INFO: Draco encoder: Encoding mesh Canopy sprays 1897.
19:14:26 | INFO: Draco encoder: Encoding mesh Canopy sprays 1898.
19:14:26 | INFO: Draco encoder: Encoding mesh Canopy sprays 1899.
19:14:26 | INFO: Draco encoder: Encoding mesh Canopy sprays 1900.
19:14:26 | INFO: Draco encoder: Encoding mesh Canopy sprays 1901.
19:14:26 | INFO: Draco encoder: Encoding mesh Canopy sprays 1902.
19:14:26 | INFO: Draco encoder: Encoding mesh Canopy sprays 1903.
19:14:26 | INFO: Draco encoder: Encoding mesh Canopy sprays 1904.
19:14:26 | INFO: Draco encoder: Encoding mesh Canopy sprays 1905.
19:14:26 | INFO: Draco encoder: Encoding mesh Canopy sprays 1906.
19:14:26 | INFO: Draco encoder: Encoding mesh Canopy sprays 1907.
19:14:26 | INFO: Draco encoder: Encoding mesh Canopy sprays 1908.
19:14:26 | INFO: Draco encoder: Encoding mesh Canopy sprays 1909.
19:14:26 | INFO: Draco encoder: Encoding mesh Canopy sprays 1910.
19:14:26 | INFO: Draco encoder: Encoding mesh Canopy sprays 1911.
19:14:26 | INFO: Draco encoder: Encoding mesh Canopy sprays 1912.
19:14:26 | INFO: Draco encoder: Encoding mesh Canopy sprays 1913.
19:14:26 | INFO: Draco encoder: Encoding mesh Canopy sprays 1914.
19:14:26 | INFO: Draco encoder: Encoding mesh Canopy sprays 1915.
19:14:26 | INFO: Draco encoder: Encoding mesh Canopy sprays 1916.
19:14:26 | INFO: Draco encoder: Encoding mesh Canopy sprays 1917.
19:14:26 | INFO: Draco encoder: Encoding mesh Canopy sprays 1918.
19:14:26 | INFO: Draco encoder: Encoding mesh Canopy sprays 1919.
19:14:26 | INFO: Draco encoder: Encoding mesh Canopy sprays 1920.
19:14:26 | INFO: Draco encoder: Encoding mesh Canopy sprays 1921.
19:14:26 | INFO: Draco encoder: Encoding mesh Canopy sprays 1922.
19:14:26 | INFO: Draco encoder: Encoding mesh Canopy sprays 1923.
19:14:26 | INFO: Draco encoder: Encoding mesh Canopy sprays 1924.
19:14:26 | INFO: Draco encoder: Encoding mesh Canopy sprays 1925.
19:14:26 | INFO: Draco encoder: Encoding mesh Canopy sprays 1926.
19:14:26 | INFO: Draco encoder: Encoding mesh Canopy sprays 1927.
19:14:26 | INFO: Draco encoder: Encoding mesh Canopy sprays 1928.
19:14:26 | INFO: Draco encoder: Encoding mesh Canopy sprays 1929.
19:14:26 | INFO: Draco encoder: Encoding mesh Canopy sprays 1930.
19:14:26 | INFO: Draco encoder: Encoding mesh Canopy sprays 1931.
19:14:26 | INFO: Draco encoder: Encoding mesh Canopy sprays 1932.
19:14:26 | INFO: Draco encoder: Encoding mesh Canopy sprays 1933.
19:14:26 | INFO: Draco encoder: Encoding mesh Canopy sprays 1934.
19:14:26 | INFO: Draco encoder: Encoding mesh Canopy sprays 1935.
19:14:26 | INFO: Draco encoder: Encoding mesh Canopy sprays 1936.
19:14:26 | INFO: Draco encoder: Encoding mesh Canopy sprays 1937.
19:14:26 | INFO: Draco encoder: Encoding mesh Canopy sprays 1938.
19:14:26 | INFO: Draco encoder: Encoding mesh Canopy sprays 1939.
19:14:26 | INFO: Draco encoder: Encoding mesh Canopy sprays 1940.
19:14:26 | INFO: Draco encoder: Encoding mesh Canopy sprays 1941.
19:14:26 | INFO: Draco encoder: Encoding mesh Canopy sprays 1942.
19:14:26 | INFO: Draco encoder: Encoding mesh Canopy sprays 1943.
19:14:26 | INFO: Draco encoder: Encoding mesh Canopy sprays 1944.
19:14:26 | INFO: Draco encoder: Encoding mesh Canopy sprays 1945.
19:14:26 | INFO: Draco encoder: Encoding mesh Canopy sprays 1946.
19:14:26 | INFO: Draco encoder: Encoding mesh Canopy sprays 1947.
19:14:26 | INFO: Draco encoder: Encoding mesh Canopy sprays 1948.
19:14:26 | INFO: Draco encoder: Encoding mesh Canopy sprays 1949.
19:14:26 | INFO: Draco encoder: Encoding mesh Canopy sprays 1950.
19:14:26 | INFO: Draco encoder: Encoding mesh Canopy sprays 1951.
19:14:26 | INFO: Draco encoder: Encoding mesh Canopy sprays 1952.
19:14:26 | INFO: Draco encoder: Encoding mesh Canopy sprays 1953.
19:14:26 | INFO: Draco encoder: Encoding mesh Canopy sprays 1954.
19:14:26 | INFO: Draco encoder: Encoding mesh Canopy sprays 1955.
19:14:26 | INFO: Draco encoder: Encoding mesh Canopy sprays 1956.
19:14:26 | INFO: Draco encoder: Encoding mesh Canopy sprays 1957.
19:14:26 | INFO: Draco encoder: Encoding mesh Canopy sprays 1958.
19:14:26 | INFO: Draco encoder: Encoding mesh Canopy sprays 1959.
19:14:26 | INFO: Draco encoder: Encoding mesh Canopy sprays 1960.
19:14:26 | INFO: Draco encoder: Encoding mesh Canopy sprays 1961.
19:14:26 | INFO: Draco encoder: Encoding mesh Canopy sprays 1962.
19:14:26 | INFO: Draco encoder: Encoding mesh Canopy sprays 1963.
19:14:26 | INFO: Draco encoder: Encoding mesh Canopy sprays 1964.
19:14:26 | INFO: Draco encoder: Encoding mesh Canopy sprays 1965.
19:14:26 | INFO: Draco encoder: Encoding mesh Canopy sprays 1966.
19:14:26 | INFO: Draco encoder: Encoding mesh Canopy sprays 1967.
19:14:26 | INFO: Draco encoder: Encoding mesh Canopy sprays 1968.
19:14:26 | INFO: Draco encoder: Encoding mesh Canopy sprays 1969.
19:14:26 | INFO: Draco encoder: Encoding mesh Canopy sprays 1970.
19:14:26 | INFO: Draco encoder: Encoding mesh Canopy sprays 1971.
19:14:26 | INFO: Draco encoder: Encoding mesh Canopy sprays 1972.
19:14:26 | INFO: Draco encoder: Encoding mesh Canopy sprays 1973.
19:14:26 | INFO: Draco encoder: Encoding mesh Canopy sprays 1974.
19:14:26 | INFO: Draco encoder: Encoding mesh Canopy sprays 1975.
19:14:26 | INFO: Draco encoder: Encoding mesh Canopy sprays 1976.
19:14:26 | INFO: Draco encoder: Encoding mesh Canopy sprays 1977.
19:14:26 | INFO: Draco encoder: Encoding mesh Canopy sprays 1978.
19:14:26 | INFO: Draco encoder: Encoding mesh Canopy sprays 1979.
19:14:26 | INFO: Draco encoder: Encoding mesh Canopy sprays 1980.
19:14:26 | INFO: Draco encoder: Encoding mesh Canopy sprays 1981.
19:14:26 | INFO: Draco encoder: Encoding mesh Canopy sprays 1982.
19:14:26 | INFO: Draco encoder: Encoding mesh Canopy sprays 1983.
19:14:26 | INFO: Draco encoder: Encoding mesh Canopy sprays 1984.
19:14:26 | INFO: Draco encoder: Encoding mesh Canopy sprays 1985.
19:14:26 | INFO: Draco encoder: Encoding mesh Canopy sprays 1986.
19:14:26 | INFO: Draco encoder: Encoding mesh Canopy sprays 1987.
19:14:26 | INFO: Draco encoder: Encoding mesh Canopy sprays 1988.
19:14:26 | INFO: Draco encoder: Encoding mesh Canopy sprays 1989.
19:14:26 | INFO: Draco encoder: Encoding mesh Canopy sprays 1990.
19:14:26 | INFO: Draco encoder: Encoding mesh Canopy sprays 1991.
19:14:26 | INFO: Draco encoder: Encoding mesh Canopy sprays 1992.
19:14:26 | INFO: Draco encoder: Encoding mesh Canopy sprays 1993.
19:14:26 | INFO: Draco encoder: Encoding mesh Canopy sprays 1994.
19:14:26 | INFO: Draco encoder: Encoding mesh Canopy sprays 1995.
19:14:26 | INFO: Draco encoder: Encoding mesh Canopy sprays 1996.
19:14:26 | INFO: Draco encoder: Encoding mesh Canopy sprays 1997.
19:14:26 | INFO: Draco encoder: Encoding mesh Canopy sprays 1998.
19:14:26 | INFO: Draco encoder: Encoding mesh Canopy sprays 1999.
19:14:26 | INFO: Draco encoder: Encoding mesh Canopy sprays 2000.
19:14:26 | INFO: Draco encoder: Encoding mesh Canopy sprays 2001.
19:14:26 | INFO: Draco encoder: Encoding mesh Canopy sprays 2002.
19:14:26 | INFO: Draco encoder: Encoding mesh Canopy sprays 2003.
19:14:26 | INFO: Draco encoder: Encoding mesh Canopy sprays 2004.
19:14:26 | INFO: Draco encoder: Encoding mesh Canopy sprays 2005.
19:14:26 | INFO: Draco encoder: Encoding mesh Canopy sprays 2006.
19:14:26 | INFO: Draco encoder: Encoding mesh Canopy sprays 2007.
19:14:26 | INFO: Draco encoder: Encoding mesh Canopy sprays 2008.
19:14:26 | INFO: Draco encoder: Encoding mesh Canopy sprays 2009.
19:14:26 | INFO: Draco encoder: Encoding mesh Canopy sprays 2010.
19:14:26 | INFO: Draco encoder: Encoding mesh Canopy sprays 2011.
19:14:26 | INFO: Draco encoder: Encoding mesh Canopy sprays 2012.
19:14:26 | INFO: Draco encoder: Encoding mesh Canopy sprays 2013.
19:14:26 | INFO: Draco encoder: Encoding mesh Canopy sprays 2014.
19:14:26 | INFO: Draco encoder: Encoding mesh Canopy sprays 2015.
19:14:26 | INFO: Draco encoder: Encoding mesh Canopy sprays 2016.
19:14:26 | INFO: Draco encoder: Encoding mesh Canopy sprays 2017.
19:14:26 | INFO: Draco encoder: Encoding mesh Canopy sprays 2018.
19:14:26 | INFO: Draco encoder: Encoding mesh Canopy sprays 2019.
19:14:26 | INFO: Draco encoder: Encoding mesh Canopy sprays 2020.
19:14:26 | INFO: Draco encoder: Encoding mesh Canopy sprays 2021.
19:14:26 | INFO: Draco encoder: Encoding mesh Canopy sprays 2022.
19:14:26 | INFO: Draco encoder: Encoding mesh Canopy sprays 2023.
19:14:26 | INFO: Draco encoder: Encoding mesh Canopy sprays 2024.
19:14:26 | INFO: Draco encoder: Encoding mesh Canopy sprays 2025.
19:14:26 | INFO: Draco encoder: Encoding mesh Canopy sprays 2026.
19:14:26 | INFO: Draco encoder: Encoding mesh Canopy sprays 2027.
19:14:26 | INFO: Draco encoder: Encoding mesh Canopy sprays 2028.
19:14:26 | INFO: Draco encoder: Encoding mesh Canopy sprays 2029.
19:14:26 | INFO: Draco encoder: Encoding mesh Canopy sprays 2030.
19:14:26 | INFO: Draco encoder: Encoding mesh Canopy sprays 2031.
19:14:26 | INFO: Draco encoder: Encoding mesh Canopy sprays 2032.
19:14:26 | INFO: Draco encoder: Encoding mesh Canopy sprays 2033.
19:14:26 | INFO: Draco encoder: Encoding mesh Canopy sprays 2034.
19:14:26 | INFO: Draco encoder: Encoding mesh Canopy sprays 2035.
19:14:26 | INFO: Draco encoder: Encoding mesh Canopy sprays 2036.
19:14:26 | INFO: Draco encoder: Encoding mesh Canopy sprays 2037.
19:14:26 | INFO: Draco encoder: Encoding mesh Canopy sprays 2038.
19:14:26 | INFO: Draco encoder: Encoding mesh Canopy sprays 2039.
19:14:26 | INFO: Draco encoder: Encoding mesh Canopy sprays 2040.
19:14:26 | INFO: Draco encoder: Encoding mesh Canopy sprays 2041.
19:14:26 | INFO: Draco encoder: Encoding mesh Canopy sprays 2042.
19:14:26 | INFO: Draco encoder: Encoding mesh Canopy sprays 2043.
19:14:26 | INFO: Draco encoder: Encoding mesh Canopy sprays 2044.
19:14:26 | INFO: Draco encoder: Encoding mesh Canopy sprays 2045.
19:14:26 | INFO: Draco encoder: Encoding mesh Canopy sprays 2046.
19:14:26 | INFO: Draco encoder: Encoding mesh Canopy sprays 2047.
19:14:26 | INFO: Draco encoder: Encoding mesh Canopy sprays 2048.
19:14:26 | INFO: Draco encoder: Encoding mesh Canopy sprays 2049.
19:14:26 | INFO: Draco encoder: Encoding mesh Canopy sprays 2050.
19:14:26 | INFO: Draco encoder: Encoding mesh Canopy sprays 2051.
19:14:26 | INFO: Draco encoder: Encoding mesh Canopy sprays 2052.
19:14:26 | INFO: Draco encoder: Encoding mesh Canopy sprays 2053.
19:14:26 | INFO: Draco encoder: Encoding mesh Canopy sprays 2054.
19:14:26 | INFO: Draco encoder: Encoding mesh Canopy sprays 2055.
19:14:26 | INFO: Draco encoder: Encoding mesh Canopy sprays 2056.
19:14:26 | INFO: Draco encoder: Encoding mesh Canopy sprays 2057.
19:14:26 | INFO: Draco encoder: Encoding mesh Canopy sprays 2058.
19:14:26 | INFO: Draco encoder: Encoding mesh Canopy sprays 2059.
19:14:26 | INFO: Draco encoder: Encoding mesh Canopy sprays 2060.
19:14:26 | INFO: Draco encoder: Encoding mesh Canopy sprays 2061.
19:14:26 | INFO: Draco encoder: Encoding mesh Canopy sprays 2062.
19:14:26 | INFO: Draco encoder: Encoding mesh Canopy sprays 2063.
19:14:26 | INFO: Draco encoder: Encoding mesh Canopy sprays 2064.
19:14:26 | INFO: Draco encoder: Encoding mesh Canopy sprays 2065.
19:14:26 | INFO: Draco encoder: Encoding mesh Canopy sprays 2066.
19:14:26 | INFO: Draco encoder: Encoding mesh Canopy sprays 2067.
19:14:26 | INFO: Draco encoder: Encoding mesh Canopy sprays 2068.
19:14:26 | INFO: Draco encoder: Encoding mesh Canopy sprays 2069.
19:14:26 | INFO: Draco encoder: Encoding mesh Canopy sprays 2070.
19:14:26 | INFO: Draco encoder: Encoding mesh Canopy sprays 2071.
19:14:26 | INFO: Draco encoder: Encoding mesh Canopy sprays 2072.
19:14:26 | INFO: Draco encoder: Encoding mesh Canopy sprays 2073.
19:14:26 | INFO: Draco encoder: Encoding mesh Canopy sprays 2074.
19:14:26 | INFO: Draco encoder: Encoding mesh Canopy sprays 2075.
19:14:26 | INFO: Draco encoder: Encoding mesh Canopy sprays 2076.
19:14:26 | INFO: Draco encoder: Encoding mesh Canopy sprays 2077.
19:14:26 | INFO: Draco encoder: Encoding mesh Canopy sprays 2078.
19:14:26 | INFO: Draco encoder: Encoding mesh Canopy sprays 2079.
19:14:26 | INFO: Draco encoder: Encoding mesh Canopy sprays 2080.
19:14:26 | INFO: Draco encoder: Encoding mesh Canopy sprays 2081.
19:14:26 | INFO: Draco encoder: Encoding mesh Canopy sprays 2082.
19:14:26 | INFO: Draco encoder: Encoding mesh Canopy sprays 2083.
19:14:26 | INFO: Draco encoder: Encoding mesh Canopy sprays 2084.
19:14:26 | INFO: Draco encoder: Encoding mesh Canopy sprays 2085.
19:14:26 | INFO: Draco encoder: Encoding mesh Canopy sprays 2086.
19:14:26 | INFO: Draco encoder: Encoding mesh Canopy sprays 2087.
19:14:26 | INFO: Draco encoder: Encoding mesh Canopy sprays 2088.
19:14:26 | INFO: Draco encoder: Encoding mesh Canopy sprays 2089.
19:14:26 | INFO: Draco encoder: Encoding mesh Canopy sprays 2090.
19:14:26 | INFO: Draco encoder: Encoding mesh Canopy sprays 2091.
19:14:26 | INFO: Draco encoder: Encoding mesh Canopy sprays 2092.
19:14:26 | INFO: Draco encoder: Encoding mesh Canopy sprays 2093.
19:14:26 | INFO: Draco encoder: Encoding mesh Canopy sprays 2094.
19:14:26 | INFO: Draco encoder: Encoding mesh Canopy sprays 2095.
19:14:26 | INFO: Draco encoder: Encoding mesh Canopy sprays 2096.
19:14:26 | INFO: Draco encoder: Encoding mesh Canopy sprays 2097.
19:14:26 | INFO: Draco encoder: Encoding mesh Canopy sprays 2098.
19:14:26 | INFO: Draco encoder: Encoding mesh Canopy sprays 2099.
19:14:26 | INFO: Draco encoder: Encoding mesh Canopy sprays 2100.
19:14:26 | INFO: Draco encoder: Encoding mesh Canopy sprays 2101.
19:14:26 | INFO: Draco encoder: Encoding mesh Canopy sprays 2102.
19:14:26 | INFO: Draco encoder: Encoding mesh Canopy sprays 2103.
19:14:26 | INFO: Draco encoder: Encoding mesh Canopy sprays 2104.
19:14:26 | INFO: Draco encoder: Encoding mesh Canopy sprays 2105.
19:14:26 | INFO: Draco encoder: Encoding mesh Canopy sprays 2106.
19:14:26 | INFO: Draco encoder: Encoding mesh Canopy sprays 2107.
19:14:26 | INFO: Draco encoder: Encoding mesh Canopy sprays 2108.
19:14:26 | INFO: Draco encoder: Encoding mesh Canopy sprays 2109.
19:14:26 | INFO: Draco encoder: Encoding mesh Canopy sprays 2110.
19:14:26 | INFO: Draco encoder: Encoding mesh Canopy sprays 2111.
19:14:26 | INFO: Draco encoder: Encoding mesh Canopy sprays 2112.
19:14:26 | INFO: Draco encoder: Encoding mesh Canopy sprays 2113.
19:14:26 | INFO: Draco encoder: Encoding mesh Canopy sprays 2114.
19:14:26 | INFO: Draco encoder: Encoding mesh Canopy sprays 2115.
19:14:26 | INFO: Draco encoder: Encoding mesh Canopy sprays 2116.
19:14:26 | INFO: Draco encoder: Encoding mesh Canopy sprays 2117.
19:14:26 | INFO: Draco encoder: Encoding mesh Canopy sprays 2118.
19:14:26 | INFO: Draco encoder: Encoding mesh Canopy sprays 2119.
19:14:26 | INFO: Draco encoder: Encoding mesh Canopy sprays 2120.
19:14:26 | INFO: Draco encoder: Encoding mesh Canopy sprays 2121.
19:14:26 | INFO: Draco encoder: Encoding mesh Canopy sprays 2122.
19:14:26 | INFO: Draco encoder: Encoding mesh Canopy sprays 2123.
19:14:26 | INFO: Draco encoder: Encoding mesh Canopy sprays 2124.
19:14:26 | INFO: Draco encoder: Encoding mesh Canopy sprays 2125.
19:14:26 | INFO: Draco encoder: Encoding mesh Canopy sprays 2126.
19:14:26 | INFO: Draco encoder: Encoding mesh Canopy sprays 2127.
19:14:26 | INFO: Draco encoder: Encoding mesh Canopy sprays 2128.
19:14:26 | INFO: Draco encoder: Encoding mesh Canopy sprays 2129.
19:14:26 | INFO: Draco encoder: Encoding mesh Canopy sprays 2130.
19:14:26 | INFO: Draco encoder: Encoding mesh Canopy sprays 2131.
19:14:26 | INFO: Draco encoder: Encoding mesh Canopy sprays 2132.
19:14:26 | INFO: Draco encoder: Encoding mesh Canopy sprays 2133.
19:14:26 | INFO: Draco encoder: Encoding mesh Canopy sprays 2134.
19:14:26 | INFO: Draco encoder: Encoding mesh Canopy sprays 2135.
19:14:26 | INFO: Draco encoder: Encoding mesh Canopy sprays 2136.
19:14:26 | INFO: Draco encoder: Encoding mesh Canopy sprays 2137.
19:14:26 | INFO: Draco encoder: Encoding mesh Canopy sprays 2138.
19:14:26 | INFO: Draco encoder: Encoding mesh Canopy sprays 2139.
19:14:26 | INFO: Draco encoder: Encoding mesh Canopy sprays 2140.
19:14:26 | INFO: Draco encoder: Encoding mesh Canopy sprays 2141.
19:14:26 | INFO: Draco encoder: Encoding mesh Canopy sprays 2142.
19:14:26 | INFO: Draco encoder: Encoding mesh Canopy sprays 2143.
19:14:26 | INFO: Draco encoder: Encoding mesh Canopy sprays 2144.
19:14:26 | INFO: Draco encoder: Encoding mesh Canopy sprays 2145.
19:14:26 | INFO: Draco encoder: Encoding mesh Canopy sprays 2146.
19:14:26 | INFO: Draco encoder: Encoding mesh Canopy sprays 2147.
19:14:26 | INFO: Draco encoder: Encoding mesh Canopy sprays 2148.
19:14:26 | INFO: Draco encoder: Encoding mesh Canopy sprays 2149.
19:14:26 | INFO: Draco encoder: Encoding mesh Canopy sprays 2150.
19:14:26 | INFO: Draco encoder: Encoding mesh Canopy sprays 2151.
19:14:26 | INFO: Draco encoder: Encoding mesh Canopy sprays 2152.
19:14:26 | INFO: Draco encoder: Encoding mesh Canopy sprays 2153.
19:14:26 | INFO: Draco encoder: Encoding mesh Canopy sprays 2154.
19:14:26 | INFO: Draco encoder: Encoding mesh Canopy sprays 2155.
19:14:26 | INFO: Draco encoder: Encoding mesh Canopy sprays 2156.
19:14:26 | INFO: Draco encoder: Encoding mesh Canopy sprays 2157.
19:14:26 | INFO: Draco encoder: Encoding mesh Canopy sprays 2158.
19:14:26 | INFO: Draco encoder: Encoding mesh Canopy sprays 2159.
19:14:26 | INFO: Draco encoder: Encoding mesh Canopy sprays 2160.
19:14:26 | INFO: Draco encoder: Encoding mesh Canopy sprays 2161.
19:14:26 | INFO: Draco encoder: Encoding mesh Canopy sprays 2162.
19:14:26 | INFO: Draco encoder: Encoding mesh Canopy sprays 2163.
19:14:26 | INFO: Draco encoder: Encoding mesh Canopy sprays 2164.
19:14:26 | INFO: Draco encoder: Encoding mesh Canopy sprays 2165.
19:14:26 | INFO: Draco encoder: Encoding mesh Canopy sprays 2166.
19:14:26 | INFO: Draco encoder: Encoding mesh Canopy sprays 2167.
19:14:26 | INFO: Draco encoder: Encoding mesh Canopy sprays 2168.
19:14:26 | INFO: Draco encoder: Encoding mesh Canopy sprays 2169.
19:14:26 | INFO: Draco encoder: Encoding mesh Canopy sprays 2170.
19:14:26 | INFO: Draco encoder: Encoding mesh Canopy sprays 2171.
19:14:26 | INFO: Draco encoder: Encoding mesh Canopy sprays 2172.
19:14:26 | INFO: Draco encoder: Encoding mesh Canopy sprays 2173.
19:14:26 | INFO: Draco encoder: Encoding mesh Canopy sprays 2174.
19:14:26 | INFO: Draco encoder: Encoding mesh Canopy sprays 2175.
19:14:26 | INFO: Draco encoder: Encoding mesh Canopy sprays 2176.
19:14:26 | INFO: Draco encoder: Encoding mesh Canopy sprays 2177.
19:14:26 | INFO: Draco encoder: Encoding mesh Canopy sprays 2178.
19:14:26 | INFO: Draco encoder: Encoding mesh Canopy sprays 2179.
19:14:26 | INFO: Draco encoder: Encoding mesh Canopy sprays 2180.
19:14:26 | INFO: Draco encoder: Encoding mesh Canopy sprays 2181.
19:14:26 | INFO: Draco encoder: Encoding mesh Canopy sprays 2182.
19:14:26 | INFO: Draco encoder: Encoding mesh Canopy sprays 2183.
19:14:26 | INFO: Draco encoder: Encoding mesh Canopy sprays 2184.
19:14:26 | INFO: Draco encoder: Encoding mesh Canopy sprays 2185.
19:14:26 | INFO: Draco encoder: Encoding mesh Canopy sprays 2186.
19:14:26 | INFO: Draco encoder: Encoding mesh Canopy sprays 2187.
19:14:26 | INFO: Draco encoder: Encoding mesh Canopy sprays 2188.
19:14:26 | INFO: Draco encoder: Encoding mesh Canopy sprays 2189.
19:14:26 | INFO: Draco encoder: Encoding mesh Canopy sprays 2190.
19:14:26 | INFO: Draco encoder: Encoding mesh Canopy sprays 2191.
19:14:26 | INFO: Draco encoder: Encoding mesh Canopy sprays 2192.
19:14:26 | INFO: Draco encoder: Encoding mesh Canopy sprays 2193.
19:14:26 | INFO: Draco encoder: Encoding mesh Canopy sprays 2194.
19:14:26 | INFO: Draco encoder: Encoding mesh Canopy sprays 2195.
19:14:26 | INFO: Draco encoder: Encoding mesh Canopy sprays 2196.
19:14:26 | INFO: Draco encoder: Encoding mesh Canopy sprays 2197.
19:14:26 | INFO: Draco encoder: Encoding mesh Canopy sprays 2198.
19:14:26 | INFO: Draco encoder: Encoding mesh Canopy sprays 2199.
19:14:26 | INFO: Draco encoder: Encoding mesh Canopy sprays 2200.
19:14:26 | INFO: Draco encoder: Encoding mesh Canopy sprays 2201.
19:14:26 | INFO: Draco encoder: Encoding mesh Canopy sprays 2202.
19:14:26 | INFO: Draco encoder: Encoding mesh Canopy sprays 2203.
19:14:26 | INFO: Draco encoder: Encoding mesh Canopy sprays 2204.
19:14:26 | INFO: Draco encoder: Encoding mesh Canopy sprays 2205.
19:14:26 | INFO: Draco encoder: Encoding mesh Canopy sprays 2206.
19:14:26 | INFO: Draco encoder: Encoding mesh Canopy sprays 2207.
19:14:26 | INFO: Draco encoder: Encoding mesh Canopy sprays 2208.
19:14:26 | INFO: Draco encoder: Encoding mesh Canopy sprays 2209.
19:14:26 | INFO: Draco encoder: Encoding mesh Canopy sprays 2210.
19:14:26 | INFO: Draco encoder: Encoding mesh Canopy sprays 2211.
19:14:26 | INFO: Draco encoder: Encoding mesh Canopy sprays 2212.
19:14:26 | INFO: Draco encoder: Encoding mesh Canopy sprays 2213.
19:14:26 | INFO: Draco encoder: Encoding mesh Canopy sprays 2214.
19:14:26 | INFO: Draco encoder: Encoding mesh Canopy sprays 2215.
19:14:26 | INFO: Draco encoder: Encoding mesh Canopy sprays 2216.
19:14:26 | INFO: Draco encoder: Encoding mesh Canopy sprays 2217.
19:14:26 | INFO: Draco encoder: Encoding mesh Canopy sprays 2218.
19:14:26 | INFO: Draco encoder: Encoding mesh Canopy sprays 2219.
19:14:26 | INFO: Draco encoder: Encoding mesh Canopy sprays 2220.
19:14:26 | INFO: Draco encoder: Encoding mesh Canopy sprays 2221.
19:14:26 | INFO: Draco encoder: Encoding mesh Canopy sprays 2222.
19:14:26 | INFO: Draco encoder: Encoding mesh Canopy sprays 2223.
19:14:26 | INFO: Draco encoder: Encoding mesh Canopy sprays 2224.
19:14:26 | INFO: Draco encoder: Encoding mesh Canopy sprays 2225.
19:14:26 | INFO: Draco encoder: Encoding mesh Canopy sprays 2226.
19:14:26 | INFO: Draco encoder: Encoding mesh Canopy sprays 2227.
19:14:26 | INFO: Draco encoder: Encoding mesh Canopy sprays 2228.
19:14:26 | INFO: Draco encoder: Encoding mesh Canopy sprays 2229.
19:14:26 | INFO: Draco encoder: Encoding mesh Canopy sprays 2230.
19:14:26 | INFO: Draco encoder: Encoding mesh Canopy sprays 2231.
19:14:26 | INFO: Draco encoder: Encoding mesh Canopy sprays 2232.
19:14:26 | INFO: Draco encoder: Encoding mesh Canopy sprays 2233.
19:14:26 | INFO: Draco encoder: Encoding mesh Canopy sprays 2234.
19:14:26 | INFO: Draco encoder: Encoding mesh Canopy sprays 2235.
19:14:26 | INFO: Draco encoder: Encoding mesh Canopy sprays 2236.
19:14:26 | INFO: Draco encoder: Encoding mesh Canopy sprays 2237.
19:14:26 | INFO: Draco encoder: Encoding mesh Canopy sprays 2238.
19:14:26 | INFO: Draco encoder: Encoding mesh Canopy sprays 2239.
19:14:26 | INFO: Draco encoder: Encoding mesh Canopy sprays 2240.
19:14:26 | INFO: Draco encoder: Encoding mesh Canopy sprays 2241.
19:14:26 | INFO: Draco encoder: Encoding mesh Canopy sprays 2242.
19:14:26 | INFO: Draco encoder: Encoding mesh Canopy sprays 2243.
19:14:26 | INFO: Draco encoder: Encoding mesh Canopy sprays 2244.
19:14:26 | INFO: Draco encoder: Encoding mesh Canopy sprays 2245.
19:14:26 | INFO: Draco encoder: Encoding mesh Canopy sprays 2246.
19:14:26 | INFO: Draco encoder: Encoding mesh Canopy sprays 2247.
19:14:26 | INFO: Draco encoder: Encoding mesh Canopy sprays 2248.
19:14:26 | INFO: Draco encoder: Encoding mesh Canopy sprays 2249.
19:14:26 | INFO: Draco encoder: Encoding mesh Canopy sprays 2250.
19:14:26 | INFO: Draco encoder: Encoding mesh Canopy sprays 2251.
19:14:26 | INFO: Draco encoder: Encoding mesh Canopy sprays 2252.
19:14:26 | INFO: Draco encoder: Encoding mesh Canopy sprays 2253.
19:14:26 | INFO: Draco encoder: Encoding mesh Canopy sprays 2254.
19:14:26 | INFO: Draco encoder: Encoding mesh Canopy sprays 2255.
19:14:26 | INFO: Draco encoder: Encoding mesh Canopy sprays 2256.
19:14:26 | INFO: Draco encoder: Encoding mesh Canopy sprays 2257.
19:14:26 | INFO: Draco encoder: Encoding mesh Canopy sprays 2258.
19:14:26 | INFO: Draco encoder: Encoding mesh Canopy sprays 2259.
19:14:26 | INFO: Draco encoder: Encoding mesh Canopy sprays 2260.
19:14:26 | INFO: Draco encoder: Encoding mesh Canopy sprays 2261.
19:14:26 | INFO: Draco encoder: Encoding mesh Canopy sprays 2262.
19:14:26 | INFO: Draco encoder: Encoding mesh Canopy sprays 2263.
19:14:26 | INFO: Draco encoder: Encoding mesh Canopy sprays 2264.
19:14:26 | INFO: Draco encoder: Encoding mesh Canopy sprays 2265.
19:14:26 | INFO: Draco encoder: Encoding mesh Canopy sprays 2266.
19:14:26 | INFO: Draco encoder: Encoding mesh Canopy sprays 2267.
19:14:26 | INFO: Draco encoder: Encoding mesh Canopy sprays 2268.
19:14:26 | INFO: Draco encoder: Encoding mesh Canopy sprays 2269.
19:14:26 | INFO: Draco encoder: Encoding mesh Canopy sprays 2270.
19:14:26 | INFO: Draco encoder: Encoding mesh Canopy sprays 2271.
19:14:26 | INFO: Draco encoder: Encoding mesh Canopy sprays 2272.
19:14:26 | INFO: Draco encoder: Encoding mesh Canopy sprays 2273.
19:14:26 | INFO: Draco encoder: Encoding mesh Canopy sprays 2274.
19:14:26 | INFO: Draco encoder: Encoding mesh Canopy sprays 2275.
19:14:26 | INFO: Draco encoder: Encoding mesh Canopy sprays 2276.
19:14:26 | INFO: Draco encoder: Encoding mesh Canopy sprays 2277.
19:14:26 | INFO: Draco encoder: Encoding mesh Canopy sprays 2278.
19:14:26 | INFO: Draco encoder: Encoding mesh Canopy sprays 2279.
19:14:26 | INFO: Draco encoder: Encoding mesh Canopy sprays 2280.
19:14:26 | INFO: Draco encoder: Encoding mesh Canopy sprays 2281.
19:14:26 | INFO: Draco encoder: Encoding mesh Canopy sprays 2282.
19:14:26 | INFO: Draco encoder: Encoding mesh Canopy sprays 2283.
19:14:26 | INFO: Draco encoder: Encoding mesh Canopy sprays 2284.
19:14:26 | INFO: Draco encoder: Encoding mesh Canopy sprays 2285.
19:14:26 | INFO: Draco encoder: Encoding mesh Canopy sprays 2286.
19:14:26 | INFO: Draco encoder: Encoding mesh Canopy sprays 2287.
19:14:26 | INFO: Draco encoder: Encoding mesh Canopy sprays 2288.
19:14:26 | INFO: Draco encoder: Encoding mesh Canopy sprays 2289.
19:14:26 | INFO: Draco encoder: Encoding mesh Canopy sprays 2290.
19:14:26 | INFO: Draco encoder: Encoding mesh Canopy sprays 2291.
19:14:26 | INFO: Draco encoder: Encoding mesh Canopy sprays 2292.
19:14:26 | INFO: Draco encoder: Encoding mesh Canopy sprays 2293.
19:14:26 | INFO: Draco encoder: Encoding mesh Canopy sprays 2294.
19:14:26 | INFO: Draco encoder: Encoding mesh Canopy sprays 2295.
19:14:26 | INFO: Draco encoder: Encoding mesh Canopy sprays 2296.
19:14:26 | INFO: Draco encoder: Encoding mesh Canopy sprays 2297.
19:14:26 | INFO: Draco encoder: Encoding mesh Canopy sprays 2298.
19:14:26 | INFO: Draco encoder: Encoding mesh Canopy sprays 2299.
19:14:26 | INFO: Draco encoder: Encoding mesh Canopy sprays 2300.
19:14:26 | INFO: Draco encoder: Encoding mesh Canopy sprays 2301.
19:14:26 | INFO: Draco encoder: Encoding mesh Canopy sprays 2302.
19:14:26 | INFO: Draco encoder: Encoding mesh Canopy sprays 2303.
19:14:26 | INFO: Draco encoder: Encoding mesh Canopy sprays 2304.
19:14:26 | INFO: Draco encoder: Encoding mesh Canopy sprays 2305.
19:14:26 | INFO: Draco encoder: Encoding mesh Canopy sprays 2306.
19:14:26 | INFO: Draco encoder: Encoding mesh Canopy sprays 2307.
19:14:26 | INFO: Draco encoder: Encoding mesh Canopy sprays 2308.
19:14:26 | INFO: Draco encoder: Encoding mesh Canopy sprays 2309.
19:14:26 | INFO: Draco encoder: Encoding mesh Canopy sprays 2310.
19:14:26 | INFO: Draco encoder: Encoding mesh Canopy sprays 2311.
19:14:26 | INFO: Draco encoder: Encoding mesh Canopy sprays 2312.
19:14:26 | INFO: Draco encoder: Encoding mesh Canopy sprays 2313.
19:14:26 | INFO: Draco encoder: Encoding mesh Canopy sprays 2314.
19:14:26 | INFO: Draco encoder: Encoding mesh Canopy sprays 2315.
19:14:26 | INFO: Draco encoder: Encoding mesh Canopy sprays 2316.
19:14:26 | INFO: Draco encoder: Encoding mesh Canopy sprays 2317.
19:14:26 | INFO: Draco encoder: Encoding mesh Canopy sprays 2318.
19:14:26 | INFO: Draco encoder: Encoding mesh Canopy sprays 2319.
19:14:26 | INFO: Draco encoder: Encoding mesh Canopy sprays 2320.
19:14:26 | INFO: Draco encoder: Encoding mesh Canopy sprays 2321.
19:14:26 | INFO: Draco encoder: Encoding mesh Canopy sprays 2322.
19:14:26 | INFO: Draco encoder: Encoding mesh Canopy sprays 2323.
19:14:26 | INFO: Draco encoder: Encoding mesh Canopy sprays 2324.
19:14:26 | INFO: Draco encoder: Encoding mesh Canopy sprays 2325.
19:14:26 | INFO: Draco encoder: Encoding mesh Canopy sprays 2326.
19:14:26 | INFO: Draco encoder: Encoding mesh Canopy sprays 2327.
19:14:26 | INFO: Draco encoder: Encoding mesh Canopy sprays 2328.
19:14:26 | INFO: Draco encoder: Encoding mesh Canopy sprays 2329.
19:14:26 | INFO: Draco encoder: Encoding mesh Canopy sprays 2330.
19:14:26 | INFO: Draco encoder: Encoding mesh Canopy sprays 2331.
19:14:26 | INFO: Draco encoder: Encoding mesh Canopy sprays 2332.
19:14:26 | INFO: Draco encoder: Encoding mesh Canopy sprays 2333.
19:14:26 | INFO: Draco encoder: Encoding mesh Canopy sprays 2334.
19:14:26 | INFO: Draco encoder: Encoding mesh Canopy sprays 2335.
19:14:26 | INFO: Draco encoder: Encoding mesh Canopy sprays 2336.
19:14:26 | INFO: Draco encoder: Encoding mesh Canopy sprays 2337.
19:14:26 | INFO: Draco encoder: Encoding mesh Canopy sprays 2338.
19:14:26 | INFO: Draco encoder: Encoding mesh Canopy sprays 2339.
19:14:26 | INFO: Draco encoder: Encoding mesh Canopy sprays 2340.
19:14:26 | INFO: Draco encoder: Encoding mesh Canopy sprays 2341.
19:14:26 | INFO: Draco encoder: Encoding mesh Canopy sprays 2342.
19:14:26 | INFO: Draco encoder: Encoding mesh Canopy sprays 2343.
19:14:26 | INFO: Draco encoder: Encoding mesh Canopy sprays 2344.
19:14:26 | INFO: Draco encoder: Encoding mesh Canopy sprays 2345.
19:14:26 | INFO: Draco encoder: Encoding mesh Canopy sprays 2346.
19:14:26 | INFO: Draco encoder: Encoding mesh Canopy sprays 2347.
19:14:26 | INFO: Draco encoder: Encoding mesh Canopy sprays 2348.
19:14:26 | INFO: Draco encoder: Encoding mesh Canopy sprays 2349.
19:14:26 | INFO: Draco encoder: Encoding mesh Canopy sprays 2350.
19:14:26 | INFO: Draco encoder: Encoding mesh Canopy sprays 2351.
19:14:26 | INFO: Draco encoder: Encoding mesh Canopy sprays 2352.
19:14:26 | INFO: Draco encoder: Encoding mesh Canopy sprays 2353.
19:14:26 | INFO: Draco encoder: Encoding mesh Canopy sprays 2354.
19:14:26 | INFO: Draco encoder: Encoding mesh Canopy sprays 2355.
19:14:26 | INFO: Draco encoder: Encoding mesh Canopy sprays 2356.
19:14:26 | INFO: Draco encoder: Encoding mesh Canopy sprays 2357.
19:14:26 | INFO: Draco encoder: Encoding mesh Canopy sprays 2358.
19:14:26 | INFO: Draco encoder: Encoding mesh Canopy sprays 2359.
19:14:26 | INFO: Draco encoder: Encoding mesh Canopy sprays 2360.
19:14:26 | INFO: Draco encoder: Encoding mesh Canopy sprays 2361.
19:14:26 | INFO: Draco encoder: Encoding mesh Canopy sprays 2362.
19:14:26 | INFO: Draco encoder: Encoding mesh Canopy sprays 2363.
19:14:26 | INFO: Draco encoder: Encoding mesh Canopy sprays 2364.
19:14:26 | INFO: Draco encoder: Encoding mesh Canopy sprays 2365.
19:14:26 | INFO: Draco encoder: Encoding mesh Canopy sprays 2366.
19:14:26 | INFO: Draco encoder: Encoding mesh Canopy sprays 2367.
19:14:26 | INFO: Draco encoder: Encoding mesh Canopy sprays 2368.
19:14:26 | INFO: Draco encoder: Encoding mesh Canopy sprays 2369.
19:14:26 | INFO: Draco encoder: Encoding mesh Canopy sprays 2370.
19:14:26 | INFO: Draco encoder: Encoding mesh Canopy sprays 2371.
19:14:26 | INFO: Draco encoder: Encoding mesh Canopy sprays 2372.
19:14:26 | INFO: Draco encoder: Encoding mesh Canopy sprays 2373.
19:14:26 | INFO: Draco encoder: Encoding mesh Canopy sprays 2374.
19:14:26 | INFO: Draco encoder: Encoding mesh Canopy sprays 2375.
19:14:26 | INFO: Draco encoder: Encoding mesh Canopy sprays 2376.
19:14:26 | INFO: Draco encoder: Encoding mesh Canopy sprays 2377.
19:14:26 | INFO: Draco encoder: Encoding mesh Canopy sprays 2378.
19:14:26 | INFO: Draco encoder: Encoding mesh Canopy sprays 2379.
19:14:26 | INFO: Draco encoder: Encoding mesh Canopy sprays 2380.
19:14:26 | INFO: Draco encoder: Encoding mesh Canopy sprays 2381.
19:14:26 | INFO: Draco encoder: Encoding mesh Canopy sprays 2382.
19:14:26 | INFO: Draco encoder: Encoding mesh Canopy sprays 2383.
19:14:26 | INFO: Draco encoder: Encoding mesh Canopy sprays 2384.
19:14:26 | INFO: Draco encoder: Encoding mesh Canopy sprays 2385.
19:14:26 | INFO: Draco encoder: Encoding mesh Canopy sprays 2386.
19:14:26 | INFO: Draco encoder: Encoding mesh Canopy sprays 2387.
19:14:26 | INFO: Draco encoder: Encoding mesh Canopy sprays 2388.
19:14:26 | INFO: Draco encoder: Encoding mesh Canopy sprays 2389.
19:14:26 | INFO: Draco encoder: Encoding mesh Canopy sprays 2390.
19:14:26 | INFO: Draco encoder: Encoding mesh Canopy sprays 2391.
19:14:26 | INFO: Draco encoder: Encoding mesh Canopy sprays 2392.
19:14:26 | INFO: Draco encoder: Encoding mesh Canopy sprays 2393.
19:14:26 | INFO: Draco encoder: Encoding mesh Canopy sprays 2394.
19:14:26 | INFO: Draco encoder: Encoding mesh Canopy sprays 2395.
19:14:26 | INFO: Draco encoder: Encoding mesh Canopy sprays 2396.
19:14:26 | INFO: Draco encoder: Encoding mesh Canopy sprays 2397.
19:14:26 | INFO: Draco encoder: Encoding mesh Canopy sprays 2398.
19:14:26 | INFO: Draco encoder: Encoding mesh Canopy sprays 2399.
19:14:26 | INFO: Draco encoder: Encoding mesh Canopy sprays 2400.
19:14:26 | INFO: Draco encoder: Encoding mesh Canopy sprays 2401.
19:14:26 | INFO: Draco encoder: Encoding mesh Canopy sprays 2402.
19:14:26 | INFO: Draco encoder: Encoding mesh Canopy sprays 2403.
19:14:26 | INFO: Draco encoder: Encoding mesh Canopy sprays 2404.
19:14:26 | INFO: Draco encoder: Encoding mesh Canopy sprays 2405.
19:14:26 | INFO: Draco encoder: Encoding mesh Canopy sprays 2406.
19:14:26 | INFO: Draco encoder: Encoding mesh Canopy sprays 2407.
19:14:26 | INFO: Draco encoder: Encoding mesh Canopy sprays 2408.
19:14:26 | INFO: Draco encoder: Encoding mesh Canopy sprays 2409.
19:14:26 | INFO: Draco encoder: Encoding mesh Canopy sprays 2410.
19:14:26 | INFO: Draco encoder: Encoding mesh Canopy sprays 2411.
19:14:26 | INFO: Draco encoder: Encoding mesh Canopy sprays 2412.
19:14:26 | INFO: Draco encoder: Encoding mesh Canopy sprays 2413.
19:14:26 | INFO: Draco encoder: Encoding mesh Canopy sprays 2414.
19:14:26 | INFO: Draco encoder: Encoding mesh Canopy sprays 2415.
19:14:26 | INFO: Draco encoder: Encoding mesh Canopy sprays 2416.
19:14:26 | INFO: Draco encoder: Encoding mesh Canopy sprays 2417.
19:14:26 | INFO: Draco encoder: Encoding mesh Canopy sprays 2418.
19:14:26 | INFO: Draco encoder: Encoding mesh Canopy sprays 2419.
19:14:26 | INFO: Draco encoder: Encoding mesh Canopy sprays 2420.
19:14:26 | INFO: Draco encoder: Encoding mesh Canopy sprays 2421.
19:14:26 | INFO: Draco encoder: Encoding mesh Canopy sprays 2422.
19:14:26 | INFO: Draco encoder: Encoding mesh Canopy sprays 2423.
19:14:26 | INFO: Draco encoder: Encoding mesh Canopy sprays 2424.
19:14:26 | INFO: Draco encoder: Encoding mesh Canopy sprays 2425.
19:14:26 | INFO: Draco encoder: Encoding mesh Canopy sprays 2426.
19:14:26 | INFO: Draco encoder: Encoding mesh Canopy sprays 2427.
19:14:26 | INFO: Draco encoder: Encoding mesh Canopy sprays 2428.
19:14:26 | INFO: Draco encoder: Encoding mesh Canopy sprays 2429.
19:14:26 | INFO: Draco encoder: Encoding mesh Canopy sprays 2430.
19:14:26 | INFO: Draco encoder: Encoding mesh Canopy sprays 2431.
19:14:26 | INFO: Draco encoder: Encoding mesh Canopy sprays 2432.
19:14:26 | INFO: Draco encoder: Encoding mesh Canopy sprays 2433.
19:14:26 | INFO: Draco encoder: Encoding mesh Canopy sprays 2434.
19:14:26 | INFO: Draco encoder: Encoding mesh Canopy sprays 2435.
19:14:26 | INFO: Draco encoder: Encoding mesh Canopy sprays 2436.
19:14:26 | INFO: Draco encoder: Encoding mesh Canopy sprays 2437.
19:14:26 | INFO: Draco encoder: Encoding mesh Canopy sprays 2438.
19:14:26 | INFO: Draco encoder: Encoding mesh Canopy sprays 2439.
19:14:26 | INFO: Draco encoder: Encoding mesh Canopy sprays 2440.
19:14:26 | INFO: Draco encoder: Encoding mesh Canopy sprays 2441.
19:14:26 | INFO: Draco encoder: Encoding mesh Canopy sprays 2442.
19:14:26 | INFO: Draco encoder: Encoding mesh Canopy sprays 2443.
19:14:26 | INFO: Draco encoder: Encoding mesh Canopy sprays 2444.
19:14:26 | INFO: Draco encoder: Encoding mesh Canopy sprays 2445.
19:14:26 | INFO: Draco encoder: Encoding mesh Canopy sprays 2446.
19:14:26 | INFO: Draco encoder: Encoding mesh Canopy sprays 2447.
19:14:26 | INFO: Draco encoder: Encoding mesh Canopy sprays 2448.
19:14:26 | INFO: Draco encoder: Encoding mesh Canopy sprays 2449.
19:14:26 | INFO: Draco encoder: Encoding mesh Canopy sprays 2450.
19:14:26 | INFO: Draco encoder: Encoding mesh Canopy sprays 2451.
19:14:26 | INFO: Draco encoder: Encoding mesh Canopy sprays 2452.
19:14:26 | INFO: Draco encoder: Encoding mesh Canopy sprays 2453.
19:14:26 | INFO: Draco encoder: Encoding mesh Canopy sprays 2454.
19:14:26 | INFO: Draco encoder: Encoding mesh Canopy sprays 2455.
19:14:26 | INFO: Draco encoder: Encoding mesh Canopy sprays 2456.
19:14:26 | INFO: Draco encoder: Encoding mesh Canopy sprays 2457.
19:14:26 | INFO: Draco encoder: Encoding mesh Canopy sprays 2458.
19:14:26 | INFO: Draco encoder: Encoding mesh Canopy sprays 2459.
19:14:26 | INFO: Draco encoder: Encoding mesh Canopy sprays 2460.
19:14:26 | INFO: Draco encoder: Encoding mesh Canopy sprays 2461.
19:14:26 | INFO: Draco encoder: Encoding mesh Canopy sprays 2462.
19:14:26 | INFO: Draco encoder: Encoding mesh Canopy sprays 2463.
19:14:26 | INFO: Draco encoder: Encoding mesh Canopy sprays 2464.
19:14:26 | INFO: Draco encoder: Encoding mesh Canopy sprays 2465.
19:14:26 | INFO: Draco encoder: Encoding mesh Canopy sprays 2466.
19:14:26 | INFO: Draco encoder: Encoding mesh Canopy sprays 2467.
19:14:26 | INFO: Draco encoder: Encoding mesh Canopy sprays 2468.
19:14:26 | INFO: Draco encoder: Encoding mesh Canopy sprays 2469.
19:14:26 | INFO: Draco encoder: Encoding mesh Canopy sprays 2470.
19:14:26 | INFO: Draco encoder: Encoding mesh Canopy sprays 2471.
19:14:26 | INFO: Draco encoder: Encoding mesh Canopy sprays 2472.
19:14:26 | INFO: Draco encoder: Encoding mesh Canopy sprays 2473.
19:14:26 | INFO: Draco encoder: Encoding mesh Canopy sprays 2474.
19:14:26 | INFO: Draco encoder: Encoding mesh Canopy sprays 2475.
19:14:26 | INFO: Draco encoder: Encoding mesh Canopy sprays 2476.
19:14:26 | INFO: Draco encoder: Encoding mesh Canopy sprays 2477.
19:14:26 | INFO: Draco encoder: Encoding mesh Canopy sprays 2478.
19:14:26 | INFO: Draco encoder: Encoding mesh Canopy sprays 2479.
19:14:26 | INFO: Draco encoder: Encoding mesh Canopy sprays 2480.
19:14:26 | INFO: Draco encoder: Encoding mesh Canopy sprays 2481.
19:14:26 | INFO: Draco encoder: Encoding mesh Canopy sprays 2482.
19:14:26 | INFO: Draco encoder: Encoding mesh Canopy sprays 2483.
19:14:26 | INFO: Draco encoder: Encoding mesh Canopy sprays 2484.
19:14:26 | INFO: Draco encoder: Encoding mesh Canopy sprays 2485.
19:14:26 | INFO: Draco encoder: Encoding mesh Canopy sprays 2486.
19:14:26 | INFO: Draco encoder: Encoding mesh Canopy sprays 2487.
19:14:26 | INFO: Draco encoder: Encoding mesh Canopy sprays 2488.
19:14:26 | INFO: Draco encoder: Encoding mesh Canopy sprays 2489.
19:14:26 | INFO: Draco encoder: Encoding mesh Canopy sprays 2490.
19:14:26 | INFO: Draco encoder: Encoding mesh Canopy sprays 2491.
19:14:26 | INFO: Draco encoder: Encoding mesh Canopy sprays 2492.
19:14:26 | INFO: Draco encoder: Encoding mesh Canopy sprays 2493.
19:14:26 | INFO: Draco encoder: Encoding mesh Canopy sprays 2494.
19:14:26 | INFO: Draco encoder: Encoding mesh Canopy sprays 2495.
19:14:26 | INFO: Draco encoder: Encoding mesh Canopy sprays 2496.
19:14:26 | INFO: Draco encoder: Encoding mesh Canopy sprays 2497.
19:14:26 | INFO: Draco encoder: Encoding mesh Canopy sprays 2498.
19:14:26 | INFO: Draco encoder: Encoding mesh Canopy sprays 2499.
19:14:26 | INFO: Draco encoder: Encoding mesh Canopy sprays 2500.
19:14:26 | INFO: Draco encoder: Encoding mesh Canopy sprays 2501.
19:14:26 | INFO: Draco encoder: Encoding mesh Canopy sprays 2502.
19:14:26 | INFO: Draco encoder: Encoding mesh Canopy sprays 2503.
19:14:26 | INFO: Draco encoder: Encoding mesh Canopy sprays 2504.
19:14:26 | INFO: Draco encoder: Encoding mesh Canopy sprays 2505.
19:14:26 | INFO: Draco encoder: Encoding mesh Canopy sprays 2506.
19:14:26 | INFO: Draco encoder: Encoding mesh Canopy sprays 2507.
19:14:26 | INFO: Draco encoder: Encoding mesh Canopy sprays 2508.
19:14:26 | INFO: Draco encoder: Encoding mesh Canopy sprays 2509.
19:14:26 | INFO: Draco encoder: Encoding mesh Canopy sprays 2510.
19:14:26 | INFO: Draco encoder: Encoding mesh Canopy sprays 2511.
19:14:26 | INFO: Draco encoder: Encoding mesh Canopy sprays 2512.
19:14:26 | INFO: Draco encoder: Encoding mesh Canopy sprays 2513.
19:14:26 | INFO: Draco encoder: Encoding mesh Canopy sprays 2514.
19:14:26 | INFO: Draco encoder: Encoding mesh Canopy sprays 2515.
19:14:26 | INFO: Draco encoder: Encoding mesh Canopy sprays 2516.
19:14:26 | INFO: Draco encoder: Encoding mesh Canopy sprays 2517.
19:14:26 | INFO: Draco encoder: Encoding mesh Canopy sprays 2518.
19:14:26 | INFO: Draco encoder: Encoding mesh Canopy sprays 2519.
19:14:26 | INFO: Draco encoder: Encoding mesh Canopy sprays 2520.
19:14:26 | INFO: Draco encoder: Encoding mesh Canopy sprays 2521.
19:14:26 | INFO: Draco encoder: Encoding mesh Canopy sprays 2522.
19:14:26 | INFO: Draco encoder: Encoding mesh Canopy sprays 2523.
19:14:26 | INFO: Draco encoder: Encoding mesh Canopy sprays 2524.
19:14:26 | INFO: Draco encoder: Encoding mesh Canopy sprays 2525.
19:14:26 | INFO: Draco encoder: Encoding mesh Canopy sprays 2526.
19:14:26 | INFO: Draco encoder: Encoding mesh Canopy sprays 2527.
19:14:26 | INFO: Draco encoder: Encoding mesh Canopy sprays 2528.
19:14:26 | INFO: Draco encoder: Encoding mesh Canopy sprays 2529.
19:14:26 | INFO: Draco encoder: Encoding mesh Canopy sprays 2530.
19:14:26 | INFO: Draco encoder: Encoding mesh Canopy sprays 2531.
19:14:26 | INFO: Draco encoder: Encoding mesh Canopy sprays 2532.
19:14:26 | INFO: Draco encoder: Encoding mesh Canopy sprays 2533.
19:14:26 | INFO: Draco encoder: Encoding mesh Canopy sprays 2534.
19:14:26 | INFO: Draco encoder: Encoding mesh Canopy sprays 2535.
19:14:26 | INFO: Draco encoder: Encoding mesh Canopy sprays 2536.
19:14:26 | INFO: Draco encoder: Encoding mesh Canopy sprays 2537.
19:14:26 | INFO: Draco encoder: Encoding mesh Canopy sprays 2538.
19:14:26 | INFO: Draco encoder: Encoding mesh Canopy sprays 2539.
19:14:26 | INFO: Draco encoder: Encoding mesh Canopy sprays 2540.
19:14:26 | INFO: Draco encoder: Encoding mesh Canopy sprays 2541.
19:14:26 | INFO: Draco encoder: Encoding mesh Canopy sprays 2542.
19:14:26 | INFO: Draco encoder: Encoding mesh Canopy sprays 2543.
19:14:26 | INFO: Draco encoder: Encoding mesh Canopy sprays 2544.
19:14:26 | INFO: Draco encoder: Encoding mesh Canopy sprays 2545.
19:14:26 | INFO: Draco encoder: Encoding mesh Canopy sprays 2546.
19:14:26 | INFO: Draco encoder: Encoding mesh Canopy sprays 2547.
19:14:26 | INFO: Draco encoder: Encoding mesh Canopy sprays 2548.
19:14:26 | INFO: Draco encoder: Encoding mesh Canopy sprays 2549.
19:14:26 | INFO: Draco encoder: Encoding mesh Canopy sprays 2550.
19:14:26 | INFO: Draco encoder: Encoding mesh Canopy sprays 2551.
19:14:26 | INFO: Draco encoder: Encoding mesh Canopy sprays 2552.
19:14:26 | INFO: Draco encoder: Encoding mesh Canopy sprays 2553.
19:14:26 | INFO: Draco encoder: Encoding mesh Canopy sprays 2554.
19:14:26 | INFO: Draco encoder: Encoding mesh Canopy sprays 2555.
19:14:26 | INFO: Draco encoder: Encoding mesh Canopy sprays 2556.
19:14:26 | INFO: Draco encoder: Encoding mesh Canopy sprays 2557.
19:14:26 | INFO: Draco encoder: Encoding mesh Canopy sprays 2558.
19:14:26 | INFO: Draco encoder: Encoding mesh Canopy sprays 2559.
19:14:26 | INFO: Draco encoder: Encoding mesh Canopy sprays 2560.
19:14:26 | INFO: Draco encoder: Encoding mesh Canopy sprays 2561.
19:14:26 | INFO: Draco encoder: Encoding mesh Canopy sprays 2562.
19:14:26 | INFO: Draco encoder: Encoding mesh Canopy sprays 2563.
19:14:26 | INFO: Draco encoder: Encoding mesh Canopy sprays 2564.
19:14:26 | INFO: Draco encoder: Encoding mesh Canopy sprays 2565.
19:14:26 | INFO: Draco encoder: Encoding mesh Canopy sprays 2566.
19:14:26 | INFO: Draco encoder: Encoding mesh Canopy sprays 2567.
19:14:26 | INFO: Draco encoder: Encoding mesh Canopy sprays 2568.
19:14:26 | INFO: Draco encoder: Encoding mesh Canopy sprays 2569.
19:14:26 | INFO: Draco encoder: Encoding mesh Canopy sprays 2570.
19:14:26 | INFO: Draco encoder: Encoding mesh Canopy sprays 2571.
19:14:26 | INFO: Draco encoder: Encoding mesh Canopy sprays 2572.
19:14:26 | INFO: Draco encoder: Encoding mesh Canopy sprays 2573.
19:14:26 | INFO: Draco encoder: Encoding mesh Canopy sprays 2574.
19:14:26 | INFO: Draco encoder: Encoding mesh Canopy sprays 2575.
19:14:26 | INFO: Draco encoder: Encoding mesh Canopy sprays 2576.
19:14:26 | INFO: Draco encoder: Encoding mesh Canopy sprays 2577.
19:14:26 | INFO: Draco encoder: Encoding mesh Canopy sprays 2578.
19:14:26 | INFO: Draco encoder: Encoding mesh Canopy sprays 2579.
19:14:26 | INFO: Draco encoder: Encoding mesh Canopy sprays 2580.
19:14:26 | INFO: Draco encoder: Encoding mesh Canopy sprays 2581.
19:14:26 | INFO: Draco encoder: Encoding mesh Canopy sprays 2582.
19:14:26 | INFO: Draco encoder: Encoding mesh Canopy sprays 2583.
19:14:26 | INFO: Draco encoder: Encoding mesh Canopy sprays 2584.
19:14:26 | INFO: Draco encoder: Encoding mesh Canopy sprays 2585.
19:14:26 | INFO: Draco encoder: Encoding mesh Canopy sprays 2586.
19:14:26 | INFO: Draco encoder: Encoding mesh Canopy sprays 2587.
19:14:26 | INFO: Draco encoder: Encoding mesh Canopy sprays 2588.
19:14:26 | INFO: Draco encoder: Encoding mesh Canopy sprays 2589.
19:14:26 | INFO: Draco encoder: Encoding mesh Canopy sprays 2590.
19:14:26 | INFO: Draco encoder: Encoding mesh Canopy sprays 2591.
19:14:26 | INFO: Draco encoder: Encoding mesh Canopy sprays 2592.
19:14:26 | INFO: Draco encoder: Encoding mesh Canopy sprays 2593.
19:14:26 | INFO: Draco encoder: Encoding mesh Canopy sprays 2594.
19:14:26 | INFO: Draco encoder: Encoding mesh Canopy sprays 2595.
19:14:26 | INFO: Draco encoder: Encoding mesh Canopy sprays 2596.
19:14:26 | INFO: Draco encoder: Encoding mesh Canopy sprays 2597.
19:14:26 | INFO: Draco encoder: Encoding mesh Canopy sprays 2598.
19:14:26 | INFO: Draco encoder: Encoding mesh Canopy sprays 2599.
19:14:26 | INFO: Draco encoder: Encoding mesh Canopy sprays 2600.
19:14:26 | INFO: Draco encoder: Encoding mesh Canopy sprays 2601.
19:14:26 | INFO: Draco encoder: Encoding mesh Canopy sprays 2602.
19:14:26 | INFO: Draco encoder: Encoding mesh Canopy sprays 2603.
19:14:26 | INFO: Draco encoder: Encoding mesh Canopy sprays 2604.
19:14:26 | INFO: Draco encoder: Encoding mesh Canopy sprays 2605.
19:14:26 | INFO: Draco encoder: Encoding mesh Canopy sprays 2606.
19:14:26 | INFO: Draco encoder: Encoding mesh Canopy sprays 2607.
19:14:26 | INFO: Draco encoder: Encoding mesh Canopy sprays 2608.
19:14:26 | INFO: Draco encoder: Encoding mesh Canopy sprays 2609.
19:14:26 | INFO: Draco encoder: Encoding mesh Canopy sprays 2610.
19:14:26 | INFO: Draco encoder: Encoding mesh Canopy sprays 2611.
19:14:26 | INFO: Draco encoder: Encoding mesh Canopy sprays 2612.
19:14:26 | INFO: Draco encoder: Encoding mesh Canopy sprays 2613.
19:14:26 | INFO: Draco encoder: Encoding mesh Canopy sprays 2614.
19:14:26 | INFO: Draco encoder: Encoding mesh Canopy sprays 2615.
19:14:26 | INFO: Draco encoder: Encoding mesh Canopy sprays 2616.
19:14:26 | INFO: Draco encoder: Encoding mesh Canopy sprays 2617.
19:14:26 | INFO: Draco encoder: Encoding mesh Canopy sprays 2618.
19:14:26 | INFO: Draco encoder: Encoding mesh Canopy sprays 2619.
19:14:26 | INFO: Draco encoder: Encoding mesh Canopy sprays 2620.
19:14:26 | INFO: Draco encoder: Encoding mesh Canopy sprays 2621.
19:14:26 | INFO: Draco encoder: Encoding mesh Canopy sprays 2622.
19:14:26 | INFO: Draco encoder: Encoding mesh Canopy sprays 2623.
19:14:26 | INFO: Draco encoder: Encoding mesh Canopy sprays 2624.
19:14:26 | INFO: Draco encoder: Encoding mesh Canopy sprays 2625.
19:14:26 | INFO: Draco encoder: Encoding mesh Canopy sprays 2626.
19:14:26 | INFO: Draco encoder: Encoding mesh Canopy sprays 2627.
19:14:26 | INFO: Draco encoder: Encoding mesh Canopy sprays 2628.
19:14:26 | INFO: Draco encoder: Encoding mesh Canopy sprays 2629.
19:14:26 | INFO: Draco encoder: Encoding mesh Canopy sprays 2630.
19:14:26 | INFO: Draco encoder: Encoding mesh Canopy sprays 2631.
19:14:26 | INFO: Draco encoder: Encoding mesh Canopy sprays 2632.
19:14:26 | INFO: Draco encoder: Encoding mesh Canopy sprays 2633.
19:14:26 | INFO: Draco encoder: Encoding mesh Canopy sprays 2634.
19:14:26 | INFO: Draco encoder: Encoding mesh Canopy sprays 2635.
19:14:26 | INFO: Draco encoder: Encoding mesh Canopy sprays 2636.
19:14:26 | INFO: Draco encoder: Encoding mesh Canopy sprays 2637.
19:14:26 | INFO: Draco encoder: Encoding mesh Canopy sprays 2638.
19:14:26 | INFO: Draco encoder: Encoding mesh Canopy sprays 2639.
19:14:26 | INFO: Draco encoder: Encoding mesh Canopy sprays 2640.
19:14:26 | INFO: Draco encoder: Encoding mesh Canopy sprays 2641.
19:14:26 | INFO: Draco encoder: Encoding mesh Canopy sprays 2642.
19:14:26 | INFO: Draco encoder: Encoding mesh Canopy sprays 2643.
19:14:26 | INFO: Draco encoder: Encoding mesh Canopy sprays 2644.
19:14:26 | INFO: Draco encoder: Encoding mesh Canopy sprays 2645.
19:14:26 | INFO: Draco encoder: Encoding mesh Canopy sprays 2646.
19:14:26 | INFO: Draco encoder: Encoding mesh Canopy sprays 2647.
19:14:26 | INFO: Draco encoder: Encoding mesh Canopy sprays 2648.
19:14:26 | INFO: Draco encoder: Encoding mesh Canopy sprays 2649.
19:14:26 | INFO: Draco encoder: Encoding mesh Canopy sprays 2650.
19:14:26 | INFO: Draco encoder: Encoding mesh Canopy sprays 2651.
19:14:26 | INFO: Draco encoder: Encoding mesh Canopy sprays 2652.
19:14:26 | INFO: Draco encoder: Encoding mesh Canopy sprays 2653.
19:14:26 | INFO: Draco encoder: Encoding mesh Canopy sprays 2654.
19:14:26 | INFO: Draco encoder: Encoding mesh Canopy sprays 2655.
19:14:26 | INFO: Draco encoder: Encoding mesh Canopy sprays 2656.
19:14:26 | INFO: Draco encoder: Encoding mesh Canopy sprays 2657.
19:14:26 | INFO: Draco encoder: Encoding mesh Canopy sprays 2658.
19:14:26 | INFO: Draco encoder: Encoding mesh Canopy sprays 2659.
19:14:26 | INFO: Draco encoder: Encoding mesh Canopy sprays 2660.
19:14:26 | INFO: Draco encoder: Encoding mesh Canopy sprays 2661.
19:14:26 | INFO: Draco encoder: Encoding mesh Canopy sprays 2662.
19:14:26 | INFO: Draco encoder: Encoding mesh Canopy sprays 2663.
19:14:26 | INFO: Draco encoder: Encoding mesh Canopy sprays 2664.
19:14:26 | INFO: Draco encoder: Encoding mesh Canopy sprays 2665.
19:14:26 | INFO: Draco encoder: Encoding mesh Canopy sprays 2666.
19:14:26 | INFO: Draco encoder: Encoding mesh Canopy sprays 2667.
19:14:26 | INFO: Draco encoder: Encoding mesh Canopy sprays 2668.
19:14:26 | INFO: Draco encoder: Encoding mesh Canopy sprays 2669.
19:14:26 | INFO: Draco encoder: Encoding mesh Canopy sprays 2670.
19:14:26 | INFO: Draco encoder: Encoding mesh Canopy sprays 2671.
19:14:26 | INFO: Draco encoder: Encoding mesh Canopy sprays 2672.
19:14:26 | INFO: Draco encoder: Encoding mesh Canopy sprays 2673.
19:14:26 | INFO: Draco encoder: Encoding mesh Canopy sprays 2674.
19:14:26 | INFO: Draco encoder: Encoding mesh Canopy sprays 2675.
19:14:26 | INFO: Draco encoder: Encoding mesh Canopy sprays 2676.
19:14:26 | INFO: Draco encoder: Encoding mesh Canopy sprays 2677.
19:14:26 | INFO: Draco encoder: Encoding mesh Canopy sprays 2678.
19:14:26 | INFO: Draco encoder: Encoding mesh Canopy sprays 2679.
19:14:26 | INFO: Draco encoder: Encoding mesh Canopy sprays 2680.
19:14:26 | INFO: Draco encoder: Encoding mesh Canopy sprays 2681.
19:14:26 | INFO: Draco encoder: Encoding mesh Canopy sprays 2682.
19:14:26 | INFO: Draco encoder: Encoding mesh Canopy sprays 2683.
19:14:26 | INFO: Draco encoder: Encoding mesh Canopy sprays 2684.
19:14:26 | INFO: Draco encoder: Encoding mesh Canopy sprays 2685.
19:14:26 | INFO: Draco encoder: Encoding mesh Canopy sprays 2686.
19:14:26 | INFO: Draco encoder: Encoding mesh Canopy sprays 2687.
19:14:26 | INFO: Draco encoder: Encoding mesh Canopy sprays 2688.
19:14:26 | INFO: Draco encoder: Encoding mesh Canopy sprays 2689.
19:14:26 | INFO: Draco encoder: Encoding mesh Canopy sprays 2690.
19:14:26 | INFO: Draco encoder: Encoding mesh Canopy sprays 2691.
19:14:26 | INFO: Draco encoder: Encoding mesh Canopy sprays 2692.
19:14:26 | INFO: Draco encoder: Encoding mesh Canopy sprays 2693.
19:14:26 | INFO: Draco encoder: Encoding mesh Canopy sprays 2694.
19:14:26 | INFO: Draco encoder: Encoding mesh Canopy sprays 2695.
19:14:26 | INFO: Draco encoder: Encoding mesh Canopy sprays 2696.
19:14:26 | INFO: Draco encoder: Encoding mesh Canopy sprays 2697.
19:14:26 | INFO: Draco encoder: Encoding mesh Canopy sprays 2698.
19:14:26 | INFO: Draco encoder: Encoding mesh Canopy sprays 2699.
19:14:26 | INFO: Draco encoder: Encoding mesh Canopy sprays 2700.
19:14:26 | INFO: Draco encoder: Encoding mesh Canopy sprays 2701.
19:14:26 | INFO: Draco encoder: Encoding mesh Canopy sprays 2702.
19:14:26 | INFO: Draco encoder: Encoding mesh Canopy sprays 2703.
19:14:26 | INFO: Draco encoder: Encoding mesh Canopy sprays 2704.
19:14:26 | INFO: Draco encoder: Encoding mesh Canopy sprays 2705.
19:14:26 | INFO: Draco encoder: Encoding mesh Canopy sprays 2706.
19:14:26 | INFO: Draco encoder: Encoding mesh Canopy sprays 2707.
19:14:26 | INFO: Draco encoder: Encoding mesh Canopy sprays 2708.
19:14:26 | INFO: Draco encoder: Encoding mesh Canopy sprays 2709.
19:14:26 | INFO: Draco encoder: Encoding mesh Canopy sprays 2710.
19:14:26 | INFO: Draco encoder: Encoding mesh Canopy sprays 2711.
19:14:26 | INFO: Draco encoder: Encoding mesh Canopy sprays 2712.
19:14:26 | INFO: Draco encoder: Encoding mesh Canopy sprays 2713.
19:14:26 | INFO: Draco encoder: Encoding mesh Canopy sprays 2714.
19:14:26 | INFO: Draco encoder: Encoding mesh Canopy sprays 2715.
19:14:26 | INFO: Draco encoder: Encoding mesh Canopy sprays 2716.
19:14:26 | INFO: Draco encoder: Encoding mesh Canopy sprays 2717.
19:14:26 | INFO: Draco encoder: Encoding mesh Canopy sprays 2718.
19:14:26 | INFO: Draco encoder: Encoding mesh Canopy sprays 2719.
19:14:26 | INFO: Draco encoder: Encoding mesh Canopy sprays 2720.
19:14:26 | INFO: Draco encoder: Encoding mesh Canopy sprays 2721.
19:14:26 | INFO: Draco encoder: Encoding mesh Canopy sprays 2722.
19:14:26 | INFO: Draco encoder: Encoding mesh Canopy sprays 2723.
19:14:26 | INFO: Draco encoder: Encoding mesh Canopy sprays 2724.
19:14:26 | INFO: Draco encoder: Encoding mesh Canopy sprays 2725.
19:14:26 | INFO: Draco encoder: Encoding mesh Canopy sprays 2726.
19:14:26 | INFO: Draco encoder: Encoding mesh Canopy sprays 2727.
19:14:26 | INFO: Draco encoder: Encoding mesh Canopy sprays 2728.
19:14:26 | INFO: Draco encoder: Encoding mesh Canopy sprays 2729.
19:14:26 | INFO: Draco encoder: Encoding mesh Canopy sprays 2730.
19:14:26 | INFO: Draco encoder: Encoding mesh Canopy sprays 2731.
19:14:26 | INFO: Draco encoder: Encoding mesh Canopy sprays 2732.
19:14:26 | INFO: Draco encoder: Encoding mesh Canopy sprays 2733.
19:14:26 | INFO: Draco encoder: Encoding mesh Canopy sprays 2734.
19:14:26 | INFO: Draco encoder: Encoding mesh Canopy sprays 2735.
19:14:26 | INFO: Draco encoder: Encoding mesh Canopy sprays 2736.
19:14:26 | INFO: Draco encoder: Encoding mesh Canopy sprays 2737.
19:14:26 | INFO: Draco encoder: Encoding mesh Canopy sprays 2738.
19:14:26 | INFO: Draco encoder: Encoding mesh Canopy sprays 2739.
19:14:26 | INFO: Draco encoder: Encoding mesh Canopy sprays 2740.
19:14:26 | INFO: Draco encoder: Encoding mesh Canopy sprays 2741.
19:14:26 | INFO: Draco encoder: Encoding mesh Canopy sprays 2742.
19:14:26 | INFO: Draco encoder: Encoding mesh Canopy sprays 2743.
19:14:26 | INFO: Draco encoder: Encoding mesh Canopy sprays 2744.
19:14:26 | INFO: Draco encoder: Encoding mesh Canopy sprays 2745.
19:14:26 | INFO: Draco encoder: Encoding mesh Canopy sprays 2746.
19:14:26 | INFO: Draco encoder: Encoding mesh Canopy sprays 2747.
19:14:26 | INFO: Draco encoder: Encoding mesh Canopy sprays 2748.
19:14:26 | INFO: Draco encoder: Encoding mesh Canopy sprays 2749.
19:14:26 | INFO: Draco encoder: Encoding mesh Canopy sprays 2750.
19:14:26 | INFO: Draco encoder: Encoding mesh Canopy sprays 2751.
19:14:26 | INFO: Draco encoder: Encoding mesh Canopy sprays 2752.
19:14:26 | INFO: Draco encoder: Encoding mesh Canopy sprays 2753.
19:14:26 | INFO: Draco encoder: Encoding mesh Canopy sprays 2754.
19:14:26 | INFO: Draco encoder: Encoding mesh Canopy sprays 2755.
19:14:26 | INFO: Draco encoder: Encoding mesh Canopy sprays 2756.
19:14:26 | INFO: Draco encoder: Encoding mesh Canopy sprays 2757.
19:14:26 | INFO: Draco encoder: Encoding mesh Canopy sprays 2758.
19:14:26 | INFO: Draco encoder: Encoding mesh Canopy sprays 2759.
19:14:26 | INFO: Draco encoder: Encoding mesh Canopy sprays 2760.
19:14:26 | INFO: Draco encoder: Encoding mesh Canopy sprays 2761.
19:14:26 | INFO: Draco encoder: Encoding mesh Canopy sprays 2762.
19:14:26 | INFO: Draco encoder: Encoding mesh Canopy sprays 2763.
19:14:26 | INFO: Draco encoder: Encoding mesh Canopy sprays 2764.
19:14:26 | INFO: Draco encoder: Encoding mesh Canopy sprays 2765.
19:14:26 | INFO: Draco encoder: Encoding mesh Canopy sprays 2766.
19:14:26 | INFO: Draco encoder: Encoding mesh Canopy sprays 2767.
19:14:26 | INFO: Draco encoder: Encoding mesh Canopy sprays 2768.
19:14:26 | INFO: Draco encoder: Encoding mesh Canopy sprays 2769.
19:14:26 | INFO: Draco encoder: Encoding mesh Canopy sprays 2770.
19:14:26 | INFO: Draco encoder: Encoding mesh Canopy sprays 2771.
19:14:26 | INFO: Draco encoder: Encoding mesh Canopy sprays 2772.
19:14:26 | INFO: Draco encoder: Encoding mesh Canopy sprays 2773.
19:14:26 | INFO: Draco encoder: Encoding mesh Canopy sprays 2774.
19:14:26 | INFO: Draco encoder: Encoding mesh Canopy sprays 2775.
19:14:26 | INFO: Draco encoder: Encoding mesh Canopy sprays 2776.
19:14:26 | INFO: Draco encoder: Encoding mesh Canopy sprays 2777.
19:14:26 | INFO: Draco encoder: Encoding mesh Canopy sprays 2778.
19:14:26 | INFO: Draco encoder: Encoding mesh Canopy sprays 2779.
19:14:26 | INFO: Draco encoder: Encoding mesh Canopy sprays 2780.
19:14:26 | INFO: Draco encoder: Encoding mesh Canopy sprays 2781.
19:14:26 | INFO: Draco encoder: Encoding mesh Canopy sprays 2782.
19:14:26 | INFO: Draco encoder: Encoding mesh Canopy sprays 2783.
19:14:26 | INFO: Draco encoder: Encoding mesh Canopy sprays 2784.
19:14:26 | INFO: Draco encoder: Encoding mesh Canopy sprays 2785.
19:14:26 | INFO: Draco encoder: Encoding mesh Canopy sprays 2786.
19:14:26 | INFO: Draco encoder: Encoding mesh Canopy sprays 2787.
19:14:26 | INFO: Draco encoder: Encoding mesh Canopy sprays 2788.
19:14:26 | INFO: Draco encoder: Encoding mesh Canopy sprays 2789.
19:14:26 | INFO: Draco encoder: Encoding mesh Canopy sprays 2790.
19:14:26 | INFO: Draco encoder: Encoding mesh Canopy sprays 2791.
19:14:26 | INFO: Draco encoder: Encoding mesh Canopy sprays 2792.
19:14:26 | INFO: Draco encoder: Encoding mesh Canopy sprays 2793.
19:14:26 | INFO: Draco encoder: Encoding mesh Canopy sprays 2794.
19:14:26 | INFO: Draco encoder: Encoding mesh Canopy sprays 2795.
19:14:26 | INFO: Draco encoder: Encoding mesh Canopy sprays 2796.
19:14:26 | INFO: Draco encoder: Encoding mesh Canopy sprays 2797.
19:14:26 | INFO: Draco encoder: Encoding mesh Canopy sprays 2798.
19:14:26 | INFO: Draco encoder: Encoding mesh Canopy sprays 2799.
19:14:26 | INFO: Draco encoder: Encoding mesh Canopy sprays 2800.
19:14:26 | INFO: Draco encoder: Encoding mesh Canopy sprays 2801.
19:14:26 | INFO: Draco encoder: Encoding mesh Canopy sprays 2802.
19:14:26 | INFO: Draco encoder: Encoding mesh Canopy sprays 2803.
19:14:26 | INFO: Draco encoder: Encoding mesh Canopy sprays 2804.
19:14:26 | INFO: Draco encoder: Encoding mesh Canopy sprays 2805.
19:14:26 | INFO: Draco encoder: Encoding mesh Canopy sprays 2806.
19:14:26 | INFO: Draco encoder: Encoding mesh Canopy sprays 2807.
19:14:26 | INFO: Draco encoder: Encoding mesh Canopy sprays 2808.
19:14:26 | INFO: Draco encoder: Encoding mesh Canopy sprays 2809.
19:14:26 | INFO: Draco encoder: Encoding mesh Canopy sprays 2810.
19:14:26 | INFO: Draco encoder: Encoding mesh Canopy sprays 2811.
19:14:26 | INFO: Draco encoder: Encoding mesh Canopy sprays 2812.
19:14:26 | INFO: Draco encoder: Encoding mesh Canopy sprays 2813.
19:14:26 | INFO: Draco encoder: Encoding mesh Canopy sprays 2814.
19:14:26 | INFO: Draco encoder: Encoding mesh Canopy sprays 2815.
19:14:26 | INFO: Draco encoder: Encoding mesh Canopy sprays 2816.
19:14:26 | INFO: Draco encoder: Encoding mesh Canopy sprays 2817.
19:14:26 | INFO: Draco encoder: Encoding mesh Canopy sprays 2818.
19:14:26 | INFO: Draco encoder: Encoding mesh Canopy sprays 2819.
19:14:26 | INFO: Draco encoder: Encoding mesh Canopy sprays 2820.
19:14:26 | INFO: Draco encoder: Encoding mesh Canopy sprays 2821.
19:14:26 | INFO: Draco encoder: Encoding mesh Canopy sprays 2822.
19:14:26 | INFO: Draco encoder: Encoding mesh Canopy sprays 2823.
19:14:26 | INFO: Draco encoder: Encoding mesh Canopy sprays 2824.
19:14:26 | INFO: Draco encoder: Encoding mesh Canopy sprays 2825.
19:14:26 | INFO: Draco encoder: Encoding mesh Canopy sprays 2826.
19:14:26 | INFO: Draco encoder: Encoding mesh Canopy sprays 2827.
19:14:26 | INFO: Draco encoder: Encoding mesh Canopy sprays 2828.
19:14:26 | INFO: Draco encoder: Encoding mesh Canopy sprays 2829.
19:14:26 | INFO: Draco encoder: Encoding mesh Canopy sprays 2830.
19:14:26 | INFO: Draco encoder: Encoding mesh Canopy sprays 2831.
19:14:26 | INFO: Draco encoder: Encoding mesh Canopy sprays 2832.
19:14:26 | INFO: Draco encoder: Encoding mesh Canopy sprays 2833.
19:14:26 | INFO: Draco encoder: Encoding mesh Canopy sprays 2834.
19:14:26 | INFO: Draco encoder: Encoding mesh Canopy sprays 2835.
19:14:26 | INFO: Draco encoder: Encoding mesh Canopy sprays 2836.
19:14:26 | INFO: Draco encoder: Encoding mesh Canopy sprays 2837.
19:14:26 | INFO: Draco encoder: Encoding mesh Canopy sprays 2838.
19:14:26 | INFO: Draco encoder: Encoding mesh Canopy sprays 2839.
19:14:26 | INFO: Draco encoder: Encoding mesh Canopy sprays 2840.
19:14:26 | INFO: Draco encoder: Encoding mesh Canopy sprays 2841.
19:14:26 | INFO: Draco encoder: Encoding mesh Canopy sprays 2842.
19:14:26 | INFO: Draco encoder: Encoding mesh Canopy sprays 2843.
19:14:26 | INFO: Draco encoder: Encoding mesh Canopy sprays 2844.
19:14:26 | INFO: Draco encoder: Encoding mesh Canopy sprays 2845.
19:14:26 | INFO: Draco encoder: Encoding mesh Canopy sprays 2846.
19:14:26 | INFO: Draco encoder: Encoding mesh Canopy sprays 2847.
19:14:26 | INFO: Draco encoder: Encoding mesh Canopy sprays 2848.
19:14:26 | INFO: Draco encoder: Encoding mesh Canopy sprays 2849.
19:14:26 | INFO: Draco encoder: Encoding mesh Canopy sprays 2850.
19:14:26 | INFO: Draco encoder: Encoding mesh Canopy sprays 2851.
19:14:26 | INFO: Draco encoder: Encoding mesh Canopy sprays 2852.
19:14:26 | INFO: Draco encoder: Encoding mesh Canopy sprays 2853.
19:14:26 | INFO: Draco encoder: Encoding mesh Canopy sprays 2854.
19:14:26 | INFO: Draco encoder: Encoding mesh Canopy sprays 2855.
19:14:26 | INFO: Draco encoder: Encoding mesh Canopy sprays 2856.
19:14:26 | INFO: Draco encoder: Encoding mesh Canopy sprays 2857.
19:14:26 | INFO: Draco encoder: Encoding mesh Canopy sprays 2858.
19:14:26 | INFO: Draco encoder: Encoding mesh Canopy sprays 2859.
19:14:26 | INFO: Draco encoder: Encoding mesh Canopy sprays 2860.
19:14:26 | INFO: Draco encoder: Encoding mesh Canopy sprays 2861.
19:14:26 | INFO: Draco encoder: Encoding mesh Canopy sprays 2862.
19:14:26 | INFO: Draco encoder: Encoding mesh Canopy sprays 2863.
19:14:26 | INFO: Draco encoder: Encoding mesh Canopy sprays 2864.
19:14:26 | INFO: Draco encoder: Encoding mesh Canopy sprays 2865.
19:14:26 | INFO: Draco encoder: Encoding mesh Canopy sprays 2866.
19:14:26 | INFO: Draco encoder: Encoding mesh Canopy sprays 2867.
19:14:26 | INFO: Draco encoder: Encoding mesh Canopy sprays 2868.
19:14:26 | INFO: Draco encoder: Encoding mesh Canopy sprays 2869.
19:14:26 | INFO: Draco encoder: Encoding mesh Canopy sprays 2870.
19:14:26 | INFO: Draco encoder: Encoding mesh Canopy sprays 2871.
19:14:26 | INFO: Draco encoder: Encoding mesh Canopy sprays 2872.
19:14:26 | INFO: Draco encoder: Encoding mesh Canopy sprays 2873.
19:14:26 | INFO: Draco encoder: Encoding mesh Canopy sprays 2874.
19:14:26 | INFO: Draco encoder: Encoding mesh Canopy sprays 2875.
19:14:26 | INFO: Draco encoder: Encoding mesh Canopy sprays 2876.
19:14:26 | INFO: Draco encoder: Encoding mesh Canopy sprays 2877.
19:14:26 | INFO: Draco encoder: Encoding mesh Canopy sprays 2878.
19:14:26 | INFO: Draco encoder: Encoding mesh Canopy sprays 2879.
19:14:26 | INFO: Draco encoder: Encoding mesh Canopy sprays 2880.
19:14:26 | INFO: Draco encoder: Encoding mesh Canopy sprays 2881.
19:14:26 | INFO: Draco encoder: Encoding mesh Canopy sprays 2882.
19:14:26 | INFO: Draco encoder: Encoding mesh Canopy sprays 2883.
19:14:26 | INFO: Draco encoder: Encoding mesh Canopy sprays 2884.
19:14:26 | INFO: Draco encoder: Encoding mesh Canopy sprays 2885.
19:14:26 | INFO: Draco encoder: Encoding mesh Canopy sprays 2886.
19:14:26 | INFO: Draco encoder: Encoding mesh Canopy sprays 2887.
19:14:26 | INFO: Draco encoder: Encoding mesh Canopy sprays 2888.
19:14:26 | INFO: Draco encoder: Encoding mesh Canopy sprays 2889.
19:14:26 | INFO: Draco encoder: Encoding mesh Canopy sprays 2890.
19:14:26 | INFO: Draco encoder: Encoding mesh Canopy sprays 2891.
19:14:26 | INFO: Draco encoder: Encoding mesh Canopy sprays 2892.
19:14:26 | INFO: Draco encoder: Encoding mesh Canopy sprays 2893.
19:14:26 | INFO: Draco encoder: Encoding mesh Canopy sprays 2894.
19:14:26 | INFO: Draco encoder: Encoding mesh Canopy sprays 2895.
19:14:26 | INFO: Draco encoder: Encoding mesh Canopy sprays 2896.
19:14:26 | INFO: Draco encoder: Encoding mesh Canopy sprays 2897.
19:14:26 | INFO: Draco encoder: Encoding mesh Canopy sprays 2898.
19:14:26 | INFO: Draco encoder: Encoding mesh Canopy sprays 2899.
19:14:26 | INFO: Draco encoder: Encoding mesh Canopy sprays 2900.
19:14:26 | INFO: Draco encoder: Encoding mesh Canopy sprays 2901.
19:14:26 | INFO: Draco encoder: Encoding mesh Canopy sprays 2902.
19:14:26 | INFO: Draco encoder: Encoding mesh Canopy sprays 2903.
19:14:26 | INFO: Draco encoder: Encoding mesh Canopy sprays 2904.
19:14:26 | INFO: Draco encoder: Encoding mesh Canopy sprays 2905.
19:14:26 | INFO: Draco encoder: Encoding mesh Canopy sprays 2906.
19:14:26 | INFO: Draco encoder: Encoding mesh Canopy sprays 2907.
19:14:26 | INFO: Draco encoder: Encoding mesh Canopy sprays 2908.
19:14:26 | INFO: Draco encoder: Encoding mesh Canopy sprays 2909.
19:14:26 | INFO: Draco encoder: Encoding mesh Canopy sprays 2910.
19:14:26 | INFO: Draco encoder: Encoding mesh Canopy sprays 2911.
19:14:26 | INFO: Draco encoder: Encoding mesh Canopy sprays 2912.
19:14:26 | INFO: Draco encoder: Encoding mesh Canopy sprays 2913.
19:14:26 | INFO: Draco encoder: Encoding mesh Canopy sprays 2914.
19:14:26 | INFO: Draco encoder: Encoding mesh Canopy sprays 2915.
19:14:26 | INFO: Draco encoder: Encoding mesh Canopy sprays 2916.
19:14:26 | INFO: Draco encoder: Encoding mesh Canopy sprays 2917.
19:14:26 | INFO: Draco encoder: Encoding mesh Canopy sprays 2918.
19:14:26 | INFO: Draco encoder: Encoding mesh Canopy sprays 2919.
19:14:26 | INFO: Draco encoder: Encoding mesh Canopy sprays 2920.
19:14:26 | INFO: Draco encoder: Encoding mesh Canopy sprays 2921.
19:14:26 | INFO: Draco encoder: Encoding mesh Canopy sprays 2922.
19:14:26 | INFO: Draco encoder: Encoding mesh Canopy sprays 2923.
19:14:26 | INFO: Draco encoder: Encoding mesh Canopy sprays 2924.
19:14:26 | INFO: Draco encoder: Encoding mesh Canopy sprays 2925.
19:14:26 | INFO: Draco encoder: Encoding mesh Canopy sprays 2926.
19:14:26 | INFO: Draco encoder: Encoding mesh Canopy sprays 2927.
19:14:26 | INFO: Draco encoder: Encoding mesh Canopy sprays 2928.
19:14:26 | INFO: Draco encoder: Encoding mesh Canopy sprays 2929.
19:14:26 | INFO: Draco encoder: Encoding mesh Canopy sprays 2930.
19:14:26 | INFO: Draco encoder: Encoding mesh Canopy sprays 2931.
19:14:26 | INFO: Draco encoder: Encoding mesh Canopy sprays 2932.
19:14:26 | INFO: Draco encoder: Encoding mesh Canopy sprays 2933.
19:14:26 | INFO: Draco encoder: Encoding mesh Canopy sprays 2934.
19:14:26 | INFO: Draco encoder: Encoding mesh Canopy sprays 2935.
19:14:26 | INFO: Draco encoder: Encoding mesh Canopy sprays 2936.
19:14:26 | INFO: Draco encoder: Encoding mesh Canopy sprays 2937.
19:14:26 | INFO: Draco encoder: Encoding mesh Canopy sprays 2938.
19:14:26 | INFO: Draco encoder: Encoding mesh Canopy sprays 2939.
19:14:26 | INFO: Draco encoder: Encoding mesh Canopy sprays 2940.
19:14:26 | INFO: Draco encoder: Encoding mesh Canopy sprays 2941.
19:14:26 | INFO: Draco encoder: Encoding mesh Canopy sprays 2942.
19:14:26 | INFO: Draco encoder: Encoding mesh Canopy sprays 2943.
19:14:26 | INFO: Draco encoder: Encoding mesh Canopy sprays 2944.
19:14:26 | INFO: Draco encoder: Encoding mesh Canopy sprays 2945.
19:14:26 | INFO: Draco encoder: Encoding mesh Canopy sprays 2946.
19:14:26 | INFO: Draco encoder: Encoding mesh Canopy sprays 2947.
19:14:26 | INFO: Draco encoder: Encoding mesh Canopy sprays 2948.
19:14:26 | INFO: Draco encoder: Encoding mesh Canopy sprays 2949.
19:14:26 | INFO: Draco encoder: Encoding mesh Canopy sprays 2950.
19:14:26 | INFO: Draco encoder: Encoding mesh Canopy sprays 2951.
19:14:26 | INFO: Draco encoder: Encoding mesh Canopy sprays 2952.
19:14:26 | INFO: Draco encoder: Encoding mesh Canopy sprays 2953.
19:14:26 | INFO: Draco encoder: Encoding mesh Canopy sprays 2954.
19:14:26 | INFO: Draco encoder: Encoding mesh Canopy sprays 2955.
19:14:26 | INFO: Draco encoder: Encoding mesh Canopy sprays 2956.
19:14:26 | INFO: Draco encoder: Encoding mesh Canopy sprays 2957.
19:14:26 | INFO: Draco encoder: Encoding mesh Canopy sprays 2958.
19:14:26 | INFO: Draco encoder: Encoding mesh Canopy sprays 2959.
19:14:26 | INFO: Draco encoder: Encoding mesh Canopy sprays 2960.
19:14:26 | INFO: Draco encoder: Encoding mesh Canopy sprays 2961.
19:14:26 | INFO: Draco encoder: Encoding mesh Canopy sprays 2962.
19:14:26 | INFO: Draco encoder: Encoding mesh Canopy sprays 2963.
19:14:26 | INFO: Draco encoder: Encoding mesh Canopy sprays 2964.
19:14:26 | INFO: Draco encoder: Encoding mesh Canopy sprays 2965.
19:14:26 | INFO: Draco encoder: Encoding mesh Canopy sprays 2966.
19:14:26 | INFO: Draco encoder: Encoding mesh Canopy sprays 2967.
19:14:26 | INFO: Draco encoder: Encoding mesh Canopy sprays 2968.
19:14:26 | INFO: Draco encoder: Encoding mesh Canopy sprays 2969.
19:14:26 | INFO: Draco encoder: Encoding mesh Canopy sprays 2970.
19:14:26 | INFO: Draco encoder: Encoding mesh Canopy sprays 2971.
19:14:26 | INFO: Draco encoder: Encoding mesh Canopy sprays 2972.
19:14:26 | INFO: Draco encoder: Encoding mesh Canopy sprays 2973.
19:14:26 | INFO: Draco encoder: Encoding mesh Canopy sprays 2974.
19:14:26 | INFO: Draco encoder: Encoding mesh Canopy sprays 2975.
19:14:26 | INFO: Draco encoder: Encoding mesh Canopy sprays 2976.
19:14:26 | INFO: Draco encoder: Encoding mesh Canopy sprays 2977.
19:14:26 | INFO: Draco encoder: Encoding mesh Canopy sprays 2978.
19:14:26 | INFO: Draco encoder: Encoding mesh Canopy sprays 2979.
19:14:26 | INFO: Draco encoder: Encoding mesh Canopy sprays 2980.
19:14:26 | INFO: Draco encoder: Encoding mesh Canopy sprays 2981.
19:14:26 | INFO: Draco encoder: Encoding mesh Canopy sprays 2982.
19:14:26 | INFO: Draco encoder: Encoding mesh Canopy sprays 2983.
19:14:26 | INFO: Draco encoder: Encoding mesh Canopy sprays 2984.
19:14:26 | INFO: Draco encoder: Encoding mesh Canopy sprays 2985.
19:14:26 | INFO: Draco encoder: Encoding mesh Canopy sprays 2986.
19:14:26 | INFO: Draco encoder: Encoding mesh Canopy sprays 2987.
19:14:26 | INFO: Draco encoder: Encoding mesh Canopy sprays 2988.
19:14:26 | INFO: Draco encoder: Encoding mesh Canopy sprays 2989.
19:14:26 | INFO: Draco encoder: Encoding mesh Canopy sprays 2990.
19:14:26 | INFO: Draco encoder: Encoding mesh Canopy sprays 2991.
19:14:26 | INFO: Draco encoder: Encoding mesh Canopy sprays 2992.
19:14:26 | INFO: Draco encoder: Encoding mesh Canopy sprays 2993.
19:14:26 | INFO: Draco encoder: Encoding mesh Canopy sprays 2994.
19:14:26 | INFO: Draco encoder: Encoding mesh Canopy sprays 2995.
19:14:26 | INFO: Draco encoder: Encoding mesh Canopy sprays 2996.
19:14:26 | INFO: Draco encoder: Encoding mesh Canopy sprays 2997.
19:14:26 | INFO: Draco encoder: Encoding mesh Canopy sprays 2998.
19:14:26 | INFO: Draco encoder: Encoding mesh Canopy sprays 2999.
19:14:26 | INFO: Draco encoder: Encoding mesh Canopy sprays 3000.
19:14:26 | INFO: Draco encoder: Encoding mesh Canopy sprays 3001.
19:14:26 | INFO: Draco encoder: Encoding mesh Canopy sprays 3002.
19:14:26 | INFO: Draco encoder: Encoding mesh Canopy sprays 3003.
19:14:26 | INFO: Draco encoder: Encoding mesh Canopy sprays 3004.
19:14:26 | INFO: Draco encoder: Encoding mesh Canopy sprays 3005.
19:14:26 | INFO: Draco encoder: Encoding mesh Canopy sprays 3006.
19:14:26 | INFO: Draco encoder: Encoding mesh Canopy sprays 3007.
19:14:26 | INFO: Draco encoder: Encoding mesh Canopy sprays 3008.
19:14:26 | INFO: Draco encoder: Encoding mesh Canopy sprays 3009.
19:14:26 | INFO: Draco encoder: Encoding mesh Canopy sprays 3010.
19:14:26 | INFO: Draco encoder: Encoding mesh Canopy sprays 3011.
19:14:26 | INFO: Draco encoder: Encoding mesh Canopy sprays 3012.
19:14:26 | INFO: Draco encoder: Encoding mesh Canopy sprays 3013.
19:14:26 | INFO: Draco encoder: Encoding mesh Canopy sprays 3014.
19:14:26 | INFO: Draco encoder: Encoding mesh Canopy sprays 3015.
19:14:26 | INFO: Draco encoder: Encoding mesh Canopy sprays 3016.
19:14:26 | INFO: Draco encoder: Encoding mesh Canopy sprays 3017.
19:14:26 | INFO: Draco encoder: Encoding mesh Canopy sprays 3018.
19:14:26 | INFO: Draco encoder: Encoding mesh Canopy sprays 3019.
19:14:26 | INFO: Draco encoder: Encoding mesh Canopy sprays 3020.
19:14:26 | INFO: Draco encoder: Encoding mesh Canopy sprays 3021.
19:14:26 | INFO: Draco encoder: Encoding mesh Canopy sprays 3022.
19:14:26 | INFO: Draco encoder: Encoding mesh Canopy sprays 3023.
19:14:26 | INFO: Draco encoder: Encoding mesh Canopy sprays 3024.
19:14:26 | INFO: Draco encoder: Encoding mesh Canopy sprays 3025.
19:14:26 | INFO: Draco encoder: Encoding mesh Canopy sprays 3026.
19:14:26 | INFO: Draco encoder: Encoding mesh Canopy sprays 3027.
19:14:26 | INFO: Draco encoder: Encoding mesh Canopy sprays 3028.
19:14:26 | INFO: Draco encoder: Encoding mesh Canopy sprays 3029.
19:14:26 | INFO: Draco encoder: Encoding mesh Canopy sprays 3030.
19:14:26 | INFO: Draco encoder: Encoding mesh Canopy sprays 3031.
19:14:26 | INFO: Draco encoder: Encoding mesh Canopy sprays 3032.
19:14:26 | INFO: Draco encoder: Encoding mesh Canopy sprays 3033.
19:14:26 | INFO: Draco encoder: Encoding mesh Canopy sprays 3034.
19:14:26 | INFO: Draco encoder: Encoding mesh Canopy sprays 3035.
19:14:26 | INFO: Draco encoder: Encoding mesh Canopy sprays 3036.
19:14:26 | INFO: Draco encoder: Encoding mesh Canopy sprays 3037.
19:14:26 | INFO: Draco encoder: Encoding mesh Canopy sprays 3038.
19:14:26 | INFO: Draco encoder: Encoding mesh Canopy sprays 3039.
19:14:26 | INFO: Draco encoder: Encoding mesh Canopy sprays 3040.
19:14:26 | INFO: Draco encoder: Encoding mesh Canopy sprays 3041.
19:14:26 | INFO: Draco encoder: Encoding mesh Canopy sprays 3042.
19:14:26 | INFO: Draco encoder: Encoding mesh Canopy sprays 3043.
19:14:26 | INFO: Draco encoder: Encoding mesh Canopy sprays 3044.
19:14:26 | INFO: Draco encoder: Encoding mesh Canopy sprays 3045.
19:14:26 | INFO: Draco encoder: Encoding mesh Canopy sprays 3046.
19:14:26 | INFO: Draco encoder: Encoding mesh Canopy sprays 3047.
19:14:26 | INFO: Draco encoder: Encoding mesh Canopy sprays 3048.
19:14:26 | INFO: Draco encoder: Encoding mesh Canopy sprays 3049.
19:14:26 | INFO: Draco encoder: Encoding mesh Canopy sprays 3050.
19:14:26 | INFO: Draco encoder: Encoding mesh Canopy sprays 3051.
19:14:26 | INFO: Draco encoder: Encoding mesh Canopy sprays 3052.
19:14:26 | INFO: Draco encoder: Encoding mesh Canopy sprays 3053.
19:14:26 | INFO: Draco encoder: Encoding mesh Canopy sprays 3054.
19:14:26 | INFO: Draco encoder: Encoding mesh Canopy sprays 3055.
19:14:26 | INFO: Draco encoder: Encoding mesh Canopy sprays 3056.
19:14:26 | INFO: Draco encoder: Encoding mesh Canopy sprays 3057.
19:14:26 | INFO: Draco encoder: Encoding mesh Canopy sprays 3058.
19:14:26 | INFO: Draco encoder: Encoding mesh Canopy sprays 3059.
19:14:26 | INFO: Draco encoder: Encoding mesh Canopy sprays 3060.
19:14:26 | INFO: Draco encoder: Encoding mesh Canopy sprays 3061.
19:14:26 | INFO: Draco encoder: Encoding mesh Canopy sprays 3062.
19:14:26 | INFO: Draco encoder: Encoding mesh Canopy sprays 3063.
19:14:26 | INFO: Draco encoder: Encoding mesh Canopy sprays 3064.
19:14:26 | INFO: Draco encoder: Encoding mesh Canopy sprays 3065.
19:14:26 | INFO: Draco encoder: Encoding mesh Canopy sprays 3066.
19:14:26 | INFO: Draco encoder: Encoding mesh Canopy sprays 3067.
19:14:26 | INFO: Draco encoder: Encoding mesh Canopy sprays 3068.
19:14:26 | INFO: Draco encoder: Encoding mesh Canopy sprays 3069.
19:14:26 | INFO: Draco encoder: Encoding mesh Canopy sprays 3070.
19:14:26 | INFO: Draco encoder: Encoding mesh Canopy sprays 3071.
19:14:26 | INFO: Draco encoder: Encoding mesh Canopy sprays 3072.
19:14:26 | INFO: Draco encoder: Encoding mesh Canopy sprays 3073.
19:14:26 | INFO: Draco encoder: Encoding mesh Canopy sprays 3074.
19:14:26 | INFO: Draco encoder: Encoding mesh Canopy sprays 3075.
19:14:26 | INFO: Draco encoder: Encoding mesh Canopy sprays 3076.
19:14:26 | INFO: Draco encoder: Encoding mesh Canopy sprays 3077.
19:14:26 | INFO: Draco encoder: Encoding mesh Canopy sprays 3078.
19:14:26 | INFO: Draco encoder: Encoding mesh Canopy sprays 3079.
19:14:26 | INFO: Draco encoder: Encoding mesh Canopy sprays 3080.
19:14:26 | INFO: Draco encoder: Encoding mesh Canopy sprays 3081.
19:14:26 | INFO: Draco encoder: Encoding mesh Canopy sprays 3082.
19:14:26 | INFO: Draco encoder: Encoding mesh Canopy sprays 3083.
19:14:26 | INFO: Draco encoder: Encoding mesh Canopy sprays 3084.
19:14:26 | INFO: Draco encoder: Encoding mesh Canopy sprays 3085.
19:14:26 | INFO: Draco encoder: Encoding mesh Canopy sprays 3086.
19:14:26 | INFO: Draco encoder: Encoding mesh Canopy sprays 3087.
19:14:26 | INFO: Draco encoder: Encoding mesh Canopy sprays 3088.
19:14:26 | INFO: Draco encoder: Encoding mesh Canopy sprays 3089.
19:14:26 | INFO: Draco encoder: Encoding mesh Canopy sprays 3090.
19:14:26 | INFO: Draco encoder: Encoding mesh Canopy sprays 3091.
19:14:26 | INFO: Draco encoder: Encoding mesh Canopy sprays 3092.
19:14:26 | INFO: Draco encoder: Encoding mesh Canopy sprays 3093.
19:14:26 | INFO: Draco encoder: Encoding mesh Canopy sprays 3094.
19:14:26 | INFO: Draco encoder: Encoding mesh Canopy sprays 3095.
19:14:26 | INFO: Draco encoder: Encoding mesh Canopy sprays 3096.
19:14:26 | INFO: Draco encoder: Encoding mesh Canopy sprays 3097.
19:14:26 | INFO: Draco encoder: Encoding mesh Canopy sprays 3098.
19:14:26 | INFO: Draco encoder: Encoding mesh Canopy sprays 3099.
19:14:26 | INFO: Draco encoder: Encoding mesh Canopy sprays 3100.
19:14:26 | INFO: Draco encoder: Encoding mesh Canopy sprays 3101.
19:14:26 | INFO: Draco encoder: Encoding mesh Canopy sprays 3102.
19:14:26 | INFO: Draco encoder: Encoding mesh Canopy sprays 3103.
19:14:26 | INFO: Draco encoder: Encoding mesh Canopy sprays 3104.
19:14:26 | INFO: Draco encoder: Encoding mesh Canopy sprays 3105.
19:14:26 | INFO: Draco encoder: Encoding mesh Canopy sprays 3106.
19:14:26 | INFO: Draco encoder: Encoding mesh Canopy sprays 3107.
19:14:26 | INFO: Draco encoder: Encoding mesh Canopy sprays 3108.
19:14:26 | INFO: Draco encoder: Encoding mesh Canopy sprays 3109.
19:14:26 | INFO: Draco encoder: Encoding mesh Canopy sprays 3110.
19:14:26 | INFO: Draco encoder: Encoding mesh Canopy sprays 3111.
19:14:26 | INFO: Draco encoder: Encoding mesh Canopy sprays 3112.
19:14:26 | INFO: Draco encoder: Encoding mesh Canopy sprays 3113.
19:14:26 | INFO: Draco encoder: Encoding mesh Canopy sprays 3114.
19:14:26 | INFO: Draco encoder: Encoding mesh Canopy sprays 3115.
19:14:26 | INFO: Draco encoder: Encoding mesh Canopy sprays 3116.
19:14:26 | INFO: Draco encoder: Encoding mesh Canopy sprays 3117.
19:14:26 | INFO: Draco encoder: Encoding mesh Canopy sprays 3118.
19:14:26 | INFO: Draco encoder: Encoding mesh Canopy sprays 3119.
19:14:26 | INFO: Draco encoder: Encoding mesh Canopy sprays 3120.
19:14:26 | INFO: Draco encoder: Encoding mesh Canopy sprays 3121.
19:14:26 | INFO: Draco encoder: Encoding mesh Canopy sprays 3122.
19:14:26 | INFO: Draco encoder: Encoding mesh Canopy sprays 3123.
19:14:26 | INFO: Draco encoder: Encoding mesh Canopy sprays 3124.
19:14:26 | INFO: Draco encoder: Encoding mesh Canopy sprays 3125.
19:14:26 | INFO: Draco encoder: Encoding mesh Canopy sprays 3126.
19:14:26 | INFO: Draco encoder: Encoding mesh Canopy sprays 3127.
19:14:26 | INFO: Draco encoder: Encoding mesh Canopy sprays 3128.
19:14:26 | INFO: Draco encoder: Encoding mesh Canopy sprays 3129.
19:14:26 | INFO: Draco encoder: Encoding mesh Canopy sprays 3130.
19:14:26 | INFO: Draco encoder: Encoding mesh Canopy sprays 3131.
19:14:26 | INFO: Draco encoder: Encoding mesh Canopy sprays 3132.
19:14:26 | INFO: Draco encoder: Encoding mesh Canopy sprays 3133.
19:14:26 | INFO: Draco encoder: Encoding mesh Canopy sprays 3134.
19:14:26 | INFO: Draco encoder: Encoding mesh Canopy sprays 3135.
19:14:26 | INFO: Draco encoder: Encoding mesh Canopy sprays 3136.
19:14:26 | INFO: Draco encoder: Encoding mesh Canopy sprays 3137.
19:14:26 | INFO: Draco encoder: Encoding mesh Canopy sprays 3138.
19:14:26 | INFO: Draco encoder: Encoding mesh Canopy sprays 3139.
19:14:26 | INFO: Draco encoder: Encoding mesh Canopy sprays 3140.
19:14:26 | INFO: Draco encoder: Encoding mesh Canopy sprays 3141.
19:14:26 | INFO: Draco encoder: Encoding mesh Canopy sprays 3142.
19:14:26 | INFO: Draco encoder: Encoding mesh Canopy sprays 3143.
19:14:26 | INFO: Draco encoder: Encoding mesh Canopy sprays 3144.
19:14:26 | INFO: Draco encoder: Encoding mesh Canopy sprays 3145.
19:14:26 | INFO: Draco encoder: Encoding mesh Canopy sprays 3146.
19:14:26 | INFO: Draco encoder: Encoding mesh Canopy sprays 3147.
19:14:26 | INFO: Draco encoder: Encoding mesh Canopy sprays 3148.
19:14:26 | INFO: Draco encoder: Encoding mesh Canopy sprays 3149.
19:14:26 | INFO: Draco encoder: Encoding mesh Canopy sprays 3150.
19:14:26 | INFO: Draco encoder: Encoding mesh Canopy sprays 3151.
19:14:26 | INFO: Draco encoder: Encoding mesh Canopy sprays 3152.
19:14:26 | INFO: Draco encoder: Encoding mesh Canopy sprays 3153.
19:14:26 | INFO: Draco encoder: Encoding mesh Canopy sprays 3154.
19:14:26 | INFO: Draco encoder: Encoding mesh Canopy sprays 3155.
19:14:26 | INFO: Draco encoder: Encoding mesh Canopy sprays 3156.
19:14:26 | INFO: Draco encoder: Encoding mesh Canopy sprays 3157.
19:14:26 | INFO: Draco encoder: Encoding mesh Canopy sprays 3158.
19:14:26 | INFO: Draco encoder: Encoding mesh Canopy sprays 3159.
19:14:26 | INFO: Draco encoder: Encoding mesh Canopy sprays 3160.
19:14:26 | INFO: Draco encoder: Encoding mesh Canopy sprays 3161.
19:14:26 | INFO: Draco encoder: Encoding mesh Canopy sprays 3162.
19:14:26 | INFO: Draco encoder: Encoding mesh Canopy sprays 3163.
19:14:26 | INFO: Draco encoder: Encoding mesh Canopy sprays 3164.
19:14:26 | INFO: Draco encoder: Encoding mesh Canopy sprays 3165.
19:14:26 | INFO: Draco encoder: Encoding mesh Canopy sprays 3166.
19:14:26 | INFO: Draco encoder: Encoding mesh Canopy sprays 3167.
19:14:26 | INFO: Draco encoder: Encoding mesh Canopy sprays 3168.
19:14:26 | INFO: Draco encoder: Encoding mesh Canopy sprays 3169.
19:14:26 | INFO: Draco encoder: Encoding mesh Canopy sprays 3170.
19:14:26 | INFO: Draco encoder: Encoding mesh Canopy sprays 3171.
19:14:26 | INFO: Draco encoder: Encoding mesh Canopy sprays 3172.
19:14:26 | INFO: Draco encoder: Encoding mesh Canopy sprays 3173.
19:14:26 | INFO: Draco encoder: Encoding mesh Canopy sprays 3174.
19:14:26 | INFO: Draco encoder: Encoding mesh Canopy sprays 3175.
19:14:26 | INFO: Draco encoder: Encoding mesh Canopy sprays 3176.
19:14:26 | INFO: Draco encoder: Encoding mesh Canopy sprays 3177.
19:14:26 | INFO: Draco encoder: Encoding mesh Canopy sprays 3178.
19:14:26 | INFO: Draco encoder: Encoding mesh Canopy sprays 3179.
19:14:26 | INFO: Draco encoder: Encoding mesh Canopy sprays 3180.
19:14:26 | INFO: Draco encoder: Encoding mesh Canopy sprays 3181.
19:14:26 | INFO: Draco encoder: Encoding mesh Canopy sprays 3182.
19:14:26 | INFO: Draco encoder: Encoding mesh Canopy sprays 3183.
19:14:26 | INFO: Draco encoder: Encoding mesh Canopy sprays 3184.
19:14:26 | INFO: Draco encoder: Encoding mesh Canopy sprays 3185.
19:14:26 | INFO: Draco encoder: Encoding mesh Canopy sprays 3186.
19:14:26 | INFO: Draco encoder: Encoding mesh Canopy sprays 3187.
19:14:26 | INFO: Draco encoder: Encoding mesh Canopy sprays 3188.
19:14:26 | INFO: Draco encoder: Encoding mesh Canopy sprays 3189.
19:14:26 | INFO: Draco encoder: Encoding mesh Canopy sprays 3190.
19:14:26 | INFO: Draco encoder: Encoding mesh Canopy sprays 3191.
19:14:26 | INFO: Draco encoder: Encoding mesh Canopy sprays 3192.
19:14:26 | INFO: Draco encoder: Encoding mesh Canopy sprays 3193.
19:14:26 | INFO: Draco encoder: Encoding mesh Canopy sprays 3194.
19:14:26 | INFO: Draco encoder: Encoding mesh Canopy sprays 3195.
19:14:26 | INFO: Draco encoder: Encoding mesh Canopy sprays 3196.
19:14:26 | INFO: Draco encoder: Encoding mesh Canopy sprays 3197.
19:14:26 | INFO: Draco encoder: Encoding mesh Canopy sprays 3198.
19:14:26 | INFO: Draco encoder: Encoding mesh Canopy sprays 3199.
19:14:26 | INFO: Draco encoder: Encoding mesh Canopy sprays 3200.
19:14:26 | INFO: Draco encoder: Encoding mesh Canopy sprays 3201.
19:14:26 | INFO: Draco encoder: Encoding mesh Canopy sprays 3202.
19:14:26 | INFO: Draco encoder: Encoding mesh Canopy sprays 3203.
19:14:26 | INFO: Draco encoder: Encoding mesh Canopy sprays 3204.
19:14:26 | INFO: Draco encoder: Encoding mesh Canopy sprays 3205.
19:14:26 | INFO: Draco encoder: Encoding mesh Canopy sprays 3206.
19:14:26 | INFO: Draco encoder: Encoding mesh Canopy sprays 3207.
19:14:26 | INFO: Draco encoder: Encoding mesh Canopy sprays 3208.
19:14:26 | INFO: Draco encoder: Encoding mesh Canopy sprays 3209.
19:14:26 | INFO: Draco encoder: Encoding mesh Canopy sprays 3210.
19:14:26 | INFO: Draco encoder: Encoding mesh Canopy sprays 3211.
19:14:26 | INFO: Draco encoder: Encoding mesh Canopy sprays 3212.
19:14:26 | INFO: Draco encoder: Encoding mesh Canopy sprays 3213.
19:14:26 | INFO: Draco encoder: Encoding mesh Canopy sprays 3214.
19:14:26 | INFO: Draco encoder: Encoding mesh Canopy sprays 3215.
19:14:26 | INFO: Draco encoder: Encoding mesh Canopy sprays 3216.
19:14:26 | INFO: Draco encoder: Encoding mesh Canopy sprays 3217.
19:14:26 | INFO: Draco encoder: Encoding mesh Canopy sprays 3218.
19:14:26 | INFO: Draco encoder: Encoding mesh Canopy sprays 3219.
19:14:26 | INFO: Draco encoder: Encoding mesh Canopy sprays 3220.
19:14:26 | INFO: Draco encoder: Encoding mesh Canopy sprays 3221.
19:14:26 | INFO: Draco encoder: Encoding mesh Canopy sprays 3222.
19:14:26 | INFO: Draco encoder: Encoding mesh Canopy sprays 3223.
19:14:26 | INFO: Draco encoder: Encoding mesh Canopy sprays 3224.
19:14:26 | INFO: Draco encoder: Encoding mesh Canopy sprays 3225.
19:14:26 | INFO: Draco encoder: Encoding mesh Canopy sprays 3226.
19:14:26 | INFO: Draco encoder: Encoding mesh Canopy sprays 3227.
19:14:26 | INFO: Draco encoder: Encoding mesh Canopy sprays 3228.
19:14:26 | INFO: Draco encoder: Encoding mesh Canopy sprays 3229.
19:14:26 | INFO: Draco encoder: Encoding mesh Canopy sprays 3230.
19:14:26 | INFO: Draco encoder: Encoding mesh Canopy sprays 3231.
19:14:26 | INFO: Draco encoder: Encoding mesh Canopy sprays 3232.
19:14:26 | INFO: Draco encoder: Encoding mesh Canopy sprays 3233.
19:14:26 | INFO: Draco encoder: Encoding mesh Canopy sprays 3234.
19:14:26 | INFO: Draco encoder: Encoding mesh Canopy sprays 3235.
19:14:26 | INFO: Draco encoder: Encoding mesh Canopy sprays 3236.
19:14:26 | INFO: Draco encoder: Encoding mesh Canopy sprays 3237.
19:14:26 | INFO: Draco encoder: Encoding mesh Canopy sprays 3238.
19:14:26 | INFO: Draco encoder: Encoding mesh Canopy sprays 3239.
19:14:26 | INFO: Draco encoder: Encoding mesh Canopy sprays 3240.
19:14:26 | INFO: Draco encoder: Encoding mesh Canopy sprays 3241.
19:14:26 | INFO: Draco encoder: Encoding mesh Canopy sprays 3242.
19:14:26 | INFO: Draco encoder: Encoding mesh Canopy sprays 3243.
19:14:26 | INFO: Draco encoder: Encoding mesh Canopy sprays 3244.
19:14:26 | INFO: Draco encoder: Encoding mesh Canopy sprays 3245.
19:14:26 | INFO: Draco encoder: Encoding mesh Canopy sprays 3246.
19:14:26 | INFO: Draco encoder: Encoding mesh Canopy sprays 3247.
19:14:26 | INFO: Draco encoder: Encoding mesh Canopy sprays 3248.
19:14:26 | INFO: Draco encoder: Encoding mesh Canopy sprays 3249.
19:14:26 | INFO: Draco encoder: Encoding mesh Canopy sprays 3250.
19:14:26 | INFO: Draco encoder: Encoding mesh Canopy sprays 3251.
19:14:26 | INFO: Draco encoder: Encoding mesh Canopy sprays 3252.
19:14:26 | INFO: Draco encoder: Encoding mesh Canopy sprays 3253.
19:14:26 | INFO: Draco encoder: Encoding mesh Canopy sprays 3254.
19:14:26 | INFO: Draco encoder: Encoding mesh Canopy sprays 3255.
19:14:26 | INFO: Draco encoder: Encoding mesh Canopy sprays 3256.
19:14:26 | INFO: Draco encoder: Encoding mesh Canopy sprays 3257.
19:14:26 | INFO: Draco encoder: Encoding mesh Canopy sprays 3258.
19:14:26 | INFO: Draco encoder: Encoding mesh Canopy sprays 3259.
19:14:26 | INFO: Draco encoder: Encoding mesh Canopy sprays 3260.
19:14:26 | INFO: Draco encoder: Encoding mesh Canopy sprays 3261.
19:14:26 | INFO: Draco encoder: Encoding mesh Canopy sprays 3262.
19:14:26 | INFO: Draco encoder: Encoding mesh Canopy sprays 3263.
19:14:26 | INFO: Draco encoder: Encoding mesh Canopy sprays 3264.
19:14:26 | INFO: Draco encoder: Encoding mesh Canopy sprays 3265.
19:14:26 | INFO: Draco encoder: Encoding mesh Canopy sprays 3266.
19:14:26 | INFO: Draco encoder: Encoding mesh Canopy sprays 3267.
19:14:26 | INFO: Draco encoder: Encoding mesh Canopy sprays 3268.
19:14:26 | INFO: Draco encoder: Encoding mesh Canopy sprays 3269.
19:14:26 | INFO: Draco encoder: Encoding mesh Canopy sprays 3270.
19:14:26 | INFO: Draco encoder: Encoding mesh Canopy sprays 3271.
19:14:26 | INFO: Draco encoder: Encoding mesh Canopy sprays 3272.
19:14:26 | INFO: Draco encoder: Encoding mesh Canopy sprays 3273.
19:14:26 | INFO: Draco encoder: Encoding mesh Canopy sprays 3274.
19:14:26 | INFO: Draco encoder: Encoding mesh Canopy sprays 3275.
19:14:26 | INFO: Draco encoder: Encoding mesh Canopy sprays 3276.
19:14:26 | INFO: Draco encoder: Encoding mesh Canopy sprays 3277.
19:14:26 | INFO: Draco encoder: Encoding mesh Canopy sprays 3278.
19:14:26 | INFO: Draco encoder: Encoding mesh Canopy sprays 3279.
19:14:26 | INFO: Draco encoder: Encoding mesh Canopy sprays 3280.
19:14:26 | INFO: Draco encoder: Encoding mesh Canopy sprays 3281.
19:14:26 | INFO: Draco encoder: Encoding mesh Canopy sprays 3282.
19:14:26 | INFO: Draco encoder: Encoding mesh Canopy sprays 3283.
19:14:26 | INFO: Draco encoder: Encoding mesh Canopy sprays 3284.
19:14:26 | INFO: Draco encoder: Encoding mesh Canopy sprays 3285.
19:14:26 | INFO: Draco encoder: Encoding mesh Canopy sprays 3286.
19:14:26 | INFO: Draco encoder: Encoding mesh Canopy sprays 3287.
19:14:26 | INFO: Draco encoder: Encoding mesh Canopy sprays 3288.
19:14:26 | INFO: Draco encoder: Encoding mesh Canopy sprays 3289.
19:14:26 | INFO: Draco encoder: Encoding mesh Canopy sprays 3290.
19:14:26 | INFO: Draco encoder: Encoding mesh Canopy sprays 3291.
19:14:26 | INFO: Draco encoder: Encoding mesh Canopy sprays 3292.
19:14:26 | INFO: Draco encoder: Encoding mesh Canopy sprays 3293.
19:14:26 | INFO: Draco encoder: Encoding mesh Canopy sprays 3294.
19:14:26 | INFO: Draco encoder: Encoding mesh Canopy sprays 3295.
19:14:26 | INFO: Draco encoder: Encoding mesh Canopy sprays 3296.
19:14:26 | INFO: Draco encoder: Encoding mesh Canopy sprays 3297.
19:14:26 | INFO: Draco encoder: Encoding mesh Canopy sprays 3298.
19:14:26 | INFO: Draco encoder: Encoding mesh Canopy sprays 3299.
19:14:26 | INFO: Draco encoder: Encoding mesh Canopy sprays 3300.
19:14:26 | INFO: Draco encoder: Encoding mesh Canopy sprays 3301.
19:14:26 | INFO: Draco encoder: Encoding mesh Canopy sprays 3302.
19:14:26 | INFO: Draco encoder: Encoding mesh Canopy sprays 3303.
19:14:26 | INFO: Draco encoder: Encoding mesh Canopy sprays 3304.
19:14:26 | INFO: Draco encoder: Encoding mesh Canopy sprays 3305.
19:14:26 | INFO: Draco encoder: Encoding mesh Canopy sprays 3306.
19:14:26 | INFO: Draco encoder: Encoding mesh Canopy sprays 3307.
19:14:26 | INFO: Draco encoder: Encoding mesh Canopy sprays 3308.
19:14:26 | INFO: Draco encoder: Encoding mesh Canopy sprays 3309.
19:14:26 | INFO: Draco encoder: Encoding mesh Canopy sprays 3310.
19:14:26 | INFO: Draco encoder: Encoding mesh Canopy sprays 3311.
19:14:26 | INFO: Draco encoder: Encoding mesh Canopy sprays 3312.
19:14:26 | INFO: Draco encoder: Encoding mesh Canopy sprays 3313.
19:14:26 | INFO: Draco encoder: Encoding mesh Canopy sprays 3314.
19:14:26 | INFO: Draco encoder: Encoding mesh Canopy sprays 3315.
19:14:26 | INFO: Draco encoder: Encoding mesh Canopy sprays 3316.
19:14:26 | INFO: Draco encoder: Encoding mesh Canopy sprays 3317.
19:14:26 | INFO: Draco encoder: Encoding mesh Canopy sprays 3318.
19:14:26 | INFO: Draco encoder: Encoding mesh Canopy sprays 3319.
19:14:26 | INFO: Draco encoder: Encoding mesh Canopy sprays 3320.
19:14:26 | INFO: Draco encoder: Encoding mesh Canopy sprays 3321.
19:14:26 | INFO: Draco encoder: Encoding mesh Canopy sprays 3322.
19:14:26 | INFO: Draco encoder: Encoding mesh Canopy sprays 3323.
19:14:26 | INFO: Draco encoder: Encoding mesh Canopy sprays 3324.
19:14:26 | INFO: Draco encoder: Encoding mesh Canopy sprays 3325.
19:14:26 | INFO: Draco encoder: Encoding mesh Canopy sprays 3326.
19:14:26 | INFO: Draco encoder: Encoding mesh Canopy sprays 3327.
19:14:26 | INFO: Draco encoder: Encoding mesh Canopy sprays 3328.
19:14:26 | INFO: Draco encoder: Encoding mesh Canopy sprays 3329.
19:14:26 | INFO: Draco encoder: Encoding mesh Canopy sprays 3330.
19:14:26 | INFO: Draco encoder: Encoding mesh Canopy sprays 3331.
19:14:26 | INFO: Draco encoder: Encoding mesh Canopy sprays 3332.
19:14:26 | INFO: Draco encoder: Encoding mesh Canopy sprays 3333.
19:14:26 | INFO: Draco encoder: Encoding mesh Canopy sprays 3334.
19:14:26 | INFO: Draco encoder: Encoding mesh Canopy sprays 3335.
19:14:26 | INFO: Draco encoder: Encoding mesh Canopy sprays 3336.
19:14:26 | INFO: Draco encoder: Encoding mesh Canopy sprays 3337.
19:14:26 | INFO: Draco encoder: Encoding mesh Canopy sprays 3338.
19:14:26 | INFO: Draco encoder: Encoding mesh Canopy sprays 3339.
19:14:26 | INFO: Draco encoder: Encoding mesh Canopy sprays 3340.
19:14:26 | INFO: Draco encoder: Encoding mesh Canopy sprays 3341.
19:14:26 | INFO: Draco encoder: Encoding mesh Canopy sprays 3342.
19:14:26 | INFO: Draco encoder: Encoding mesh Canopy sprays 3343.
19:14:26 | INFO: Draco encoder: Encoding mesh Canopy sprays 3344.
19:14:26 | INFO: Draco encoder: Encoding mesh Canopy sprays 3345.
19:14:26 | INFO: Draco encoder: Encoding mesh Canopy sprays 3346.
19:14:26 | INFO: Draco encoder: Encoding mesh Canopy sprays 3347.
19:14:26 | INFO: Draco encoder: Encoding mesh Canopy sprays 3348.
19:14:26 | INFO: Draco encoder: Encoding mesh Canopy sprays 3349.
19:14:26 | INFO: Draco encoder: Encoding mesh Canopy sprays 3350.
19:14:26 | INFO: Draco encoder: Encoding mesh Canopy sprays 3351.
19:14:26 | INFO: Draco encoder: Encoding mesh Canopy sprays 3352.
19:14:26 | INFO: Draco encoder: Encoding mesh Canopy sprays 3353.
19:14:26 | INFO: Draco encoder: Encoding mesh Canopy sprays 3354.
19:14:26 | INFO: Draco encoder: Encoding mesh Canopy sprays 3355.
19:14:26 | INFO: Draco encoder: Encoding mesh Canopy sprays 3356.
19:14:26 | INFO: Draco encoder: Encoding mesh Canopy sprays 3357.
19:14:26 | INFO: Draco encoder: Encoding mesh Canopy sprays 3358.
19:14:26 | INFO: Draco encoder: Encoding mesh Canopy sprays 3359.
19:14:26 | INFO: Draco encoder: Encoding mesh Canopy sprays 3360.
19:14:26 | INFO: Draco encoder: Encoding mesh Canopy sprays 3361.
19:14:26 | INFO: Draco encoder: Encoding mesh Canopy sprays 3362.
19:14:26 | INFO: Draco encoder: Encoding mesh Canopy sprays 3363.
19:14:26 | INFO: Draco encoder: Encoding mesh Canopy sprays 3364.
19:14:26 | INFO: Draco encoder: Encoding mesh Canopy sprays 3365.
19:14:26 | INFO: Draco encoder: Encoding mesh Canopy sprays 3366.
19:14:26 | INFO: Draco encoder: Encoding mesh Canopy sprays 3367.
19:14:26 | INFO: Draco encoder: Encoding mesh Canopy sprays 3368.
19:14:26 | INFO: Draco encoder: Encoding mesh Canopy sprays 3369.
19:14:26 | INFO: Draco encoder: Encoding mesh Canopy sprays 3370.
19:14:26 | INFO: Draco encoder: Encoding mesh Canopy sprays 3371.
19:14:26 | INFO: Draco encoder: Encoding mesh Canopy sprays 3372.
19:14:26 | INFO: Draco encoder: Encoding mesh Canopy sprays 3373.
19:14:26 | INFO: Draco encoder: Encoding mesh Canopy sprays 3374.
19:14:26 | INFO: Draco encoder: Encoding mesh Canopy sprays 3375.
19:14:26 | INFO: Draco encoder: Encoding mesh Canopy sprays 3376.
19:14:26 | INFO: Draco encoder: Encoding mesh Canopy sprays 3377.
19:14:26 | INFO: Draco encoder: Encoding mesh Canopy sprays 3378.
19:14:26 | INFO: Draco encoder: Encoding mesh Canopy sprays 3379.
19:14:26 | INFO: Draco encoder: Encoding mesh Canopy sprays 3380.
19:14:26 | INFO: Draco encoder: Encoding mesh Canopy sprays 3381.
19:14:26 | INFO: Draco encoder: Encoding mesh Canopy sprays 3382.
19:14:26 | INFO: Draco encoder: Encoding mesh Canopy sprays 3383.
19:14:26 | INFO: Draco encoder: Encoding mesh Canopy sprays 3384.
19:14:26 | INFO: Draco encoder: Encoding mesh Canopy sprays 3385.
19:14:26 | INFO: Draco encoder: Encoding mesh Canopy sprays 3386.
19:14:26 | INFO: Draco encoder: Encoding mesh Canopy sprays 3387.
19:14:26 | INFO: Draco encoder: Encoding mesh Canopy sprays 3388.
19:14:26 | INFO: Draco encoder: Encoding mesh Canopy sprays 3389.
19:14:26 | INFO: Draco encoder: Encoding mesh Canopy sprays 3390.
19:14:26 | INFO: Draco encoder: Encoding mesh Canopy sprays 3391.
19:14:26 | INFO: Draco encoder: Encoding mesh Canopy sprays 3392.
19:14:26 | INFO: Draco encoder: Encoding mesh Canopy sprays 3393.
19:14:26 | INFO: Draco encoder: Encoding mesh Canopy sprays 3394.
19:14:26 | INFO: Draco encoder: Encoding mesh Canopy sprays 3395.
19:14:26 | INFO: Draco encoder: Encoding mesh Canopy sprays 3396.
19:14:26 | INFO: Draco encoder: Encoding mesh Canopy sprays 3397.
19:14:26 | INFO: Draco encoder: Encoding mesh Canopy sprays 3398.
19:14:26 | INFO: Draco encoder: Encoding mesh Canopy sprays 3399.
19:14:26 | INFO: Draco encoder: Encoding mesh Canopy sprays 3400.
19:14:26 | INFO: Draco encoder: Encoding mesh Canopy sprays 3401.
19:14:26 | INFO: Draco encoder: Encoding mesh Canopy sprays 3402.
19:14:26 | INFO: Draco encoder: Encoding mesh Canopy sprays 3403.
19:14:26 | INFO: Draco encoder: Encoding mesh Canopy sprays 3404.
19:14:26 | INFO: Draco encoder: Encoding mesh Canopy sprays 3405.
19:14:26 | INFO: Draco encoder: Encoding mesh Canopy sprays 3406.
19:14:26 | INFO: Draco encoder: Encoding mesh Canopy sprays 3407.
19:14:26 | INFO: Draco encoder: Encoding mesh Canopy sprays 3408.
19:14:26 | INFO: Draco encoder: Encoding mesh Canopy sprays 3409.
19:14:26 | INFO: Draco encoder: Encoding mesh Canopy sprays 3410.
19:14:26 | INFO: Draco encoder: Encoding mesh Canopy sprays 3411.
19:14:26 | INFO: Draco encoder: Encoding mesh Canopy sprays 3412.
19:14:26 | INFO: Draco encoder: Encoding mesh Canopy sprays 3413.
19:14:26 | INFO: Draco encoder: Encoding mesh Canopy sprays 3414.
19:14:26 | INFO: Draco encoder: Encoding mesh Canopy sprays 3415.
19:14:26 | INFO: Draco encoder: Encoding mesh Canopy sprays 3416.
19:14:26 | INFO: Draco encoder: Encoding mesh Canopy sprays 3417.
19:14:26 | INFO: Draco encoder: Encoding mesh Canopy sprays 3418.
19:14:26 | INFO: Draco encoder: Encoding mesh Canopy sprays 3419.
19:14:26 | INFO: Draco encoder: Encoding mesh Canopy sprays 3420.
19:14:26 | INFO: Draco encoder: Encoding mesh Canopy sprays 3421.
19:14:26 | INFO: Draco encoder: Encoding mesh Canopy sprays 3422.
19:14:26 | INFO: Draco encoder: Encoding mesh Canopy sprays 3423.
19:14:26 | INFO: Draco encoder: Encoding mesh Canopy sprays 3424.
19:14:26 | INFO: Draco encoder: Encoding mesh Canopy sprays 3425.
19:14:26 | INFO: Draco encoder: Encoding mesh Canopy sprays 3426.
19:14:26 | INFO: Draco encoder: Encoding mesh Canopy sprays 3427.
19:14:26 | INFO: Draco encoder: Encoding mesh Canopy sprays 3428.
19:14:26 | INFO: Draco encoder: Encoding mesh Canopy sprays 3429.
19:14:26 | INFO: Draco encoder: Encoding mesh Canopy sprays 3430.
19:14:26 | INFO: Draco encoder: Encoding mesh Canopy sprays 3431.
19:14:26 | INFO: Draco encoder: Encoding mesh Canopy sprays 3432.
19:14:26 | INFO: Draco encoder: Encoding mesh Canopy sprays 3433.
19:14:26 | INFO: Draco encoder: Encoding mesh Canopy sprays 3434.
19:14:26 | INFO: Draco encoder: Encoding mesh Canopy sprays 3435.
19:14:26 | INFO: Draco encoder: Encoding mesh Canopy sprays 3436.
19:14:26 | INFO: Draco encoder: Encoding mesh Canopy sprays 3437.
19:14:26 | INFO: Draco encoder: Encoding mesh Canopy sprays 3438.
19:14:26 | INFO: Draco encoder: Encoding mesh Canopy sprays 3439.
19:14:26 | INFO: Draco encoder: Encoding mesh Canopy sprays 3440.
19:14:26 | INFO: Draco encoder: Encoding mesh Canopy sprays 3441.
19:14:26 | INFO: Draco encoder: Encoding mesh Canopy sprays 3442.
19:14:26 | INFO: Draco encoder: Encoding mesh Canopy sprays 3443.
19:14:26 | INFO: Draco encoder: Encoding mesh Canopy sprays 3444.
19:14:26 | INFO: Draco encoder: Encoding mesh Canopy sprays 3445.
19:14:26 | INFO: Draco encoder: Encoding mesh Canopy sprays 3446.
19:14:26 | INFO: Draco encoder: Encoding mesh Canopy sprays 3447.
19:14:26 | INFO: Draco encoder: Encoding mesh Canopy sprays 3448.
19:14:26 | INFO: Draco encoder: Encoding mesh Canopy sprays 3449.
19:14:26 | INFO: Draco encoder: Encoding mesh Canopy sprays 3450.
19:14:26 | INFO: Draco encoder: Encoding mesh Canopy sprays 3451.
19:14:26 | INFO: Draco encoder: Encoding mesh Canopy sprays 3452.
19:14:26 | INFO: Draco encoder: Encoding mesh Canopy sprays 3453.
19:14:26 | INFO: Draco encoder: Encoding mesh Canopy sprays 3454.
19:14:26 | INFO: Draco encoder: Encoding mesh Canopy sprays 3455.
19:14:26 | INFO: Draco encoder: Encoding mesh Canopy sprays 3456.
19:14:26 | INFO: Draco encoder: Encoding mesh Canopy sprays 3457.
19:14:26 | INFO: Draco encoder: Encoding mesh Canopy sprays 3458.
19:14:26 | INFO: Draco encoder: Encoding mesh Canopy sprays 3459.
19:14:26 | INFO: Draco encoder: Encoding mesh Canopy sprays 3460.
19:14:26 | INFO: Draco encoder: Encoding mesh Canopy sprays 3461.
19:14:26 | INFO: Draco encoder: Encoding mesh Canopy sprays 3462.
19:14:26 | INFO: Draco encoder: Encoding mesh Canopy sprays 3463.
19:14:26 | INFO: Draco encoder: Encoding mesh Canopy sprays 3464.
19:14:26 | INFO: Draco encoder: Encoding mesh Canopy sprays 3465.
19:14:26 | INFO: Draco encoder: Encoding mesh Canopy sprays 3466.
19:14:26 | INFO: Draco encoder: Encoding mesh Canopy sprays 3467.
19:14:26 | INFO: Draco encoder: Encoding mesh Canopy sprays 3468.
19:14:26 | INFO: Draco encoder: Encoding mesh Canopy sprays 3469.
19:14:26 | INFO: Draco encoder: Encoding mesh Canopy sprays 3470.
19:14:26 | INFO: Draco encoder: Encoding mesh Canopy sprays 3471.
19:14:26 | INFO: Draco encoder: Encoding mesh Canopy sprays 3472.
19:14:26 | INFO: Draco encoder: Encoding mesh Canopy sprays 3473.
19:14:26 | INFO: Draco encoder: Encoding mesh Canopy sprays 3474.
19:14:26 | INFO: Draco encoder: Encoding mesh Canopy sprays 3475.
19:14:26 | INFO: Draco encoder: Encoding mesh Canopy sprays 3476.
19:14:26 | INFO: Draco encoder: Encoding mesh Canopy sprays 3477.
19:14:26 | INFO: Draco encoder: Encoding mesh Canopy sprays 3478.
19:14:26 | INFO: Draco encoder: Encoding mesh Canopy sprays 3479.
19:14:26 | INFO: Draco encoder: Encoding mesh Canopy sprays 3480.
19:14:26 | INFO: Draco encoder: Encoding mesh Canopy sprays 3481.
19:14:26 | INFO: Draco encoder: Encoding mesh Canopy sprays 3482.
19:14:26 | INFO: Draco encoder: Encoding mesh Canopy sprays 3483.
19:14:26 | INFO: Draco encoder: Encoding mesh Canopy sprays 3484.
19:14:26 | INFO: Draco encoder: Encoding mesh Canopy sprays 3485.
19:14:26 | INFO: Draco encoder: Encoding mesh Canopy sprays 3486.
19:14:26 | INFO: Draco encoder: Encoding mesh Canopy sprays 3487.
19:14:26 | INFO: Draco encoder: Encoding mesh Canopy sprays 3488.
19:14:26 | INFO: Draco encoder: Encoding mesh Canopy sprays 3489.
19:14:26 | INFO: Draco encoder: Encoding mesh Canopy sprays 3490.
19:14:26 | INFO: Draco encoder: Encoding mesh Canopy sprays 3491.
19:14:26 | INFO: Draco encoder: Encoding mesh Canopy sprays 3492.
19:14:26 | INFO: Draco encoder: Encoding mesh Canopy sprays 3493.
19:14:26 | INFO: Draco encoder: Encoding mesh Canopy sprays 3494.
19:14:26 | INFO: Draco encoder: Encoding mesh Canopy sprays 3495.
19:14:26 | INFO: Draco encoder: Encoding mesh Canopy sprays 3496.
19:14:26 | INFO: Draco encoder: Encoding mesh Canopy sprays 3497.
19:14:26 | INFO: Draco encoder: Encoding mesh Canopy sprays 3498.
19:14:26 | INFO: Draco encoder: Encoding mesh Canopy sprays 3499.
19:14:26 | INFO: Draco encoder: Encoding mesh Canopy sprays 3500.
19:14:26 | INFO: Draco encoder: Encoding mesh Canopy sprays 3501.
19:14:26 | INFO: Draco encoder: Encoding mesh Canopy sprays 3502.
19:14:26 | INFO: Draco encoder: Encoding mesh Canopy sprays 3503.
19:14:26 | INFO: Draco encoder: Encoding mesh Canopy sprays 3504.
19:14:26 | INFO: Draco encoder: Encoding mesh Canopy sprays 3505.
19:14:26 | INFO: Draco encoder: Encoding mesh Canopy sprays 3506.
19:14:26 | INFO: Draco encoder: Encoding mesh Canopy sprays 3507.
19:14:26 | INFO: Draco encoder: Encoding mesh Canopy sprays 3508.
19:14:26 | INFO: Draco encoder: Encoding mesh Canopy sprays 3509.
19:14:26 | INFO: Draco encoder: Encoding mesh Canopy sprays 3510.
19:14:26 | INFO: Draco encoder: Encoding mesh Canopy sprays 3511.
19:14:26 | INFO: Draco encoder: Encoding mesh Canopy sprays 3512.
19:14:26 | INFO: Draco encoder: Encoding mesh Canopy sprays 3513.
19:14:26 | INFO: Draco encoder: Encoding mesh Canopy sprays 3514.
19:14:26 | INFO: Draco encoder: Encoding mesh Canopy sprays 3515.
19:14:26 | INFO: Draco encoder: Encoding mesh Canopy sprays 3516.
19:14:26 | INFO: Draco encoder: Encoding mesh Canopy sprays 3517.
19:14:26 | INFO: Draco encoder: Encoding mesh Canopy sprays 3518.
19:14:26 | INFO: Draco encoder: Encoding mesh Canopy sprays 3519.
19:14:26 | INFO: Draco encoder: Encoding mesh Canopy sprays 3520.
19:14:26 | INFO: Draco encoder: Encoding mesh Canopy sprays 3521.
19:14:26 | INFO: Draco encoder: Encoding mesh Canopy sprays 3522.
19:14:26 | INFO: Draco encoder: Encoding mesh Canopy sprays 3523.
19:14:26 | INFO: Draco encoder: Encoding mesh Canopy sprays 3524.
19:14:26 | INFO: Draco encoder: Encoding mesh Canopy sprays 3525.
19:14:26 | INFO: Draco encoder: Encoding mesh Canopy sprays 3526.
19:14:26 | INFO: Draco encoder: Encoding mesh Canopy sprays 3527.
19:14:26 | INFO: Draco encoder: Encoding mesh Canopy sprays 3528.
19:14:26 | INFO: Draco encoder: Encoding mesh Canopy sprays 3529.
19:14:26 | INFO: Draco encoder: Encoding mesh Canopy sprays 3530.
19:14:26 | INFO: Draco encoder: Encoding mesh Canopy sprays 3531.
19:14:26 | INFO: Draco encoder: Encoding mesh Canopy sprays 3532.
19:14:26 | INFO: Draco encoder: Encoding mesh Canopy sprays 3533.
19:14:26 | INFO: Draco encoder: Encoding mesh Canopy sprays 3534.
19:14:26 | INFO: Draco encoder: Encoding mesh Canopy sprays 3535.
19:14:26 | INFO: Draco encoder: Encoding mesh Canopy sprays 3536.
19:14:26 | INFO: Draco encoder: Encoding mesh Canopy sprays 3537.
19:14:26 | INFO: Draco encoder: Encoding mesh Canopy sprays 3538.
19:14:26 | INFO: Draco encoder: Encoding mesh Canopy sprays 3539.
19:14:26 | INFO: Draco encoder: Encoding mesh Canopy sprays 3540.
19:14:26 | INFO: Draco encoder: Encoding mesh Canopy sprays 3541.
19:14:26 | INFO: Draco encoder: Encoding mesh Canopy sprays 3542.
19:14:26 | INFO: Draco encoder: Encoding mesh Canopy sprays 3543.
19:14:26 | INFO: Draco encoder: Encoding mesh Canopy sprays 3544.
19:14:26 | INFO: Draco encoder: Encoding mesh Canopy sprays 3545.
19:14:26 | INFO: Draco encoder: Encoding mesh Canopy sprays 3546.
19:14:26 | INFO: Draco encoder: Encoding mesh Canopy sprays 3547.
19:14:26 | INFO: Draco encoder: Encoding mesh Canopy sprays 3548.
19:14:26 | INFO: Draco encoder: Encoding mesh Canopy sprays 3549.
19:14:26 | INFO: Draco encoder: Encoding mesh Canopy sprays 3550.
19:14:26 | INFO: Draco encoder: Encoding mesh Canopy sprays 3551.
19:14:26 | INFO: Draco encoder: Encoding mesh Canopy sprays 3552.
19:14:26 | INFO: Draco encoder: Encoding mesh Canopy sprays 3553.
19:14:26 | INFO: Draco encoder: Encoding mesh Canopy sprays 3554.
19:14:26 | INFO: Draco encoder: Encoding mesh Canopy sprays 3555.
19:14:26 | INFO: Draco encoder: Encoding mesh Canopy sprays 3556.
19:14:26 | INFO: Draco encoder: Encoding mesh Canopy sprays 3557.
19:14:26 | INFO: Draco encoder: Encoding mesh Canopy sprays 3558.
19:14:26 | INFO: Draco encoder: Encoding mesh Canopy sprays 3559.
19:14:26 | INFO: Draco encoder: Encoding mesh Canopy sprays 3560.
19:14:26 | INFO: Draco encoder: Encoding mesh Canopy sprays 3561.
19:14:26 | INFO: Draco encoder: Encoding mesh Canopy sprays 3562.
19:14:26 | INFO: Draco encoder: Encoding mesh Canopy sprays 3563.
19:14:26 | INFO: Draco encoder: Encoding mesh Canopy sprays 3564.
19:14:26 | INFO: Draco encoder: Encoding mesh Canopy sprays 3565.
19:14:26 | INFO: Draco encoder: Encoding mesh Canopy sprays 3566.
19:14:26 | INFO: Draco encoder: Encoding mesh Canopy sprays 3567.
19:14:26 | INFO: Draco encoder: Encoding mesh Canopy sprays 3568.
19:14:26 | INFO: Draco encoder: Encoding mesh Canopy sprays 3569.
19:14:26 | INFO: Draco encoder: Encoding mesh Canopy sprays 3570.
19:14:26 | INFO: Draco encoder: Encoding mesh Canopy sprays 3571.
19:14:26 | INFO: Draco encoder: Encoding mesh Canopy sprays 3572.
19:14:26 | INFO: Draco encoder: Encoding mesh Canopy sprays 3573.
19:14:26 | INFO: Draco encoder: Encoding mesh Canopy sprays 3574.
19:14:26 | INFO: Draco encoder: Encoding mesh Canopy sprays 3575.
19:14:26 | INFO: Draco encoder: Encoding mesh Canopy sprays 3576.
19:14:26 | INFO: Draco encoder: Encoding mesh Canopy sprays 3577.
19:14:26 | INFO: Draco encoder: Encoding mesh Canopy sprays 3578.
19:14:26 | INFO: Draco encoder: Encoding mesh Canopy sprays 3579.
19:14:26 | INFO: Draco encoder: Encoding mesh Canopy sprays 3580.
19:14:26 | INFO: Draco encoder: Encoding mesh Canopy sprays 3581.
19:14:26 | INFO: Draco encoder: Encoding mesh Canopy sprays 3582.
19:14:26 | INFO: Draco encoder: Encoding mesh Canopy sprays 3583.
19:14:26 | INFO: Draco encoder: Encoding mesh Canopy sprays 3584.
19:14:26 | INFO: Draco encoder: Encoding mesh Canopy sprays 3585.
19:14:26 | INFO: Draco encoder: Encoding mesh Canopy sprays 3586.
19:14:26 | INFO: Draco encoder: Encoding mesh Canopy sprays 3587.
19:14:26 | INFO: Draco encoder: Encoding mesh Canopy sprays 3588.
19:14:26 | INFO: Draco encoder: Encoding mesh Canopy sprays 3589.
19:14:26 | INFO: Draco encoder: Encoding mesh Canopy sprays 3590.
19:14:26 | INFO: Draco encoder: Encoding mesh Canopy sprays 3591.
19:14:26 | INFO: Draco encoder: Encoding mesh Canopy sprays 3592.
19:14:26 | INFO: Draco encoder: Encoding mesh Canopy sprays 3593.
19:14:26 | INFO: Draco encoder: Encoding mesh Canopy sprays 3594.
19:14:26 | INFO: Draco encoder: Encoding mesh Canopy sprays 3595.
19:14:26 | INFO: Draco encoder: Encoding mesh Canopy sprays 3596.
19:14:26 | INFO: Draco encoder: Encoding mesh Canopy sprays 3597.
19:14:26 | INFO: Draco encoder: Encoding mesh Canopy sprays 3598.
19:14:26 | INFO: Draco encoder: Encoding mesh Canopy sprays 3599.
19:14:26 | INFO: Draco encoder: Encoding mesh Canopy sprays 3600.
19:14:26 | INFO: Draco encoder: Encoding mesh Canopy sprays 3601.
19:14:26 | INFO: Draco encoder: Encoding mesh Canopy sprays 3602.
19:14:26 | INFO: Draco encoder: Encoding mesh Canopy sprays 3603.
19:14:26 | INFO: Draco encoder: Encoding mesh Canopy sprays 3604.
19:14:26 | INFO: Draco encoder: Encoding mesh Canopy sprays 3605.
19:14:26 | INFO: Draco encoder: Encoding mesh Canopy sprays 3606.
19:14:26 | INFO: Draco encoder: Encoding mesh Canopy sprays 3607.
19:14:26 | INFO: Draco encoder: Encoding mesh Canopy sprays 3608.
19:14:26 | INFO: Draco encoder: Encoding mesh Canopy sprays 3609.
19:14:26 | INFO: Draco encoder: Encoding mesh Canopy sprays 3610.
19:14:26 | INFO: Draco encoder: Encoding mesh Canopy sprays 3611.
19:14:26 | INFO: Draco encoder: Encoding mesh Canopy sprays 3612.
19:14:26 | INFO: Draco encoder: Encoding mesh Canopy sprays 3613.
19:14:26 | INFO: Draco encoder: Encoding mesh Canopy sprays 3614.
19:14:26 | INFO: Draco encoder: Encoding mesh Canopy sprays 3615.
19:14:26 | INFO: Draco encoder: Encoding mesh Canopy sprays 3616.
19:14:26 | INFO: Draco encoder: Encoding mesh Canopy sprays 3617.
19:14:26 | INFO: Draco encoder: Encoding mesh Canopy sprays 3618.
19:14:26 | INFO: Draco encoder: Encoding mesh Canopy sprays 3619.
19:14:26 | INFO: Draco encoder: Encoding mesh Canopy sprays 3620.
19:14:26 | INFO: Draco encoder: Encoding mesh Canopy sprays 3621.
19:14:26 | INFO: Draco encoder: Encoding mesh Canopy sprays 3622.
19:14:26 | INFO: Draco encoder: Encoding mesh Canopy sprays 3623.
19:14:26 | INFO: Draco encoder: Encoding mesh Canopy sprays 3624.
19:14:26 | INFO: Draco encoder: Encoding mesh Canopy sprays 3625.
19:14:26 | INFO: Draco encoder: Encoding mesh Canopy sprays 3626.
19:14:26 | INFO: Draco encoder: Encoding mesh Canopy sprays 3627.
19:14:26 | INFO: Draco encoder: Encoding mesh Canopy sprays 3628.
19:14:26 | INFO: Draco encoder: Encoding mesh Canopy sprays 3629.
19:14:26 | INFO: Draco encoder: Encoding mesh Canopy sprays 3630.
19:14:26 | INFO: Draco encoder: Encoding mesh Canopy sprays 3631.
19:14:26 | INFO: Draco encoder: Encoding mesh Canopy sprays 3632.
19:14:26 | INFO: Draco encoder: Encoding mesh Canopy sprays 3633.
19:14:26 | INFO: Draco encoder: Encoding mesh Canopy sprays 3634.
19:14:26 | INFO: Draco encoder: Encoding mesh Canopy sprays 3635.
19:14:26 | INFO: Draco encoder: Encoding mesh Canopy sprays 3636.
19:14:26 | INFO: Draco encoder: Encoding mesh Canopy sprays 3637.
19:14:26 | INFO: Draco encoder: Encoding mesh Canopy sprays 3638.
19:14:26 | INFO: Draco encoder: Encoding mesh Canopy sprays 3639.
19:14:26 | INFO: Draco encoder: Encoding mesh Canopy sprays 3640.
19:14:26 | INFO: Draco encoder: Encoding mesh Canopy sprays 3641.
19:14:26 | INFO: Draco encoder: Encoding mesh Canopy sprays 3642.
19:14:26 | INFO: Draco encoder: Encoding mesh Canopy sprays 3643.
19:14:26 | INFO: Draco encoder: Encoding mesh Canopy sprays 3644.
19:14:26 | INFO: Draco encoder: Encoding mesh Canopy sprays 3645.
19:14:26 | INFO: Draco encoder: Encoding mesh Canopy sprays 3646.
19:14:26 | INFO: Draco encoder: Encoding mesh Canopy sprays 3647.
19:14:26 | INFO: Draco encoder: Encoding mesh Canopy sprays 3648.
19:14:26 | INFO: Draco encoder: Encoding mesh Canopy sprays 3649.
19:14:26 | INFO: Draco encoder: Encoding mesh Canopy sprays 3650.
19:14:26 | INFO: Draco encoder: Encoding mesh Canopy sprays 3651.
19:14:26 | INFO: Draco encoder: Encoding mesh Canopy sprays 3652.
19:14:26 | INFO: Draco encoder: Encoding mesh Canopy sprays 3653.
19:14:26 | INFO: Draco encoder: Encoding mesh Canopy sprays 3654.
19:14:26 | INFO: Draco encoder: Encoding mesh Canopy sprays 3655.
19:14:26 | INFO: Draco encoder: Encoding mesh Canopy sprays 3656.
19:14:26 | INFO: Draco encoder: Encoding mesh Canopy sprays 3657.
19:14:26 | INFO: Draco encoder: Encoding mesh Canopy sprays 3658.
19:14:26 | INFO: Draco encoder: Encoding mesh Canopy sprays 3659.
19:14:26 | INFO: Draco encoder: Encoding mesh Canopy sprays 3660.
19:14:26 | INFO: Draco encoder: Encoding mesh Canopy sprays 3661.
19:14:26 | INFO: Draco encoder: Encoding mesh Canopy sprays 3662.
19:14:26 | INFO: Draco encoder: Encoding mesh Canopy sprays 3663.
19:14:26 | INFO: Draco encoder: Encoding mesh Canopy sprays 3664.
19:14:26 | INFO: Draco encoder: Encoding mesh Canopy sprays 3665.
19:14:26 | INFO: Draco encoder: Encoding mesh Canopy sprays 3666.
19:14:26 | INFO: Draco encoder: Encoding mesh Canopy sprays 3667.
19:14:26 | INFO: Draco encoder: Encoding mesh Canopy sprays 3668.
19:14:26 | INFO: Draco encoder: Encoding mesh Canopy sprays 3669.
19:14:26 | INFO: Draco encoder: Encoding mesh Canopy sprays 3670.
19:14:26 | INFO: Draco encoder: Encoding mesh Canopy sprays 3671.
19:14:26 | INFO: Draco encoder: Encoding mesh Canopy sprays 3672.
19:14:26 | INFO: Draco encoder: Encoding mesh Canopy sprays 3673.
19:14:26 | INFO: Draco encoder: Encoding mesh Canopy sprays 3674.
19:14:26 | INFO: Draco encoder: Encoding mesh Canopy sprays 3675.
19:14:26 | INFO: Draco encoder: Encoding mesh Canopy sprays 3676.
19:14:26 | INFO: Draco encoder: Encoding mesh Canopy sprays 3677.
19:14:26 | INFO: Draco encoder: Encoding mesh Canopy sprays 3678.
19:14:26 | INFO: Draco encoder: Encoding mesh Canopy sprays 3679.
19:14:26 | INFO: Draco encoder: Encoding mesh Canopy sprays 3680.
19:14:26 | INFO: Draco encoder: Encoding mesh Canopy sprays 3681.
19:14:26 | INFO: Draco encoder: Encoding mesh Canopy sprays 3682.
19:14:26 | INFO: Draco encoder: Encoding mesh Canopy sprays 3683.
19:14:26 | INFO: Draco encoder: Encoding mesh Canopy sprays 3684.
19:14:26 | INFO: Draco encoder: Encoding mesh Canopy sprays 3685.
19:14:26 | INFO: Draco encoder: Encoding mesh Canopy sprays 3686.
19:14:26 | INFO: Draco encoder: Encoding mesh Canopy sprays 3687.
19:14:26 | INFO: Draco encoder: Encoding mesh Canopy sprays 3688.
19:14:26 | INFO: Draco encoder: Encoding mesh Canopy sprays 3689.
19:14:26 | INFO: Draco encoder: Encoding mesh Canopy sprays 3690.
19:14:26 | INFO: Draco encoder: Encoding mesh Canopy sprays 3691.
19:14:26 | INFO: Draco encoder: Encoding mesh Canopy sprays 3692.
19:14:26 | INFO: Draco encoder: Encoding mesh Canopy sprays 3693.
19:14:26 | INFO: Draco encoder: Encoding mesh Canopy sprays 3694.
19:14:26 | INFO: Draco encoder: Encoding mesh Canopy sprays 3695.
19:14:26 | INFO: Draco encoder: Encoding mesh Canopy sprays 3696.
19:14:26 | INFO: Draco encoder: Encoding mesh Canopy sprays 3697.
19:14:26 | INFO: Draco encoder: Encoding mesh Canopy sprays 3698.
19:14:26 | INFO: Draco encoder: Encoding mesh Canopy sprays 3699.
19:14:26 | INFO: Draco encoder: Encoding mesh Canopy sprays 3700.
19:14:26 | INFO: Draco encoder: Encoding mesh Canopy sprays 3701.
19:14:26 | INFO: Draco encoder: Encoding mesh Canopy sprays 3702.
19:14:26 | INFO: Draco encoder: Encoding mesh Canopy sprays 3703.
19:14:26 | INFO: Draco encoder: Encoding mesh Canopy sprays 3704.
19:14:26 | INFO: Draco encoder: Encoding mesh Canopy sprays 3705.
19:14:26 | INFO: Draco encoder: Encoding mesh Canopy sprays 3706.
19:14:26 | INFO: Draco encoder: Encoding mesh Canopy sprays 3707.
19:14:26 | INFO: Draco encoder: Encoding mesh Canopy sprays 3708.
19:14:26 | INFO: Draco encoder: Encoding mesh Canopy sprays 3709.
19:14:26 | INFO: Draco encoder: Encoding mesh Canopy sprays 3710.
19:14:26 | INFO: Draco encoder: Encoding mesh Canopy sprays 3711.
19:14:26 | INFO: Draco encoder: Encoding mesh Canopy sprays 3712.
19:14:26 | INFO: Draco encoder: Encoding mesh Canopy sprays 3713.
19:14:26 | INFO: Draco encoder: Encoding mesh Canopy sprays 3714.
19:14:26 | INFO: Draco encoder: Encoding mesh Canopy sprays 3715.
19:14:26 | INFO: Draco encoder: Encoding mesh Canopy sprays 3716.
19:14:26 | INFO: Draco encoder: Encoding mesh Canopy sprays 3717.
19:14:26 | INFO: Draco encoder: Encoding mesh Canopy sprays 3718.
19:14:26 | INFO: Draco encoder: Encoding mesh Canopy sprays 3719.
19:14:26 | INFO: Draco encoder: Encoding mesh Canopy sprays 3720.
19:14:26 | INFO: Draco encoder: Encoding mesh Canopy sprays 3721.
19:14:26 | INFO: Draco encoder: Encoding mesh Canopy sprays 3722.
19:14:26 | INFO: Draco encoder: Encoding mesh Canopy sprays 3723.
19:14:26 | INFO: Draco encoder: Encoding mesh Canopy sprays 3724.
19:14:26 | INFO: Draco encoder: Encoding mesh Canopy sprays 3725.
19:14:26 | INFO: Draco encoder: Encoding mesh Canopy sprays 3726.
19:14:26 | INFO: Draco encoder: Encoding mesh Canopy sprays 3727.
19:14:26 | INFO: Draco encoder: Encoding mesh Canopy sprays 3728.
19:14:26 | INFO: Draco encoder: Encoding mesh Canopy sprays 3729.
19:14:26 | INFO: Draco encoder: Encoding mesh Canopy sprays 3730.
19:14:26 | INFO: Draco encoder: Encoding mesh Canopy sprays 3731.
19:14:26 | INFO: Draco encoder: Encoding mesh Canopy sprays 3732.
19:14:26 | INFO: Draco encoder: Encoding mesh Canopy sprays 3733.
19:14:26 | INFO: Draco encoder: Encoding mesh Canopy sprays 3734.
19:14:26 | INFO: Draco encoder: Encoding mesh Canopy sprays 3735.
19:14:26 | INFO: Draco encoder: Encoding mesh Canopy sprays 3736.
19:14:26 | INFO: Draco encoder: Encoding mesh Canopy sprays 3737.
19:14:26 | INFO: Draco encoder: Encoding mesh Canopy sprays 3738.
19:14:26 | INFO: Draco encoder: Encoding mesh Canopy sprays 3739.
19:14:26 | INFO: Draco encoder: Encoding mesh Canopy sprays 3740.
19:14:26 | INFO: Draco encoder: Encoding mesh Canopy sprays 3741.
19:14:26 | INFO: Draco encoder: Encoding mesh Canopy sprays 3742.
19:14:26 | INFO: Draco encoder: Encoding mesh Canopy sprays 3743.
19:14:26 | INFO: Draco encoder: Encoding mesh Canopy sprays 3744.
19:14:26 | INFO: Draco encoder: Encoding mesh Canopy sprays 3745.
19:14:26 | INFO: Draco encoder: Encoding mesh Canopy sprays 3746.
19:14:26 | INFO: Draco encoder: Encoding mesh Canopy sprays 3747.
19:14:26 | INFO: Draco encoder: Encoding mesh Canopy sprays 3748.
19:14:26 | INFO: Draco encoder: Encoding mesh Canopy sprays 3749.
19:14:26 | INFO: Draco encoder: Encoding mesh Canopy sprays 3750.
19:14:26 | INFO: Draco encoder: Encoding mesh Canopy sprays 3751.
19:14:26 | INFO: Draco encoder: Encoding mesh Canopy sprays 3752.
19:14:26 | INFO: Draco encoder: Encoding mesh Canopy sprays 3753.
19:14:26 | INFO: Draco encoder: Encoding mesh Canopy sprays 3754.
19:14:26 | INFO: Draco encoder: Encoding mesh Canopy sprays 3755.
19:14:26 | INFO: Draco encoder: Encoding mesh Canopy sprays 3756.
19:14:26 | INFO: Draco encoder: Encoding mesh Canopy sprays 3757.
19:14:26 | INFO: Draco encoder: Encoding mesh Canopy sprays 3758.
19:14:26 | INFO: Draco encoder: Encoding mesh Canopy sprays 3759.
19:14:26 | INFO: Draco encoder: Encoding mesh Canopy sprays 3760.
19:14:26 | INFO: Draco encoder: Encoding mesh Canopy sprays 3761.
19:14:26 | INFO: Draco encoder: Encoding mesh Canopy sprays 3762.
19:14:26 | INFO: Draco encoder: Encoding mesh Canopy sprays 3763.
19:14:26 | INFO: Draco encoder: Encoding mesh Canopy sprays 3764.
19:14:26 | INFO: Draco encoder: Encoding mesh Canopy sprays 3765.
19:14:26 | INFO: Draco encoder: Encoding mesh Canopy sprays 3766.
19:14:26 | INFO: Draco encoder: Encoding mesh Canopy sprays 3767.
19:14:26 | INFO: Draco encoder: Encoding mesh Canopy sprays 3768.
19:14:26 | INFO: Draco encoder: Encoding mesh Canopy sprays 3769.
19:14:26 | INFO: Draco encoder: Encoding mesh Canopy sprays 3770.
19:14:26 | INFO: Draco encoder: Encoding mesh Canopy sprays 3771.
19:14:26 | INFO: Draco encoder: Encoding mesh Canopy sprays 3772.
19:14:26 | INFO: Draco encoder: Encoding mesh Canopy sprays 3773.
19:14:26 | INFO: Draco encoder: Encoding mesh Canopy sprays 3774.
19:14:26 | INFO: Draco encoder: Encoding mesh Canopy sprays 3775.
19:14:26 | INFO: Draco encoder: Encoding mesh Canopy sprays 3776.
19:14:26 | INFO: Draco encoder: Encoding mesh Canopy sprays 3777.
19:14:26 | INFO: Draco encoder: Encoding mesh Canopy sprays 3778.
19:14:26 | INFO: Draco encoder: Encoding mesh Canopy sprays 3779.
19:14:26 | INFO: Draco encoder: Encoding mesh Canopy sprays 3780.
19:14:26 | INFO: Draco encoder: Encoding mesh Canopy sprays 3781.
19:14:26 | INFO: Draco encoder: Encoding mesh Canopy sprays 3782.
19:14:26 | INFO: Draco encoder: Encoding mesh Canopy sprays 3783.
19:14:26 | INFO: Draco encoder: Encoding mesh Canopy sprays 3784.
19:14:26 | INFO: Draco encoder: Encoding mesh Canopy sprays 3785.
19:14:26 | INFO: Draco encoder: Encoding mesh Canopy sprays 3786.
19:14:26 | INFO: Draco encoder: Encoding mesh Canopy sprays 3787.
19:14:26 | INFO: Draco encoder: Encoding mesh Canopy sprays 3788.
19:14:26 | INFO: Draco encoder: Encoding mesh Canopy sprays 3789.
19:14:26 | INFO: Draco encoder: Encoding mesh Canopy sprays 3790.
19:14:26 | INFO: Draco encoder: Encoding mesh Canopy sprays 3791.
19:14:26 | INFO: Draco encoder: Encoding mesh Canopy sprays 3792.
19:14:26 | INFO: Draco encoder: Encoding mesh Canopy sprays 3793.
19:14:26 | INFO: Draco encoder: Encoding mesh Canopy sprays 3794.
19:14:26 | INFO: Draco encoder: Encoding mesh Canopy sprays 3795.
19:14:26 | INFO: Draco encoder: Encoding mesh Canopy sprays 3796.
19:14:26 | INFO: Draco encoder: Encoding mesh Canopy sprays 3797.
19:14:26 | INFO: Draco encoder: Encoding mesh Canopy sprays 3798.
19:14:26 | INFO: Draco encoder: Encoding mesh Canopy sprays 3799.
19:14:26 | INFO: Draco encoder: Encoding mesh Canopy sprays 3800.
19:14:26 | INFO: Draco encoder: Encoding mesh Canopy sprays 3801.
19:14:26 | INFO: Draco encoder: Encoding mesh Canopy sprays 3802.
19:14:26 | INFO: Draco encoder: Encoding mesh Canopy sprays 3803.
19:14:26 | INFO: Draco encoder: Encoding mesh Canopy sprays 3804.
19:14:26 | INFO: Draco encoder: Encoding mesh Canopy sprays 3805.
19:14:26 | INFO: Draco encoder: Encoding mesh Canopy sprays 3806.
19:14:26 | INFO: Draco encoder: Encoding mesh Canopy sprays 3807.
19:14:26 | INFO: Draco encoder: Encoding mesh Canopy sprays 3808.
19:14:26 | INFO: Draco encoder: Encoding mesh Canopy sprays 3809.
19:14:26 | INFO: Draco encoder: Encoding mesh Canopy sprays 3810.
19:14:26 | INFO: Draco encoder: Encoding mesh Canopy sprays 3811.
19:14:26 | INFO: Draco encoder: Encoding mesh Canopy sprays 3812.
19:14:26 | INFO: Draco encoder: Encoding mesh Canopy sprays 3813.
19:14:26 | INFO: Draco encoder: Encoding mesh Canopy sprays 3814.
19:14:26 | INFO: Draco encoder: Encoding mesh Canopy sprays 3815.
19:14:26 | INFO: Draco encoder: Encoding mesh Canopy sprays 3816.
19:14:26 | INFO: Draco encoder: Encoding mesh Canopy sprays 3817.
19:14:26 | INFO: Draco encoder: Encoding mesh Canopy sprays 3818.
19:14:26 | INFO: Draco encoder: Encoding mesh Canopy sprays 3819.
19:14:26 | INFO: Draco encoder: Encoding mesh Canopy sprays 3820.
19:14:26 | INFO: Draco encoder: Encoding mesh Canopy sprays 3821.
19:14:26 | INFO: Draco encoder: Encoding mesh Canopy sprays 3822.
19:14:26 | INFO: Draco encoder: Encoding mesh Canopy sprays 3823.
19:14:26 | INFO: Draco encoder: Encoding mesh Canopy sprays 3824.
19:14:26 | INFO: Draco encoder: Encoding mesh Canopy sprays 3825.
19:14:26 | INFO: Draco encoder: Encoding mesh Canopy sprays 3826.
19:14:26 | INFO: Draco encoder: Encoding mesh Canopy sprays 3827.
19:14:26 | INFO: Draco encoder: Encoding mesh Canopy sprays 3828.
19:14:26 | INFO: Draco encoder: Encoding mesh Canopy sprays 3829.
19:14:26 | INFO: Draco encoder: Encoding mesh Canopy sprays 3830.
19:14:26 | INFO: Draco encoder: Encoding mesh Canopy sprays 3831.
19:14:26 | INFO: Draco encoder: Encoding mesh Canopy sprays 3832.
19:14:26 | INFO: Draco encoder: Encoding mesh Canopy sprays 3833.
19:14:26 | INFO: Draco encoder: Encoding mesh Canopy sprays 3834.
19:14:26 | INFO: Draco encoder: Encoding mesh Canopy sprays 3835.
19:14:26 | INFO: Draco encoder: Encoding mesh Canopy sprays 3836.
19:14:26 | INFO: Draco encoder: Encoding mesh Canopy sprays 3837.
19:14:26 | INFO: Draco encoder: Encoding mesh Canopy sprays 3838.
19:14:26 | INFO: Draco encoder: Encoding mesh Canopy sprays 3839.
19:14:26 | INFO: Draco encoder: Encoding mesh Canopy sprays 3840.
19:14:26 | INFO: Draco encoder: Encoding mesh Canopy sprays 3841.
19:14:26 | INFO: Draco encoder: Encoding mesh Canopy sprays 3842.
19:14:26 | INFO: Draco encoder: Encoding mesh Canopy sprays 3843.
19:14:26 | INFO: Draco encoder: Encoding mesh Canopy sprays 3844.
19:14:26 | INFO: Draco encoder: Encoding mesh Canopy sprays 3845.
19:14:26 | INFO: Draco encoder: Encoding mesh Canopy sprays 3846.
19:14:26 | INFO: Draco encoder: Encoding mesh Canopy sprays 3847.
19:14:26 | INFO: Draco encoder: Encoding mesh Canopy sprays 3848.
19:14:26 | INFO: Draco encoder: Encoding mesh Canopy sprays 3849.
19:14:26 | INFO: Draco encoder: Encoding mesh Canopy sprays 3850.
19:14:26 | INFO: Draco encoder: Encoding mesh Canopy sprays 3851.
19:14:26 | INFO: Draco encoder: Encoding mesh Canopy sprays 3852.
19:14:26 | INFO: Draco encoder: Encoding mesh Canopy sprays 3853.
19:14:26 | INFO: Draco encoder: Encoding mesh Canopy sprays 3854.
19:14:26 | INFO: Draco encoder: Encoding mesh Canopy sprays 3855.
19:14:26 | INFO: Draco encoder: Encoding mesh Canopy sprays 3856.
19:14:26 | INFO: Draco encoder: Encoding mesh Canopy sprays 3857.
19:14:26 | INFO: Draco encoder: Encoding mesh Canopy sprays 3858.
19:14:26 | INFO: Draco encoder: Encoding mesh Canopy sprays 3859.
19:14:26 | INFO: Draco encoder: Encoding mesh Canopy sprays 3860.
19:14:26 | INFO: Draco encoder: Encoding mesh Canopy sprays 3861.
19:14:26 | INFO: Draco encoder: Encoding mesh Canopy sprays 3862.
19:14:26 | INFO: Draco encoder: Encoding mesh Canopy sprays 3863.
19:14:26 | INFO: Draco encoder: Encoding mesh Canopy sprays 3864.
19:14:26 | INFO: Draco encoder: Encoding mesh Canopy sprays 3865.
19:14:26 | INFO: Draco encoder: Encoding mesh Canopy sprays 3866.
19:14:26 | INFO: Draco encoder: Encoding mesh Canopy sprays 3867.
19:14:26 | INFO: Draco encoder: Encoding mesh Canopy sprays 3868.
19:14:26 | INFO: Draco encoder: Encoding mesh Canopy sprays 3869.
19:14:26 | INFO: Draco encoder: Encoding mesh Canopy sprays 3870.
19:14:26 | INFO: Draco encoder: Encoding mesh Canopy sprays 3871.
19:14:26 | INFO: Draco encoder: Encoding mesh Canopy sprays 3872.
19:14:26 | INFO: Draco encoder: Encoding mesh Canopy sprays 3873.
19:14:26 | INFO: Draco encoder: Encoding mesh Canopy sprays 3874.
19:14:26 | INFO: Draco encoder: Encoding mesh Canopy sprays 3875.
19:14:26 | INFO: Draco encoder: Encoding mesh Canopy sprays 3876.
19:14:26 | INFO: Draco encoder: Encoding mesh Canopy sprays 3877.
19:14:26 | INFO: Draco encoder: Encoding mesh Canopy sprays 3878.
19:14:26 | INFO: Draco encoder: Encoding mesh Canopy sprays 3879.
19:14:26 | INFO: Draco encoder: Encoding mesh Canopy sprays 3880.
19:14:26 | INFO: Draco encoder: Encoding mesh Canopy sprays 3881.
19:14:26 | INFO: Draco encoder: Encoding mesh Canopy sprays 3882.
19:14:26 | INFO: Draco encoder: Encoding mesh Canopy sprays 3883.
19:14:26 | INFO: Draco encoder: Encoding mesh Canopy sprays 3884.
19:14:26 | INFO: Draco encoder: Encoding mesh Canopy sprays 3885.
19:14:26 | INFO: Draco encoder: Encoding mesh Canopy sprays 3886.
19:14:26 | INFO: Draco encoder: Encoding mesh Canopy sprays 3887.
19:14:26 | INFO: Draco encoder: Encoding mesh Canopy sprays 3888.
19:14:26 | INFO: Draco encoder: Encoding mesh Canopy sprays 3889.
19:14:26 | INFO: Draco encoder: Encoding mesh Canopy sprays 3890.
19:14:26 | INFO: Draco encoder: Encoding mesh Canopy sprays 3891.
19:14:26 | INFO: Draco encoder: Encoding mesh Canopy sprays 3892.
19:14:26 | INFO: Draco encoder: Encoding mesh Canopy sprays 3893.
19:14:26 | INFO: Draco encoder: Encoding mesh Canopy sprays 3894.
19:14:26 | INFO: Draco encoder: Encoding mesh Canopy sprays 3895.
19:14:26 | INFO: Draco encoder: Encoding mesh Canopy sprays 3896.
19:14:26 | INFO: Draco encoder: Encoding mesh Canopy sprays 3897.
19:14:26 | INFO: Draco encoder: Encoding mesh Canopy sprays 3898.
19:14:26 | INFO: Draco encoder: Encoding mesh Canopy sprays 3899.
19:14:26 | INFO: Draco encoder: Encoding mesh Canopy sprays 3900.
19:14:26 | INFO: Draco encoder: Encoding mesh Canopy sprays 3901.
19:14:26 | INFO: Draco encoder: Encoding mesh Canopy sprays 3902.
19:14:26 | INFO: Draco encoder: Encoding mesh Canopy sprays 3903.
19:14:26 | INFO: Draco encoder: Encoding mesh Canopy sprays 3904.
19:14:26 | INFO: Draco encoder: Encoding mesh Canopy sprays 3905.
19:14:26 | INFO: Draco encoder: Encoding mesh Canopy sprays 3906.
19:14:26 | INFO: Draco encoder: Encoding mesh Canopy sprays 3907.
19:14:26 | INFO: Draco encoder: Encoding mesh Canopy sprays 3908.
19:14:26 | INFO: Draco encoder: Encoding mesh Canopy sprays 3909.
19:14:26 | INFO: Draco encoder: Encoding mesh Canopy sprays 3910.
19:14:26 | INFO: Draco encoder: Encoding mesh Canopy sprays 3911.
19:14:26 | INFO: Draco encoder: Encoding mesh Canopy sprays 3912.
19:14:26 | INFO: Draco encoder: Encoding mesh Canopy sprays 3913.
19:14:26 | INFO: Draco encoder: Encoding mesh Canopy sprays 3914.
19:14:26 | INFO: Draco encoder: Encoding mesh Canopy sprays 3915.
19:14:26 | INFO: Draco encoder: Encoding mesh Canopy sprays 3916.
19:14:26 | INFO: Draco encoder: Encoding mesh Canopy sprays 3917.
19:14:26 | INFO: Draco encoder: Encoding mesh Canopy sprays 3918.
19:14:26 | INFO: Draco encoder: Encoding mesh Canopy sprays 3919.
19:14:26 | INFO: Draco encoder: Encoding mesh Canopy sprays 3920.
19:14:26 | INFO: Draco encoder: Encoding mesh Canopy sprays 3921.
19:14:26 | INFO: Draco encoder: Encoding mesh Canopy sprays 3922.
19:14:26 | INFO: Draco encoder: Encoding mesh Canopy sprays 3923.
19:14:26 | INFO: Draco encoder: Encoding mesh Canopy sprays 3924.
19:14:26 | INFO: Draco encoder: Encoding mesh Canopy sprays 3925.
19:14:26 | INFO: Draco encoder: Encoding mesh Canopy sprays 3926.
19:14:26 | INFO: Draco encoder: Encoding mesh Canopy sprays 3927.
19:14:26 | INFO: Draco encoder: Encoding mesh Canopy sprays 3928.
19:14:26 | INFO: Draco encoder: Encoding mesh Canopy sprays 3929.
19:14:26 | INFO: Draco encoder: Encoding mesh Canopy sprays 3930.
19:14:26 | INFO: Draco encoder: Encoding mesh Canopy sprays 3931.
19:14:26 | INFO: Draco encoder: Encoding mesh Canopy sprays 3932.
19:14:26 | INFO: Draco encoder: Encoding mesh Canopy sprays 3933.
19:14:26 | INFO: Draco encoder: Encoding mesh Canopy sprays 3934.
19:14:26 | INFO: Draco encoder: Encoding mesh Canopy sprays 3935.
19:14:26 | INFO: Draco encoder: Encoding mesh Canopy sprays 3936.
19:14:26 | INFO: Draco encoder: Encoding mesh Canopy sprays 3937.
19:14:26 | INFO: Draco encoder: Encoding mesh Canopy sprays 3938.
19:14:26 | INFO: Draco encoder: Encoding mesh Canopy sprays 3939.
19:14:26 | INFO: Draco encoder: Encoding mesh Canopy sprays 3940.
19:14:26 | INFO: Draco encoder: Encoding mesh Canopy sprays 3941.
19:14:26 | INFO: Draco encoder: Encoding mesh Canopy sprays 3942.
19:14:26 | INFO: Draco encoder: Encoding mesh Canopy sprays 3943.
19:14:26 | INFO: Draco encoder: Encoding mesh Canopy sprays 3944.
19:14:26 | INFO: Draco encoder: Encoding mesh Canopy sprays 3945.
19:14:26 | INFO: Draco encoder: Encoding mesh Canopy sprays 3946.
19:14:26 | INFO: Draco encoder: Encoding mesh Canopy sprays 3947.
19:14:26 | INFO: Draco encoder: Encoding mesh Canopy sprays 3948.
19:14:26 | INFO: Draco encoder: Encoding mesh Canopy sprays 3949.
19:14:26 | INFO: Draco encoder: Encoding mesh Canopy sprays 3950.
19:14:26 | INFO: Draco encoder: Encoding mesh Canopy sprays 3951.
19:14:26 | INFO: Draco encoder: Encoding mesh Canopy sprays 3952.
19:14:26 | INFO: Draco encoder: Encoding mesh Canopy sprays 3953.
19:14:26 | INFO: Draco encoder: Encoding mesh Canopy sprays 3954.
19:14:26 | INFO: Draco encoder: Encoding mesh Canopy sprays 3955.
19:14:26 | INFO: Draco encoder: Encoding mesh Canopy sprays 3956.
19:14:26 | INFO: Draco encoder: Encoding mesh Canopy sprays 3957.
19:14:26 | INFO: Draco encoder: Encoding mesh Canopy sprays 3958.
19:14:26 | INFO: Draco encoder: Encoding mesh Canopy sprays 3959.
19:14:26 | INFO: Draco encoder: Encoding mesh Canopy sprays 3960.
19:14:26 | INFO: Draco encoder: Encoding mesh Canopy sprays 3961.
19:14:26 | INFO: Draco encoder: Encoding mesh Canopy sprays 3962.
19:14:26 | INFO: Draco encoder: Encoding mesh Canopy sprays 3963.
19:14:26 | INFO: Draco encoder: Encoding mesh Canopy sprays 3964.
19:14:26 | INFO: Draco encoder: Encoding mesh Canopy sprays 3965.
19:14:26 | INFO: Draco encoder: Encoding mesh Canopy sprays 3966.
19:14:26 | INFO: Draco encoder: Encoding mesh Canopy sprays 3967.
19:14:26 | INFO: Draco encoder: Encoding mesh Canopy sprays 3968.
19:14:26 | INFO: Draco encoder: Encoding mesh Canopy sprays 3969.
19:14:26 | INFO: Draco encoder: Encoding mesh Canopy sprays 3970.
19:14:26 | INFO: Draco encoder: Encoding mesh Canopy sprays 3971.
19:14:26 | INFO: Draco encoder: Encoding mesh Canopy sprays 3972.
19:14:26 | INFO: Draco encoder: Encoding mesh Canopy sprays 3973.
19:14:26 | INFO: Draco encoder: Encoding mesh Canopy sprays 3974.
19:14:26 | INFO: Draco encoder: Encoding mesh Canopy sprays 3975.
19:14:26 | INFO: Draco encoder: Encoding mesh Canopy sprays 3976.
19:14:26 | INFO: Draco encoder: Encoding mesh Canopy sprays 3977.
19:14:26 | INFO: Draco encoder: Encoding mesh Canopy sprays 3978.
19:14:26 | INFO: Draco encoder: Encoding mesh Canopy sprays 3979.
19:14:26 | INFO: Draco encoder: Encoding mesh Canopy sprays 3980.
19:14:26 | INFO: Draco encoder: Encoding mesh Canopy sprays 3981.
19:14:26 | INFO: Draco encoder: Encoding mesh Canopy sprays 3982.
19:14:26 | INFO: Draco encoder: Encoding mesh Canopy sprays 3983.
19:14:26 | INFO: Draco encoder: Encoding mesh Canopy sprays 3984.
19:14:26 | INFO: Draco encoder: Encoding mesh Canopy sprays 3985.
19:14:26 | INFO: Draco encoder: Encoding mesh Canopy sprays 3986.
19:14:26 | INFO: Draco encoder: Encoding mesh Canopy sprays 3987.
19:14:26 | INFO: Draco encoder: Encoding mesh Canopy sprays 3988.
19:14:26 | INFO: Draco encoder: Encoding mesh Canopy sprays 3989.
19:14:26 | INFO: Draco encoder: Encoding mesh Canopy sprays 3990.
19:14:26 | INFO: Draco encoder: Encoding mesh Canopy sprays 3991.
19:14:26 | INFO: Draco encoder: Encoding mesh Canopy sprays 3992.
19:14:26 | INFO: Draco encoder: Encoding mesh Canopy sprays 3993.
19:14:26 | INFO: Draco encoder: Encoding mesh Canopy sprays 3994.
19:14:26 | INFO: Draco encoder: Encoding mesh Canopy sprays 3995.
19:14:26 | INFO: Draco encoder: Encoding mesh Canopy sprays 3996.
19:14:26 | INFO: Draco encoder: Encoding mesh Canopy sprays 3997.
19:14:26 | INFO: Draco encoder: Encoding mesh Canopy sprays 3998.
19:14:26 | INFO: Draco encoder: Encoding mesh Canopy sprays 3999.
19:14:26 | INFO: Draco encoder: Encoding mesh Canopy sprays 4000.
19:14:26 | INFO: Draco encoder: Encoding mesh Canopy sprays 4001.
19:14:26 | INFO: Draco encoder: Encoding mesh Canopy sprays 4002.
19:14:26 | INFO: Draco encoder: Encoding mesh Canopy sprays 4003.
19:14:26 | INFO: Draco encoder: Encoding mesh Canopy sprays 4004.
19:14:26 | INFO: Draco encoder: Encoding mesh Canopy sprays 4005.
19:14:26 | INFO: Draco encoder: Encoding mesh Canopy sprays 4006.
19:14:26 | INFO: Draco encoder: Encoding mesh Canopy sprays 4007.
19:14:26 | INFO: Draco encoder: Encoding mesh Canopy sprays 4008.
19:14:26 | INFO: Draco encoder: Encoding mesh Canopy sprays 4009.
19:14:26 | INFO: Draco encoder: Encoding mesh Canopy sprays 4010.
19:14:26 | INFO: Draco encoder: Encoding mesh Canopy sprays 4011.
19:14:26 | INFO: Draco encoder: Encoding mesh Canopy sprays 4012.
19:14:26 | INFO: Draco encoder: Encoding mesh Canopy sprays 4013.
19:14:26 | INFO: Draco encoder: Encoding mesh Canopy sprays 4014.
19:14:26 | INFO: Draco encoder: Encoding mesh Canopy sprays 4015.
19:14:26 | INFO: Draco encoder: Encoding mesh Canopy sprays 4016.
19:14:26 | INFO: Draco encoder: Encoding mesh Loose soil particles 0000.
19:14:26 | INFO: Draco encoder: Encoding mesh Loose soil particles 0001.
19:14:26 | INFO: Draco encoder: Encoding mesh Loose soil particles 0002.
19:14:26 | INFO: Draco encoder: Encoding mesh Loose soil particles 0003.
19:14:26 | INFO: Draco encoder: Encoding mesh Loose soil particles 0004.
19:14:26 | INFO: Draco encoder: Encoding mesh Loose soil particles 0005.
19:14:26 | INFO: Draco encoder: Encoding mesh Loose soil particles 0006.
19:14:26 | INFO: Draco encoder: Encoding mesh Loose soil particles 0007.
19:14:26 | INFO: Draco encoder: Encoding mesh Loose soil particles 0008.
19:14:26 | INFO: Draco encoder: Encoding mesh Loose soil particles 0009.
19:14:26 | INFO: Draco encoder: Encoding mesh Loose soil particles 0010.
19:14:26 | INFO: Draco encoder: Encoding mesh Loose soil particles 0011.
19:14:26 | INFO: Draco encoder: Encoding mesh Loose soil particles 0012.
19:14:26 | INFO: Draco encoder: Encoding mesh Loose soil particles 0013.
19:14:26 | INFO: Draco encoder: Encoding mesh Loose soil particles 0014.
19:14:26 | INFO: Draco encoder: Encoding mesh Loose soil particles 0015.
19:14:26 | INFO: Draco encoder: Encoding mesh Loose soil particles 0016.
19:14:26 | INFO: Draco encoder: Encoding mesh Loose soil particles 0017.
19:14:26 | INFO: Draco encoder: Encoding mesh Loose soil particles 0018.
19:14:26 | INFO: Draco encoder: Encoding mesh Loose soil particles 0019.
19:14:26 | INFO: Draco encoder: Encoding mesh Loose soil particles 0020.
19:14:26 | INFO: Draco encoder: Encoding mesh Loose soil particles 0021.
19:14:26 | INFO: Draco encoder: Encoding mesh Loose soil particles 0022.
19:14:26 | INFO: Draco encoder: Encoding mesh Loose soil particles 0023.
19:14:26 | INFO: Draco encoder: Encoding mesh Loose soil particles 0024.
19:14:26 | INFO: Draco encoder: Encoding mesh Loose soil particles 0025.
19:14:26 | INFO: Draco encoder: Encoding mesh Loose soil particles 0026.
19:14:26 | INFO: Draco encoder: Encoding mesh Loose soil particles 0027.
19:14:26 | INFO: Draco encoder: Encoding mesh Loose soil particles 0028.
19:14:26 | INFO: Draco encoder: Encoding mesh Loose soil particles 0029.
19:14:26 | INFO: Draco encoder: Encoding mesh Loose soil particles 0030.
19:14:26 | INFO: Draco encoder: Encoding mesh Loose soil particles 0031.
19:14:26 | INFO: Draco encoder: Encoding mesh Loose soil particles 0032.
19:14:26 | INFO: Draco encoder: Encoding mesh Loose soil particles 0033.
19:14:26 | INFO: Draco encoder: Encoding mesh Loose soil particles 0034.
19:14:26 | INFO: Draco encoder: Encoding mesh Loose soil particles 0035.
19:14:26 | INFO: Draco encoder: Encoding mesh Loose soil particles 0036.
19:14:26 | INFO: Draco encoder: Encoding mesh Loose soil particles 0037.
19:14:26 | INFO: Draco encoder: Encoding mesh Loose soil particles 0038.
19:14:26 | INFO: Draco encoder: Encoding mesh Loose soil particles 0039.
19:14:26 | INFO: Draco encoder: Encoding mesh Loose soil particles 0040.
19:14:26 | INFO: Draco encoder: Encoding mesh Loose soil particles 0041.
19:14:26 | INFO: Draco encoder: Encoding mesh Loose soil particles 0042.
19:14:26 | INFO: Draco encoder: Encoding mesh Loose soil particles 0043.
19:14:26 | INFO: Draco encoder: Encoding mesh Loose soil particles 0044.
19:14:26 | INFO: Draco encoder: Encoding mesh Loose soil particles 0045.
19:14:26 | INFO: Draco encoder: Encoding mesh Loose soil particles 0046.
19:14:26 | INFO: Draco encoder: Encoding mesh Loose soil particles 0047.
19:14:26 | INFO: Draco encoder: Encoding mesh Loose soil particles 0048.
19:14:26 | INFO: Draco encoder: Encoding mesh Loose soil particles 0049.
19:14:26 | INFO: Draco encoder: Encoding mesh Loose soil particles 0050.
19:14:26 | INFO: Draco encoder: Encoding mesh Loose soil particles 0051.
19:14:26 | INFO: Draco encoder: Encoding mesh Loose soil particles 0052.
19:14:26 | INFO: Draco encoder: Encoding mesh Loose soil particles 0053.
19:14:26 | INFO: Draco encoder: Encoding mesh Loose soil particles 0054.
19:14:26 | INFO: Draco encoder: Encoding mesh Loose soil particles 0055.
19:14:26 | INFO: Draco encoder: Encoding mesh Loose soil particles 0056.
19:14:26 | INFO: Draco encoder: Encoding mesh Loose soil particles 0057.
19:14:26 | INFO: Draco encoder: Encoding mesh Loose soil particles 0058.
19:14:26 | INFO: Draco encoder: Encoding mesh Loose soil particles 0059.
19:14:26 | INFO: Draco encoder: Encoding mesh Loose soil particles 0060.
19:14:26 | INFO: Draco encoder: Encoding mesh Loose soil particles 0061.
19:14:26 | INFO: Draco encoder: Encoding mesh Loose soil particles 0062.
19:14:26 | INFO: Draco encoder: Encoding mesh Loose soil particles 0063.
19:14:26 | INFO: Draco encoder: Encoding mesh Loose soil particles 0064.
19:14:26 | INFO: Draco encoder: Encoding mesh Loose soil particles 0065.
19:14:26 | INFO: Draco encoder: Encoding mesh Loose soil particles 0066.
19:14:26 | INFO: Draco encoder: Encoding mesh Loose soil particles 0067.
19:14:26 | INFO: Draco encoder: Encoding mesh Loose soil particles 0068.
19:14:26 | INFO: Draco encoder: Encoding mesh Loose soil particles 0069.
19:14:26 | INFO: Draco encoder: Encoding mesh Loose soil particles 0070.
19:14:26 | INFO: Draco encoder: Encoding mesh Loose soil particles 0071.
19:14:26 | INFO: Draco encoder: Encoding mesh Loose soil particles 0072.
19:14:26 | INFO: Draco encoder: Encoding mesh Loose soil particles 0073.
19:14:26 | INFO: Draco encoder: Encoding mesh Loose soil particles 0074.
19:14:26 | INFO: Draco encoder: Encoding mesh Loose soil particles 0075.
19:14:26 | INFO: Draco encoder: Encoding mesh Loose soil particles 0076.
19:14:26 | INFO: Draco encoder: Encoding mesh Loose soil particles 0077.
19:14:26 | INFO: Draco encoder: Encoding mesh Loose soil particles 0078.
19:14:26 | INFO: Draco encoder: Encoding mesh Loose soil particles 0079.
19:14:26 | INFO: Draco encoder: Encoding mesh Loose soil particles 0080.
19:14:26 | INFO: Draco encoder: Encoding mesh Loose soil particles 0081.
19:14:26 | INFO: Draco encoder: Encoding mesh Loose soil particles 0082.
19:14:26 | INFO: Draco encoder: Encoding mesh Loose soil particles 0083.
19:14:26 | INFO: Draco encoder: Encoding mesh Loose soil particles 0084.
19:14:26 | INFO: Draco encoder: Encoding mesh Loose soil particles 0085.
19:14:26 | INFO: Draco encoder: Encoding mesh Loose soil particles 0086.
19:14:26 | INFO: Draco encoder: Encoding mesh Loose soil particles 0087.
19:14:26 | INFO: Draco encoder: Encoding mesh Loose soil particles 0088.
19:14:26 | INFO: Draco encoder: Encoding mesh Loose soil particles 0089.
19:14:26 | INFO: Draco encoder: Encoding mesh Loose soil particles 0090.
19:14:26 | INFO: Draco encoder: Encoding mesh Loose soil particles 0091.
19:14:26 | INFO: Draco encoder: Encoding mesh Loose soil particles 0092.
19:14:26 | INFO: Draco encoder: Encoding mesh Loose soil particles 0093.
19:14:26 | INFO: Draco encoder: Encoding mesh Loose soil particles 0094.
19:14:26 | INFO: Draco encoder: Encoding mesh Loose soil particles 0095.
19:14:26 | INFO: Draco encoder: Encoding mesh Loose soil particles 0096.
19:14:26 | INFO: Draco encoder: Encoding mesh Loose soil particles 0097.
19:14:26 | INFO: Draco encoder: Encoding mesh Loose soil particles 0098.
19:14:26 | INFO: Draco encoder: Encoding mesh Loose soil particles 0099.
19:14:26 | INFO: Draco encoder: Encoding mesh Loose soil particles 0100.
19:14:26 | INFO: Draco encoder: Encoding mesh Loose soil particles 0101.
19:14:26 | INFO: Draco encoder: Encoding mesh Loose soil particles 0102.
19:14:26 | INFO: Draco encoder: Encoding mesh Loose soil particles 0103.
19:14:26 | INFO: Draco encoder: Encoding mesh Loose soil particles 0104.
19:14:26 | INFO: Draco encoder: Encoding mesh Loose soil particles 0105.
19:14:26 | INFO: Draco encoder: Encoding mesh Loose soil particles 0106.
19:14:26 | INFO: Draco encoder: Encoding mesh Loose soil particles 0107.
19:14:26 | INFO: Draco encoder: Encoding mesh Loose soil particles 0108.
19:14:26 | INFO: Draco encoder: Encoding mesh Loose soil particles 0109.
19:14:26 | INFO: Draco encoder: Encoding mesh Loose soil particles 0110.
19:14:26 | INFO: Draco encoder: Encoding mesh Loose soil particles 0111.
19:14:26 | INFO: Draco encoder: Encoding mesh Loose soil particles 0112.
19:14:26 | INFO: Draco encoder: Encoding mesh Loose soil particles 0113.
19:14:26 | INFO: Draco encoder: Encoding mesh Loose soil particles 0114.
19:14:26 | INFO: Draco encoder: Encoding mesh Loose soil particles 0115.
19:14:26 | INFO: Draco encoder: Encoding mesh Loose soil particles 0116.
19:14:26 | INFO: Draco encoder: Encoding mesh Loose soil particles 0117.
19:14:26 | INFO: Draco encoder: Encoding mesh Loose soil particles 0118.
19:14:26 | INFO: Draco encoder: Encoding mesh Loose soil particles 0119.
19:14:26 | INFO: Draco encoder: Encoding mesh Loose soil particles 0120.
19:14:26 | INFO: Draco encoder: Encoding mesh Loose soil particles 0121.
19:14:26 | INFO: Draco encoder: Encoding mesh Loose soil particles 0122.
19:14:26 | INFO: Draco encoder: Encoding mesh Loose soil particles 0123.
19:14:26 | INFO: Draco encoder: Encoding mesh Loose soil particles 0124.
19:14:26 | INFO: Draco encoder: Encoding mesh Loose soil particles 0125.
19:14:26 | INFO: Draco encoder: Encoding mesh Loose soil particles 0126.
19:14:26 | INFO: Draco encoder: Encoding mesh Loose soil particles 0127.
19:14:26 | INFO: Draco encoder: Encoding mesh Loose soil particles 0128.
19:14:26 | INFO: Draco encoder: Encoding mesh Loose soil particles 0129.
19:14:26 | INFO: Draco encoder: Encoding mesh Loose soil particles 0130.
19:14:26 | INFO: Draco encoder: Encoding mesh Loose soil particles 0131.
19:14:26 | INFO: Draco encoder: Encoding mesh Loose soil particles 0132.
19:14:26 | INFO: Draco encoder: Encoding mesh Loose soil particles 0133.
19:14:26 | INFO: Draco encoder: Encoding mesh Loose soil particles 0134.
19:14:26 | INFO: Draco encoder: Encoding mesh Loose soil particles 0135.
19:14:26 | INFO: Draco encoder: Encoding mesh Loose soil particles 0136.
19:14:26 | INFO: Draco encoder: Encoding mesh Loose soil particles 0137.
19:14:26 | INFO: Draco encoder: Encoding mesh Loose soil particles 0138.
19:14:26 | INFO: Draco encoder: Encoding mesh Loose soil particles 0139.
19:14:26 | INFO: Draco encoder: Encoding mesh Loose soil particles 0140.
19:14:26 | INFO: Draco encoder: Encoding mesh Loose soil particles 0141.
19:14:26 | INFO: Draco encoder: Encoding mesh Loose soil particles 0142.
19:14:26 | INFO: Draco encoder: Encoding mesh Loose soil particles 0143.
19:14:26 | INFO: Draco encoder: Encoding mesh Loose soil particles 0144.
19:14:26 | INFO: Draco encoder: Encoding mesh Loose soil particles 0145.
19:14:26 | INFO: Draco encoder: Encoding mesh Loose soil particles 0146.
19:14:26 | INFO: Draco encoder: Encoding mesh Loose soil particles 0147.
19:14:26 | INFO: Draco encoder: Encoding mesh Loose soil particles 0148.
19:14:26 | INFO: Draco encoder: Encoding mesh Loose soil particles 0149.
19:14:26 | INFO: Draco encoder: Encoding mesh Loose soil particles 0150.
19:14:26 | INFO: Draco encoder: Encoding mesh Loose soil particles 0151.
19:14:26 | INFO: Draco encoder: Encoding mesh Loose soil particles 0152.
19:14:26 | INFO: Draco encoder: Encoding mesh Loose soil particles 0153.
19:14:26 | INFO: Draco encoder: Encoding mesh Loose soil particles 0154.
19:14:26 | INFO: Draco encoder: Encoding mesh Loose soil particles 0155.
19:14:26 | INFO: Draco encoder: Encoding mesh Loose soil particles 0156.
19:14:26 | INFO: Draco encoder: Encoding mesh Loose soil particles 0157.
19:14:26 | INFO: Draco encoder: Encoding mesh Loose soil particles 0158.
19:14:26 | INFO: Draco encoder: Encoding mesh Loose soil particles 0159.
19:14:26 | INFO: Draco encoder: Encoding mesh Loose soil particles 0160.
19:14:26 | INFO: Draco encoder: Encoding mesh Loose soil particles 0161.
19:14:26 | INFO: Draco encoder: Encoding mesh Loose soil particles 0162.
19:14:26 | INFO: Draco encoder: Encoding mesh Loose soil particles 0163.
19:14:26 | INFO: Draco encoder: Encoding mesh Loose soil particles 0164.
19:14:26 | INFO: Draco encoder: Encoding mesh Loose soil particles 0165.
19:14:26 | INFO: Draco encoder: Encoding mesh Loose soil particles 0166.
19:14:26 | INFO: Draco encoder: Encoding mesh Loose soil particles 0167.
19:14:26 | INFO: Draco encoder: Encoding mesh Loose soil particles 0168.
19:14:26 | INFO: Draco encoder: Encoding mesh Loose soil particles 0169.
19:14:26 | INFO: Draco encoder: Encoding mesh Loose soil particles 0170.
19:14:26 | INFO: Draco encoder: Encoding mesh Loose soil particles 0171.
19:14:26 | INFO: Draco encoder: Encoding mesh Loose soil particles 0172.
19:14:26 | INFO: Draco encoder: Encoding mesh Loose soil particles 0173.
19:14:26 | INFO: Draco encoder: Encoding mesh Loose soil particles 0174.
19:14:26 | INFO: Draco encoder: Encoding mesh Loose soil particles 0175.
19:14:26 | INFO: Draco encoder: Encoding mesh Loose soil particles 0176.
19:14:26 | INFO: Draco encoder: Encoding mesh Loose soil particles 0177.
19:14:26 | INFO: Draco encoder: Encoding mesh Loose soil particles 0178.
19:14:26 | INFO: Draco encoder: Encoding mesh Loose soil particles 0179.
19:14:26 | INFO: Draco encoder: Encoding mesh Loose soil particles 0180.
19:14:26 | INFO: Draco encoder: Encoding mesh Loose soil particles 0181.
19:14:26 | INFO: Draco encoder: Encoding mesh Loose soil particles 0182.
19:14:26 | INFO: Draco encoder: Encoding mesh Loose soil particles 0183.
19:14:26 | INFO: Draco encoder: Encoding mesh Loose soil particles 0184.
19:14:26 | INFO: Draco encoder: Encoding mesh Loose soil particles 0185.
19:14:26 | INFO: Draco encoder: Encoding mesh Loose soil particles 0186.
19:14:26 | INFO: Draco encoder: Encoding mesh Loose soil particles 0187.
19:14:26 | INFO: Draco encoder: Encoding mesh Loose soil particles 0188.
19:14:26 | INFO: Draco encoder: Encoding mesh Loose soil particles 0189.
19:14:26 | INFO: Draco encoder: Encoding mesh Loose soil particles 0190.
19:14:26 | INFO: Draco encoder: Encoding mesh Loose soil particles 0191.
19:14:26 | INFO: Draco encoder: Encoding mesh Loose soil particles 0192.
19:14:26 | INFO: Draco encoder: Encoding mesh Loose soil particles 0193.
19:14:26 | INFO: Draco encoder: Encoding mesh Loose soil particles 0194.
19:14:26 | INFO: Draco encoder: Encoding mesh Loose soil particles 0195.
19:14:26 | INFO: Draco encoder: Encoding mesh Loose soil particles 0196.
19:14:26 | INFO: Draco encoder: Encoding mesh Loose soil particles 0197.
19:14:26 | INFO: Draco encoder: Encoding mesh Loose soil particles 0198.
19:14:26 | INFO: Draco encoder: Encoding mesh Loose soil particles 0199.
19:14:26 | INFO: Draco encoder: Encoding mesh Loose soil particles 0200.
19:14:26 | INFO: Draco encoder: Encoding mesh Loose soil particles 0201.
19:14:26 | INFO: Draco encoder: Encoding mesh Loose soil particles 0202.
19:14:26 | INFO: Draco encoder: Encoding mesh Loose soil particles 0203.
19:14:26 | INFO: Draco encoder: Encoding mesh Loose soil particles 0204.
19:14:26 | INFO: Draco encoder: Encoding mesh Loose soil particles 0205.
19:14:26 | INFO: Draco encoder: Encoding mesh Loose soil particles 0206.
19:14:26 | INFO: Draco encoder: Encoding mesh Loose soil particles 0207.
19:14:26 | INFO: Draco encoder: Encoding mesh Loose soil particles 0208.
19:14:26 | INFO: Draco encoder: Encoding mesh Loose soil particles 0209.
19:14:26 | INFO: Draco encoder: Encoding mesh Loose soil particles 0210.
19:14:26 | INFO: Draco encoder: Encoding mesh Loose soil particles 0211.
19:14:26 | INFO: Draco encoder: Encoding mesh Loose soil particles 0212.
19:14:26 | INFO: Draco encoder: Encoding mesh Loose soil particles 0213.
19:14:26 | INFO: Draco encoder: Encoding mesh Loose soil particles 0214.
19:14:26 | INFO: Draco encoder: Encoding mesh Loose soil particles 0215.
19:14:26 | INFO: Draco encoder: Encoding mesh Loose soil particles 0216.
19:14:26 | INFO: Draco encoder: Encoding mesh Loose soil particles 0217.
19:14:26 | INFO: Draco encoder: Encoding mesh Loose soil particles 0218.
19:14:26 | INFO: Draco encoder: Encoding mesh Loose soil particles 0219.
19:14:26 | INFO: Draco encoder: Encoding mesh Loose soil particles 0220.
19:14:26 | INFO: Draco encoder: Encoding mesh Loose soil particles 0221.
19:14:26 | INFO: Draco encoder: Encoding mesh Loose soil particles 0222.
19:14:26 | INFO: Draco encoder: Encoding mesh Loose soil particles 0223.
19:14:26 | INFO: Draco encoder: Encoding mesh Loose soil particles 0224.
19:14:26 | INFO: Draco encoder: Encoding mesh Loose soil particles 0225.
19:14:26 | INFO: Draco encoder: Encoding mesh Loose soil particles 0226.
19:14:26 | INFO: Draco encoder: Encoding mesh Loose soil particles 0227.
19:14:26 | INFO: Draco encoder: Encoding mesh Loose soil particles 0228.
19:14:26 | INFO: Draco encoder: Encoding mesh Loose soil particles 0229.
19:14:26 | INFO: Draco encoder: Encoding mesh Loose soil particles 0230.
19:14:26 | INFO: Draco encoder: Encoding mesh Loose soil particles 0231.
19:14:26 | INFO: Draco encoder: Encoding mesh Loose soil particles 0232.
19:14:26 | INFO: Draco encoder: Encoding mesh Loose soil particles 0233.
19:14:26 | INFO: Draco encoder: Encoding mesh Loose soil particles 0234.
19:14:26 | INFO: Draco encoder: Encoding mesh Loose soil particles 0235.
19:14:26 | INFO: Draco encoder: Encoding mesh Loose soil particles 0236.
19:14:26 | INFO: Draco encoder: Encoding mesh Loose soil particles 0237.
19:14:26 | INFO: Draco encoder: Encoding mesh Loose soil particles 0238.
19:14:26 | INFO: Draco encoder: Encoding mesh Loose soil particles 0239.
19:14:26 | INFO: Draco encoder: Encoding mesh Loose soil particles 0240.
19:14:26 | INFO: Draco encoder: Encoding mesh Loose soil particles 0241.
19:14:26 | INFO: Draco encoder: Encoding mesh Loose soil particles 0242.
19:14:26 | INFO: Draco encoder: Encoding mesh Loose soil particles 0243.
19:14:26 | INFO: Draco encoder: Encoding mesh Loose soil particles 0244.
19:14:26 | INFO: Draco encoder: Encoding mesh Loose soil particles 0245.
19:14:26 | INFO: Draco encoder: Encoding mesh Loose soil particles 0246.
19:14:26 | INFO: Draco encoder: Encoding mesh Loose soil particles 0247.
19:14:26 | INFO: Draco encoder: Encoding mesh Loose soil particles 0248.
19:14:26 | INFO: Draco encoder: Encoding mesh Loose soil particles 0249.
19:14:26 | INFO: Draco encoder: Encoding mesh Loose soil particles 0250.
19:14:26 | INFO: Draco encoder: Encoding mesh Loose soil particles 0251.
19:14:26 | INFO: Draco encoder: Encoding mesh Loose soil particles 0252.
19:14:26 | INFO: Draco encoder: Encoding mesh Loose soil particles 0253.
19:14:26 | INFO: Draco encoder: Encoding mesh Loose soil particles 0254.
19:14:26 | INFO: Draco encoder: Encoding mesh Loose soil particles 0255.
19:14:26 | INFO: Draco encoder: Encoding mesh Loose soil particles 0256.
19:14:26 | INFO: Draco encoder: Encoding mesh Loose soil particles 0257.
19:14:26 | INFO: Draco encoder: Encoding mesh Loose soil particles 0258.
19:14:26 | INFO: Draco encoder: Encoding mesh Loose soil particles 0259.
19:14:26 | INFO: Draco encoder: Encoding mesh Loose soil particles 0260.
19:14:26 | INFO: Draco encoder: Encoding mesh Loose soil particles 0261.
19:14:26 | INFO: Draco encoder: Encoding mesh Loose soil particles 0262.
19:14:26 | INFO: Draco encoder: Encoding mesh Loose soil particles 0263.
19:14:26 | INFO: Draco encoder: Encoding mesh Loose soil particles 0264.
19:14:26 | INFO: Draco encoder: Encoding mesh Loose soil particles 0265.
19:14:26 | INFO: Draco encoder: Encoding mesh Loose soil particles 0266.
19:14:26 | INFO: Draco encoder: Encoding mesh Loose soil particles 0267.
19:14:26 | INFO: Draco encoder: Encoding mesh Loose soil particles 0268.
19:14:26 | INFO: Draco encoder: Encoding mesh Loose soil particles 0269.
19:14:26 | INFO: Draco encoder: Encoding mesh Loose soil particles 0270.
19:14:26 | INFO: Draco encoder: Encoding mesh Loose soil particles 0271.
19:14:26 | INFO: Draco encoder: Encoding mesh Loose soil particles 0272.
19:14:26 | INFO: Draco encoder: Encoding mesh Loose soil particles 0273.
19:14:26 | INFO: Draco encoder: Encoding mesh Loose soil particles 0274.
19:14:26 | INFO: Draco encoder: Encoding mesh Loose soil particles 0275.
19:14:26 | INFO: Draco encoder: Encoding mesh Loose soil particles 0276.
19:14:26 | INFO: Draco encoder: Encoding mesh Loose soil particles 0277.
19:14:26 | INFO: Draco encoder: Encoding mesh Loose soil particles 0278.
19:14:26 | INFO: Draco encoder: Encoding mesh Loose soil particles 0279.
19:14:26 | INFO: Draco encoder: Encoding mesh Loose soil particles 0280.
19:14:26 | INFO: Draco encoder: Encoding mesh Loose soil particles 0281.
19:14:26 | INFO: Draco encoder: Encoding mesh Loose soil particles 0282.
19:14:26 | INFO: Draco encoder: Encoding mesh Loose soil particles 0283.
19:14:26 | INFO: Draco encoder: Encoding mesh Loose soil particles 0284.
19:14:26 | INFO: Draco encoder: Encoding mesh Loose soil particles 0285.
19:14:26 | INFO: Draco encoder: Encoding mesh Loose soil particles 0286.
19:14:26 | INFO: Draco encoder: Encoding mesh Loose soil particles 0287.
19:14:26 | INFO: Draco encoder: Encoding mesh Loose soil particles 0288.
19:14:26 | INFO: Draco encoder: Encoding mesh Loose soil particles 0289.
19:14:26 | INFO: Draco encoder: Encoding mesh Loose soil particles 0290.
19:14:26 | INFO: Draco encoder: Encoding mesh Loose soil particles 0291.
19:14:26 | INFO: Draco encoder: Encoding mesh Loose soil particles 0292.
19:14:26 | INFO: Draco encoder: Encoding mesh Loose soil particles 0293.
19:14:26 | INFO: Draco encoder: Encoding mesh Loose soil particles 0294.
19:14:26 | INFO: Draco encoder: Encoding mesh Loose soil particles 0295.
19:14:26 | INFO: Draco encoder: Encoding mesh Loose soil particles 0296.
19:14:26 | INFO: Draco encoder: Encoding mesh Loose soil particles 0297.
19:14:26 | INFO: Draco encoder: Encoding mesh Loose soil particles 0298.
19:14:26 | INFO: Draco encoder: Encoding mesh Loose soil particles 0299.
19:14:26 | INFO: Draco encoder: Encoding mesh Loose soil particles 0300.
19:14:26 | INFO: Draco encoder: Encoding mesh Loose soil particles 0301.
19:14:26 | INFO: Draco encoder: Encoding mesh Loose soil particles 0302.
19:14:26 | INFO: Draco encoder: Encoding mesh Loose soil particles 0303.
19:14:26 | INFO: Draco encoder: Encoding mesh Loose soil particles 0304.
19:14:26 | INFO: Draco encoder: Encoding mesh Loose soil particles 0305.
19:14:26 | INFO: Draco encoder: Encoding mesh Loose soil particles 0306.
19:14:26 | INFO: Draco encoder: Encoding mesh Loose soil particles 0307.
19:14:26 | INFO: Draco encoder: Encoding mesh Loose soil particles 0308.
19:14:26 | INFO: Draco encoder: Encoding mesh Loose soil particles 0309.
19:14:26 | INFO: Draco encoder: Encoding mesh Loose soil particles 0310.
19:14:26 | INFO: Draco encoder: Encoding mesh Loose soil particles 0311.
19:14:26 | INFO: Draco encoder: Encoding mesh Loose soil particles 0312.
19:14:26 | INFO: Draco encoder: Encoding mesh Loose soil particles 0313.
19:14:26 | INFO: Draco encoder: Encoding mesh Loose soil particles 0314.
19:14:26 | INFO: Draco encoder: Encoding mesh Loose soil particles 0315.
19:14:26 | INFO: Draco encoder: Encoding mesh Loose soil particles 0316.
19:14:26 | INFO: Draco encoder: Encoding mesh Loose soil particles 0317.
19:14:26 | INFO: Draco encoder: Encoding mesh Loose soil particles 0318.
19:14:26 | INFO: Draco encoder: Encoding mesh Loose soil particles 0319.
19:14:26 | INFO: Draco encoder: Encoding mesh Loose soil particles 0320.
19:14:26 | INFO: Draco encoder: Encoding mesh Loose soil particles 0321.
19:14:26 | INFO: Draco encoder: Encoding mesh Loose soil particles 0322.
19:14:26 | INFO: Draco encoder: Encoding mesh Loose soil particles 0323.
19:14:26 | INFO: Draco encoder: Encoding mesh Loose soil particles 0324.
19:14:26 | INFO: Draco encoder: Encoding mesh Loose soil particles 0325.
19:14:26 | INFO: Draco encoder: Encoding mesh Loose soil particles 0326.
19:14:26 | INFO: Draco encoder: Encoding mesh Loose soil particles 0327.
19:14:26 | INFO: Draco encoder: Encoding mesh Loose soil particles 0328.
19:14:26 | INFO: Draco encoder: Encoding mesh Loose soil particles 0329.
19:14:26 | INFO: Draco encoder: Encoding mesh Loose soil particles 0330.
19:14:26 | INFO: Draco encoder: Encoding mesh Loose soil particles 0331.
19:14:26 | INFO: Draco encoder: Encoding mesh Loose soil particles 0332.
19:14:26 | INFO: Draco encoder: Encoding mesh Loose soil particles 0333.
19:14:26 | INFO: Draco encoder: Encoding mesh Loose soil particles 0334.
19:14:26 | INFO: Draco encoder: Encoding mesh Loose soil particles 0335.
19:14:26 | INFO: Draco encoder: Encoding mesh Loose soil particles 0336.
19:14:26 | INFO: Draco encoder: Encoding mesh Loose soil particles 0337.
19:14:26 | INFO: Draco encoder: Encoding mesh Loose soil particles 0338.
19:14:26 | INFO: Draco encoder: Encoding mesh Loose soil particles 0339.
19:14:26 | INFO: Draco encoder: Encoding mesh Loose soil particles 0340.
19:14:26 | INFO: Draco encoder: Encoding mesh Loose soil particles 0341.
19:14:26 | INFO: Draco encoder: Encoding mesh Loose soil particles 0342.
19:14:26 | INFO: Draco encoder: Encoding mesh Loose soil particles 0343.
19:14:26 | INFO: Draco encoder: Encoding mesh Loose soil particles 0344.
19:14:26 | INFO: Draco encoder: Encoding mesh Loose soil particles 0345.
19:14:26 | INFO: Draco encoder: Encoding mesh Loose soil particles 0346.
19:14:26 | INFO: Draco encoder: Encoding mesh Loose soil particles 0347.
19:14:26 | INFO: Draco encoder: Encoding mesh Loose soil particles 0348.
19:14:26 | INFO: Draco encoder: Encoding mesh Loose soil particles 0349.
19:14:26 | INFO: Draco encoder: Encoding mesh Loose soil particles 0350.
19:14:26 | INFO: Draco encoder: Encoding mesh Loose soil particles 0351.
19:14:26 | INFO: Draco encoder: Encoding mesh Loose soil particles 0352.
19:14:26 | INFO: Draco encoder: Encoding mesh Loose soil particles 0353.
19:14:26 | INFO: Draco encoder: Encoding mesh Loose soil particles 0354.
19:14:26 | INFO: Draco encoder: Encoding mesh Loose soil particles 0355.
19:14:26 | INFO: Draco encoder: Encoding mesh Loose soil particles 0356.
19:14:26 | INFO: Draco encoder: Encoding mesh Loose soil particles 0357.
19:14:26 | INFO: Draco encoder: Encoding mesh Loose soil particles 0358.
19:14:26 | INFO: Draco encoder: Encoding mesh Loose soil particles 0359.
19:14:26 | INFO: Draco encoder: Encoding mesh Loose soil particles 0360.
19:14:26 | INFO: Draco encoder: Encoding mesh Loose soil particles 0361.
19:14:26 | INFO: Draco encoder: Encoding mesh Loose soil particles 0362.
19:14:26 | INFO: Draco encoder: Encoding mesh Loose soil particles 0363.
19:14:26 | INFO: Draco encoder: Encoding mesh Loose soil particles 0364.
19:14:26 | INFO: Draco encoder: Encoding mesh Loose soil particles 0365.
19:14:26 | INFO: Draco encoder: Encoding mesh Loose soil particles 0366.
19:14:26 | INFO: Draco encoder: Encoding mesh Loose soil particles 0367.
19:14:26 | INFO: Draco encoder: Encoding mesh Loose soil particles 0368.
19:14:26 | INFO: Draco encoder: Encoding mesh Loose soil particles 0369.
19:14:26 | INFO: Draco encoder: Encoding mesh Loose soil particles 0370.
19:14:26 | INFO: Draco encoder: Encoding mesh Loose soil particles 0371.
19:14:26 | INFO: Draco encoder: Encoding mesh Loose soil particles 0372.
19:14:26 | INFO: Draco encoder: Encoding mesh Loose soil particles 0373.
19:14:26 | INFO: Draco encoder: Encoding mesh Loose soil particles 0374.
19:14:26 | INFO: Draco encoder: Encoding mesh Loose soil particles 0375.
19:14:26 | INFO: Draco encoder: Encoding mesh Loose soil particles 0376.
19:14:26 | INFO: Draco encoder: Encoding mesh Loose soil particles 0377.
19:14:26 | INFO: Draco encoder: Encoding mesh Loose soil particles 0378.
19:14:26 | INFO: Draco encoder: Encoding mesh Loose soil particles 0379.
19:14:26 | INFO: Draco encoder: Encoding mesh Loose soil particles 0380.
19:14:26 | INFO: Draco encoder: Encoding mesh Loose soil particles 0381.
19:14:26 | INFO: Draco encoder: Encoding mesh Loose soil particles 0382.
19:14:26 | INFO: Draco encoder: Encoding mesh Loose soil particles 0383.
19:14:26 | INFO: Draco encoder: Encoding mesh Loose soil particles 0384.
19:14:26 | INFO: Draco encoder: Encoding mesh Loose soil particles 0385.
19:14:26 | INFO: Draco encoder: Encoding mesh Loose soil particles 0386.
19:14:26 | INFO: Draco encoder: Encoding mesh Loose soil particles 0387.
19:14:26 | INFO: Draco encoder: Encoding mesh Loose soil particles 0388.
19:14:26 | INFO: Draco encoder: Encoding mesh Loose soil particles 0389.
19:14:26 | INFO: Draco encoder: Encoding mesh Loose soil particles 0390.
19:14:26 | INFO: Draco encoder: Encoding mesh Loose soil particles 0391.
19:14:26 | INFO: Draco encoder: Encoding mesh Loose soil particles 0392.
19:14:26 | INFO: Draco encoder: Encoding mesh Loose soil particles 0393.
19:14:26 | INFO: Draco encoder: Encoding mesh Loose soil particles 0394.
19:14:26 | INFO: Draco encoder: Encoding mesh Loose soil particles 0395.
19:14:26 | INFO: Draco encoder: Encoding mesh Loose soil particles 0396.
19:14:26 | INFO: Draco encoder: Encoding mesh Loose soil particles 0397.
19:14:26 | INFO: Draco encoder: Encoding mesh Loose soil particles 0398.
19:14:26 | INFO: Draco encoder: Encoding mesh Loose soil particles 0399.
19:14:26 | INFO: Draco encoder: Encoding mesh Loose soil particles 0400.
19:14:26 | INFO: Draco encoder: Encoding mesh Loose soil particles 0401.
19:14:26 | INFO: Draco encoder: Encoding mesh Loose soil particles 0402.
19:14:26 | INFO: Draco encoder: Encoding mesh Loose soil particles 0403.
19:14:26 | INFO: Draco encoder: Encoding mesh Loose soil particles 0404.
19:14:26 | INFO: Draco encoder: Encoding mesh Loose soil particles 0405.
19:14:26 | INFO: Draco encoder: Encoding mesh Loose soil particles 0406.
19:14:26 | INFO: Draco encoder: Encoding mesh Loose soil particles 0407.
19:14:26 | INFO: Draco encoder: Encoding mesh Loose soil particles 0408.
19:14:26 | INFO: Draco encoder: Encoding mesh Loose soil particles 0409.
19:14:26 | INFO: Draco encoder: Encoding mesh Loose soil particles 0410.
19:14:26 | INFO: Draco encoder: Encoding mesh Loose soil particles 0411.
19:14:26 | INFO: Draco encoder: Encoding mesh Loose soil particles 0412.
19:14:26 | INFO: Draco encoder: Encoding mesh Loose soil particles 0413.
19:14:26 | INFO: Draco encoder: Encoding mesh Loose soil particles 0414.
19:14:26 | INFO: Draco encoder: Encoding mesh Loose soil particles 0415.
19:14:26 | INFO: Draco encoder: Encoding mesh Loose soil particles 0416.
19:14:26 | INFO: Draco encoder: Encoding mesh Loose soil particles 0417.
19:14:26 | INFO: Draco encoder: Encoding mesh Loose soil particles 0418.
19:14:26 | INFO: Draco encoder: Encoding mesh Loose soil particles 0419.
19:14:26 | INFO: Draco encoder: Encoding mesh Loose soil particles 0420.
19:14:26 | INFO: Draco encoder: Encoding mesh Loose soil particles 0421.
19:14:26 | INFO: Draco encoder: Encoding mesh Loose soil particles 0422.
19:14:26 | INFO: Draco encoder: Encoding mesh Loose soil particles 0423.
19:14:26 | INFO: Draco encoder: Encoding mesh Loose soil particles 0424.
19:14:26 | INFO: Draco encoder: Encoding mesh Loose soil particles 0425.
19:14:26 | INFO: Draco encoder: Encoding mesh Loose soil particles 0426.
19:14:26 | INFO: Draco encoder: Encoding mesh Loose soil particles 0427.
19:14:26 | INFO: Draco encoder: Encoding mesh Loose soil particles 0428.
19:14:26 | INFO: Draco encoder: Encoding mesh Loose soil particles 0429.
19:14:26 | INFO: Draco encoder: Encoding mesh Loose soil particles 0430.
19:14:26 | INFO: Draco encoder: Encoding mesh Loose soil particles 0431.
19:14:26 | INFO: Draco encoder: Encoding mesh Loose soil particles 0432.
19:14:26 | INFO: Draco encoder: Encoding mesh Loose soil particles 0433.
19:14:26 | INFO: Draco encoder: Encoding mesh Loose soil particles 0434.
19:14:26 | INFO: Draco encoder: Encoding mesh Loose soil particles 0435.
19:14:26 | INFO: Draco encoder: Encoding mesh Loose soil particles 0436.
19:14:26 | INFO: Draco encoder: Encoding mesh Loose soil particles 0437.
19:14:26 | INFO: Draco encoder: Encoding mesh Loose soil particles 0438.
19:14:26 | INFO: Draco encoder: Encoding mesh Loose soil particles 0439.
19:14:26 | INFO: Draco encoder: Encoding mesh Loose soil particles 0440.
19:14:26 | INFO: Draco encoder: Encoding mesh Loose soil particles 0441.
19:14:26 | INFO: Draco encoder: Encoding mesh Loose soil particles 0442.
19:14:26 | INFO: Draco encoder: Encoding mesh Loose soil particles 0443.
19:14:26 | INFO: Draco encoder: Encoding mesh Loose soil particles 0444.
19:14:26 | INFO: Draco encoder: Encoding mesh Loose soil particles 0445.
19:14:26 | INFO: Draco encoder: Encoding mesh Loose soil particles 0446.
19:14:26 | INFO: Draco encoder: Encoding mesh Loose soil particles 0447.
19:14:26 | INFO: Draco encoder: Encoding mesh Loose soil particles 0448.
19:14:26 | INFO: Draco encoder: Encoding mesh Loose soil particles 0449.
19:14:26 | INFO: Draco encoder: Encoding mesh Loose soil particles 0450.
19:14:26 | INFO: Draco encoder: Encoding mesh Loose soil particles 0451.
19:14:26 | INFO: Draco encoder: Encoding mesh Loose soil particles 0452.
19:14:26 | INFO: Draco encoder: Encoding mesh Loose soil particles 0453.
19:14:26 | INFO: Draco encoder: Encoding mesh Loose soil particles 0454.
19:14:26 | INFO: Draco encoder: Encoding mesh Loose soil particles 0455.
19:14:26 | INFO: Draco encoder: Encoding mesh Loose soil particles 0456.
19:14:26 | INFO: Draco encoder: Encoding mesh Loose soil particles 0457.
19:14:26 | INFO: Draco encoder: Encoding mesh Loose soil particles 0458.
19:14:26 | INFO: Draco encoder: Encoding mesh Loose soil particles 0459.
19:14:26 | INFO: Draco encoder: Encoding mesh Loose soil particles 0460.
19:14:26 | INFO: Draco encoder: Encoding mesh Loose soil particles 0461.
19:14:26 | INFO: Draco encoder: Encoding mesh Loose soil particles 0462.
19:14:26 | INFO: Draco encoder: Encoding mesh Loose soil particles 0463.
19:14:26 | INFO: Draco encoder: Encoding mesh Loose soil particles 0464.
19:14:26 | INFO: Draco encoder: Encoding mesh Loose soil particles 0465.
19:14:26 | INFO: Draco encoder: Encoding mesh Loose soil particles 0466.
19:14:26 | INFO: Draco encoder: Encoding mesh Loose soil particles 0467.
19:14:26 | INFO: Draco encoder: Encoding mesh Loose soil particles 0468.
19:14:26 | INFO: Draco encoder: Encoding mesh Loose soil particles 0469.
19:14:26 | INFO: Draco encoder: Encoding mesh Loose soil particles 0470.
19:14:26 | INFO: Draco encoder: Encoding mesh Loose soil particles 0471.
19:14:26 | INFO: Draco encoder: Encoding mesh Loose soil particles 0472.
19:14:26 | INFO: Draco encoder: Encoding mesh Loose soil particles 0473.
19:14:26 | INFO: Draco encoder: Encoding mesh Loose soil particles 0474.
19:14:26 | INFO: Draco encoder: Encoding mesh Loose soil particles 0475.
19:14:26 | INFO: Draco encoder: Encoding mesh Loose soil particles 0476.
19:14:26 | INFO: Draco encoder: Encoding mesh Loose soil particles 0477.
19:14:26 | INFO: Draco encoder: Encoding mesh Loose soil particles 0478.
19:14:26 | INFO: Draco encoder: Encoding mesh Loose soil particles 0479.
19:14:26 | INFO: Draco encoder: Encoding mesh Loose soil particles 0480.
19:14:26 | INFO: Draco encoder: Encoding mesh Loose soil particles 0481.
19:14:26 | INFO: Draco encoder: Encoding mesh Loose soil particles 0482.
19:14:26 | INFO: Draco encoder: Encoding mesh Loose soil particles 0483.
19:14:26 | INFO: Draco encoder: Encoding mesh Loose soil particles 0484.
19:14:26 | INFO: Draco encoder: Encoding mesh Loose soil particles 0485.
19:14:26 | INFO: Draco encoder: Encoding mesh Loose soil particles 0486.
19:14:26 | INFO: Draco encoder: Encoding mesh Loose soil particles 0487.
19:14:26 | INFO: Draco encoder: Encoding mesh Loose soil particles 0488.
19:14:26 | INFO: Draco encoder: Encoding mesh Loose soil particles 0489.
19:14:26 | INFO: Draco encoder: Encoding mesh Loose soil particles 0490.
19:14:26 | INFO: Draco encoder: Encoding mesh Loose soil particles 0491.
19:14:26 | INFO: Draco encoder: Encoding mesh Loose soil particles 0492.
19:14:26 | INFO: Draco encoder: Encoding mesh Loose soil particles 0493.
19:14:26 | INFO: Draco encoder: Encoding mesh Loose soil particles 0494.
19:14:26 | INFO: Draco encoder: Encoding mesh Loose soil particles 0495.
19:14:26 | INFO: Draco encoder: Encoding mesh Loose soil particles 0496.
19:14:26 | INFO: Draco encoder: Encoding mesh Loose soil particles 0497.
19:14:26 | INFO: Draco encoder: Encoding mesh Loose soil particles 0498.
19:14:26 | INFO: Draco encoder: Encoding mesh Loose soil particles 0499.
19:14:26 | INFO: Draco encoder: Encoding mesh Loose soil particles 0500.
19:14:26 | INFO: Draco encoder: Encoding mesh Loose soil particles 0501.
19:14:26 | INFO: Draco encoder: Encoding mesh Loose soil particles 0502.
19:14:26 | INFO: Draco encoder: Encoding mesh Loose soil particles 0503.
19:14:26 | INFO: Draco encoder: Encoding mesh Loose soil particles 0504.
19:14:26 | INFO: Draco encoder: Encoding mesh Loose soil particles 0505.
19:14:26 | INFO: Draco encoder: Encoding mesh Loose soil particles 0506.
19:14:26 | INFO: Draco encoder: Encoding mesh Loose soil particles 0507.
19:14:26 | INFO: Draco encoder: Encoding mesh Loose soil particles 0508.
19:14:26 | INFO: Draco encoder: Encoding mesh Loose soil particles 0509.
19:14:26 | INFO: Draco encoder: Encoding mesh Loose soil particles 0510.
19:14:26 | INFO: Draco encoder: Encoding mesh Loose soil particles 0511.
19:14:26 | INFO: Draco encoder: Encoding mesh Loose soil particles 0512.
19:14:26 | INFO: Draco encoder: Encoding mesh Loose soil particles 0513.
19:14:26 | INFO: Draco encoder: Encoding mesh Loose soil particles 0514.
19:14:26 | INFO: Draco encoder: Encoding mesh Loose soil particles 0515.
19:14:26 | INFO: Draco encoder: Encoding mesh Loose soil particles 0516.
19:14:26 | INFO: Draco encoder: Encoding mesh Loose soil particles 0517.
19:14:26 | INFO: Draco encoder: Encoding mesh Loose soil particles 0518.
19:14:26 | INFO: Draco encoder: Encoding mesh Loose soil particles 0519.
19:14:26 | INFO: Draco encoder: Encoding mesh Loose soil particles 0520.
19:14:26 | INFO: Draco encoder: Encoding mesh Loose soil particles 0521.
19:14:26 | INFO: Draco encoder: Encoding mesh Loose soil particles 0522.
19:14:26 | INFO: Draco encoder: Encoding mesh Loose soil particles 0523.
19:14:26 | INFO: Draco encoder: Encoding mesh Loose soil particles 0524.
19:14:26 | INFO: Draco encoder: Encoding mesh Loose soil particles 0525.
19:14:26 | INFO: Draco encoder: Encoding mesh Loose soil particles 0526.
19:14:26 | INFO: Draco encoder: Encoding mesh Loose soil particles 0527.
19:14:26 | INFO: Draco encoder: Encoding mesh Loose soil particles 0528.
19:14:26 | INFO: Draco encoder: Encoding mesh Loose soil particles 0529.
19:14:26 | INFO: Draco encoder: Encoding mesh Loose soil particles 0530.
19:14:26 | INFO: Draco encoder: Encoding mesh Loose soil particles 0531.
19:14:26 | INFO: Draco encoder: Encoding mesh Loose soil particles 0532.
19:14:26 | INFO: Draco encoder: Encoding mesh Loose soil particles 0533.
19:14:26 | INFO: Draco encoder: Encoding mesh Loose soil particles 0534.
19:14:26 | INFO: Draco encoder: Encoding mesh Loose soil particles 0535.
19:14:26 | INFO: Draco encoder: Encoding mesh Loose soil particles 0536.
19:14:26 | INFO: Draco encoder: Encoding mesh Loose soil particles 0537.
19:14:26 | INFO: Draco encoder: Encoding mesh Loose soil particles 0538.
19:14:26 | INFO: Draco encoder: Encoding mesh Loose soil particles 0539.
19:14:26 | INFO: Draco encoder: Encoding mesh Loose soil particles 0540.
19:14:26 | INFO: Draco encoder: Encoding mesh Loose soil particles 0541.
19:14:26 | INFO: Draco encoder: Encoding mesh Loose soil particles 0542.
19:14:26 | INFO: Draco encoder: Encoding mesh Loose soil particles 0543.
19:14:26 | INFO: Draco encoder: Encoding mesh Loose soil particles 0544.
19:14:26 | INFO: Draco encoder: Encoding mesh Loose soil particles 0545.
19:14:26 | INFO: Draco encoder: Encoding mesh Loose soil particles 0546.
19:14:26 | INFO: Draco encoder: Encoding mesh Loose soil particles 0547.
19:14:26 | INFO: Draco encoder: Encoding mesh Loose soil particles 0548.
19:14:26 | INFO: Draco encoder: Encoding mesh Loose soil particles 0549.
19:14:26 | INFO: Draco encoder: Encoding mesh Loose soil particles 0550.
19:14:26 | INFO: Draco encoder: Encoding mesh Loose soil particles 0551.
19:14:26 | INFO: Draco encoder: Encoding mesh Loose soil particles 0552.
19:14:26 | INFO: Draco encoder: Encoding mesh Loose soil particles 0553.
19:14:26 | INFO: Draco encoder: Encoding mesh Loose soil particles 0554.
19:14:26 | INFO: Draco encoder: Encoding mesh Loose soil particles 0555.
19:14:26 | INFO: Draco encoder: Encoding mesh Loose soil particles 0556.
19:14:26 | INFO: Draco encoder: Encoding mesh Loose soil particles 0557.
19:14:26 | INFO: Draco encoder: Encoding mesh Loose soil particles 0558.
19:14:26 | INFO: Draco encoder: Encoding mesh Loose soil particles 0559.
19:14:26 | INFO: Draco encoder: Encoding mesh Loose soil particles 0560.
19:14:26 | INFO: Draco encoder: Encoding mesh Loose soil particles 0561.
19:14:26 | INFO: Draco encoder: Encoding mesh Loose soil particles 0562.
19:14:26 | INFO: Draco encoder: Encoding mesh Loose soil particles 0563.
19:14:26 | INFO: Draco encoder: Encoding mesh Loose soil particles 0564.
19:14:26 | INFO: Draco encoder: Encoding mesh Loose soil particles 0565.
19:14:26 | INFO: Draco encoder: Encoding mesh Loose soil particles 0566.
19:14:26 | INFO: Draco encoder: Encoding mesh Loose soil particles 0567.
19:14:26 | INFO: Draco encoder: Encoding mesh Loose soil particles 0568.
19:14:26 | INFO: Draco encoder: Encoding mesh Loose soil particles 0569.
19:14:26 | INFO: Draco encoder: Encoding mesh Loose soil particles 0570.
19:14:26 | INFO: Draco encoder: Encoding mesh Loose soil particles 0571.
19:14:26 | INFO: Draco encoder: Encoding mesh Loose soil particles 0572.
19:14:26 | INFO: Draco encoder: Encoding mesh Loose soil particles 0573.
19:14:26 | INFO: Draco encoder: Encoding mesh Loose soil particles 0574.
19:14:26 | INFO: Draco encoder: Encoding mesh Loose soil particles 0575.
19:14:26 | INFO: Draco encoder: Encoding mesh Loose soil particles 0576.
19:14:26 | INFO: Draco encoder: Encoding mesh Loose soil particles 0577.
19:14:26 | INFO: Draco encoder: Encoding mesh Loose soil particles 0578.
19:14:26 | INFO: Draco encoder: Encoding mesh Loose soil particles 0579.
19:14:26 | INFO: Draco encoder: Encoding mesh Loose soil particles 0580.
19:14:26 | INFO: Draco encoder: Encoding mesh Loose soil particles 0581.
19:14:26 | INFO: Draco encoder: Encoding mesh Loose soil particles 0582.
19:14:26 | INFO: Draco encoder: Encoding mesh Loose soil particles 0583.
19:14:26 | INFO: Draco encoder: Encoding mesh Loose soil particles 0584.
19:14:26 | INFO: Draco encoder: Encoding mesh Loose soil particles 0585.
19:14:26 | INFO: Draco encoder: Encoding mesh Loose soil particles 0586.
19:14:26 | INFO: Draco encoder: Encoding mesh Loose soil particles 0587.
19:14:26 | INFO: Draco encoder: Encoding mesh Loose soil particles 0588.
19:14:26 | INFO: Draco encoder: Encoding mesh Loose soil particles 0589.
19:14:26 | INFO: Draco encoder: Encoding mesh Loose soil particles 0590.
19:14:26 | INFO: Draco encoder: Encoding mesh Loose soil particles 0591.
19:14:26 | INFO: Draco encoder: Encoding mesh Loose soil particles 0592.
19:14:26 | INFO: Draco encoder: Encoding mesh Loose soil particles 0593.
19:14:26 | INFO: Draco encoder: Encoding mesh Loose soil particles 0594.
19:14:26 | INFO: Draco encoder: Encoding mesh Loose soil particles 0595.
19:14:26 | INFO: Draco encoder: Encoding mesh Loose soil particles 0596.
19:14:26 | INFO: Draco encoder: Encoding mesh Loose soil particles 0597.
19:14:26 | INFO: Draco encoder: Encoding mesh Loose soil particles 0598.
19:14:26 | INFO: Draco encoder: Encoding mesh Loose soil particles 0599.
19:14:26 | INFO: Draco encoder: Encoding mesh Loose soil particles 0600.
19:14:26 | INFO: Draco encoder: Encoding mesh Loose soil particles 0601.
19:14:26 | INFO: Draco encoder: Encoding mesh Loose soil particles 0602.
19:14:26 | INFO: Draco encoder: Encoding mesh Loose soil particles 0603.
19:14:26 | INFO: Draco encoder: Encoding mesh Loose soil particles 0604.
19:14:26 | INFO: Draco encoder: Encoding mesh Loose soil particles 0605.
19:14:26 | INFO: Draco encoder: Encoding mesh Loose soil particles 0606.
19:14:26 | INFO: Draco encoder: Encoding mesh Loose soil particles 0607.
19:14:26 | INFO: Draco encoder: Encoding mesh Loose soil particles 0608.
19:14:26 | INFO: Draco encoder: Encoding mesh Loose soil particles 0609.
19:14:26 | INFO: Draco encoder: Encoding mesh Loose soil particles 0610.
19:14:26 | INFO: Draco encoder: Encoding mesh Loose soil particles 0611.
19:14:26 | INFO: Draco encoder: Encoding mesh Loose soil particles 0612.
19:14:26 | INFO: Draco encoder: Encoding mesh Loose soil particles 0613.
19:14:26 | INFO: Draco encoder: Encoding mesh Loose soil particles 0614.
19:14:26 | INFO: Draco encoder: Encoding mesh Loose soil particles 0615.
19:14:26 | INFO: Draco encoder: Encoding mesh Loose soil particles 0616.
19:14:26 | INFO: Draco encoder: Encoding mesh Loose soil particles 0617.
19:14:26 | INFO: Draco encoder: Encoding mesh Loose soil particles 0618.
19:14:26 | INFO: Draco encoder: Encoding mesh Loose soil particles 0619.
19:14:26 | INFO: Draco encoder: Encoding mesh Loose soil particles 0620.
19:14:26 | INFO: Draco encoder: Encoding mesh Loose soil particles 0621.
19:14:26 | INFO: Draco encoder: Encoding mesh Loose soil particles 0622.
19:14:26 | INFO: Draco encoder: Encoding mesh Loose soil particles 0623.
19:14:26 | INFO: Draco encoder: Encoding mesh Loose soil particles 0624.
19:14:26 | INFO: Draco encoder: Encoding mesh Loose soil particles 0625.
19:14:26 | INFO: Draco encoder: Encoding mesh Loose soil particles 0626.
19:14:26 | INFO: Draco encoder: Encoding mesh Loose soil particles 0627.
19:14:26 | INFO: Draco encoder: Encoding mesh Loose soil particles 0628.
19:14:26 | INFO: Draco encoder: Encoding mesh Loose soil particles 0629.
19:14:26 | INFO: Draco encoder: Encoding mesh Loose soil particles 0630.
19:14:26 | INFO: Draco encoder: Encoding mesh Loose soil particles 0631.
19:14:26 | INFO: Draco encoder: Encoding mesh Loose soil particles 0632.
19:14:26 | INFO: Draco encoder: Encoding mesh Loose soil particles 0633.
19:14:26 | INFO: Draco encoder: Encoding mesh Loose soil particles 0634.
19:14:26 | INFO: Draco encoder: Encoding mesh Loose soil particles 0635.
19:14:26 | INFO: Draco encoder: Encoding mesh Loose soil particles 0636.
19:14:26 | INFO: Draco encoder: Encoding mesh Loose soil particles 0637.
19:14:26 | INFO: Draco encoder: Encoding mesh Loose soil particles 0638.
19:14:26 | INFO: Draco encoder: Encoding mesh Loose soil particles 0639.
19:14:26 | INFO: Draco encoder: Encoding mesh Loose soil particles 0640.
19:14:26 | INFO: Draco encoder: Encoding mesh Loose soil particles 0641.
19:14:26 | INFO: Draco encoder: Encoding mesh Loose soil particles 0642.
19:14:26 | INFO: Draco encoder: Encoding mesh Loose soil particles 0643.
19:14:26 | INFO: Draco encoder: Encoding mesh Loose soil particles 0644.
19:14:26 | INFO: Draco encoder: Encoding mesh Loose soil particles 0645.
19:14:26 | INFO: Draco encoder: Encoding mesh Loose soil particles 0646.
19:14:26 | INFO: Draco encoder: Encoding mesh Loose soil particles 0647.
19:14:26 | INFO: Draco encoder: Encoding mesh Loose soil particles 0648.
19:14:26 | INFO: Draco encoder: Encoding mesh Loose soil particles 0649.
19:14:26 | INFO: Draco encoder: Encoding mesh Loose soil particles 0650.
19:14:26 | INFO: Draco encoder: Encoding mesh Loose soil particles 0651.
19:14:26 | INFO: Draco encoder: Encoding mesh Loose soil particles 0652.
19:14:26 | INFO: Draco encoder: Encoding mesh Loose soil particles 0653.
19:14:26 | INFO: Draco encoder: Encoding mesh Loose soil particles 0654.
19:14:26 | INFO: Draco encoder: Encoding mesh Loose soil particles 0655.
19:14:26 | INFO: Draco encoder: Encoding mesh Loose soil particles 0656.
19:14:26 | INFO: Draco encoder: Encoding mesh Loose soil particles 0657.
19:14:26 | INFO: Draco encoder: Encoding mesh Loose soil particles 0658.
19:14:26 | INFO: Draco encoder: Encoding mesh Loose soil particles 0659.
19:14:26 | INFO: Draco encoder: Encoding mesh Loose soil particles 0660.
19:14:26 | INFO: Draco encoder: Encoding mesh Loose soil particles 0661.
19:14:26 | INFO: Draco encoder: Encoding mesh Loose soil particles 0662.
19:14:26 | INFO: Draco encoder: Encoding mesh Loose soil particles 0663.
19:14:26 | INFO: Draco encoder: Encoding mesh Loose soil particles 0664.
19:14:26 | INFO: Draco encoder: Encoding mesh Loose soil particles 0665.
19:14:26 | INFO: Draco encoder: Encoding mesh Loose soil particles 0666.
19:14:26 | INFO: Draco encoder: Encoding mesh Loose soil particles 0667.
19:14:26 | INFO: Draco encoder: Encoding mesh Loose soil particles 0668.
19:14:26 | INFO: Draco encoder: Encoding mesh Loose soil particles 0669.
19:14:26 | INFO: Draco encoder: Encoding mesh Loose soil particles 0670.
19:14:26 | INFO: Draco encoder: Encoding mesh Loose soil particles 0671.
19:14:26 | INFO: Draco encoder: Encoding mesh Loose soil particles 0672.
19:14:26 | INFO: Draco encoder: Encoding mesh Loose soil particles 0673.
19:14:26 | INFO: Draco encoder: Encoding mesh Loose soil particles 0674.
19:14:26 | INFO: Draco encoder: Encoding mesh Loose soil particles 0675.
19:14:26 | INFO: Draco encoder: Encoding mesh Loose soil particles 0676.
19:14:26 | INFO: Draco encoder: Encoding mesh Loose soil particles 0677.
19:14:26 | INFO: Draco encoder: Encoding mesh Loose soil particles 0678.
19:14:26 | INFO: Draco encoder: Encoding mesh Loose soil particles 0679.
19:14:26 | INFO: Draco encoder: Encoding mesh Loose soil particles 0680.
19:14:26 | INFO: Draco encoder: Encoding mesh Loose soil particles 0681.
19:14:26 | INFO: Draco encoder: Encoding mesh Loose soil particles 0682.
19:14:26 | INFO: Draco encoder: Encoding mesh Loose soil particles 0683.
19:14:26 | INFO: Draco encoder: Encoding mesh Loose soil particles 0684.
19:14:26 | INFO: Draco encoder: Encoding mesh Loose soil particles 0685.
19:14:26 | INFO: Draco encoder: Encoding mesh Loose soil particles 0686.
19:14:26 | INFO: Draco encoder: Encoding mesh Loose soil particles 0687.
19:14:26 | INFO: Draco encoder: Encoding mesh Loose soil particles 0688.
19:14:26 | INFO: Draco encoder: Encoding mesh Loose soil particles 0689.
19:14:26 | INFO: Draco encoder: Encoding mesh Loose soil particles 0690.
19:14:26 | INFO: Draco encoder: Encoding mesh Loose soil particles 0691.
19:14:26 | INFO: Draco encoder: Encoding mesh Loose soil particles 0692.
19:14:26 | INFO: Draco encoder: Encoding mesh Loose soil particles 0693.
19:14:26 | INFO: Draco encoder: Encoding mesh Loose soil particles 0694.
19:14:26 | INFO: Draco encoder: Encoding mesh Loose soil particles 0695.
19:14:26 | INFO: Draco encoder: Encoding mesh Loose soil particles 0696.
19:14:26 | INFO: Draco encoder: Encoding mesh Loose soil particles 0697.
19:14:26 | INFO: Draco encoder: Encoding mesh Loose soil particles 0698.
19:14:26 | INFO: Draco encoder: Encoding mesh Loose soil particles 0699.
19:14:26 | INFO: Draco encoder: Encoding mesh Loose soil particles 0700.
19:14:26 | INFO: Draco encoder: Encoding mesh Loose soil particles 0701.
19:14:26 | INFO: Draco encoder: Encoding mesh Loose soil particles 0702.
19:14:26 | INFO: Draco encoder: Encoding mesh Loose soil particles 0703.
19:14:26 | INFO: Draco encoder: Encoding mesh Loose soil particles 0704.
19:14:26 | INFO: Draco encoder: Encoding mesh Loose soil particles 0705.
19:14:26 | INFO: Draco encoder: Encoding mesh Loose soil particles 0706.
19:14:26 | INFO: Draco encoder: Encoding mesh Loose soil particles 0707.
19:14:26 | INFO: Draco encoder: Encoding mesh Loose soil particles 0708.
19:14:26 | INFO: Draco encoder: Encoding mesh Loose soil particles 0709.
19:14:26 | INFO: Draco encoder: Encoding mesh Loose soil particles 0710.
19:14:26 | INFO: Draco encoder: Encoding mesh Loose soil particles 0711.
19:14:26 | INFO: Draco encoder: Encoding mesh Loose soil particles 0712.
19:14:26 | INFO: Draco encoder: Encoding mesh Loose soil particles 0713.
19:14:26 | INFO: Draco encoder: Encoding mesh Loose soil particles 0714.
19:14:26 | INFO: Draco encoder: Encoding mesh Loose soil particles 0715.
19:14:26 | INFO: Draco encoder: Encoding mesh Loose soil particles 0716.
19:14:26 | INFO: Draco encoder: Encoding mesh Loose soil particles 0717.
19:14:26 | INFO: Draco encoder: Encoding mesh Loose soil particles 0718.
19:14:26 | INFO: Draco encoder: Encoding mesh Loose soil particles 0719.
19:14:26 | INFO: Draco encoder: Encoding mesh Loose soil particles 0720.
19:14:26 | INFO: Draco encoder: Encoding mesh Loose soil particles 0721.
19:14:26 | INFO: Draco encoder: Encoding mesh Loose soil particles 0722.
19:14:26 | INFO: Draco encoder: Encoding mesh Loose soil particles 0723.
19:14:26 | INFO: Draco encoder: Encoding mesh Loose soil particles 0724.
19:14:26 | INFO: Draco encoder: Encoding mesh Loose soil particles 0725.
19:14:26 | INFO: Draco encoder: Encoding mesh Loose soil particles 0726.
19:14:26 | INFO: Draco encoder: Encoding mesh Loose soil particles 0727.
19:14:26 | INFO: Draco encoder: Encoding mesh Loose soil particles 0728.
19:14:26 | INFO: Draco encoder: Encoding mesh Loose soil particles 0729.
19:14:26 | INFO: Draco encoder: Encoding mesh Loose soil particles 0730.
19:14:26 | INFO: Draco encoder: Encoding mesh Loose soil particles 0731.
19:14:26 | INFO: Draco encoder: Encoding mesh Loose soil particles 0732.
19:14:26 | INFO: Draco encoder: Encoding mesh Loose soil particles 0733.
19:14:26 | INFO: Draco encoder: Encoding mesh Loose soil particles 0734.
19:14:26 | INFO: Draco encoder: Encoding mesh Loose soil particles 0735.
19:14:26 | INFO: Draco encoder: Encoding mesh Loose soil particles 0736.
19:14:26 | INFO: Draco encoder: Encoding mesh Loose soil particles 0737.
19:14:26 | INFO: Draco encoder: Encoding mesh Loose soil particles 0738.
19:14:26 | INFO: Draco encoder: Encoding mesh Loose soil particles 0739.
19:14:26 | INFO: Draco encoder: Encoding mesh Loose soil particles 0740.
19:14:26 | INFO: Draco encoder: Encoding mesh Loose soil particles 0741.
19:14:26 | INFO: Draco encoder: Encoding mesh Loose soil particles 0742.
19:14:26 | INFO: Draco encoder: Encoding mesh Loose soil particles 0743.
19:14:26 | INFO: Draco encoder: Encoding mesh Loose soil particles 0744.
19:14:26 | INFO: Draco encoder: Encoding mesh Loose soil particles 0745.
19:14:26 | INFO: Draco encoder: Encoding mesh Loose soil particles 0746.
19:14:26 | INFO: Draco encoder: Encoding mesh Loose soil particles 0747.
19:14:26 | INFO: Draco encoder: Encoding mesh Loose soil particles 0748.
19:14:26 | INFO: Draco encoder: Encoding mesh Loose soil particles 0749.
19:14:26 | INFO: Draco encoder: Encoding mesh Loose soil particles 0750.
19:14:26 | INFO: Draco encoder: Encoding mesh Loose soil particles 0751.
19:14:26 | INFO: Draco encoder: Encoding mesh Loose soil particles 0752.
19:14:26 | INFO: Draco encoder: Encoding mesh Loose soil particles 0753.
19:14:26 | INFO: Draco encoder: Encoding mesh Loose soil particles 0754.
19:14:26 | INFO: Draco encoder: Encoding mesh Loose soil particles 0755.
19:14:26 | INFO: Draco encoder: Encoding mesh Loose soil particles 0756.
19:14:26 | INFO: Draco encoder: Encoding mesh Loose soil particles 0757.
19:14:26 | INFO: Draco encoder: Encoding mesh Loose soil particles 0758.
19:14:26 | INFO: Draco encoder: Encoding mesh Loose soil particles 0759.
19:14:26 | INFO: Draco encoder: Encoding mesh Loose soil particles 0760.
19:14:26 | INFO: Draco encoder: Encoding mesh Loose soil particles 0761.
19:14:26 | INFO: Draco encoder: Encoding mesh Loose soil particles 0762.
19:14:26 | INFO: Draco encoder: Encoding mesh Loose soil particles 0763.
19:14:26 | INFO: Draco encoder: Encoding mesh Loose soil particles 0764.
19:14:26 | INFO: Draco encoder: Encoding mesh Loose soil particles 0765.
19:14:26 | INFO: Draco encoder: Encoding mesh Loose soil particles 0766.
19:14:26 | INFO: Draco encoder: Encoding mesh Loose soil particles 0767.
19:14:26 | INFO: Draco encoder: Encoding mesh Loose soil particles 0768.
19:14:26 | INFO: Draco encoder: Encoding mesh Loose soil particles 0769.
19:14:26 | INFO: Draco encoder: Encoding mesh Loose soil particles 0770.
19:14:26 | INFO: Draco encoder: Encoding mesh Loose soil particles 0771.
19:14:26 | INFO: Draco encoder: Encoding mesh Loose soil particles 0772.
19:14:26 | INFO: Draco encoder: Encoding mesh Loose soil particles 0773.
19:14:26 | INFO: Draco encoder: Encoding mesh Loose soil particles 0774.
19:14:26 | INFO: Draco encoder: Encoding mesh Loose soil particles 0775.
19:14:26 | INFO: Draco encoder: Encoding mesh Loose soil particles 0776.
19:14:26 | INFO: Draco encoder: Encoding mesh Loose soil particles 0777.
19:14:26 | INFO: Draco encoder: Encoding mesh Loose soil particles 0778.
19:14:26 | INFO: Draco encoder: Encoding mesh Loose soil particles 0779.
19:14:26 | INFO: Draco encoder: Encoding mesh Loose soil particles 0780.
19:14:26 | INFO: Draco encoder: Encoding mesh Loose soil particles 0781.
19:14:26 | INFO: Draco encoder: Encoding mesh Loose soil particles 0782.
19:14:26 | INFO: Draco encoder: Encoding mesh Loose soil particles 0783.
19:14:26 | INFO: Draco encoder: Encoding mesh Loose soil particles 0784.
19:14:26 | INFO: Draco encoder: Encoding mesh Loose soil particles 0785.
19:14:26 | INFO: Draco encoder: Encoding mesh Loose soil particles 0786.
19:14:26 | INFO: Draco encoder: Encoding mesh Loose soil particles 0787.
19:14:26 | INFO: Draco encoder: Encoding mesh Loose soil particles 0788.
19:14:26 | INFO: Draco encoder: Encoding mesh Loose soil particles 0789.
19:14:26 | INFO: Draco encoder: Encoding mesh Loose soil particles 0790.
19:14:26 | INFO: Draco encoder: Encoding mesh Loose soil particles 0791.
19:14:26 | INFO: Draco encoder: Encoding mesh Loose soil particles 0792.
19:14:26 | INFO: Draco encoder: Encoding mesh Loose soil particles 0793.
19:14:26 | INFO: Draco encoder: Encoding mesh Loose soil particles 0794.
19:14:26 | INFO: Draco encoder: Encoding mesh Loose soil particles 0795.
19:14:26 | INFO: Draco encoder: Encoding mesh Loose soil particles 0796.
19:14:26 | INFO: Draco encoder: Encoding mesh Loose soil particles 0797.
19:14:26 | INFO: Draco encoder: Encoding mesh Loose soil particles 0798.
19:14:26 | INFO: Draco encoder: Encoding mesh Loose soil particles 0799.
19:14:26 | INFO: Draco encoder: Encoding mesh Loose soil particles 0800.
19:14:26 | INFO: Draco encoder: Encoding mesh Loose soil particles 0801.
19:14:26 | INFO: Draco encoder: Encoding mesh Loose soil particles 0802.
19:14:26 | INFO: Draco encoder: Encoding mesh Loose soil particles 0803.
19:14:26 | INFO: Draco encoder: Encoding mesh Loose soil particles 0804.
19:14:26 | INFO: Draco encoder: Encoding mesh Loose soil particles 0805.
19:14:26 | INFO: Draco encoder: Encoding mesh Loose soil particles 0806.
19:14:26 | INFO: Draco encoder: Encoding mesh Loose soil particles 0807.
19:14:26 | INFO: Draco encoder: Encoding mesh Loose soil particles 0808.
19:14:26 | INFO: Draco encoder: Encoding mesh Loose soil particles 0809.
19:14:26 | INFO: Draco encoder: Encoding mesh Loose soil particles 0810.
19:14:26 | INFO: Draco encoder: Encoding mesh Loose soil particles 0811.
19:14:26 | INFO: Draco encoder: Encoding mesh Loose soil particles 0812.
19:14:26 | INFO: Draco encoder: Encoding mesh Loose soil particles 0813.
19:14:26 | INFO: Draco encoder: Encoding mesh Loose soil particles 0814.
19:14:26 | INFO: Draco encoder: Encoding mesh Loose soil particles 0815.
19:14:26 | INFO: Draco encoder: Encoding mesh Loose soil particles 0816.
19:14:26 | INFO: Draco encoder: Encoding mesh Loose soil particles 0817.
19:14:26 | INFO: Draco encoder: Encoding mesh Loose soil particles 0818.
19:14:26 | INFO: Draco encoder: Encoding mesh Loose soil particles 0819.
19:14:26 | INFO: Draco encoder: Encoding mesh Loose soil particles 0820.
19:14:26 | INFO: Draco encoder: Encoding mesh Loose soil particles 0821.
19:14:26 | INFO: Draco encoder: Encoding mesh Loose soil particles 0822.
19:14:26 | INFO: Draco encoder: Encoding mesh Loose soil particles 0823.
19:14:26 | INFO: Draco encoder: Encoding mesh Loose soil particles 0824.
19:14:26 | INFO: Draco encoder: Encoding mesh Loose soil particles 0825.
19:14:26 | INFO: Draco encoder: Encoding mesh Loose soil particles 0826.
19:14:26 | INFO: Draco encoder: Encoding mesh Loose soil particles 0827.
19:14:26 | INFO: Draco encoder: Encoding mesh Loose soil particles 0828.
19:14:26 | INFO: Draco encoder: Encoding mesh Loose soil particles 0829.
19:14:26 | INFO: Draco encoder: Encoding mesh Loose soil particles 0830.
19:14:26 | INFO: Draco encoder: Encoding mesh Loose soil particles 0831.
19:14:26 | INFO: Draco encoder: Encoding mesh Loose soil particles 0832.
19:14:26 | INFO: Draco encoder: Encoding mesh Loose soil particles 0833.
19:14:26 | INFO: Draco encoder: Encoding mesh Loose soil particles 0834.
19:14:26 | INFO: Draco encoder: Encoding mesh Loose soil particles 0835.
19:14:26 | INFO: Draco encoder: Encoding mesh Loose soil particles 0836.
19:14:26 | INFO: Draco encoder: Encoding mesh Loose soil particles 0837.
19:14:26 | INFO: Draco encoder: Encoding mesh Loose soil particles 0838.
19:14:26 | INFO: Draco encoder: Encoding mesh Loose soil particles 0839.
19:14:26 | INFO: Draco encoder: Encoding mesh Loose soil particles 0840.
19:14:26 | INFO: Draco encoder: Encoding mesh Loose soil particles 0841.
19:14:26 | INFO: Draco encoder: Encoding mesh Loose soil particles 0842.
19:14:26 | INFO: Draco encoder: Encoding mesh Loose soil particles 0843.
19:14:26 | INFO: Draco encoder: Encoding mesh Loose soil particles 0844.
19:14:26 | INFO: Draco encoder: Encoding mesh Loose soil particles 0845.
19:14:26 | INFO: Draco encoder: Encoding mesh Loose soil particles 0846.
19:14:26 | INFO: Draco encoder: Encoding mesh Loose soil particles 0847.
19:14:26 | INFO: Draco encoder: Encoding mesh Loose soil particles 0848.
19:14:26 | INFO: Draco encoder: Encoding mesh Loose soil particles 0849.
19:14:26 | INFO: Draco encoder: Encoding mesh Loose soil particles 0850.
19:14:26 | INFO: Draco encoder: Encoding mesh Loose soil particles 0851.
19:14:26 | INFO: Draco encoder: Encoding mesh Loose soil particles 0852.
19:14:26 | INFO: Draco encoder: Encoding mesh Loose soil particles 0853.
19:14:26 | INFO: Draco encoder: Encoding mesh Loose soil particles 0854.
19:14:26 | INFO: Draco encoder: Encoding mesh Loose soil particles 0855.
19:14:26 | INFO: Draco encoder: Encoding mesh Loose soil particles 0856.
19:14:26 | INFO: Draco encoder: Encoding mesh Loose soil particles 0857.
19:14:26 | INFO: Draco encoder: Encoding mesh Loose soil particles 0858.
19:14:26 | INFO: Draco encoder: Encoding mesh Loose soil particles 0859.
19:14:26 | INFO: Draco encoder: Encoding mesh Loose soil particles 0860.
19:14:26 | INFO: Draco encoder: Encoding mesh Loose soil particles 0861.
19:14:26 | INFO: Draco encoder: Encoding mesh Loose soil particles 0862.
19:14:26 | INFO: Draco encoder: Encoding mesh Loose soil particles 0863.
19:14:26 | INFO: Draco encoder: Encoding mesh Loose soil particles 0864.
19:14:26 | INFO: Draco encoder: Encoding mesh Loose soil particles 0865.
19:14:26 | INFO: Draco encoder: Encoding mesh Loose soil particles 0866.
19:14:26 | INFO: Draco encoder: Encoding mesh Loose soil particles 0867.
19:14:26 | INFO: Draco encoder: Encoding mesh Loose soil particles 0868.
19:14:26 | INFO: Draco encoder: Encoding mesh Loose soil particles 0869.
19:14:26 | INFO: Draco encoder: Encoding mesh Loose soil particles 0870.
19:14:26 | INFO: Draco encoder: Encoding mesh Loose soil particles 0871.
19:14:26 | INFO: Draco encoder: Encoding mesh Loose soil particles 0872.
19:14:26 | INFO: Draco encoder: Encoding mesh Loose soil particles 0873.
19:14:26 | INFO: Draco encoder: Encoding mesh Loose soil particles 0874.
19:14:26 | INFO: Draco encoder: Encoding mesh Loose soil particles 0875.
19:14:26 | INFO: Draco encoder: Encoding mesh Loose soil particles 0876.
19:14:26 | INFO: Draco encoder: Encoding mesh Loose soil particles 0877.
19:14:26 | INFO: Draco encoder: Encoding mesh Loose soil particles 0878.
19:14:26 | INFO: Draco encoder: Encoding mesh Loose soil particles 0879.
19:14:26 | INFO: Draco encoder: Encoding mesh Loose soil particles 0880.
19:14:26 | INFO: Draco encoder: Encoding mesh Loose soil particles 0881.
19:14:26 | INFO: Draco encoder: Encoding mesh Loose soil particles 0882.
19:14:26 | INFO: Draco encoder: Encoding mesh Loose soil particles 0883.
19:14:26 | INFO: Draco encoder: Encoding mesh Loose soil particles 0884.
19:14:26 | INFO: Draco encoder: Encoding mesh Loose soil particles 0885.
19:14:26 | INFO: Draco encoder: Encoding mesh Loose soil particles 0886.
19:14:26 | INFO: Draco encoder: Encoding mesh Loose soil particles 0887.
19:14:26 | INFO: Draco encoder: Encoding mesh Loose soil particles 0888.
19:14:26 | INFO: Draco encoder: Encoding mesh Loose soil particles 0889.
19:14:26 | INFO: Draco encoder: Encoding mesh Loose soil particles 0890.
19:14:26 | INFO: Draco encoder: Encoding mesh Loose soil particles 0891.
19:14:26 | INFO: Draco encoder: Encoding mesh Loose soil particles 0892.
19:14:26 | INFO: Draco encoder: Encoding mesh Loose soil particles 0893.
19:14:26 | INFO: Draco encoder: Encoding mesh Loose soil particles 0894.
19:14:26 | INFO: Draco encoder: Encoding mesh Loose soil particles 0895.
19:14:26 | INFO: Draco encoder: Encoding mesh Loose soil particles 0896.
19:14:26 | INFO: Draco encoder: Encoding mesh Loose soil particles 0897.
19:14:26 | INFO: Draco encoder: Encoding mesh Loose soil particles 0898.
19:14:26 | INFO: Draco encoder: Encoding mesh Loose soil particles 0899.
19:14:26 | INFO: Draco encoder: Encoding mesh Loose soil particles 0900.
19:14:26 | INFO: Draco encoder: Encoding mesh Loose soil particles 0901.
19:14:26 | INFO: Draco encoder: Encoding mesh Loose soil particles 0902.
19:14:26 | INFO: Draco encoder: Encoding mesh Loose soil particles 0903.
19:14:26 | INFO: Draco encoder: Encoding mesh Loose soil particles 0904.
19:14:26 | INFO: Draco encoder: Encoding mesh Loose soil particles 0905.
19:14:26 | INFO: Draco encoder: Encoding mesh Loose soil particles 0906.
19:14:26 | INFO: Draco encoder: Encoding mesh Loose soil particles 0907.
19:14:26 | INFO: Draco encoder: Encoding mesh Loose soil particles 0908.
19:14:26 | INFO: Draco encoder: Encoding mesh Loose soil particles 0909.
19:14:26 | INFO: Draco encoder: Encoding mesh Loose soil particles 0910.
19:14:26 | INFO: Draco encoder: Encoding mesh Loose soil particles 0911.
19:14:26 | INFO: Draco encoder: Encoding mesh Loose soil particles 0912.
19:14:26 | INFO: Draco encoder: Encoding mesh Loose soil particles 0913.
19:14:26 | INFO: Draco encoder: Encoding mesh Loose soil particles 0914.
19:14:26 | INFO: Draco encoder: Encoding mesh Loose soil particles 0915.
19:14:26 | INFO: Draco encoder: Encoding mesh Loose soil particles 0916.
19:14:26 | INFO: Draco encoder: Encoding mesh Loose soil particles 0917.
19:14:26 | INFO: Draco encoder: Encoding mesh Loose soil particles 0918.
19:14:26 | INFO: Draco encoder: Encoding mesh Loose soil particles 0919.
19:14:26 | INFO: Draco encoder: Encoding mesh Loose soil particles 0920.
19:14:26 | INFO: Draco encoder: Encoding mesh Loose soil particles 0921.
19:14:26 | INFO: Draco encoder: Encoding mesh Loose soil particles 0922.
19:14:26 | INFO: Draco encoder: Encoding mesh Loose soil particles 0923.
19:14:26 | INFO: Draco encoder: Encoding mesh Loose soil particles 0924.
19:14:26 | INFO: Draco encoder: Encoding mesh Loose soil particles 0925.
19:14:26 | INFO: Draco encoder: Encoding mesh Loose soil particles 0926.
19:14:26 | INFO: Draco encoder: Encoding mesh Loose soil particles 0927.
19:14:26 | INFO: Draco encoder: Encoding mesh Loose soil particles 0928.
19:14:26 | INFO: Draco encoder: Encoding mesh Loose soil particles 0929.
19:14:26 | INFO: Draco encoder: Encoding mesh Loose soil particles 0930.
19:14:26 | INFO: Draco encoder: Encoding mesh Loose soil particles 0931.
19:14:26 | INFO: Draco encoder: Encoding mesh Loose soil particles 0932.
19:14:26 | INFO: Draco encoder: Encoding mesh Loose soil particles 0933.
19:14:26 | INFO: Draco encoder: Encoding mesh Loose soil particles 0934.
19:14:26 | INFO: Draco encoder: Encoding mesh Loose soil particles 0935.
19:14:26 | INFO: Draco encoder: Encoding mesh Loose soil particles 0936.
19:14:26 | INFO: Draco encoder: Encoding mesh Loose soil particles 0937.
19:14:26 | INFO: Draco encoder: Encoding mesh Loose soil particles 0938.
19:14:26 | INFO: Draco encoder: Encoding mesh Loose soil particles 0939.
19:14:26 | INFO: Draco encoder: Encoding mesh Loose soil particles 0940.
19:14:26 | INFO: Draco encoder: Encoding mesh Loose soil particles 0941.
19:14:26 | INFO: Draco encoder: Encoding mesh Loose soil particles 0942.
19:14:26 | INFO: Draco encoder: Encoding mesh Loose soil particles 0943.
19:14:26 | INFO: Draco encoder: Encoding mesh Loose soil particles 0944.
19:14:26 | INFO: Draco encoder: Encoding mesh Loose soil particles 0945.
19:14:26 | INFO: Draco encoder: Encoding mesh Loose soil particles 0946.
19:14:26 | INFO: Draco encoder: Encoding mesh Loose soil particles 0947.
19:14:26 | INFO: Draco encoder: Encoding mesh Loose soil particles 0948.
19:14:26 | INFO: Draco encoder: Encoding mesh Loose soil particles 0949.
19:14:26 | INFO: Draco encoder: Encoding mesh Loose soil particles 0950.
19:14:26 | INFO: Draco encoder: Encoding mesh Loose soil particles 0951.
19:14:26 | INFO: Draco encoder: Encoding mesh Loose soil particles 0952.
19:14:26 | INFO: Draco encoder: Encoding mesh Loose soil particles 0953.
19:14:26 | INFO: Draco encoder: Encoding mesh Loose soil particles 0954.
19:14:26 | INFO: Draco encoder: Encoding mesh Loose soil particles 0955.
19:14:26 | INFO: Draco encoder: Encoding mesh Loose soil particles 0956.
19:14:26 | INFO: Draco encoder: Encoding mesh Loose soil particles 0957.
19:14:26 | INFO: Draco encoder: Encoding mesh Loose soil particles 0958.
19:14:26 | INFO: Draco encoder: Encoding mesh Loose soil particles 0959.
19:14:26 | INFO: Draco encoder: Encoding mesh Loose soil particles 0960.
19:14:26 | INFO: Draco encoder: Encoding mesh Loose soil particles 0961.
19:14:26 | INFO: Draco encoder: Encoding mesh Loose soil particles 0962.
19:14:26 | INFO: Draco encoder: Encoding mesh Loose soil particles 0963.
19:14:26 | INFO: Draco encoder: Encoding mesh Loose soil particles 0964.
19:14:26 | INFO: Draco encoder: Encoding mesh Loose soil particles 0965.
19:14:26 | INFO: Draco encoder: Encoding mesh Loose soil particles 0966.
19:14:26 | INFO: Draco encoder: Encoding mesh Loose soil particles 0967.
19:14:26 | INFO: Draco encoder: Encoding mesh Loose soil particles 0968.
19:14:26 | INFO: Draco encoder: Encoding mesh Loose soil particles 0969.
19:14:26 | INFO: Draco encoder: Encoding mesh Loose soil particles 0970.
19:14:26 | INFO: Draco encoder: Encoding mesh Loose soil particles 0971.
19:14:26 | INFO: Draco encoder: Encoding mesh Loose soil particles 0972.
19:14:26 | INFO: Draco encoder: Encoding mesh Loose soil particles 0973.
19:14:26 | INFO: Draco encoder: Encoding mesh Loose soil particles 0974.
19:14:26 | INFO: Draco encoder: Encoding mesh Loose soil particles 0975.
19:14:26 | INFO: Draco encoder: Encoding mesh Loose soil particles 0976.
19:14:26 | INFO: Draco encoder: Encoding mesh Loose soil particles 0977.
19:14:26 | INFO: Draco encoder: Encoding mesh Loose soil particles 0978.
19:14:26 | INFO: Draco encoder: Encoding mesh Loose soil particles 0979.
19:14:26 | INFO: Draco encoder: Encoding mesh Loose soil particles 0980.
19:14:26 | INFO: Draco encoder: Encoding mesh Loose soil particles 0981.
19:14:26 | INFO: Draco encoder: Encoding mesh Loose soil particles 0982.
19:14:26 | INFO: Draco encoder: Encoding mesh Loose soil particles 0983.
19:14:26 | INFO: Draco encoder: Encoding mesh Loose soil particles 0984.
19:14:26 | INFO: Draco encoder: Encoding mesh Loose soil particles 0985.
19:14:26 | INFO: Draco encoder: Encoding mesh Loose soil particles 0986.
19:14:26 | INFO: Draco encoder: Encoding mesh Loose soil particles 0987.
19:14:26 | INFO: Draco encoder: Encoding mesh Loose soil particles 0988.
19:14:26 | INFO: Draco encoder: Encoding mesh Loose soil particles 0989.
19:14:26 | INFO: Draco encoder: Encoding mesh Loose soil particles 0990.
19:14:26 | INFO: Draco encoder: Encoding mesh Loose soil particles 0991.
19:14:26 | INFO: Draco encoder: Encoding mesh Loose soil particles 0992.
19:14:26 | INFO: Draco encoder: Encoding mesh Loose soil particles 0993.
19:14:26 | INFO: Draco encoder: Encoding mesh Loose soil particles 0994.
19:14:26 | INFO: Draco encoder: Encoding mesh Loose soil particles 0995.
19:14:26 | INFO: Draco encoder: Encoding mesh Loose soil particles 0996.
19:14:26 | INFO: Draco encoder: Encoding mesh Loose soil particles 0997.
19:14:26 | INFO: Draco encoder: Encoding mesh Loose soil particles 0998.
19:14:26 | INFO: Draco encoder: Encoding mesh Loose soil particles 0999.
19:14:26 | INFO: Draco encoder: Encoding mesh Loose soil particles 1000.
19:14:26 | INFO: Draco encoder: Encoding mesh Loose soil particles 1001.
19:14:26 | INFO: Draco encoder: Encoding mesh Loose soil particles 1002.
19:14:26 | INFO: Draco encoder: Encoding mesh Loose soil particles 1003.
19:14:26 | INFO: Draco encoder: Encoding mesh Loose soil particles 1004.
19:14:26 | INFO: Draco encoder: Encoding mesh Loose soil particles 1005.
19:14:26 | INFO: Draco encoder: Encoding mesh Loose soil particles 1006.
19:14:26 | INFO: Draco encoder: Encoding mesh Loose soil particles 1007.
19:14:26 | INFO: Draco encoder: Encoding mesh Loose soil particles 1008.
19:14:26 | INFO: Draco encoder: Encoding mesh Loose soil particles 1009.
19:14:26 | INFO: Draco encoder: Encoding mesh Loose soil particles 1010.
19:14:26 | INFO: Draco encoder: Encoding mesh Loose soil particles 1011.
19:14:26 | INFO: Draco encoder: Encoding mesh Loose soil particles 1012.
19:14:26 | INFO: Draco encoder: Encoding mesh Loose soil particles 1013.
19:14:26 | INFO: Draco encoder: Encoding mesh Loose soil particles 1014.
19:14:26 | INFO: Draco encoder: Encoding mesh Loose soil particles 1015.
19:14:26 | INFO: Draco encoder: Encoding mesh Loose soil particles 1016.
19:14:26 | INFO: Draco encoder: Encoding mesh Loose soil particles 1017.
19:14:26 | INFO: Draco encoder: Encoding mesh Loose soil particles 1018.
19:14:26 | INFO: Draco encoder: Encoding mesh Loose soil particles 1019.
19:14:26 | INFO: Draco encoder: Encoding mesh Loose soil particles 1020.
19:14:26 | INFO: Draco encoder: Encoding mesh Loose soil particles 1021.
19:14:26 | INFO: Draco encoder: Encoding mesh Loose soil particles 1022.
19:14:26 | INFO: Draco encoder: Encoding mesh Loose soil particles 1023.
19:14:26 | INFO: Draco encoder: Encoding mesh Loose soil particles 1024.
19:14:26 | INFO: Draco encoder: Encoding mesh Loose soil particles 1025.
19:14:26 | INFO: Draco encoder: Encoding mesh Loose soil particles 1026.
19:14:26 | INFO: Draco encoder: Encoding mesh Loose soil particles 1027.
19:14:26 | INFO: Draco encoder: Encoding mesh Loose soil particles 1028.
19:14:26 | INFO: Draco encoder: Encoding mesh Loose soil particles 1029.
19:14:26 | INFO: Draco encoder: Encoding mesh Loose soil particles 1030.
19:14:26 | INFO: Draco encoder: Encoding mesh Loose soil particles 1031.
19:14:26 | INFO: Draco encoder: Encoding mesh Loose soil particles 1032.
19:14:26 | INFO: Draco encoder: Encoding mesh Loose soil particles 1033.
19:14:26 | INFO: Draco encoder: Encoding mesh Loose soil particles 1034.
19:14:26 | INFO: Draco encoder: Encoding mesh Loose soil particles 1035.
19:14:26 | INFO: Draco encoder: Encoding mesh Loose soil particles 1036.
19:14:26 | INFO: Draco encoder: Encoding mesh Loose soil particles 1037.
19:14:26 | INFO: Draco encoder: Encoding mesh Loose soil particles 1038.
19:14:26 | INFO: Draco encoder: Encoding mesh Loose soil particles 1039.
19:14:26 | INFO: Draco encoder: Encoding mesh Loose soil particles 1040.
19:14:26 | INFO: Draco encoder: Encoding mesh Loose soil particles 1041.
19:14:26 | INFO: Draco encoder: Encoding mesh Loose soil particles 1042.
19:14:26 | INFO: Draco encoder: Encoding mesh Loose soil particles 1043.
19:14:26 | INFO: Draco encoder: Encoding mesh Loose soil particles 1044.
19:14:26 | INFO: Draco encoder: Encoding mesh Loose soil particles 1045.
19:14:26 | INFO: Draco encoder: Encoding mesh Loose soil particles 1046.
19:14:26 | INFO: Draco encoder: Encoding mesh Loose soil particles 1047.
19:14:26 | INFO: Draco encoder: Encoding mesh Loose soil particles 1048.
19:14:26 | INFO: Draco encoder: Encoding mesh Loose soil particles 1049.
19:14:26 | INFO: Draco encoder: Encoding mesh Loose soil particles 1050.
19:14:26 | INFO: Draco encoder: Encoding mesh Loose soil particles 1051.
19:14:26 | INFO: Draco encoder: Encoding mesh Loose soil particles 1052.
19:14:26 | INFO: Draco encoder: Encoding mesh Loose soil particles 1053.
19:14:26 | INFO: Draco encoder: Encoding mesh Loose soil particles 1054.
19:14:26 | INFO: Draco encoder: Encoding mesh Loose soil particles 1055.
19:14:26 | INFO: Draco encoder: Encoding mesh Loose soil particles 1056.
19:14:26 | INFO: Draco encoder: Encoding mesh Loose soil particles 1057.
19:14:26 | INFO: Draco encoder: Encoding mesh Loose soil particles 1058.
19:14:26 | INFO: Draco encoder: Encoding mesh Loose soil particles 1059.
19:14:26 | INFO: Draco encoder: Encoding mesh Loose soil particles 1060.
19:14:26 | INFO: Draco encoder: Encoding mesh Loose soil particles 1061.
19:14:26 | INFO: Draco encoder: Encoding mesh Loose soil particles 1062.
19:14:26 | INFO: Draco encoder: Encoding mesh Loose soil particles 1063.
19:14:26 | INFO: Draco encoder: Encoding mesh Loose soil particles 1064.
19:14:26 | INFO: Draco encoder: Encoding mesh Loose soil particles 1065.
19:14:26 | INFO: Draco encoder: Encoding mesh Loose soil particles 1066.
19:14:26 | INFO: Draco encoder: Encoding mesh Loose soil particles 1067.
19:14:26 | INFO: Draco encoder: Encoding mesh Loose soil particles 1068.
19:14:26 | INFO: Draco encoder: Encoding mesh Loose soil particles 1069.
19:14:26 | INFO: Draco encoder: Encoding mesh Loose soil particles 1070.
19:14:26 | INFO: Draco encoder: Encoding mesh Loose soil particles 1071.
19:14:26 | INFO: Draco encoder: Encoding mesh Loose soil particles 1072.
19:14:26 | INFO: Draco encoder: Encoding mesh Loose soil particles 1073.
19:14:26 | INFO: Draco encoder: Encoding mesh Loose soil particles 1074.
19:14:26 | INFO: Draco encoder: Encoding mesh Loose soil particles 1075.
19:14:26 | INFO: Draco encoder: Encoding mesh Loose soil particles 1076.
19:14:26 | INFO: Draco encoder: Encoding mesh Loose soil particles 1077.
19:14:26 | INFO: Draco encoder: Encoding mesh Loose soil particles 1078.
19:14:26 | INFO: Draco encoder: Encoding mesh Loose soil particles 1079.
19:14:26 | INFO: Draco encoder: Encoding mesh Loose soil particles 1080.
19:14:26 | INFO: Draco encoder: Encoding mesh Loose soil particles 1081.
19:14:26 | INFO: Draco encoder: Encoding mesh Loose soil particles 1082.
19:14:26 | INFO: Draco encoder: Encoding mesh Loose soil particles 1083.
19:14:26 | INFO: Draco encoder: Encoding mesh Loose soil particles 1084.
19:14:26 | INFO: Draco encoder: Encoding mesh Loose soil particles 1085.
19:14:26 | INFO: Draco encoder: Encoding mesh Loose soil particles 1086.
19:14:26 | INFO: Draco encoder: Encoding mesh Loose soil particles 1087.
19:14:26 | INFO: Draco encoder: Encoding mesh Loose soil particles 1088.
19:14:26 | INFO: Draco encoder: Encoding mesh Loose soil particles 1089.
19:14:26 | INFO: Draco encoder: Encoding mesh Loose soil particles 1090.
19:14:26 | INFO: Draco encoder: Encoding mesh Loose soil particles 1091.
19:14:26 | INFO: Draco encoder: Encoding mesh Loose soil particles 1092.
19:14:26 | INFO: Draco encoder: Encoding mesh Loose soil particles 1093.
19:14:26 | INFO: Draco encoder: Encoding mesh Loose soil particles 1094.
19:14:26 | INFO: Draco encoder: Encoding mesh Loose soil particles 1095.
19:14:26 | INFO: Draco encoder: Encoding mesh Loose soil particles 1096.
19:14:26 | INFO: Draco encoder: Encoding mesh Loose soil particles 1097.
19:14:26 | INFO: Draco encoder: Encoding mesh Loose soil particles 1098.
19:14:26 | INFO: Draco encoder: Encoding mesh Loose soil particles 1099.
19:14:26 | INFO: Draco encoder: Encoding mesh Loose soil particles 1100.
19:14:26 | INFO: Draco encoder: Encoding mesh Loose soil particles 1101.
19:14:26 | INFO: Draco encoder: Encoding mesh Loose soil particles 1102.
19:14:26 | INFO: Draco encoder: Encoding mesh Loose soil particles 1103.
19:14:26 | INFO: Draco encoder: Encoding mesh Loose soil particles 1104.
19:14:26 | INFO: Draco encoder: Encoding mesh Loose soil particles 1105.
19:14:26 | INFO: Draco encoder: Encoding mesh Loose soil particles 1106.
19:14:26 | INFO: Draco encoder: Encoding mesh Loose soil particles 1107.
19:14:26 | INFO: Draco encoder: Encoding mesh Loose soil particles 1108.
19:14:26 | INFO: Draco encoder: Encoding mesh Loose soil particles 1109.
19:14:26 | INFO: Draco encoder: Encoding mesh Loose soil particles 1110.
19:14:26 | INFO: Draco encoder: Encoding mesh Loose soil particles 1111.
19:14:26 | INFO: Draco encoder: Encoding mesh Loose soil particles 1112.
19:14:26 | INFO: Draco encoder: Encoding mesh Loose soil particles 1113.
19:14:26 | INFO: Draco encoder: Encoding mesh Loose soil particles 1114.
19:14:26 | INFO: Draco encoder: Encoding mesh Loose soil particles 1115.
19:14:26 | INFO: Draco encoder: Encoding mesh Loose soil particles 1116.
19:14:26 | INFO: Draco encoder: Encoding mesh Loose soil particles 1117.
19:14:26 | INFO: Draco encoder: Encoding mesh Loose soil particles 1118.
19:14:26 | INFO: Draco encoder: Encoding mesh Loose soil particles 1119.
19:14:26 | INFO: Draco encoder: Encoding mesh Loose soil particles 1120.
19:14:26 | INFO: Draco encoder: Encoding mesh Loose soil particles 1121.
19:14:26 | INFO: Draco encoder: Encoding mesh Loose soil particles 1122.
19:14:26 | INFO: Draco encoder: Encoding mesh Loose soil particles 1123.
19:14:26 | INFO: Draco encoder: Encoding mesh Loose soil particles 1124.
19:14:26 | INFO: Draco encoder: Encoding mesh Loose soil particles 1125.
19:14:26 | INFO: Draco encoder: Encoding mesh Loose soil particles 1126.
19:14:26 | INFO: Draco encoder: Encoding mesh Loose soil particles 1127.
19:14:26 | INFO: Draco encoder: Encoding mesh Loose soil particles 1128.
19:14:26 | INFO: Draco encoder: Encoding mesh Loose soil particles 1129.
19:14:26 | INFO: Draco encoder: Encoding mesh Loose soil particles 1130.
19:14:26 | INFO: Draco encoder: Encoding mesh Loose soil particles 1131.
19:14:26 | INFO: Draco encoder: Encoding mesh Loose soil particles 1132.
19:14:26 | INFO: Draco encoder: Encoding mesh Loose soil particles 1133.
19:14:26 | INFO: Draco encoder: Encoding mesh Loose soil particles 1134.
19:14:26 | INFO: Draco encoder: Encoding mesh Loose soil particles 1135.
19:14:26 | INFO: Draco encoder: Encoding mesh Loose soil particles 1136.
19:14:26 | INFO: Draco encoder: Encoding mesh Loose soil particles 1137.
19:14:26 | INFO: Draco encoder: Encoding mesh Loose soil particles 1138.
19:14:26 | INFO: Draco encoder: Encoding mesh Loose soil particles 1139.
19:14:26 | INFO: Draco encoder: Encoding mesh Loose soil particles 1140.
19:14:26 | INFO: Draco encoder: Encoding mesh Loose soil particles 1141.
19:14:26 | INFO: Draco encoder: Encoding mesh Loose soil particles 1142.
19:14:26 | INFO: Draco encoder: Encoding mesh Loose soil particles 1143.
19:14:26 | INFO: Draco encoder: Encoding mesh Loose soil particles 1144.
19:14:26 | INFO: Draco encoder: Encoding mesh Loose soil particles 1145.
19:14:26 | INFO: Draco encoder: Encoding mesh Loose soil particles 1146.
19:14:26 | INFO: Draco encoder: Encoding mesh Loose soil particles 1147.
19:14:26 | INFO: Draco encoder: Encoding mesh Loose soil particles 1148.
19:14:26 | INFO: Draco encoder: Encoding mesh Loose soil particles 1149.
19:14:26 | INFO: Draco encoder: Encoding mesh Loose soil particles 1150.
19:14:26 | INFO: Draco encoder: Encoding mesh Loose soil particles 1151.
19:14:26 | INFO: Draco encoder: Encoding mesh Loose soil particles 1152.
19:14:26 | INFO: Draco encoder: Encoding mesh Loose soil particles 1153.
19:14:26 | INFO: Draco encoder: Encoding mesh Loose soil particles 1154.
19:14:26 | INFO: Draco encoder: Encoding mesh Loose soil particles 1155.
19:14:26 | INFO: Draco encoder: Encoding mesh Loose soil particles 1156.
19:14:26 | INFO: Draco encoder: Encoding mesh Loose soil particles 1157.
19:14:26 | INFO: Draco encoder: Encoding mesh Loose soil particles 1158.
19:14:26 | INFO: Draco encoder: Encoding mesh Loose soil particles 1159.
19:14:26 | INFO: Draco encoder: Encoding mesh Loose soil particles 1160.
19:14:26 | INFO: Draco encoder: Encoding mesh Loose soil particles 1161.
19:14:26 | INFO: Draco encoder: Encoding mesh Loose soil particles 1162.
19:14:26 | INFO: Draco encoder: Encoding mesh Loose soil particles 1163.
19:14:26 | INFO: Draco encoder: Encoding mesh Loose soil particles 1164.
19:14:26 | INFO: Draco encoder: Encoding mesh Loose soil particles 1165.
19:14:26 | INFO: Draco encoder: Encoding mesh Loose soil particles 1166.
19:14:26 | INFO: Draco encoder: Encoding mesh Loose soil particles 1167.
19:14:26 | INFO: Draco encoder: Encoding mesh Loose soil particles 1168.
19:14:26 | INFO: Draco encoder: Encoding mesh Loose soil particles 1169.
19:14:26 | INFO: Draco encoder: Encoding mesh Loose soil particles 1170.
19:14:26 | INFO: Draco encoder: Encoding mesh Loose soil particles 1171.
19:14:26 | INFO: Draco encoder: Encoding mesh Loose soil particles 1172.
19:14:26 | INFO: Draco encoder: Encoding mesh Loose soil particles 1173.
19:14:26 | INFO: Draco encoder: Encoding mesh Loose soil particles 1174.
19:14:26 | INFO: Draco encoder: Encoding mesh Loose soil particles 1175.
19:14:26 | INFO: Draco encoder: Encoding mesh Loose soil particles 1176.
19:14:26 | INFO: Draco encoder: Encoding mesh Loose soil particles 1177.
19:14:26 | INFO: Draco encoder: Encoding mesh Loose soil particles 1178.
19:14:26 | INFO: Draco encoder: Encoding mesh Loose soil particles 1179.
19:14:26 | INFO: Draco encoder: Encoding mesh Loose soil particles 1180.
19:14:26 | INFO: Draco encoder: Encoding mesh Loose soil particles 1181.
19:14:26 | INFO: Draco encoder: Encoding mesh Loose soil particles 1182.
19:14:26 | INFO: Draco encoder: Encoding mesh Loose soil particles 1183.
19:14:26 | INFO: Draco encoder: Encoding mesh Loose soil particles 1184.
19:14:26 | INFO: Draco encoder: Encoding mesh Loose soil particles 1185.
19:14:26 | INFO: Draco encoder: Encoding mesh Loose soil particles 1186.
19:14:26 | INFO: Draco encoder: Encoding mesh Loose soil particles 1187.
19:14:26 | INFO: Draco encoder: Encoding mesh Loose soil particles 1188.
19:14:26 | INFO: Draco encoder: Encoding mesh Loose soil particles 1189.
19:14:26 | INFO: Draco encoder: Encoding mesh Loose soil particles 1190.
19:14:26 | INFO: Draco encoder: Encoding mesh Loose soil particles 1191.
19:14:26 | INFO: Draco encoder: Encoding mesh Loose soil particles 1192.
19:14:26 | INFO: Draco encoder: Encoding mesh Loose soil particles 1193.
19:14:26 | INFO: Draco encoder: Encoding mesh Loose soil particles 1194.
19:14:26 | INFO: Draco encoder: Encoding mesh Loose soil particles 1195.
19:14:26 | INFO: Draco encoder: Encoding mesh Loose soil particles 1196.
19:14:26 | INFO: Draco encoder: Encoding mesh Loose soil particles 1197.
19:14:26 | INFO: Draco encoder: Encoding mesh Loose soil particles 1198.
19:14:26 | INFO: Draco encoder: Encoding mesh Loose soil particles 1199.
19:14:26 | INFO: Draco encoder: Encoding mesh Loose soil particles 1200.
19:14:26 | INFO: Draco encoder: Encoding mesh Loose soil particles 1201.
19:14:26 | INFO: Draco encoder: Encoding mesh Loose soil particles 1202.
19:14:26 | INFO: Draco encoder: Encoding mesh Loose soil particles 1203.
19:14:26 | INFO: Draco encoder: Encoding mesh Loose soil particles 1204.
19:14:26 | INFO: Draco encoder: Encoding mesh Loose soil particles 1205.
19:14:26 | INFO: Draco encoder: Encoding mesh Loose soil particles 1206.
19:14:26 | INFO: Draco encoder: Encoding mesh Loose soil particles 1207.
19:14:26 | INFO: Draco encoder: Encoding mesh Loose soil particles 1208.
19:14:26 | INFO: Draco encoder: Encoding mesh Loose soil particles 1209.
19:14:26 | INFO: Draco encoder: Encoding mesh Loose soil particles 1210.
19:14:26 | INFO: Draco encoder: Encoding mesh Loose soil particles 1211.
19:14:26 | INFO: Draco encoder: Encoding mesh Loose soil particles 1212.
19:14:26 | INFO: Draco encoder: Encoding mesh Loose soil particles 1213.
19:14:26 | INFO: Draco encoder: Encoding mesh Loose soil particles 1214.
19:14:26 | INFO: Draco encoder: Encoding mesh Loose soil particles 1215.
19:14:26 | INFO: Draco encoder: Encoding mesh Loose soil particles 1216.
19:14:26 | INFO: Draco encoder: Encoding mesh Loose soil particles 1217.
19:14:26 | INFO: Draco encoder: Encoding mesh Loose soil particles 1218.
19:14:26 | INFO: Draco encoder: Encoding mesh Loose soil particles 1219.
19:14:26 | INFO: Draco encoder: Encoding mesh Loose soil particles 1220.
19:14:26 | INFO: Draco encoder: Encoding mesh Loose soil particles 1221.
19:14:26 | INFO: Draco encoder: Encoding mesh Loose soil particles 1222.
19:14:26 | INFO: Draco encoder: Encoding mesh Loose soil particles 1223.
19:14:26 | INFO: Draco encoder: Encoding mesh Loose soil particles 1224.
19:14:26 | INFO: Draco encoder: Encoding mesh Loose soil particles 1225.
19:14:26 | INFO: Draco encoder: Encoding mesh Loose soil particles 1226.
19:14:26 | INFO: Draco encoder: Encoding mesh Loose soil particles 1227.
19:14:26 | INFO: Draco encoder: Encoding mesh Loose soil particles 1228.
19:14:26 | INFO: Draco encoder: Encoding mesh Loose soil particles 1229.
19:14:26 | INFO: Draco encoder: Encoding mesh Loose soil particles 1230.
19:14:26 | INFO: Draco encoder: Encoding mesh Loose soil particles 1231.
19:14:26 | INFO: Draco encoder: Encoding mesh Loose soil particles 1232.
19:14:26 | INFO: Draco encoder: Encoding mesh Loose soil particles 1233.
19:14:26 | INFO: Draco encoder: Encoding mesh Loose soil particles 1234.
19:14:26 | INFO: Draco encoder: Encoding mesh Loose soil particles 1235.
19:14:26 | INFO: Draco encoder: Encoding mesh Loose soil particles 1236.
19:14:26 | INFO: Draco encoder: Encoding mesh Loose soil particles 1237.
19:14:26 | INFO: Draco encoder: Encoding mesh Loose soil particles 1238.
19:14:26 | INFO: Draco encoder: Encoding mesh Loose soil particles 1239.
19:14:26 | INFO: Draco encoder: Encoding mesh Loose soil particles 1240.
19:14:26 | INFO: Draco encoder: Encoding mesh Loose soil particles 1241.
19:14:26 | INFO: Draco encoder: Encoding mesh Loose soil particles 1242.
19:14:26 | INFO: Draco encoder: Encoding mesh Loose soil particles 1243.
19:14:26 | INFO: Draco encoder: Encoding mesh Loose soil particles 1244.
19:14:26 | INFO: Draco encoder: Encoding mesh Loose soil particles 1245.
19:14:26 | INFO: Draco encoder: Encoding mesh Loose soil particles 1246.
19:14:26 | INFO: Draco encoder: Encoding mesh Loose soil particles 1247.
19:14:26 | INFO: Draco encoder: Encoding mesh Loose soil particles 1248.
19:14:26 | INFO: Draco encoder: Encoding mesh Loose soil particles 1249.
19:14:26 | INFO: Draco encoder: Encoding mesh Loose soil particles 1250.
19:14:26 | INFO: Draco encoder: Encoding mesh Loose soil particles 1251.
19:14:26 | INFO: Draco encoder: Encoding mesh Loose soil particles 1252.
19:14:26 | INFO: Draco encoder: Encoding mesh Loose soil particles 1253.
19:14:26 | INFO: Draco encoder: Encoding mesh Loose soil particles 1254.
19:14:26 | INFO: Draco encoder: Encoding mesh Loose soil particles 1255.
19:14:26 | INFO: Draco encoder: Encoding mesh Loose soil particles 1256.
19:14:26 | INFO: Draco encoder: Encoding mesh Loose soil particles 1257.
19:14:26 | INFO: Draco encoder: Encoding mesh Loose soil particles 1258.
19:14:26 | INFO: Draco encoder: Encoding mesh Loose soil particles 1259.
19:14:26 | INFO: Draco encoder: Encoding mesh Loose soil particles 1260.
19:14:26 | INFO: Draco encoder: Encoding mesh Loose soil particles 1261.
19:14:26 | INFO: Draco encoder: Encoding mesh Loose soil particles 1262.
19:14:26 | INFO: Draco encoder: Encoding mesh Loose soil particles 1263.
19:14:26 | INFO: Draco encoder: Encoding mesh Loose soil particles 1264.
19:14:26 | INFO: Draco encoder: Encoding mesh Loose soil particles 1265.
19:14:26 | INFO: Draco encoder: Encoding mesh Loose soil particles 1266.
19:14:26 | INFO: Draco encoder: Encoding mesh Loose soil particles 1267.
19:14:26 | INFO: Draco encoder: Encoding mesh Loose soil particles 1268.
19:14:26 | INFO: Draco encoder: Encoding mesh Loose soil particles 1269.
19:14:26 | INFO: Draco encoder: Encoding mesh Loose soil particles 1270.
19:14:26 | INFO: Draco encoder: Encoding mesh Loose soil particles 1271.
19:14:26 | INFO: Draco encoder: Encoding mesh Loose soil particles 1272.
19:14:26 | INFO: Draco encoder: Encoding mesh Loose soil particles 1273.
19:14:26 | INFO: Draco encoder: Encoding mesh Loose soil particles 1274.
19:14:26 | INFO: Draco encoder: Encoding mesh Loose soil particles 1275.
19:14:26 | INFO: Draco encoder: Encoding mesh Loose soil particles 1276.
19:14:26 | INFO: Draco encoder: Encoding mesh Loose soil particles 1277.
19:14:26 | INFO: Draco encoder: Encoding mesh Loose soil particles 1278.
19:14:26 | INFO: Draco encoder: Encoding mesh Loose soil particles 1279.
19:14:26 | INFO: Draco encoder: Encoding mesh Loose soil particles 1280.
19:14:26 | INFO: Draco encoder: Encoding mesh Loose soil particles 1281.
19:14:26 | INFO: Draco encoder: Encoding mesh Loose soil particles 1282.
19:14:26 | INFO: Draco encoder: Encoding mesh Loose soil particles 1283.
19:14:26 | INFO: Draco encoder: Encoding mesh Loose soil particles 1284.
19:14:26 | INFO: Draco encoder: Encoding mesh Loose soil particles 1285.
19:14:26 | INFO: Draco encoder: Encoding mesh Loose soil particles 1286.
19:14:26 | INFO: Draco encoder: Encoding mesh Loose soil particles 1287.
19:14:26 | INFO: Draco encoder: Encoding mesh Loose soil particles 1288.
19:14:26 | INFO: Draco encoder: Encoding mesh Loose soil particles 1289.
19:14:26 | INFO: Draco encoder: Encoding mesh Loose soil particles 1290.
19:14:26 | INFO: Draco encoder: Encoding mesh Loose soil particles 1291.
19:14:26 | INFO: Draco encoder: Encoding mesh Loose soil particles 1292.
19:14:26 | INFO: Draco encoder: Encoding mesh Loose soil particles 1293.
19:14:26 | INFO: Draco encoder: Encoding mesh Loose soil particles 1294.
19:14:26 | INFO: Draco encoder: Encoding mesh Loose soil particles 1295.
19:14:26 | INFO: Draco encoder: Encoding mesh Loose soil particles 1296.
19:14:26 | INFO: Draco encoder: Encoding mesh Loose soil particles 1297.
19:14:26 | INFO: Draco encoder: Encoding mesh Loose soil particles 1298.
19:14:26 | INFO: Draco encoder: Encoding mesh Loose soil particles 1299.
19:14:26 | INFO: Draco encoder: Encoding mesh Loose soil particles 1300.
19:14:26 | INFO: Draco encoder: Encoding mesh Loose soil particles 1301.
19:14:26 | INFO: Draco encoder: Encoding mesh Loose soil particles 1302.
19:14:26 | INFO: Draco encoder: Encoding mesh Loose soil particles 1303.
19:14:26 | INFO: Draco encoder: Encoding mesh Loose soil particles 1304.
19:14:26 | INFO: Draco encoder: Encoding mesh Loose soil particles 1305.
19:14:26 | INFO: Draco encoder: Encoding mesh Loose soil particles 1306.
19:14:26 | INFO: Draco encoder: Encoding mesh Loose soil particles 1307.
19:14:26 | INFO: Draco encoder: Encoding mesh Loose soil particles 1308.
19:14:26 | INFO: Draco encoder: Encoding mesh Loose soil particles 1309.
19:14:26 | INFO: Draco encoder: Encoding mesh Loose soil particles 1310.
19:14:26 | INFO: Draco encoder: Encoding mesh Loose soil particles 1311.
19:14:26 | INFO: Draco encoder: Encoding mesh Loose soil particles 1312.
19:14:26 | INFO: Draco encoder: Encoding mesh Loose soil particles 1313.
19:14:26 | INFO: Draco encoder: Encoding mesh Loose soil particles 1314.
19:14:26 | INFO: Draco encoder: Encoding mesh Loose soil particles 1315.
19:14:26 | INFO: Draco encoder: Encoding mesh Loose soil particles 1316.
19:14:26 | INFO: Draco encoder: Encoding mesh Loose soil particles 1317.
19:14:26 | INFO: Draco encoder: Encoding mesh Loose soil particles 1318.
19:14:26 | INFO: Draco encoder: Encoding mesh Loose soil particles 1319.
19:14:26 | INFO: Draco encoder: Encoding mesh Loose soil particles 1320.
19:14:26 | INFO: Draco encoder: Encoding mesh Loose soil particles 1321.
19:14:26 | INFO: Draco encoder: Encoding mesh Loose soil particles 1322.
19:14:26 | INFO: Draco encoder: Encoding mesh Loose soil particles 1323.
19:14:26 | INFO: Draco encoder: Encoding mesh Loose soil particles 1324.
19:14:26 | INFO: Draco encoder: Encoding mesh Loose soil particles 1325.
19:14:26 | INFO: Draco encoder: Encoding mesh Loose soil particles 1326.
19:14:26 | INFO: Draco encoder: Encoding mesh Loose soil particles 1327.
19:14:26 | INFO: Draco encoder: Encoding mesh Loose soil particles 1328.
19:14:26 | INFO: Draco encoder: Encoding mesh Loose soil particles 1329.
19:14:26 | INFO: Draco encoder: Encoding mesh Loose soil particles 1330.
19:14:26 | INFO: Draco encoder: Encoding mesh Loose soil particles 1331.
19:14:26 | INFO: Draco encoder: Encoding mesh Loose soil particles 1332.
19:14:26 | INFO: Draco encoder: Encoding mesh Loose soil particles 1333.
19:14:26 | INFO: Draco encoder: Encoding mesh Loose soil particles 1334.
19:14:26 | INFO: Draco encoder: Encoding mesh Loose soil particles 1335.
19:14:26 | INFO: Draco encoder: Encoding mesh Loose soil particles 1336.
19:14:26 | INFO: Draco encoder: Encoding mesh Loose soil particles 1337.
19:14:26 | INFO: Draco encoder: Encoding mesh Loose soil particles 1338.
19:14:26 | INFO: Draco encoder: Encoding mesh Loose soil particles 1339.
19:14:26 | INFO: Draco encoder: Encoding mesh Loose soil particles 1340.
19:14:26 | INFO: Draco encoder: Encoding mesh Loose soil particles 1341.
19:14:26 | INFO: Draco encoder: Encoding mesh Loose soil particles 1342.
19:14:26 | INFO: Draco encoder: Encoding mesh Loose soil particles 1343.
19:14:26 | INFO: Draco encoder: Encoding mesh Loose soil particles 1344.
19:14:26 | INFO: Draco encoder: Encoding mesh Loose soil particles 1345.
19:14:26 | INFO: Draco encoder: Encoding mesh Loose soil particles 1346.
19:14:26 | INFO: Draco encoder: Encoding mesh Loose soil particles 1347.
19:14:26 | INFO: Draco encoder: Encoding mesh Loose soil particles 1348.
19:14:26 | INFO: Draco encoder: Encoding mesh Loose soil particles 1349.
19:14:26 | INFO: Draco encoder: Encoding mesh Loose soil particles 1350.
19:14:26 | INFO: Draco encoder: Encoding mesh Loose soil particles 1351.
19:14:26 | INFO: Draco encoder: Encoding mesh Loose soil particles 1352.
19:14:26 | INFO: Draco encoder: Encoding mesh Loose soil particles 1353.
19:14:26 | INFO: Draco encoder: Encoding mesh Loose soil particles 1354.
19:14:26 | INFO: Draco encoder: Encoding mesh Loose soil particles 1355.
19:14:26 | INFO: Draco encoder: Encoding mesh Loose soil particles 1356.
19:14:26 | INFO: Draco encoder: Encoding mesh Loose soil particles 1357.
19:14:26 | INFO: Draco encoder: Encoding mesh Loose soil particles 1358.
19:14:26 | INFO: Draco encoder: Encoding mesh Loose soil particles 1359.
19:14:26 | INFO: Draco encoder: Encoding mesh Loose soil particles 1360.
19:14:26 | INFO: Draco encoder: Encoding mesh Loose soil particles 1361.
19:14:26 | INFO: Draco encoder: Encoding mesh Loose soil particles 1362.
19:14:26 | INFO: Draco encoder: Encoding mesh Loose soil particles 1363.
19:14:26 | INFO: Draco encoder: Encoding mesh Loose soil particles 1364.
19:14:26 | INFO: Draco encoder: Encoding mesh Loose soil particles 1365.
19:14:26 | INFO: Draco encoder: Encoding mesh Loose soil particles 1366.
19:14:26 | INFO: Draco encoder: Encoding mesh Loose soil particles 1367.
19:14:26 | INFO: Draco encoder: Encoding mesh Loose soil particles 1368.
19:14:26 | INFO: Draco encoder: Encoding mesh Loose soil particles 1369.
19:14:26 | INFO: Draco encoder: Encoding mesh Loose soil particles 1370.
19:14:26 | INFO: Draco encoder: Encoding mesh Loose soil particles 1371.
19:14:26 | INFO: Draco encoder: Encoding mesh Loose soil particles 1372.
19:14:26 | INFO: Draco encoder: Encoding mesh Loose soil particles 1373.
19:14:26 | INFO: Draco encoder: Encoding mesh Loose soil particles 1374.
19:14:26 | INFO: Draco encoder: Encoding mesh Loose soil particles 1375.
19:14:26 | INFO: Draco encoder: Encoding mesh Loose soil particles 1376.
19:14:26 | INFO: Draco encoder: Encoding mesh Loose soil particles 1377.
19:14:26 | INFO: Draco encoder: Encoding mesh Loose soil particles 1378.
19:14:26 | INFO: Draco encoder: Encoding mesh Loose soil particles 1379.
19:14:26 | INFO: Draco encoder: Encoding mesh Loose soil particles 1380.
19:14:26 | INFO: Draco encoder: Encoding mesh Loose soil particles 1381.
19:14:26 | INFO: Draco encoder: Encoding mesh Loose soil particles 1382.
19:14:26 | INFO: Draco encoder: Encoding mesh Loose soil particles 1383.
19:14:26 | INFO: Draco encoder: Encoding mesh Loose soil particles 1384.
19:14:26 | INFO: Draco encoder: Encoding mesh Loose soil particles 1385.
19:14:26 | INFO: Draco encoder: Encoding mesh Loose soil particles 1386.
19:14:26 | INFO: Draco encoder: Encoding mesh Loose soil particles 1387.
19:14:26 | INFO: Draco encoder: Encoding mesh Loose soil particles 1388.
19:14:26 | INFO: Draco encoder: Encoding mesh Loose soil particles 1389.
19:14:26 | INFO: Draco encoder: Encoding mesh Loose soil particles 1390.
19:14:26 | INFO: Draco encoder: Encoding mesh Loose soil particles 1391.
19:14:26 | INFO: Draco encoder: Encoding mesh Loose soil particles 1392.
19:14:26 | INFO: Draco encoder: Encoding mesh Loose soil particles 1393.
19:14:26 | INFO: Draco encoder: Encoding mesh Loose soil particles 1394.
19:14:26 | INFO: Draco encoder: Encoding mesh Loose soil particles 1395.
19:14:26 | INFO: Draco encoder: Encoding mesh Loose soil particles 1396.
19:14:26 | INFO: Draco encoder: Encoding mesh Loose soil particles 1397.
19:14:26 | INFO: Draco encoder: Encoding mesh Loose soil particles 1398.
19:14:26 | INFO: Draco encoder: Encoding mesh Loose soil particles 1399.
19:14:26 | INFO: Draco encoder: Encoding mesh Loose soil particles 1400.
19:14:26 | INFO: Draco encoder: Encoding mesh Loose soil particles 1401.
19:14:26 | INFO: Draco encoder: Encoding mesh Loose soil particles 1402.
19:14:26 | INFO: Draco encoder: Encoding mesh Loose soil particles 1403.
19:14:26 | INFO: Draco encoder: Encoding mesh Loose soil particles 1404.
19:14:26 | INFO: Draco encoder: Encoding mesh Loose soil particles 1405.
19:14:26 | INFO: Draco encoder: Encoding mesh Loose soil particles 1406.
19:14:26 | INFO: Draco encoder: Encoding mesh Loose soil particles 1407.
19:14:26 | INFO: Draco encoder: Encoding mesh Loose soil particles 1408.
19:14:26 | INFO: Draco encoder: Encoding mesh Loose soil particles 1409.
19:14:26 | INFO: Draco encoder: Encoding mesh Loose soil particles 1410.
19:14:26 | INFO: Draco encoder: Encoding mesh Loose soil particles 1411.
19:14:26 | INFO: Draco encoder: Encoding mesh Loose soil particles 1412.
19:14:26 | INFO: Draco encoder: Encoding mesh Loose soil particles 1413.
19:14:26 | INFO: Draco encoder: Encoding mesh Loose soil particles 1414.
19:14:26 | INFO: Draco encoder: Encoding mesh Loose soil particles 1415.
19:14:26 | INFO: Draco encoder: Encoding mesh Loose soil particles 1416.
19:14:26 | INFO: Draco encoder: Encoding mesh Loose soil particles 1417.
19:14:26 | INFO: Draco encoder: Encoding mesh Loose soil particles 1418.
19:14:26 | INFO: Draco encoder: Encoding mesh Loose soil particles 1419.
19:14:26 | INFO: Draco encoder: Encoding mesh Loose soil particles 1420.
19:14:26 | INFO: Draco encoder: Encoding mesh Loose soil particles 1421.
19:14:26 | INFO: Draco encoder: Encoding mesh Loose soil particles 1422.
19:14:26 | INFO: Draco encoder: Encoding mesh Loose soil particles 1423.
19:14:26 | INFO: Draco encoder: Encoding mesh Loose soil particles 1424.
19:14:26 | INFO: Draco encoder: Encoding mesh Loose soil particles 1425.
19:14:26 | INFO: Draco encoder: Encoding mesh Loose soil particles 1426.
19:14:26 | INFO: Draco encoder: Encoding mesh Loose soil particles 1427.
19:14:26 | INFO: Draco encoder: Encoding mesh Loose soil particles 1428.
19:14:26 | INFO: Draco encoder: Encoding mesh Loose soil particles 1429.
19:14:26 | INFO: Draco encoder: Encoding mesh Loose soil particles 1430.
19:14:26 | INFO: Draco encoder: Encoding mesh Loose soil particles 1431.
19:14:26 | INFO: Draco encoder: Encoding mesh Loose soil particles 1432.
19:14:26 | INFO: Draco encoder: Encoding mesh Loose soil particles 1433.
19:14:26 | INFO: Draco encoder: Encoding mesh Loose soil particles 1434.
19:14:26 | INFO: Draco encoder: Encoding mesh Loose soil particles 1435.
19:14:26 | INFO: Draco encoder: Encoding mesh Loose soil particles 1436.
19:14:26 | INFO: Draco encoder: Encoding mesh Loose soil particles 1437.
19:14:26 | INFO: Draco encoder: Encoding mesh Loose soil particles 1438.
19:14:26 | INFO: Draco encoder: Encoding mesh Loose soil particles 1439.
19:14:26 | INFO: Draco encoder: Encoding mesh Loose soil particles 1440.
19:14:26 | INFO: Draco encoder: Encoding mesh Loose soil particles 1441.
19:14:26 | INFO: Draco encoder: Encoding mesh Loose soil particles 1442.
19:14:26 | INFO: Draco encoder: Encoding mesh Loose soil particles 1443.
19:14:26 | INFO: Draco encoder: Encoding mesh Loose soil particles 1444.
19:14:26 | INFO: Draco encoder: Encoding mesh Loose soil particles 1445.
19:14:26 | INFO: Draco encoder: Encoding mesh Loose soil particles 1446.
19:14:26 | INFO: Draco encoder: Encoding mesh Loose soil particles 1447.
19:14:26 | INFO: Draco encoder: Encoding mesh Loose soil particles 1448.
19:14:26 | INFO: Draco encoder: Encoding mesh Loose soil particles 1449.
19:14:26 | INFO: Draco encoder: Encoding mesh Loose soil particles 1450.
19:14:26 | INFO: Draco encoder: Encoding mesh Loose soil particles 1451.
19:14:26 | INFO: Draco encoder: Encoding mesh Loose soil particles 1452.
19:14:26 | INFO: Draco encoder: Encoding mesh Loose soil particles 1453.
19:14:26 | INFO: Draco encoder: Encoding mesh Loose soil particles 1454.
19:14:26 | INFO: Draco encoder: Encoding mesh Loose soil particles 1455.
19:14:26 | INFO: Draco encoder: Encoding mesh Loose soil particles 1456.
19:14:26 | INFO: Draco encoder: Encoding mesh Loose soil particles 1457.
19:14:26 | INFO: Draco encoder: Encoding mesh Loose soil particles 1458.
19:14:26 | INFO: Draco encoder: Encoding mesh Loose soil particles 1459.
19:14:26 | INFO: Draco encoder: Encoding mesh Loose soil particles 1460.
19:14:26 | INFO: Draco encoder: Encoding mesh Loose soil particles 1461.
19:14:26 | INFO: Draco encoder: Encoding mesh Loose soil particles 1462.
19:14:26 | INFO: Draco encoder: Encoding mesh Loose soil particles 1463.
19:14:26 | INFO: Draco encoder: Encoding mesh Loose soil particles 1464.
19:14:26 | INFO: Draco encoder: Encoding mesh Loose soil particles 1465.
19:14:26 | INFO: Draco encoder: Encoding mesh Loose soil particles 1466.
19:14:26 | INFO: Draco encoder: Encoding mesh Loose soil particles 1467.
19:14:26 | INFO: Draco encoder: Encoding mesh Loose soil particles 1468.
19:14:26 | INFO: Draco encoder: Encoding mesh Loose soil particles 1469.
19:14:26 | INFO: Draco encoder: Encoding mesh Loose soil particles 1470.
19:14:26 | INFO: Draco encoder: Encoding mesh Loose soil particles 1471.
19:14:26 | INFO: Draco encoder: Encoding mesh Loose soil particles 1472.
19:14:26 | INFO: Draco encoder: Encoding mesh Loose soil particles 1473.
19:14:26 | INFO: Draco encoder: Encoding mesh Loose soil particles 1474.
19:14:26 | INFO: Draco encoder: Encoding mesh Loose soil particles 1475.
19:14:26 | INFO: Draco encoder: Encoding mesh Loose soil particles 1476.
19:14:26 | INFO: Draco encoder: Encoding mesh Loose soil particles 1477.
19:14:26 | INFO: Draco encoder: Encoding mesh Loose soil particles 1478.
19:14:26 | INFO: Draco encoder: Encoding mesh Loose soil particles 1479.
19:14:26 | INFO: Draco encoder: Encoding mesh Loose soil particles 1480.
19:14:26 | INFO: Draco encoder: Encoding mesh Loose soil particles 1481.
19:14:26 | INFO: Draco encoder: Encoding mesh Loose soil particles 1482.
19:14:26 | INFO: Draco encoder: Encoding mesh Loose soil particles 1483.
19:14:26 | INFO: Draco encoder: Encoding mesh Loose soil particles 1484.
19:14:26 | INFO: Draco encoder: Encoding mesh Loose soil particles 1485.
19:14:26 | INFO: Draco encoder: Encoding mesh Loose soil particles 1486.
19:14:26 | INFO: Draco encoder: Encoding mesh Loose soil particles 1487.
19:14:26 | INFO: Draco encoder: Encoding mesh Loose soil particles 1488.
19:14:26 | INFO: Draco encoder: Encoding mesh Loose soil particles 1489.
19:14:26 | INFO: Draco encoder: Encoding mesh Loose soil particles 1490.
19:14:26 | INFO: Draco encoder: Encoding mesh Loose soil particles 1491.
19:14:26 | INFO: Draco encoder: Encoding mesh Loose soil particles 1492.
19:14:26 | INFO: Draco encoder: Encoding mesh Loose soil particles 1493.
19:14:26 | INFO: Draco encoder: Encoding mesh Loose soil particles 1494.
19:14:26 | INFO: Draco encoder: Encoding mesh Loose soil particles 1495.
19:14:26 | INFO: Draco encoder: Encoding mesh Loose soil particles 1496.
19:14:26 | INFO: Draco encoder: Encoding mesh Loose soil particles 1497.
19:14:26 | INFO: Draco encoder: Encoding mesh Loose soil particles 1498.
19:14:26 | INFO: Draco encoder: Encoding mesh Loose soil particles 1499.
19:14:26 | INFO: Draco encoder: Encoding mesh Loose soil particles 1500.
19:14:26 | INFO: Draco encoder: Encoding mesh Loose soil particles 1501.
19:14:26 | INFO: Draco encoder: Encoding mesh Loose soil particles 1502.
19:14:26 | INFO: Draco encoder: Encoding mesh Loose soil particles 1503.
19:14:26 | INFO: Draco encoder: Encoding mesh Loose soil particles 1504.
19:14:26 | INFO: Draco encoder: Encoding mesh Loose soil particles 1505.
19:14:26 | INFO: Draco encoder: Encoding mesh Loose soil particles 1506.
19:14:26 | INFO: Draco encoder: Encoding mesh Loose soil particles 1507.
19:14:26 | INFO: Draco encoder: Encoding mesh Loose soil particles 1508.
19:14:26 | INFO: Draco encoder: Encoding mesh Loose soil particles 1509.
19:14:26 | INFO: Draco encoder: Encoding mesh Loose soil particles 1510.
19:14:26 | INFO: Draco encoder: Encoding mesh Loose soil particles 1511.
19:14:26 | INFO: Draco encoder: Encoding mesh Loose soil particles 1512.
19:14:26 | INFO: Draco encoder: Encoding mesh Loose soil particles 1513.
19:14:26 | INFO: Draco encoder: Encoding mesh Loose soil particles 1514.
19:14:26 | INFO: Draco encoder: Encoding mesh Loose soil particles 1515.
19:14:26 | INFO: Draco encoder: Encoding mesh Loose soil particles 1516.
19:14:26 | INFO: Draco encoder: Encoding mesh Loose soil particles 1517.
19:14:26 | INFO: Draco encoder: Encoding mesh Loose soil particles 1518.
19:14:26 | INFO: Draco encoder: Encoding mesh Loose soil particles 1519.
19:14:26 | INFO: Draco encoder: Encoding mesh Loose soil particles 1520.
19:14:26 | INFO: Draco encoder: Encoding mesh Loose soil particles 1521.
19:14:26 | INFO: Draco encoder: Encoding mesh Loose soil particles 1522.
19:14:26 | INFO: Draco encoder: Encoding mesh Loose soil particles 1523.
19:14:26 | INFO: Draco encoder: Encoding mesh Loose soil particles 1524.
19:14:26 | INFO: Draco encoder: Encoding mesh Loose soil particles 1525.
19:14:26 | INFO: Draco encoder: Encoding mesh Loose soil particles 1526.
19:14:26 | INFO: Draco encoder: Encoding mesh Loose soil particles 1527.
19:14:26 | INFO: Draco encoder: Encoding mesh Loose soil particles 1528.
19:14:26 | INFO: Draco encoder: Encoding mesh Loose soil particles 1529.
19:14:26 | INFO: Draco encoder: Encoding mesh Loose soil particles 1530.
19:14:26 | INFO: Draco encoder: Encoding mesh Loose soil particles 1531.
19:14:26 | INFO: Draco encoder: Encoding mesh Loose soil particles 1532.
19:14:26 | INFO: Draco encoder: Encoding mesh Loose soil particles 1533.
19:14:26 | INFO: Draco encoder: Encoding mesh Loose soil particles 1534.
19:14:26 | INFO: Draco encoder: Encoding mesh Loose soil particles 1535.
19:14:26 | INFO: Draco encoder: Encoding mesh Loose soil particles 1536.
19:14:26 | INFO: Draco encoder: Encoding mesh Loose soil particles 1537.
19:14:26 | INFO: Draco encoder: Encoding mesh Loose soil particles 1538.
19:14:26 | INFO: Draco encoder: Encoding mesh Loose soil particles 1539.
19:14:26 | INFO: Draco encoder: Encoding mesh Loose soil particles 1540.
19:14:26 | INFO: Draco encoder: Encoding mesh Loose soil particles 1541.
19:14:26 | INFO: Draco encoder: Encoding mesh Loose soil particles 1542.
19:14:26 | INFO: Draco encoder: Encoding mesh Loose soil particles 1543.
19:14:26 | INFO: Draco encoder: Encoding mesh Loose soil particles 1544.
19:14:26 | INFO: Draco encoder: Encoding mesh Loose soil particles 1545.
19:14:26 | INFO: Draco encoder: Encoding mesh Loose soil particles 1546.
19:14:26 | INFO: Draco encoder: Encoding mesh Loose soil particles 1547.
19:14:26 | INFO: Draco encoder: Encoding mesh Loose soil particles 1548.
19:14:26 | INFO: Draco encoder: Encoding mesh Loose soil particles 1549.
19:14:26 | INFO: Draco encoder: Encoding mesh Loose soil particles 1550.
19:14:26 | INFO: Draco encoder: Encoding mesh Loose soil particles 1551.
19:14:26 | INFO: Draco encoder: Encoding mesh Loose soil particles 1552.
19:14:26 | INFO: Draco encoder: Encoding mesh Loose soil particles 1553.
19:14:26 | INFO: Draco encoder: Encoding mesh Loose soil particles 1554.
19:14:26 | INFO: Draco encoder: Encoding mesh Loose soil particles 1555.
19:14:26 | INFO: Draco encoder: Encoding mesh Loose soil particles 1556.
19:14:26 | INFO: Draco encoder: Encoding mesh Loose soil particles 1557.
19:14:26 | INFO: Draco encoder: Encoding mesh Loose soil particles 1558.
19:14:26 | INFO: Draco encoder: Encoding mesh Loose soil particles 1559.
19:14:26 | INFO: Draco encoder: Encoding mesh Loose soil particles 1560.
19:14:26 | INFO: Draco encoder: Encoding mesh Loose soil particles 1561.
19:14:26 | INFO: Draco encoder: Encoding mesh Loose soil particles 1562.
19:14:26 | INFO: Draco encoder: Encoding mesh Loose soil particles 1563.
19:14:26 | INFO: Draco encoder: Encoding mesh Loose soil particles 1564.
19:14:26 | INFO: Draco encoder: Encoding mesh Loose soil particles 1565.
19:14:26 | INFO: Draco encoder: Encoding mesh Loose soil particles 1566.
19:14:26 | INFO: Draco encoder: Encoding mesh Loose soil particles 1567.
19:14:26 | INFO: Draco encoder: Encoding mesh Loose soil particles 1568.
19:14:26 | INFO: Draco encoder: Encoding mesh Loose soil particles 1569.
19:14:26 | INFO: Draco encoder: Encoding mesh Loose soil particles 1570.
19:14:26 | INFO: Draco encoder: Encoding mesh Loose soil particles 1571.
19:14:26 | INFO: Draco encoder: Encoding mesh Loose soil particles 1572.
19:14:26 | INFO: Draco encoder: Encoding mesh Loose soil particles 1573.
19:14:26 | INFO: Draco encoder: Encoding mesh Loose soil particles 1574.
19:14:26 | INFO: Draco encoder: Encoding mesh Loose soil particles 1575.
19:14:26 | INFO: Draco encoder: Encoding mesh Loose soil particles 1576.
19:14:26 | INFO: Draco encoder: Encoding mesh Loose soil particles 1577.
19:14:26 | INFO: Draco encoder: Encoding mesh Loose soil particles 1578.
19:14:26 | INFO: Draco encoder: Encoding mesh Loose soil particles 1579.
19:14:26 | INFO: Draco encoder: Encoding mesh Loose soil particles 1580.
19:14:26 | INFO: Draco encoder: Encoding mesh Loose soil particles 1581.
19:14:26 | INFO: Draco encoder: Encoding mesh Loose soil particles 1582.
19:14:26 | INFO: Draco encoder: Encoding mesh Loose soil particles 1583.
19:14:26 | INFO: Draco encoder: Encoding mesh Loose soil particles 1584.
19:14:26 | INFO: Draco encoder: Encoding mesh Loose soil particles 1585.
19:14:26 | INFO: Draco encoder: Encoding mesh Loose soil particles 1586.
19:14:26 | INFO: Draco encoder: Encoding mesh Loose soil particles 1587.
19:14:26 | INFO: Draco encoder: Encoding mesh Loose soil particles 1588.
19:14:26 | INFO: Draco encoder: Encoding mesh Loose soil particles 1589.
19:14:26 | INFO: Draco encoder: Encoding mesh Loose soil particles 1590.
19:14:26 | INFO: Draco encoder: Encoding mesh Loose soil particles 1591.
19:14:26 | INFO: Draco encoder: Encoding mesh Loose soil particles 1592.
19:14:26 | INFO: Draco encoder: Encoding mesh Loose soil particles 1593.
19:14:26 | INFO: Draco encoder: Encoding mesh Loose soil particles 1594.
19:14:26 | INFO: Draco encoder: Encoding mesh Loose soil particles 1595.
19:14:26 | INFO: Draco encoder: Encoding mesh Loose soil particles 1596.
19:14:26 | INFO: Draco encoder: Encoding mesh Loose soil particles 1597.
19:14:26 | INFO: Draco encoder: Encoding mesh Loose soil particles 1598.
19:14:26 | INFO: Draco encoder: Encoding mesh Loose soil particles 1599.
19:14:26 | INFO: Draco encoder: Encoding mesh Loose soil particles 1600.
19:14:26 | INFO: Draco encoder: Encoding mesh Loose soil particles 1601.
19:14:26 | INFO: Draco encoder: Encoding mesh Loose soil particles 1602.
19:14:26 | INFO: Draco encoder: Encoding mesh Loose soil particles 1603.
19:14:26 | INFO: Draco encoder: Encoding mesh Loose soil particles 1604.
19:14:26 | INFO: Draco encoder: Encoding mesh Loose soil particles 1605.
19:14:26 | INFO: Draco encoder: Encoding mesh Loose soil particles 1606.
19:14:26 | INFO: Draco encoder: Encoding mesh Loose soil particles 1607.
19:14:26 | INFO: Draco encoder: Encoding mesh Loose soil particles 1608.
19:14:26 | INFO: Draco encoder: Encoding mesh Loose soil particles 1609.
19:14:26 | INFO: Draco encoder: Encoding mesh Loose soil particles 1610.
19:14:26 | INFO: Draco encoder: Encoding mesh Loose soil particles 1611.
19:14:26 | INFO: Draco encoder: Encoding mesh Loose soil particles 1612.
19:14:26 | INFO: Draco encoder: Encoding mesh Loose soil particles 1613.
19:14:26 | INFO: Draco encoder: Encoding mesh Loose soil particles 1614.
19:14:26 | INFO: Draco encoder: Encoding mesh Loose soil particles 1615.
19:14:26 | INFO: Draco encoder: Encoding mesh Loose soil particles 1616.
19:14:26 | INFO: Draco encoder: Encoding mesh Loose soil particles 1617.
19:14:26 | INFO: Draco encoder: Encoding mesh Loose soil particles 1618.
19:14:26 | INFO: Draco encoder: Encoding mesh Loose soil particles 1619.
19:14:26 | INFO: Draco encoder: Encoding mesh Loose soil particles 1620.
19:14:26 | INFO: Draco encoder: Encoding mesh Loose soil particles 1621.
19:14:26 | INFO: Draco encoder: Encoding mesh Loose soil particles 1622.
19:14:26 | INFO: Draco encoder: Encoding mesh Loose soil particles 1623.
19:14:26 | INFO: Draco encoder: Encoding mesh Loose soil particles 1624.
19:14:26 | INFO: Draco encoder: Encoding mesh Loose soil particles 1625.
19:14:26 | INFO: Draco encoder: Encoding mesh Loose soil particles 1626.
19:14:26 | INFO: Draco encoder: Encoding mesh Loose soil particles 1627.
19:14:26 | INFO: Draco encoder: Encoding mesh Loose soil particles 1628.
19:14:26 | INFO: Draco encoder: Encoding mesh Loose soil particles 1629.
19:14:26 | INFO: Draco encoder: Encoding mesh Loose soil particles 1630.
19:14:26 | INFO: Draco encoder: Encoding mesh Loose soil particles 1631.
19:14:26 | INFO: Draco encoder: Encoding mesh Loose soil particles 1632.
19:14:26 | INFO: Draco encoder: Encoding mesh Loose soil particles 1633.
19:14:26 | INFO: Draco encoder: Encoding mesh Loose soil particles 1634.
19:14:26 | INFO: Draco encoder: Encoding mesh Loose soil particles 1635.
19:14:26 | INFO: Draco encoder: Encoding mesh Loose soil particles 1636.
19:14:26 | INFO: Draco encoder: Encoding mesh Loose soil particles 1637.
19:14:26 | INFO: Draco encoder: Encoding mesh Loose soil particles 1638.
19:14:26 | INFO: Draco encoder: Encoding mesh Loose soil particles 1639.
19:14:26 | INFO: Draco encoder: Encoding mesh Loose soil particles 1640.
19:14:26 | INFO: Draco encoder: Encoding mesh Loose soil particles 1641.
19:14:26 | INFO: Draco encoder: Encoding mesh Loose soil particles 1642.
19:14:26 | INFO: Draco encoder: Encoding mesh Loose soil particles 1643.
19:14:26 | INFO: Draco encoder: Encoding mesh Loose soil particles 1644.
19:14:26 | INFO: Draco encoder: Encoding mesh Loose soil particles 1645.
19:14:26 | INFO: Draco encoder: Encoding mesh Loose soil particles 1646.
19:14:26 | INFO: Draco encoder: Encoding mesh Loose soil particles 1647.
19:14:26 | INFO: Draco encoder: Encoding mesh Loose soil particles 1648.
19:14:26 | INFO: Draco encoder: Encoding mesh Loose soil particles 1649.
19:14:26 | INFO: Draco encoder: Encoding mesh Loose soil particles 1650.
19:14:26 | INFO: Draco encoder: Encoding mesh Loose soil particles 1651.
19:14:26 | INFO: Draco encoder: Encoding mesh Loose soil particles 1652.
19:14:26 | INFO: Draco encoder: Encoding mesh Loose soil particles 1653.
19:14:26 | INFO: Draco encoder: Encoding mesh Loose soil particles 1654.
19:14:26 | INFO: Draco encoder: Encoding mesh Loose soil particles 1655.
19:14:26 | INFO: Draco encoder: Encoding mesh Loose soil particles 1656.
19:14:26 | INFO: Draco encoder: Encoding mesh Loose soil particles 1657.
19:14:26 | INFO: Draco encoder: Encoding mesh Loose soil particles 1658.
19:14:26 | INFO: Draco encoder: Encoding mesh Loose soil particles 1659.
19:14:26 | INFO: Draco encoder: Encoding mesh Loose soil particles 1660.
19:14:26 | INFO: Draco encoder: Encoding mesh Loose soil particles 1661.
19:14:26 | INFO: Draco encoder: Encoding mesh Loose soil particles 1662.
19:14:26 | INFO: Draco encoder: Encoding mesh Loose soil particles 1663.
19:14:26 | INFO: Draco encoder: Encoding mesh Loose soil particles 1664.
19:14:26 | INFO: Draco encoder: Encoding mesh Loose soil particles 1665.
19:14:26 | INFO: Draco encoder: Encoding mesh Loose soil particles 1666.
19:14:26 | INFO: Draco encoder: Encoding mesh Loose soil particles 1667.
19:14:26 | INFO: Draco encoder: Encoding mesh Loose soil particles 1668.
19:14:26 | INFO: Draco encoder: Encoding mesh Loose soil particles 1669.
19:14:26 | INFO: Draco encoder: Encoding mesh Loose soil particles 1670.
19:14:26 | INFO: Draco encoder: Encoding mesh Loose soil particles 1671.
19:14:26 | INFO: Draco encoder: Encoding mesh Loose soil particles 1672.
19:14:26 | INFO: Draco encoder: Encoding mesh Loose soil particles 1673.
19:14:26 | INFO: Draco encoder: Encoding mesh Loose soil particles 1674.
19:14:26 | INFO: Draco encoder: Encoding mesh Loose soil particles 1675.
19:14:26 | INFO: Draco encoder: Encoding mesh Loose soil particles 1676.
19:14:26 | INFO: Draco encoder: Encoding mesh Loose soil particles 1677.
19:14:26 | INFO: Draco encoder: Encoding mesh Loose soil particles 1678.
19:14:26 | INFO: Draco encoder: Encoding mesh Loose soil particles 1679.
19:14:26 | INFO: Draco encoder: Encoding mesh Loose soil particles 1680.
19:14:26 | INFO: Draco encoder: Encoding mesh Loose soil particles 1681.
19:14:26 | INFO: Draco encoder: Encoding mesh Loose soil particles 1682.
19:14:26 | INFO: Draco encoder: Encoding mesh Loose soil particles 1683.
19:14:26 | INFO: Draco encoder: Encoding mesh Loose soil particles 1684.
19:14:26 | INFO: Draco encoder: Encoding mesh Loose soil particles 1685.
19:14:26 | INFO: Draco encoder: Encoding mesh Loose soil particles 1686.
19:14:26 | INFO: Draco encoder: Encoding mesh Loose soil particles 1687.
19:14:26 | INFO: Draco encoder: Encoding mesh Loose soil particles 1688.
19:14:26 | INFO: Draco encoder: Encoding mesh Loose soil particles 1689.
19:14:26 | INFO: Draco encoder: Encoding mesh Loose soil particles 1690.
19:14:26 | INFO: Draco encoder: Encoding mesh Loose soil particles 1691.
19:14:26 | INFO: Draco encoder: Encoding mesh Loose soil particles 1692.
19:14:26 | INFO: Draco encoder: Encoding mesh Loose soil particles 1693.
19:14:26 | INFO: Draco encoder: Encoding mesh Loose soil particles 1694.
19:14:26 | INFO: Draco encoder: Encoding mesh Loose soil particles 1695.
19:14:26 | INFO: Draco encoder: Encoding mesh Loose soil particles 1696.
19:14:26 | INFO: Draco encoder: Encoding mesh Loose soil particles 1697.
19:14:26 | INFO: Draco encoder: Encoding mesh Loose soil particles 1698.
19:14:26 | INFO: Draco encoder: Encoding mesh Loose soil particles 1699.
19:14:26 | INFO: Draco encoder: Encoding mesh Loose soil particles 1700.
19:14:26 | INFO: Draco encoder: Encoding mesh Loose soil particles 1701.
19:14:26 | INFO: Draco encoder: Encoding mesh Loose soil particles 1702.
19:14:26 | INFO: Draco encoder: Encoding mesh Loose soil particles 1703.
19:14:26 | INFO: Draco encoder: Encoding mesh Loose soil particles 1704.
19:14:26 | INFO: Draco encoder: Encoding mesh Loose soil particles 1705.
19:14:26 | INFO: Draco encoder: Encoding mesh Loose soil particles 1706.
19:14:26 | INFO: Draco encoder: Encoding mesh Loose soil particles 1707.
19:14:26 | INFO: Draco encoder: Encoding mesh Loose soil particles 1708.
19:14:26 | INFO: Draco encoder: Encoding mesh Loose soil particles 1709.
19:14:26 | INFO: Draco encoder: Encoding mesh Loose soil particles 1710.
19:14:26 | INFO: Draco encoder: Encoding mesh Loose soil particles 1711.
19:14:26 | INFO: Draco encoder: Encoding mesh Loose soil particles 1712.
19:14:26 | INFO: Draco encoder: Encoding mesh Loose soil particles 1713.
19:14:26 | INFO: Draco encoder: Encoding mesh Loose soil particles 1714.
19:14:26 | INFO: Draco encoder: Encoding mesh Loose soil particles 1715.
19:14:26 | INFO: Draco encoder: Encoding mesh Loose soil particles 1716.
19:14:26 | INFO: Draco encoder: Encoding mesh Loose soil particles 1717.
19:14:26 | INFO: Draco encoder: Encoding mesh Loose soil particles 1718.
19:14:26 | INFO: Draco encoder: Encoding mesh Loose soil particles 1719.
19:14:26 | INFO: Draco encoder: Encoding mesh Loose soil particles 1720.
19:14:26 | INFO: Draco encoder: Encoding mesh Loose soil particles 1721.
19:14:26 | INFO: Draco encoder: Encoding mesh Loose soil particles 1722.
19:14:26 | INFO: Draco encoder: Encoding mesh Loose soil particles 1723.
19:14:26 | INFO: Draco encoder: Encoding mesh Loose soil particles 1724.
19:14:26 | INFO: Draco encoder: Encoding mesh Loose soil particles 1725.
19:14:26 | INFO: Draco encoder: Encoding mesh Loose soil particles 1726.
19:14:26 | INFO: Draco encoder: Encoding mesh Loose soil particles 1727.
19:14:26 | INFO: Draco encoder: Encoding mesh Loose soil particles 1728.
19:14:26 | INFO: Draco encoder: Encoding mesh Loose soil particles 1729.
19:14:26 | INFO: Draco encoder: Encoding mesh Loose soil particles 1730.
19:14:26 | INFO: Draco encoder: Encoding mesh Loose soil particles 1731.
19:14:26 | INFO: Draco encoder: Encoding mesh Loose soil particles 1732.
19:14:26 | INFO: Draco encoder: Encoding mesh Loose soil particles 1733.
19:14:26 | INFO: Draco encoder: Encoding mesh Loose soil particles 1734.
19:14:26 | INFO: Draco encoder: Encoding mesh Loose soil particles 1735.
19:14:26 | INFO: Draco encoder: Encoding mesh Loose soil particles 1736.
19:14:26 | INFO: Draco encoder: Encoding mesh Loose soil particles 1737.
19:14:26 | INFO: Draco encoder: Encoding mesh Loose soil particles 1738.
19:14:26 | INFO: Draco encoder: Encoding mesh Loose soil particles 1739.
19:14:26 | INFO: Draco encoder: Encoding mesh Loose soil particles 1740.
19:14:26 | INFO: Draco encoder: Encoding mesh Loose soil particles 1741.
19:14:26 | INFO: Draco encoder: Encoding mesh Loose soil particles 1742.
19:14:26 | INFO: Draco encoder: Encoding mesh Loose soil particles 1743.
19:14:26 | INFO: Draco encoder: Encoding mesh Loose soil particles 1744.
19:14:26 | INFO: Draco encoder: Encoding mesh Loose soil particles 1745.
19:14:26 | INFO: Draco encoder: Encoding mesh Loose soil particles 1746.
19:14:26 | INFO: Draco encoder: Encoding mesh Loose soil particles 1747.
19:14:26 | INFO: Draco encoder: Encoding mesh Loose soil particles 1748.
19:14:26 | INFO: Draco encoder: Encoding mesh Loose soil particles 1749.
19:14:26 | INFO: Draco encoder: Encoding mesh Loose soil particles 1750.
19:14:26 | INFO: Draco encoder: Encoding mesh Loose soil particles 1751.
19:14:26 | INFO: Draco encoder: Encoding mesh Loose soil particles 1752.
19:14:26 | INFO: Draco encoder: Encoding mesh Loose soil particles 1753.
19:14:26 | INFO: Draco encoder: Encoding mesh Loose soil particles 1754.
19:14:26 | INFO: Draco encoder: Encoding mesh Loose soil particles 1755.
19:14:26 | INFO: Draco encoder: Encoding mesh Loose soil particles 1756.
19:14:26 | INFO: Draco encoder: Encoding mesh Loose soil particles 1757.
19:14:26 | INFO: Draco encoder: Encoding mesh Loose soil particles 1758.
19:14:26 | INFO: Draco encoder: Encoding mesh Loose soil particles 1759.
19:14:26 | INFO: Draco encoder: Encoding mesh Loose soil particles 1760.
19:14:26 | INFO: Draco encoder: Encoding mesh Loose soil particles 1761.
19:14:26 | INFO: Draco encoder: Encoding mesh Loose soil particles 1762.
19:14:26 | INFO: Draco encoder: Encoding mesh Loose soil particles 1763.
19:14:26 | INFO: Draco encoder: Encoding mesh Loose soil particles 1764.
19:14:26 | INFO: Draco encoder: Encoding mesh Loose soil particles 1765.
19:14:26 | INFO: Draco encoder: Encoding mesh Loose soil particles 1766.
19:14:26 | INFO: Draco encoder: Encoding mesh Loose soil particles 1767.
19:14:26 | INFO: Draco encoder: Encoding mesh Loose soil particles 1768.
19:14:26 | INFO: Draco encoder: Encoding mesh Loose soil particles 1769.
19:14:26 | INFO: Draco encoder: Encoding mesh Loose soil particles 1770.
19:14:26 | INFO: Draco encoder: Encoding mesh Loose soil particles 1771.
19:14:26 | INFO: Draco encoder: Encoding mesh Loose soil particles 1772.
19:14:26 | INFO: Draco encoder: Encoding mesh Loose soil particles 1773.
19:14:26 | INFO: Draco encoder: Encoding mesh Loose soil particles 1774.
19:14:26 | INFO: Draco encoder: Encoding mesh Loose soil particles 1775.
19:14:26 | INFO: Draco encoder: Encoding mesh Loose soil particles 1776.
19:14:26 | INFO: Draco encoder: Encoding mesh Loose soil particles 1777.
19:14:26 | INFO: Draco encoder: Encoding mesh Loose soil particles 1778.
19:14:26 | INFO: Draco encoder: Encoding mesh Loose soil particles 1779.
19:14:26 | INFO: Draco encoder: Encoding mesh Loose soil particles 1780.
19:14:26 | INFO: Draco encoder: Encoding mesh Loose soil particles 1781.
19:14:26 | INFO: Draco encoder: Encoding mesh Loose soil particles 1782.
19:14:26 | INFO: Draco encoder: Encoding mesh Loose soil particles 1783.
19:14:26 | INFO: Draco encoder: Encoding mesh Loose soil particles 1784.
19:14:26 | INFO: Draco encoder: Encoding mesh Loose soil particles 1785.
19:14:26 | INFO: Draco encoder: Encoding mesh Loose soil particles 1786.
19:14:26 | INFO: Draco encoder: Encoding mesh Loose soil particles 1787.
19:14:26 | INFO: Draco encoder: Encoding mesh Loose soil particles 1788.
19:14:26 | INFO: Draco encoder: Encoding mesh Loose soil particles 1789.
19:14:26 | INFO: Draco encoder: Encoding mesh Loose soil particles 1790.
19:14:26 | INFO: Draco encoder: Encoding mesh Loose soil particles 1791.
19:14:26 | INFO: Draco encoder: Encoding mesh Loose soil particles 1792.
19:14:26 | INFO: Draco encoder: Encoding mesh Loose soil particles 1793.
19:14:26 | INFO: Draco encoder: Encoding mesh Loose soil particles 1794.
19:14:26 | INFO: Draco encoder: Encoding mesh Loose soil particles 1795.
19:14:26 | INFO: Draco encoder: Encoding mesh Loose soil particles 1796.
19:14:26 | INFO: Draco encoder: Encoding mesh Loose soil particles 1797.
19:14:26 | INFO: Draco encoder: Encoding mesh Loose soil particles 1798.
19:14:26 | INFO: Draco encoder: Encoding mesh Loose soil particles 1799.
19:14:26 | INFO: Draco encoder: Encoding mesh Loose soil particles 1800.
19:14:26 | INFO: Draco encoder: Encoding mesh Loose soil particles 1801.
19:14:26 | INFO: Draco encoder: Encoding mesh Loose soil particles 1802.
19:14:26 | INFO: Draco encoder: Encoding mesh Loose soil particles 1803.
19:14:26 | INFO: Draco encoder: Encoding mesh Loose soil particles 1804.
19:14:26 | INFO: Draco encoder: Encoding mesh Loose soil particles 1805.
19:14:26 | INFO: Draco encoder: Encoding mesh Loose soil particles 1806.
19:14:26 | INFO: Draco encoder: Encoding mesh Loose soil particles 1807.
19:14:26 | INFO: Draco encoder: Encoding mesh Loose soil particles 1808.
19:14:26 | INFO: Draco encoder: Encoding mesh Loose soil particles 1809.
19:14:26 | INFO: Draco encoder: Encoding mesh Loose soil particles 1810.
19:14:26 | INFO: Draco encoder: Encoding mesh Loose soil particles 1811.
19:14:26 | INFO: Draco encoder: Encoding mesh Loose soil particles 1812.
19:14:26 | INFO: Draco encoder: Encoding mesh Loose soil particles 1813.
19:14:26 | INFO: Draco encoder: Encoding mesh Loose soil particles 1814.
19:14:26 | INFO: Draco encoder: Encoding mesh Loose soil particles 1815.
19:14:26 | INFO: Draco encoder: Encoding mesh Loose soil particles 1816.
19:14:26 | INFO: Draco encoder: Encoding mesh Loose soil particles 1817.
19:14:26 | INFO: Draco encoder: Encoding mesh Loose soil particles 1818.
19:14:26 | INFO: Draco encoder: Encoding mesh Loose soil particles 1819.
19:14:26 | INFO: Draco encoder: Encoding mesh Loose soil particles 1820.
19:14:26 | INFO: Draco encoder: Encoding mesh Loose soil particles 1821.
19:14:26 | INFO: Draco encoder: Encoding mesh Loose soil particles 1822.
19:14:26 | INFO: Draco encoder: Encoding mesh Loose soil particles 1823.
19:14:26 | INFO: Draco encoder: Encoding mesh Loose soil particles 1824.
19:14:26 | INFO: Draco encoder: Encoding mesh Loose soil particles 1825.
19:14:26 | INFO: Draco encoder: Encoding mesh Loose soil particles 1826.
19:14:26 | INFO: Draco encoder: Encoding mesh Loose soil particles 1827.
19:14:26 | INFO: Draco encoder: Encoding mesh Loose soil particles 1828.
19:14:26 | INFO: Draco encoder: Encoding mesh Loose soil particles 1829.
19:14:26 | INFO: Draco encoder: Encoding mesh Loose soil particles 1830.
19:14:26 | INFO: Draco encoder: Encoding mesh Loose soil particles 1831.
19:14:26 | INFO: Draco encoder: Encoding mesh Loose soil particles 1832.
19:14:26 | INFO: Draco encoder: Encoding mesh Loose soil particles 1833.
19:14:26 | INFO: Draco encoder: Encoding mesh Loose soil particles 1834.
19:14:26 | INFO: Draco encoder: Encoding mesh Loose soil particles 1835.
19:14:26 | INFO: Draco encoder: Encoding mesh Loose soil particles 1836.
19:14:26 | INFO: Draco encoder: Encoding mesh Loose soil particles 1837.
19:14:26 | INFO: Draco encoder: Encoding mesh Loose soil particles 1838.
19:14:26 | INFO: Draco encoder: Encoding mesh Loose soil particles 1839.
19:14:26 | INFO: Draco encoder: Encoding mesh Loose soil particles 1840.
19:14:26 | INFO: Draco encoder: Encoding mesh Loose soil particles 1841.
19:14:26 | INFO: Draco encoder: Encoding mesh Loose soil particles 1842.
19:14:26 | INFO: Draco encoder: Encoding mesh Loose soil particles 1843.
19:14:26 | INFO: Draco encoder: Encoding mesh Loose soil particles 1844.
19:14:26 | INFO: Draco encoder: Encoding mesh Loose soil particles 1845.
19:14:26 | INFO: Draco encoder: Encoding mesh Loose soil particles 1846.
19:14:26 | INFO: Draco encoder: Encoding mesh Loose soil particles 1847.
19:14:26 | INFO: Draco encoder: Encoding mesh Loose soil particles 1848.
19:14:26 | INFO: Draco encoder: Encoding mesh Loose soil particles 1849.
19:14:26 | INFO: Draco encoder: Encoding mesh Loose soil particles 1850.
19:14:26 | INFO: Draco encoder: Encoding mesh Loose soil particles 1851.
19:14:26 | INFO: Draco encoder: Encoding mesh Loose soil particles 1852.
19:14:26 | INFO: Draco encoder: Encoding mesh Loose soil particles 1853.
19:14:26 | INFO: Draco encoder: Encoding mesh Loose soil particles 1854.
19:14:26 | INFO: Draco encoder: Encoding mesh Loose soil particles 1855.
19:14:26 | INFO: Draco encoder: Encoding mesh Loose soil particles 1856.
19:14:26 | INFO: Draco encoder: Encoding mesh Loose soil particles 1857.
19:14:26 | INFO: Draco encoder: Encoding mesh Loose soil particles 1858.
19:14:26 | INFO: Draco encoder: Encoding mesh Loose soil particles 1859.
19:14:26 | INFO: Draco encoder: Encoding mesh Loose soil particles 1860.
19:14:26 | INFO: Draco encoder: Encoding mesh Loose soil particles 1861.
19:14:26 | INFO: Draco encoder: Encoding mesh Loose soil particles 1862.
19:14:26 | INFO: Draco encoder: Encoding mesh Loose soil particles 1863.
19:14:26 | INFO: Draco encoder: Encoding mesh Loose soil particles 1864.
19:14:26 | INFO: Draco encoder: Encoding mesh Loose soil particles 1865.
19:14:26 | INFO: Draco encoder: Encoding mesh Loose soil particles 1866.
19:14:26 | INFO: Draco encoder: Encoding mesh Loose soil particles 1867.
19:14:26 | INFO: Draco encoder: Encoding mesh Loose soil particles 1868.
19:14:26 | INFO: Draco encoder: Encoding mesh Loose soil particles 1869.
19:14:26 | INFO: Draco encoder: Encoding mesh Loose soil particles 1870.
19:14:26 | INFO: Draco encoder: Encoding mesh Loose soil particles 1871.
19:14:26 | INFO: Draco encoder: Encoding mesh Loose soil particles 1872.
19:14:26 | INFO: Draco encoder: Encoding mesh Loose soil particles 1873.
19:14:26 | INFO: Draco encoder: Encoding mesh Loose soil particles 1874.
19:14:26 | INFO: Draco encoder: Encoding mesh Loose soil particles 1875.
19:14:26 | INFO: Draco encoder: Encoding mesh Loose soil particles 1876.
19:14:26 | INFO: Draco encoder: Encoding mesh Loose soil particles 1877.
19:14:26 | INFO: Draco encoder: Encoding mesh Loose soil particles 1878.
19:14:26 | INFO: Draco encoder: Encoding mesh Loose soil particles 1879.
19:14:26 | INFO: Draco encoder: Encoding mesh Loose soil particles 1880.
19:14:26 | INFO: Draco encoder: Encoding mesh Loose soil particles 1881.
19:14:26 | INFO: Draco encoder: Encoding mesh Loose soil particles 1882.
19:14:26 | INFO: Draco encoder: Encoding mesh Loose soil particles 1883.
19:14:26 | INFO: Draco encoder: Encoding mesh Loose soil particles 1884.
19:14:26 | INFO: Draco encoder: Encoding mesh Loose soil particles 1885.
19:14:26 | INFO: Draco encoder: Encoding mesh Loose soil particles 1886.
19:14:26 | INFO: Draco encoder: Encoding mesh Loose soil particles 1887.
19:14:26 | INFO: Draco encoder: Encoding mesh Loose soil particles 1888.
19:14:26 | INFO: Draco encoder: Encoding mesh Loose soil particles 1889.
19:14:26 | INFO: Draco encoder: Encoding mesh Loose soil particles 1890.
19:14:26 | INFO: Draco encoder: Encoding mesh Loose soil particles 1891.
19:14:26 | INFO: Draco encoder: Encoding mesh Loose soil particles 1892.
19:14:26 | INFO: Draco encoder: Encoding mesh Loose soil particles 1893.
19:14:26 | INFO: Draco encoder: Encoding mesh Loose soil particles 1894.
19:14:26 | INFO: Draco encoder: Encoding mesh Loose soil particles 1895.
19:14:26 | INFO: Draco encoder: Encoding mesh Loose soil particles 1896.
19:14:26 | INFO: Draco encoder: Encoding mesh Loose soil particles 1897.
19:14:26 | INFO: Draco encoder: Encoding mesh Loose soil particles 1898.
19:14:26 | INFO: Draco encoder: Encoding mesh Loose soil particles 1899.
19:14:26 | INFO: Draco encoder: Encoding mesh Loose soil particles 1900.
19:14:26 | INFO: Draco encoder: Encoding mesh Loose soil particles 1901.
19:14:26 | INFO: Draco encoder: Encoding mesh Loose soil particles 1902.
19:14:26 | INFO: Draco encoder: Encoding mesh Loose soil particles 1903.
19:14:26 | INFO: Draco encoder: Encoding mesh Loose soil particles 1904.
19:14:26 | INFO: Draco encoder: Encoding mesh Loose soil particles 1905.
19:14:26 | INFO: Draco encoder: Encoding mesh Loose soil particles 1906.
19:14:26 | INFO: Draco encoder: Encoding mesh Loose soil particles 1907.
19:14:26 | INFO: Draco encoder: Encoding mesh Loose soil particles 1908.
19:14:26 | INFO: Draco encoder: Encoding mesh Loose soil particles 1909.
19:14:26 | INFO: Draco encoder: Encoding mesh Loose soil particles 1910.
19:14:26 | INFO: Draco encoder: Encoding mesh Loose soil particles 1911.
19:14:26 | INFO: Draco encoder: Encoding mesh Loose soil particles 1912.
19:14:26 | INFO: Draco encoder: Encoding mesh Loose soil particles 1913.
19:14:26 | INFO: Draco encoder: Encoding mesh Loose soil particles 1914.
19:14:26 | INFO: Draco encoder: Encoding mesh Loose soil particles 1915.
19:14:26 | INFO: Draco encoder: Encoding mesh Loose soil particles 1916.
19:14:26 | INFO: Draco encoder: Encoding mesh Loose soil particles 1917.
19:14:26 | INFO: Draco encoder: Encoding mesh Loose soil particles 1918.
19:14:26 | INFO: Draco encoder: Encoding mesh Loose soil particles 1919.
19:14:26 | INFO: Draco encoder: Encoding mesh Loose soil particles 1920.
19:14:26 | INFO: Draco encoder: Encoding mesh Loose soil particles 1921.
19:14:26 | INFO: Draco encoder: Encoding mesh Loose soil particles 1922.
19:14:26 | INFO: Draco encoder: Encoding mesh Loose soil particles 1923.
19:14:26 | INFO: Draco encoder: Encoding mesh Loose soil particles 1924.
19:14:26 | INFO: Draco encoder: Encoding mesh Loose soil particles 1925.
19:14:26 | INFO: Draco encoder: Encoding mesh Loose soil particles 1926.
19:14:26 | INFO: Draco encoder: Encoding mesh Loose soil particles 1927.
19:14:26 | INFO: Draco encoder: Encoding mesh Loose soil particles 1928.
19:14:26 | INFO: Draco encoder: Encoding mesh Loose soil particles 1929.
19:14:26 | INFO: Draco encoder: Encoding mesh Loose soil particles 1930.
19:14:26 | INFO: Draco encoder: Encoding mesh Loose soil particles 1931.
19:14:26 | INFO: Draco encoder: Encoding mesh Loose soil particles 1932.
19:14:26 | INFO: Draco encoder: Encoding mesh Loose soil particles 1933.
19:14:26 | INFO: Draco encoder: Encoding mesh Loose soil particles 1934.
19:14:26 | INFO: Draco encoder: Encoding mesh Loose soil particles 1935.
19:14:26 | INFO: Draco encoder: Encoding mesh Loose soil particles 1936.
19:14:26 | INFO: Draco encoder: Encoding mesh Loose soil particles 1937.
19:14:26 | INFO: Draco encoder: Encoding mesh Loose soil particles 1938.
19:14:26 | INFO: Draco encoder: Encoding mesh Loose soil particles 1939.
19:14:26 | INFO: Draco encoder: Encoding mesh Loose soil particles 1940.
19:14:26 | INFO: Draco encoder: Encoding mesh Loose soil particles 1941.
19:14:26 | INFO: Draco encoder: Encoding mesh Loose soil particles 1942.
19:14:26 | INFO: Draco encoder: Encoding mesh Loose soil particles 1943.
19:14:26 | INFO: Draco encoder: Encoding mesh Loose soil particles 1944.
19:14:26 | INFO: Draco encoder: Encoding mesh Loose soil particles 1945.
19:14:26 | INFO: Draco encoder: Encoding mesh Loose soil particles 1946.
19:14:26 | INFO: Draco encoder: Encoding mesh Loose soil particles 1947.
19:14:26 | INFO: Draco encoder: Encoding mesh Loose soil particles 1948.
19:14:26 | INFO: Draco encoder: Encoding mesh Loose soil particles 1949.
19:14:26 | INFO: Draco encoder: Encoding mesh Loose soil particles 1950.
19:14:26 | INFO: Draco encoder: Encoding mesh Loose soil particles 1951.
19:14:26 | INFO: Draco encoder: Encoding mesh Loose soil particles 1952.
19:14:26 | INFO: Draco encoder: Encoding mesh Loose soil particles 1953.
19:14:26 | INFO: Draco encoder: Encoding mesh Loose soil particles 1954.
19:14:26 | INFO: Draco encoder: Encoding mesh Loose soil particles 1955.
19:14:26 | INFO: Draco encoder: Encoding mesh Loose soil particles 1956.
19:14:26 | INFO: Draco encoder: Encoding mesh Loose soil particles 1957.
19:14:26 | INFO: Draco encoder: Encoding mesh Loose soil particles 1958.
19:14:26 | INFO: Draco encoder: Encoding mesh Loose soil particles 1959.
19:14:26 | INFO: Draco encoder: Encoding mesh Loose soil particles 1960.
19:14:26 | INFO: Draco encoder: Encoding mesh Loose soil particles 1961.
19:14:26 | INFO: Draco encoder: Encoding mesh Loose soil particles 1962.
19:14:26 | INFO: Draco encoder: Encoding mesh Loose soil particles 1963.
19:14:26 | INFO: Draco encoder: Encoding mesh Loose soil particles 1964.
19:14:26 | INFO: Draco encoder: Encoding mesh Loose soil particles 1965.
19:14:26 | INFO: Draco encoder: Encoding mesh Loose soil particles 1966.
19:14:26 | INFO: Draco encoder: Encoding mesh Loose soil particles 1967.
19:14:26 | INFO: Draco encoder: Encoding mesh Loose soil particles 1968.
19:14:26 | INFO: Draco encoder: Encoding mesh Loose soil particles 1969.
19:14:26 | INFO: Draco encoder: Encoding mesh Loose soil particles 1970.
19:14:26 | INFO: Draco encoder: Encoding mesh Loose soil particles 1971.
19:14:26 | INFO: Draco encoder: Encoding mesh Loose soil particles 1972.
19:14:26 | INFO: Draco encoder: Encoding mesh Loose soil particles 1973.
19:14:26 | INFO: Draco encoder: Encoding mesh Loose soil particles 1974.
19:14:26 | INFO: Draco encoder: Encoding mesh Loose soil particles 1975.
19:14:26 | INFO: Draco encoder: Encoding mesh Loose soil particles 1976.
19:14:26 | INFO: Draco encoder: Encoding mesh Loose soil particles 1977.
19:14:26 | INFO: Draco encoder: Encoding mesh Loose soil particles 1978.
19:14:26 | INFO: Draco encoder: Encoding mesh Loose soil particles 1979.
19:14:26 | INFO: Draco encoder: Encoding mesh Loose soil particles 1980.
19:14:26 | INFO: Draco encoder: Encoding mesh Loose soil particles 1981.
19:14:26 | INFO: Draco encoder: Encoding mesh Loose soil particles 1982.
19:14:26 | INFO: Draco encoder: Encoding mesh Loose soil particles 1983.
19:14:26 | INFO: Draco encoder: Encoding mesh Loose soil particles 1984.
19:14:26 | INFO: Draco encoder: Encoding mesh Loose soil particles 1985.
19:14:26 | INFO: Draco encoder: Encoding mesh Loose soil particles 1986.
19:14:26 | INFO: Draco encoder: Encoding mesh Loose soil particles 1987.
19:14:26 | INFO: Draco encoder: Encoding mesh Loose soil particles 1988.
19:14:26 | INFO: Draco encoder: Encoding mesh Loose soil particles 1989.
19:14:26 | INFO: Draco encoder: Encoding mesh Loose soil particles 1990.
19:14:26 | INFO: Draco encoder: Encoding mesh Loose soil particles 1991.
19:14:26 | INFO: Draco encoder: Encoding mesh Loose soil particles 1992.
19:14:26 | INFO: Draco encoder: Encoding mesh Loose soil particles 1993.
19:14:26 | INFO: Draco encoder: Encoding mesh Loose soil particles 1994.
19:14:26 | INFO: Draco encoder: Encoding mesh Loose soil particles 1995.
19:14:26 | INFO: Draco encoder: Encoding mesh Loose soil particles 1996.
19:14:26 | INFO: Draco encoder: Encoding mesh Loose soil particles 1997.
19:14:26 | INFO: Draco encoder: Encoding mesh Loose soil particles 1998.
19:14:26 | INFO: Draco encoder: Encoding mesh Loose soil particles 1999.
19:14:26 | INFO: Draco encoder: Encoding mesh Loose soil particles 2000.
19:14:26 | INFO: Draco encoder: Encoding mesh Loose soil particles 2001.
19:14:26 | INFO: Draco encoder: Encoding mesh Loose soil particles 2002.
19:14:26 | INFO: Draco encoder: Encoding mesh Loose soil particles 2003.
19:14:26 | INFO: Draco encoder: Encoding mesh Loose soil particles 2004.
19:14:26 | INFO: Draco encoder: Encoding mesh Loose soil particles 2005.
19:14:26 | INFO: Draco encoder: Encoding mesh Loose soil particles 2006.
19:14:26 | INFO: Draco encoder: Encoding mesh Loose soil particles 2007.
19:14:26 | INFO: Draco encoder: Encoding mesh Loose soil particles 2008.
19:14:26 | INFO: Draco encoder: Encoding mesh Loose soil particles 2009.
19:14:26 | INFO: Draco encoder: Encoding mesh Loose soil particles 2010.
19:14:26 | INFO: Draco encoder: Encoding mesh Loose soil particles 2011.
19:14:26 | INFO: Draco encoder: Encoding mesh Loose soil particles 2012.
19:14:26 | INFO: Draco encoder: Encoding mesh Loose soil particles 2013.
19:14:26 | INFO: Draco encoder: Encoding mesh Loose soil particles 2014.
19:14:26 | INFO: Draco encoder: Encoding mesh Loose soil particles 2015.
19:14:26 | INFO: Draco encoder: Encoding mesh Loose soil particles 2016.
19:14:26 | INFO: Draco encoder: Encoding mesh Loose soil particles 2017.
19:14:26 | INFO: Draco encoder: Encoding mesh Loose soil particles 2018.
19:14:26 | INFO: Draco encoder: Encoding mesh Loose soil particles 2019.
19:14:26 | INFO: Draco encoder: Encoding mesh Loose soil particles 2020.
19:14:26 | INFO: Draco encoder: Encoding mesh Loose soil particles 2021.
19:14:26 | INFO: Draco encoder: Encoding mesh Loose soil particles 2022.
19:14:26 | INFO: Draco encoder: Encoding mesh Loose soil particles 2023.
19:14:26 | INFO: Draco encoder: Encoding mesh Loose soil particles 2024.
19:14:26 | INFO: Draco encoder: Encoding mesh Loose soil particles 2025.
19:14:26 | INFO: Draco encoder: Encoding mesh Loose soil particles 2026.
19:14:26 | INFO: Draco encoder: Encoding mesh Loose soil particles 2027.
19:14:26 | INFO: Draco encoder: Encoding mesh Loose soil particles 2028.
19:14:26 | INFO: Draco encoder: Encoding mesh Loose soil particles 2029.
19:14:26 | INFO: Draco encoder: Encoding mesh Loose soil particles 2030.
19:14:26 | INFO: Draco encoder: Encoding mesh Loose soil particles 2031.
19:14:26 | INFO: Draco encoder: Encoding mesh Loose soil particles 2032.
19:14:26 | INFO: Draco encoder: Encoding mesh Loose soil particles 2033.
19:14:26 | INFO: Draco encoder: Encoding mesh Loose soil particles 2034.
19:14:26 | INFO: Draco encoder: Encoding mesh Loose soil particles 2035.
19:14:26 | INFO: Draco encoder: Encoding mesh Loose soil particles 2036.
19:14:26 | INFO: Draco encoder: Encoding mesh Loose soil particles 2037.
19:14:26 | INFO: Draco encoder: Encoding mesh Loose soil particles 2038.
19:14:26 | INFO: Draco encoder: Encoding mesh Loose soil particles 2039.
19:14:26 | INFO: Draco encoder: Encoding mesh Loose soil particles 2040.
19:14:26 | INFO: Draco encoder: Encoding mesh Loose soil particles 2041.
19:14:26 | INFO: Draco encoder: Encoding mesh Loose soil particles 2042.
19:14:26 | INFO: Draco encoder: Encoding mesh Loose soil particles 2043.
19:14:26 | INFO: Draco encoder: Encoding mesh Loose soil particles 2044.
19:14:26 | INFO: Draco encoder: Encoding mesh Loose soil particles 2045.
19:14:26 | INFO: Draco encoder: Encoding mesh Loose soil particles 2046.
19:14:26 | INFO: Draco encoder: Encoding mesh Loose soil particles 2047.
19:14:26 | INFO: Draco encoder: Encoding mesh Loose soil particles 2048.
19:14:26 | INFO: Draco encoder: Encoding mesh Loose soil particles 2049.
19:14:26 | INFO: Draco encoder: Encoding mesh Loose soil particles 2050.
19:14:26 | INFO: Draco encoder: Encoding mesh Loose soil particles 2051.
19:14:26 | INFO: Draco encoder: Encoding mesh Loose soil particles 2052.
19:14:26 | INFO: Draco encoder: Encoding mesh Loose soil particles 2053.
19:14:26 | INFO: Draco encoder: Encoding mesh Loose soil particles 2054.
19:14:26 | INFO: Draco encoder: Encoding mesh Loose soil particles 2055.
19:14:26 | INFO: Draco encoder: Encoding mesh Loose soil particles 2056.
19:14:26 | INFO: Draco encoder: Encoding mesh Loose soil particles 2057.
19:14:26 | INFO: Draco encoder: Encoding mesh Loose soil particles 2058.
19:14:26 | INFO: Draco encoder: Encoding mesh Loose soil particles 2059.
19:14:26 | INFO: Draco encoder: Encoding mesh Loose soil particles 2060.
19:14:26 | INFO: Draco encoder: Encoding mesh Loose soil particles 2061.
19:14:26 | INFO: Draco encoder: Encoding mesh Loose soil particles 2062.
19:14:26 | INFO: Draco encoder: Encoding mesh Loose soil particles 2063.
19:14:26 | INFO: Draco encoder: Encoding mesh Loose soil particles 2064.
19:14:26 | INFO: Draco encoder: Encoding mesh Loose soil particles 2065.
19:14:26 | INFO: Draco encoder: Encoding mesh Loose soil particles 2066.
19:14:26 | INFO: Draco encoder: Encoding mesh Loose soil particles 2067.
19:14:26 | INFO: Draco encoder: Encoding mesh Loose soil particles 2068.
19:14:26 | INFO: Draco encoder: Encoding mesh Loose soil particles 2069.
19:14:26 | INFO: Draco encoder: Encoding mesh Loose soil particles 2070.
19:14:26 | INFO: Draco encoder: Encoding mesh Loose soil particles 2071.
19:14:26 | INFO: Draco encoder: Encoding mesh Loose soil particles 2072.
19:14:26 | INFO: Draco encoder: Encoding mesh Loose soil particles 2073.
19:14:26 | INFO: Draco encoder: Encoding mesh Loose soil particles 2074.
19:14:26 | INFO: Draco encoder: Encoding mesh Loose soil particles 2075.
19:14:26 | INFO: Draco encoder: Encoding mesh Loose soil particles 2076.
19:14:26 | INFO: Draco encoder: Encoding mesh Loose soil particles 2077.
19:14:26 | INFO: Draco encoder: Encoding mesh Loose soil particles 2078.
19:14:26 | INFO: Draco encoder: Encoding mesh Loose soil particles 2079.
19:14:26 | INFO: Draco encoder: Encoding mesh Loose soil particles 2080.
19:14:26 | INFO: Draco encoder: Encoding mesh Loose soil particles 2081.
19:14:26 | INFO: Draco encoder: Encoding mesh Loose soil particles 2082.
19:14:26 | INFO: Draco encoder: Encoding mesh Loose soil particles 2083.
19:14:26 | INFO: Draco encoder: Encoding mesh Loose soil particles 2084.
19:14:26 | INFO: Draco encoder: Encoding mesh Loose soil particles 2085.
19:14:26 | INFO: Draco encoder: Encoding mesh Loose soil particles 2086.
19:14:26 | INFO: Draco encoder: Encoding mesh Loose soil particles 2087.
19:14:26 | INFO: Draco encoder: Encoding mesh Loose soil particles 2088.
19:14:26 | INFO: Draco encoder: Encoding mesh Loose soil particles 2089.
19:14:26 | INFO: Draco encoder: Encoding mesh Loose soil particles 2090.
19:14:26 | INFO: Draco encoder: Encoding mesh Loose soil particles 2091.
19:14:26 | INFO: Draco encoder: Encoding mesh Loose soil particles 2092.
19:14:26 | INFO: Draco encoder: Encoding mesh Loose soil particles 2093.
19:14:26 | INFO: Draco encoder: Encoding mesh Loose soil particles 2094.
19:14:26 | INFO: Draco encoder: Encoding mesh Loose soil particles 2095.
19:14:26 | INFO: Draco encoder: Encoding mesh Loose soil particles 2096.
19:14:26 | INFO: Draco encoder: Encoding mesh Loose soil particles 2097.
19:14:26 | INFO: Draco encoder: Encoding mesh Loose soil particles 2098.
19:14:26 | INFO: Draco encoder: Encoding mesh Loose soil particles 2099.
19:14:26 | INFO: Draco encoder: Encoding mesh Loose soil particles 2100.
19:14:26 | INFO: Draco encoder: Encoding mesh Loose soil particles 2101.
19:14:26 | INFO: Draco encoder: Encoding mesh Loose soil particles 2102.
19:14:26 | INFO: Draco encoder: Encoding mesh Loose soil particles 2103.
19:14:26 | INFO: Draco encoder: Encoding mesh Loose soil particles 2104.
19:14:26 | INFO: Draco encoder: Encoding mesh Loose soil particles 2105.
19:14:26 | INFO: Draco encoder: Encoding mesh Loose soil particles 2106.
19:14:26 | INFO: Draco encoder: Encoding mesh Loose soil particles 2107.
19:14:26 | INFO: Draco encoder: Encoding mesh Loose soil particles 2108.
19:14:26 | INFO: Draco encoder: Encoding mesh Loose soil particles 2109.
19:14:26 | INFO: Draco encoder: Encoding mesh Loose soil particles 2110.
19:14:26 | INFO: Draco encoder: Encoding mesh Loose soil particles 2111.
19:14:26 | INFO: Draco encoder: Encoding mesh Loose soil particles 2112.
19:14:26 | INFO: Draco encoder: Encoding mesh Loose soil particles 2113.
19:14:26 | INFO: Draco encoder: Encoding mesh Loose soil particles 2114.
19:14:26 | INFO: Draco encoder: Encoding mesh Loose soil particles 2115.
19:14:26 | INFO: Draco encoder: Encoding mesh Loose soil particles 2116.
19:14:26 | INFO: Draco encoder: Encoding mesh Loose soil particles 2117.
19:14:26 | INFO: Draco encoder: Encoding mesh Loose soil particles 2118.
19:14:26 | INFO: Draco encoder: Encoding mesh Loose soil particles 2119.
19:14:26 | INFO: Draco encoder: Encoding mesh Loose soil particles 2120.
19:14:26 | INFO: Draco encoder: Encoding mesh Loose soil particles 2121.
19:14:26 | INFO: Draco encoder: Encoding mesh Loose soil particles 2122.
19:14:26 | INFO: Draco encoder: Encoding mesh Loose soil particles 2123.
19:14:26 | INFO: Draco encoder: Encoding mesh Loose soil particles 2124.
19:14:26 | INFO: Draco encoder: Encoding mesh Loose soil particles 2125.
19:14:26 | INFO: Draco encoder: Encoding mesh Loose soil particles 2126.
19:14:26 | INFO: Draco encoder: Encoding mesh Loose soil particles 2127.
19:14:26 | INFO: Draco encoder: Encoding mesh Loose soil particles 2128.
19:14:26 | INFO: Draco encoder: Encoding mesh Loose soil particles 2129.
19:14:26 | INFO: Draco encoder: Encoding mesh Loose soil particles 2130.
19:14:26 | INFO: Draco encoder: Encoding mesh Loose soil particles 2131.
19:14:26 | INFO: Draco encoder: Encoding mesh Loose soil particles 2132.
19:14:26 | INFO: Draco encoder: Encoding mesh Loose soil particles 2133.
19:14:26 | INFO: Draco encoder: Encoding mesh Loose soil particles 2134.
19:14:26 | INFO: Draco encoder: Encoding mesh Loose soil particles 2135.
19:14:26 | INFO: Draco encoder: Encoding mesh Loose soil particles 2136.
19:14:26 | INFO: Draco encoder: Encoding mesh Loose soil particles 2137.
19:14:26 | INFO: Draco encoder: Encoding mesh Loose soil particles 2138.
19:14:26 | INFO: Draco encoder: Encoding mesh Loose soil particles 2139.
19:14:26 | INFO: Draco encoder: Encoding mesh Loose soil particles 2140.
19:14:26 | INFO: Draco encoder: Encoding mesh Loose soil particles 2141.
19:14:26 | INFO: Draco encoder: Encoding mesh Loose soil particles 2142.
19:14:26 | INFO: Draco encoder: Encoding mesh Loose soil particles 2143.
19:14:26 | INFO: Draco encoder: Encoding mesh Loose soil particles 2144.
19:14:26 | INFO: Draco encoder: Encoding mesh Loose soil particles 2145.
19:14:26 | INFO: Draco encoder: Encoding mesh Loose soil particles 2146.
19:14:26 | INFO: Draco encoder: Encoding mesh Loose soil particles 2147.
19:14:26 | INFO: Draco encoder: Encoding mesh Loose soil particles 2148.
19:14:26 | INFO: Draco encoder: Encoding mesh Loose soil particles 2149.
19:14:26 | INFO: Draco encoder: Encoding mesh Loose soil particles 2150.
19:14:26 | INFO: Draco encoder: Encoding mesh Loose soil particles 2151.
19:14:26 | INFO: Draco encoder: Encoding mesh Loose soil particles 2152.
19:14:26 | INFO: Draco encoder: Encoding mesh Loose soil particles 2153.
19:14:26 | INFO: Draco encoder: Encoding mesh Loose soil particles 2154.
19:14:26 | INFO: Draco encoder: Encoding mesh Loose soil particles 2155.
19:14:26 | INFO: Draco encoder: Encoding mesh Loose soil particles 2156.
19:14:26 | INFO: Draco encoder: Encoding mesh Loose soil particles 2157.
19:14:26 | INFO: Draco encoder: Encoding mesh Loose soil particles 2158.
19:14:26 | INFO: Draco encoder: Encoding mesh Loose soil particles 2159.
19:14:26 | INFO: Draco encoder: Encoding mesh Loose soil particles 2160.
19:14:26 | INFO: Draco encoder: Encoding mesh Loose soil particles 2161.
19:14:26 | INFO: Draco encoder: Encoding mesh Loose soil particles 2162.
19:14:26 | INFO: Draco encoder: Encoding mesh Loose soil particles 2163.
19:14:26 | INFO: Draco encoder: Encoding mesh Loose soil particles 2164.
19:14:26 | INFO: Draco encoder: Encoding mesh Loose soil particles 2165.
19:14:26 | INFO: Draco encoder: Encoding mesh Loose soil particles 2166.
19:14:26 | INFO: Draco encoder: Encoding mesh Loose soil particles 2167.
19:14:26 | INFO: Draco encoder: Encoding mesh Loose soil particles 2168.
19:14:26 | INFO: Draco encoder: Encoding mesh Loose soil particles 2169.
19:14:26 | INFO: Draco encoder: Encoding mesh Loose soil particles 2170.
19:14:26 | INFO: Draco encoder: Encoding mesh Loose soil particles 2171.
19:14:26 | INFO: Draco encoder: Encoding mesh Loose soil particles 2172.
19:14:26 | INFO: Draco encoder: Encoding mesh Loose soil particles 2173.
19:14:26 | INFO: Draco encoder: Encoding mesh Loose soil particles 2174.
19:14:26 | INFO: Draco encoder: Encoding mesh Loose soil particles 2175.
19:14:26 | INFO: Draco encoder: Encoding mesh Loose soil particles 2176.
19:14:26 | INFO: Draco encoder: Encoding mesh Loose soil particles 2177.
19:14:26 | INFO: Draco encoder: Encoding mesh Loose soil particles 2178.
19:14:26 | INFO: Draco encoder: Encoding mesh Loose soil particles 2179.
19:14:26 | INFO: Draco encoder: Encoding mesh Loose soil particles 2180.
19:14:26 | INFO: Draco encoder: Encoding mesh Loose soil particles 2181.
19:14:26 | INFO: Draco encoder: Encoding mesh Loose soil particles 2182.
19:14:26 | INFO: Draco encoder: Encoding mesh Loose soil particles 2183.
19:14:26 | INFO: Draco encoder: Encoding mesh Loose soil particles 2184.
19:14:26 | INFO: Draco encoder: Encoding mesh Loose soil particles 2185.
19:14:26 | INFO: Draco encoder: Encoding mesh Loose soil particles 2186.
19:14:26 | INFO: Draco encoder: Encoding mesh Loose soil particles 2187.
19:14:26 | INFO: Draco encoder: Encoding mesh Loose soil particles 2188.
19:14:26 | INFO: Draco encoder: Encoding mesh Loose soil particles 2189.
19:14:26 | INFO: Draco encoder: Encoding mesh Loose soil particles 2190.
19:14:26 | INFO: Draco encoder: Encoding mesh Loose soil particles 2191.
19:14:26 | INFO: Draco encoder: Encoding mesh Loose soil particles 2192.
19:14:26 | INFO: Draco encoder: Encoding mesh Loose soil particles 2193.
19:14:26 | INFO: Draco encoder: Encoding mesh Loose soil particles 2194.
19:14:26 | INFO: Draco encoder: Encoding mesh Loose soil particles 2195.
19:14:26 | INFO: Draco encoder: Encoding mesh Loose soil particles 2196.
19:14:26 | INFO: Draco encoder: Encoding mesh Loose soil particles 2197.
19:14:26 | INFO: Draco encoder: Encoding mesh Loose soil particles 2198.
19:14:26 | INFO: Draco encoder: Encoding mesh Loose soil particles 2199.
19:14:26 | INFO: Draco encoder: Encoding mesh Loose soil particles 2200.
19:14:26 | INFO: Draco encoder: Encoding mesh Loose soil particles 2201.
19:14:26 | INFO: Draco encoder: Encoding mesh Loose soil particles 2202.
19:14:26 | INFO: Draco encoder: Encoding mesh Loose soil particles 2203.
19:14:26 | INFO: Draco encoder: Encoding mesh Loose soil particles 2204.
19:14:26 | INFO: Draco encoder: Encoding mesh Loose soil particles 2205.
19:14:26 | INFO: Draco encoder: Encoding mesh Loose soil particles 2206.
19:14:26 | INFO: Draco encoder: Encoding mesh Loose soil particles 2207.
19:14:26 | INFO: Draco encoder: Encoding mesh Loose soil particles 2208.
19:14:26 | INFO: Draco encoder: Encoding mesh Loose soil particles 2209.
19:14:26 | INFO: Draco encoder: Encoding mesh Loose soil particles 2210.
19:14:26 | INFO: Draco encoder: Encoding mesh Loose soil particles 2211.
19:14:26 | INFO: Draco encoder: Encoding mesh Loose soil particles 2212.
19:14:26 | INFO: Draco encoder: Encoding mesh Loose soil particles 2213.
19:14:26 | INFO: Draco encoder: Encoding mesh Loose soil particles 2214.
19:14:26 | INFO: Draco encoder: Encoding mesh Loose soil particles 2215.
19:14:26 | INFO: Draco encoder: Encoding mesh Loose soil particles 2216.
19:14:26 | INFO: Draco encoder: Encoding mesh Loose soil particles 2217.
19:14:26 | INFO: Draco encoder: Encoding mesh Loose soil particles 2218.
19:14:26 | INFO: Draco encoder: Encoding mesh Loose soil particles 2219.
19:14:26 | INFO: Draco encoder: Encoding mesh Loose soil particles 2220.
19:14:26 | INFO: Draco encoder: Encoding mesh Loose soil particles 2221.
19:14:26 | INFO: Draco encoder: Encoding mesh Loose soil particles 2222.
19:14:26 | INFO: Draco encoder: Encoding mesh Loose soil particles 2223.
19:14:26 | INFO: Draco encoder: Encoding mesh Loose soil particles 2224.
19:14:26 | INFO: Draco encoder: Encoding mesh Loose soil particles 2225.
19:14:26 | INFO: Draco encoder: Encoding mesh Loose soil particles 2226.
19:14:26 | INFO: Draco encoder: Encoding mesh Loose soil particles 2227.
19:14:26 | INFO: Draco encoder: Encoding mesh Loose soil particles 2228.
19:14:26 | INFO: Draco encoder: Encoding mesh Loose soil particles 2229.
19:14:26 | INFO: Draco encoder: Encoding mesh Loose soil particles 2230.
19:14:26 | INFO: Draco encoder: Encoding mesh Loose soil particles 2231.
19:14:26 | INFO: Draco encoder: Encoding mesh Loose soil particles 2232.
19:14:26 | INFO: Draco encoder: Encoding mesh Loose soil particles 2233.
19:14:26 | INFO: Draco encoder: Encoding mesh Loose soil particles 2234.
19:14:26 | INFO: Draco encoder: Encoding mesh Loose soil particles 2235.
19:14:26 | INFO: Draco encoder: Encoding mesh Loose soil particles 2236.
19:14:26 | INFO: Draco encoder: Encoding mesh Loose soil particles 2237.
19:14:26 | INFO: Draco encoder: Encoding mesh Loose soil particles 2238.
19:14:26 | INFO: Draco encoder: Encoding mesh Loose soil particles 2239.
19:14:26 | INFO: Draco encoder: Encoding mesh Loose soil particles 2240.
19:14:26 | INFO: Draco encoder: Encoding mesh Loose soil particles 2241.
19:14:26 | INFO: Draco encoder: Encoding mesh Loose soil particles 2242.
19:14:26 | INFO: Draco encoder: Encoding mesh Loose soil particles 2243.
19:14:26 | INFO: Draco encoder: Encoding mesh Loose soil particles 2244.
19:14:26 | INFO: Draco encoder: Encoding mesh Loose soil particles 2245.
19:14:26 | INFO: Draco encoder: Encoding mesh Loose soil particles 2246.
19:14:26 | INFO: Draco encoder: Encoding mesh Loose soil particles 2247.
19:14:26 | INFO: Draco encoder: Encoding mesh Loose soil particles 2248.
19:14:26 | INFO: Draco encoder: Encoding mesh Loose soil particles 2249.
19:14:26 | INFO: Draco encoder: Encoding mesh Loose soil particles 2250.
19:14:26 | INFO: Draco encoder: Encoding mesh Loose soil particles 2251.
19:14:26 | INFO: Draco encoder: Encoding mesh Loose soil particles 2252.
19:14:26 | INFO: Draco encoder: Encoding mesh Loose soil particles 2253.
19:14:26 | INFO: Draco encoder: Encoding mesh Loose soil particles 2254.
19:14:26 | INFO: Draco encoder: Encoding mesh Loose soil particles 2255.
19:14:26 | INFO: Draco encoder: Encoding mesh Loose soil particles 2256.
19:14:26 | INFO: Draco encoder: Encoding mesh Loose soil particles 2257.
19:14:26 | INFO: Draco encoder: Encoding mesh Loose soil particles 2258.
19:14:26 | INFO: Draco encoder: Encoding mesh Loose soil particles 2259.
19:14:26 | INFO: Draco encoder: Encoding mesh Loose soil particles 2260.
19:14:26 | INFO: Draco encoder: Encoding mesh Loose soil particles 2261.
19:14:26 | INFO: Draco encoder: Encoding mesh Loose soil particles 2262.
19:14:26 | INFO: Draco encoder: Encoding mesh Loose soil particles 2263.
19:14:26 | INFO: Draco encoder: Encoding mesh Loose soil particles 2264.
19:14:26 | INFO: Draco encoder: Encoding mesh Loose soil particles 2265.
19:14:26 | INFO: Draco encoder: Encoding mesh Loose soil particles 2266.
19:14:26 | INFO: Draco encoder: Encoding mesh Loose soil particles 2267.
19:14:26 | INFO: Draco encoder: Encoding mesh Loose soil particles 2268.
19:14:26 | INFO: Draco encoder: Encoding mesh Loose soil particles 2269.
19:14:26 | INFO: Draco encoder: Encoding mesh Loose soil particles 2270.
19:14:26 | INFO: Draco encoder: Encoding mesh Loose soil particles 2271.
19:14:26 | INFO: Draco encoder: Encoding mesh Loose soil particles 2272.
19:14:26 | INFO: Draco encoder: Encoding mesh Loose soil particles 2273.
19:14:26 | INFO: Draco encoder: Encoding mesh Loose soil particles 2274.
19:14:26 | INFO: Draco encoder: Encoding mesh Loose soil particles 2275.
19:14:26 | INFO: Draco encoder: Encoding mesh Loose soil particles 2276.
19:14:26 | INFO: Draco encoder: Encoding mesh Loose soil particles 2277.
19:14:26 | INFO: Draco encoder: Encoding mesh Loose soil particles 2278.
19:14:26 | INFO: Draco encoder: Encoding mesh Loose soil particles 2279.
19:14:26 | INFO: Draco encoder: Encoding mesh Loose soil particles 2280.
19:14:26 | INFO: Draco encoder: Encoding mesh Loose soil particles 2281.
19:14:26 | INFO: Draco encoder: Encoding mesh Loose soil particles 2282.
19:14:26 | INFO: Draco encoder: Encoding mesh Loose soil particles 2283.
19:14:26 | INFO: Draco encoder: Encoding mesh Loose soil particles 2284.
19:14:26 | INFO: Draco encoder: Encoding mesh Loose soil particles 2285.
19:14:26 | INFO: Draco encoder: Encoding mesh Loose soil particles 2286.
19:14:26 | INFO: Draco encoder: Encoding mesh Loose soil particles 2287.
19:14:26 | INFO: Draco encoder: Encoding mesh Loose soil particles 2288.
19:14:26 | INFO: Draco encoder: Encoding mesh Loose soil particles 2289.
19:14:26 | INFO: Draco encoder: Encoding mesh Loose soil particles 2290.
19:14:26 | INFO: Draco encoder: Encoding mesh Loose soil particles 2291.
19:14:26 | INFO: Draco encoder: Encoding mesh Loose soil particles 2292.
19:14:26 | INFO: Draco encoder: Encoding mesh Loose soil particles 2293.
19:14:26 | INFO: Draco encoder: Encoding mesh Loose soil particles 2294.
19:14:26 | INFO: Draco encoder: Encoding mesh Loose soil particles 2295.
19:14:26 | INFO: Draco encoder: Encoding mesh Loose soil particles 2296.
19:14:26 | INFO: Draco encoder: Encoding mesh Loose soil particles 2297.
19:14:26 | INFO: Draco encoder: Encoding mesh Loose soil particles 2298.
19:14:26 | INFO: Draco encoder: Encoding mesh Loose soil particles 2299.
19:14:26 | INFO: Draco encoder: Encoding mesh Loose soil particles 2300.
19:14:26 | INFO: Draco encoder: Encoding mesh Loose soil particles 2301.
19:14:26 | INFO: Draco encoder: Encoding mesh Loose soil particles 2302.
19:14:26 | INFO: Draco encoder: Encoding mesh Loose soil particles 2303.
19:14:26 | INFO: Draco encoder: Encoding mesh Loose soil particles 2304.
19:14:26 | INFO: Draco encoder: Encoding mesh Loose soil particles 2305.
19:14:26 | INFO: Draco encoder: Encoding mesh Loose soil particles 2306.
19:14:26 | INFO: Draco encoder: Encoding mesh Loose soil particles 2307.
19:14:26 | INFO: Draco encoder: Encoding mesh Loose soil particles 2308.
19:14:26 | INFO: Draco encoder: Encoding mesh Loose soil particles 2309.
19:14:26 | INFO: Draco encoder: Encoding mesh Loose soil particles 2310.
19:14:26 | INFO: Draco encoder: Encoding mesh Loose soil particles 2311.
19:14:26 | INFO: Draco encoder: Encoding mesh Loose soil particles 2312.
19:14:26 | INFO: Draco encoder: Encoding mesh Loose soil particles 2313.
19:14:26 | INFO: Draco encoder: Encoding mesh Loose soil particles 2314.
19:14:26 | INFO: Draco encoder: Encoding mesh Loose soil particles 2315.
19:14:26 | INFO: Draco encoder: Encoding mesh Loose soil particles 2316.
19:14:26 | INFO: Draco encoder: Encoding mesh Loose soil particles 2317.
19:14:26 | INFO: Draco encoder: Encoding mesh Loose soil particles 2318.
19:14:26 | INFO: Draco encoder: Encoding mesh Loose soil particles 2319.
19:14:26 | INFO: Draco encoder: Encoding mesh Loose soil particles 2320.
19:14:26 | INFO: Draco encoder: Encoding mesh Loose soil particles 2321.
19:14:26 | INFO: Draco encoder: Encoding mesh Loose soil particles 2322.
19:14:26 | INFO: Draco encoder: Encoding mesh Loose soil particles 2323.
19:14:26 | INFO: Draco encoder: Encoding mesh Loose soil particles 2324.
19:14:26 | INFO: Draco encoder: Encoding mesh Loose soil particles 2325.
19:14:26 | INFO: Draco encoder: Encoding mesh Loose soil particles 2326.
19:14:26 | INFO: Draco encoder: Encoding mesh Loose soil particles 2327.
19:14:26 | INFO: Draco encoder: Encoding mesh Loose soil particles 2328.
19:14:26 | INFO: Draco encoder: Encoding mesh Loose soil particles 2329.
19:14:26 | INFO: Draco encoder: Encoding mesh Loose soil particles 2330.
19:14:26 | INFO: Draco encoder: Encoding mesh Loose soil particles 2331.
19:14:26 | INFO: Draco encoder: Encoding mesh Loose soil particles 2332.
19:14:26 | INFO: Draco encoder: Encoding mesh Loose soil particles 2333.
19:14:26 | INFO: Draco encoder: Encoding mesh Loose soil particles 2334.
19:14:26 | INFO: Draco encoder: Encoding mesh Loose soil particles 2335.
19:14:26 | INFO: Draco encoder: Encoding mesh Loose soil particles 2336.
19:14:26 | INFO: Draco encoder: Encoding mesh Loose soil particles 2337.
19:14:26 | INFO: Draco encoder: Encoding mesh Loose soil particles 2338.
19:14:26 | INFO: Draco encoder: Encoding mesh Loose soil particles 2339.
19:14:26 | INFO: Draco encoder: Encoding mesh Loose soil particles 2340.
19:14:26 | INFO: Draco encoder: Encoding mesh Loose soil particles 2341.
19:14:26 | INFO: Draco encoder: Encoding mesh Loose soil particles 2342.
19:14:26 | INFO: Draco encoder: Encoding mesh Loose soil particles 2343.
19:14:26 | INFO: Draco encoder: Encoding mesh Loose soil particles 2344.
19:14:26 | INFO: Draco encoder: Encoding mesh Loose soil particles 2345.
19:14:26 | INFO: Draco encoder: Encoding mesh Loose soil particles 2346.
19:14:26 | INFO: Draco encoder: Encoding mesh Loose soil particles 2347.
19:14:26 | INFO: Draco encoder: Encoding mesh Loose soil particles 2348.
19:14:26 | INFO: Draco encoder: Encoding mesh Loose soil particles 2349.
19:14:26 | INFO: Draco encoder: Encoding mesh Loose soil particles 2350.
19:14:26 | INFO: Draco encoder: Encoding mesh Loose soil particles 2351.
19:14:26 | INFO: Draco encoder: Encoding mesh Loose soil particles 2352.
19:14:26 | INFO: Draco encoder: Encoding mesh Loose soil particles 2353.
19:14:26 | INFO: Draco encoder: Encoding mesh Loose soil particles 2354.
19:14:26 | INFO: Draco encoder: Encoding mesh Loose soil particles 2355.
19:14:26 | INFO: Draco encoder: Encoding mesh Loose soil particles 2356.
19:14:26 | INFO: Draco encoder: Encoding mesh Loose soil particles 2357.
19:14:26 | INFO: Draco encoder: Encoding mesh Loose soil particles 2358.
19:14:26 | INFO: Draco encoder: Encoding mesh Loose soil particles 2359.
19:14:26 | INFO: Draco encoder: Encoding mesh Loose soil particles 2360.
19:14:26 | INFO: Draco encoder: Encoding mesh Loose soil particles 2361.
19:14:26 | INFO: Draco encoder: Encoding mesh Loose soil particles 2362.
19:14:26 | INFO: Draco encoder: Encoding mesh Loose soil particles 2363.
19:14:26 | INFO: Draco encoder: Encoding mesh Loose soil particles 2364.
19:14:26 | INFO: Draco encoder: Encoding mesh Loose soil particles 2365.
19:14:26 | INFO: Draco encoder: Encoding mesh Loose soil particles 2366.
19:14:26 | INFO: Draco encoder: Encoding mesh Loose soil particles 2367.
19:14:26 | INFO: Draco encoder: Encoding mesh Loose soil particles 2368.
19:14:26 | INFO: Draco encoder: Encoding mesh Loose soil particles 2369.
19:14:26 | INFO: Draco encoder: Encoding mesh Loose soil particles 2370.
19:14:26 | INFO: Draco encoder: Encoding mesh Loose soil particles 2371.
19:14:26 | INFO: Draco encoder: Encoding mesh Loose soil particles 2372.
19:14:26 | INFO: Draco encoder: Encoding mesh Loose soil particles 2373.
19:14:26 | INFO: Draco encoder: Encoding mesh Loose soil particles 2374.
19:14:26 | INFO: Draco encoder: Encoding mesh Loose soil particles 2375.
19:14:26 | INFO: Draco encoder: Encoding mesh Loose soil particles 2376.
19:14:26 | INFO: Draco encoder: Encoding mesh Loose soil particles 2377.
19:14:26 | INFO: Draco encoder: Encoding mesh Loose soil particles 2378.
19:14:26 | INFO: Draco encoder: Encoding mesh Loose soil particles 2379.
19:14:26 | INFO: Draco encoder: Encoding mesh Loose soil particles 2380.
19:14:26 | INFO: Draco encoder: Encoding mesh Loose soil particles 2381.
19:14:26 | INFO: Draco encoder: Encoding mesh Loose soil particles 2382.
19:14:26 | INFO: Draco encoder: Encoding mesh Loose soil particles 2383.
19:14:26 | INFO: Draco encoder: Encoding mesh Loose soil particles 2384.
19:14:26 | INFO: Draco encoder: Encoding mesh Loose soil particles 2385.
19:14:26 | INFO: Draco encoder: Encoding mesh Loose soil particles 2386.
19:14:26 | INFO: Draco encoder: Encoding mesh Loose soil particles 2387.
19:14:26 | INFO: Draco encoder: Encoding mesh Loose soil particles 2388.
19:14:26 | INFO: Draco encoder: Encoding mesh Loose soil particles 2389.
19:14:26 | INFO: Draco encoder: Encoding mesh Loose soil particles 2390.
19:14:26 | INFO: Draco encoder: Encoding mesh Loose soil particles 2391.
19:14:26 | INFO: Draco encoder: Encoding mesh Loose soil particles 2392.
19:14:26 | INFO: Draco encoder: Encoding mesh Loose soil particles 2393.
19:14:26 | INFO: Draco encoder: Encoding mesh Loose soil particles 2394.
19:14:26 | INFO: Draco encoder: Encoding mesh Loose soil particles 2395.
19:14:26 | INFO: Draco encoder: Encoding mesh Loose soil particles 2396.
19:14:26 | INFO: Draco encoder: Encoding mesh Loose soil particles 2397.
19:14:26 | INFO: Draco encoder: Encoding mesh Loose soil particles 2398.
19:14:26 | INFO: Draco encoder: Encoding mesh Loose soil particles 2399.
19:14:26 | INFO: Draco encoder: Encoding mesh Root moss shoots 0000.
19:14:26 | INFO: Draco encoder: Encoding mesh Root moss shoots 0001.
19:14:26 | INFO: Draco encoder: Encoding mesh Root moss shoots 0002.
19:14:26 | INFO: Draco encoder: Encoding mesh Root moss shoots 0003.
19:14:26 | INFO: Draco encoder: Encoding mesh Root moss shoots 0004.
19:14:26 | INFO: Draco encoder: Encoding mesh Root moss shoots 0005.
19:14:26 | INFO: Draco encoder: Encoding mesh Root moss shoots 0006.
19:14:26 | INFO: Draco encoder: Encoding mesh Root moss shoots 0007.
19:14:26 | INFO: Draco encoder: Encoding mesh Root moss shoots 0008.
19:14:26 | INFO: Draco encoder: Encoding mesh Root moss shoots 0009.
19:14:26 | INFO: Draco encoder: Encoding mesh Root moss shoots 0010.
19:14:26 | INFO: Draco encoder: Encoding mesh Root moss shoots 0011.
19:14:26 | INFO: Draco encoder: Encoding mesh Root moss shoots 0012.
19:14:26 | INFO: Draco encoder: Encoding mesh Root moss shoots 0013.
19:14:26 | INFO: Draco encoder: Encoding mesh Root moss shoots 0014.
19:14:26 | INFO: Draco encoder: Encoding mesh Root moss shoots 0015.
19:14:26 | INFO: Draco encoder: Encoding mesh Root moss shoots 0016.
19:14:26 | INFO: Draco encoder: Encoding mesh Root moss shoots 0017.
19:14:26 | INFO: Draco encoder: Encoding mesh Root moss shoots 0018.
19:14:26 | INFO: Draco encoder: Encoding mesh Root moss shoots 0019.
19:14:26 | INFO: Draco encoder: Encoding mesh Root moss shoots 0020.
19:14:26 | INFO: Draco encoder: Encoding mesh Root moss shoots 0021.
19:14:26 | INFO: Draco encoder: Encoding mesh Root moss shoots 0022.
19:14:26 | INFO: Draco encoder: Encoding mesh Root moss shoots 0023.
19:14:26 | INFO: Draco encoder: Encoding mesh Root moss shoots 0024.
19:14:26 | INFO: Draco encoder: Encoding mesh Root moss shoots 0025.
19:14:26 | INFO: Draco encoder: Encoding mesh Root moss shoots 0026.
19:14:26 | INFO: Draco encoder: Encoding mesh Root moss shoots 0027.
19:14:26 | INFO: Draco encoder: Encoding mesh Root moss shoots 0028.
19:14:26 | INFO: Draco encoder: Encoding mesh Root moss shoots 0029.
19:14:26 | INFO: Draco encoder: Encoding mesh Root moss shoots 0030.
19:14:26 | INFO: Draco encoder: Encoding mesh Root moss shoots 0031.
19:14:26 | INFO: Draco encoder: Encoding mesh Root moss shoots 0032.
19:14:26 | INFO: Draco encoder: Encoding mesh Root moss shoots 0033.
19:14:26 | INFO: Draco encoder: Encoding mesh Root moss shoots 0034.
19:14:26 | INFO: Draco encoder: Encoding mesh Root moss shoots 0035.
19:14:26 | INFO: Draco encoder: Encoding mesh Root moss shoots 0036.
19:14:26 | INFO: Draco encoder: Encoding mesh Root moss shoots 0037.
19:14:26 | INFO: Draco encoder: Encoding mesh Root moss shoots 0038.
19:14:26 | INFO: Draco encoder: Encoding mesh Root moss shoots 0039.
19:14:26 | INFO: Draco encoder: Encoding mesh Root moss shoots 0040.
19:14:26 | INFO: Draco encoder: Encoding mesh Root moss shoots 0041.
19:14:26 | INFO: Draco encoder: Encoding mesh Root moss shoots 0042.
19:14:26 | INFO: Draco encoder: Encoding mesh Root moss shoots 0043.
19:14:26 | INFO: Draco encoder: Encoding mesh Root moss shoots 0044.
19:14:26 | INFO: Draco encoder: Encoding mesh Root moss shoots 0045.
19:14:26 | INFO: Draco encoder: Encoding mesh Root moss shoots 0046.
19:14:26 | INFO: Draco encoder: Encoding mesh Root moss shoots 0047.
19:14:26 | INFO: Draco encoder: Encoding mesh Root moss shoots 0048.
19:14:26 | INFO: Draco encoder: Encoding mesh Root moss shoots 0049.
19:14:26 | INFO: Draco encoder: Encoding mesh Root moss shoots 0050.
19:14:26 | INFO: Draco encoder: Encoding mesh Root moss shoots 0051.
19:14:26 | INFO: Draco encoder: Encoding mesh Root moss shoots 0052.
19:14:26 | INFO: Draco encoder: Encoding mesh Root moss shoots 0053.
19:14:26 | INFO: Draco encoder: Encoding mesh Root moss shoots 0054.
19:14:26 | INFO: Draco encoder: Encoding mesh Root moss shoots 0055.
19:14:26 | INFO: Draco encoder: Encoding mesh Root moss shoots 0056.
19:14:26 | INFO: Draco encoder: Encoding mesh Root moss shoots 0057.
19:14:26 | INFO: Draco encoder: Encoding mesh Root moss shoots 0058.
19:14:26 | INFO: Draco encoder: Encoding mesh Root moss shoots 0059.
19:14:26 | INFO: Draco encoder: Encoding mesh Root moss shoots 0060.
19:14:26 | INFO: Draco encoder: Encoding mesh Root moss shoots 0061.
19:14:26 | INFO: Draco encoder: Encoding mesh Root moss shoots 0062.
19:14:26 | INFO: Draco encoder: Encoding mesh Root moss shoots 0063.
19:14:26 | INFO: Draco encoder: Encoding mesh Root moss shoots 0064.
19:14:26 | INFO: Draco encoder: Encoding mesh Root moss shoots 0065.
19:14:26 | INFO: Draco encoder: Encoding mesh Root moss shoots 0066.
19:14:26 | INFO: Draco encoder: Encoding mesh Root moss shoots 0067.
19:14:26 | INFO: Draco encoder: Encoding mesh Root moss shoots 0068.
19:14:26 | INFO: Draco encoder: Encoding mesh Root moss shoots 0069.
19:14:26 | INFO: Draco encoder: Encoding mesh Root moss shoots 0070.
19:14:26 | INFO: Draco encoder: Encoding mesh Root moss shoots 0071.
19:14:26 | INFO: Draco encoder: Encoding mesh Root moss shoots 0072.
19:14:26 | INFO: Draco encoder: Encoding mesh Root moss shoots 0073.
19:14:26 | INFO: Draco encoder: Encoding mesh Root moss shoots 0074.
19:14:26 | INFO: Draco encoder: Encoding mesh Root moss shoots 0075.
19:14:26 | INFO: Draco encoder: Encoding mesh Root moss shoots 0076.
19:14:26 | INFO: Draco encoder: Encoding mesh Root moss shoots 0077.
19:14:26 | INFO: Draco encoder: Encoding mesh Root moss shoots 0078.
19:14:26 | INFO: Draco encoder: Encoding mesh Root moss shoots 0079.
19:14:26 | INFO: Draco encoder: Encoding mesh Root moss shoots 0080.
19:14:26 | INFO: Draco encoder: Encoding mesh Root moss shoots 0081.
19:14:26 | INFO: Draco encoder: Encoding mesh Root moss shoots 0082.
19:14:26 | INFO: Draco encoder: Encoding mesh Root moss shoots 0083.
19:14:26 | INFO: Draco encoder: Encoding mesh Root moss shoots 0084.
19:14:26 | INFO: Draco encoder: Encoding mesh Root moss shoots 0085.
19:14:26 | INFO: Draco encoder: Encoding mesh Root moss shoots 0086.
19:14:26 | INFO: Draco encoder: Encoding mesh Root moss shoots 0087.
19:14:26 | INFO: Draco encoder: Encoding mesh Root moss shoots 0088.
19:14:26 | INFO: Draco encoder: Encoding mesh Root moss shoots 0089.
19:14:26 | INFO: Draco encoder: Encoding mesh Root moss shoots 0090.
19:14:26 | INFO: Draco encoder: Encoding mesh Root moss shoots 0091.
19:14:26 | INFO: Draco encoder: Encoding mesh Root moss shoots 0092.
19:14:26 | INFO: Draco encoder: Encoding mesh Root moss shoots 0093.
19:14:26 | INFO: Draco encoder: Encoding mesh Root moss shoots 0094.
19:14:26 | INFO: Draco encoder: Encoding mesh Root moss shoots 0095.
19:14:26 | INFO: Draco encoder: Encoding mesh Root moss shoots 0096.
19:14:26 | INFO: Draco encoder: Encoding mesh Root moss shoots 0097.
19:14:26 | INFO: Draco encoder: Encoding mesh Root moss shoots 0098.
19:14:26 | INFO: Draco encoder: Encoding mesh Root moss shoots 0099.
19:14:26 | INFO: Draco encoder: Encoding mesh Root moss shoots 0100.
19:14:26 | INFO: Draco encoder: Encoding mesh Root moss shoots 0101.
19:14:26 | INFO: Draco encoder: Encoding mesh Root moss shoots 0102.
19:14:26 | INFO: Draco encoder: Encoding mesh Root moss shoots 0103.
19:14:26 | INFO: Draco encoder: Encoding mesh Root moss shoots 0104.
19:14:26 | INFO: Draco encoder: Encoding mesh Root moss shoots 0105.
19:14:26 | INFO: Draco encoder: Encoding mesh Root moss shoots 0106.
19:14:26 | INFO: Draco encoder: Encoding mesh Root moss shoots 0107.
19:14:26 | INFO: Draco encoder: Encoding mesh Root moss shoots 0108.
19:14:26 | INFO: Draco encoder: Encoding mesh Root moss shoots 0109.
19:14:26 | INFO: Draco encoder: Encoding mesh Root moss shoots 0110.
19:14:26 | INFO: Draco encoder: Encoding mesh Root moss shoots 0111.
19:14:26 | INFO: Draco encoder: Encoding mesh Root moss shoots 0112.
19:14:26 | INFO: Draco encoder: Encoding mesh Root moss shoots 0113.
19:14:26 | INFO: Draco encoder: Encoding mesh Root moss shoots 0114.
19:14:26 | INFO: Draco encoder: Encoding mesh Root moss shoots 0115.
19:14:26 | INFO: Draco encoder: Encoding mesh Root moss shoots 0116.
19:14:26 | INFO: Draco encoder: Encoding mesh Root moss shoots 0117.
19:14:26 | INFO: Draco encoder: Encoding mesh Root moss shoots 0118.
19:14:26 | INFO: Draco encoder: Encoding mesh Root moss shoots 0119.
19:14:26 | INFO: Draco encoder: Encoding mesh Root moss shoots 0120.
19:14:26 | INFO: Draco encoder: Encoding mesh Root moss shoots 0121.
19:14:26 | INFO: Draco encoder: Encoding mesh Root moss shoots 0122.
19:14:26 | INFO: Draco encoder: Encoding mesh Root moss shoots 0123.
19:14:26 | INFO: Draco encoder: Encoding mesh Root moss shoots 0124.
19:14:26 | INFO: Draco encoder: Encoding mesh Root moss shoots 0125.
19:14:26 | INFO: Draco encoder: Encoding mesh Root moss shoots 0126.
19:14:26 | INFO: Draco encoder: Encoding mesh Root moss shoots 0127.
19:14:26 | INFO: Draco encoder: Encoding mesh Root moss shoots 0128.
19:14:26 | INFO: Draco encoder: Encoding mesh Root moss shoots 0129.
19:14:26 | INFO: Draco encoder: Encoding mesh Root moss shoots 0130.
19:14:26 | INFO: Draco encoder: Encoding mesh Root moss shoots 0131.
19:14:26 | INFO: Draco encoder: Encoding mesh Root moss shoots 0132.
19:14:26 | INFO: Draco encoder: Encoding mesh Root moss shoots 0133.
19:14:26 | INFO: Draco encoder: Encoding mesh Root moss shoots 0134.
19:14:26 | INFO: Draco encoder: Encoding mesh Root moss shoots 0135.
19:14:26 | INFO: Draco encoder: Encoding mesh Root moss shoots 0136.
19:14:26 | INFO: Draco encoder: Encoding mesh Root moss shoots 0137.
19:14:26 | INFO: Draco encoder: Encoding mesh Root moss shoots 0138.
19:14:26 | INFO: Draco encoder: Encoding mesh Root moss shoots 0139.
19:14:26 | INFO: Draco encoder: Encoding mesh Root moss shoots 0140.
19:14:26 | INFO: Draco encoder: Encoding mesh Root moss shoots 0141.
19:14:26 | INFO: Draco encoder: Encoding mesh Root moss shoots 0142.
19:14:26 | INFO: Draco encoder: Encoding mesh Root moss shoots 0143.
19:14:26 | INFO: Draco encoder: Encoding mesh Root moss shoots 0144.
19:14:26 | INFO: Draco encoder: Encoding mesh Root moss shoots 0145.
19:14:26 | INFO: Draco encoder: Encoding mesh Root moss shoots 0146.
19:14:26 | INFO: Draco encoder: Encoding mesh Root moss shoots 0147.
19:14:26 | INFO: Draco encoder: Encoding mesh Root moss shoots 0148.
19:14:26 | INFO: Draco encoder: Encoding mesh Root moss shoots 0149.
19:14:26 | INFO: Draco encoder: Encoding mesh Root moss shoots 0150.
19:14:26 | INFO: Draco encoder: Encoding mesh Root moss shoots 0151.
19:14:26 | INFO: Draco encoder: Encoding mesh Root moss shoots 0152.
19:14:26 | INFO: Draco encoder: Encoding mesh Root moss shoots 0153.
19:14:26 | INFO: Draco encoder: Encoding mesh Root moss shoots 0154.
19:14:26 | INFO: Draco encoder: Encoding mesh Root moss shoots 0155.
19:14:26 | INFO: Draco encoder: Encoding mesh Root moss shoots 0156.
19:14:26 | INFO: Draco encoder: Encoding mesh Root moss shoots 0157.
19:14:26 | INFO: Draco encoder: Encoding mesh Root moss shoots 0158.
19:14:26 | INFO: Draco encoder: Encoding mesh Root moss shoots 0159.
19:14:26 | INFO: Draco encoder: Encoding mesh Root moss shoots 0160.
19:14:26 | INFO: Draco encoder: Encoding mesh Root moss shoots 0161.
19:14:26 | INFO: Draco encoder: Encoding mesh Root moss shoots 0162.
19:14:26 | INFO: Draco encoder: Encoding mesh Root moss shoots 0163.
19:14:26 | INFO: Draco encoder: Encoding mesh Root moss shoots 0164.
19:14:26 | INFO: Draco encoder: Encoding mesh Root moss shoots 0165.
19:14:26 | INFO: Draco encoder: Encoding mesh Root moss shoots 0166.
19:14:26 | INFO: Draco encoder: Encoding mesh Root moss shoots 0167.
19:14:26 | INFO: Draco encoder: Encoding mesh Root moss shoots 0168.
19:14:26 | INFO: Draco encoder: Encoding mesh Root moss shoots 0169.
19:14:26 | INFO: Draco encoder: Encoding mesh Root moss shoots 0170.
19:14:26 | INFO: Draco encoder: Encoding mesh Root moss shoots 0171.
19:14:26 | INFO: Draco encoder: Encoding mesh Root moss shoots 0172.
19:14:26 | INFO: Draco encoder: Encoding mesh Root moss shoots 0173.
19:14:26 | INFO: Draco encoder: Encoding mesh Root moss shoots 0174.
19:14:26 | INFO: Draco encoder: Encoding mesh Root moss shoots 0175.
19:14:26 | INFO: Draco encoder: Encoding mesh Root moss shoots 0176.
19:14:26 | INFO: Draco encoder: Encoding mesh Root moss shoots 0177.
19:14:26 | INFO: Draco encoder: Encoding mesh Root moss shoots 0178.
19:14:26 | INFO: Draco encoder: Encoding mesh Root moss shoots 0179.
19:14:26 | INFO: Draco encoder: Encoding mesh Root moss shoots 0180.
19:14:26 | INFO: Draco encoder: Encoding mesh Root moss shoots 0181.
19:14:26 | INFO: Draco encoder: Encoding mesh Root moss shoots 0182.
19:14:26 | INFO: Draco encoder: Encoding mesh Root moss shoots 0183.
19:14:26 | INFO: Draco encoder: Encoding mesh Root moss shoots 0184.
19:14:26 | INFO: Draco encoder: Encoding mesh Root moss shoots 0185.
19:14:26 | INFO: Draco encoder: Encoding mesh Root moss shoots 0186.
19:14:26 | INFO: Draco encoder: Encoding mesh Root moss shoots 0187.
19:14:26 | INFO: Draco encoder: Encoding mesh Root moss shoots 0188.
19:14:26 | INFO: Draco encoder: Encoding mesh Root moss shoots 0189.
19:14:26 | INFO: Draco encoder: Encoding mesh Root moss shoots 0190.
19:14:26 | INFO: Draco encoder: Encoding mesh Root moss shoots 0191.
19:14:26 | INFO: Draco encoder: Encoding mesh Root moss shoots 0192.
19:14:26 | INFO: Draco encoder: Encoding mesh Root moss shoots 0193.
19:14:26 | INFO: Draco encoder: Encoding mesh Root moss shoots 0194.
19:14:26 | INFO: Draco encoder: Encoding mesh Root moss shoots 0195.
19:14:26 | INFO: Draco encoder: Encoding mesh Root moss shoots 0196.
19:14:26 | INFO: Draco encoder: Encoding mesh Root moss shoots 0197.
19:14:26 | INFO: Draco encoder: Encoding mesh Root moss shoots 0198.
19:14:26 | INFO: Draco encoder: Encoding mesh Root moss shoots 0199.
19:14:26 | INFO: Draco encoder: Encoding mesh Root moss shoots 0200.
19:14:26 | INFO: Draco encoder: Encoding mesh Root moss shoots 0201.
19:14:26 | INFO: Draco encoder: Encoding mesh Root moss shoots 0202.
19:14:26 | INFO: Draco encoder: Encoding mesh Root moss shoots 0203.
19:14:26 | INFO: Draco encoder: Encoding mesh Root moss shoots 0204.
19:14:26 | INFO: Draco encoder: Encoding mesh Root moss shoots 0205.
19:14:26 | INFO: Draco encoder: Encoding mesh Root moss shoots 0206.
19:14:26 | INFO: Draco encoder: Encoding mesh Root moss shoots 0207.
19:14:26 | INFO: Draco encoder: Encoding mesh Root moss shoots 0208.
19:14:26 | INFO: Draco encoder: Encoding mesh Root moss shoots 0209.
19:14:26 | INFO: Draco encoder: Encoding mesh Root moss shoots 0210.
19:14:26 | INFO: Draco encoder: Encoding mesh Root moss shoots 0211.
19:14:26 | INFO: Draco encoder: Encoding mesh Root moss shoots 0212.
19:14:26 | INFO: Draco encoder: Encoding mesh Root moss shoots 0213.
19:14:26 | INFO: Draco encoder: Encoding mesh Root moss shoots 0214.
19:14:26 | INFO: Draco encoder: Encoding mesh Root moss shoots 0215.
19:14:26 | INFO: Draco encoder: Encoding mesh Root moss shoots 0216.
19:14:26 | INFO: Draco encoder: Encoding mesh Root moss shoots 0217.
19:14:26 | INFO: Draco encoder: Encoding mesh Root moss shoots 0218.
19:14:26 | INFO: Draco encoder: Encoding mesh Root moss shoots 0219.
19:14:26 | INFO: Draco encoder: Encoding mesh Root moss shoots 0220.
19:14:26 | INFO: Draco encoder: Encoding mesh Root moss shoots 0221.
19:14:26 | INFO: Draco encoder: Encoding mesh Root moss shoots 0222.
19:14:26 | INFO: Draco encoder: Encoding mesh Root moss shoots 0223.
19:14:26 | INFO: Draco encoder: Encoding mesh Root moss shoots 0224.
19:14:26 | INFO: Draco encoder: Encoding mesh Root moss shoots 0225.
19:14:26 | INFO: Draco encoder: Encoding mesh Root moss shoots 0226.
19:14:26 | INFO: Draco encoder: Encoding mesh Root moss shoots 0227.
19:14:26 | INFO: Draco encoder: Encoding mesh Root moss shoots 0228.
19:14:26 | INFO: Draco encoder: Encoding mesh Root moss shoots 0229.
19:14:26 | INFO: Draco encoder: Encoding mesh Root moss shoots 0230.
19:14:26 | INFO: Draco encoder: Encoding mesh Root moss shoots 0231.
19:14:26 | INFO: Draco encoder: Encoding mesh Root moss shoots 0232.
19:14:26 | INFO: Draco encoder: Encoding mesh Root moss shoots 0233.
19:14:26 | INFO: Draco encoder: Encoding mesh Root moss shoots 0234.
19:14:26 | INFO: Draco encoder: Encoding mesh Root moss shoots 0235.
19:14:26 | INFO: Draco encoder: Encoding mesh Root moss shoots 0236.
19:14:26 | INFO: Draco encoder: Encoding mesh Root moss shoots 0237.
19:14:26 | INFO: Draco encoder: Encoding mesh Root moss shoots 0238.
19:14:26 | INFO: Draco encoder: Encoding mesh Root moss shoots 0239.
19:14:26 | INFO: Draco encoder: Encoding mesh Root moss shoots 0240.
19:14:26 | INFO: Draco encoder: Encoding mesh Root moss shoots 0241.
19:14:26 | INFO: Draco encoder: Encoding mesh Root moss shoots 0242.
19:14:26 | INFO: Draco encoder: Encoding mesh Root moss shoots 0243.
19:14:26 | INFO: Draco encoder: Encoding mesh Root moss shoots 0244.
19:14:26 | INFO: Draco encoder: Encoding mesh Root moss shoots 0245.
19:14:26 | INFO: Draco encoder: Encoding mesh Root moss shoots 0246.
19:14:26 | INFO: Draco encoder: Encoding mesh Root moss shoots 0247.
19:14:26 | INFO: Draco encoder: Encoding mesh Root moss shoots 0248.
19:14:26 | INFO: Draco encoder: Encoding mesh Root moss shoots 0249.
19:14:26 | INFO: Draco encoder: Encoding mesh Root moss shoots 0250.
19:14:26 | INFO: Draco encoder: Encoding mesh Root moss shoots 0251.
19:14:26 | INFO: Draco encoder: Encoding mesh Root moss shoots 0252.
19:14:26 | INFO: Draco encoder: Encoding mesh Root moss shoots 0253.
19:14:26 | INFO: Draco encoder: Encoding mesh Root moss shoots 0254.
19:14:26 | INFO: Draco encoder: Encoding mesh Root moss shoots 0255.
19:14:26 | INFO: Draco encoder: Encoding mesh Root moss shoots 0256.
19:14:26 | INFO: Draco encoder: Encoding mesh Root moss shoots 0257.
19:14:26 | INFO: Draco encoder: Encoding mesh Root moss shoots 0258.
19:14:26 | INFO: Draco encoder: Encoding mesh Root moss shoots 0259.
19:14:26 | INFO: Draco encoder: Encoding mesh Root moss shoots 0260.
19:14:26 | INFO: Draco encoder: Encoding mesh Root moss shoots 0261.
19:14:26 | INFO: Draco encoder: Encoding mesh Root moss shoots 0262.
19:14:26 | INFO: Draco encoder: Encoding mesh Root moss shoots 0263.
19:14:26 | INFO: Draco encoder: Encoding mesh Root moss shoots 0264.
19:14:26 | INFO: Draco encoder: Encoding mesh Root moss shoots 0265.
19:14:26 | INFO: Draco encoder: Encoding mesh Root moss shoots 0266.
19:14:26 | INFO: Draco encoder: Encoding mesh Root moss shoots 0267.
19:14:26 | INFO: Draco encoder: Encoding mesh Root moss shoots 0268.
19:14:26 | INFO: Draco encoder: Encoding mesh Root moss shoots 0269.
19:14:26 | INFO: Draco encoder: Encoding mesh Root moss shoots 0270.
19:14:26 | INFO: Draco encoder: Encoding mesh Root moss shoots 0271.
19:14:26 | INFO: Draco encoder: Encoding mesh Root moss shoots 0272.
19:14:26 | INFO: Draco encoder: Encoding mesh Root moss shoots 0273.
19:14:26 | INFO: Draco encoder: Encoding mesh Root moss shoots 0274.
19:14:26 | INFO: Draco encoder: Encoding mesh Root moss shoots 0275.
19:14:26 | INFO: Draco encoder: Encoding mesh Root moss shoots 0276.
19:14:26 | INFO: Draco encoder: Encoding mesh Root moss shoots 0277.
19:14:26 | INFO: Draco encoder: Encoding mesh Root moss shoots 0278.
19:14:26 | INFO: Draco encoder: Encoding mesh Root moss shoots 0279.
19:14:26 | INFO: Draco encoder: Encoding mesh Root moss shoots 0280.
19:14:26 | INFO: Draco encoder: Encoding mesh Root moss shoots 0281.
19:14:26 | INFO: Draco encoder: Encoding mesh Root moss shoots 0282.
19:14:26 | INFO: Draco encoder: Encoding mesh Root moss shoots 0283.
19:14:26 | INFO: Draco encoder: Encoding mesh Root moss shoots 0284.
19:14:26 | INFO: Draco encoder: Encoding mesh Root moss shoots 0285.
19:14:26 | INFO: Draco encoder: Encoding mesh Root moss shoots 0286.
19:14:26 | INFO: Draco encoder: Encoding mesh Root moss shoots 0287.
19:14:26 | INFO: Draco encoder: Encoding mesh Root moss shoots 0288.
19:14:26 | INFO: Draco encoder: Encoding mesh Root moss shoots 0289.
19:14:26 | INFO: Draco encoder: Encoding mesh Root moss shoots 0290.
19:14:26 | INFO: Draco encoder: Encoding mesh Root moss shoots 0291.
19:14:26 | INFO: Draco encoder: Encoding mesh Root moss shoots 0292.
19:14:26 | INFO: Draco encoder: Encoding mesh Root moss shoots 0293.
19:14:26 | INFO: Draco encoder: Encoding mesh Root moss shoots 0294.
19:14:26 | INFO: Draco encoder: Encoding mesh Root moss shoots 0295.
19:14:26 | INFO: Draco encoder: Encoding mesh Root moss shoots 0296.
19:14:26 | INFO: Draco encoder: Encoding mesh Root moss shoots 0297.
19:14:26 | INFO: Draco encoder: Encoding mesh Root moss shoots 0298.
19:14:26 | INFO: Draco encoder: Encoding mesh Root moss shoots 0299.
19:14:26 | INFO: Draco encoder: Encoding mesh Root moss shoots 0300.
19:14:26 | INFO: Draco encoder: Encoding mesh Root moss shoots 0301.
19:14:26 | INFO: Draco encoder: Encoding mesh Root moss shoots 0302.
19:14:26 | INFO: Draco encoder: Encoding mesh Root moss shoots 0303.
19:14:26 | INFO: Draco encoder: Encoding mesh Root moss shoots 0304.
19:14:26 | INFO: Draco encoder: Encoding mesh Root moss shoots 0305.
19:14:26 | INFO: Draco encoder: Encoding mesh Root moss shoots 0306.
19:14:26 | INFO: Draco encoder: Encoding mesh Root moss shoots 0307.
19:14:26 | INFO: Draco encoder: Encoding mesh Root moss shoots 0308.
19:14:26 | INFO: Draco encoder: Encoding mesh Root moss shoots 0309.
19:14:26 | INFO: Draco encoder: Encoding mesh Root moss shoots 0310.
19:14:26 | INFO: Draco encoder: Encoding mesh Root moss shoots 0311.
19:14:26 | INFO: Draco encoder: Encoding mesh Root moss shoots 0312.
19:14:26 | INFO: Draco encoder: Encoding mesh Root moss shoots 0313.
19:14:26 | INFO: Draco encoder: Encoding mesh Root moss shoots 0314.
19:14:26 | INFO: Draco encoder: Encoding mesh Root moss shoots 0315.
19:14:26 | INFO: Draco encoder: Encoding mesh Root moss shoots 0316.
19:14:26 | INFO: Draco encoder: Encoding mesh Root moss shoots 0317.
19:14:26 | INFO: Draco encoder: Encoding mesh Root moss shoots 0318.
19:14:26 | INFO: Draco encoder: Encoding mesh Root moss shoots 0319.
19:14:26 | INFO: Draco encoder: Encoding mesh Root moss shoots 0320.
19:14:26 | INFO: Draco encoder: Encoding mesh Root moss shoots 0321.
19:14:26 | INFO: Draco encoder: Encoding mesh Root moss shoots 0322.
19:14:26 | INFO: Draco encoder: Encoding mesh Root moss shoots 0323.
19:14:26 | INFO: Draco encoder: Encoding mesh Root moss shoots 0324.
19:14:26 | INFO: Draco encoder: Encoding mesh Root moss shoots 0325.
19:14:26 | INFO: Draco encoder: Encoding mesh Root moss shoots 0326.
19:14:26 | INFO: Draco encoder: Encoding mesh Root moss shoots 0327.
19:14:26 | INFO: Draco encoder: Encoding mesh Root moss shoots 0328.
19:14:26 | INFO: Draco encoder: Encoding mesh Root moss shoots 0329.
19:14:26 | INFO: Draco encoder: Encoding mesh Root moss shoots 0330.
19:14:26 | INFO: Draco encoder: Encoding mesh Root moss shoots 0331.
19:14:26 | INFO: Draco encoder: Encoding mesh Root moss shoots 0332.
19:14:26 | INFO: Draco encoder: Encoding mesh Root moss shoots 0333.
19:14:26 | INFO: Draco encoder: Encoding mesh Root moss shoots 0334.
19:14:26 | INFO: Draco encoder: Encoding mesh Root moss shoots 0335.
19:14:26 | INFO: Draco encoder: Encoding mesh Root moss shoots 0336.
19:14:26 | INFO: Draco encoder: Encoding mesh Root moss shoots 0337.
19:14:26 | INFO: Draco encoder: Encoding mesh Root moss shoots 0338.
19:14:26 | INFO: Draco encoder: Encoding mesh Root moss shoots 0339.
19:14:26 | INFO: Draco encoder: Encoding mesh Root moss shoots 0340.
19:14:26 | INFO: Draco encoder: Encoding mesh Root moss shoots 0341.
19:14:26 | INFO: Draco encoder: Encoding mesh Root moss shoots 0342.
19:14:26 | INFO: Draco encoder: Encoding mesh Root moss shoots 0343.
19:14:26 | INFO: Draco encoder: Encoding mesh Root moss shoots 0344.
19:14:26 | INFO: Draco encoder: Encoding mesh Root moss shoots 0345.
19:14:26 | INFO: Draco encoder: Encoding mesh Root moss shoots 0346.
19:14:26 | INFO: Draco encoder: Encoding mesh Root moss shoots 0347.
19:14:26 | INFO: Draco encoder: Encoding mesh Root moss shoots 0348.
19:14:26 | INFO: Draco encoder: Encoding mesh Root moss shoots 0349.
19:14:26 | INFO: Draco encoder: Encoding mesh Root moss shoots 0350.
19:14:26 | INFO: Draco encoder: Encoding mesh Root moss shoots 0351.
19:14:26 | INFO: Draco encoder: Encoding mesh Root moss shoots 0352.
19:14:26 | INFO: Draco encoder: Encoding mesh Root moss shoots 0353.
19:14:26 | INFO: Draco encoder: Encoding mesh Root moss shoots 0354.
19:14:26 | INFO: Draco encoder: Encoding mesh Root moss shoots 0355.
19:14:26 | INFO: Draco encoder: Encoding mesh Root moss shoots 0356.
19:14:26 | INFO: Draco encoder: Encoding mesh Root moss shoots 0357.
19:14:26 | INFO: Draco encoder: Encoding mesh Root moss shoots 0358.
19:14:26 | INFO: Draco encoder: Encoding mesh Root moss shoots 0359.
19:14:26 | INFO: Draco encoder: Encoding mesh Root moss shoots 0360.
19:14:26 | INFO: Draco encoder: Encoding mesh Root moss shoots 0361.
19:14:26 | INFO: Draco encoder: Encoding mesh Root moss shoots 0362.
19:14:26 | INFO: Draco encoder: Encoding mesh Root moss shoots 0363.
19:14:26 | INFO: Draco encoder: Encoding mesh Root moss shoots 0364.
19:14:26 | INFO: Draco encoder: Encoding mesh Root moss shoots 0365.
19:14:26 | INFO: Draco encoder: Encoding mesh Root moss shoots 0366.
19:14:26 | INFO: Draco encoder: Encoding mesh Root moss shoots 0367.
19:14:26 | INFO: Draco encoder: Encoding mesh Root moss shoots 0368.
19:14:26 | INFO: Draco encoder: Encoding mesh Root moss shoots 0369.
19:14:26 | INFO: Draco encoder: Encoding mesh Root moss shoots 0370.
19:14:26 | INFO: Draco encoder: Encoding mesh Root moss shoots 0371.
19:14:26 | INFO: Draco encoder: Encoding mesh Root moss shoots 0372.
19:14:26 | INFO: Draco encoder: Encoding mesh Root moss shoots 0373.
19:14:26 | INFO: Draco encoder: Encoding mesh Root moss shoots 0374.
19:14:26 | INFO: Draco encoder: Encoding mesh Root moss shoots 0375.
19:14:26 | INFO: Draco encoder: Encoding mesh Root moss shoots 0376.
19:14:26 | INFO: Draco encoder: Encoding mesh Root moss shoots 0377.
19:14:26 | INFO: Draco encoder: Encoding mesh Root moss shoots 0378.
19:14:26 | INFO: Draco encoder: Encoding mesh Root moss shoots 0379.
19:14:26 | INFO: Draco encoder: Encoding mesh Root moss shoots 0380.
19:14:26 | INFO: Draco encoder: Encoding mesh Root moss shoots 0381.
19:14:26 | INFO: Draco encoder: Encoding mesh Root moss shoots 0382.
19:14:26 | INFO: Draco encoder: Encoding mesh Root moss shoots 0383.
19:14:26 | INFO: Draco encoder: Encoding mesh Root moss shoots 0384.
19:14:26 | INFO: Draco encoder: Encoding mesh Root moss shoots 0385.
19:14:26 | INFO: Draco encoder: Encoding mesh Root moss shoots 0386.
19:14:26 | INFO: Draco encoder: Encoding mesh Root moss shoots 0387.
19:14:26 | INFO: Draco encoder: Encoding mesh Root moss shoots 0388.
19:14:26 | INFO: Draco encoder: Encoding mesh Root moss shoots 0389.
19:14:26 | INFO: Draco encoder: Encoding mesh Root moss shoots 0390.
19:14:26 | INFO: Draco encoder: Encoding mesh Root moss shoots 0391.
19:14:26 | INFO: Draco encoder: Encoding mesh Root moss shoots 0392.
19:14:26 | INFO: Draco encoder: Encoding mesh Root moss shoots 0393.
19:14:26 | INFO: Draco encoder: Encoding mesh Root moss shoots 0394.
19:14:26 | INFO: Draco encoder: Encoding mesh Root moss shoots 0395.
19:14:26 | INFO: Draco encoder: Encoding mesh Root moss shoots 0396.
19:14:26 | INFO: Draco encoder: Encoding mesh Root moss shoots 0397.
19:14:26 | INFO: Draco encoder: Encoding mesh Root moss shoots 0398.
19:14:26 | INFO: Draco encoder: Encoding mesh Root moss shoots 0399.
19:14:26 | INFO: Draco encoder: Encoding mesh Root moss shoots 0400.
19:14:26 | INFO: Draco encoder: Encoding mesh Root moss shoots 0401.
19:14:26 | INFO: Draco encoder: Encoding mesh Root moss shoots 0402.
19:14:26 | INFO: Draco encoder: Encoding mesh Root moss shoots 0403.
19:14:26 | INFO: Draco encoder: Encoding mesh Root moss shoots 0404.
19:14:26 | INFO: Draco encoder: Encoding mesh Root moss shoots 0405.
19:14:26 | INFO: Draco encoder: Encoding mesh Root moss shoots 0406.
19:14:26 | INFO: Draco encoder: Encoding mesh Root moss shoots 0407.
19:14:26 | INFO: Draco encoder: Encoding mesh Root moss shoots 0408.
19:14:26 | INFO: Draco encoder: Encoding mesh Root moss shoots 0409.
19:14:26 | INFO: Draco encoder: Encoding mesh Root moss shoots 0410.
19:14:26 | INFO: Draco encoder: Encoding mesh Root moss shoots 0411.
19:14:26 | INFO: Draco encoder: Encoding mesh Root moss shoots 0412.
19:14:26 | INFO: Draco encoder: Encoding mesh Root moss shoots 0413.
19:14:26 | INFO: Draco encoder: Encoding mesh Root moss shoots 0414.
19:14:26 | INFO: Draco encoder: Encoding mesh Root moss shoots 0415.
19:14:26 | INFO: Draco encoder: Encoding mesh Root moss shoots 0416.
19:14:26 | INFO: Draco encoder: Encoding mesh Root moss shoots 0417.
19:14:26 | INFO: Draco encoder: Encoding mesh Root moss shoots 0418.
19:14:26 | INFO: Draco encoder: Encoding mesh Root moss shoots 0419.
19:14:26 | INFO: Draco encoder: Encoding mesh Root moss shoots 0420.
19:14:26 | INFO: Draco encoder: Encoding mesh Root moss shoots 0421.
19:14:26 | INFO: Draco encoder: Encoding mesh Root moss shoots 0422.
19:14:26 | INFO: Draco encoder: Encoding mesh Root moss shoots 0423.
19:14:26 | INFO: Draco encoder: Encoding mesh Root moss shoots 0424.
19:14:26 | INFO: Draco encoder: Encoding mesh Root moss shoots 0425.
19:14:26 | INFO: Draco encoder: Encoding mesh Root moss shoots 0426.
19:14:26 | INFO: Draco encoder: Encoding mesh Root moss shoots 0427.
19:14:26 | INFO: Draco encoder: Encoding mesh Root moss shoots 0428.
19:14:26 | INFO: Draco encoder: Encoding mesh Root moss shoots 0429.
19:14:26 | INFO: Draco encoder: Encoding mesh Root moss shoots 0430.
19:14:26 | INFO: Draco encoder: Encoding mesh Root moss shoots 0431.
19:14:26 | INFO: Draco encoder: Encoding mesh Root moss shoots 0432.
19:14:26 | INFO: Draco encoder: Encoding mesh Root moss shoots 0433.
19:14:26 | INFO: Draco encoder: Encoding mesh Root moss shoots 0434.
19:14:26 | INFO: Draco encoder: Encoding mesh Root moss shoots 0435.
19:14:26 | INFO: Draco encoder: Encoding mesh Root moss shoots 0436.
19:14:26 | INFO: Draco encoder: Encoding mesh Root moss shoots 0437.
19:14:26 | INFO: Draco encoder: Encoding mesh Root moss shoots 0438.
19:14:26 | INFO: Draco encoder: Encoding mesh Root moss shoots 0439.
19:14:26 | INFO: Draco encoder: Encoding mesh Root moss shoots 0440.
19:14:26 | INFO: Draco encoder: Encoding mesh Root moss shoots 0441.
19:14:26 | INFO: Draco encoder: Encoding mesh Root moss shoots 0442.
19:14:26 | INFO: Draco encoder: Encoding mesh Root moss shoots 0443.
19:14:26 | INFO: Draco encoder: Encoding mesh Root moss shoots 0444.
19:14:26 | INFO: Draco encoder: Encoding mesh Root moss shoots 0445.
19:14:26 | INFO: Draco encoder: Encoding mesh Root moss shoots 0446.
19:14:26 | INFO: Draco encoder: Encoding mesh Root moss shoots 0447.
19:14:26 | INFO: Draco encoder: Encoding mesh Root moss shoots 0448.
19:14:26 | INFO: Draco encoder: Encoding mesh Root moss shoots 0449.
19:14:26 | INFO: Draco encoder: Encoding mesh Root moss shoots 0450.
19:14:26 | INFO: Draco encoder: Encoding mesh Root moss shoots 0451.
19:14:26 | INFO: Draco encoder: Encoding mesh Root moss shoots 0452.
19:14:26 | INFO: Draco encoder: Encoding mesh Root moss shoots 0453.
19:14:26 | INFO: Draco encoder: Encoding mesh Root moss shoots 0454.
19:14:26 | INFO: Draco encoder: Encoding mesh Root moss shoots 0455.
19:14:26 | INFO: Draco encoder: Encoding mesh Root moss shoots 0456.
19:14:26 | INFO: Draco encoder: Encoding mesh Root moss shoots 0457.
19:14:26 | INFO: Draco encoder: Encoding mesh Root moss shoots 0458.
19:14:26 | INFO: Draco encoder: Encoding mesh Root moss shoots 0459.
19:14:26 | INFO: Draco encoder: Encoding mesh Root moss shoots 0460.
19:14:26 | INFO: Draco encoder: Encoding mesh Root moss shoots 0461.
19:14:26 | INFO: Draco encoder: Encoding mesh Root moss shoots 0462.
19:14:26 | INFO: Draco encoder: Encoding mesh Root moss shoots 0463.
19:14:26 | INFO: Draco encoder: Encoding mesh Root moss shoots 0464.
19:14:26 | INFO: Draco encoder: Encoding mesh Root moss shoots 0465.
19:14:26 | INFO: Draco encoder: Encoding mesh Root moss shoots 0466.
19:14:26 | INFO: Draco encoder: Encoding mesh Root moss shoots 0467.
19:14:26 | INFO: Draco encoder: Encoding mesh Root moss shoots 0468.
19:14:26 | INFO: Draco encoder: Encoding mesh Root moss shoots 0469.
19:14:26 | INFO: Draco encoder: Encoding mesh Root moss shoots 0470.
19:14:26 | INFO: Draco encoder: Encoding mesh Root moss shoots 0471.
19:14:26 | INFO: Draco encoder: Encoding mesh Root moss shoots 0472.
19:14:26 | INFO: Draco encoder: Encoding mesh Root moss shoots 0473.
19:14:26 | INFO: Draco encoder: Encoding mesh Root moss shoots 0474.
19:14:26 | INFO: Draco encoder: Encoding mesh Root moss shoots 0475.
19:14:26 | INFO: Draco encoder: Encoding mesh Root moss shoots 0476.
19:14:26 | INFO: Draco encoder: Encoding mesh Root moss shoots 0477.
19:14:26 | INFO: Draco encoder: Encoding mesh Root moss shoots 0478.
19:14:26 | INFO: Draco encoder: Encoding mesh Root moss shoots 0479.
19:14:26 | INFO: Draco encoder: Encoding mesh Root moss shoots 0480.
19:14:26 | INFO: Draco encoder: Encoding mesh Root moss shoots 0481.
19:14:26 | INFO: Draco encoder: Encoding mesh Root moss shoots 0482.
19:14:26 | INFO: Draco encoder: Encoding mesh Root moss shoots 0483.
19:14:26 | INFO: Draco encoder: Encoding mesh Root moss shoots 0484.
19:14:26 | INFO: Draco encoder: Encoding mesh Root moss shoots 0485.
19:14:26 | INFO: Draco encoder: Encoding mesh Root moss shoots 0486.
19:14:26 | INFO: Draco encoder: Encoding mesh Root moss shoots 0487.
19:14:26 | INFO: Draco encoder: Encoding mesh Root moss shoots 0488.
19:14:26 | INFO: Draco encoder: Encoding mesh Root moss shoots 0489.
19:14:26 | INFO: Draco encoder: Encoding mesh Root moss shoots 0490.
19:14:26 | INFO: Draco encoder: Encoding mesh Root moss shoots 0491.
19:14:26 | INFO: Draco encoder: Encoding mesh Root moss shoots 0492.
19:14:26 | INFO: Draco encoder: Encoding mesh Root moss shoots 0493.
19:14:26 | INFO: Draco encoder: Encoding mesh Root moss shoots 0494.
19:14:26 | INFO: Draco encoder: Encoding mesh Root moss shoots 0495.
19:14:26 | INFO: Draco encoder: Encoding mesh Root moss shoots 0496.
19:14:26 | INFO: Draco encoder: Encoding mesh Root moss shoots 0497.
19:14:26 | INFO: Draco encoder: Encoding mesh Root moss shoots 0498.
19:14:26 | INFO: Draco encoder: Encoding mesh Root moss shoots 0499.
19:14:26 | INFO: Draco encoder: Encoding mesh Root moss shoots 0500.
19:14:26 | INFO: Draco encoder: Encoding mesh Root moss shoots 0501.
19:14:26 | INFO: Draco encoder: Encoding mesh Root moss shoots 0502.
19:14:26 | INFO: Draco encoder: Encoding mesh Root moss shoots 0503.
19:14:26 | INFO: Draco encoder: Encoding mesh Root moss shoots 0504.
19:14:26 | INFO: Draco encoder: Encoding mesh Root moss shoots 0505.
19:14:26 | INFO: Draco encoder: Encoding mesh Root moss shoots 0506.
19:14:26 | INFO: Draco encoder: Encoding mesh Root moss shoots 0507.
19:14:26 | INFO: Draco encoder: Encoding mesh Root moss shoots 0508.
19:14:26 | INFO: Draco encoder: Encoding mesh Root moss shoots 0509.
19:14:26 | INFO: Draco encoder: Encoding mesh Root moss shoots 0510.
19:14:26 | INFO: Draco encoder: Encoding mesh Root moss shoots 0511.
19:14:26 | INFO: Draco encoder: Encoding mesh Root moss shoots 0512.
19:14:26 | INFO: Draco encoder: Encoding mesh Root moss shoots 0513.
19:14:26 | INFO: Draco encoder: Encoding mesh Root moss shoots 0514.
19:14:26 | INFO: Draco encoder: Encoding mesh Root moss shoots 0515.
19:14:26 | INFO: Draco encoder: Encoding mesh Root moss shoots 0516.
19:14:26 | INFO: Draco encoder: Encoding mesh Root moss shoots 0517.
19:14:26 | INFO: Draco encoder: Encoding mesh Root moss shoots 0518.
19:14:26 | INFO: Draco encoder: Encoding mesh Root moss shoots 0519.
19:14:26 | INFO: Draco encoder: Encoding mesh Root moss shoots 0520.
19:14:26 | INFO: Draco encoder: Encoding mesh Root moss shoots 0521.
19:14:26 | INFO: Draco encoder: Encoding mesh Root moss shoots 0522.
19:14:26 | INFO: Draco encoder: Encoding mesh Root moss shoots 0523.
19:14:26 | INFO: Draco encoder: Encoding mesh Root moss shoots 0524.
19:14:26 | INFO: Draco encoder: Encoding mesh Root moss shoots 0525.
19:14:26 | INFO: Draco encoder: Encoding mesh Root moss shoots 0526.
19:14:26 | INFO: Draco encoder: Encoding mesh Root moss shoots 0527.
19:14:26 | INFO: Draco encoder: Encoding mesh Root moss shoots 0528.
19:14:26 | INFO: Draco encoder: Encoding mesh Root moss shoots 0529.
19:14:26 | INFO: Draco encoder: Encoding mesh Root moss shoots 0530.
19:14:26 | INFO: Draco encoder: Encoding mesh Root moss shoots 0531.
19:14:26 | INFO: Draco encoder: Encoding mesh Root moss shoots 0532.
19:14:26 | INFO: Draco encoder: Encoding mesh Root moss shoots 0533.
19:14:26 | INFO: Draco encoder: Encoding mesh Root moss shoots 0534.
19:14:26 | INFO: Draco encoder: Encoding mesh Root moss shoots 0535.
19:14:26 | INFO: Draco encoder: Encoding mesh Root moss shoots 0536.
19:14:26 | INFO: Draco encoder: Encoding mesh Root moss shoots 0537.
19:14:26 | INFO: Draco encoder: Encoding mesh Root moss shoots 0538.
19:14:26 | INFO: Draco encoder: Encoding mesh Root moss shoots 0539.
19:14:26 | INFO: Draco encoder: Encoding mesh Root moss shoots 0540.
19:14:26 | INFO: Draco encoder: Encoding mesh Root moss shoots 0541.
19:14:26 | INFO: Draco encoder: Encoding mesh Root moss shoots 0542.
19:14:26 | INFO: Draco encoder: Encoding mesh Root moss shoots 0543.
19:14:26 | INFO: Draco encoder: Encoding mesh Root moss shoots 0544.
19:14:26 | INFO: Draco encoder: Encoding mesh Root moss shoots 0545.
19:14:26 | INFO: Draco encoder: Encoding mesh Root moss shoots 0546.
19:14:26 | INFO: Draco encoder: Encoding mesh Root moss shoots 0547.
19:14:26 | INFO: Draco encoder: Encoding mesh Root moss shoots 0548.
19:14:26 | INFO: Draco encoder: Encoding mesh Root moss shoots 0549.
19:14:26 | INFO: Draco encoder: Encoding mesh Root moss shoots 0550.
19:14:26 | INFO: Draco encoder: Encoding mesh Root moss shoots 0551.
19:14:26 | INFO: Draco encoder: Encoding mesh Root moss shoots 0552.
19:14:26 | INFO: Draco encoder: Encoding mesh Root moss shoots 0553.
19:14:26 | INFO: Draco encoder: Encoding mesh Root moss shoots 0554.
19:14:26 | INFO: Draco encoder: Encoding mesh Root moss shoots 0555.
19:14:26 | INFO: Draco encoder: Encoding mesh Root moss shoots 0556.
19:14:26 | INFO: Draco encoder: Encoding mesh Root moss shoots 0557.
19:14:26 | INFO: Draco encoder: Encoding mesh Root moss shoots 0558.
19:14:26 | INFO: Draco encoder: Encoding mesh Root moss shoots 0559.
19:14:26 | INFO: Draco encoder: Encoding mesh Root moss shoots 0560.
19:14:26 | INFO: Draco encoder: Encoding mesh Root moss shoots 0561.
19:14:26 | INFO: Draco encoder: Encoding mesh Root moss shoots 0562.
19:14:26 | INFO: Draco encoder: Encoding mesh Root moss shoots 0563.
19:14:26 | INFO: Draco encoder: Encoding mesh Root moss shoots 0564.
19:14:26 | INFO: Draco encoder: Encoding mesh Root moss shoots 0565.
19:14:26 | INFO: Draco encoder: Encoding mesh Root moss shoots 0566.
19:14:26 | INFO: Draco encoder: Encoding mesh Root moss shoots 0567.
19:14:26 | INFO: Draco encoder: Encoding mesh Root moss shoots 0568.
19:14:26 | INFO: Draco encoder: Encoding mesh Root moss shoots 0569.
19:14:26 | INFO: Draco encoder: Encoding mesh Root moss shoots 0570.
19:14:26 | INFO: Draco encoder: Encoding mesh Root moss shoots 0571.
19:14:26 | INFO: Draco encoder: Encoding mesh Root moss shoots 0572.
19:14:26 | INFO: Draco encoder: Encoding mesh Root moss shoots 0573.
19:14:26 | INFO: Draco encoder: Encoding mesh Root moss shoots 0574.
19:14:26 | INFO: Draco encoder: Encoding mesh Root moss shoots 0575.
19:14:26 | INFO: Draco encoder: Encoding mesh Root moss shoots 0576.
19:14:26 | INFO: Draco encoder: Encoding mesh Root moss shoots 0577.
19:14:26 | INFO: Draco encoder: Encoding mesh Root moss shoots 0578.
19:14:26 | INFO: Draco encoder: Encoding mesh Root moss shoots 0579.
19:14:26 | INFO: Draco encoder: Encoding mesh Root moss shoots 0580.
19:14:26 | INFO: Draco encoder: Encoding mesh Root moss shoots 0581.
19:14:26 | INFO: Draco encoder: Encoding mesh Root moss shoots 0582.
19:14:26 | INFO: Draco encoder: Encoding mesh Root moss shoots 0583.
19:14:26 | INFO: Draco encoder: Encoding mesh Root moss shoots 0584.
19:14:26 | INFO: Draco encoder: Encoding mesh Root moss shoots 0585.
19:14:26 | INFO: Draco encoder: Encoding mesh Root moss shoots 0586.
19:14:26 | INFO: Draco encoder: Encoding mesh Root moss shoots 0587.
19:14:26 | INFO: Draco encoder: Encoding mesh Root moss shoots 0588.
19:14:26 | INFO: Draco encoder: Encoding mesh Root moss shoots 0589.
19:14:26 | INFO: Draco encoder: Encoding mesh Root moss shoots 0590.
19:14:26 | INFO: Draco encoder: Encoding mesh Root moss shoots 0591.
19:14:26 | INFO: Draco encoder: Encoding mesh Root moss shoots 0592.
19:14:26 | INFO: Draco encoder: Encoding mesh Root moss shoots 0593.
19:14:26 | INFO: Draco encoder: Encoding mesh Root moss shoots 0594.
19:14:26 | INFO: Draco encoder: Encoding mesh Root moss shoots 0595.
19:14:26 | INFO: Draco encoder: Encoding mesh Root moss shoots 0596.
19:14:26 | INFO: Draco encoder: Encoding mesh Root moss shoots 0597.
19:14:26 | INFO: Draco encoder: Encoding mesh Root moss shoots 0598.
19:14:26 | INFO: Draco encoder: Encoding mesh Root moss shoots 0599.
19:14:26 | INFO: Draco encoder: Encoding mesh Root moss shoots 0600.
19:14:26 | INFO: Draco encoder: Encoding mesh Root moss shoots 0601.
19:14:26 | INFO: Draco encoder: Encoding mesh Root moss shoots 0602.
19:14:26 | INFO: Draco encoder: Encoding mesh Root moss shoots 0603.
19:14:26 | INFO: Draco encoder: Encoding mesh Root moss shoots 0604.
19:14:26 | INFO: Draco encoder: Encoding mesh Root moss shoots 0605.
19:14:26 | INFO: Draco encoder: Encoding mesh Root moss shoots 0606.
19:14:26 | INFO: Draco encoder: Encoding mesh Root moss shoots 0607.
19:14:26 | INFO: Draco encoder: Encoding mesh Root moss shoots 0608.
19:14:26 | INFO: Draco encoder: Encoding mesh Root moss shoots 0609.
19:14:26 | INFO: Draco encoder: Encoding mesh Root moss shoots 0610.
19:14:26 | INFO: Draco encoder: Encoding mesh Root moss shoots 0611.
19:14:26 | INFO: Draco encoder: Encoding mesh Root moss shoots 0612.
19:14:26 | INFO: Draco encoder: Encoding mesh Root moss shoots 0613.
19:14:26 | INFO: Draco encoder: Encoding mesh Root moss shoots 0614.
19:14:26 | INFO: Draco encoder: Encoding mesh Root moss shoots 0615.
19:14:26 | INFO: Draco encoder: Encoding mesh Root moss shoots 0616.
19:14:26 | INFO: Draco encoder: Encoding mesh Root moss shoots 0617.
19:14:26 | INFO: Draco encoder: Encoding mesh Root moss shoots 0618.
19:14:26 | INFO: Draco encoder: Encoding mesh Root moss shoots 0619.
19:14:26 | INFO: Draco encoder: Encoding mesh Root moss shoots 0620.
19:14:26 | INFO: Draco encoder: Encoding mesh Root moss shoots 0621.
19:14:26 | INFO: Draco encoder: Encoding mesh Root moss shoots 0622.
19:14:26 | INFO: Draco encoder: Encoding mesh Root moss shoots 0623.
19:14:26 | INFO: Draco encoder: Encoding mesh Root moss shoots 0624.
19:14:26 | INFO: Draco encoder: Encoding mesh Root moss shoots 0625.
19:14:26 | INFO: Draco encoder: Encoding mesh Root moss shoots 0626.
19:14:26 | INFO: Draco encoder: Encoding mesh Root moss shoots 0627.
19:14:26 | INFO: Draco encoder: Encoding mesh Root moss shoots 0628.
19:14:26 | INFO: Draco encoder: Encoding mesh Root moss shoots 0629.
19:14:26 | INFO: Draco encoder: Encoding mesh Root moss shoots 0630.
19:14:26 | INFO: Draco encoder: Encoding mesh Root moss shoots 0631.
19:14:26 | INFO: Draco encoder: Encoding mesh Root moss shoots 0632.
19:14:26 | INFO: Draco encoder: Encoding mesh Root moss shoots 0633.
19:14:26 | INFO: Draco encoder: Encoding mesh Root moss shoots 0634.
19:14:26 | INFO: Draco encoder: Encoding mesh Root moss shoots 0635.
19:14:26 | INFO: Draco encoder: Encoding mesh Root moss shoots 0636.
19:14:26 | INFO: Draco encoder: Encoding mesh Root moss shoots 0637.
19:14:26 | INFO: Draco encoder: Encoding mesh Root moss shoots 0638.
19:14:26 | INFO: Draco encoder: Encoding mesh Root moss shoots 0639.
19:14:26 | INFO: Draco encoder: Encoding mesh Root moss shoots 0640.
19:14:26 | INFO: Draco encoder: Encoding mesh Root moss shoots 0641.
19:14:26 | INFO: Draco encoder: Encoding mesh Root moss shoots 0642.
19:14:26 | INFO: Draco encoder: Encoding mesh Root moss shoots 0643.
19:14:26 | INFO: Draco encoder: Encoding mesh Root moss shoots 0644.
19:14:26 | INFO: Draco encoder: Encoding mesh Root moss shoots 0645.
19:14:26 | INFO: Draco encoder: Encoding mesh Root moss shoots 0646.
19:14:26 | INFO: Draco encoder: Encoding mesh Root moss shoots 0647.
19:14:26 | INFO: Draco encoder: Encoding mesh Root moss shoots 0648.
19:14:26 | INFO: Draco encoder: Encoding mesh Root moss shoots 0649.
19:14:26 | INFO: Draco encoder: Encoding mesh Root moss shoots 0650.
19:14:26 | INFO: Draco encoder: Encoding mesh Root moss shoots 0651.
19:14:26 | INFO: Draco encoder: Encoding mesh Root moss shoots 0652.
19:14:26 | INFO: Draco encoder: Encoding mesh Root moss shoots 0653.
19:14:26 | INFO: Draco encoder: Encoding mesh Root moss shoots 0654.
19:14:26 | INFO: Draco encoder: Encoding mesh Root moss shoots 0655.
19:14:26 | INFO: Draco encoder: Encoding mesh Root moss shoots 0656.
19:14:26 | INFO: Draco encoder: Encoding mesh Root moss shoots 0657.
19:14:26 | INFO: Draco encoder: Encoding mesh Root moss shoots 0658.
19:14:26 | INFO: Draco encoder: Encoding mesh Root moss shoots 0659.
19:14:26 | INFO: Draco encoder: Encoding mesh Root moss shoots 0660.
19:14:26 | INFO: Draco encoder: Encoding mesh Root moss shoots 0661.
19:14:26 | INFO: Draco encoder: Encoding mesh Root moss shoots 0662.
19:14:26 | INFO: Draco encoder: Encoding mesh Root moss shoots 0663.
19:14:26 | INFO: Draco encoder: Encoding mesh Root moss shoots 0664.
19:14:26 | INFO: Draco encoder: Encoding mesh Root moss shoots 0665.
19:14:26 | INFO: Draco encoder: Encoding mesh Root moss shoots 0666.
19:14:26 | INFO: Draco encoder: Encoding mesh Root moss shoots 0667.
19:14:26 | INFO: Draco encoder: Encoding mesh Root moss shoots 0668.
19:14:26 | INFO: Draco encoder: Encoding mesh Root moss shoots 0669.
19:14:26 | INFO: Draco encoder: Encoding mesh Root moss shoots 0670.
19:14:26 | INFO: Draco encoder: Encoding mesh Root moss shoots 0671.
19:14:26 | INFO: Draco encoder: Encoding mesh Root moss shoots 0672.
19:14:26 | INFO: Draco encoder: Encoding mesh Root moss shoots 0673.
19:14:26 | INFO: Draco encoder: Encoding mesh Root moss shoots 0674.
19:14:26 | INFO: Draco encoder: Encoding mesh Root moss shoots 0675.
19:14:26 | INFO: Draco encoder: Encoding mesh Root moss shoots 0676.
19:14:26 | INFO: Draco encoder: Encoding mesh Root moss shoots 0677.
19:14:26 | INFO: Draco encoder: Encoding mesh Root moss shoots 0678.
19:14:26 | INFO: Draco encoder: Encoding mesh Root moss shoots 0679.
19:14:26 | INFO: Draco encoder: Encoding mesh Root moss shoots 0680.
19:14:26 | INFO: Draco encoder: Encoding mesh Root moss shoots 0681.
19:14:26 | INFO: Draco encoder: Encoding mesh Root moss shoots 0682.
19:14:26 | INFO: Draco encoder: Encoding mesh Root moss shoots 0683.
19:14:26 | INFO: Draco encoder: Encoding mesh Root moss shoots 0684.
19:14:26 | INFO: Draco encoder: Encoding mesh Root moss shoots 0685.
19:14:26 | INFO: Draco encoder: Encoding mesh Root moss shoots 0686.
19:14:26 | INFO: Draco encoder: Encoding mesh Root moss shoots 0687.
19:14:26 | INFO: Draco encoder: Encoding mesh Root moss shoots 0688.
19:14:26 | INFO: Draco encoder: Encoding mesh Root moss shoots 0689.
19:14:26 | INFO: Draco encoder: Encoding mesh Root moss shoots 0690.
19:14:26 | INFO: Draco encoder: Encoding mesh Root moss shoots 0691.
19:14:26 | INFO: Draco encoder: Encoding mesh Root moss shoots 0692.
19:14:26 | INFO: Draco encoder: Encoding mesh Root moss shoots 0693.
19:14:26 | INFO: Draco encoder: Encoding mesh Root moss shoots 0694.
19:14:26 | INFO: Draco encoder: Encoding mesh Root moss shoots 0695.
19:14:26 | INFO: Draco encoder: Encoding mesh Root moss shoots 0696.
19:14:26 | INFO: Draco encoder: Encoding mesh Root moss shoots 0697.
19:14:26 | INFO: Draco encoder: Encoding mesh Root moss shoots 0698.
19:14:26 | INFO: Draco encoder: Encoding mesh Root moss shoots 0699.
19:14:26 | INFO: Draco encoder: Encoding mesh Root moss shoots 0700.
19:14:26 | INFO: Draco encoder: Encoding mesh Root moss shoots 0701.
19:14:26 | INFO: Draco encoder: Encoding mesh Root moss shoots 0702.
19:14:26 | INFO: Draco encoder: Encoding mesh Root moss shoots 0703.
19:14:26 | INFO: Draco encoder: Encoding mesh Root moss shoots 0704.
19:14:26 | INFO: Draco encoder: Encoding mesh Root moss shoots 0705.
19:14:26 | INFO: Draco encoder: Encoding mesh Root moss shoots 0706.
19:14:26 | INFO: Draco encoder: Encoding mesh Root moss shoots 0707.
19:14:26 | INFO: Draco encoder: Encoding mesh Root moss shoots 0708.
19:14:26 | INFO: Draco encoder: Encoding mesh Root moss shoots 0709.
19:14:26 | INFO: Draco encoder: Encoding mesh Root moss shoots 0710.
19:14:26 | INFO: Draco encoder: Encoding mesh Root moss shoots 0711.
19:14:26 | INFO: Draco encoder: Encoding mesh Root moss shoots 0712.
19:14:26 | INFO: Draco encoder: Encoding mesh Root moss shoots 0713.
19:14:26 | INFO: Draco encoder: Encoding mesh Root moss shoots 0714.
19:14:26 | INFO: Draco encoder: Encoding mesh Root moss shoots 0715.
19:14:26 | INFO: Draco encoder: Encoding mesh Root moss shoots 0716.
19:14:26 | INFO: Draco encoder: Encoding mesh Root moss shoots 0717.
19:14:26 | INFO: Draco encoder: Encoding mesh Root moss shoots 0718.
19:14:26 | INFO: Draco encoder: Encoding mesh Root moss shoots 0719.
19:14:26 | INFO: Draco encoder: Encoding mesh Root moss shoots 0720.
19:14:26 | INFO: Draco encoder: Encoding mesh Root moss shoots 0721.
19:14:26 | INFO: Draco encoder: Encoding mesh Root moss shoots 0722.
19:14:26 | INFO: Draco encoder: Encoding mesh Root moss shoots 0723.
19:14:26 | INFO: Draco encoder: Encoding mesh Root moss shoots 0724.
19:14:26 | INFO: Draco encoder: Encoding mesh Root moss shoots 0725.
19:14:26 | INFO: Draco encoder: Encoding mesh Root moss shoots 0726.
19:14:26 | INFO: Draco encoder: Encoding mesh Root moss shoots 0727.
19:14:26 | INFO: Draco encoder: Encoding mesh Root moss shoots 0728.
19:14:26 | INFO: Draco encoder: Encoding mesh Root moss shoots 0729.
19:14:26 | INFO: Draco encoder: Encoding mesh Root moss shoots 0730.
19:14:26 | INFO: Draco encoder: Encoding mesh Root moss shoots 0731.
19:14:26 | INFO: Draco encoder: Encoding mesh Root moss shoots 0732.
19:14:26 | INFO: Draco encoder: Encoding mesh Root moss shoots 0733.
19:14:26 | INFO: Draco encoder: Encoding mesh Root moss shoots 0734.
19:14:26 | INFO: Draco encoder: Encoding mesh Root moss shoots 0735.
19:14:26 | INFO: Draco encoder: Encoding mesh Root moss shoots 0736.
19:14:26 | INFO: Draco encoder: Encoding mesh Root moss shoots 0737.
19:14:26 | INFO: Draco encoder: Encoding mesh Root moss shoots 0738.
19:14:26 | INFO: Draco encoder: Encoding mesh Root moss shoots 0739.
19:14:26 | INFO: Draco encoder: Encoding mesh Root moss shoots 0740.
19:14:26 | INFO: Draco encoder: Encoding mesh Root moss shoots 0741.
19:14:26 | INFO: Draco encoder: Encoding mesh Root moss shoots 0742.
19:14:26 | INFO: Draco encoder: Encoding mesh Root moss shoots 0743.
19:14:26 | INFO: Draco encoder: Encoding mesh Root moss shoots 0744.
19:14:26 | INFO: Draco encoder: Encoding mesh Root moss shoots 0745.
19:14:26 | INFO: Draco encoder: Encoding mesh Root moss shoots 0746.
19:14:26 | INFO: Draco encoder: Encoding mesh Root moss shoots 0747.
19:14:26 | INFO: Draco encoder: Encoding mesh Root moss shoots 0748.
19:14:26 | INFO: Draco encoder: Encoding mesh Root moss shoots 0749.
19:14:26 | INFO: Draco encoder: Encoding mesh Root moss shoots 0750.
19:14:26 | INFO: Draco encoder: Encoding mesh Root moss shoots 0751.
19:14:26 | INFO: Draco encoder: Encoding mesh Root moss shoots 0752.
19:14:26 | INFO: Draco encoder: Encoding mesh Root moss shoots 0753.
19:14:26 | INFO: Draco encoder: Encoding mesh Root moss shoots 0754.
19:14:26 | INFO: Draco encoder: Encoding mesh Root moss shoots 0755.
19:14:26 | INFO: Draco encoder: Encoding mesh Root moss shoots 0756.
19:14:26 | INFO: Draco encoder: Encoding mesh Root moss shoots 0757.
19:14:26 | INFO: Draco encoder: Encoding mesh Root moss shoots 0758.
19:14:26 | INFO: Draco encoder: Encoding mesh Root moss shoots 0759.
19:14:26 | INFO: Draco encoder: Encoding mesh Root moss shoots 0760.
19:14:26 | INFO: Draco encoder: Encoding mesh Root moss shoots 0761.
19:14:26 | INFO: Draco encoder: Encoding mesh Root moss shoots 0762.
19:14:26 | INFO: Draco encoder: Encoding mesh Root moss shoots 0763.
19:14:26 | INFO: Draco encoder: Encoding mesh Root moss shoots 0764.
19:14:26 | INFO: Draco encoder: Encoding mesh Root moss shoots 0765.
19:14:26 | INFO: Draco encoder: Encoding mesh Root moss shoots 0766.
19:14:26 | INFO: Draco encoder: Encoding mesh Root moss shoots 0767.
19:14:26 | INFO: Draco encoder: Encoding mesh Root moss shoots 0768.
19:14:26 | INFO: Draco encoder: Encoding mesh Root moss shoots 0769.
19:14:26 | INFO: Draco encoder: Encoding mesh Root moss shoots 0770.
19:14:26 | INFO: Draco encoder: Encoding mesh Root moss shoots 0771.
19:14:26 | INFO: Draco encoder: Encoding mesh Root moss shoots 0772.
19:14:26 | INFO: Draco encoder: Encoding mesh Root moss shoots 0773.
19:14:26 | INFO: Draco encoder: Encoding mesh Root moss shoots 0774.
19:14:26 | INFO: Draco encoder: Encoding mesh Root moss shoots 0775.
19:14:26 | INFO: Draco encoder: Encoding mesh Root moss shoots 0776.
19:14:26 | INFO: Draco encoder: Encoding mesh Root moss shoots 0777.
19:14:26 | INFO: Draco encoder: Encoding mesh Root moss shoots 0778.
19:14:26 | INFO: Draco encoder: Encoding mesh Root moss shoots 0779.
19:14:26 | INFO: Draco encoder: Encoding mesh Root moss shoots 0780.
19:14:26 | INFO: Draco encoder: Encoding mesh Root moss shoots 0781.
19:14:26 | INFO: Draco encoder: Encoding mesh Root moss shoots 0782.
19:14:26 | INFO: Draco encoder: Encoding mesh Root moss shoots 0783.
19:14:26 | INFO: Draco encoder: Encoding mesh Root moss shoots 0784.
19:14:26 | INFO: Draco encoder: Encoding mesh Root moss shoots 0785.
19:14:26 | INFO: Draco encoder: Encoding mesh Root moss shoots 0786.
19:14:26 | INFO: Draco encoder: Encoding mesh Root moss shoots 0787.
19:14:26 | INFO: Draco encoder: Encoding mesh Root moss shoots 0788.
19:14:26 | INFO: Draco encoder: Encoding mesh Root moss shoots 0789.
19:14:26 | INFO: Draco encoder: Encoding mesh Root moss shoots 0790.
19:14:26 | INFO: Draco encoder: Encoding mesh Root moss shoots 0791.
19:14:26 | INFO: Draco encoder: Encoding mesh Root moss shoots 0792.
19:14:26 | INFO: Draco encoder: Encoding mesh Root moss shoots 0793.
19:14:26 | INFO: Draco encoder: Encoding mesh Root moss shoots 0794.
19:14:26 | INFO: Draco encoder: Encoding mesh Root moss shoots 0795.
19:14:26 | INFO: Draco encoder: Encoding mesh Root moss shoots 0796.
19:14:26 | INFO: Draco encoder: Encoding mesh Root moss shoots 0797.
19:14:26 | INFO: Draco encoder: Encoding mesh Root moss shoots 0798.
19:14:26 | INFO: Draco encoder: Encoding mesh Root moss shoots 0799.
19:14:26 | INFO: Draco encoder: Encoding mesh Root moss shoots 0800.
19:14:26 | INFO: Draco encoder: Encoding mesh Root moss shoots 0801.
19:14:26 | INFO: Draco encoder: Encoding mesh Root moss shoots 0802.
19:14:26 | INFO: Draco encoder: Encoding mesh Root moss shoots 0803.
19:14:26 | INFO: Draco encoder: Encoding mesh Root moss shoots 0804.
19:14:26 | INFO: Draco encoder: Encoding mesh Root moss shoots 0805.
19:14:26 | INFO: Draco encoder: Encoding mesh Root moss shoots 0806.
19:14:26 | INFO: Draco encoder: Encoding mesh Root moss shoots 0807.
19:14:26 | INFO: Draco encoder: Encoding mesh Root moss shoots 0808.
19:14:26 | INFO: Draco encoder: Encoding mesh Root moss shoots 0809.
19:14:26 | INFO: Draco encoder: Encoding mesh Root moss shoots 0810.
19:14:26 | INFO: Draco encoder: Encoding mesh Root moss shoots 0811.
19:14:26 | INFO: Draco encoder: Encoding mesh Root moss shoots 0812.
19:14:26 | INFO: Draco encoder: Encoding mesh Root moss shoots 0813.
19:14:26 | INFO: Draco encoder: Encoding mesh Root moss shoots 0814.
19:14:26 | INFO: Draco encoder: Encoding mesh Root moss shoots 0815.
19:14:26 | INFO: Draco encoder: Encoding mesh Root moss shoots 0816.
19:14:26 | INFO: Draco encoder: Encoding mesh Root moss shoots 0817.
19:14:26 | INFO: Draco encoder: Encoding mesh Root moss shoots 0818.
19:14:26 | INFO: Draco encoder: Encoding mesh Root moss shoots 0819.
19:14:26 | INFO: Draco encoder: Encoding mesh Root moss shoots 0820.
19:14:26 | INFO: Draco encoder: Encoding mesh Root moss shoots 0821.
19:14:26 | INFO: Draco encoder: Encoding mesh Root moss shoots 0822.
19:14:26 | INFO: Draco encoder: Encoding mesh Root moss shoots 0823.
19:14:26 | INFO: Draco encoder: Encoding mesh Root moss shoots 0824.
19:14:26 | INFO: Draco encoder: Encoding mesh Root moss shoots 0825.
19:14:26 | INFO: Draco encoder: Encoding mesh Root moss shoots 0826.
19:14:26 | INFO: Draco encoder: Encoding mesh Root moss shoots 0827.
19:14:26 | INFO: Draco encoder: Encoding mesh Root moss shoots 0828.
19:14:26 | INFO: Draco encoder: Encoding mesh Root moss shoots 0829.
19:14:26 | INFO: Draco encoder: Encoding mesh Root moss shoots 0830.
19:14:26 | INFO: Draco encoder: Encoding mesh Root moss shoots 0831.
19:14:26 | INFO: Draco encoder: Encoding mesh Root moss shoots 0832.
19:14:26 | INFO: Draco encoder: Encoding mesh Root moss shoots 0833.
19:14:26 | INFO: Draco encoder: Encoding mesh Root moss shoots 0834.
19:14:26 | INFO: Draco encoder: Encoding mesh Root moss shoots 0835.
19:14:26 | INFO: Draco encoder: Encoding mesh Root moss shoots 0836.
19:14:26 | INFO: Draco encoder: Encoding mesh Root moss shoots 0837.
19:14:26 | INFO: Draco encoder: Encoding mesh Root moss shoots 0838.
19:14:26 | INFO: Draco encoder: Encoding mesh Root moss shoots 0839.
19:14:26 | INFO: Draco encoder: Encoding mesh Root moss shoots 0840.
19:14:26 | INFO: Draco encoder: Encoding mesh Root moss shoots 0841.
19:14:26 | INFO: Draco encoder: Encoding mesh Root moss shoots 0842.
19:14:26 | INFO: Draco encoder: Encoding mesh Root moss shoots 0843.
19:14:26 | INFO: Draco encoder: Encoding mesh Root moss shoots 0844.
19:14:26 | INFO: Draco encoder: Encoding mesh Root moss shoots 0845.
19:14:26 | INFO: Draco encoder: Encoding mesh Root moss shoots 0846.
19:14:26 | INFO: Draco encoder: Encoding mesh Root moss shoots 0847.
19:14:26 | INFO: Draco encoder: Encoding mesh Root moss shoots 0848.
19:14:26 | INFO: Draco encoder: Encoding mesh Root moss shoots 0849.
19:14:26 | INFO: Draco encoder: Encoding mesh Root moss shoots 0850.
19:14:26 | INFO: Draco encoder: Encoding mesh Root moss shoots 0851.
19:14:26 | INFO: Draco encoder: Encoding mesh Root moss shoots 0852.
19:14:26 | INFO: Draco encoder: Encoding mesh Root moss shoots 0853.
19:14:26 | INFO: Draco encoder: Encoding mesh Root moss shoots 0854.
19:14:26 | INFO: Draco encoder: Encoding mesh Root moss shoots 0855.
19:14:26 | INFO: Draco encoder: Encoding mesh Root moss shoots 0856.
19:14:26 | INFO: Draco encoder: Encoding mesh Root moss shoots 0857.
19:14:26 | INFO: Draco encoder: Encoding mesh Root moss shoots 0858.
19:14:26 | INFO: Draco encoder: Encoding mesh Root moss shoots 0859.
19:14:26 | INFO: Draco encoder: Encoding mesh Root moss shoots 0860.
19:14:26 | INFO: Draco encoder: Encoding mesh Root moss shoots 0861.
19:14:26 | INFO: Draco encoder: Encoding mesh Root moss shoots 0862.
19:14:26 | INFO: Draco encoder: Encoding mesh Root moss shoots 0863.
19:14:26 | INFO: Draco encoder: Encoding mesh Root moss shoots 0864.
19:14:26 | INFO: Draco encoder: Encoding mesh Root moss shoots 0865.
19:14:26 | INFO: Draco encoder: Encoding mesh Root moss shoots 0866.
19:14:26 | INFO: Draco encoder: Encoding mesh Root moss shoots 0867.
19:14:26 | INFO: Draco encoder: Encoding mesh Root moss shoots 0868.
19:14:26 | INFO: Draco encoder: Encoding mesh Root moss shoots 0869.
19:14:26 | INFO: Draco encoder: Encoding mesh Root moss shoots 0870.
19:14:26 | INFO: Draco encoder: Encoding mesh Root moss shoots 0871.
19:14:26 | INFO: Draco encoder: Encoding mesh Root moss shoots 0872.
19:14:26 | INFO: Draco encoder: Encoding mesh Root moss shoots 0873.
19:14:26 | INFO: Draco encoder: Encoding mesh Root moss shoots 0874.
19:14:26 | INFO: Draco encoder: Encoding mesh Root moss shoots 0875.
19:14:26 | INFO: Draco encoder: Encoding mesh Root moss shoots 0876.
19:14:26 | INFO: Draco encoder: Encoding mesh Root moss shoots 0877.
19:14:26 | INFO: Draco encoder: Encoding mesh Root moss shoots 0878.
19:14:26 | INFO: Draco encoder: Encoding mesh Root moss shoots 0879.
19:14:26 | INFO: Draco encoder: Encoding mesh Root moss shoots 0880.
19:14:26 | INFO: Draco encoder: Encoding mesh Root moss shoots 0881.
19:14:26 | INFO: Draco encoder: Encoding mesh Root moss shoots 0882.
19:14:26 | INFO: Draco encoder: Encoding mesh Root moss shoots 0883.
19:14:26 | INFO: Draco encoder: Encoding mesh Root moss shoots 0884.
19:14:26 | INFO: Draco encoder: Encoding mesh Root moss shoots 0885.
19:14:26 | INFO: Draco encoder: Encoding mesh Root moss shoots 0886.
19:14:26 | INFO: Draco encoder: Encoding mesh Root moss shoots 0887.
19:14:26 | INFO: Draco encoder: Encoding mesh Root moss shoots 0888.
19:14:26 | INFO: Draco encoder: Encoding mesh Root moss shoots 0889.
19:14:26 | INFO: Draco encoder: Encoding mesh Root moss shoots 0890.
19:14:26 | INFO: Draco encoder: Encoding mesh Root moss shoots 0891.
19:14:26 | INFO: Draco encoder: Encoding mesh Root moss shoots 0892.
19:14:26 | INFO: Draco encoder: Encoding mesh Root moss shoots 0893.
19:14:26 | INFO: Draco encoder: Encoding mesh Root moss shoots 0894.
19:14:26 | INFO: Draco encoder: Encoding mesh Root moss shoots 0895.
19:14:26 | INFO: Draco encoder: Encoding mesh Root moss shoots 0896.
19:14:26 | INFO: Draco encoder: Encoding mesh Root moss shoots 0897.
19:14:26 | INFO: Draco encoder: Encoding mesh Root moss shoots 0898.
19:14:26 | INFO: Draco encoder: Encoding mesh Root moss shoots 0899.
19:14:26 | INFO: Draco encoder: Encoding mesh Root moss shoots 0900.
19:14:26 | INFO: Draco encoder: Encoding mesh Root moss shoots 0901.
19:14:26 | INFO: Draco encoder: Encoding mesh Root moss shoots 0902.
19:14:26 | INFO: Draco encoder: Encoding mesh Root moss shoots 0903.
19:14:26 | INFO: Draco encoder: Encoding mesh Root moss shoots 0904.
19:14:26 | INFO: Draco encoder: Encoding mesh Root moss shoots 0905.
19:14:26 | INFO: Draco encoder: Encoding mesh Root moss shoots 0906.
19:14:26 | INFO: Draco encoder: Encoding mesh Root moss shoots 0907.
19:14:26 | INFO: Draco encoder: Encoding mesh Root moss shoots 0908.
19:14:26 | INFO: Draco encoder: Encoding mesh Root moss shoots 0909.
19:14:26 | INFO: Draco encoder: Encoding mesh Root moss shoots 0910.
19:14:26 | INFO: Draco encoder: Encoding mesh Root moss shoots 0911.
19:14:26 | INFO: Draco encoder: Encoding mesh Root moss shoots 0912.
19:14:26 | INFO: Draco encoder: Encoding mesh Root moss shoots 0913.
19:14:26 | INFO: Draco encoder: Encoding mesh Root moss shoots 0914.
19:14:26 | INFO: Draco encoder: Encoding mesh Root moss shoots 0915.
19:14:26 | INFO: Draco encoder: Encoding mesh Root moss shoots 0916.
19:14:26 | INFO: Draco encoder: Encoding mesh Root moss shoots 0917.
19:14:26 | INFO: Draco encoder: Encoding mesh Root moss shoots 0918.
19:14:26 | INFO: Draco encoder: Encoding mesh Root moss shoots 0919.
19:14:26 | INFO: Draco encoder: Encoding mesh Root moss shoots 0920.
19:14:26 | INFO: Draco encoder: Encoding mesh Root moss shoots 0921.
19:14:26 | INFO: Draco encoder: Encoding mesh Root moss shoots 0922.
19:14:26 | INFO: Draco encoder: Encoding mesh Root moss shoots 0923.
19:14:26 | INFO: Draco encoder: Encoding mesh Root moss shoots 0924.
19:14:26 | INFO: Draco encoder: Encoding mesh Root moss shoots 0925.
19:14:26 | INFO: Draco encoder: Encoding mesh Root moss shoots 0926.
19:14:26 | INFO: Draco encoder: Encoding mesh Root moss shoots 0927.
19:14:26 | INFO: Draco encoder: Encoding mesh Root moss shoots 0928.
19:14:26 | INFO: Draco encoder: Encoding mesh Root moss shoots 0929.
19:14:26 | INFO: Draco encoder: Encoding mesh Root moss shoots 0930.
19:14:26 | INFO: Draco encoder: Encoding mesh Root moss shoots 0931.
19:14:26 | INFO: Draco encoder: Encoding mesh Root moss shoots 0932.
19:14:26 | INFO: Draco encoder: Encoding mesh Root moss shoots 0933.
19:14:26 | INFO: Draco encoder: Encoding mesh Root moss shoots 0934.
19:14:26 | INFO: Draco encoder: Encoding mesh Root moss shoots 0935.
19:14:26 | INFO: Draco encoder: Encoding mesh Root moss shoots 0936.
19:14:26 | INFO: Draco encoder: Encoding mesh Root moss shoots 0937.
19:14:26 | INFO: Draco encoder: Encoding mesh Root moss shoots 0938.
19:14:26 | INFO: Draco encoder: Encoding mesh Root moss shoots 0939.
19:14:26 | INFO: Draco encoder: Encoding mesh Root moss shoots 0940.
19:14:26 | INFO: Draco encoder: Encoding mesh Root moss shoots 0941.
19:14:26 | INFO: Draco encoder: Encoding mesh Root moss shoots 0942.
19:14:26 | INFO: Draco encoder: Encoding mesh Root moss shoots 0943.
19:14:26 | INFO: Draco encoder: Encoding mesh Root moss shoots 0944.
19:14:26 | INFO: Draco encoder: Encoding mesh Root moss shoots 0945.
19:14:26 | INFO: Draco encoder: Encoding mesh Root moss shoots 0946.
19:14:26 | INFO: Draco encoder: Encoding mesh Root moss shoots 0947.
19:14:26 | INFO: Draco encoder: Encoding mesh Root moss shoots 0948.
19:14:26 | INFO: Draco encoder: Encoding mesh Root moss shoots 0949.
19:14:26 | INFO: Draco encoder: Encoding mesh Root moss shoots 0950.
19:14:26 | INFO: Draco encoder: Encoding mesh Root moss shoots 0951.
19:14:26 | INFO: Draco encoder: Encoding mesh Root moss shoots 0952.
19:14:26 | INFO: Draco encoder: Encoding mesh Root moss shoots 0953.
19:14:26 | INFO: Draco encoder: Encoding mesh Root moss shoots 0954.
19:14:26 | INFO: Draco encoder: Encoding mesh Root moss shoots 0955.
19:14:26 | INFO: Draco encoder: Encoding mesh Root moss shoots 0956.
19:14:26 | INFO: Draco encoder: Encoding mesh Root moss shoots 0957.
19:14:26 | INFO: Draco encoder: Encoding mesh Root moss shoots 0958.
19:14:26 | INFO: Draco encoder: Encoding mesh Root moss shoots 0959.
19:14:26 | INFO: Draco encoder: Encoding mesh Root moss shoots 0960.
19:14:26 | INFO: Draco encoder: Encoding mesh Root moss shoots 0961.
19:14:26 | INFO: Draco encoder: Encoding mesh Root moss shoots 0962.
19:14:26 | INFO: Draco encoder: Encoding mesh Root moss shoots 0963.
19:14:26 | INFO: Draco encoder: Encoding mesh Root moss shoots 0964.
19:14:26 | INFO: Draco encoder: Encoding mesh Root moss shoots 0965.
19:14:26 | INFO: Draco encoder: Encoding mesh Root moss shoots 0966.
19:14:26 | INFO: Draco encoder: Encoding mesh Root moss shoots 0967.
19:14:26 | INFO: Draco encoder: Encoding mesh Root moss shoots 0968.
19:14:26 | INFO: Draco encoder: Encoding mesh Root moss shoots 0969.
19:14:26 | INFO: Draco encoder: Encoding mesh Root moss shoots 0970.
19:14:26 | INFO: Draco encoder: Encoding mesh Root moss shoots 0971.
19:14:26 | INFO: Draco encoder: Encoding mesh Root moss shoots 0972.
19:14:26 | INFO: Draco encoder: Encoding mesh Root moss shoots 0973.
19:14:26 | INFO: Draco encoder: Encoding mesh Root moss shoots 0974.
19:14:26 | INFO: Draco encoder: Encoding mesh Root moss shoots 0975.
19:14:26 | INFO: Draco encoder: Encoding mesh Root moss shoots 0976.
19:14:26 | INFO: Draco encoder: Encoding mesh Root moss shoots 0977.
19:14:26 | INFO: Draco encoder: Encoding mesh Root moss shoots 0978.
19:14:26 | INFO: Draco encoder: Encoding mesh Root moss shoots 0979.
19:14:26 | INFO: Draco encoder: Encoding mesh Root moss shoots 0980.
19:14:26 | INFO: Draco encoder: Encoding mesh Root moss shoots 0981.
19:14:26 | INFO: Draco encoder: Encoding mesh Root moss shoots 0982.
19:14:26 | INFO: Draco encoder: Encoding mesh Root moss shoots 0983.
19:14:26 | INFO: Draco encoder: Encoding mesh Root moss shoots 0984.
19:14:26 | INFO: Draco encoder: Encoding mesh Root moss shoots 0985.
19:14:26 | INFO: Draco encoder: Encoding mesh Root moss shoots 0986.
19:14:26 | INFO: Draco encoder: Encoding mesh Root moss shoots 0987.
19:14:26 | INFO: Draco encoder: Encoding mesh Root moss shoots 0988.
19:14:26 | INFO: Draco encoder: Encoding mesh Root moss shoots 0989.
19:14:26 | INFO: Draco encoder: Encoding mesh Root moss shoots 0990.
19:14:26 | INFO: Draco encoder: Encoding mesh Root moss shoots 0991.
19:14:26 | INFO: Draco encoder: Encoding mesh Root moss shoots 0992.
19:14:26 | INFO: Draco encoder: Encoding mesh Root moss shoots 0993.
19:14:26 | INFO: Draco encoder: Encoding mesh Root moss shoots 0994.
19:14:26 | INFO: Draco encoder: Encoding mesh Root moss shoots 0995.
19:14:26 | INFO: Draco encoder: Encoding mesh Root moss shoots 0996.
19:14:26 | INFO: Draco encoder: Encoding mesh Root moss shoots 0997.
19:14:26 | INFO: Draco encoder: Encoding mesh Root moss shoots 0998.
19:14:26 | INFO: Draco encoder: Encoding mesh Root moss shoots 0999.
19:14:26 | INFO: Draco encoder: Encoding mesh Root moss shoots 1000.
19:14:26 | INFO: Draco encoder: Encoding mesh Root moss shoots 1001.
19:14:26 | INFO: Draco encoder: Encoding mesh Root moss shoots 1002.
19:14:26 | INFO: Draco encoder: Encoding mesh Root moss shoots 1003.
19:14:26 | INFO: Draco encoder: Encoding mesh Root moss shoots 1004.
19:14:26 | INFO: Draco encoder: Encoding mesh Root moss shoots 1005.
19:14:26 | INFO: Draco encoder: Encoding mesh Root moss shoots 1006.
19:14:26 | INFO: Draco encoder: Encoding mesh Root moss shoots 1007.
19:14:26 | INFO: Draco encoder: Encoding mesh Root moss shoots 1008.
19:14:26 | INFO: Draco encoder: Encoding mesh Root moss shoots 1009.
19:14:26 | INFO: Draco encoder: Encoding mesh Root moss shoots 1010.
19:14:26 | INFO: Draco encoder: Encoding mesh Root moss shoots 1011.
19:14:26 | INFO: Draco encoder: Encoding mesh Root moss shoots 1012.
19:14:26 | INFO: Draco encoder: Encoding mesh Root moss shoots 1013.
19:14:26 | INFO: Draco encoder: Encoding mesh Root moss shoots 1014.
19:14:26 | INFO: Draco encoder: Encoding mesh Root moss shoots 1015.
19:14:26 | INFO: Draco encoder: Encoding mesh Root moss shoots 1016.
19:14:26 | INFO: Draco encoder: Encoding mesh Root moss shoots 1017.
19:14:26 | INFO: Draco encoder: Encoding mesh Root moss shoots 1018.
19:14:26 | INFO: Draco encoder: Encoding mesh Root moss shoots 1019.
19:14:26 | INFO: Draco encoder: Encoding mesh Root moss shoots 1020.
19:14:26 | INFO: Draco encoder: Encoding mesh Root moss shoots 1021.
19:14:26 | INFO: Draco encoder: Encoding mesh Root moss shoots 1022.
19:14:26 | INFO: Draco encoder: Encoding mesh Root moss shoots 1023.
19:14:26 | INFO: Draco encoder: Encoding mesh Root moss shoots 1024.
19:14:26 | INFO: Draco encoder: Encoding mesh Root moss shoots 1025.
19:14:26 | INFO: Draco encoder: Encoding mesh Root moss shoots 1026.
19:14:26 | INFO: Draco encoder: Encoding mesh Root moss shoots 1027.
19:14:26 | INFO: Draco encoder: Encoding mesh Root moss shoots 1028.
19:14:26 | INFO: Draco encoder: Encoding mesh Root moss shoots 1029.
19:14:26 | INFO: Draco encoder: Encoding mesh Root moss shoots 1030.
19:14:26 | INFO: Draco encoder: Encoding mesh Root moss shoots 1031.
19:14:26 | INFO: Draco encoder: Encoding mesh Root moss shoots 1032.
19:14:26 | INFO: Draco encoder: Encoding mesh Root moss shoots 1033.
19:14:26 | INFO: Draco encoder: Encoding mesh Root moss shoots 1034.
19:14:26 | INFO: Draco encoder: Encoding mesh Root moss shoots 1035.
19:14:26 | INFO: Draco encoder: Encoding mesh Root moss shoots 1036.
19:14:26 | INFO: Draco encoder: Encoding mesh Root moss shoots 1037.
19:14:26 | INFO: Draco encoder: Encoding mesh Root moss shoots 1038.
19:14:26 | INFO: Draco encoder: Encoding mesh Root moss shoots 1039.
19:14:26 | INFO: Draco encoder: Encoding mesh Root moss shoots 1040.
19:14:26 | INFO: Draco encoder: Encoding mesh Root moss shoots 1041.
19:14:26 | INFO: Draco encoder: Encoding mesh Root moss shoots 1042.
19:14:26 | INFO: Draco encoder: Encoding mesh Root moss shoots 1043.
19:14:26 | INFO: Draco encoder: Encoding mesh Root moss shoots 1044.
19:14:26 | INFO: Draco encoder: Encoding mesh Root moss shoots 1045.
19:14:26 | INFO: Draco encoder: Encoding mesh Root moss shoots 1046.
19:14:26 | INFO: Draco encoder: Encoding mesh Root moss shoots 1047.
19:14:26 | INFO: Draco encoder: Encoding mesh Root moss shoots 1048.
19:14:26 | INFO: Draco encoder: Encoding mesh Root moss shoots 1049.
19:14:26 | INFO: Draco encoder: Encoding mesh Root moss shoots 1050.
19:14:26 | INFO: Draco encoder: Encoding mesh Root moss shoots 1051.
19:14:26 | INFO: Draco encoder: Encoding mesh Root moss shoots 1052.
19:14:26 | INFO: Draco encoder: Encoding mesh Root moss shoots 1053.
19:14:26 | INFO: Draco encoder: Encoding mesh Root moss shoots 1054.
19:14:26 | INFO: Draco encoder: Encoding mesh Root moss shoots 1055.
19:14:26 | INFO: Draco encoder: Encoding mesh Root moss shoots 1056.
19:14:26 | INFO: Draco encoder: Encoding mesh Root moss shoots 1057.
19:14:26 | INFO: Draco encoder: Encoding mesh Root moss shoots 1058.
19:14:26 | INFO: Draco encoder: Encoding mesh Root moss shoots 1059.
19:14:26 | INFO: Draco encoder: Encoding mesh Root moss shoots 1060.
19:14:26 | INFO: Draco encoder: Encoding mesh Root moss shoots 1061.
19:14:26 | INFO: Draco encoder: Encoding mesh Root moss shoots 1062.
19:14:26 | INFO: Draco encoder: Encoding mesh Root moss shoots 1063.
19:14:26 | INFO: Draco encoder: Encoding mesh Root moss shoots 1064.
19:14:26 | INFO: Draco encoder: Encoding mesh Root moss shoots 1065.
19:14:26 | INFO: Draco encoder: Encoding mesh Root moss shoots 1066.
19:14:26 | INFO: Draco encoder: Encoding mesh Root moss shoots 1067.
19:14:26 | INFO: Draco encoder: Encoding mesh Root moss shoots 1068.
19:14:26 | INFO: Draco encoder: Encoding mesh Root moss shoots 1069.
19:14:26 | INFO: Draco encoder: Encoding mesh Root moss shoots 1070.
19:14:26 | INFO: Draco encoder: Encoding mesh Root moss shoots 1071.
19:14:26 | INFO: Draco encoder: Encoding mesh Root moss shoots 1072.
19:14:26 | INFO: Draco encoder: Encoding mesh Root moss shoots 1073.
19:14:26 | INFO: Draco encoder: Encoding mesh Root moss shoots 1074.
19:14:26 | INFO: Draco encoder: Encoding mesh Root moss shoots 1075.
19:14:26 | INFO: Draco encoder: Encoding mesh Root moss shoots 1076.
19:14:26 | INFO: Draco encoder: Encoding mesh Root moss shoots 1077.
19:14:26 | INFO: Draco encoder: Encoding mesh Root moss shoots 1078.
19:14:26 | INFO: Draco encoder: Encoding mesh Root moss shoots 1079.
19:14:26 | INFO: Draco encoder: Encoding mesh Root moss shoots 1080.
19:14:26 | INFO: Draco encoder: Encoding mesh Root moss shoots 1081.
19:14:26 | INFO: Draco encoder: Encoding mesh Root moss shoots 1082.
19:14:26 | INFO: Draco encoder: Encoding mesh Root moss shoots 1083.
19:14:26 | INFO: Draco encoder: Encoding mesh Root moss shoots 1084.
19:14:26 | INFO: Draco encoder: Encoding mesh Root moss shoots 1085.
19:14:26 | INFO: Draco encoder: Encoding mesh Root moss shoots 1086.
19:14:26 | INFO: Draco encoder: Encoding mesh Root moss shoots 1087.
19:14:26 | INFO: Draco encoder: Encoding mesh Root moss shoots 1088.
19:14:26 | INFO: Draco encoder: Encoding mesh Root moss shoots 1089.
19:14:26 | INFO: Draco encoder: Encoding mesh Root moss shoots 1090.
19:14:26 | INFO: Draco encoder: Encoding mesh Root moss shoots 1091.
19:14:26 | INFO: Draco encoder: Encoding mesh Root moss shoots 1092.
19:14:26 | INFO: Draco encoder: Encoding mesh Root moss shoots 1093.
19:14:26 | INFO: Draco encoder: Encoding mesh Root moss shoots 1094.
19:14:26 | INFO: Draco encoder: Encoding mesh Root moss shoots 1095.
19:14:26 | INFO: Draco encoder: Encoding mesh Root moss shoots 1096.
19:14:26 | INFO: Draco encoder: Encoding mesh Root moss shoots 1097.
19:14:26 | INFO: Draco encoder: Encoding mesh Root moss shoots 1098.
19:14:26 | INFO: Draco encoder: Encoding mesh Root moss shoots 1099.
19:14:26 | INFO: Draco encoder: Encoding mesh Root moss shoots 1100.
19:14:26 | INFO: Draco encoder: Encoding mesh Root moss shoots 1101.
19:14:26 | INFO: Draco encoder: Encoding mesh Root moss shoots 1102.
19:14:26 | INFO: Draco encoder: Encoding mesh Root moss shoots 1103.
19:14:26 | INFO: Draco encoder: Encoding mesh Root moss shoots 1104.
19:14:26 | INFO: Draco encoder: Encoding mesh Root moss shoots 1105.
19:14:26 | INFO: Draco encoder: Encoding mesh Root moss shoots 1106.
19:14:26 | INFO: Draco encoder: Encoding mesh Root moss shoots 1107.
19:14:26 | INFO: Draco encoder: Encoding mesh Root moss shoots 1108.
19:14:26 | INFO: Draco encoder: Encoding mesh Root moss shoots 1109.
19:14:26 | INFO: Draco encoder: Encoding mesh Root moss shoots 1110.
19:14:26 | INFO: Draco encoder: Encoding mesh Root moss shoots 1111.
19:14:26 | INFO: Draco encoder: Encoding mesh Root moss shoots 1112.
19:14:26 | INFO: Draco encoder: Encoding mesh Root moss shoots 1113.
19:14:26 | INFO: Draco encoder: Encoding mesh Root moss shoots 1114.
19:14:26 | INFO: Draco encoder: Encoding mesh Root moss shoots 1115.
19:14:26 | INFO: Draco encoder: Encoding mesh Root moss shoots 1116.
19:14:26 | INFO: Draco encoder: Encoding mesh Root moss shoots 1117.
19:14:26 | INFO: Draco encoder: Encoding mesh Root moss shoots 1118.
19:14:26 | INFO: Draco encoder: Encoding mesh Root moss shoots 1119.
19:14:26 | INFO: Draco encoder: Encoding mesh Root moss shoots 1120.
19:14:26 | INFO: Draco encoder: Encoding mesh Root moss shoots 1121.
19:14:26 | INFO: Draco encoder: Encoding mesh Root moss shoots 1122.
19:14:26 | INFO: Draco encoder: Encoding mesh Root moss shoots 1123.
19:14:26 | INFO: Draco encoder: Encoding mesh Root moss shoots 1124.
19:14:26 | INFO: Draco encoder: Encoding mesh Root moss shoots 1125.
19:14:26 | INFO: Draco encoder: Encoding mesh Root moss shoots 1126.
19:14:26 | INFO: Draco encoder: Encoding mesh Root moss shoots 1127.
19:14:26 | INFO: Draco encoder: Encoding mesh Root moss shoots 1128.
19:14:26 | INFO: Draco encoder: Encoding mesh Root moss shoots 1129.
19:14:26 | INFO: Draco encoder: Encoding mesh Root moss shoots 1130.
19:14:26 | INFO: Draco encoder: Encoding mesh Root moss shoots 1131.
19:14:26 | INFO: Draco encoder: Encoding mesh Root moss shoots 1132.
19:14:26 | INFO: Draco encoder: Encoding mesh Root moss shoots 1133.
19:14:26 | INFO: Draco encoder: Encoding mesh Root moss shoots 1134.
19:14:26 | INFO: Draco encoder: Encoding mesh Root moss shoots 1135.
19:14:26 | INFO: Draco encoder: Encoding mesh Root moss shoots 1136.
19:14:26 | INFO: Draco encoder: Encoding mesh Root moss shoots 1137.
19:14:26 | INFO: Draco encoder: Encoding mesh Root moss shoots 1138.
19:14:26 | INFO: Draco encoder: Encoding mesh Root moss shoots 1139.
19:14:26 | INFO: Draco encoder: Encoding mesh Root moss shoots 1140.
19:14:26 | INFO: Draco encoder: Encoding mesh Root moss shoots 1141.
19:14:26 | INFO: Draco encoder: Encoding mesh Root moss shoots 1142.
19:14:26 | INFO: Draco encoder: Encoding mesh Root moss shoots 1143.
19:14:26 | INFO: Draco encoder: Encoding mesh Root moss shoots 1144.
19:14:26 | INFO: Draco encoder: Encoding mesh Root moss shoots 1145.
19:14:26 | INFO: Draco encoder: Encoding mesh Root moss shoots 1146.
19:14:26 | INFO: Draco encoder: Encoding mesh Root moss shoots 1147.
19:14:26 | INFO: Draco encoder: Encoding mesh Root moss shoots 1148.
19:14:26 | INFO: Draco encoder: Encoding mesh Root moss shoots 1149.
19:14:26 | INFO: Draco encoder: Encoding mesh Root moss shoots 1150.
19:14:26 | INFO: Draco encoder: Encoding mesh Root moss shoots 1151.
19:14:26 | INFO: Draco encoder: Encoding mesh Root moss shoots 1152.
19:14:26 | INFO: Draco encoder: Encoding mesh Root moss shoots 1153.
19:14:26 | INFO: Draco encoder: Encoding mesh Root moss shoots 1154.
19:14:26 | INFO: Draco encoder: Encoding mesh Root moss shoots 1155.
19:14:26 | INFO: Draco encoder: Encoding mesh Root moss shoots 1156.
19:14:26 | INFO: Draco encoder: Encoding mesh Root moss shoots 1157.
19:14:26 | INFO: Draco encoder: Encoding mesh Root moss shoots 1158.
19:14:26 | INFO: Draco encoder: Encoding mesh Root moss shoots 1159.
19:14:26 | INFO: Draco encoder: Encoding mesh Root moss shoots 1160.
19:14:26 | INFO: Draco encoder: Encoding mesh Root moss shoots 1161.
19:14:26 | INFO: Draco encoder: Encoding mesh Root moss shoots 1162.
19:14:26 | INFO: Draco encoder: Encoding mesh Root moss shoots 1163.
19:14:26 | INFO: Draco encoder: Encoding mesh Root moss shoots 1164.
19:14:26 | INFO: Draco encoder: Encoding mesh Root moss shoots 1165.
19:14:26 | INFO: Draco encoder: Encoding mesh Root moss shoots 1166.
19:14:26 | INFO: Draco encoder: Encoding mesh Root moss shoots 1167.
19:14:26 | INFO: Draco encoder: Encoding mesh Root moss shoots 1168.
19:14:26 | INFO: Draco encoder: Encoding mesh Root moss shoots 1169.
19:14:26 | INFO: Draco encoder: Encoding mesh Root moss shoots 1170.
19:14:26 | INFO: Draco encoder: Encoding mesh Root moss shoots 1171.
19:14:26 | INFO: Draco encoder: Encoding mesh Root moss shoots 1172.
19:14:26 | INFO: Draco encoder: Encoding mesh Root moss shoots 1173.
19:14:26 | INFO: Draco encoder: Encoding mesh Root moss shoots 1174.
19:14:26 | INFO: Draco encoder: Encoding mesh Root moss shoots 1175.
19:14:26 | INFO: Draco encoder: Encoding mesh Root moss shoots 1176.
19:14:26 | INFO: Draco encoder: Encoding mesh Root moss shoots 1177.
19:14:26 | INFO: Draco encoder: Encoding mesh Root moss shoots 1178.
19:14:26 | INFO: Draco encoder: Encoding mesh Root moss shoots 1179.
19:14:26 | INFO: Draco encoder: Encoding mesh Root moss shoots 1180.
19:14:26 | INFO: Draco encoder: Encoding mesh Root moss shoots 1181.
19:14:26 | INFO: Draco encoder: Encoding mesh Root moss shoots 1182.
19:14:26 | INFO: Draco encoder: Encoding mesh Root moss shoots 1183.
19:14:26 | INFO: Draco encoder: Encoding mesh Root moss shoots 1184.
19:14:26 | INFO: Draco encoder: Encoding mesh Root moss shoots 1185.
19:14:26 | INFO: Draco encoder: Encoding mesh Root moss shoots 1186.
19:14:26 | INFO: Draco encoder: Encoding mesh Root moss shoots 1187.
19:14:26 | INFO: Draco encoder: Encoding mesh Root moss shoots 1188.
19:14:26 | INFO: Draco encoder: Encoding mesh Root moss shoots 1189.
19:14:26 | INFO: Draco encoder: Encoding mesh Root moss shoots 1190.
19:14:26 | INFO: Draco encoder: Encoding mesh Root moss shoots 1191.
19:14:26 | INFO: Draco encoder: Encoding mesh Root moss shoots 1192.
19:14:26 | INFO: Draco encoder: Encoding mesh Root moss shoots 1193.
19:14:26 | INFO: Draco encoder: Encoding mesh Root moss shoots 1194.
19:14:26 | INFO: Draco encoder: Encoding mesh Root moss shoots 1195.
19:14:26 | INFO: Draco encoder: Encoding mesh Root moss shoots 1196.
19:14:26 | INFO: Draco encoder: Encoding mesh Root moss shoots 1197.
19:14:26 | INFO: Draco encoder: Encoding mesh Root moss shoots 1198.
19:14:26 | INFO: Draco encoder: Encoding mesh Root moss shoots 1199.
19:14:26 | INFO: Draco encoder: Encoding mesh Root moss shoots 1200.
19:14:26 | INFO: Draco encoder: Encoding mesh Root moss shoots 1201.
19:14:26 | INFO: Draco encoder: Encoding mesh Root moss shoots 1202.
19:14:26 | INFO: Draco encoder: Encoding mesh Root moss shoots 1203.
19:14:26 | INFO: Draco encoder: Encoding mesh Root moss shoots 1204.
19:14:26 | INFO: Draco encoder: Encoding mesh Root moss shoots 1205.
19:14:26 | INFO: Draco encoder: Encoding mesh Root moss shoots 1206.
19:14:26 | INFO: Draco encoder: Encoding mesh Root moss shoots 1207.
19:14:26 | INFO: Draco encoder: Encoding mesh Root moss shoots 1208.
19:14:26 | INFO: Draco encoder: Encoding mesh Root moss shoots 1209.
19:14:26 | INFO: Draco encoder: Encoding mesh Root moss shoots 1210.
19:14:26 | INFO: Draco encoder: Encoding mesh Root moss shoots 1211.
19:14:26 | INFO: Draco encoder: Encoding mesh Root moss shoots 1212.
19:14:26 | INFO: Draco encoder: Encoding mesh Root moss shoots 1213.
19:14:26 | INFO: Draco encoder: Encoding mesh Root moss shoots 1214.
19:14:26 | INFO: Draco encoder: Encoding mesh Root moss shoots 1215.
19:14:26 | INFO: Draco encoder: Encoding mesh Root moss shoots 1216.
19:14:26 | INFO: Draco encoder: Encoding mesh Root moss shoots 1217.
19:14:26 | INFO: Draco encoder: Encoding mesh Root moss shoots 1218.
19:14:26 | INFO: Draco encoder: Encoding mesh Root moss shoots 1219.
19:14:26 | INFO: Draco encoder: Encoding mesh Root moss shoots 1220.
19:14:26 | INFO: Draco encoder: Encoding mesh Root moss shoots 1221.
19:14:26 | INFO: Draco encoder: Encoding mesh Root moss shoots 1222.
19:14:26 | INFO: Draco encoder: Encoding mesh Root moss shoots 1223.
19:14:26 | INFO: Draco encoder: Encoding mesh Root moss shoots 1224.
19:14:26 | INFO: Draco encoder: Encoding mesh Root moss shoots 1225.
19:14:26 | INFO: Draco encoder: Encoding mesh Root moss shoots 1226.
19:14:26 | INFO: Draco encoder: Encoding mesh Root moss shoots 1227.
19:14:26 | INFO: Draco encoder: Encoding mesh Root moss shoots 1228.
19:14:26 | INFO: Draco encoder: Encoding mesh Root moss shoots 1229.
19:14:26 | INFO: Draco encoder: Encoding mesh Root moss shoots 1230.
19:14:26 | INFO: Draco encoder: Encoding mesh Root moss shoots 1231.
19:14:26 | INFO: Draco encoder: Encoding mesh Root moss shoots 1232.
19:14:26 | INFO: Draco encoder: Encoding mesh Root moss shoots 1233.
19:14:26 | INFO: Draco encoder: Encoding mesh Root moss shoots 1234.
19:14:26 | INFO: Draco encoder: Encoding mesh Root moss shoots 1235.
19:14:26 | INFO: Draco encoder: Encoding mesh Root moss shoots 1236.
19:14:26 | INFO: Draco encoder: Encoding mesh Root moss shoots 1237.
19:14:26 | INFO: Draco encoder: Encoding mesh Root moss shoots 1238.
19:14:26 | INFO: Draco encoder: Encoding mesh Root moss shoots 1239.
19:14:26 | INFO: Draco encoder: Encoding mesh Root moss shoots 1240.
19:14:26 | INFO: Draco encoder: Encoding mesh Root moss shoots 1241.
19:14:26 | INFO: Draco encoder: Encoding mesh Root moss shoots 1242.
19:14:26 | INFO: Draco encoder: Encoding mesh Root moss shoots 1243.
19:14:26 | INFO: Draco encoder: Encoding mesh Root moss shoots 1244.
19:14:26 | INFO: Draco encoder: Encoding mesh Root moss shoots 1245.
19:14:26 | INFO: Draco encoder: Encoding mesh Root moss shoots 1246.
19:14:26 | INFO: Draco encoder: Encoding mesh Root moss shoots 1247.
19:14:26 | INFO: Draco encoder: Encoding mesh Root moss shoots 1248.
19:14:26 | INFO: Draco encoder: Encoding mesh Root moss shoots 1249.
19:14:26 | INFO: Draco encoder: Encoding mesh Root moss shoots 1250.
19:14:26 | INFO: Draco encoder: Encoding mesh Root moss shoots 1251.
19:14:26 | INFO: Draco encoder: Encoding mesh Root moss shoots 1252.
19:14:26 | INFO: Draco encoder: Encoding mesh Root moss shoots 1253.
19:14:26 | INFO: Draco encoder: Encoding mesh Root moss shoots 1254.
19:14:26 | INFO: Draco encoder: Encoding mesh Root moss shoots 1255.
19:14:26 | INFO: Draco encoder: Encoding mesh Root moss shoots 1256.
19:14:26 | INFO: Draco encoder: Encoding mesh Root moss shoots 1257.
19:14:26 | INFO: Draco encoder: Encoding mesh Root moss shoots 1258.
19:14:26 | INFO: Draco encoder: Encoding mesh Root moss shoots 1259.
19:14:26 | INFO: Draco encoder: Encoding mesh Root moss shoots 1260.
19:14:26 | INFO: Draco encoder: Encoding mesh Root moss shoots 1261.
19:14:26 | INFO: Draco encoder: Encoding mesh Root moss shoots 1262.
19:14:26 | INFO: Draco encoder: Encoding mesh Root moss shoots 1263.
19:14:26 | INFO: Draco encoder: Encoding mesh Root moss shoots 1264.
19:14:26 | INFO: Draco encoder: Encoding mesh Root moss shoots 1265.
19:14:26 | INFO: Draco encoder: Encoding mesh Root moss shoots 1266.
19:14:26 | INFO: Draco encoder: Encoding mesh Root moss shoots 1267.
19:14:26 | INFO: Draco encoder: Encoding mesh Root moss shoots 1268.
19:14:26 | INFO: Draco encoder: Encoding mesh Root moss shoots 1269.
19:14:26 | INFO: Draco encoder: Encoding mesh Root moss shoots 1270.
19:14:26 | INFO: Draco encoder: Encoding mesh Root moss shoots 1271.
19:14:26 | INFO: Draco encoder: Encoding mesh Root moss shoots 1272.
19:14:26 | INFO: Draco encoder: Encoding mesh Root moss shoots 1273.
19:14:26 | INFO: Draco encoder: Encoding mesh Root moss shoots 1274.
19:14:26 | INFO: Draco encoder: Encoding mesh Root moss shoots 1275.
19:14:26 | INFO: Draco encoder: Encoding mesh Root moss shoots 1276.
19:14:26 | INFO: Draco encoder: Encoding mesh Root moss shoots 1277.
19:14:26 | INFO: Draco encoder: Encoding mesh Root moss shoots 1278.
19:14:26 | INFO: Draco encoder: Encoding mesh Root moss shoots 1279.
19:14:26 | INFO: Draco encoder: Encoding mesh Root moss shoots 1280.
19:14:26 | INFO: Draco encoder: Encoding mesh Root moss shoots 1281.
19:14:26 | INFO: Draco encoder: Encoding mesh Root moss shoots 1282.
19:14:26 | INFO: Draco encoder: Encoding mesh Root moss shoots 1283.
19:14:26 | INFO: Draco encoder: Encoding mesh Root moss shoots 1284.
19:14:26 | INFO: Draco encoder: Encoding mesh Root moss shoots 1285.
19:14:26 | INFO: Draco encoder: Encoding mesh Root moss shoots 1286.
19:14:26 | INFO: Draco encoder: Encoding mesh Root moss shoots 1287.
19:14:26 | INFO: Draco encoder: Encoding mesh Root moss shoots 1288.
19:14:26 | INFO: Draco encoder: Encoding mesh Root moss shoots 1289.
19:14:26 | INFO: Draco encoder: Encoding mesh Root moss shoots 1290.
19:14:26 | INFO: Draco encoder: Encoding mesh Root moss shoots 1291.
19:14:26 | INFO: Draco encoder: Encoding mesh Root moss shoots 1292.
19:14:26 | INFO: Draco encoder: Encoding mesh Root moss shoots 1293.
19:14:26 | INFO: Draco encoder: Encoding mesh Root moss shoots 1294.
19:14:26 | INFO: Draco encoder: Encoding mesh Root moss shoots 1295.
19:14:26 | INFO: Draco encoder: Encoding mesh Root moss shoots 1296.
19:14:26 | INFO: Draco encoder: Encoding mesh Root moss shoots 1297.
19:14:26 | INFO: Draco encoder: Encoding mesh Root moss shoots 1298.
19:14:26 | INFO: Draco encoder: Encoding mesh Root moss shoots 1299.
19:14:26 | INFO: Draco encoder: Encoding mesh Root moss shoots 1300.
19:14:26 | INFO: Draco encoder: Encoding mesh Root moss shoots 1301.
19:14:26 | INFO: Draco encoder: Encoding mesh Root moss shoots 1302.
19:14:26 | INFO: Draco encoder: Encoding mesh Root moss shoots 1303.
19:14:26 | INFO: Draco encoder: Encoding mesh Root moss shoots 1304.
19:14:26 | INFO: Draco encoder: Encoding mesh Root moss shoots 1305.
19:14:26 | INFO: Draco encoder: Encoding mesh Root moss shoots 1306.
19:14:26 | INFO: Draco encoder: Encoding mesh Root moss shoots 1307.
19:14:26 | INFO: Draco encoder: Encoding mesh Root moss shoots 1308.
19:14:26 | INFO: Draco encoder: Encoding mesh Root moss shoots 1309.
19:14:26 | INFO: Draco encoder: Encoding mesh Root moss shoots 1310.
19:14:26 | INFO: Draco encoder: Encoding mesh Root moss shoots 1311.
19:14:26 | INFO: Draco encoder: Encoding mesh Root moss shoots 1312.
19:14:26 | INFO: Draco encoder: Encoding mesh Root moss shoots 1313.
19:14:26 | INFO: Draco encoder: Encoding mesh Root moss shoots 1314.
19:14:26 | INFO: Draco encoder: Encoding mesh Root moss shoots 1315.
19:14:26 | INFO: Draco encoder: Encoding mesh Root moss shoots 1316.
19:14:26 | INFO: Draco encoder: Encoding mesh Root moss shoots 1317.
19:14:26 | INFO: Draco encoder: Encoding mesh Root moss shoots 1318.
19:14:26 | INFO: Draco encoder: Encoding mesh Root moss shoots 1319.
19:14:26 | INFO: Draco encoder: Encoding mesh Root moss shoots 1320.
19:14:26 | INFO: Draco encoder: Encoding mesh Root moss shoots 1321.
19:14:26 | INFO: Draco encoder: Encoding mesh Root moss shoots 1322.
19:14:26 | INFO: Draco encoder: Encoding mesh Root moss shoots 1323.
19:14:26 | INFO: Draco encoder: Encoding mesh Root moss shoots 1324.
19:14:26 | INFO: Draco encoder: Encoding mesh Root moss shoots 1325.
19:14:26 | INFO: Draco encoder: Encoding mesh Root moss shoots 1326.
19:14:26 | INFO: Draco encoder: Encoding mesh Root moss shoots 1327.
19:14:26 | INFO: Draco encoder: Encoding mesh Root moss shoots 1328.
19:14:26 | INFO: Draco encoder: Encoding mesh Root moss shoots 1329.
19:14:26 | INFO: Draco encoder: Encoding mesh Root moss shoots 1330.
19:14:26 | INFO: Draco encoder: Encoding mesh Root moss shoots 1331.
19:14:26 | INFO: Draco encoder: Encoding mesh Root moss shoots 1332.
19:14:26 | INFO: Draco encoder: Encoding mesh Root moss shoots 1333.
19:14:26 | INFO: Draco encoder: Encoding mesh Root moss shoots 1334.
19:14:26 | INFO: Draco encoder: Encoding mesh Root moss shoots 1335.
19:14:26 | INFO: Draco encoder: Encoding mesh Root moss shoots 1336.
19:14:26 | INFO: Draco encoder: Encoding mesh Root moss shoots 1337.
19:14:26 | INFO: Draco encoder: Encoding mesh Root moss shoots 1338.
19:14:26 | INFO: Draco encoder: Encoding mesh Root moss shoots 1339.
19:14:26 | INFO: Draco encoder: Encoding mesh Root moss shoots 1340.
19:14:26 | INFO: Draco encoder: Encoding mesh Root moss shoots 1341.
19:14:26 | INFO: Draco encoder: Encoding mesh Root moss shoots 1342.
19:14:26 | INFO: Draco encoder: Encoding mesh Root moss shoots 1343.
19:14:26 | INFO: Draco encoder: Encoding mesh Root moss shoots 1344.
19:14:26 | INFO: Draco encoder: Encoding mesh Root moss shoots 1345.
19:14:26 | INFO: Draco encoder: Encoding mesh Root moss shoots 1346.
19:14:26 | INFO: Draco encoder: Encoding mesh Root moss shoots 1347.
19:14:26 | INFO: Draco encoder: Encoding mesh Root moss shoots 1348.
19:14:26 | INFO: Draco encoder: Encoding mesh Root moss shoots 1349.
19:14:26 | INFO: Draco encoder: Encoding mesh Root moss shoots 1350.
19:14:26 | INFO: Draco encoder: Encoding mesh Root moss shoots 1351.
19:14:26 | INFO: Draco encoder: Encoding mesh Root moss shoots 1352.
19:14:26 | INFO: Draco encoder: Encoding mesh Root moss shoots 1353.
19:14:26 | INFO: Draco encoder: Encoding mesh Root moss shoots 1354.
19:14:26 | INFO: Draco encoder: Encoding mesh Root moss shoots 1355.
19:14:26 | INFO: Draco encoder: Encoding mesh Root moss shoots 1356.
19:14:26 | INFO: Draco encoder: Encoding mesh Root moss shoots 1357.
19:14:26 | INFO: Draco encoder: Encoding mesh Root moss shoots 1358.
19:14:26 | INFO: Draco encoder: Encoding mesh Root moss shoots 1359.
19:14:26 | INFO: Draco encoder: Encoding mesh Root moss shoots 1360.
19:14:26 | INFO: Draco encoder: Encoding mesh Root moss shoots 1361.
19:14:26 | INFO: Draco encoder: Encoding mesh Root moss shoots 1362.
19:14:26 | INFO: Draco encoder: Encoding mesh Root moss shoots 1363.
19:14:26 | INFO: Draco encoder: Encoding mesh Root moss shoots 1364.
19:14:26 | INFO: Draco encoder: Encoding mesh Root moss shoots 1365.
19:14:26 | INFO: Draco encoder: Encoding mesh Root moss shoots 1366.
19:14:26 | INFO: Draco encoder: Encoding mesh Root moss shoots 1367.
19:14:26 | INFO: Draco encoder: Encoding mesh Root moss shoots 1368.
19:14:26 | INFO: Draco encoder: Encoding mesh Root moss shoots 1369.
19:14:26 | INFO: Draco encoder: Encoding mesh Root moss shoots 1370.
19:14:26 | INFO: Draco encoder: Encoding mesh Root moss shoots 1371.
19:14:26 | INFO: Draco encoder: Encoding mesh Root moss shoots 1372.
19:14:26 | INFO: Draco encoder: Encoding mesh Root moss shoots 1373.
19:14:26 | INFO: Draco encoder: Encoding mesh Root moss shoots 1374.
19:14:26 | INFO: Draco encoder: Encoding mesh Root moss shoots 1375.
19:14:26 | INFO: Draco encoder: Encoding mesh Root moss shoots 1376.
19:14:26 | INFO: Draco encoder: Encoding mesh Root moss shoots 1377.
19:14:26 | INFO: Draco encoder: Encoding mesh Root moss shoots 1378.
19:14:26 | INFO: Draco encoder: Encoding mesh Root moss shoots 1379.
19:14:26 | INFO: Draco encoder: Encoding mesh Root moss shoots 1380.
19:14:26 | INFO: Draco encoder: Encoding mesh Root moss shoots 1381.
19:14:26 | INFO: Draco encoder: Encoding mesh Root moss shoots 1382.
19:14:26 | INFO: Draco encoder: Encoding mesh Root moss shoots 1383.
19:14:26 | INFO: Draco encoder: Encoding mesh Root moss shoots 1384.
19:14:26 | INFO: Draco encoder: Encoding mesh Root moss shoots 1385.
19:14:26 | INFO: Draco encoder: Encoding mesh Root moss shoots 1386.
19:14:26 | INFO: Draco encoder: Encoding mesh Root moss shoots 1387.
19:14:26 | INFO: Draco encoder: Encoding mesh Root moss shoots 1388.
19:14:26 | INFO: Draco encoder: Encoding mesh Root moss shoots 1389.
19:14:26 | INFO: Draco encoder: Encoding mesh Root moss shoots 1390.
19:14:26 | INFO: Draco encoder: Encoding mesh Root moss shoots 1391.
19:14:26 | INFO: Draco encoder: Encoding mesh Root moss shoots 1392.
19:14:26 | INFO: Draco encoder: Encoding mesh Root moss shoots 1393.
19:14:26 | INFO: Draco encoder: Encoding mesh Root moss shoots 1394.
19:14:26 | INFO: Draco encoder: Encoding mesh Root moss shoots 1395.
19:14:26 | INFO: Draco encoder: Encoding mesh Root moss shoots 1396.
19:14:26 | INFO: Draco encoder: Encoding mesh Root moss shoots 1397.
19:14:26 | INFO: Draco encoder: Encoding mesh Root moss shoots 1398.
19:14:26 | INFO: Draco encoder: Encoding mesh Root moss shoots 1399.
19:14:26 | INFO: Draco encoder: Encoding mesh Root moss shoots 1400.
19:14:26 | INFO: Draco encoder: Encoding mesh Root moss shoots 1401.
19:14:26 | INFO: Draco encoder: Encoding mesh Root moss shoots 1402.
19:14:26 | INFO: Draco encoder: Encoding mesh Root moss shoots 1403.
19:14:26 | INFO: Draco encoder: Encoding mesh Root moss shoots 1404.
19:14:26 | INFO: Draco encoder: Encoding mesh Root moss shoots 1405.
19:14:26 | INFO: Draco encoder: Encoding mesh Root moss shoots 1406.
19:14:26 | INFO: Draco encoder: Encoding mesh Root moss shoots 1407.
19:14:26 | INFO: Draco encoder: Encoding mesh Root moss shoots 1408.
19:14:26 | INFO: Draco encoder: Encoding mesh Root moss shoots 1409.
19:14:26 | INFO: Draco encoder: Encoding mesh Root moss shoots 1410.
19:14:26 | INFO: Draco encoder: Encoding mesh Root moss shoots 1411.
19:14:26 | INFO: Draco encoder: Encoding mesh Root moss shoots 1412.
19:14:26 | INFO: Draco encoder: Encoding mesh Root moss shoots 1413.
19:14:26 | INFO: Draco encoder: Encoding mesh Root moss shoots 1414.
19:14:26 | INFO: Draco encoder: Encoding mesh Root moss shoots 1415.
19:14:26 | INFO: Draco encoder: Encoding mesh Root moss shoots 1416.
19:14:26 | INFO: Draco encoder: Encoding mesh Root moss shoots 1417.
19:14:26 | INFO: Draco encoder: Encoding mesh Root moss shoots 1418.
19:14:26 | INFO: Draco encoder: Encoding mesh Root moss shoots 1419.
19:14:26 | INFO: Draco encoder: Encoding mesh Root moss shoots 1420.
19:14:26 | INFO: Draco encoder: Encoding mesh Root moss shoots 1421.
19:14:26 | INFO: Draco encoder: Encoding mesh Root moss shoots 1422.
19:14:26 | INFO: Draco encoder: Encoding mesh Root moss shoots 1423.
19:14:26 | INFO: Draco encoder: Encoding mesh Root moss shoots 1424.
19:14:26 | INFO: Draco encoder: Encoding mesh Root moss shoots 1425.
19:14:26 | INFO: Draco encoder: Encoding mesh Root moss shoots 1426.
19:14:26 | INFO: Draco encoder: Encoding mesh Root moss shoots 1427.
19:14:26 | INFO: Draco encoder: Encoding mesh Root moss shoots 1428.
19:14:26 | INFO: Draco encoder: Encoding mesh Root moss shoots 1429.
19:14:26 | INFO: Draco encoder: Encoding mesh Root moss shoots 1430.
19:14:26 | INFO: Draco encoder: Encoding mesh Root moss shoots 1431.
19:14:26 | INFO: Draco encoder: Encoding mesh Root moss shoots 1432.
19:14:26 | INFO: Draco encoder: Encoding mesh Root moss shoots 1433.
19:14:26 | INFO: Draco encoder: Encoding mesh Root moss shoots 1434.
19:14:26 | INFO: Draco encoder: Encoding mesh Root moss shoots 1435.
19:14:26 | INFO: Draco encoder: Encoding mesh Root moss shoots 1436.
19:14:26 | INFO: Draco encoder: Encoding mesh Root moss shoots 1437.
19:14:26 | INFO: Draco encoder: Encoding mesh Root moss shoots 1438.
19:14:26 | INFO: Draco encoder: Encoding mesh Root moss shoots 1439.
19:14:26 | INFO: Draco encoder: Encoding mesh Root moss shoots 1440.
19:14:26 | INFO: Draco encoder: Encoding mesh Root moss shoots 1441.
19:14:26 | INFO: Draco encoder: Encoding mesh Root moss shoots 1442.
19:14:26 | INFO: Draco encoder: Encoding mesh Root moss shoots 1443.
19:14:26 | INFO: Draco encoder: Encoding mesh Root moss shoots 1444.
19:14:26 | INFO: Draco encoder: Encoding mesh Root moss shoots 1445.
19:14:26 | INFO: Draco encoder: Encoding mesh Root moss shoots 1446.
19:14:26 | INFO: Draco encoder: Encoding mesh Root moss shoots 1447.
19:14:26 | INFO: Draco encoder: Encoding mesh Root moss shoots 1448.
19:14:26 | INFO: Draco encoder: Encoding mesh Root moss shoots 1449.
19:14:26 | INFO: Draco encoder: Encoding mesh Root moss shoots 1450.
19:14:26 | INFO: Draco encoder: Encoding mesh Root moss shoots 1451.
19:14:26 | INFO: Draco encoder: Encoding mesh Root moss shoots 1452.
19:14:26 | INFO: Draco encoder: Encoding mesh Root moss shoots 1453.
19:14:26 | INFO: Draco encoder: Encoding mesh Root moss shoots 1454.
19:14:26 | INFO: Draco encoder: Encoding mesh Root moss shoots 1455.
19:14:26 | INFO: Draco encoder: Encoding mesh Root moss shoots 1456.
19:14:26 | INFO: Draco encoder: Encoding mesh Root moss shoots 1457.
19:14:26 | INFO: Draco encoder: Encoding mesh Root moss shoots 1458.
19:14:26 | INFO: Draco encoder: Encoding mesh Root moss shoots 1459.
19:14:26 | INFO: Draco encoder: Encoding mesh Root moss shoots 1460.
19:14:26 | INFO: Draco encoder: Encoding mesh Root moss shoots 1461.
19:14:26 | INFO: Draco encoder: Encoding mesh Root moss shoots 1462.
19:14:26 | INFO: Draco encoder: Encoding mesh Root moss shoots 1463.
19:14:26 | INFO: Draco encoder: Encoding mesh Root moss shoots 1464.
19:14:26 | INFO: Draco encoder: Encoding mesh Root moss shoots 1465.
19:14:26 | INFO: Draco encoder: Encoding mesh Root moss shoots 1466.
19:14:26 | INFO: Draco encoder: Encoding mesh Root moss shoots 1467.
19:14:26 | INFO: Draco encoder: Encoding mesh Root moss shoots 1468.
19:14:26 | INFO: Draco encoder: Encoding mesh Root moss shoots 1469.
19:14:26 | INFO: Draco encoder: Encoding mesh Root moss shoots 1470.
19:14:26 | INFO: Draco encoder: Encoding mesh Root moss shoots 1471.
19:14:26 | INFO: Draco encoder: Encoding mesh Root moss shoots 1472.
19:14:26 | INFO: Draco encoder: Encoding mesh Root moss shoots 1473.
19:14:26 | INFO: Draco encoder: Encoding mesh Root moss shoots 1474.
19:14:26 | INFO: Draco encoder: Encoding mesh Root moss shoots 1475.
19:14:26 | INFO: Draco encoder: Encoding mesh Root moss shoots 1476.
19:14:26 | INFO: Draco encoder: Encoding mesh Root moss shoots 1477.
19:14:26 | INFO: Draco encoder: Encoding mesh Root moss shoots 1478.
19:14:26 | INFO: Draco encoder: Encoding mesh Root moss shoots 1479.
19:14:26 | INFO: Draco encoder: Encoding mesh Root moss shoots 1480.
19:14:26 | INFO: Draco encoder: Encoding mesh Root moss shoots 1481.
19:14:26 | INFO: Draco encoder: Encoding mesh Root moss shoots 1482.
19:14:26 | INFO: Draco encoder: Encoding mesh Root moss shoots 1483.
19:14:26 | INFO: Draco encoder: Encoding mesh Root moss shoots 1484.
19:14:26 | INFO: Draco encoder: Encoding mesh Root moss shoots 1485.
19:14:26 | INFO: Draco encoder: Encoding mesh Root moss shoots 1486.
19:14:26 | INFO: Draco encoder: Encoding mesh Root moss shoots 1487.
19:14:26 | INFO: Draco encoder: Encoding mesh Root moss shoots 1488.
19:14:26 | INFO: Draco encoder: Encoding mesh Root moss shoots 1489.
19:14:26 | INFO: Draco encoder: Encoding mesh Root moss shoots 1490.
19:14:26 | INFO: Draco encoder: Encoding mesh Root moss shoots 1491.
19:14:26 | INFO: Draco encoder: Encoding mesh Root moss shoots 1492.
19:14:26 | INFO: Draco encoder: Encoding mesh Root moss shoots 1493.
19:14:26 | INFO: Draco encoder: Encoding mesh Root moss shoots 1494.
19:14:26 | INFO: Draco encoder: Encoding mesh Root moss shoots 1495.
19:14:26 | INFO: Draco encoder: Encoding mesh Root moss shoots 1496.
19:14:26 | INFO: Draco encoder: Encoding mesh Root moss shoots 1497.
19:14:26 | INFO: Draco encoder: Encoding mesh Root moss shoots 1498.
19:14:26 | INFO: Draco encoder: Encoding mesh Root moss shoots 1499.
19:14:26 | INFO: Draco encoder: Encoding mesh Root moss shoots 1500.
19:14:26 | INFO: Draco encoder: Encoding mesh Root moss shoots 1501.
19:14:26 | INFO: Draco encoder: Encoding mesh Root moss shoots 1502.
19:14:26 | INFO: Draco encoder: Encoding mesh Root moss shoots 1503.
19:14:26 | INFO: Draco encoder: Encoding mesh Root moss shoots 1504.
19:14:26 | INFO: Draco encoder: Encoding mesh Root moss shoots 1505.
19:14:26 | INFO: Draco encoder: Encoding mesh Root moss shoots 1506.
19:14:26 | INFO: Draco encoder: Encoding mesh Root moss shoots 1507.
19:14:26 | INFO: Draco encoder: Encoding mesh Root moss shoots 1508.
19:14:26 | INFO: Draco encoder: Encoding mesh Root moss shoots 1509.
19:14:26 | INFO: Draco encoder: Encoding mesh Root moss shoots 1510.
19:14:26 | INFO: Draco encoder: Encoding mesh Root moss shoots 1511.
19:14:26 | INFO: Draco encoder: Encoding mesh Root moss shoots 1512.
19:14:26 | INFO: Draco encoder: Encoding mesh Root moss shoots 1513.
19:14:26 | INFO: Draco encoder: Encoding mesh Root moss shoots 1514.
19:14:26 | INFO: Draco encoder: Encoding mesh Root moss shoots 1515.
19:14:26 | INFO: Draco encoder: Encoding mesh Root moss shoots 1516.
19:14:26 | INFO: Draco encoder: Encoding mesh Root moss shoots 1517.
19:14:26 | INFO: Draco encoder: Encoding mesh Root moss shoots 1518.
19:14:26 | INFO: Draco encoder: Encoding mesh Root moss shoots 1519.
19:14:26 | INFO: Draco encoder: Encoding mesh Root moss shoots 1520.
19:14:26 | INFO: Draco encoder: Encoding mesh Root moss shoots 1521.
19:14:26 | INFO: Draco encoder: Encoding mesh Root moss shoots 1522.
19:14:26 | INFO: Draco encoder: Encoding mesh Root moss shoots 1523.
19:14:26 | INFO: Draco encoder: Encoding mesh Root moss shoots 1524.
19:14:26 | INFO: Draco encoder: Encoding mesh Root moss shoots 1525.
19:14:26 | INFO: Draco encoder: Encoding mesh Root moss shoots 1526.
19:14:26 | INFO: Draco encoder: Encoding mesh Root moss shoots 1527.
19:14:26 | INFO: Draco encoder: Encoding mesh Root moss shoots 1528.
19:14:26 | INFO: Draco encoder: Encoding mesh Root moss shoots 1529.
19:14:26 | INFO: Draco encoder: Encoding mesh Root moss shoots 1530.
19:14:26 | INFO: Draco encoder: Encoding mesh Root moss shoots 1531.
19:14:26 | INFO: Draco encoder: Encoding mesh Root moss shoots 1532.
19:14:26 | INFO: Draco encoder: Encoding mesh Root moss shoots 1533.
19:14:26 | INFO: Draco encoder: Encoding mesh Root moss shoots 1534.
19:14:26 | INFO: Draco encoder: Encoding mesh Root moss shoots 1535.
19:14:26 | INFO: Draco encoder: Encoding mesh Root moss shoots 1536.
19:14:26 | INFO: Draco encoder: Encoding mesh Root moss shoots 1537.
19:14:26 | INFO: Draco encoder: Encoding mesh Root moss shoots 1538.
19:14:26 | INFO: Draco encoder: Encoding mesh Root moss shoots 1539.
19:14:26 | INFO: Draco encoder: Encoding mesh Root moss shoots 1540.
19:14:26 | INFO: Draco encoder: Encoding mesh Root moss shoots 1541.
19:14:26 | INFO: Draco encoder: Encoding mesh Root moss shoots 1542.
19:14:26 | INFO: Draco encoder: Encoding mesh Root moss shoots 1543.
19:14:26 | INFO: Draco encoder: Encoding mesh Root moss shoots 1544.
19:14:26 | INFO: Draco encoder: Encoding mesh Root moss shoots 1545.
19:14:26 | INFO: Draco encoder: Encoding mesh Root moss shoots 1546.
19:14:26 | INFO: Draco encoder: Encoding mesh Root moss shoots 1547.
19:14:26 | INFO: Draco encoder: Encoding mesh Root moss shoots 1548.
19:14:26 | INFO: Draco encoder: Encoding mesh Root moss shoots 1549.
19:14:26 | INFO: Draco encoder: Encoding mesh Root moss shoots 1550.
19:14:26 | INFO: Draco encoder: Encoding mesh Root moss shoots 1551.
19:14:26 | INFO: Draco encoder: Encoding mesh Root moss shoots 1552.
19:14:26 | INFO: Draco encoder: Encoding mesh Root moss shoots 1553.
19:14:26 | INFO: Draco encoder: Encoding mesh Root moss shoots 1554.
19:14:26 | INFO: Draco encoder: Encoding mesh Root moss shoots 1555.
19:14:26 | INFO: Draco encoder: Encoding mesh Root moss shoots 1556.
19:14:26 | INFO: Draco encoder: Encoding mesh Root moss shoots 1557.
19:14:26 | INFO: Draco encoder: Encoding mesh Root moss shoots 1558.
19:14:26 | INFO: Draco encoder: Encoding mesh Root moss shoots 1559.
19:14:26 | INFO: Draco encoder: Encoding mesh Root moss shoots 1560.
19:14:26 | INFO: Draco encoder: Encoding mesh Root moss shoots 1561.
19:14:26 | INFO: Draco encoder: Encoding mesh Root moss shoots 1562.
19:14:26 | INFO: Draco encoder: Encoding mesh Root moss shoots 1563.
19:14:26 | INFO: Draco encoder: Encoding mesh Root moss shoots 1564.
19:14:26 | INFO: Draco encoder: Encoding mesh Root moss shoots 1565.
19:14:26 | INFO: Draco encoder: Encoding mesh Root moss shoots 1566.
19:14:26 | INFO: Draco encoder: Encoding mesh Root moss shoots 1567.
19:14:26 | INFO: Draco encoder: Encoding mesh Root moss shoots 1568.
19:14:26 | INFO: Draco encoder: Encoding mesh Root moss shoots 1569.
19:14:26 | INFO: Draco encoder: Encoding mesh Root moss shoots 1570.
19:14:26 | INFO: Draco encoder: Encoding mesh Root moss shoots 1571.
19:14:26 | INFO: Draco encoder: Encoding mesh Root moss shoots 1572.
19:14:26 | INFO: Draco encoder: Encoding mesh Root moss shoots 1573.
19:14:26 | INFO: Draco encoder: Encoding mesh Root moss shoots 1574.
19:14:26 | INFO: Draco encoder: Encoding mesh Root moss shoots 1575.
19:14:26 | INFO: Draco encoder: Encoding mesh Root moss shoots 1576.
19:14:26 | INFO: Draco encoder: Encoding mesh Root moss shoots 1577.
19:14:26 | INFO: Draco encoder: Encoding mesh Root moss shoots 1578.
19:14:26 | INFO: Draco encoder: Encoding mesh Root moss shoots 1579.
19:14:26 | INFO: Draco encoder: Encoding mesh Root moss shoots 1580.
19:14:26 | INFO: Draco encoder: Encoding mesh Root moss shoots 1581.
19:14:26 | INFO: Draco encoder: Encoding mesh Root moss shoots 1582.
19:14:26 | INFO: Draco encoder: Encoding mesh Root moss shoots 1583.
19:14:26 | INFO: Draco encoder: Encoding mesh Root moss shoots 1584.
19:14:26 | INFO: Draco encoder: Encoding mesh Root moss shoots 1585.
19:14:26 | INFO: Draco encoder: Encoding mesh Root moss shoots 1586.
19:14:26 | INFO: Draco encoder: Encoding mesh Root moss shoots 1587.
19:14:26 | INFO: Draco encoder: Encoding mesh Root moss shoots 1588.
19:14:26 | INFO: Draco encoder: Encoding mesh Root moss shoots 1589.
19:14:26 | INFO: Draco encoder: Encoding mesh Root moss shoots 1590.
19:14:26 | INFO: Draco encoder: Encoding mesh Root moss shoots 1591.
19:14:26 | INFO: Draco encoder: Encoding mesh Root moss shoots 1592.
19:14:26 | INFO: Draco encoder: Encoding mesh Root moss shoots 1593.
19:14:26 | INFO: Draco encoder: Encoding mesh Root moss shoots 1594.
19:14:26 | INFO: Draco encoder: Encoding mesh Root moss shoots 1595.
19:14:26 | INFO: Draco encoder: Encoding mesh Root moss shoots 1596.
19:14:26 | INFO: Draco encoder: Encoding mesh Root moss shoots 1597.
19:14:26 | INFO: Draco encoder: Encoding mesh Root moss shoots 1598.
19:14:26 | INFO: Draco encoder: Encoding mesh Root moss shoots 1599.
19:14:26 | INFO: Draco encoder: Encoding mesh Root moss shoots 1600.
19:14:26 | INFO: Draco encoder: Encoding mesh Root moss shoots 1601.
19:14:26 | INFO: Draco encoder: Encoding mesh Root moss shoots 1602.
19:14:26 | INFO: Draco encoder: Encoding mesh Root moss shoots 1603.
19:14:26 | INFO: Draco encoder: Encoding mesh Root moss shoots 1604.
19:14:26 | INFO: Draco encoder: Encoding mesh Root moss shoots 1605.
19:14:26 | INFO: Draco encoder: Encoding mesh Root moss shoots 1606.
19:14:26 | INFO: Draco encoder: Encoding mesh Root moss shoots 1607.
19:14:26 | INFO: Draco encoder: Encoding mesh Root moss shoots 1608.
19:14:26 | INFO: Draco encoder: Encoding mesh Root moss shoots 1609.
19:14:26 | INFO: Draco encoder: Encoding mesh Root moss shoots 1610.
19:14:26 | INFO: Draco encoder: Encoding mesh Root moss shoots 1611.
19:14:26 | INFO: Draco encoder: Encoding mesh Root moss shoots 1612.
19:14:26 | INFO: Draco encoder: Encoding mesh Root moss shoots 1613.
19:14:26 | INFO: Draco encoder: Encoding mesh Root moss shoots 1614.
19:14:26 | INFO: Draco encoder: Encoding mesh Root moss shoots 1615.
19:14:26 | INFO: Draco encoder: Encoding mesh Root moss shoots 1616.
19:14:26 | INFO: Draco encoder: Encoding mesh Root moss shoots 1617.
19:14:26 | INFO: Draco encoder: Encoding mesh Root moss shoots 1618.
19:14:26 | INFO: Draco encoder: Encoding mesh Root moss shoots 1619.
19:14:26 | INFO: Draco encoder: Encoding mesh Root moss shoots 1620.
19:14:26 | INFO: Draco encoder: Encoding mesh Root moss shoots 1621.
19:14:26 | INFO: Draco encoder: Encoding mesh Root moss shoots 1622.
19:14:26 | INFO: Draco encoder: Encoding mesh Root moss shoots 1623.
19:14:26 | INFO: Draco encoder: Encoding mesh Root moss shoots 1624.
19:14:26 | INFO: Draco encoder: Encoding mesh Root moss shoots 1625.
19:14:26 | INFO: Draco encoder: Encoding mesh Root moss shoots 1626.
19:14:26 | INFO: Draco encoder: Encoding mesh Root moss shoots 1627.
19:14:26 | INFO: Draco encoder: Encoding mesh Root moss shoots 1628.
19:14:26 | INFO: Draco encoder: Encoding mesh Root moss shoots 1629.
19:14:26 | INFO: Draco encoder: Encoding mesh Root moss shoots 1630.
19:14:26 | INFO: Draco encoder: Encoding mesh Root moss shoots 1631.
19:14:26 | INFO: Draco encoder: Encoding mesh Root moss shoots 1632.
19:14:26 | INFO: Draco encoder: Encoding mesh Root moss shoots 1633.
19:14:26 | INFO: Draco encoder: Encoding mesh Root moss shoots 1634.
19:14:26 | INFO: Draco encoder: Encoding mesh Root moss shoots 1635.
19:14:26 | INFO: Draco encoder: Encoding mesh Root moss shoots 1636.
19:14:26 | INFO: Draco encoder: Encoding mesh Root moss shoots 1637.
19:14:26 | INFO: Draco encoder: Encoding mesh Root moss shoots 1638.
19:14:26 | INFO: Draco encoder: Encoding mesh Root moss shoots 1639.
19:14:26 | INFO: Draco encoder: Encoding mesh Root moss shoots 1640.
19:14:26 | INFO: Draco encoder: Encoding mesh Root moss shoots 1641.
19:14:26 | INFO: Draco encoder: Encoding mesh Root moss shoots 1642.
19:14:26 | INFO: Draco encoder: Encoding mesh Root moss shoots 1643.
19:14:26 | INFO: Draco encoder: Encoding mesh Root moss shoots 1644.
19:14:26 | INFO: Draco encoder: Encoding mesh Root moss shoots 1645.
19:14:26 | INFO: Draco encoder: Encoding mesh Root moss shoots 1646.
19:14:26 | INFO: Draco encoder: Encoding mesh Root moss shoots 1647.
19:14:26 | INFO: Draco encoder: Encoding mesh Root moss shoots 1648.
19:14:26 | INFO: Draco encoder: Encoding mesh Root moss shoots 1649.
19:14:26 | INFO: Draco encoder: Encoding mesh Root moss shoots 1650.
19:14:26 | INFO: Draco encoder: Encoding mesh Root moss shoots 1651.
19:14:26 | INFO: Draco encoder: Encoding mesh Root moss shoots 1652.
19:14:26 | INFO: Draco encoder: Encoding mesh Root moss shoots 1653.
19:14:26 | INFO: Draco encoder: Encoding mesh Root moss shoots 1654.
19:14:26 | INFO: Draco encoder: Encoding mesh Root moss shoots 1655.
19:14:26 | INFO: Draco encoder: Encoding mesh Root moss shoots 1656.
19:14:26 | INFO: Draco encoder: Encoding mesh Root moss shoots 1657.
19:14:26 | INFO: Draco encoder: Encoding mesh Root moss shoots 1658.
19:14:26 | INFO: Draco encoder: Encoding mesh Root moss shoots 1659.
19:14:26 | INFO: Draco encoder: Encoding mesh Root moss shoots 1660.
19:14:26 | INFO: Draco encoder: Encoding mesh Root moss shoots 1661.
19:14:26 | INFO: Draco encoder: Encoding mesh Root moss shoots 1662.
19:14:26 | INFO: Draco encoder: Encoding mesh Root moss shoots 1663.
19:14:26 | INFO: Draco encoder: Encoding mesh Root moss shoots 1664.
19:14:26 | INFO: Draco encoder: Encoding mesh Root moss shoots 1665.
19:14:26 | INFO: Draco encoder: Encoding mesh Root moss shoots 1666.
19:14:26 | INFO: Draco encoder: Encoding mesh Root moss shoots 1667.
19:14:26 | INFO: Draco encoder: Encoding mesh Root moss shoots 1668.
19:14:26 | INFO: Draco encoder: Encoding mesh Root moss shoots 1669.
19:14:26 | INFO: Draco encoder: Encoding mesh Root moss shoots 1670.
19:14:26 | INFO: Draco encoder: Encoding mesh Root moss shoots 1671.
19:14:26 | INFO: Draco encoder: Encoding mesh Root moss shoots 1672.
19:14:26 | INFO: Draco encoder: Encoding mesh Root moss shoots 1673.
19:14:26 | INFO: Draco encoder: Encoding mesh Root moss shoots 1674.
19:14:26 | INFO: Draco encoder: Encoding mesh Root moss shoots 1675.
19:14:26 | INFO: Draco encoder: Encoding mesh Root moss shoots 1676.
19:14:26 | INFO: Draco encoder: Encoding mesh Root moss shoots 1677.
19:14:26 | INFO: Draco encoder: Encoding mesh Root moss shoots 1678.
19:14:26 | INFO: Draco encoder: Encoding mesh Root moss shoots 1679.
19:14:26 | INFO: Draco encoder: Encoding mesh Root moss shoots 1680.
19:14:26 | INFO: Draco encoder: Encoding mesh Root moss shoots 1681.
19:14:26 | INFO: Draco encoder: Encoding mesh Root moss shoots 1682.
19:14:26 | INFO: Draco encoder: Encoding mesh Root moss shoots 1683.
19:14:26 | INFO: Draco encoder: Encoding mesh Root moss shoots 1684.
19:14:26 | INFO: Draco encoder: Encoding mesh Root moss shoots 1685.
19:14:26 | INFO: Draco encoder: Encoding mesh Root moss shoots 1686.
19:14:26 | INFO: Draco encoder: Encoding mesh Root moss shoots 1687.
19:14:26 | INFO: Draco encoder: Encoding mesh Root moss shoots 1688.
19:14:26 | INFO: Draco encoder: Encoding mesh Root moss shoots 1689.
19:14:26 | INFO: Draco encoder: Encoding mesh Root moss shoots 1690.
19:14:26 | INFO: Draco encoder: Encoding mesh Root moss shoots 1691.
19:14:26 | INFO: Draco encoder: Encoding mesh Root moss shoots 1692.
19:14:26 | INFO: Draco encoder: Encoding mesh Root moss shoots 1693.
19:14:26 | INFO: Draco encoder: Encoding mesh Root moss shoots 1694.
19:14:26 | INFO: Draco encoder: Encoding mesh Root moss shoots 1695.
19:14:26 | INFO: Draco encoder: Encoding mesh Root moss shoots 1696.
19:14:26 | INFO: Draco encoder: Encoding mesh Root moss shoots 1697.
19:14:26 | INFO: Draco encoder: Encoding mesh Root moss shoots 1698.
19:14:26 | INFO: Draco encoder: Encoding mesh Root moss shoots 1699.
19:14:26 | INFO: Draco encoder: Encoding mesh Root moss shoots 1700.
19:14:26 | INFO: Draco encoder: Encoding mesh Root moss shoots 1701.
19:14:26 | INFO: Draco encoder: Encoding mesh Root moss shoots 1702.
19:14:26 | INFO: Draco encoder: Encoding mesh Root moss shoots 1703.
19:14:26 | INFO: Draco encoder: Encoding mesh Root moss shoots 1704.
19:14:26 | INFO: Draco encoder: Encoding mesh Root moss shoots 1705.
19:14:26 | INFO: Draco encoder: Encoding mesh Root moss shoots 1706.
19:14:26 | INFO: Draco encoder: Encoding mesh Root moss shoots 1707.
19:14:26 | INFO: Draco encoder: Encoding mesh Root moss shoots 1708.
19:14:26 | INFO: Draco encoder: Encoding mesh Root moss shoots 1709.
19:14:26 | INFO: Draco encoder: Encoding mesh Root moss shoots 1710.
19:14:26 | INFO: Draco encoder: Encoding mesh Root moss shoots 1711.
19:14:26 | INFO: Draco encoder: Encoding mesh Root moss shoots 1712.
19:14:26 | INFO: Draco encoder: Encoding mesh Root moss shoots 1713.
19:14:26 | INFO: Draco encoder: Encoding mesh Root moss shoots 1714.
19:14:26 | INFO: Draco encoder: Encoding mesh Root moss shoots 1715.
19:14:26 | INFO: Draco encoder: Encoding mesh Root moss shoots 1716.
19:14:26 | INFO: Draco encoder: Encoding mesh Root moss shoots 1717.
19:14:26 | INFO: Draco encoder: Encoding mesh Root moss shoots 1718.
19:14:26 | INFO: Draco encoder: Encoding mesh Root moss shoots 1719.
19:14:26 | INFO: Draco encoder: Encoding mesh Root moss shoots 1720.
19:14:26 | INFO: Draco encoder: Encoding mesh Root moss shoots 1721.
19:14:26 | INFO: Draco encoder: Encoding mesh Root moss shoots 1722.
19:14:26 | INFO: Draco encoder: Encoding mesh Root moss shoots 1723.
19:14:26 | INFO: Draco encoder: Encoding mesh Root moss shoots 1724.
19:14:26 | INFO: Draco encoder: Encoding mesh Root moss shoots 1725.
19:14:26 | INFO: Draco encoder: Encoding mesh Root moss shoots 1726.
19:14:26 | INFO: Draco encoder: Encoding mesh Root moss shoots 1727.
19:14:26 | INFO: Draco encoder: Encoding mesh Root moss shoots 1728.
19:14:26 | INFO: Draco encoder: Encoding mesh Root moss shoots 1729.
19:14:26 | INFO: Draco encoder: Encoding mesh Root moss shoots 1730.
19:14:26 | INFO: Draco encoder: Encoding mesh Root moss shoots 1731.
19:14:26 | INFO: Draco encoder: Encoding mesh Root moss shoots 1732.
19:14:26 | INFO: Draco encoder: Encoding mesh Root moss shoots 1733.
19:14:26 | INFO: Draco encoder: Encoding mesh Root moss shoots 1734.
19:14:26 | INFO: Draco encoder: Encoding mesh Root moss shoots 1735.
19:14:26 | INFO: Draco encoder: Encoding mesh Root moss shoots 1736.
19:14:26 | INFO: Draco encoder: Encoding mesh Root moss shoots 1737.
19:14:26 | INFO: Draco encoder: Encoding mesh Root moss shoots 1738.
19:14:26 | INFO: Draco encoder: Encoding mesh Root moss shoots 1739.
19:14:26 | INFO: Draco encoder: Encoding mesh Root moss shoots 1740.
19:14:26 | INFO: Draco encoder: Encoding mesh Root moss shoots 1741.
19:14:26 | INFO: Draco encoder: Encoding mesh Root moss shoots 1742.
19:14:26 | INFO: Draco encoder: Encoding mesh Root moss shoots 1743.
19:14:26 | INFO: Draco encoder: Encoding mesh Root moss shoots 1744.
19:14:26 | INFO: Draco encoder: Encoding mesh Root moss shoots 1745.
19:14:26 | INFO: Draco encoder: Encoding mesh Root moss shoots 1746.
19:14:26 | INFO: Draco encoder: Encoding mesh Root moss shoots 1747.
19:14:26 | INFO: Draco encoder: Encoding mesh Root moss shoots 1748.
19:14:26 | INFO: Draco encoder: Encoding mesh Root moss shoots 1749.
19:14:26 | INFO: Draco encoder: Encoding mesh Root moss shoots 1750.
19:14:26 | INFO: Draco encoder: Encoding mesh Root moss shoots 1751.
19:14:26 | INFO: Draco encoder: Encoding mesh Root moss shoots 1752.
19:14:26 | INFO: Draco encoder: Encoding mesh Root moss shoots 1753.
19:14:26 | INFO: Draco encoder: Encoding mesh Root moss shoots 1754.
19:14:26 | INFO: Draco encoder: Encoding mesh Root moss shoots 1755.
19:14:26 | INFO: Draco encoder: Encoding mesh Root moss shoots 1756.
19:14:26 | INFO: Draco encoder: Encoding mesh Root moss shoots 1757.
19:14:26 | INFO: Draco encoder: Encoding mesh Root moss shoots 1758.
19:14:26 | INFO: Draco encoder: Encoding mesh Root moss shoots 1759.
19:14:26 | INFO: Draco encoder: Encoding mesh Root moss shoots 1760.
19:14:26 | INFO: Draco encoder: Encoding mesh Root moss shoots 1761.
19:14:26 | INFO: Draco encoder: Encoding mesh Root moss shoots 1762.
19:14:26 | INFO: Draco encoder: Encoding mesh Root moss shoots 1763.
19:14:26 | INFO: Draco encoder: Encoding mesh Root moss shoots 1764.
19:14:26 | INFO: Draco encoder: Encoding mesh Root moss shoots 1765.
19:14:26 | INFO: Draco encoder: Encoding mesh Root moss shoots 1766.
19:14:26 | INFO: Draco encoder: Encoding mesh Root moss shoots 1767.
19:14:26 | INFO: Draco encoder: Encoding mesh Root moss shoots 1768.
19:14:26 | INFO: Draco encoder: Encoding mesh Root moss shoots 1769.
19:14:26 | INFO: Draco encoder: Encoding mesh Root moss shoots 1770.
19:14:26 | INFO: Draco encoder: Encoding mesh Root moss shoots 1771.
19:14:26 | INFO: Draco encoder: Encoding mesh Root moss shoots 1772.
19:14:26 | INFO: Draco encoder: Encoding mesh Root moss shoots 1773.
19:14:26 | INFO: Draco encoder: Encoding mesh Root moss shoots 1774.
19:14:26 | INFO: Draco encoder: Encoding mesh Root moss shoots 1775.
19:14:26 | INFO: Draco encoder: Encoding mesh Root moss shoots 1776.
19:14:26 | INFO: Draco encoder: Encoding mesh Root moss shoots 1777.
19:14:26 | INFO: Draco encoder: Encoding mesh Root moss shoots 1778.
19:14:26 | INFO: Draco encoder: Encoding mesh Root moss shoots 1779.
19:14:26 | INFO: Draco encoder: Encoding mesh Root moss shoots 1780.
19:14:26 | INFO: Draco encoder: Encoding mesh Root moss shoots 1781.
19:14:26 | INFO: Draco encoder: Encoding mesh Root moss shoots 1782.
19:14:26 | INFO: Draco encoder: Encoding mesh Root moss shoots 1783.
19:14:26 | INFO: Draco encoder: Encoding mesh Root moss shoots 1784.
19:14:26 | INFO: Draco encoder: Encoding mesh Root moss shoots 1785.
19:14:26 | INFO: Draco encoder: Encoding mesh Root moss shoots 1786.
19:14:26 | INFO: Draco encoder: Encoding mesh Root moss shoots 1787.
19:14:26 | INFO: Draco encoder: Encoding mesh Root moss shoots 1788.
19:14:26 | INFO: Draco encoder: Encoding mesh Root moss shoots 1789.
19:14:26 | INFO: Draco encoder: Encoding mesh Root moss shoots 1790.
19:14:26 | INFO: Draco encoder: Encoding mesh Root moss shoots 1791.
19:14:26 | INFO: Draco encoder: Encoding mesh Root moss shoots 1792.
19:14:26 | INFO: Draco encoder: Encoding mesh Root moss shoots 1793.
19:14:26 | INFO: Draco encoder: Encoding mesh Root moss shoots 1794.
19:14:26 | INFO: Draco encoder: Encoding mesh Root moss shoots 1795.
19:14:26 | INFO: Draco encoder: Encoding mesh Root moss shoots 1796.
19:14:26 | INFO: Draco encoder: Encoding mesh Root moss shoots 1797.
19:14:26 | INFO: Draco encoder: Encoding mesh Root moss shoots 1798.
19:14:26 | INFO: Draco encoder: Encoding mesh Root moss shoots 1799.
19:14:26 | INFO: Draco encoder: Encoding mesh Root moss shoots 1800.
19:14:26 | INFO: Draco encoder: Encoding mesh Root moss shoots 1801.
19:14:26 | INFO: Draco encoder: Encoding mesh Root moss shoots 1802.
19:14:26 | INFO: Draco encoder: Encoding mesh Root moss shoots 1803.
19:14:26 | INFO: Draco encoder: Encoding mesh Root moss shoots 1804.
19:14:26 | INFO: Draco encoder: Encoding mesh Root moss shoots 1805.
19:14:26 | INFO: Draco encoder: Encoding mesh Root moss shoots 1806.
19:14:26 | INFO: Draco encoder: Encoding mesh Root moss shoots 1807.
19:14:26 | INFO: Draco encoder: Encoding mesh Root moss shoots 1808.
19:14:26 | INFO: Draco encoder: Encoding mesh Root moss shoots 1809.
19:14:26 | INFO: Draco encoder: Encoding mesh Root moss shoots 1810.
19:14:26 | INFO: Draco encoder: Encoding mesh Root moss shoots 1811.
19:14:26 | INFO: Draco encoder: Encoding mesh Root moss shoots 1812.
19:14:26 | INFO: Draco encoder: Encoding mesh Root moss shoots 1813.
19:14:26 | INFO: Draco encoder: Encoding mesh Root moss shoots 1814.
19:14:26 | INFO: Draco encoder: Encoding mesh Root moss shoots 1815.
19:14:26 | INFO: Draco encoder: Encoding mesh Root moss shoots 1816.
19:14:26 | INFO: Draco encoder: Encoding mesh Root moss shoots 1817.
19:14:26 | INFO: Draco encoder: Encoding mesh Root moss shoots 1818.
19:14:26 | INFO: Draco encoder: Encoding mesh Root moss shoots 1819.
19:14:26 | INFO: Draco encoder: Encoding mesh Root moss shoots 1820.
19:14:26 | INFO: Draco encoder: Encoding mesh Root moss shoots 1821.
19:14:26 | INFO: Draco encoder: Encoding mesh Root moss shoots 1822.
19:14:26 | INFO: Draco encoder: Encoding mesh Root moss shoots 1823.
19:14:26 | INFO: Draco encoder: Encoding mesh Root moss shoots 1824.
19:14:26 | INFO: Draco encoder: Encoding mesh Root moss shoots 1825.
19:14:26 | INFO: Draco encoder: Encoding mesh Root moss shoots 1826.
19:14:26 | INFO: Draco encoder: Encoding mesh Root moss shoots 1827.
19:14:26 | INFO: Draco encoder: Encoding mesh Root moss shoots 1828.
19:14:26 | INFO: Draco encoder: Encoding mesh Root moss shoots 1829.
19:14:26 | INFO: Draco encoder: Encoding mesh Root moss shoots 1830.
19:14:26 | INFO: Draco encoder: Encoding mesh Root moss shoots 1831.
19:14:26 | INFO: Draco encoder: Encoding mesh Root moss shoots 1832.
19:14:26 | INFO: Draco encoder: Encoding mesh Root moss shoots 1833.
19:14:26 | INFO: Draco encoder: Encoding mesh Root moss shoots 1834.
19:14:26 | INFO: Draco encoder: Encoding mesh Root moss shoots 1835.
19:14:26 | INFO: Draco encoder: Encoding mesh Root moss shoots 1836.
19:14:26 | INFO: Draco encoder: Encoding mesh Root moss shoots 1837.
19:14:26 | INFO: Draco encoder: Encoding mesh Root moss shoots 1838.
19:14:26 | INFO: Draco encoder: Encoding mesh Root moss shoots 1839.
19:14:26 | INFO: Draco encoder: Encoding mesh Root moss shoots 1840.
19:14:26 | INFO: Draco encoder: Encoding mesh Root moss shoots 1841.
19:14:26 | INFO: Draco encoder: Encoding mesh Root moss shoots 1842.
19:14:26 | INFO: Draco encoder: Encoding mesh Root moss shoots 1843.
19:14:26 | INFO: Draco encoder: Encoding mesh Root moss shoots 1844.
19:14:26 | INFO: Draco encoder: Encoding mesh Root moss shoots 1845.
19:14:26 | INFO: Draco encoder: Encoding mesh Root moss shoots 1846.
19:14:26 | INFO: Draco encoder: Encoding mesh Root moss shoots 1847.
19:14:26 | INFO: Draco encoder: Encoding mesh Root moss shoots 1848.
19:14:26 | INFO: Draco encoder: Encoding mesh Root moss shoots 1849.
19:14:26 | INFO: Draco encoder: Encoding mesh Root moss shoots 1850.
19:14:26 | INFO: Draco encoder: Encoding mesh Root moss shoots 1851.
19:14:26 | INFO: Draco encoder: Encoding mesh Root moss shoots 1852.
19:14:26 | INFO: Draco encoder: Encoding mesh Root moss shoots 1853.
19:14:26 | INFO: Draco encoder: Encoding mesh Root moss shoots 1854.
19:14:26 | INFO: Draco encoder: Encoding mesh Root moss shoots 1855.
19:14:26 | INFO: Draco encoder: Encoding mesh Root moss shoots 1856.
19:14:26 | INFO: Draco encoder: Encoding mesh Root moss shoots 1857.
19:14:26 | INFO: Draco encoder: Encoding mesh Root moss shoots 1858.
19:14:26 | INFO: Draco encoder: Encoding mesh Root moss shoots 1859.
19:14:26 | INFO: Draco encoder: Encoding mesh Root moss shoots 1860.
19:14:26 | INFO: Draco encoder: Encoding mesh Root moss shoots 1861.
19:14:26 | INFO: Draco encoder: Encoding mesh Root moss shoots 1862.
19:14:26 | INFO: Draco encoder: Encoding mesh Root moss shoots 1863.
19:14:26 | INFO: Draco encoder: Encoding mesh Root moss shoots 1864.
19:14:26 | INFO: Draco encoder: Encoding mesh Root moss shoots 1865.
19:14:26 | INFO: Draco encoder: Encoding mesh Root moss shoots 1866.
19:14:26 | INFO: Draco encoder: Encoding mesh Root moss shoots 1867.
19:14:26 | INFO: Draco encoder: Encoding mesh Root moss shoots 1868.
19:14:26 | INFO: Draco encoder: Encoding mesh Root moss shoots 1869.
19:14:26 | INFO: Draco encoder: Encoding mesh Root moss shoots 1870.
19:14:26 | INFO: Draco encoder: Encoding mesh Root moss shoots 1871.
19:14:26 | INFO: Draco encoder: Encoding mesh Root moss shoots 1872.
19:14:26 | INFO: Draco encoder: Encoding mesh Root moss shoots 1873.
19:14:26 | INFO: Draco encoder: Encoding mesh Root moss shoots 1874.
19:14:26 | INFO: Draco encoder: Encoding mesh Root moss shoots 1875.
19:14:26 | INFO: Draco encoder: Encoding mesh Root moss shoots 1876.
19:14:26 | INFO: Draco encoder: Encoding mesh Root moss shoots 1877.
19:14:26 | INFO: Draco encoder: Encoding mesh Root moss shoots 1878.
19:14:26 | INFO: Draco encoder: Encoding mesh Root moss shoots 1879.
19:14:26 | INFO: Draco encoder: Encoding mesh Root moss shoots 1880.
19:14:26 | INFO: Draco encoder: Encoding mesh Root moss shoots 1881.
19:14:26 | INFO: Draco encoder: Encoding mesh Root moss shoots 1882.
19:14:26 | INFO: Draco encoder: Encoding mesh Root moss shoots 1883.
19:14:26 | INFO: Draco encoder: Encoding mesh Root moss shoots 1884.
19:14:26 | INFO: Draco encoder: Encoding mesh Root moss shoots 1885.
19:14:26 | INFO: Draco encoder: Encoding mesh Root moss shoots 1886.
19:14:26 | INFO: Draco encoder: Encoding mesh Root moss shoots 1887.
19:14:26 | INFO: Draco encoder: Encoding mesh Root moss shoots 1888.
19:14:26 | INFO: Draco encoder: Encoding mesh Root moss shoots 1889.
19:14:26 | INFO: Draco encoder: Encoding mesh Root moss shoots 1890.
19:14:26 | INFO: Draco encoder: Encoding mesh Root moss shoots 1891.
19:14:26 | INFO: Draco encoder: Encoding mesh Root moss shoots 1892.
19:14:26 | INFO: Draco encoder: Encoding mesh Root moss shoots 1893.
19:14:26 | INFO: Draco encoder: Encoding mesh Root moss shoots 1894.
19:14:26 | INFO: Draco encoder: Encoding mesh Root moss shoots 1895.
19:14:26 | INFO: Draco encoder: Encoding mesh Root moss shoots 1896.
19:14:26 | INFO: Draco encoder: Encoding mesh Root moss shoots 1897.
19:14:26 | INFO: Draco encoder: Encoding mesh Root moss shoots 1898.
19:14:26 | INFO: Draco encoder: Encoding mesh Root moss shoots 1899.
19:14:26 | INFO: Draco encoder: Encoding mesh Root moss shoots 1900.
19:14:26 | INFO: Draco encoder: Encoding mesh Root moss shoots 1901.
19:14:26 | INFO: Draco encoder: Encoding mesh Root moss shoots 1902.
19:14:26 | INFO: Draco encoder: Encoding mesh Root moss shoots 1903.
19:14:26 | INFO: Draco encoder: Encoding mesh Root moss shoots 1904.
19:14:26 | INFO: Draco encoder: Encoding mesh Root moss shoots 1905.
19:14:26 | INFO: Draco encoder: Encoding mesh Root moss shoots 1906.
19:14:26 | INFO: Draco encoder: Encoding mesh Root moss shoots 1907.
19:14:26 | INFO: Draco encoder: Encoding mesh Root moss shoots 1908.
19:14:26 | INFO: Draco encoder: Encoding mesh Root moss shoots 1909.
19:14:26 | INFO: Draco encoder: Encoding mesh Root moss shoots 1910.
19:14:26 | INFO: Draco encoder: Encoding mesh Root moss shoots 1911.
19:14:26 | INFO: Draco encoder: Encoding mesh Root moss shoots 1912.
19:14:26 | INFO: Draco encoder: Encoding mesh Root moss shoots 1913.
19:14:26 | INFO: Draco encoder: Encoding mesh Root moss shoots 1914.
19:14:26 | INFO: Draco encoder: Encoding mesh Root moss shoots 1915.
19:14:26 | INFO: Draco encoder: Encoding mesh Root moss shoots 1916.
19:14:26 | INFO: Draco encoder: Encoding mesh Root moss shoots 1917.
19:14:26 | INFO: Draco encoder: Encoding mesh Root moss shoots 1918.
19:14:26 | INFO: Draco encoder: Encoding mesh Root moss shoots 1919.
19:14:26 | INFO: Draco encoder: Encoding mesh Root moss shoots 1920.
19:14:26 | INFO: Draco encoder: Encoding mesh Root moss shoots 1921.
19:14:26 | INFO: Draco encoder: Encoding mesh Root moss shoots 1922.
19:14:26 | INFO: Draco encoder: Encoding mesh Root moss shoots 1923.
19:14:26 | INFO: Draco encoder: Encoding mesh Root moss shoots 1924.
19:14:26 | INFO: Draco encoder: Encoding mesh Root moss shoots 1925.
19:14:26 | INFO: Draco encoder: Encoding mesh Root moss shoots 1926.
19:14:26 | INFO: Draco encoder: Encoding mesh Root moss shoots 1927.
19:14:26 | INFO: Draco encoder: Encoding mesh Root moss shoots 1928.
19:14:26 | INFO: Draco encoder: Encoding mesh Root moss shoots 1929.
19:14:26 | INFO: Draco encoder: Encoding mesh Root moss shoots 1930.
19:14:26 | INFO: Draco encoder: Encoding mesh Root moss shoots 1931.
19:14:26 | INFO: Draco encoder: Encoding mesh Root moss shoots 1932.
19:14:26 | INFO: Draco encoder: Encoding mesh Root moss shoots 1933.
19:14:26 | INFO: Draco encoder: Encoding mesh Root moss shoots 1934.
19:14:26 | INFO: Draco encoder: Encoding mesh Root moss shoots 1935.
19:14:26 | INFO: Draco encoder: Encoding mesh Root moss shoots 1936.
19:14:26 | INFO: Draco encoder: Encoding mesh Root moss shoots 1937.
19:14:26 | INFO: Draco encoder: Encoding mesh Root moss shoots 1938.
19:14:26 | INFO: Draco encoder: Encoding mesh Root moss shoots 1939.
19:14:26 | INFO: Draco encoder: Encoding mesh Root moss shoots 1940.
19:14:26 | INFO: Draco encoder: Encoding mesh Root moss shoots 1941.
19:14:26 | INFO: Draco encoder: Encoding mesh Root moss shoots 1942.
19:14:26 | INFO: Draco encoder: Encoding mesh Root moss shoots 1943.
19:14:26 | INFO: Draco encoder: Encoding mesh Root moss shoots 1944.
19:14:26 | INFO: Draco encoder: Encoding mesh Root moss shoots 1945.
19:14:26 | INFO: Draco encoder: Encoding mesh Root moss shoots 1946.
19:14:26 | INFO: Draco encoder: Encoding mesh Root moss shoots 1947.
19:14:26 | INFO: Draco encoder: Encoding mesh Root moss shoots 1948.
19:14:26 | INFO: Draco encoder: Encoding mesh Root moss shoots 1949.
19:14:26 | INFO: Draco encoder: Encoding mesh Root moss shoots 1950.
19:14:26 | INFO: Draco encoder: Encoding mesh Root moss shoots 1951.
19:14:26 | INFO: Draco encoder: Encoding mesh Root moss shoots 1952.
19:14:26 | INFO: Draco encoder: Encoding mesh Root moss shoots 1953.
19:14:26 | INFO: Draco encoder: Encoding mesh Root moss shoots 1954.
19:14:26 | INFO: Draco encoder: Encoding mesh Root moss shoots 1955.
19:14:26 | INFO: Draco encoder: Encoding mesh Root moss shoots 1956.
19:14:26 | INFO: Draco encoder: Encoding mesh Root moss shoots 1957.
19:14:26 | INFO: Draco encoder: Encoding mesh Root moss shoots 1958.
19:14:26 | INFO: Draco encoder: Encoding mesh Root moss shoots 1959.
19:14:26 | INFO: Draco encoder: Encoding mesh Root moss shoots 1960.
19:14:26 | INFO: Draco encoder: Encoding mesh Root moss shoots 1961.
19:14:26 | INFO: Draco encoder: Encoding mesh Root moss shoots 1962.
19:14:26 | INFO: Draco encoder: Encoding mesh Root moss shoots 1963.
19:14:26 | INFO: Draco encoder: Encoding mesh Root moss shoots 1964.
19:14:26 | INFO: Draco encoder: Encoding mesh Root moss shoots 1965.
19:14:26 | INFO: Draco encoder: Encoding mesh Root moss shoots 1966.
19:14:26 | INFO: Draco encoder: Encoding mesh Root moss shoots 1967.
19:14:26 | INFO: Draco encoder: Encoding mesh Root moss shoots 1968.
19:14:26 | INFO: Draco encoder: Encoding mesh Root moss shoots 1969.
19:14:26 | INFO: Draco encoder: Encoding mesh Root moss shoots 1970.
19:14:26 | INFO: Draco encoder: Encoding mesh Root moss shoots 1971.
19:14:26 | INFO: Draco encoder: Encoding mesh Root moss shoots 1972.
19:14:26 | INFO: Draco encoder: Encoding mesh Root moss shoots 1973.
19:14:26 | INFO: Draco encoder: Encoding mesh Root moss shoots 1974.
19:14:26 | INFO: Draco encoder: Encoding mesh Root moss shoots 1975.
19:14:26 | INFO: Draco encoder: Encoding mesh Root moss shoots 1976.
19:14:26 | INFO: Draco encoder: Encoding mesh Root moss shoots 1977.
19:14:26 | INFO: Draco encoder: Encoding mesh Root moss shoots 1978.
19:14:26 | INFO: Draco encoder: Encoding mesh Root moss shoots 1979.
19:14:26 | INFO: Draco encoder: Encoding mesh Root moss shoots 1980.
19:14:26 | INFO: Draco encoder: Encoding mesh Root moss shoots 1981.
19:14:26 | INFO: Draco encoder: Encoding mesh Root moss shoots 1982.
19:14:26 | INFO: Draco encoder: Encoding mesh Root moss shoots 1983.
19:14:26 | INFO: Draco encoder: Encoding mesh Root moss shoots 1984.
19:14:26 | INFO: Draco encoder: Encoding mesh Root moss shoots 1985.
19:14:26 | INFO: Draco encoder: Encoding mesh Root moss shoots 1986.
19:14:26 | INFO: Draco encoder: Encoding mesh Root moss shoots 1987.
19:14:26 | INFO: Draco encoder: Encoding mesh Root moss shoots 1988.
19:14:26 | INFO: Draco encoder: Encoding mesh Root moss shoots 1989.
19:14:26 | INFO: Draco encoder: Encoding mesh Root moss shoots 1990.
19:14:26 | INFO: Draco encoder: Encoding mesh Root moss shoots 1991.
19:14:26 | INFO: Draco encoder: Encoding mesh Root moss shoots 1992.
19:14:26 | INFO: Draco encoder: Encoding mesh Root moss shoots 1993.
19:14:26 | INFO: Draco encoder: Encoding mesh Root moss shoots 1994.
19:14:26 | INFO: Draco encoder: Encoding mesh Root moss shoots 1995.
19:14:26 | INFO: Draco encoder: Encoding mesh Root moss shoots 1996.
19:14:26 | INFO: Draco encoder: Encoding mesh Root moss shoots 1997.
19:14:26 | INFO: Draco encoder: Encoding mesh Root moss shoots 1998.
19:14:26 | INFO: Draco encoder: Encoding mesh Root moss shoots 1999.
19:14:26 | INFO: Draco encoder: Encoding mesh Root moss shoots 2000.
19:14:26 | INFO: Draco encoder: Encoding mesh Root moss shoots 2001.
19:14:26 | INFO: Draco encoder: Encoding mesh Root moss shoots 2002.
19:14:26 | INFO: Draco encoder: Encoding mesh Root moss shoots 2003.
19:14:26 | INFO: Draco encoder: Encoding mesh Root moss shoots 2004.
19:14:26 | INFO: Draco encoder: Encoding mesh Root moss shoots 2005.
19:14:26 | INFO: Draco encoder: Encoding mesh Root moss shoots 2006.
19:14:26 | INFO: Draco encoder: Encoding mesh Root moss shoots 2007.
19:14:26 | INFO: Draco encoder: Encoding mesh Root moss shoots 2008.
19:14:26 | INFO: Draco encoder: Encoding mesh Root moss shoots 2009.
19:14:26 | INFO: Draco encoder: Encoding mesh Root moss shoots 2010.
19:14:26 | INFO: Draco encoder: Encoding mesh Root moss shoots 2011.
19:14:26 | INFO: Draco encoder: Encoding mesh Root moss shoots 2012.
19:14:26 | INFO: Draco encoder: Encoding mesh Root moss shoots 2013.
19:14:26 | INFO: Draco encoder: Encoding mesh Root moss shoots 2014.
19:14:26 | INFO: Draco encoder: Encoding mesh Root moss shoots 2015.
19:14:26 | INFO: Draco encoder: Encoding mesh Root moss shoots 2016.
19:14:26 | INFO: Draco encoder: Encoding mesh Root moss shoots 2017.
19:14:26 | INFO: Draco encoder: Encoding mesh Root moss shoots 2018.
19:14:26 | INFO: Draco encoder: Encoding mesh Root moss shoots 2019.
19:14:26 | INFO: Draco encoder: Encoding mesh Root moss shoots 2020.
19:14:26 | INFO: Draco encoder: Encoding mesh Root moss shoots 2021.
19:14:26 | INFO: Draco encoder: Encoding mesh Root moss shoots 2022.
19:14:26 | INFO: Draco encoder: Encoding mesh Root moss shoots 2023.
19:14:26 | INFO: Draco encoder: Encoding mesh Root moss shoots 2024.
19:14:26 | INFO: Draco encoder: Encoding mesh Root moss shoots 2025.
19:14:26 | INFO: Draco encoder: Encoding mesh Root moss shoots 2026.
19:14:26 | INFO: Draco encoder: Encoding mesh Root moss shoots 2027.
19:14:26 | INFO: Draco encoder: Encoding mesh Root moss shoots 2028.
19:14:26 | INFO: Draco encoder: Encoding mesh Root moss shoots 2029.
19:14:26 | INFO: Draco encoder: Encoding mesh Root moss shoots 2030.
19:14:26 | INFO: Draco encoder: Encoding mesh Root moss shoots 2031.
19:14:26 | INFO: Draco encoder: Encoding mesh Root moss shoots 2032.
19:14:26 | INFO: Draco encoder: Encoding mesh Root moss shoots 2033.
19:14:26 | INFO: Draco encoder: Encoding mesh Root moss shoots 2034.
19:14:26 | INFO: Draco encoder: Encoding mesh Root moss shoots 2035.
19:14:26 | INFO: Draco encoder: Encoding mesh Root moss shoots 2036.
19:14:26 | INFO: Draco encoder: Encoding mesh Root moss shoots 2037.
19:14:26 | INFO: Draco encoder: Encoding mesh Root moss shoots 2038.
19:14:26 | INFO: Draco encoder: Encoding mesh Root moss shoots 2039.
19:14:26 | INFO: Draco encoder: Encoding mesh Root moss shoots 2040.
19:14:26 | INFO: Draco encoder: Encoding mesh Root moss shoots 2041.
19:14:26 | INFO: Draco encoder: Encoding mesh Root moss shoots 2042.
19:14:26 | INFO: Draco encoder: Encoding mesh Root moss shoots 2043.
19:14:26 | INFO: Draco encoder: Encoding mesh Root moss shoots 2044.
19:14:26 | INFO: Draco encoder: Encoding mesh Root moss shoots 2045.
19:14:26 | INFO: Draco encoder: Encoding mesh Root moss shoots 2046.
19:14:26 | INFO: Draco encoder: Encoding mesh Root moss shoots 2047.
19:14:26 | INFO: Draco encoder: Encoding mesh Root moss shoots 2048.
19:14:26 | INFO: Draco encoder: Encoding mesh Root moss shoots 2049.
19:14:26 | INFO: Draco encoder: Encoding mesh Root moss shoots 2050.
19:14:26 | INFO: Draco encoder: Encoding mesh Root moss shoots 2051.
19:14:26 | INFO: Draco encoder: Encoding mesh Root moss shoots 2052.
19:14:26 | INFO: Draco encoder: Encoding mesh Root moss shoots 2053.
19:14:26 | INFO: Draco encoder: Encoding mesh Root moss shoots 2054.
19:14:26 | INFO: Draco encoder: Encoding mesh Root moss shoots 2055.
19:14:26 | INFO: Draco encoder: Encoding mesh Root moss shoots 2056.
19:14:26 | INFO: Draco encoder: Encoding mesh Root moss shoots 2057.
19:14:26 | INFO: Draco encoder: Encoding mesh Root moss shoots 2058.
19:14:26 | INFO: Draco encoder: Encoding mesh Root moss shoots 2059.
19:14:26 | INFO: Draco encoder: Encoding mesh Root moss shoots 2060.
19:14:26 | INFO: Draco encoder: Encoding mesh Root moss shoots 2061.
19:14:26 | INFO: Draco encoder: Encoding mesh Root moss shoots 2062.
19:14:26 | INFO: Draco encoder: Encoding mesh Root moss shoots 2063.
19:14:26 | INFO: Draco encoder: Encoding mesh Root moss shoots 2064.
19:14:26 | INFO: Draco encoder: Encoding mesh Root moss shoots 2065.
19:14:26 | INFO: Draco encoder: Encoding mesh Root moss shoots 2066.
19:14:26 | INFO: Draco encoder: Encoding mesh Root moss shoots 2067.
19:14:26 | INFO: Draco encoder: Encoding mesh Root moss shoots 2068.
19:14:26 | INFO: Draco encoder: Encoding mesh Root moss shoots 2069.
19:14:26 | INFO: Draco encoder: Encoding mesh Root moss shoots 2070.
19:14:26 | INFO: Draco encoder: Encoding mesh Root moss shoots 2071.
19:14:26 | INFO: Draco encoder: Encoding mesh Root moss shoots 2072.
19:14:26 | INFO: Draco encoder: Encoding mesh Root moss shoots 2073.
19:14:26 | INFO: Draco encoder: Encoding mesh Root moss shoots 2074.
19:14:26 | INFO: Draco encoder: Encoding mesh Root moss shoots 2075.
19:14:26 | INFO: Draco encoder: Encoding mesh Root moss shoots 2076.
19:14:26 | INFO: Draco encoder: Encoding mesh Root moss shoots 2077.
19:14:26 | INFO: Draco encoder: Encoding mesh Root moss shoots 2078.
19:14:26 | INFO: Draco encoder: Encoding mesh Root moss shoots 2079.
19:14:26 | INFO: Draco encoder: Encoding mesh Root moss shoots 2080.
19:14:26 | INFO: Draco encoder: Encoding mesh Root moss shoots 2081.
19:14:26 | INFO: Draco encoder: Encoding mesh Root moss shoots 2082.
19:14:26 | INFO: Draco encoder: Encoding mesh Root moss shoots 2083.
19:14:26 | INFO: Draco encoder: Encoding mesh Root moss shoots 2084.
19:14:26 | INFO: Draco encoder: Encoding mesh Root moss shoots 2085.
19:14:26 | INFO: Draco encoder: Encoding mesh Root moss shoots 2086.
19:14:26 | INFO: Draco encoder: Encoding mesh Root moss shoots 2087.
19:14:26 | INFO: Draco encoder: Encoding mesh Root moss shoots 2088.
19:14:26 | INFO: Draco encoder: Encoding mesh Root moss shoots 2089.
19:14:26 | INFO: Draco encoder: Encoding mesh Root moss shoots 2090.
19:14:26 | INFO: Draco encoder: Encoding mesh Root moss shoots 2091.
19:14:26 | INFO: Draco encoder: Encoding mesh Root moss shoots 2092.
19:14:26 | INFO: Draco encoder: Encoding mesh Root moss shoots 2093.
19:14:26 | INFO: Draco encoder: Encoding mesh Root moss shoots 2094.
19:14:26 | INFO: Draco encoder: Encoding mesh Root moss shoots 2095.
19:14:26 | INFO: Draco encoder: Encoding mesh Root moss shoots 2096.
19:14:26 | INFO: Draco encoder: Encoding mesh Root moss shoots 2097.
19:14:26 | INFO: Draco encoder: Encoding mesh Root moss shoots 2098.
19:14:26 | INFO: Draco encoder: Encoding mesh Root moss shoots 2099.
19:14:26 | INFO: Draco encoder: Encoding mesh Root moss shoots 2100.
19:14:26 | INFO: Draco encoder: Encoding mesh Root moss shoots 2101.
19:14:26 | INFO: Draco encoder: Encoding mesh Root moss shoots 2102.
19:14:26 | INFO: Draco encoder: Encoding mesh Root moss shoots 2103.
19:14:26 | INFO: Draco encoder: Encoding mesh Root moss shoots 2104.
19:14:26 | INFO: Draco encoder: Encoding mesh Root moss shoots 2105.
19:14:26 | INFO: Draco encoder: Encoding mesh Root moss shoots 2106.
19:14:26 | INFO: Draco encoder: Encoding mesh Root moss shoots 2107.
19:14:26 | INFO: Draco encoder: Encoding mesh Root moss shoots 2108.
19:14:26 | INFO: Draco encoder: Encoding mesh Root moss shoots 2109.
19:14:26 | INFO: Draco encoder: Encoding mesh Root moss shoots 2110.
19:14:26 | INFO: Draco encoder: Encoding mesh Root moss shoots 2111.
19:14:26 | INFO: Draco encoder: Encoding mesh Root moss shoots 2112.
19:14:26 | INFO: Draco encoder: Encoding mesh Root moss shoots 2113.
19:14:26 | INFO: Draco encoder: Encoding mesh Root moss shoots 2114.
19:14:26 | INFO: Draco encoder: Encoding mesh Root moss shoots 2115.
19:14:26 | INFO: Draco encoder: Encoding mesh Root moss shoots 2116.
19:14:26 | INFO: Draco encoder: Encoding mesh Root moss shoots 2117.
19:14:26 | INFO: Draco encoder: Encoding mesh Root moss shoots 2118.
19:14:26 | INFO: Draco encoder: Encoding mesh Root moss shoots 2119.
19:14:26 | INFO: Draco encoder: Encoding mesh Root moss shoots 2120.
19:14:26 | INFO: Draco encoder: Encoding mesh Root moss shoots 2121.
19:14:26 | INFO: Draco encoder: Encoding mesh Root moss shoots 2122.
19:14:26 | INFO: Draco encoder: Encoding mesh Root moss shoots 2123.
19:14:26 | INFO: Draco encoder: Encoding mesh Root moss shoots 2124.
19:14:26 | INFO: Draco encoder: Encoding mesh Root moss shoots 2125.
19:14:26 | INFO: Draco encoder: Encoding mesh Root moss shoots 2126.
19:14:26 | INFO: Draco encoder: Encoding mesh Root moss shoots 2127.
19:14:26 | INFO: Draco encoder: Encoding mesh Root moss shoots 2128.
19:14:26 | INFO: Draco encoder: Encoding mesh Root moss shoots 2129.
19:14:26 | INFO: Draco encoder: Encoding mesh Root moss shoots 2130.
19:14:26 | INFO: Draco encoder: Encoding mesh Root moss shoots 2131.
19:14:26 | INFO: Draco encoder: Encoding mesh Root moss shoots 2132.
19:14:26 | INFO: Draco encoder: Encoding mesh Root moss shoots 2133.
19:14:26 | INFO: Draco encoder: Encoding mesh Root moss shoots 2134.
19:14:26 | INFO: Draco encoder: Encoding mesh Root moss shoots 2135.
19:14:26 | INFO: Draco encoder: Encoding mesh Root moss shoots 2136.
19:14:26 | INFO: Draco encoder: Encoding mesh Root moss shoots 2137.
19:14:26 | INFO: Draco encoder: Encoding mesh Root moss shoots 2138.
19:14:26 | INFO: Draco encoder: Encoding mesh Root moss shoots 2139.
19:14:26 | INFO: Draco encoder: Encoding mesh Root moss shoots 2140.
19:14:26 | INFO: Draco encoder: Encoding mesh Root moss shoots 2141.
19:14:26 | INFO: Draco encoder: Encoding mesh Root moss shoots 2142.
19:14:26 | INFO: Draco encoder: Encoding mesh Root moss shoots 2143.
19:14:26 | INFO: Draco encoder: Encoding mesh Root moss shoots 2144.
19:14:26 | INFO: Draco encoder: Encoding mesh Root moss shoots 2145.
19:14:26 | INFO: Draco encoder: Encoding mesh Root moss shoots 2146.
19:14:26 | INFO: Draco encoder: Encoding mesh Root moss shoots 2147.
19:14:26 | INFO: Draco encoder: Encoding mesh Root moss shoots 2148.
19:14:26 | INFO: Draco encoder: Encoding mesh Root moss shoots 2149.
19:14:26 | INFO: Draco encoder: Encoding mesh Root moss shoots 2150.
19:14:26 | INFO: Draco encoder: Encoding mesh Root moss shoots 2151.
19:14:26 | INFO: Draco encoder: Encoding mesh Root moss shoots 2152.
19:14:26 | INFO: Draco encoder: Encoding mesh Root moss shoots 2153.
19:14:26 | INFO: Draco encoder: Encoding mesh Root moss shoots 2154.
19:14:26 | INFO: Draco encoder: Encoding mesh Root moss shoots 2155.
19:14:26 | INFO: Draco encoder: Encoding mesh Root moss shoots 2156.
19:14:26 | INFO: Draco encoder: Encoding mesh Root moss shoots 2157.
19:14:26 | INFO: Draco encoder: Encoding mesh Root moss shoots 2158.
19:14:26 | INFO: Draco encoder: Encoding mesh Root moss shoots 2159.
19:14:26 | INFO: Draco encoder: Encoding mesh Root moss shoots 2160.
19:14:26 | INFO: Draco encoder: Encoding mesh Root moss shoots 2161.
19:14:26 | INFO: Draco encoder: Encoding mesh Root moss shoots 2162.
19:14:26 | INFO: Draco encoder: Encoding mesh Root moss shoots 2163.
19:14:26 | INFO: Draco encoder: Encoding mesh Root moss shoots 2164.
19:14:26 | INFO: Draco encoder: Encoding mesh Root moss shoots 2165.
19:14:26 | INFO: Draco encoder: Encoding mesh Root moss shoots 2166.
19:14:26 | INFO: Draco encoder: Encoding mesh Root moss shoots 2167.
19:14:26 | INFO: Draco encoder: Encoding mesh Root moss shoots 2168.
19:14:26 | INFO: Draco encoder: Encoding mesh Root moss shoots 2169.
19:14:26 | INFO: Draco encoder: Encoding mesh Root moss shoots 2170.
19:14:26 | INFO: Draco encoder: Encoding mesh Root moss shoots 2171.
19:14:26 | INFO: Draco encoder: Encoding mesh Root moss shoots 2172.
19:14:26 | INFO: Draco encoder: Encoding mesh Root moss shoots 2173.
19:14:26 | INFO: Draco encoder: Encoding mesh Root moss shoots 2174.
19:14:26 | INFO: Draco encoder: Encoding mesh Root moss shoots 2175.
19:14:26 | INFO: Draco encoder: Encoding mesh Root moss shoots 2176.
19:14:26 | INFO: Draco encoder: Encoding mesh Root moss shoots 2177.
19:14:26 | INFO: Draco encoder: Encoding mesh Root moss shoots 2178.
19:14:26 | INFO: Draco encoder: Encoding mesh Root moss shoots 2179.
19:14:26 | INFO: Draco encoder: Encoding mesh Root moss shoots 2180.
19:14:26 | INFO: Draco encoder: Encoding mesh Root moss shoots 2181.
19:14:26 | INFO: Draco encoder: Encoding mesh Root moss shoots 2182.
19:14:26 | INFO: Draco encoder: Encoding mesh Root moss shoots 2183.
19:14:26 | INFO: Draco encoder: Encoding mesh Root moss shoots 2184.
19:14:26 | INFO: Draco encoder: Encoding mesh Root moss shoots 2185.
19:14:26 | INFO: Draco encoder: Encoding mesh Root moss shoots 2186.
19:14:26 | INFO: Draco encoder: Encoding mesh Root moss shoots 2187.
19:14:26 | INFO: Draco encoder: Encoding mesh Root moss shoots 2188.
19:14:26 | INFO: Draco encoder: Encoding mesh Root moss shoots 2189.
19:14:26 | INFO: Draco encoder: Encoding mesh Root moss shoots 2190.
19:14:26 | INFO: Draco encoder: Encoding mesh Root moss shoots 2191.
19:14:26 | INFO: Draco encoder: Encoding mesh Root moss shoots 2192.
19:14:26 | INFO: Draco encoder: Encoding mesh Root moss shoots 2193.
19:14:26 | INFO: Draco encoder: Encoding mesh Root moss shoots 2194.
19:14:26 | INFO: Draco encoder: Encoding mesh Root moss shoots 2195.
19:14:26 | INFO: Draco encoder: Encoding mesh Root moss shoots 2196.
19:14:26 | INFO: Draco encoder: Encoding mesh Root moss shoots 2197.
19:14:26 | INFO: Draco encoder: Encoding mesh Root moss shoots 2198.
19:14:26 | INFO: Draco encoder: Encoding mesh Root moss shoots 2199.
19:14:26 | INFO: Draco encoder: Encoding mesh Terminal twig hierarchy.
19:14:26 | INFO: Draco encoder: Encoding mesh Continuous aged trunk and primary branches.
19:14:27 | INFO: Draco encoder: Encoding mesh Continuous planted soil.
Blender 5.2.1 LTS (hash 9e2066aef7ef built 2026-08-25 01:35:57)
DracoEncoder | Preserve triangle order: no
DracoEncoder | Encoded 1584 vertices, 2004 indices, raw size: 67368, encoded size: 17454, compression ratio: 3.86
DracoEncoder | Preserve triangle order: no
DracoEncoder | Encoded 1584 vertices, 2004 indices, raw size: 67368, encoded size: 17456, compression ratio: 3.86
DracoEncoder | Preserve triangle order: no
DracoEncoder | Encoded 1584 vertices, 2004 indices, raw size: 67368, encoded size: 17406, compression ratio: 3.87
DracoEncoder | Preserve triangle order: no
DracoEncoder | Encoded 1584 vertices, 2004 indices, raw size: 67368, encoded size: 17486, compression ratio: 3.85
DracoEncoder | Preserve triangle order: no
DracoEncoder | Encoded 1584 vertices, 2004 indices, raw size: 67368, encoded size: 17469, compression ratio: 3.86
DracoEncoder | Preserve triangle order: no
DracoEncoder | Encoded 1584 vertices, 2004 indices, raw size: 67368, encoded size: 17410, compression ratio: 3.87
DracoEncoder | Preserve triangle order: no
DracoEncoder | Encoded 1584 vertices, 2004 indices, raw size: 67368, encoded size: 17488, compression ratio: 3.85
DracoEncoder | Preserve triangle order: no
DracoEncoder | Encoded 1584 vertices, 2004 indices, raw size: 67368, encoded size: 17517, compression ratio: 3.85
DracoEncoder | Preserve triangle order: no
DracoEncoder | Encoded 1584 vertices, 2004 indices, raw size: 67368, encoded size: 17377, compression ratio: 3.88
DracoEncoder | Preserve triangle order: no
DracoEncoder | Encoded 1584 vertices, 2004 indices, raw size: 67368, encoded size: 17469, compression ratio: 3.86
DracoEncoder | Preserve triangle order: no
DracoEncoder | Encoded 1584 vertices, 2004 indices, raw size: 67368, encoded size: 17447, compression ratio: 3.86
DracoEncoder | Preserve triangle order: no
DracoEncoder | Encoded 1584 vertices, 2004 indices, raw size: 67368, encoded size: 17417, compression ratio: 3.87
DracoEncoder | Preserve triangle order: no
DracoEncoder | Encoded 30 vertices, 30 indices, raw size: 1020, encoded size: 464, compression ratio: 2.20
DracoEncoder | Preserve triangle order: no
DracoEncoder | Encoded 30 vertices, 30 indices, raw size: 1020, encoded size: 462, compression ratio: 2.21
DracoEncoder | Preserve triangle order: no
DracoEncoder | Encoded 30 vertices, 30 indices, raw size: 1020, encoded size: 465, compression ratio: 2.19
DracoEncoder | Preserve triangle order: no
DracoEncoder | Encoded 30 vertices, 30 indices, raw size: 1020, encoded size: 461, compression ratio: 2.21
DracoEncoder | Preserve triangle order: no
DracoEncoder | Encoded 30 vertices, 30 indices, raw size: 1020, encoded size: 462, compression ratio: 2.21
DracoEncoder | Preserve triangle order: no
DracoEncoder | Encoded 30 vertices, 30 indices, raw size: 1020, encoded size: 466, compression ratio: 2.19
DracoEncoder | Preserve triangle order: no
DracoEncoder | Encoded 144 vertices, 144 indices, raw size: 6048, encoded size: 2793, compression ratio: 2.17
DracoEncoder | Preserve triangle order: no
DracoEncoder | Encoded 144 vertices, 144 indices, raw size: 6048, encoded size: 2793, compression ratio: 2.17
DracoEncoder | Preserve triangle order: no
DracoEncoder | Encoded 144 vertices, 144 indices, raw size: 6048, encoded size: 2794, compression ratio: 2.16
DracoEncoder | Preserve triangle order: no
DracoEncoder | Encoded 144 vertices, 144 indices, raw size: 6048, encoded size: 2788, compression ratio: 2.17
DracoEncoder | Preserve triangle order: no
DracoEncoder | Encoded 144 vertices, 144 indices, raw size: 6048, encoded size: 2790, compression ratio: 2.17
DracoEncoder | Preserve triangle order: no
DracoEncoder | Encoded 144 vertices, 144 indices, raw size: 6048, encoded size: 2793, compression ratio: 2.17
DracoEncoder | Preserve triangle order: no
DracoEncoder | Encoded 65315 vertices, 216210 indices, raw size: 2522500, encoded size: 421983, compression ratio: 5.98
DracoEncoder | Preserve triangle order: no
DracoEncoder | Encoded 87566 vertices, 510000 indices, raw size: 6942912, encoded size: 1257594, compression ratio: 5.52
Dra19:14:27 | INFO: Draco encoder: Encoding mesh Foliage detail template 00.
19:14:27 | INFO: Draco encoder: Encoding mesh Foliage detail template 01.
19:14:27 | INFO: Draco encoder: Encoding mesh Foliage detail template 02.
19:14:27 | INFO: Draco encoder: Encoding mesh Foliage detail template 03.
19:14:27 | INFO: Draco encoder: Encoding mesh Foliage detail template 04.
19:14:27 | INFO: Draco encoder: Encoding mesh Foliage detail template 05.
19:14:27 | INFO: Draco encoder: Encoding mesh Foliage detail template 06.
19:14:27 | INFO: Draco encoder: Encoding mesh Foliage detail template 07.
19:14:27 | INFO: Draco encoder: Encoding mesh Foliage detail template 08.
19:14:27 | INFO: Draco encoder: Encoding mesh Foliage detail template 09.
19:14:27 | INFO: Draco encoder: Encoding mesh Foliage detail template 10.
19:14:27 | INFO: Draco encoder: Encoding mesh Foliage detail template 11.
19:14:27 | INFO: Draco encoder: Encoding mesh Low ceramic foot.
19:14:27 | INFO: Draco encoder: Encoding mesh Low ceramic foot.001.
19:14:27 | INFO: Draco encoder: Encoding mesh Low ceramic foot.002.
19:14:27 | INFO: Draco encoder: Encoding mesh Low ceramic foot.003.
19:14:27 | INFO: Draco encoder: Encoding mesh Low split natural bedding stone.
19:14:27 | INFO: Draco encoder: Encoding mesh Shallow unglazed pot.
19:14:28 | INFO: Finished glTF 2.0 export in 4.4055328369140625 s

26.7s Saved hero-v22; 2500196 bytes
coEncoder | Preserve triangle order: no
DracoEncoder | Encoded 3936 vertices, 23040 indices, raw size: 203520, encoded size: 25376, compression ratio: 8.02
DracoEncoder | Preserve triangle order: no
DracoEncoder | Encoded 807 vertices, 930 indices, raw size: 34140, encoded size: 9739, compression ratio: 3.51
DracoEncoder | Preserve triangle order: no
DracoEncoder | Encoded 807 vertices, 930 indices, raw size: 34140, encoded size: 9748, compression ratio: 3.50
DracoEncoder | Preserve triangle order: no
DracoEncoder | Encoded 807 vertices, 930 indices, raw size: 34140, encoded size: 9751, compression ratio: 3.50
DracoEncoder | Preserve triangle order: no
DracoEncoder | Encoded 807 vertices, 930 indices, raw size: 34140, encoded size: 9741, compression ratio: 3.50
DracoEncoder | Preserve triangle order: no
DracoEncoder | Encoded 807 vertices, 930 indices, raw size: 34140, encoded size: 9802, compression ratio: 3.48
DracoEncoder | Preserve triangle order: no
DracoEncoder | Encoded 807 vertices, 930 indices, raw size: 34140, encoded size: 9720, compression ratio: 3.51
DracoEncoder | Preserve triangle order: no
DracoEncoder | Encoded 807 vertices, 930 indices, raw size: 34140, encoded size: 9725, compression ratio: 3.51
DracoEncoder | Preserve triangle order: no
DracoEncoder | Encoded 807 vertices, 930 indices, raw size: 34140, encoded size: 9750, compression ratio: 3.50
DracoEncoder | Preserve triangle order: no
DracoEncoder | Encoded 807 vertices, 930 indices, raw size: 34140, encoded size: 9747, compression ratio: 3.50
DracoEncoder | Preserve triangle order: no
DracoEncoder | Encoded 807 vertices, 930 indices, raw size: 34140, encoded size: 9762, compression ratio: 3.50
DracoEncoder | Preserve triangle order: no
DracoEncoder | Encoded 807 vertices, 930 indices, raw size: 34140, encoded size: 9732, compression ratio: 3.51
DracoEncoder | Preserve triangle order: no
DracoEncoder | Encoded 807 vertices, 930 indices, raw size: 34140, encoded size: 9766, compression ratio: 3.50
DracoEncoder | Preserve triangle order: no
DracoEncoder | Encoded 116 vertices, 564 indices, raw size: 4840, encoded size: 1202, compression ratio: 4.03
DracoEncoder | Preserve triangle order: no
DracoEncoder | Encoded 116 vertices, 564 indices, raw size: 4840, encoded size: 1202, compression ratio: 4.03
DracoEncoder | Preserve triangle order: no
DracoEncoder | Encoded 116 vertices, 564 indices, raw size: 4840, encoded size: 1202, compression ratio: 4.03
DracoEncoder | Preserve triangle order: no
DracoEncoder | Encoded 116 vertices, 564 indices, raw size: 4840, encoded size: 1202, compression ratio: 4.03
DracoEncoder | Preserve triangle order: no
DracoEncoder | Encoded 5397 vertices, 12102 indices, raw size: 196908, encoded size: 42111, compression ratio: 4.68
DracoEncoder | Preserve triangle order: no
DracoEncoder | Encoded 1440 vertices, 8628 indices, raw size: 63336, encoded size: 9336, compression ratio: 6.78

Blender quit
