00:00.192  translation      | WARNING Falling back to standard locale ("C")
/Users/kazuki.tanaka/dev0/exfract-bonsai-02/improvement/2026-10-04/runs/sculpt-gate-1329/sculpt/generate.py:15: DeprecationWarning: 'Material.use_nodes' is expected to be removed in Blender 6.0
  m=bpy.data.materials.new(name);m.use_nodes=True;p=m.node_tree.nodes.get('Principled BSDF');p.inputs['Base Color'].default_value=(*base,1);p.inputs['Roughness'].default_value=rough
0.7s Remeshing continuous volume
1.0s Remeshed: 327992 vertices
4.9s Low irregular weathered hollow: 326553 vertices
4.9s Cavities complete
15.8s Surface flow and masks complete
17.2s Root contact: 10442 moss shoots, 6342 mineral particles
17.9s Branch-led foliage: 4320 instanced sprays, 12 volumetric prototypes
Info: Saved as "hero-v10.blend"
18.4s Saved Blender file; exporting GLB
INFO Draco is available, use library at /Applications/Blender.app/Contents/Resources/5.2/scripts/addons_core/io_scene_gltf2/libbf_intern_draco_bridge.dylib
INFO MeshOptimizer is available, use library at /Applications/Blender.app/Contents/Resources/5.2/scripts/addons_core/io_scene_gltf2/libbf_intern_meshopt_bridge.dylib
14:57:42 | INFO: Starting glTF 2.0 export
14:57:42 | INFO: Extracting primitive: Scale shoot prototype 06
14:57:42 | INFO: Primitives created: 1
14:57:42 | INFO: Extracting primitive: Scale shoot prototype 03
14:57:42 | INFO: Primitives created: 1
14:57:42 | INFO: Extracting primitive: Scale shoot prototype 09
14:57:42 | INFO: Primitives created: 1
14:57:42 | INFO: Extracting primitive: Scale shoot prototype 02
14:57:42 | INFO: Primitives created: 1
14:57:42 | INFO: Extracting primitive: Scale shoot prototype 05
14:57:42 | INFO: Primitives created: 1
14:57:42 | INFO: Extracting primitive: Scale shoot prototype 04
14:57:42 | INFO: Primitives created: 1
14:57:42 | INFO: Extracting primitive: Scale shoot prototype 11
14:57:42 | INFO: Primitives created: 1
14:57:42 | INFO: Extracting primitive: Scale shoot prototype 01
14:57:42 | INFO: Primitives created: 1
14:57:42 | INFO: Extracting primitive: Scale shoot prototype 10
14:57:42 | INFO: Primitives created: 1
14:57:42 | INFO: Extracting primitive: Scale shoot prototype 07
14:57:42 | INFO: Primitives created: 1
14:57:42 | INFO: Extracting primitive: Scale shoot prototype 08
14:57:42 | INFO: Primitives created: 1
14:57:42 | INFO: Extracting primitive: Scale shoot prototype 00
14:57:42 | INFO: Primitives created: 1
14:57:44 | INFO: Extracting primitive: Continuous aged trunk and primary branches
14:57:44 | INFO: Primitives created: 1
14:57:44 | INFO: Extracting primitive: Continuous planted soil
14:57:44 | INFO: Primitives created: 1
14:57:44 | INFO: Extracting primitive: Loose mineral soil particles
14:57:44 | INFO: Primitives created: 1
14:57:44 | INFO: Extracting primitive: Cube.001
14:57:44 | INFO: Primitives created: 1
14:57:44 | INFO: Extracting primitive: Cube.002
14:57:44 | INFO: Primitives created: 1
14:57:44 | INFO: Extracting primitive: Cube.003
14:57:44 | INFO: Primitives created: 1
14:57:44 | INFO: Extracting primitive: Cube.004
14:57:44 | INFO: Primitives created: 1
14:57:44 | INFO: Extracting primitive: Low split natural bedding stone
14:57:44 | INFO: Primitives created: 1
14:57:44 | INFO: Extracting primitive: Root moss shoots
14:57:44 | INFO: Primitives created: 1
14:57:44 | INFO: Extracting primitive: Shallow unglazed pot
14:57:44 | INFO: Primitives created: 1
14:57:44 | INFO: Extracting primitive: Terminal branch hierarchy
14:57:44 | INFO: Primitives created: 1
14:57:44 | INFO: Draco encoder: Encoding mesh Branch led scale foliage 0000.
14:57:44 | INFO: Draco encoder: Encoding mesh Branch led scale foliage 0001.
14:57:44 | INFO: Draco encoder: Encoding mesh Branch led scale foliage 0002.
14:57:44 | INFO: Draco encoder: Encoding mesh Branch led scale foliage 0003.
14:57:44 | INFO: Draco encoder: Encoding mesh Branch led scale foliage 0004.
14:57:44 | INFO: Draco encoder: Encoding mesh Branch led scale foliage 0005.
14:57:44 | INFO: Draco encoder: Encoding mesh Branch led scale foliage 0006.
14:57:44 | INFO: Draco encoder: Encoding mesh Branch led scale foliage 0007.
14:57:44 | INFO: Draco encoder: Encoding mesh Branch led scale foliage 0008.
14:57:44 | INFO: Draco encoder: Encoding mesh Branch led scale foliage 0009.
14:57:44 | INFO: Draco encoder: Encoding mesh Branch led scale foliage 0010.
14:57:44 | INFO: Draco encoder: Encoding mesh Branch led scale foliage 0011.
14:57:44 | INFO: Draco encoder: Encoding mesh Branch led scale foliage 0012.
14:57:44 | INFO: Draco encoder: Encoding mesh Branch led scale foliage 0013.
14:57:44 | INFO: Draco encoder: Encoding mesh Branch led scale foliage 0014.
14:57:44 | INFO: Draco encoder: Encoding mesh Branch led scale foliage 0015.
14:57:44 | INFO: Draco encoder: Encoding mesh Branch led scale foliage 0016.
14:57:44 | INFO: Draco encoder: Encoding mesh Branch led scale foliage 0017.
14:57:44 | INFO: Draco encoder: Encoding mesh Branch led scale foliage 0018.
14:57:44 | INFO: Draco encoder: Encoding mesh Branch led scale foliage 0019.
14:57:44 | INFO: Draco encoder: Encoding mesh Branch led scale foliage 0020.
14:57:44 | INFO: Draco encoder: Encoding mesh Branch led scale foliage 0021.
14:57:44 | INFO: Draco encoder: Encoding mesh Branch led scale foliage 0022.
14:57:44 | INFO: Draco encoder: Encoding mesh Branch led scale foliage 0023.
14:57:44 | INFO: Draco encoder: Encoding mesh Branch led scale foliage 0024.
14:57:44 | INFO: Draco encoder: Encoding mesh Branch led scale foliage 0025.
14:57:44 | INFO: Draco encoder: Encoding mesh Branch led scale foliage 0026.
14:57:44 | INFO: Draco encoder: Encoding mesh Branch led scale foliage 0027.
14:57:44 | INFO: Draco encoder: Encoding mesh Branch led scale foliage 0028.
14:57:44 | INFO: Draco encoder: Encoding mesh Branch led scale foliage 0029.
14:57:44 | INFO: Draco encoder: Encoding mesh Branch led scale foliage 0030.
14:57:44 | INFO: Draco encoder: Encoding mesh Branch led scale foliage 0031.
14:57:44 | INFO: Draco encoder: Encoding mesh Branch led scale foliage 0032.
14:57:44 | INFO: Draco encoder: Encoding mesh Branch led scale foliage 0033.
14:57:44 | INFO: Draco encoder: Encoding mesh Branch led scale foliage 0034.
14:57:44 | INFO: Draco encoder: Encoding mesh Branch led scale foliage 0035.
14:57:44 | INFO: Draco encoder: Encoding mesh Branch led scale foliage 0036.
14:57:44 | INFO: Draco encoder: Encoding mesh Branch led scale foliage 0037.
14:57:44 | INFO: Draco encoder: Encoding mesh Branch led scale foliage 0038.
14:57:44 | INFO: Draco encoder: Encoding mesh Branch led scale foliage 0039.
14:57:44 | INFO: Draco encoder: Encoding mesh Branch led scale foliage 0040.
14:57:44 | INFO: Draco encoder: Encoding mesh Branch led scale foliage 0041.
14:57:44 | INFO: Draco encoder: Encoding mesh Branch led scale foliage 0042.
14:57:44 | INFO: Draco encoder: Encoding mesh Branch led scale foliage 0043.
14:57:44 | INFO: Draco encoder: Encoding mesh Branch led scale foliage 0044.
14:57:44 | INFO: Draco encoder: Encoding mesh Branch led scale foliage 0045.
14:57:44 | INFO: Draco encoder: Encoding mesh Branch led scale foliage 0046.
14:57:44 | INFO: Draco encoder: Encoding mesh Branch led scale foliage 0047.
14:57:44 | INFO: Draco encoder: Encoding mesh Branch led scale foliage 0048.
14:57:44 | INFO: Draco encoder: Encoding mesh Branch led scale foliage 0049.
14:57:44 | INFO: Draco encoder: Encoding mesh Branch led scale foliage 0050.
14:57:44 | INFO: Draco encoder: Encoding mesh Branch led scale foliage 0051.
14:57:44 | INFO: Draco encoder: Encoding mesh Branch led scale foliage 0052.
14:57:44 | INFO: Draco encoder: Encoding mesh Branch led scale foliage 0053.
14:57:44 | INFO: Draco encoder: Encoding mesh Branch led scale foliage 0054.
14:57:44 | INFO: Draco encoder: Encoding mesh Branch led scale foliage 0055.
14:57:44 | INFO: Draco encoder: Encoding mesh Branch led scale foliage 0056.
14:57:44 | INFO: Draco encoder: Encoding mesh Branch led scale foliage 0057.
14:57:44 | INFO: Draco encoder: Encoding mesh Branch led scale foliage 0058.
14:57:44 | INFO: Draco encoder: Encoding mesh Branch led scale foliage 0059.
14:57:44 | INFO: Draco encoder: Encoding mesh Branch led scale foliage 0060.
14:57:44 | INFO: Draco encoder: Encoding mesh Branch led scale foliage 0061.
14:57:44 | INFO: Draco encoder: Encoding mesh Branch led scale foliage 0062.
14:57:44 | INFO: Draco encoder: Encoding mesh Branch led scale foliage 0063.
14:57:44 | INFO: Draco encoder: Encoding mesh Branch led scale foliage 0064.
14:57:44 | INFO: Draco encoder: Encoding mesh Branch led scale foliage 0065.
14:57:44 | INFO: Draco encoder: Encoding mesh Branch led scale foliage 0066.
14:57:44 | INFO: Draco encoder: Encoding mesh Branch led scale foliage 0067.
14:57:44 | INFO: Draco encoder: Encoding mesh Branch led scale foliage 0068.
14:57:44 | INFO: Draco encoder: Encoding mesh Branch led scale foliage 0069.
14:57:44 | INFO: Draco encoder: Encoding mesh Branch led scale foliage 0070.
14:57:44 | INFO: Draco encoder: Encoding mesh Branch led scale foliage 0071.
14:57:44 | INFO: Draco encoder: Encoding mesh Branch led scale foliage 0072.
14:57:44 | INFO: Draco encoder: Encoding mesh Branch led scale foliage 0073.
14:57:44 | INFO: Draco encoder: Encoding mesh Branch led scale foliage 0074.
14:57:44 | INFO: Draco encoder: Encoding mesh Branch led scale foliage 0075.
14:57:44 | INFO: Draco encoder: Encoding mesh Branch led scale foliage 0076.
14:57:44 | INFO: Draco encoder: Encoding mesh Branch led scale foliage 0077.
14:57:44 | INFO: Draco encoder: Encoding mesh Branch led scale foliage 0078.
14:57:44 | INFO: Draco encoder: Encoding mesh Branch led scale foliage 0079.
14:57:44 | INFO: Draco encoder: Encoding mesh Branch led scale foliage 0080.
14:57:44 | INFO: Draco encoder: Encoding mesh Branch led scale foliage 0081.
14:57:44 | INFO: Draco encoder: Encoding mesh Branch led scale foliage 0082.
14:57:44 | INFO: Draco encoder: Encoding mesh Branch led scale foliage 0083.
14:57:44 | INFO: Draco encoder: Encoding mesh Branch led scale foliage 0084.
14:57:44 | INFO: Draco encoder: Encoding mesh Branch led scale foliage 0085.
14:57:44 | INFO: Draco encoder: Encoding mesh Branch led scale foliage 0086.
14:57:44 | INFO: Draco encoder: Encoding mesh Branch led scale foliage 0087.
14:57:44 | INFO: Draco encoder: Encoding mesh Branch led scale foliage 0088.
14:57:44 | INFO: Draco encoder: Encoding mesh Branch led scale foliage 0089.
14:57:44 | INFO: Draco encoder: Encoding mesh Branch led scale foliage 0090.
14:57:44 | INFO: Draco encoder: Encoding mesh Branch led scale foliage 0091.
14:57:44 | INFO: Draco encoder: Encoding mesh Branch led scale foliage 0092.
14:57:44 | INFO: Draco encoder: Encoding mesh Branch led scale foliage 0093.
14:57:44 | INFO: Draco encoder: Encoding mesh Branch led scale foliage 0094.
14:57:44 | INFO: Draco encoder: Encoding mesh Branch led scale foliage 0095.
14:57:44 | INFO: Draco encoder: Encoding mesh Branch led scale foliage 0096.
14:57:44 | INFO: Draco encoder: Encoding mesh Branch led scale foliage 0097.
14:57:44 | INFO: Draco encoder: Encoding mesh Branch led scale foliage 0098.
14:57:44 | INFO: Draco encoder: Encoding mesh Branch led scale foliage 0099.
14:57:44 | INFO: Draco encoder: Encoding mesh Branch led scale foliage 0100.
14:57:44 | INFO: Draco encoder: Encoding mesh Branch led scale foliage 0101.
14:57:44 | INFO: Draco encoder: Encoding mesh Branch led scale foliage 0102.
14:57:44 | INFO: Draco encoder: Encoding mesh Branch led scale foliage 0103.
14:57:44 | INFO: Draco encoder: Encoding mesh Branch led scale foliage 0104.
14:57:44 | INFO: Draco encoder: Encoding mesh Branch led scale foliage 0105.
14:57:44 | INFO: Draco encoder: Encoding mesh Branch led scale foliage 0106.
14:57:44 | INFO: Draco encoder: Encoding mesh Branch led scale foliage 0107.
14:57:44 | INFO: Draco encoder: Encoding mesh Branch led scale foliage 0108.
14:57:44 | INFO: Draco encoder: Encoding mesh Branch led scale foliage 0109.
14:57:44 | INFO: Draco encoder: Encoding mesh Branch led scale foliage 0110.
14:57:44 | INFO: Draco encoder: Encoding mesh Branch led scale foliage 0111.
14:57:44 | INFO: Draco encoder: Encoding mesh Branch led scale foliage 0112.
14:57:44 | INFO: Draco encoder: Encoding mesh Branch led scale foliage 0113.
14:57:44 | INFO: Draco encoder: Encoding mesh Branch led scale foliage 0114.
14:57:44 | INFO: Draco encoder: Encoding mesh Branch led scale foliage 0115.
14:57:44 | INFO: Draco encoder: Encoding mesh Branch led scale foliage 0116.
14:57:44 | INFO: Draco encoder: Encoding mesh Branch led scale foliage 0117.
14:57:44 | INFO: Draco encoder: Encoding mesh Branch led scale foliage 0118.
14:57:44 | INFO: Draco encoder: Encoding mesh Branch led scale foliage 0119.
14:57:44 | INFO: Draco encoder: Encoding mesh Branch led scale foliage 0120.
14:57:44 | INFO: Draco encoder: Encoding mesh Branch led scale foliage 0121.
14:57:44 | INFO: Draco encoder: Encoding mesh Branch led scale foliage 0122.
14:57:44 | INFO: Draco encoder: Encoding mesh Branch led scale foliage 0123.
14:57:44 | INFO: Draco encoder: Encoding mesh Branch led scale foliage 0124.
14:57:44 | INFO: Draco encoder: Encoding mesh Branch led scale foliage 0125.
14:57:44 | INFO: Draco encoder: Encoding mesh Branch led scale foliage 0126.
14:57:44 | INFO: Draco encoder: Encoding mesh Branch led scale foliage 0127.
14:57:44 | INFO: Draco encoder: Encoding mesh Branch led scale foliage 0128.
14:57:44 | INFO: Draco encoder: Encoding mesh Branch led scale foliage 0129.
14:57:44 | INFO: Draco encoder: Encoding mesh Branch led scale foliage 0130.
14:57:44 | INFO: Draco encoder: Encoding mesh Branch led scale foliage 0131.
14:57:44 | INFO: Draco encoder: Encoding mesh Branch led scale foliage 0132.
14:57:44 | INFO: Draco encoder: Encoding mesh Branch led scale foliage 0133.
14:57:44 | INFO: Draco encoder: Encoding mesh Branch led scale foliage 0134.
14:57:44 | INFO: Draco encoder: Encoding mesh Branch led scale foliage 0135.
14:57:44 | INFO: Draco encoder: Encoding mesh Branch led scale foliage 0136.
14:57:44 | INFO: Draco encoder: Encoding mesh Branch led scale foliage 0137.
14:57:44 | INFO: Draco encoder: Encoding mesh Branch led scale foliage 0138.
14:57:44 | INFO: Draco encoder: Encoding mesh Branch led scale foliage 0139.
14:57:44 | INFO: Draco encoder: Encoding mesh Branch led scale foliage 0140.
14:57:44 | INFO: Draco encoder: Encoding mesh Branch led scale foliage 0141.
14:57:44 | INFO: Draco encoder: Encoding mesh Branch led scale foliage 0142.
14:57:44 | INFO: Draco encoder: Encoding mesh Branch led scale foliage 0143.
14:57:44 | INFO: Draco encoder: Encoding mesh Branch led scale foliage 0144.
14:57:44 | INFO: Draco encoder: Encoding mesh Branch led scale foliage 0145.
14:57:44 | INFO: Draco encoder: Encoding mesh Branch led scale foliage 0146.
14:57:44 | INFO: Draco encoder: Encoding mesh Branch led scale foliage 0147.
14:57:44 | INFO: Draco encoder: Encoding mesh Branch led scale foliage 0148.
14:57:44 | INFO: Draco encoder: Encoding mesh Branch led scale foliage 0149.
14:57:44 | INFO: Draco encoder: Encoding mesh Branch led scale foliage 0150.
14:57:44 | INFO: Draco encoder: Encoding mesh Branch led scale foliage 0151.
14:57:44 | INFO: Draco encoder: Encoding mesh Branch led scale foliage 0152.
14:57:44 | INFO: Draco encoder: Encoding mesh Branch led scale foliage 0153.
14:57:44 | INFO: Draco encoder: Encoding mesh Branch led scale foliage 0154.
14:57:44 | INFO: Draco encoder: Encoding mesh Branch led scale foliage 0155.
14:57:44 | INFO: Draco encoder: Encoding mesh Branch led scale foliage 0156.
14:57:44 | INFO: Draco encoder: Encoding mesh Branch led scale foliage 0157.
14:57:44 | INFO: Draco encoder: Encoding mesh Branch led scale foliage 0158.
14:57:44 | INFO: Draco encoder: Encoding mesh Branch led scale foliage 0159.
14:57:44 | INFO: Draco encoder: Encoding mesh Branch led scale foliage 0160.
14:57:44 | INFO: Draco encoder: Encoding mesh Branch led scale foliage 0161.
14:57:44 | INFO: Draco encoder: Encoding mesh Branch led scale foliage 0162.
14:57:44 | INFO: Draco encoder: Encoding mesh Branch led scale foliage 0163.
14:57:44 | INFO: Draco encoder: Encoding mesh Branch led scale foliage 0164.
14:57:44 | INFO: Draco encoder: Encoding mesh Branch led scale foliage 0165.
14:57:44 | INFO: Draco encoder: Encoding mesh Branch led scale foliage 0166.
14:57:44 | INFO: Draco encoder: Encoding mesh Branch led scale foliage 0167.
14:57:44 | INFO: Draco encoder: Encoding mesh Branch led scale foliage 0168.
14:57:44 | INFO: Draco encoder: Encoding mesh Branch led scale foliage 0169.
14:57:44 | INFO: Draco encoder: Encoding mesh Branch led scale foliage 0170.
14:57:44 | INFO: Draco encoder: Encoding mesh Branch led scale foliage 0171.
14:57:44 | INFO: Draco encoder: Encoding mesh Branch led scale foliage 0172.
14:57:44 | INFO: Draco encoder: Encoding mesh Branch led scale foliage 0173.
14:57:44 | INFO: Draco encoder: Encoding mesh Branch led scale foliage 0174.
14:57:44 | INFO: Draco encoder: Encoding mesh Branch led scale foliage 0175.
14:57:44 | INFO: Draco encoder: Encoding mesh Branch led scale foliage 0176.
14:57:44 | INFO: Draco encoder: Encoding mesh Branch led scale foliage 0177.
14:57:44 | INFO: Draco encoder: Encoding mesh Branch led scale foliage 0178.
14:57:44 | INFO: Draco encoder: Encoding mesh Branch led scale foliage 0179.
14:57:44 | INFO: Draco encoder: Encoding mesh Branch led scale foliage 0180.
14:57:44 | INFO: Draco encoder: Encoding mesh Branch led scale foliage 0181.
14:57:44 | INFO: Draco encoder: Encoding mesh Branch led scale foliage 0182.
14:57:44 | INFO: Draco encoder: Encoding mesh Branch led scale foliage 0183.
14:57:44 | INFO: Draco encoder: Encoding mesh Branch led scale foliage 0184.
14:57:44 | INFO: Draco encoder: Encoding mesh Branch led scale foliage 0185.
14:57:44 | INFO: Draco encoder: Encoding mesh Branch led scale foliage 0186.
14:57:44 | INFO: Draco encoder: Encoding mesh Branch led scale foliage 0187.
14:57:44 | INFO: Draco encoder: Encoding mesh Branch led scale foliage 0188.
14:57:44 | INFO: Draco encoder: Encoding mesh Branch led scale foliage 0189.
14:57:44 | INFO: Draco encoder: Encoding mesh Branch led scale foliage 0190.
14:57:44 | INFO: Draco encoder: Encoding mesh Branch led scale foliage 0191.
14:57:44 | INFO: Draco encoder: Encoding mesh Branch led scale foliage 0192.
14:57:44 | INFO: Draco encoder: Encoding mesh Branch led scale foliage 0193.
14:57:44 | INFO: Draco encoder: Encoding mesh Branch led scale foliage 0194.
14:57:44 | INFO: Draco encoder: Encoding mesh Branch led scale foliage 0195.
14:57:44 | INFO: Draco encoder: Encoding mesh Branch led scale foliage 0196.
14:57:44 | INFO: Draco encoder: Encoding mesh Branch led scale foliage 0197.
14:57:44 | INFO: Draco encoder: Encoding mesh Branch led scale foliage 0198.
14:57:44 | INFO: Draco encoder: Encoding mesh Branch led scale foliage 0199.
14:57:44 | INFO: Draco encoder: Encoding mesh Branch led scale foliage 0200.
14:57:44 | INFO: Draco encoder: Encoding mesh Branch led scale foliage 0201.
14:57:44 | INFO: Draco encoder: Encoding mesh Branch led scale foliage 0202.
14:57:44 | INFO: Draco encoder: Encoding mesh Branch led scale foliage 0203.
14:57:44 | INFO: Draco encoder: Encoding mesh Branch led scale foliage 0204.
14:57:44 | INFO: Draco encoder: Encoding mesh Branch led scale foliage 0205.
14:57:44 | INFO: Draco encoder: Encoding mesh Branch led scale foliage 0206.
14:57:44 | INFO: Draco encoder: Encoding mesh Branch led scale foliage 0207.
14:57:44 | INFO: Draco encoder: Encoding mesh Branch led scale foliage 0208.
14:57:44 | INFO: Draco encoder: Encoding mesh Branch led scale foliage 0209.
14:57:44 | INFO: Draco encoder: Encoding mesh Branch led scale foliage 0210.
14:57:44 | INFO: Draco encoder: Encoding mesh Branch led scale foliage 0211.
14:57:44 | INFO: Draco encoder: Encoding mesh Branch led scale foliage 0212.
14:57:44 | INFO: Draco encoder: Encoding mesh Branch led scale foliage 0213.
14:57:44 | INFO: Draco encoder: Encoding mesh Branch led scale foliage 0214.
14:57:44 | INFO: Draco encoder: Encoding mesh Branch led scale foliage 0215.
14:57:44 | INFO: Draco encoder: Encoding mesh Branch led scale foliage 0216.
14:57:44 | INFO: Draco encoder: Encoding mesh Branch led scale foliage 0217.
14:57:44 | INFO: Draco encoder: Encoding mesh Branch led scale foliage 0218.
14:57:44 | INFO: Draco encoder: Encoding mesh Branch led scale foliage 0219.
14:57:44 | INFO: Draco encoder: Encoding mesh Branch led scale foliage 0220.
14:57:44 | INFO: Draco encoder: Encoding mesh Branch led scale foliage 0221.
14:57:44 | INFO: Draco encoder: Encoding mesh Branch led scale foliage 0222.
14:57:44 | INFO: Draco encoder: Encoding mesh Branch led scale foliage 0223.
14:57:44 | INFO: Draco encoder: Encoding mesh Branch led scale foliage 0224.
14:57:44 | INFO: Draco encoder: Encoding mesh Branch led scale foliage 0225.
14:57:44 | INFO: Draco encoder: Encoding mesh Branch led scale foliage 0226.
14:57:44 | INFO: Draco encoder: Encoding mesh Branch led scale foliage 0227.
14:57:44 | INFO: Draco encoder: Encoding mesh Branch led scale foliage 0228.
14:57:44 | INFO: Draco encoder: Encoding mesh Branch led scale foliage 0229.
14:57:44 | INFO: Draco encoder: Encoding mesh Branch led scale foliage 0230.
14:57:44 | INFO: Draco encoder: Encoding mesh Branch led scale foliage 0231.
14:57:44 | INFO: Draco encoder: Encoding mesh Branch led scale foliage 0232.
14:57:44 | INFO: Draco encoder: Encoding mesh Branch led scale foliage 0233.
14:57:44 | INFO: Draco encoder: Encoding mesh Branch led scale foliage 0234.
14:57:44 | INFO: Draco encoder: Encoding mesh Branch led scale foliage 0235.
14:57:44 | INFO: Draco encoder: Encoding mesh Branch led scale foliage 0236.
14:57:44 | INFO: Draco encoder: Encoding mesh Branch led scale foliage 0237.
14:57:44 | INFO: Draco encoder: Encoding mesh Branch led scale foliage 0238.
14:57:44 | INFO: Draco encoder: Encoding mesh Branch led scale foliage 0239.
14:57:44 | INFO: Draco encoder: Encoding mesh Branch led scale foliage 0240.
14:57:44 | INFO: Draco encoder: Encoding mesh Branch led scale foliage 0241.
14:57:44 | INFO: Draco encoder: Encoding mesh Branch led scale foliage 0242.
14:57:44 | INFO: Draco encoder: Encoding mesh Branch led scale foliage 0243.
14:57:44 | INFO: Draco encoder: Encoding mesh Branch led scale foliage 0244.
14:57:44 | INFO: Draco encoder: Encoding mesh Branch led scale foliage 0245.
14:57:44 | INFO: Draco encoder: Encoding mesh Branch led scale foliage 0246.
14:57:44 | INFO: Draco encoder: Encoding mesh Branch led scale foliage 0247.
14:57:44 | INFO: Draco encoder: Encoding mesh Branch led scale foliage 0248.
14:57:44 | INFO: Draco encoder: Encoding mesh Branch led scale foliage 0249.
14:57:44 | INFO: Draco encoder: Encoding mesh Branch led scale foliage 0250.
14:57:44 | INFO: Draco encoder: Encoding mesh Branch led scale foliage 0251.
14:57:44 | INFO: Draco encoder: Encoding mesh Branch led scale foliage 0252.
14:57:44 | INFO: Draco encoder: Encoding mesh Branch led scale foliage 0253.
14:57:44 | INFO: Draco encoder: Encoding mesh Branch led scale foliage 0254.
14:57:44 | INFO: Draco encoder: Encoding mesh Branch led scale foliage 0255.
14:57:44 | INFO: Draco encoder: Encoding mesh Branch led scale foliage 0256.
14:57:44 | INFO: Draco encoder: Encoding mesh Branch led scale foliage 0257.
14:57:44 | INFO: Draco encoder: Encoding mesh Branch led scale foliage 0258.
14:57:44 | INFO: Draco encoder: Encoding mesh Branch led scale foliage 0259.
14:57:44 | INFO: Draco encoder: Encoding mesh Branch led scale foliage 0260.
14:57:44 | INFO: Draco encoder: Encoding mesh Branch led scale foliage 0261.
14:57:44 | INFO: Draco encoder: Encoding mesh Branch led scale foliage 0262.
14:57:44 | INFO: Draco encoder: Encoding mesh Branch led scale foliage 0263.
14:57:44 | INFO: Draco encoder: Encoding mesh Branch led scale foliage 0264.
14:57:44 | INFO: Draco encoder: Encoding mesh Branch led scale foliage 0265.
14:57:44 | INFO: Draco encoder: Encoding mesh Branch led scale foliage 0266.
14:57:44 | INFO: Draco encoder: Encoding mesh Branch led scale foliage 0267.
14:57:44 | INFO: Draco encoder: Encoding mesh Branch led scale foliage 0268.
14:57:44 | INFO: Draco encoder: Encoding mesh Branch led scale foliage 0269.
14:57:44 | INFO: Draco encoder: Encoding mesh Branch led scale foliage 0270.
14:57:44 | INFO: Draco encoder: Encoding mesh Branch led scale foliage 0271.
14:57:44 | INFO: Draco encoder: Encoding mesh Branch led scale foliage 0272.
14:57:44 | INFO: Draco encoder: Encoding mesh Branch led scale foliage 0273.
14:57:44 | INFO: Draco encoder: Encoding mesh Branch led scale foliage 0274.
14:57:44 | INFO: Draco encoder: Encoding mesh Branch led scale foliage 0275.
14:57:44 | INFO: Draco encoder: Encoding mesh Branch led scale foliage 0276.
14:57:44 | INFO: Draco encoder: Encoding mesh Branch led scale foliage 0277.
14:57:44 | INFO: Draco encoder: Encoding mesh Branch led scale foliage 0278.
14:57:44 | INFO: Draco encoder: Encoding mesh Branch led scale foliage 0279.
14:57:44 | INFO: Draco encoder: Encoding mesh Branch led scale foliage 0280.
14:57:44 | INFO: Draco encoder: Encoding mesh Branch led scale foliage 0281.
14:57:44 | INFO: Draco encoder: Encoding mesh Branch led scale foliage 0282.
14:57:44 | INFO: Draco encoder: Encoding mesh Branch led scale foliage 0283.
14:57:44 | INFO: Draco encoder: Encoding mesh Branch led scale foliage 0284.
14:57:44 | INFO: Draco encoder: Encoding mesh Branch led scale foliage 0285.
14:57:44 | INFO: Draco encoder: Encoding mesh Branch led scale foliage 0286.
14:57:44 | INFO: Draco encoder: Encoding mesh Branch led scale foliage 0287.
14:57:44 | INFO: Draco encoder: Encoding mesh Branch led scale foliage 0288.
14:57:44 | INFO: Draco encoder: Encoding mesh Branch led scale foliage 0289.
14:57:44 | INFO: Draco encoder: Encoding mesh Branch led scale foliage 0290.
14:57:44 | INFO: Draco encoder: Encoding mesh Branch led scale foliage 0291.
14:57:44 | INFO: Draco encoder: Encoding mesh Branch led scale foliage 0292.
14:57:44 | INFO: Draco encoder: Encoding mesh Branch led scale foliage 0293.
14:57:44 | INFO: Draco encoder: Encoding mesh Branch led scale foliage 0294.
14:57:44 | INFO: Draco encoder: Encoding mesh Branch led scale foliage 0295.
14:57:44 | INFO: Draco encoder: Encoding mesh Branch led scale foliage 0296.
14:57:44 | INFO: Draco encoder: Encoding mesh Branch led scale foliage 0297.
14:57:44 | INFO: Draco encoder: Encoding mesh Branch led scale foliage 0298.
14:57:44 | INFO: Draco encoder: Encoding mesh Branch led scale foliage 0299.
14:57:44 | INFO: Draco encoder: Encoding mesh Branch led scale foliage 0300.
14:57:44 | INFO: Draco encoder: Encoding mesh Branch led scale foliage 0301.
14:57:44 | INFO: Draco encoder: Encoding mesh Branch led scale foliage 0302.
14:57:44 | INFO: Draco encoder: Encoding mesh Branch led scale foliage 0303.
14:57:44 | INFO: Draco encoder: Encoding mesh Branch led scale foliage 0304.
14:57:44 | INFO: Draco encoder: Encoding mesh Branch led scale foliage 0305.
14:57:44 | INFO: Draco encoder: Encoding mesh Branch led scale foliage 0306.
14:57:44 | INFO: Draco encoder: Encoding mesh Branch led scale foliage 0307.
14:57:44 | INFO: Draco encoder: Encoding mesh Branch led scale foliage 0308.
14:57:44 | INFO: Draco encoder: Encoding mesh Branch led scale foliage 0309.
14:57:44 | INFO: Draco encoder: Encoding mesh Branch led scale foliage 0310.
14:57:44 | INFO: Draco encoder: Encoding mesh Branch led scale foliage 0311.
14:57:44 | INFO: Draco encoder: Encoding mesh Branch led scale foliage 0312.
14:57:44 | INFO: Draco encoder: Encoding mesh Branch led scale foliage 0313.
14:57:44 | INFO: Draco encoder: Encoding mesh Branch led scale foliage 0314.
14:57:44 | INFO: Draco encoder: Encoding mesh Branch led scale foliage 0315.
14:57:44 | INFO: Draco encoder: Encoding mesh Branch led scale foliage 0316.
14:57:44 | INFO: Draco encoder: Encoding mesh Branch led scale foliage 0317.
14:57:44 | INFO: Draco encoder: Encoding mesh Branch led scale foliage 0318.
14:57:44 | INFO: Draco encoder: Encoding mesh Branch led scale foliage 0319.
14:57:44 | INFO: Draco encoder: Encoding mesh Branch led scale foliage 0320.
14:57:44 | INFO: Draco encoder: Encoding mesh Branch led scale foliage 0321.
14:57:44 | INFO: Draco encoder: Encoding mesh Branch led scale foliage 0322.
14:57:44 | INFO: Draco encoder: Encoding mesh Branch led scale foliage 0323.
14:57:44 | INFO: Draco encoder: Encoding mesh Branch led scale foliage 0324.
14:57:44 | INFO: Draco encoder: Encoding mesh Branch led scale foliage 0325.
14:57:44 | INFO: Draco encoder: Encoding mesh Branch led scale foliage 0326.
14:57:44 | INFO: Draco encoder: Encoding mesh Branch led scale foliage 0327.
14:57:44 | INFO: Draco encoder: Encoding mesh Branch led scale foliage 0328.
14:57:44 | INFO: Draco encoder: Encoding mesh Branch led scale foliage 0329.
14:57:44 | INFO: Draco encoder: Encoding mesh Branch led scale foliage 0330.
14:57:44 | INFO: Draco encoder: Encoding mesh Branch led scale foliage 0331.
14:57:44 | INFO: Draco encoder: Encoding mesh Branch led scale foliage 0332.
14:57:44 | INFO: Draco encoder: Encoding mesh Branch led scale foliage 0333.
14:57:44 | INFO: Draco encoder: Encoding mesh Branch led scale foliage 0334.
14:57:44 | INFO: Draco encoder: Encoding mesh Branch led scale foliage 0335.
14:57:44 | INFO: Draco encoder: Encoding mesh Branch led scale foliage 0336.
14:57:44 | INFO: Draco encoder: Encoding mesh Branch led scale foliage 0337.
14:57:44 | INFO: Draco encoder: Encoding mesh Branch led scale foliage 0338.
14:57:44 | INFO: Draco encoder: Encoding mesh Branch led scale foliage 0339.
14:57:44 | INFO: Draco encoder: Encoding mesh Branch led scale foliage 0340.
14:57:44 | INFO: Draco encoder: Encoding mesh Branch led scale foliage 0341.
14:57:44 | INFO: Draco encoder: Encoding mesh Branch led scale foliage 0342.
14:57:44 | INFO: Draco encoder: Encoding mesh Branch led scale foliage 0343.
14:57:44 | INFO: Draco encoder: Encoding mesh Branch led scale foliage 0344.
14:57:44 | INFO: Draco encoder: Encoding mesh Branch led scale foliage 0345.
14:57:44 | INFO: Draco encoder: Encoding mesh Branch led scale foliage 0346.
14:57:44 | INFO: Draco encoder: Encoding mesh Branch led scale foliage 0347.
14:57:44 | INFO: Draco encoder: Encoding mesh Branch led scale foliage 0348.
14:57:44 | INFO: Draco encoder: Encoding mesh Branch led scale foliage 0349.
14:57:44 | INFO: Draco encoder: Encoding mesh Branch led scale foliage 0350.
14:57:44 | INFO: Draco encoder: Encoding mesh Branch led scale foliage 0351.
14:57:44 | INFO: Draco encoder: Encoding mesh Branch led scale foliage 0352.
14:57:44 | INFO: Draco encoder: Encoding mesh Branch led scale foliage 0353.
14:57:44 | INFO: Draco encoder: Encoding mesh Branch led scale foliage 0354.
14:57:44 | INFO: Draco encoder: Encoding mesh Branch led scale foliage 0355.
14:57:44 | INFO: Draco encoder: Encoding mesh Branch led scale foliage 0356.
14:57:44 | INFO: Draco encoder: Encoding mesh Branch led scale foliage 0357.
14:57:44 | INFO: Draco encoder: Encoding mesh Branch led scale foliage 0358.
14:57:44 | INFO: Draco encoder: Encoding mesh Branch led scale foliage 0359.
14:57:44 | INFO: Draco encoder: Encoding mesh Branch led scale foliage 0360.
14:57:44 | INFO: Draco encoder: Encoding mesh Branch led scale foliage 0361.
14:57:44 | INFO: Draco encoder: Encoding mesh Branch led scale foliage 0362.
14:57:44 | INFO: Draco encoder: Encoding mesh Branch led scale foliage 0363.
14:57:44 | INFO: Draco encoder: Encoding mesh Branch led scale foliage 0364.
14:57:44 | INFO: Draco encoder: Encoding mesh Branch led scale foliage 0365.
14:57:44 | INFO: Draco encoder: Encoding mesh Branch led scale foliage 0366.
14:57:44 | INFO: Draco encoder: Encoding mesh Branch led scale foliage 0367.
14:57:44 | INFO: Draco encoder: Encoding mesh Branch led scale foliage 0368.
14:57:44 | INFO: Draco encoder: Encoding mesh Branch led scale foliage 0369.
14:57:44 | INFO: Draco encoder: Encoding mesh Branch led scale foliage 0370.
14:57:44 | INFO: Draco encoder: Encoding mesh Branch led scale foliage 0371.
14:57:44 | INFO: Draco encoder: Encoding mesh Branch led scale foliage 0372.
14:57:44 | INFO: Draco encoder: Encoding mesh Branch led scale foliage 0373.
14:57:44 | INFO: Draco encoder: Encoding mesh Branch led scale foliage 0374.
14:57:44 | INFO: Draco encoder: Encoding mesh Branch led scale foliage 0375.
14:57:44 | INFO: Draco encoder: Encoding mesh Branch led scale foliage 0376.
14:57:44 | INFO: Draco encoder: Encoding mesh Branch led scale foliage 0377.
14:57:44 | INFO: Draco encoder: Encoding mesh Branch led scale foliage 0378.
14:57:44 | INFO: Draco encoder: Encoding mesh Branch led scale foliage 0379.
14:57:44 | INFO: Draco encoder: Encoding mesh Branch led scale foliage 0380.
14:57:44 | INFO: Draco encoder: Encoding mesh Branch led scale foliage 0381.
14:57:44 | INFO: Draco encoder: Encoding mesh Branch led scale foliage 0382.
14:57:44 | INFO: Draco encoder: Encoding mesh Branch led scale foliage 0383.
14:57:44 | INFO: Draco encoder: Encoding mesh Branch led scale foliage 0384.
14:57:44 | INFO: Draco encoder: Encoding mesh Branch led scale foliage 0385.
14:57:44 | INFO: Draco encoder: Encoding mesh Branch led scale foliage 0386.
14:57:44 | INFO: Draco encoder: Encoding mesh Branch led scale foliage 0387.
14:57:44 | INFO: Draco encoder: Encoding mesh Branch led scale foliage 0388.
14:57:44 | INFO: Draco encoder: Encoding mesh Branch led scale foliage 0389.
14:57:44 | INFO: Draco encoder: Encoding mesh Branch led scale foliage 0390.
14:57:44 | INFO: Draco encoder: Encoding mesh Branch led scale foliage 0391.
14:57:44 | INFO: Draco encoder: Encoding mesh Branch led scale foliage 0392.
14:57:44 | INFO: Draco encoder: Encoding mesh Branch led scale foliage 0393.
14:57:44 | INFO: Draco encoder: Encoding mesh Branch led scale foliage 0394.
14:57:44 | INFO: Draco encoder: Encoding mesh Branch led scale foliage 0395.
14:57:44 | INFO: Draco encoder: Encoding mesh Branch led scale foliage 0396.
14:57:44 | INFO: Draco encoder: Encoding mesh Branch led scale foliage 0397.
14:57:44 | INFO: Draco encoder: Encoding mesh Branch led scale foliage 0398.
14:57:44 | INFO: Draco encoder: Encoding mesh Branch led scale foliage 0399.
14:57:44 | INFO: Draco encoder: Encoding mesh Branch led scale foliage 0400.
14:57:44 | INFO: Draco encoder: Encoding mesh Branch led scale foliage 0401.
14:57:44 | INFO: Draco encoder: Encoding mesh Branch led scale foliage 0402.
14:57:44 | INFO: Draco encoder: Encoding mesh Branch led scale foliage 0403.
14:57:44 | INFO: Draco encoder: Encoding mesh Branch led scale foliage 0404.
14:57:44 | INFO: Draco encoder: Encoding mesh Branch led scale foliage 0405.
14:57:44 | INFO: Draco encoder: Encoding mesh Branch led scale foliage 0406.
14:57:44 | INFO: Draco encoder: Encoding mesh Branch led scale foliage 0407.
14:57:44 | INFO: Draco encoder: Encoding mesh Branch led scale foliage 0408.
14:57:44 | INFO: Draco encoder: Encoding mesh Branch led scale foliage 0409.
14:57:44 | INFO: Draco encoder: Encoding mesh Branch led scale foliage 0410.
14:57:44 | INFO: Draco encoder: Encoding mesh Branch led scale foliage 0411.
14:57:44 | INFO: Draco encoder: Encoding mesh Branch led scale foliage 0412.
14:57:44 | INFO: Draco encoder: Encoding mesh Branch led scale foliage 0413.
14:57:44 | INFO: Draco encoder: Encoding mesh Branch led scale foliage 0414.
14:57:44 | INFO: Draco encoder: Encoding mesh Branch led scale foliage 0415.
14:57:44 | INFO: Draco encoder: Encoding mesh Branch led scale foliage 0416.
14:57:44 | INFO: Draco encoder: Encoding mesh Branch led scale foliage 0417.
14:57:44 | INFO: Draco encoder: Encoding mesh Branch led scale foliage 0418.
14:57:44 | INFO: Draco encoder: Encoding mesh Branch led scale foliage 0419.
14:57:44 | INFO: Draco encoder: Encoding mesh Branch led scale foliage 0420.
14:57:44 | INFO: Draco encoder: Encoding mesh Branch led scale foliage 0421.
14:57:44 | INFO: Draco encoder: Encoding mesh Branch led scale foliage 0422.
14:57:44 | INFO: Draco encoder: Encoding mesh Branch led scale foliage 0423.
14:57:44 | INFO: Draco encoder: Encoding mesh Branch led scale foliage 0424.
14:57:44 | INFO: Draco encoder: Encoding mesh Branch led scale foliage 0425.
14:57:44 | INFO: Draco encoder: Encoding mesh Branch led scale foliage 0426.
14:57:44 | INFO: Draco encoder: Encoding mesh Branch led scale foliage 0427.
14:57:44 | INFO: Draco encoder: Encoding mesh Branch led scale foliage 0428.
14:57:44 | INFO: Draco encoder: Encoding mesh Branch led scale foliage 0429.
14:57:44 | INFO: Draco encoder: Encoding mesh Branch led scale foliage 0430.
14:57:44 | INFO: Draco encoder: Encoding mesh Branch led scale foliage 0431.
14:57:44 | INFO: Draco encoder: Encoding mesh Branch led scale foliage 0432.
14:57:44 | INFO: Draco encoder: Encoding mesh Branch led scale foliage 0433.
14:57:44 | INFO: Draco encoder: Encoding mesh Branch led scale foliage 0434.
14:57:44 | INFO: Draco encoder: Encoding mesh Branch led scale foliage 0435.
14:57:44 | INFO: Draco encoder: Encoding mesh Branch led scale foliage 0436.
14:57:44 | INFO: Draco encoder: Encoding mesh Branch led scale foliage 0437.
14:57:44 | INFO: Draco encoder: Encoding mesh Branch led scale foliage 0438.
14:57:44 | INFO: Draco encoder: Encoding mesh Branch led scale foliage 0439.
14:57:44 | INFO: Draco encoder: Encoding mesh Branch led scale foliage 0440.
14:57:44 | INFO: Draco encoder: Encoding mesh Branch led scale foliage 0441.
14:57:44 | INFO: Draco encoder: Encoding mesh Branch led scale foliage 0442.
14:57:44 | INFO: Draco encoder: Encoding mesh Branch led scale foliage 0443.
14:57:44 | INFO: Draco encoder: Encoding mesh Branch led scale foliage 0444.
14:57:44 | INFO: Draco encoder: Encoding mesh Branch led scale foliage 0445.
14:57:44 | INFO: Draco encoder: Encoding mesh Branch led scale foliage 0446.
14:57:44 | INFO: Draco encoder: Encoding mesh Branch led scale foliage 0447.
14:57:44 | INFO: Draco encoder: Encoding mesh Branch led scale foliage 0448.
14:57:44 | INFO: Draco encoder: Encoding mesh Branch led scale foliage 0449.
14:57:44 | INFO: Draco encoder: Encoding mesh Branch led scale foliage 0450.
14:57:44 | INFO: Draco encoder: Encoding mesh Branch led scale foliage 0451.
14:57:44 | INFO: Draco encoder: Encoding mesh Branch led scale foliage 0452.
14:57:44 | INFO: Draco encoder: Encoding mesh Branch led scale foliage 0453.
14:57:44 | INFO: Draco encoder: Encoding mesh Branch led scale foliage 0454.
14:57:44 | INFO: Draco encoder: Encoding mesh Branch led scale foliage 0455.
14:57:44 | INFO: Draco encoder: Encoding mesh Branch led scale foliage 0456.
14:57:44 | INFO: Draco encoder: Encoding mesh Branch led scale foliage 0457.
14:57:44 | INFO: Draco encoder: Encoding mesh Branch led scale foliage 0458.
14:57:44 | INFO: Draco encoder: Encoding mesh Branch led scale foliage 0459.
14:57:44 | INFO: Draco encoder: Encoding mesh Branch led scale foliage 0460.
14:57:44 | INFO: Draco encoder: Encoding mesh Branch led scale foliage 0461.
14:57:44 | INFO: Draco encoder: Encoding mesh Branch led scale foliage 0462.
14:57:44 | INFO: Draco encoder: Encoding mesh Branch led scale foliage 0463.
14:57:44 | INFO: Draco encoder: Encoding mesh Branch led scale foliage 0464.
14:57:44 | INFO: Draco encoder: Encoding mesh Branch led scale foliage 0465.
14:57:44 | INFO: Draco encoder: Encoding mesh Branch led scale foliage 0466.
14:57:44 | INFO: Draco encoder: Encoding mesh Branch led scale foliage 0467.
14:57:44 | INFO: Draco encoder: Encoding mesh Branch led scale foliage 0468.
14:57:44 | INFO: Draco encoder: Encoding mesh Branch led scale foliage 0469.
14:57:44 | INFO: Draco encoder: Encoding mesh Branch led scale foliage 0470.
14:57:44 | INFO: Draco encoder: Encoding mesh Branch led scale foliage 0471.
14:57:44 | INFO: Draco encoder: Encoding mesh Branch led scale foliage 0472.
14:57:44 | INFO: Draco encoder: Encoding mesh Branch led scale foliage 0473.
14:57:44 | INFO: Draco encoder: Encoding mesh Branch led scale foliage 0474.
14:57:44 | INFO: Draco encoder: Encoding mesh Branch led scale foliage 0475.
14:57:44 | INFO: Draco encoder: Encoding mesh Branch led scale foliage 0476.
14:57:44 | INFO: Draco encoder: Encoding mesh Branch led scale foliage 0477.
14:57:44 | INFO: Draco encoder: Encoding mesh Branch led scale foliage 0478.
14:57:44 | INFO: Draco encoder: Encoding mesh Branch led scale foliage 0479.
14:57:44 | INFO: Draco encoder: Encoding mesh Branch led scale foliage 0480.
14:57:44 | INFO: Draco encoder: Encoding mesh Branch led scale foliage 0481.
14:57:44 | INFO: Draco encoder: Encoding mesh Branch led scale foliage 0482.
14:57:44 | INFO: Draco encoder: Encoding mesh Branch led scale foliage 0483.
14:57:44 | INFO: Draco encoder: Encoding mesh Branch led scale foliage 0484.
14:57:44 | INFO: Draco encoder: Encoding mesh Branch led scale foliage 0485.
14:57:44 | INFO: Draco encoder: Encoding mesh Branch led scale foliage 0486.
14:57:44 | INFO: Draco encoder: Encoding mesh Branch led scale foliage 0487.
14:57:44 | INFO: Draco encoder: Encoding mesh Branch led scale foliage 0488.
14:57:44 | INFO: Draco encoder: Encoding mesh Branch led scale foliage 0489.
14:57:44 | INFO: Draco encoder: Encoding mesh Branch led scale foliage 0490.
14:57:44 | INFO: Draco encoder: Encoding mesh Branch led scale foliage 0491.
14:57:44 | INFO: Draco encoder: Encoding mesh Branch led scale foliage 0492.
14:57:44 | INFO: Draco encoder: Encoding mesh Branch led scale foliage 0493.
14:57:44 | INFO: Draco encoder: Encoding mesh Branch led scale foliage 0494.
14:57:44 | INFO: Draco encoder: Encoding mesh Branch led scale foliage 0495.
14:57:44 | INFO: Draco encoder: Encoding mesh Branch led scale foliage 0496.
14:57:44 | INFO: Draco encoder: Encoding mesh Branch led scale foliage 0497.
14:57:44 | INFO: Draco encoder: Encoding mesh Branch led scale foliage 0498.
14:57:44 | INFO: Draco encoder: Encoding mesh Branch led scale foliage 0499.
14:57:44 | INFO: Draco encoder: Encoding mesh Branch led scale foliage 0500.
14:57:44 | INFO: Draco encoder: Encoding mesh Branch led scale foliage 0501.
14:57:44 | INFO: Draco encoder: Encoding mesh Branch led scale foliage 0502.
14:57:44 | INFO: Draco encoder: Encoding mesh Branch led scale foliage 0503.
14:57:44 | INFO: Draco encoder: Encoding mesh Branch led scale foliage 0504.
14:57:44 | INFO: Draco encoder: Encoding mesh Branch led scale foliage 0505.
14:57:44 | INFO: Draco encoder: Encoding mesh Branch led scale foliage 0506.
14:57:44 | INFO: Draco encoder: Encoding mesh Branch led scale foliage 0507.
14:57:44 | INFO: Draco encoder: Encoding mesh Branch led scale foliage 0508.
14:57:44 | INFO: Draco encoder: Encoding mesh Branch led scale foliage 0509.
14:57:44 | INFO: Draco encoder: Encoding mesh Branch led scale foliage 0510.
14:57:44 | INFO: Draco encoder: Encoding mesh Branch led scale foliage 0511.
14:57:44 | INFO: Draco encoder: Encoding mesh Branch led scale foliage 0512.
14:57:44 | INFO: Draco encoder: Encoding mesh Branch led scale foliage 0513.
14:57:44 | INFO: Draco encoder: Encoding mesh Branch led scale foliage 0514.
14:57:44 | INFO: Draco encoder: Encoding mesh Branch led scale foliage 0515.
14:57:44 | INFO: Draco encoder: Encoding mesh Branch led scale foliage 0516.
14:57:44 | INFO: Draco encoder: Encoding mesh Branch led scale foliage 0517.
14:57:44 | INFO: Draco encoder: Encoding mesh Branch led scale foliage 0518.
14:57:44 | INFO: Draco encoder: Encoding mesh Branch led scale foliage 0519.
14:57:44 | INFO: Draco encoder: Encoding mesh Branch led scale foliage 0520.
14:57:44 | INFO: Draco encoder: Encoding mesh Branch led scale foliage 0521.
14:57:44 | INFO: Draco encoder: Encoding mesh Branch led scale foliage 0522.
14:57:44 | INFO: Draco encoder: Encoding mesh Branch led scale foliage 0523.
14:57:44 | INFO: Draco encoder: Encoding mesh Branch led scale foliage 0524.
14:57:44 | INFO: Draco encoder: Encoding mesh Branch led scale foliage 0525.
14:57:44 | INFO: Draco encoder: Encoding mesh Branch led scale foliage 0526.
14:57:44 | INFO: Draco encoder: Encoding mesh Branch led scale foliage 0527.
14:57:44 | INFO: Draco encoder: Encoding mesh Branch led scale foliage 0528.
14:57:44 | INFO: Draco encoder: Encoding mesh Branch led scale foliage 0529.
14:57:44 | INFO: Draco encoder: Encoding mesh Branch led scale foliage 0530.
14:57:44 | INFO: Draco encoder: Encoding mesh Branch led scale foliage 0531.
14:57:44 | INFO: Draco encoder: Encoding mesh Branch led scale foliage 0532.
14:57:44 | INFO: Draco encoder: Encoding mesh Branch led scale foliage 0533.
14:57:44 | INFO: Draco encoder: Encoding mesh Branch led scale foliage 0534.
14:57:44 | INFO: Draco encoder: Encoding mesh Branch led scale foliage 0535.
14:57:44 | INFO: Draco encoder: Encoding mesh Branch led scale foliage 0536.
14:57:44 | INFO: Draco encoder: Encoding mesh Branch led scale foliage 0537.
14:57:44 | INFO: Draco encoder: Encoding mesh Branch led scale foliage 0538.
14:57:44 | INFO: Draco encoder: Encoding mesh Branch led scale foliage 0539.
14:57:44 | INFO: Draco encoder: Encoding mesh Branch led scale foliage 0540.
14:57:44 | INFO: Draco encoder: Encoding mesh Branch led scale foliage 0541.
14:57:44 | INFO: Draco encoder: Encoding mesh Branch led scale foliage 0542.
14:57:44 | INFO: Draco encoder: Encoding mesh Branch led scale foliage 0543.
14:57:44 | INFO: Draco encoder: Encoding mesh Branch led scale foliage 0544.
14:57:44 | INFO: Draco encoder: Encoding mesh Branch led scale foliage 0545.
14:57:44 | INFO: Draco encoder: Encoding mesh Branch led scale foliage 0546.
14:57:44 | INFO: Draco encoder: Encoding mesh Branch led scale foliage 0547.
14:57:44 | INFO: Draco encoder: Encoding mesh Branch led scale foliage 0548.
14:57:44 | INFO: Draco encoder: Encoding mesh Branch led scale foliage 0549.
14:57:44 | INFO: Draco encoder: Encoding mesh Branch led scale foliage 0550.
14:57:44 | INFO: Draco encoder: Encoding mesh Branch led scale foliage 0551.
14:57:44 | INFO: Draco encoder: Encoding mesh Branch led scale foliage 0552.
14:57:44 | INFO: Draco encoder: Encoding mesh Branch led scale foliage 0553.
14:57:44 | INFO: Draco encoder: Encoding mesh Branch led scale foliage 0554.
14:57:44 | INFO: Draco encoder: Encoding mesh Branch led scale foliage 0555.
14:57:44 | INFO: Draco encoder: Encoding mesh Branch led scale foliage 0556.
14:57:44 | INFO: Draco encoder: Encoding mesh Branch led scale foliage 0557.
14:57:44 | INFO: Draco encoder: Encoding mesh Branch led scale foliage 0558.
14:57:44 | INFO: Draco encoder: Encoding mesh Branch led scale foliage 0559.
14:57:44 | INFO: Draco encoder: Encoding mesh Branch led scale foliage 0560.
14:57:44 | INFO: Draco encoder: Encoding mesh Branch led scale foliage 0561.
14:57:44 | INFO: Draco encoder: Encoding mesh Branch led scale foliage 0562.
14:57:44 | INFO: Draco encoder: Encoding mesh Branch led scale foliage 0563.
14:57:44 | INFO: Draco encoder: Encoding mesh Branch led scale foliage 0564.
14:57:44 | INFO: Draco encoder: Encoding mesh Branch led scale foliage 0565.
14:57:44 | INFO: Draco encoder: Encoding mesh Branch led scale foliage 0566.
14:57:44 | INFO: Draco encoder: Encoding mesh Branch led scale foliage 0567.
14:57:44 | INFO: Draco encoder: Encoding mesh Branch led scale foliage 0568.
14:57:44 | INFO: Draco encoder: Encoding mesh Branch led scale foliage 0569.
14:57:44 | INFO: Draco encoder: Encoding mesh Branch led scale foliage 0570.
14:57:44 | INFO: Draco encoder: Encoding mesh Branch led scale foliage 0571.
14:57:44 | INFO: Draco encoder: Encoding mesh Branch led scale foliage 0572.
14:57:44 | INFO: Draco encoder: Encoding mesh Branch led scale foliage 0573.
14:57:44 | INFO: Draco encoder: Encoding mesh Branch led scale foliage 0574.
14:57:44 | INFO: Draco encoder: Encoding mesh Branch led scale foliage 0575.
14:57:44 | INFO: Draco encoder: Encoding mesh Branch led scale foliage 0576.
14:57:44 | INFO: Draco encoder: Encoding mesh Branch led scale foliage 0577.
14:57:44 | INFO: Draco encoder: Encoding mesh Branch led scale foliage 0578.
14:57:44 | INFO: Draco encoder: Encoding mesh Branch led scale foliage 0579.
14:57:44 | INFO: Draco encoder: Encoding mesh Branch led scale foliage 0580.
14:57:44 | INFO: Draco encoder: Encoding mesh Branch led scale foliage 0581.
14:57:44 | INFO: Draco encoder: Encoding mesh Branch led scale foliage 0582.
14:57:44 | INFO: Draco encoder: Encoding mesh Branch led scale foliage 0583.
14:57:44 | INFO: Draco encoder: Encoding mesh Branch led scale foliage 0584.
14:57:44 | INFO: Draco encoder: Encoding mesh Branch led scale foliage 0585.
14:57:44 | INFO: Draco encoder: Encoding mesh Branch led scale foliage 0586.
14:57:44 | INFO: Draco encoder: Encoding mesh Branch led scale foliage 0587.
14:57:44 | INFO: Draco encoder: Encoding mesh Branch led scale foliage 0588.
14:57:44 | INFO: Draco encoder: Encoding mesh Branch led scale foliage 0589.
14:57:44 | INFO: Draco encoder: Encoding mesh Branch led scale foliage 0590.
14:57:44 | INFO: Draco encoder: Encoding mesh Branch led scale foliage 0591.
14:57:44 | INFO: Draco encoder: Encoding mesh Branch led scale foliage 0592.
14:57:44 | INFO: Draco encoder: Encoding mesh Branch led scale foliage 0593.
14:57:44 | INFO: Draco encoder: Encoding mesh Branch led scale foliage 0594.
14:57:44 | INFO: Draco encoder: Encoding mesh Branch led scale foliage 0595.
14:57:44 | INFO: Draco encoder: Encoding mesh Branch led scale foliage 0596.
14:57:44 | INFO: Draco encoder: Encoding mesh Branch led scale foliage 0597.
14:57:44 | INFO: Draco encoder: Encoding mesh Branch led scale foliage 0598.
14:57:44 | INFO: Draco encoder: Encoding mesh Branch led scale foliage 0599.
14:57:44 | INFO: Draco encoder: Encoding mesh Branch led scale foliage 0600.
14:57:44 | INFO: Draco encoder: Encoding mesh Branch led scale foliage 0601.
14:57:44 | INFO: Draco encoder: Encoding mesh Branch led scale foliage 0602.
14:57:44 | INFO: Draco encoder: Encoding mesh Branch led scale foliage 0603.
14:57:44 | INFO: Draco encoder: Encoding mesh Branch led scale foliage 0604.
14:57:44 | INFO: Draco encoder: Encoding mesh Branch led scale foliage 0605.
14:57:44 | INFO: Draco encoder: Encoding mesh Branch led scale foliage 0606.
14:57:44 | INFO: Draco encoder: Encoding mesh Branch led scale foliage 0607.
14:57:44 | INFO: Draco encoder: Encoding mesh Branch led scale foliage 0608.
14:57:44 | INFO: Draco encoder: Encoding mesh Branch led scale foliage 0609.
14:57:44 | INFO: Draco encoder: Encoding mesh Branch led scale foliage 0610.
14:57:44 | INFO: Draco encoder: Encoding mesh Branch led scale foliage 0611.
14:57:44 | INFO: Draco encoder: Encoding mesh Branch led scale foliage 0612.
14:57:44 | INFO: Draco encoder: Encoding mesh Branch led scale foliage 0613.
14:57:44 | INFO: Draco encoder: Encoding mesh Branch led scale foliage 0614.
14:57:44 | INFO: Draco encoder: Encoding mesh Branch led scale foliage 0615.
14:57:44 | INFO: Draco encoder: Encoding mesh Branch led scale foliage 0616.
14:57:44 | INFO: Draco encoder: Encoding mesh Branch led scale foliage 0617.
14:57:44 | INFO: Draco encoder: Encoding mesh Branch led scale foliage 0618.
14:57:44 | INFO: Draco encoder: Encoding mesh Branch led scale foliage 0619.
14:57:44 | INFO: Draco encoder: Encoding mesh Branch led scale foliage 0620.
14:57:44 | INFO: Draco encoder: Encoding mesh Branch led scale foliage 0621.
14:57:44 | INFO: Draco encoder: Encoding mesh Branch led scale foliage 0622.
14:57:44 | INFO: Draco encoder: Encoding mesh Branch led scale foliage 0623.
14:57:44 | INFO: Draco encoder: Encoding mesh Branch led scale foliage 0624.
14:57:44 | INFO: Draco encoder: Encoding mesh Branch led scale foliage 0625.
14:57:44 | INFO: Draco encoder: Encoding mesh Branch led scale foliage 0626.
14:57:44 | INFO: Draco encoder: Encoding mesh Branch led scale foliage 0627.
14:57:44 | INFO: Draco encoder: Encoding mesh Branch led scale foliage 0628.
14:57:44 | INFO: Draco encoder: Encoding mesh Branch led scale foliage 0629.
14:57:44 | INFO: Draco encoder: Encoding mesh Branch led scale foliage 0630.
14:57:44 | INFO: Draco encoder: Encoding mesh Branch led scale foliage 0631.
14:57:44 | INFO: Draco encoder: Encoding mesh Branch led scale foliage 0632.
14:57:44 | INFO: Draco encoder: Encoding mesh Branch led scale foliage 0633.
14:57:44 | INFO: Draco encoder: Encoding mesh Branch led scale foliage 0634.
14:57:44 | INFO: Draco encoder: Encoding mesh Branch led scale foliage 0635.
14:57:44 | INFO: Draco encoder: Encoding mesh Branch led scale foliage 0636.
14:57:44 | INFO: Draco encoder: Encoding mesh Branch led scale foliage 0637.
14:57:44 | INFO: Draco encoder: Encoding mesh Branch led scale foliage 0638.
14:57:44 | INFO: Draco encoder: Encoding mesh Branch led scale foliage 0639.
14:57:44 | INFO: Draco encoder: Encoding mesh Branch led scale foliage 0640.
14:57:44 | INFO: Draco encoder: Encoding mesh Branch led scale foliage 0641.
14:57:44 | INFO: Draco encoder: Encoding mesh Branch led scale foliage 0642.
14:57:44 | INFO: Draco encoder: Encoding mesh Branch led scale foliage 0643.
14:57:44 | INFO: Draco encoder: Encoding mesh Branch led scale foliage 0644.
14:57:44 | INFO: Draco encoder: Encoding mesh Branch led scale foliage 0645.
14:57:44 | INFO: Draco encoder: Encoding mesh Branch led scale foliage 0646.
14:57:44 | INFO: Draco encoder: Encoding mesh Branch led scale foliage 0647.
14:57:44 | INFO: Draco encoder: Encoding mesh Branch led scale foliage 0648.
14:57:44 | INFO: Draco encoder: Encoding mesh Branch led scale foliage 0649.
14:57:44 | INFO: Draco encoder: Encoding mesh Branch led scale foliage 0650.
14:57:44 | INFO: Draco encoder: Encoding mesh Branch led scale foliage 0651.
14:57:44 | INFO: Draco encoder: Encoding mesh Branch led scale foliage 0652.
14:57:44 | INFO: Draco encoder: Encoding mesh Branch led scale foliage 0653.
14:57:44 | INFO: Draco encoder: Encoding mesh Branch led scale foliage 0654.
14:57:44 | INFO: Draco encoder: Encoding mesh Branch led scale foliage 0655.
14:57:44 | INFO: Draco encoder: Encoding mesh Branch led scale foliage 0656.
14:57:44 | INFO: Draco encoder: Encoding mesh Branch led scale foliage 0657.
14:57:44 | INFO: Draco encoder: Encoding mesh Branch led scale foliage 0658.
14:57:44 | INFO: Draco encoder: Encoding mesh Branch led scale foliage 0659.
14:57:44 | INFO: Draco encoder: Encoding mesh Branch led scale foliage 0660.
14:57:44 | INFO: Draco encoder: Encoding mesh Branch led scale foliage 0661.
14:57:44 | INFO: Draco encoder: Encoding mesh Branch led scale foliage 0662.
14:57:44 | INFO: Draco encoder: Encoding mesh Branch led scale foliage 0663.
14:57:44 | INFO: Draco encoder: Encoding mesh Branch led scale foliage 0664.
14:57:44 | INFO: Draco encoder: Encoding mesh Branch led scale foliage 0665.
14:57:44 | INFO: Draco encoder: Encoding mesh Branch led scale foliage 0666.
14:57:44 | INFO: Draco encoder: Encoding mesh Branch led scale foliage 0667.
14:57:44 | INFO: Draco encoder: Encoding mesh Branch led scale foliage 0668.
14:57:44 | INFO: Draco encoder: Encoding mesh Branch led scale foliage 0669.
14:57:44 | INFO: Draco encoder: Encoding mesh Branch led scale foliage 0670.
14:57:44 | INFO: Draco encoder: Encoding mesh Branch led scale foliage 0671.
14:57:44 | INFO: Draco encoder: Encoding mesh Branch led scale foliage 0672.
14:57:44 | INFO: Draco encoder: Encoding mesh Branch led scale foliage 0673.
14:57:44 | INFO: Draco encoder: Encoding mesh Branch led scale foliage 0674.
14:57:44 | INFO: Draco encoder: Encoding mesh Branch led scale foliage 0675.
14:57:44 | INFO: Draco encoder: Encoding mesh Branch led scale foliage 0676.
14:57:44 | INFO: Draco encoder: Encoding mesh Branch led scale foliage 0677.
14:57:44 | INFO: Draco encoder: Encoding mesh Branch led scale foliage 0678.
14:57:44 | INFO: Draco encoder: Encoding mesh Branch led scale foliage 0679.
14:57:44 | INFO: Draco encoder: Encoding mesh Branch led scale foliage 0680.
14:57:44 | INFO: Draco encoder: Encoding mesh Branch led scale foliage 0681.
14:57:44 | INFO: Draco encoder: Encoding mesh Branch led scale foliage 0682.
14:57:44 | INFO: Draco encoder: Encoding mesh Branch led scale foliage 0683.
14:57:44 | INFO: Draco encoder: Encoding mesh Branch led scale foliage 0684.
14:57:44 | INFO: Draco encoder: Encoding mesh Branch led scale foliage 0685.
14:57:44 | INFO: Draco encoder: Encoding mesh Branch led scale foliage 0686.
14:57:44 | INFO: Draco encoder: Encoding mesh Branch led scale foliage 0687.
14:57:44 | INFO: Draco encoder: Encoding mesh Branch led scale foliage 0688.
14:57:44 | INFO: Draco encoder: Encoding mesh Branch led scale foliage 0689.
14:57:44 | INFO: Draco encoder: Encoding mesh Branch led scale foliage 0690.
14:57:44 | INFO: Draco encoder: Encoding mesh Branch led scale foliage 0691.
14:57:44 | INFO: Draco encoder: Encoding mesh Branch led scale foliage 0692.
14:57:44 | INFO: Draco encoder: Encoding mesh Branch led scale foliage 0693.
14:57:44 | INFO: Draco encoder: Encoding mesh Branch led scale foliage 0694.
14:57:44 | INFO: Draco encoder: Encoding mesh Branch led scale foliage 0695.
14:57:44 | INFO: Draco encoder: Encoding mesh Branch led scale foliage 0696.
14:57:44 | INFO: Draco encoder: Encoding mesh Branch led scale foliage 0697.
14:57:44 | INFO: Draco encoder: Encoding mesh Branch led scale foliage 0698.
14:57:44 | INFO: Draco encoder: Encoding mesh Branch led scale foliage 0699.
14:57:44 | INFO: Draco encoder: Encoding mesh Branch led scale foliage 0700.
14:57:44 | INFO: Draco encoder: Encoding mesh Branch led scale foliage 0701.
14:57:44 | INFO: Draco encoder: Encoding mesh Branch led scale foliage 0702.
14:57:44 | INFO: Draco encoder: Encoding mesh Branch led scale foliage 0703.
14:57:44 | INFO: Draco encoder: Encoding mesh Branch led scale foliage 0704.
14:57:44 | INFO: Draco encoder: Encoding mesh Branch led scale foliage 0705.
14:57:44 | INFO: Draco encoder: Encoding mesh Branch led scale foliage 0706.
14:57:44 | INFO: Draco encoder: Encoding mesh Branch led scale foliage 0707.
14:57:44 | INFO: Draco encoder: Encoding mesh Branch led scale foliage 0708.
14:57:44 | INFO: Draco encoder: Encoding mesh Branch led scale foliage 0709.
14:57:44 | INFO: Draco encoder: Encoding mesh Branch led scale foliage 0710.
14:57:44 | INFO: Draco encoder: Encoding mesh Branch led scale foliage 0711.
14:57:44 | INFO: Draco encoder: Encoding mesh Branch led scale foliage 0712.
14:57:44 | INFO: Draco encoder: Encoding mesh Branch led scale foliage 0713.
14:57:44 | INFO: Draco encoder: Encoding mesh Branch led scale foliage 0714.
14:57:44 | INFO: Draco encoder: Encoding mesh Branch led scale foliage 0715.
14:57:44 | INFO: Draco encoder: Encoding mesh Branch led scale foliage 0716.
14:57:44 | INFO: Draco encoder: Encoding mesh Branch led scale foliage 0717.
14:57:44 | INFO: Draco encoder: Encoding mesh Branch led scale foliage 0718.
14:57:44 | INFO: Draco encoder: Encoding mesh Branch led scale foliage 0719.
14:57:44 | INFO: Draco encoder: Encoding mesh Branch led scale foliage 0720.
14:57:44 | INFO: Draco encoder: Encoding mesh Branch led scale foliage 0721.
14:57:44 | INFO: Draco encoder: Encoding mesh Branch led scale foliage 0722.
14:57:44 | INFO: Draco encoder: Encoding mesh Branch led scale foliage 0723.
14:57:44 | INFO: Draco encoder: Encoding mesh Branch led scale foliage 0724.
14:57:44 | INFO: Draco encoder: Encoding mesh Branch led scale foliage 0725.
14:57:44 | INFO: Draco encoder: Encoding mesh Branch led scale foliage 0726.
14:57:44 | INFO: Draco encoder: Encoding mesh Branch led scale foliage 0727.
14:57:44 | INFO: Draco encoder: Encoding mesh Branch led scale foliage 0728.
14:57:44 | INFO: Draco encoder: Encoding mesh Branch led scale foliage 0729.
14:57:44 | INFO: Draco encoder: Encoding mesh Branch led scale foliage 0730.
14:57:44 | INFO: Draco encoder: Encoding mesh Branch led scale foliage 0731.
14:57:44 | INFO: Draco encoder: Encoding mesh Branch led scale foliage 0732.
14:57:44 | INFO: Draco encoder: Encoding mesh Branch led scale foliage 0733.
14:57:44 | INFO: Draco encoder: Encoding mesh Branch led scale foliage 0734.
14:57:44 | INFO: Draco encoder: Encoding mesh Branch led scale foliage 0735.
14:57:44 | INFO: Draco encoder: Encoding mesh Branch led scale foliage 0736.
14:57:44 | INFO: Draco encoder: Encoding mesh Branch led scale foliage 0737.
14:57:44 | INFO: Draco encoder: Encoding mesh Branch led scale foliage 0738.
14:57:44 | INFO: Draco encoder: Encoding mesh Branch led scale foliage 0739.
14:57:44 | INFO: Draco encoder: Encoding mesh Branch led scale foliage 0740.
14:57:44 | INFO: Draco encoder: Encoding mesh Branch led scale foliage 0741.
14:57:44 | INFO: Draco encoder: Encoding mesh Branch led scale foliage 0742.
14:57:44 | INFO: Draco encoder: Encoding mesh Branch led scale foliage 0743.
14:57:44 | INFO: Draco encoder: Encoding mesh Branch led scale foliage 0744.
14:57:44 | INFO: Draco encoder: Encoding mesh Branch led scale foliage 0745.
14:57:44 | INFO: Draco encoder: Encoding mesh Branch led scale foliage 0746.
14:57:44 | INFO: Draco encoder: Encoding mesh Branch led scale foliage 0747.
14:57:44 | INFO: Draco encoder: Encoding mesh Branch led scale foliage 0748.
14:57:44 | INFO: Draco encoder: Encoding mesh Branch led scale foliage 0749.
14:57:44 | INFO: Draco encoder: Encoding mesh Branch led scale foliage 0750.
14:57:44 | INFO: Draco encoder: Encoding mesh Branch led scale foliage 0751.
14:57:44 | INFO: Draco encoder: Encoding mesh Branch led scale foliage 0752.
14:57:44 | INFO: Draco encoder: Encoding mesh Branch led scale foliage 0753.
14:57:44 | INFO: Draco encoder: Encoding mesh Branch led scale foliage 0754.
14:57:44 | INFO: Draco encoder: Encoding mesh Branch led scale foliage 0755.
14:57:44 | INFO: Draco encoder: Encoding mesh Branch led scale foliage 0756.
14:57:44 | INFO: Draco encoder: Encoding mesh Branch led scale foliage 0757.
14:57:44 | INFO: Draco encoder: Encoding mesh Branch led scale foliage 0758.
14:57:44 | INFO: Draco encoder: Encoding mesh Branch led scale foliage 0759.
14:57:44 | INFO: Draco encoder: Encoding mesh Branch led scale foliage 0760.
14:57:44 | INFO: Draco encoder: Encoding mesh Branch led scale foliage 0761.
14:57:44 | INFO: Draco encoder: Encoding mesh Branch led scale foliage 0762.
14:57:44 | INFO: Draco encoder: Encoding mesh Branch led scale foliage 0763.
14:57:44 | INFO: Draco encoder: Encoding mesh Branch led scale foliage 0764.
14:57:44 | INFO: Draco encoder: Encoding mesh Branch led scale foliage 0765.
14:57:44 | INFO: Draco encoder: Encoding mesh Branch led scale foliage 0766.
14:57:44 | INFO: Draco encoder: Encoding mesh Branch led scale foliage 0767.
14:57:44 | INFO: Draco encoder: Encoding mesh Branch led scale foliage 0768.
14:57:44 | INFO: Draco encoder: Encoding mesh Branch led scale foliage 0769.
14:57:44 | INFO: Draco encoder: Encoding mesh Branch led scale foliage 0770.
14:57:44 | INFO: Draco encoder: Encoding mesh Branch led scale foliage 0771.
14:57:44 | INFO: Draco encoder: Encoding mesh Branch led scale foliage 0772.
14:57:44 | INFO: Draco encoder: Encoding mesh Branch led scale foliage 0773.
14:57:44 | INFO: Draco encoder: Encoding mesh Branch led scale foliage 0774.
14:57:44 | INFO: Draco encoder: Encoding mesh Branch led scale foliage 0775.
14:57:44 | INFO: Draco encoder: Encoding mesh Branch led scale foliage 0776.
14:57:44 | INFO: Draco encoder: Encoding mesh Branch led scale foliage 0777.
14:57:44 | INFO: Draco encoder: Encoding mesh Branch led scale foliage 0778.
14:57:44 | INFO: Draco encoder: Encoding mesh Branch led scale foliage 0779.
14:57:44 | INFO: Draco encoder: Encoding mesh Branch led scale foliage 0780.
14:57:44 | INFO: Draco encoder: Encoding mesh Branch led scale foliage 0781.
14:57:44 | INFO: Draco encoder: Encoding mesh Branch led scale foliage 0782.
14:57:44 | INFO: Draco encoder: Encoding mesh Branch led scale foliage 0783.
14:57:44 | INFO: Draco encoder: Encoding mesh Branch led scale foliage 0784.
14:57:44 | INFO: Draco encoder: Encoding mesh Branch led scale foliage 0785.
14:57:44 | INFO: Draco encoder: Encoding mesh Branch led scale foliage 0786.
14:57:44 | INFO: Draco encoder: Encoding mesh Branch led scale foliage 0787.
14:57:44 | INFO: Draco encoder: Encoding mesh Branch led scale foliage 0788.
14:57:44 | INFO: Draco encoder: Encoding mesh Branch led scale foliage 0789.
14:57:44 | INFO: Draco encoder: Encoding mesh Branch led scale foliage 0790.
14:57:44 | INFO: Draco encoder: Encoding mesh Branch led scale foliage 0791.
14:57:44 | INFO: Draco encoder: Encoding mesh Branch led scale foliage 0792.
14:57:44 | INFO: Draco encoder: Encoding mesh Branch led scale foliage 0793.
14:57:44 | INFO: Draco encoder: Encoding mesh Branch led scale foliage 0794.
14:57:44 | INFO: Draco encoder: Encoding mesh Branch led scale foliage 0795.
14:57:44 | INFO: Draco encoder: Encoding mesh Branch led scale foliage 0796.
14:57:44 | INFO: Draco encoder: Encoding mesh Branch led scale foliage 0797.
14:57:44 | INFO: Draco encoder: Encoding mesh Branch led scale foliage 0798.
14:57:44 | INFO: Draco encoder: Encoding mesh Branch led scale foliage 0799.
14:57:44 | INFO: Draco encoder: Encoding mesh Branch led scale foliage 0800.
14:57:44 | INFO: Draco encoder: Encoding mesh Branch led scale foliage 0801.
14:57:44 | INFO: Draco encoder: Encoding mesh Branch led scale foliage 0802.
14:57:44 | INFO: Draco encoder: Encoding mesh Branch led scale foliage 0803.
14:57:44 | INFO: Draco encoder: Encoding mesh Branch led scale foliage 0804.
14:57:44 | INFO: Draco encoder: Encoding mesh Branch led scale foliage 0805.
14:57:44 | INFO: Draco encoder: Encoding mesh Branch led scale foliage 0806.
14:57:44 | INFO: Draco encoder: Encoding mesh Branch led scale foliage 0807.
14:57:44 | INFO: Draco encoder: Encoding mesh Branch led scale foliage 0808.
14:57:44 | INFO: Draco encoder: Encoding mesh Branch led scale foliage 0809.
14:57:44 | INFO: Draco encoder: Encoding mesh Branch led scale foliage 0810.
14:57:44 | INFO: Draco encoder: Encoding mesh Branch led scale foliage 0811.
14:57:44 | INFO: Draco encoder: Encoding mesh Branch led scale foliage 0812.
14:57:44 | INFO: Draco encoder: Encoding mesh Branch led scale foliage 0813.
14:57:44 | INFO: Draco encoder: Encoding mesh Branch led scale foliage 0814.
14:57:44 | INFO: Draco encoder: Encoding mesh Branch led scale foliage 0815.
14:57:44 | INFO: Draco encoder: Encoding mesh Branch led scale foliage 0816.
14:57:44 | INFO: Draco encoder: Encoding mesh Branch led scale foliage 0817.
14:57:44 | INFO: Draco encoder: Encoding mesh Branch led scale foliage 0818.
14:57:44 | INFO: Draco encoder: Encoding mesh Branch led scale foliage 0819.
14:57:44 | INFO: Draco encoder: Encoding mesh Branch led scale foliage 0820.
14:57:44 | INFO: Draco encoder: Encoding mesh Branch led scale foliage 0821.
14:57:44 | INFO: Draco encoder: Encoding mesh Branch led scale foliage 0822.
14:57:44 | INFO: Draco encoder: Encoding mesh Branch led scale foliage 0823.
14:57:44 | INFO: Draco encoder: Encoding mesh Branch led scale foliage 0824.
14:57:44 | INFO: Draco encoder: Encoding mesh Branch led scale foliage 0825.
14:57:44 | INFO: Draco encoder: Encoding mesh Branch led scale foliage 0826.
14:57:44 | INFO: Draco encoder: Encoding mesh Branch led scale foliage 0827.
14:57:44 | INFO: Draco encoder: Encoding mesh Branch led scale foliage 0828.
14:57:44 | INFO: Draco encoder: Encoding mesh Branch led scale foliage 0829.
14:57:44 | INFO: Draco encoder: Encoding mesh Branch led scale foliage 0830.
14:57:44 | INFO: Draco encoder: Encoding mesh Branch led scale foliage 0831.
14:57:44 | INFO: Draco encoder: Encoding mesh Branch led scale foliage 0832.
14:57:44 | INFO: Draco encoder: Encoding mesh Branch led scale foliage 0833.
14:57:44 | INFO: Draco encoder: Encoding mesh Branch led scale foliage 0834.
14:57:44 | INFO: Draco encoder: Encoding mesh Branch led scale foliage 0835.
14:57:44 | INFO: Draco encoder: Encoding mesh Branch led scale foliage 0836.
14:57:44 | INFO: Draco encoder: Encoding mesh Branch led scale foliage 0837.
14:57:44 | INFO: Draco encoder: Encoding mesh Branch led scale foliage 0838.
14:57:44 | INFO: Draco encoder: Encoding mesh Branch led scale foliage 0839.
14:57:44 | INFO: Draco encoder: Encoding mesh Branch led scale foliage 0840.
14:57:44 | INFO: Draco encoder: Encoding mesh Branch led scale foliage 0841.
14:57:44 | INFO: Draco encoder: Encoding mesh Branch led scale foliage 0842.
14:57:44 | INFO: Draco encoder: Encoding mesh Branch led scale foliage 0843.
14:57:44 | INFO: Draco encoder: Encoding mesh Branch led scale foliage 0844.
14:57:44 | INFO: Draco encoder: Encoding mesh Branch led scale foliage 0845.
14:57:44 | INFO: Draco encoder: Encoding mesh Branch led scale foliage 0846.
14:57:44 | INFO: Draco encoder: Encoding mesh Branch led scale foliage 0847.
14:57:44 | INFO: Draco encoder: Encoding mesh Branch led scale foliage 0848.
14:57:44 | INFO: Draco encoder: Encoding mesh Branch led scale foliage 0849.
14:57:44 | INFO: Draco encoder: Encoding mesh Branch led scale foliage 0850.
14:57:44 | INFO: Draco encoder: Encoding mesh Branch led scale foliage 0851.
14:57:44 | INFO: Draco encoder: Encoding mesh Branch led scale foliage 0852.
14:57:44 | INFO: Draco encoder: Encoding mesh Branch led scale foliage 0853.
14:57:44 | INFO: Draco encoder: Encoding mesh Branch led scale foliage 0854.
14:57:44 | INFO: Draco encoder: Encoding mesh Branch led scale foliage 0855.
14:57:44 | INFO: Draco encoder: Encoding mesh Branch led scale foliage 0856.
14:57:44 | INFO: Draco encoder: Encoding mesh Branch led scale foliage 0857.
14:57:44 | INFO: Draco encoder: Encoding mesh Branch led scale foliage 0858.
14:57:44 | INFO: Draco encoder: Encoding mesh Branch led scale foliage 0859.
14:57:44 | INFO: Draco encoder: Encoding mesh Branch led scale foliage 0860.
14:57:44 | INFO: Draco encoder: Encoding mesh Branch led scale foliage 0861.
14:57:44 | INFO: Draco encoder: Encoding mesh Branch led scale foliage 0862.
14:57:44 | INFO: Draco encoder: Encoding mesh Branch led scale foliage 0863.
14:57:44 | INFO: Draco encoder: Encoding mesh Branch led scale foliage 0864.
14:57:44 | INFO: Draco encoder: Encoding mesh Branch led scale foliage 0865.
14:57:44 | INFO: Draco encoder: Encoding mesh Branch led scale foliage 0866.
14:57:44 | INFO: Draco encoder: Encoding mesh Branch led scale foliage 0867.
14:57:44 | INFO: Draco encoder: Encoding mesh Branch led scale foliage 0868.
14:57:44 | INFO: Draco encoder: Encoding mesh Branch led scale foliage 0869.
14:57:44 | INFO: Draco encoder: Encoding mesh Branch led scale foliage 0870.
14:57:44 | INFO: Draco encoder: Encoding mesh Branch led scale foliage 0871.
14:57:44 | INFO: Draco encoder: Encoding mesh Branch led scale foliage 0872.
14:57:44 | INFO: Draco encoder: Encoding mesh Branch led scale foliage 0873.
14:57:44 | INFO: Draco encoder: Encoding mesh Branch led scale foliage 0874.
14:57:44 | INFO: Draco encoder: Encoding mesh Branch led scale foliage 0875.
14:57:44 | INFO: Draco encoder: Encoding mesh Branch led scale foliage 0876.
14:57:44 | INFO: Draco encoder: Encoding mesh Branch led scale foliage 0877.
14:57:44 | INFO: Draco encoder: Encoding mesh Branch led scale foliage 0878.
14:57:44 | INFO: Draco encoder: Encoding mesh Branch led scale foliage 0879.
14:57:44 | INFO: Draco encoder: Encoding mesh Branch led scale foliage 0880.
14:57:44 | INFO: Draco encoder: Encoding mesh Branch led scale foliage 0881.
14:57:44 | INFO: Draco encoder: Encoding mesh Branch led scale foliage 0882.
14:57:44 | INFO: Draco encoder: Encoding mesh Branch led scale foliage 0883.
14:57:44 | INFO: Draco encoder: Encoding mesh Branch led scale foliage 0884.
14:57:44 | INFO: Draco encoder: Encoding mesh Branch led scale foliage 0885.
14:57:44 | INFO: Draco encoder: Encoding mesh Branch led scale foliage 0886.
14:57:44 | INFO: Draco encoder: Encoding mesh Branch led scale foliage 0887.
14:57:44 | INFO: Draco encoder: Encoding mesh Branch led scale foliage 0888.
14:57:44 | INFO: Draco encoder: Encoding mesh Branch led scale foliage 0889.
14:57:44 | INFO: Draco encoder: Encoding mesh Branch led scale foliage 0890.
14:57:44 | INFO: Draco encoder: Encoding mesh Branch led scale foliage 0891.
14:57:44 | INFO: Draco encoder: Encoding mesh Branch led scale foliage 0892.
14:57:44 | INFO: Draco encoder: Encoding mesh Branch led scale foliage 0893.
14:57:44 | INFO: Draco encoder: Encoding mesh Branch led scale foliage 0894.
14:57:44 | INFO: Draco encoder: Encoding mesh Branch led scale foliage 0895.
14:57:44 | INFO: Draco encoder: Encoding mesh Branch led scale foliage 0896.
14:57:44 | INFO: Draco encoder: Encoding mesh Branch led scale foliage 0897.
14:57:44 | INFO: Draco encoder: Encoding mesh Branch led scale foliage 0898.
14:57:44 | INFO: Draco encoder: Encoding mesh Branch led scale foliage 0899.
14:57:44 | INFO: Draco encoder: Encoding mesh Branch led scale foliage 0900.
14:57:44 | INFO: Draco encoder: Encoding mesh Branch led scale foliage 0901.
14:57:44 | INFO: Draco encoder: Encoding mesh Branch led scale foliage 0902.
14:57:44 | INFO: Draco encoder: Encoding mesh Branch led scale foliage 0903.
14:57:44 | INFO: Draco encoder: Encoding mesh Branch led scale foliage 0904.
14:57:44 | INFO: Draco encoder: Encoding mesh Branch led scale foliage 0905.
14:57:44 | INFO: Draco encoder: Encoding mesh Branch led scale foliage 0906.
14:57:44 | INFO: Draco encoder: Encoding mesh Branch led scale foliage 0907.
14:57:44 | INFO: Draco encoder: Encoding mesh Branch led scale foliage 0908.
14:57:44 | INFO: Draco encoder: Encoding mesh Branch led scale foliage 0909.
14:57:44 | INFO: Draco encoder: Encoding mesh Branch led scale foliage 0910.
14:57:44 | INFO: Draco encoder: Encoding mesh Branch led scale foliage 0911.
14:57:44 | INFO: Draco encoder: Encoding mesh Branch led scale foliage 0912.
14:57:44 | INFO: Draco encoder: Encoding mesh Branch led scale foliage 0913.
14:57:44 | INFO: Draco encoder: Encoding mesh Branch led scale foliage 0914.
14:57:44 | INFO: Draco encoder: Encoding mesh Branch led scale foliage 0915.
14:57:44 | INFO: Draco encoder: Encoding mesh Branch led scale foliage 0916.
14:57:44 | INFO: Draco encoder: Encoding mesh Branch led scale foliage 0917.
14:57:44 | INFO: Draco encoder: Encoding mesh Branch led scale foliage 0918.
14:57:44 | INFO: Draco encoder: Encoding mesh Branch led scale foliage 0919.
14:57:44 | INFO: Draco encoder: Encoding mesh Branch led scale foliage 0920.
14:57:44 | INFO: Draco encoder: Encoding mesh Branch led scale foliage 0921.
14:57:44 | INFO: Draco encoder: Encoding mesh Branch led scale foliage 0922.
14:57:44 | INFO: Draco encoder: Encoding mesh Branch led scale foliage 0923.
14:57:44 | INFO: Draco encoder: Encoding mesh Branch led scale foliage 0924.
14:57:44 | INFO: Draco encoder: Encoding mesh Branch led scale foliage 0925.
14:57:44 | INFO: Draco encoder: Encoding mesh Branch led scale foliage 0926.
14:57:44 | INFO: Draco encoder: Encoding mesh Branch led scale foliage 0927.
14:57:44 | INFO: Draco encoder: Encoding mesh Branch led scale foliage 0928.
14:57:44 | INFO: Draco encoder: Encoding mesh Branch led scale foliage 0929.
14:57:44 | INFO: Draco encoder: Encoding mesh Branch led scale foliage 0930.
14:57:44 | INFO: Draco encoder: Encoding mesh Branch led scale foliage 0931.
14:57:44 | INFO: Draco encoder: Encoding mesh Branch led scale foliage 0932.
14:57:44 | INFO: Draco encoder: Encoding mesh Branch led scale foliage 0933.
14:57:44 | INFO: Draco encoder: Encoding mesh Branch led scale foliage 0934.
14:57:44 | INFO: Draco encoder: Encoding mesh Branch led scale foliage 0935.
14:57:44 | INFO: Draco encoder: Encoding mesh Branch led scale foliage 0936.
14:57:44 | INFO: Draco encoder: Encoding mesh Branch led scale foliage 0937.
14:57:44 | INFO: Draco encoder: Encoding mesh Branch led scale foliage 0938.
14:57:44 | INFO: Draco encoder: Encoding mesh Branch led scale foliage 0939.
14:57:44 | INFO: Draco encoder: Encoding mesh Branch led scale foliage 0940.
14:57:44 | INFO: Draco encoder: Encoding mesh Branch led scale foliage 0941.
14:57:44 | INFO: Draco encoder: Encoding mesh Branch led scale foliage 0942.
14:57:44 | INFO: Draco encoder: Encoding mesh Branch led scale foliage 0943.
14:57:44 | INFO: Draco encoder: Encoding mesh Branch led scale foliage 0944.
14:57:44 | INFO: Draco encoder: Encoding mesh Branch led scale foliage 0945.
14:57:44 | INFO: Draco encoder: Encoding mesh Branch led scale foliage 0946.
14:57:44 | INFO: Draco encoder: Encoding mesh Branch led scale foliage 0947.
14:57:44 | INFO: Draco encoder: Encoding mesh Branch led scale foliage 0948.
14:57:44 | INFO: Draco encoder: Encoding mesh Branch led scale foliage 0949.
14:57:44 | INFO: Draco encoder: Encoding mesh Branch led scale foliage 0950.
14:57:44 | INFO: Draco encoder: Encoding mesh Branch led scale foliage 0951.
14:57:44 | INFO: Draco encoder: Encoding mesh Branch led scale foliage 0952.
14:57:44 | INFO: Draco encoder: Encoding mesh Branch led scale foliage 0953.
14:57:44 | INFO: Draco encoder: Encoding mesh Branch led scale foliage 0954.
14:57:44 | INFO: Draco encoder: Encoding mesh Branch led scale foliage 0955.
14:57:44 | INFO: Draco encoder: Encoding mesh Branch led scale foliage 0956.
14:57:44 | INFO: Draco encoder: Encoding mesh Branch led scale foliage 0957.
14:57:44 | INFO: Draco encoder: Encoding mesh Branch led scale foliage 0958.
14:57:44 | INFO: Draco encoder: Encoding mesh Branch led scale foliage 0959.
14:57:44 | INFO: Draco encoder: Encoding mesh Branch led scale foliage 0960.
14:57:44 | INFO: Draco encoder: Encoding mesh Branch led scale foliage 0961.
14:57:44 | INFO: Draco encoder: Encoding mesh Branch led scale foliage 0962.
14:57:44 | INFO: Draco encoder: Encoding mesh Branch led scale foliage 0963.
14:57:44 | INFO: Draco encoder: Encoding mesh Branch led scale foliage 0964.
14:57:44 | INFO: Draco encoder: Encoding mesh Branch led scale foliage 0965.
14:57:44 | INFO: Draco encoder: Encoding mesh Branch led scale foliage 0966.
14:57:44 | INFO: Draco encoder: Encoding mesh Branch led scale foliage 0967.
14:57:44 | INFO: Draco encoder: Encoding mesh Branch led scale foliage 0968.
14:57:44 | INFO: Draco encoder: Encoding mesh Branch led scale foliage 0969.
14:57:44 | INFO: Draco encoder: Encoding mesh Branch led scale foliage 0970.
14:57:44 | INFO: Draco encoder: Encoding mesh Branch led scale foliage 0971.
14:57:44 | INFO: Draco encoder: Encoding mesh Branch led scale foliage 0972.
14:57:44 | INFO: Draco encoder: Encoding mesh Branch led scale foliage 0973.
14:57:44 | INFO: Draco encoder: Encoding mesh Branch led scale foliage 0974.
14:57:44 | INFO: Draco encoder: Encoding mesh Branch led scale foliage 0975.
14:57:44 | INFO: Draco encoder: Encoding mesh Branch led scale foliage 0976.
14:57:44 | INFO: Draco encoder: Encoding mesh Branch led scale foliage 0977.
14:57:44 | INFO: Draco encoder: Encoding mesh Branch led scale foliage 0978.
14:57:44 | INFO: Draco encoder: Encoding mesh Branch led scale foliage 0979.
14:57:44 | INFO: Draco encoder: Encoding mesh Branch led scale foliage 0980.
14:57:44 | INFO: Draco encoder: Encoding mesh Branch led scale foliage 0981.
14:57:44 | INFO: Draco encoder: Encoding mesh Branch led scale foliage 0982.
14:57:44 | INFO: Draco encoder: Encoding mesh Branch led scale foliage 0983.
14:57:44 | INFO: Draco encoder: Encoding mesh Branch led scale foliage 0984.
14:57:44 | INFO: Draco encoder: Encoding mesh Branch led scale foliage 0985.
14:57:44 | INFO: Draco encoder: Encoding mesh Branch led scale foliage 0986.
14:57:44 | INFO: Draco encoder: Encoding mesh Branch led scale foliage 0987.
14:57:44 | INFO: Draco encoder: Encoding mesh Branch led scale foliage 0988.
14:57:44 | INFO: Draco encoder: Encoding mesh Branch led scale foliage 0989.
14:57:44 | INFO: Draco encoder: Encoding mesh Branch led scale foliage 0990.
14:57:44 | INFO: Draco encoder: Encoding mesh Branch led scale foliage 0991.
14:57:44 | INFO: Draco encoder: Encoding mesh Branch led scale foliage 0992.
14:57:44 | INFO: Draco encoder: Encoding mesh Branch led scale foliage 0993.
14:57:44 | INFO: Draco encoder: Encoding mesh Branch led scale foliage 0994.
14:57:44 | INFO: Draco encoder: Encoding mesh Branch led scale foliage 0995.
14:57:44 | INFO: Draco encoder: Encoding mesh Branch led scale foliage 0996.
14:57:44 | INFO: Draco encoder: Encoding mesh Branch led scale foliage 0997.
14:57:44 | INFO: Draco encoder: Encoding mesh Branch led scale foliage 0998.
14:57:44 | INFO: Draco encoder: Encoding mesh Branch led scale foliage 0999.
14:57:44 | INFO: Draco encoder: Encoding mesh Branch led scale foliage 1000.
14:57:44 | INFO: Draco encoder: Encoding mesh Branch led scale foliage 1001.
14:57:44 | INFO: Draco encoder: Encoding mesh Branch led scale foliage 1002.
14:57:44 | INFO: Draco encoder: Encoding mesh Branch led scale foliage 1003.
14:57:44 | INFO: Draco encoder: Encoding mesh Branch led scale foliage 1004.
14:57:44 | INFO: Draco encoder: Encoding mesh Branch led scale foliage 1005.
14:57:44 | INFO: Draco encoder: Encoding mesh Branch led scale foliage 1006.
14:57:44 | INFO: Draco encoder: Encoding mesh Branch led scale foliage 1007.
14:57:44 | INFO: Draco encoder: Encoding mesh Branch led scale foliage 1008.
14:57:44 | INFO: Draco encoder: Encoding mesh Branch led scale foliage 1009.
14:57:44 | INFO: Draco encoder: Encoding mesh Branch led scale foliage 1010.
14:57:44 | INFO: Draco encoder: Encoding mesh Branch led scale foliage 1011.
14:57:44 | INFO: Draco encoder: Encoding mesh Branch led scale foliage 1012.
14:57:44 | INFO: Draco encoder: Encoding mesh Branch led scale foliage 1013.
14:57:44 | INFO: Draco encoder: Encoding mesh Branch led scale foliage 1014.
14:57:44 | INFO: Draco encoder: Encoding mesh Branch led scale foliage 1015.
14:57:44 | INFO: Draco encoder: Encoding mesh Branch led scale foliage 1016.
14:57:44 | INFO: Draco encoder: Encoding mesh Branch led scale foliage 1017.
14:57:44 | INFO: Draco encoder: Encoding mesh Branch led scale foliage 1018.
14:57:44 | INFO: Draco encoder: Encoding mesh Branch led scale foliage 1019.
14:57:44 | INFO: Draco encoder: Encoding mesh Branch led scale foliage 1020.
14:57:44 | INFO: Draco encoder: Encoding mesh Branch led scale foliage 1021.
14:57:44 | INFO: Draco encoder: Encoding mesh Branch led scale foliage 1022.
14:57:44 | INFO: Draco encoder: Encoding mesh Branch led scale foliage 1023.
14:57:44 | INFO: Draco encoder: Encoding mesh Branch led scale foliage 1024.
14:57:44 | INFO: Draco encoder: Encoding mesh Branch led scale foliage 1025.
14:57:44 | INFO: Draco encoder: Encoding mesh Branch led scale foliage 1026.
14:57:44 | INFO: Draco encoder: Encoding mesh Branch led scale foliage 1027.
14:57:44 | INFO: Draco encoder: Encoding mesh Branch led scale foliage 1028.
14:57:44 | INFO: Draco encoder: Encoding mesh Branch led scale foliage 1029.
14:57:44 | INFO: Draco encoder: Encoding mesh Branch led scale foliage 1030.
14:57:44 | INFO: Draco encoder: Encoding mesh Branch led scale foliage 1031.
14:57:44 | INFO: Draco encoder: Encoding mesh Branch led scale foliage 1032.
14:57:44 | INFO: Draco encoder: Encoding mesh Branch led scale foliage 1033.
14:57:44 | INFO: Draco encoder: Encoding mesh Branch led scale foliage 1034.
14:57:44 | INFO: Draco encoder: Encoding mesh Branch led scale foliage 1035.
14:57:44 | INFO: Draco encoder: Encoding mesh Branch led scale foliage 1036.
14:57:44 | INFO: Draco encoder: Encoding mesh Branch led scale foliage 1037.
14:57:44 | INFO: Draco encoder: Encoding mesh Branch led scale foliage 1038.
14:57:44 | INFO: Draco encoder: Encoding mesh Branch led scale foliage 1039.
14:57:44 | INFO: Draco encoder: Encoding mesh Branch led scale foliage 1040.
14:57:44 | INFO: Draco encoder: Encoding mesh Branch led scale foliage 1041.
14:57:44 | INFO: Draco encoder: Encoding mesh Branch led scale foliage 1042.
14:57:44 | INFO: Draco encoder: Encoding mesh Branch led scale foliage 1043.
14:57:44 | INFO: Draco encoder: Encoding mesh Branch led scale foliage 1044.
14:57:44 | INFO: Draco encoder: Encoding mesh Branch led scale foliage 1045.
14:57:44 | INFO: Draco encoder: Encoding mesh Branch led scale foliage 1046.
14:57:44 | INFO: Draco encoder: Encoding mesh Branch led scale foliage 1047.
14:57:44 | INFO: Draco encoder: Encoding mesh Branch led scale foliage 1048.
14:57:44 | INFO: Draco encoder: Encoding mesh Branch led scale foliage 1049.
14:57:44 | INFO: Draco encoder: Encoding mesh Branch led scale foliage 1050.
14:57:44 | INFO: Draco encoder: Encoding mesh Branch led scale foliage 1051.
14:57:44 | INFO: Draco encoder: Encoding mesh Branch led scale foliage 1052.
14:57:44 | INFO: Draco encoder: Encoding mesh Branch led scale foliage 1053.
14:57:44 | INFO: Draco encoder: Encoding mesh Branch led scale foliage 1054.
14:57:44 | INFO: Draco encoder: Encoding mesh Branch led scale foliage 1055.
14:57:44 | INFO: Draco encoder: Encoding mesh Branch led scale foliage 1056.
14:57:44 | INFO: Draco encoder: Encoding mesh Branch led scale foliage 1057.
14:57:44 | INFO: Draco encoder: Encoding mesh Branch led scale foliage 1058.
14:57:44 | INFO: Draco encoder: Encoding mesh Branch led scale foliage 1059.
14:57:44 | INFO: Draco encoder: Encoding mesh Branch led scale foliage 1060.
14:57:44 | INFO: Draco encoder: Encoding mesh Branch led scale foliage 1061.
14:57:44 | INFO: Draco encoder: Encoding mesh Branch led scale foliage 1062.
14:57:44 | INFO: Draco encoder: Encoding mesh Branch led scale foliage 1063.
14:57:44 | INFO: Draco encoder: Encoding mesh Branch led scale foliage 1064.
14:57:44 | INFO: Draco encoder: Encoding mesh Branch led scale foliage 1065.
14:57:44 | INFO: Draco encoder: Encoding mesh Branch led scale foliage 1066.
14:57:44 | INFO: Draco encoder: Encoding mesh Branch led scale foliage 1067.
14:57:44 | INFO: Draco encoder: Encoding mesh Branch led scale foliage 1068.
14:57:44 | INFO: Draco encoder: Encoding mesh Branch led scale foliage 1069.
14:57:44 | INFO: Draco encoder: Encoding mesh Branch led scale foliage 1070.
14:57:44 | INFO: Draco encoder: Encoding mesh Branch led scale foliage 1071.
14:57:44 | INFO: Draco encoder: Encoding mesh Branch led scale foliage 1072.
14:57:44 | INFO: Draco encoder: Encoding mesh Branch led scale foliage 1073.
14:57:44 | INFO: Draco encoder: Encoding mesh Branch led scale foliage 1074.
14:57:44 | INFO: Draco encoder: Encoding mesh Branch led scale foliage 1075.
14:57:44 | INFO: Draco encoder: Encoding mesh Branch led scale foliage 1076.
14:57:44 | INFO: Draco encoder: Encoding mesh Branch led scale foliage 1077.
14:57:44 | INFO: Draco encoder: Encoding mesh Branch led scale foliage 1078.
14:57:44 | INFO: Draco encoder: Encoding mesh Branch led scale foliage 1079.
14:57:44 | INFO: Draco encoder: Encoding mesh Branch led scale foliage 1080.
14:57:44 | INFO: Draco encoder: Encoding mesh Branch led scale foliage 1081.
14:57:44 | INFO: Draco encoder: Encoding mesh Branch led scale foliage 1082.
14:57:44 | INFO: Draco encoder: Encoding mesh Branch led scale foliage 1083.
14:57:44 | INFO: Draco encoder: Encoding mesh Branch led scale foliage 1084.
14:57:44 | INFO: Draco encoder: Encoding mesh Branch led scale foliage 1085.
14:57:44 | INFO: Draco encoder: Encoding mesh Branch led scale foliage 1086.
14:57:44 | INFO: Draco encoder: Encoding mesh Branch led scale foliage 1087.
14:57:44 | INFO: Draco encoder: Encoding mesh Branch led scale foliage 1088.
14:57:44 | INFO: Draco encoder: Encoding mesh Branch led scale foliage 1089.
14:57:44 | INFO: Draco encoder: Encoding mesh Branch led scale foliage 1090.
14:57:44 | INFO: Draco encoder: Encoding mesh Branch led scale foliage 1091.
14:57:44 | INFO: Draco encoder: Encoding mesh Branch led scale foliage 1092.
14:57:44 | INFO: Draco encoder: Encoding mesh Branch led scale foliage 1093.
14:57:44 | INFO: Draco encoder: Encoding mesh Branch led scale foliage 1094.
14:57:44 | INFO: Draco encoder: Encoding mesh Branch led scale foliage 1095.
14:57:44 | INFO: Draco encoder: Encoding mesh Branch led scale foliage 1096.
14:57:44 | INFO: Draco encoder: Encoding mesh Branch led scale foliage 1097.
14:57:44 | INFO: Draco encoder: Encoding mesh Branch led scale foliage 1098.
14:57:44 | INFO: Draco encoder: Encoding mesh Branch led scale foliage 1099.
14:57:44 | INFO: Draco encoder: Encoding mesh Branch led scale foliage 1100.
14:57:44 | INFO: Draco encoder: Encoding mesh Branch led scale foliage 1101.
14:57:44 | INFO: Draco encoder: Encoding mesh Branch led scale foliage 1102.
14:57:44 | INFO: Draco encoder: Encoding mesh Branch led scale foliage 1103.
14:57:44 | INFO: Draco encoder: Encoding mesh Branch led scale foliage 1104.
14:57:44 | INFO: Draco encoder: Encoding mesh Branch led scale foliage 1105.
14:57:44 | INFO: Draco encoder: Encoding mesh Branch led scale foliage 1106.
14:57:44 | INFO: Draco encoder: Encoding mesh Branch led scale foliage 1107.
14:57:44 | INFO: Draco encoder: Encoding mesh Branch led scale foliage 1108.
14:57:44 | INFO: Draco encoder: Encoding mesh Branch led scale foliage 1109.
14:57:44 | INFO: Draco encoder: Encoding mesh Branch led scale foliage 1110.
14:57:44 | INFO: Draco encoder: Encoding mesh Branch led scale foliage 1111.
14:57:44 | INFO: Draco encoder: Encoding mesh Branch led scale foliage 1112.
14:57:44 | INFO: Draco encoder: Encoding mesh Branch led scale foliage 1113.
14:57:44 | INFO: Draco encoder: Encoding mesh Branch led scale foliage 1114.
14:57:44 | INFO: Draco encoder: Encoding mesh Branch led scale foliage 1115.
14:57:44 | INFO: Draco encoder: Encoding mesh Branch led scale foliage 1116.
14:57:44 | INFO: Draco encoder: Encoding mesh Branch led scale foliage 1117.
14:57:44 | INFO: Draco encoder: Encoding mesh Branch led scale foliage 1118.
14:57:44 | INFO: Draco encoder: Encoding mesh Branch led scale foliage 1119.
14:57:44 | INFO: Draco encoder: Encoding mesh Branch led scale foliage 1120.
14:57:44 | INFO: Draco encoder: Encoding mesh Branch led scale foliage 1121.
14:57:44 | INFO: Draco encoder: Encoding mesh Branch led scale foliage 1122.
14:57:44 | INFO: Draco encoder: Encoding mesh Branch led scale foliage 1123.
14:57:44 | INFO: Draco encoder: Encoding mesh Branch led scale foliage 1124.
14:57:44 | INFO: Draco encoder: Encoding mesh Branch led scale foliage 1125.
14:57:44 | INFO: Draco encoder: Encoding mesh Branch led scale foliage 1126.
14:57:44 | INFO: Draco encoder: Encoding mesh Branch led scale foliage 1127.
14:57:44 | INFO: Draco encoder: Encoding mesh Branch led scale foliage 1128.
14:57:44 | INFO: Draco encoder: Encoding mesh Branch led scale foliage 1129.
14:57:44 | INFO: Draco encoder: Encoding mesh Branch led scale foliage 1130.
14:57:44 | INFO: Draco encoder: Encoding mesh Branch led scale foliage 1131.
14:57:44 | INFO: Draco encoder: Encoding mesh Branch led scale foliage 1132.
14:57:44 | INFO: Draco encoder: Encoding mesh Branch led scale foliage 1133.
14:57:44 | INFO: Draco encoder: Encoding mesh Branch led scale foliage 1134.
14:57:44 | INFO: Draco encoder: Encoding mesh Branch led scale foliage 1135.
14:57:44 | INFO: Draco encoder: Encoding mesh Branch led scale foliage 1136.
14:57:44 | INFO: Draco encoder: Encoding mesh Branch led scale foliage 1137.
14:57:44 | INFO: Draco encoder: Encoding mesh Branch led scale foliage 1138.
14:57:44 | INFO: Draco encoder: Encoding mesh Branch led scale foliage 1139.
14:57:44 | INFO: Draco encoder: Encoding mesh Branch led scale foliage 1140.
14:57:44 | INFO: Draco encoder: Encoding mesh Branch led scale foliage 1141.
14:57:44 | INFO: Draco encoder: Encoding mesh Branch led scale foliage 1142.
14:57:44 | INFO: Draco encoder: Encoding mesh Branch led scale foliage 1143.
14:57:44 | INFO: Draco encoder: Encoding mesh Branch led scale foliage 1144.
14:57:44 | INFO: Draco encoder: Encoding mesh Branch led scale foliage 1145.
14:57:44 | INFO: Draco encoder: Encoding mesh Branch led scale foliage 1146.
14:57:44 | INFO: Draco encoder: Encoding mesh Branch led scale foliage 1147.
14:57:44 | INFO: Draco encoder: Encoding mesh Branch led scale foliage 1148.
14:57:44 | INFO: Draco encoder: Encoding mesh Branch led scale foliage 1149.
14:57:44 | INFO: Draco encoder: Encoding mesh Branch led scale foliage 1150.
14:57:44 | INFO: Draco encoder: Encoding mesh Branch led scale foliage 1151.
14:57:44 | INFO: Draco encoder: Encoding mesh Branch led scale foliage 1152.
14:57:44 | INFO: Draco encoder: Encoding mesh Branch led scale foliage 1153.
14:57:44 | INFO: Draco encoder: Encoding mesh Branch led scale foliage 1154.
14:57:44 | INFO: Draco encoder: Encoding mesh Branch led scale foliage 1155.
14:57:44 | INFO: Draco encoder: Encoding mesh Branch led scale foliage 1156.
14:57:44 | INFO: Draco encoder: Encoding mesh Branch led scale foliage 1157.
14:57:44 | INFO: Draco encoder: Encoding mesh Branch led scale foliage 1158.
14:57:44 | INFO: Draco encoder: Encoding mesh Branch led scale foliage 1159.
14:57:44 | INFO: Draco encoder: Encoding mesh Branch led scale foliage 1160.
14:57:44 | INFO: Draco encoder: Encoding mesh Branch led scale foliage 1161.
14:57:44 | INFO: Draco encoder: Encoding mesh Branch led scale foliage 1162.
14:57:44 | INFO: Draco encoder: Encoding mesh Branch led scale foliage 1163.
14:57:44 | INFO: Draco encoder: Encoding mesh Branch led scale foliage 1164.
14:57:44 | INFO: Draco encoder: Encoding mesh Branch led scale foliage 1165.
14:57:44 | INFO: Draco encoder: Encoding mesh Branch led scale foliage 1166.
14:57:44 | INFO: Draco encoder: Encoding mesh Branch led scale foliage 1167.
14:57:44 | INFO: Draco encoder: Encoding mesh Branch led scale foliage 1168.
14:57:44 | INFO: Draco encoder: Encoding mesh Branch led scale foliage 1169.
14:57:44 | INFO: Draco encoder: Encoding mesh Branch led scale foliage 1170.
14:57:44 | INFO: Draco encoder: Encoding mesh Branch led scale foliage 1171.
14:57:44 | INFO: Draco encoder: Encoding mesh Branch led scale foliage 1172.
14:57:44 | INFO: Draco encoder: Encoding mesh Branch led scale foliage 1173.
14:57:44 | INFO: Draco encoder: Encoding mesh Branch led scale foliage 1174.
14:57:44 | INFO: Draco encoder: Encoding mesh Branch led scale foliage 1175.
14:57:44 | INFO: Draco encoder: Encoding mesh Branch led scale foliage 1176.
14:57:44 | INFO: Draco encoder: Encoding mesh Branch led scale foliage 1177.
14:57:44 | INFO: Draco encoder: Encoding mesh Branch led scale foliage 1178.
14:57:44 | INFO: Draco encoder: Encoding mesh Branch led scale foliage 1179.
14:57:44 | INFO: Draco encoder: Encoding mesh Branch led scale foliage 1180.
14:57:44 | INFO: Draco encoder: Encoding mesh Branch led scale foliage 1181.
14:57:44 | INFO: Draco encoder: Encoding mesh Branch led scale foliage 1182.
14:57:44 | INFO: Draco encoder: Encoding mesh Branch led scale foliage 1183.
14:57:44 | INFO: Draco encoder: Encoding mesh Branch led scale foliage 1184.
14:57:44 | INFO: Draco encoder: Encoding mesh Branch led scale foliage 1185.
14:57:44 | INFO: Draco encoder: Encoding mesh Branch led scale foliage 1186.
14:57:44 | INFO: Draco encoder: Encoding mesh Branch led scale foliage 1187.
14:57:44 | INFO: Draco encoder: Encoding mesh Branch led scale foliage 1188.
14:57:44 | INFO: Draco encoder: Encoding mesh Branch led scale foliage 1189.
14:57:44 | INFO: Draco encoder: Encoding mesh Branch led scale foliage 1190.
14:57:44 | INFO: Draco encoder: Encoding mesh Branch led scale foliage 1191.
14:57:44 | INFO: Draco encoder: Encoding mesh Branch led scale foliage 1192.
14:57:44 | INFO: Draco encoder: Encoding mesh Branch led scale foliage 1193.
14:57:44 | INFO: Draco encoder: Encoding mesh Branch led scale foliage 1194.
14:57:44 | INFO: Draco encoder: Encoding mesh Branch led scale foliage 1195.
14:57:44 | INFO: Draco encoder: Encoding mesh Branch led scale foliage 1196.
14:57:44 | INFO: Draco encoder: Encoding mesh Branch led scale foliage 1197.
14:57:44 | INFO: Draco encoder: Encoding mesh Branch led scale foliage 1198.
14:57:44 | INFO: Draco encoder: Encoding mesh Branch led scale foliage 1199.
14:57:44 | INFO: Draco encoder: Encoding mesh Branch led scale foliage 1200.
14:57:44 | INFO: Draco encoder: Encoding mesh Branch led scale foliage 1201.
14:57:44 | INFO: Draco encoder: Encoding mesh Branch led scale foliage 1202.
14:57:44 | INFO: Draco encoder: Encoding mesh Branch led scale foliage 1203.
14:57:44 | INFO: Draco encoder: Encoding mesh Branch led scale foliage 1204.
14:57:44 | INFO: Draco encoder: Encoding mesh Branch led scale foliage 1205.
14:57:44 | INFO: Draco encoder: Encoding mesh Branch led scale foliage 1206.
14:57:44 | INFO: Draco encoder: Encoding mesh Branch led scale foliage 1207.
14:57:44 | INFO: Draco encoder: Encoding mesh Branch led scale foliage 1208.
14:57:44 | INFO: Draco encoder: Encoding mesh Branch led scale foliage 1209.
14:57:44 | INFO: Draco encoder: Encoding mesh Branch led scale foliage 1210.
14:57:44 | INFO: Draco encoder: Encoding mesh Branch led scale foliage 1211.
14:57:44 | INFO: Draco encoder: Encoding mesh Branch led scale foliage 1212.
14:57:44 | INFO: Draco encoder: Encoding mesh Branch led scale foliage 1213.
14:57:44 | INFO: Draco encoder: Encoding mesh Branch led scale foliage 1214.
14:57:44 | INFO: Draco encoder: Encoding mesh Branch led scale foliage 1215.
14:57:44 | INFO: Draco encoder: Encoding mesh Branch led scale foliage 1216.
14:57:44 | INFO: Draco encoder: Encoding mesh Branch led scale foliage 1217.
14:57:44 | INFO: Draco encoder: Encoding mesh Branch led scale foliage 1218.
14:57:44 | INFO: Draco encoder: Encoding mesh Branch led scale foliage 1219.
14:57:44 | INFO: Draco encoder: Encoding mesh Branch led scale foliage 1220.
14:57:44 | INFO: Draco encoder: Encoding mesh Branch led scale foliage 1221.
14:57:44 | INFO: Draco encoder: Encoding mesh Branch led scale foliage 1222.
14:57:44 | INFO: Draco encoder: Encoding mesh Branch led scale foliage 1223.
14:57:44 | INFO: Draco encoder: Encoding mesh Branch led scale foliage 1224.
14:57:44 | INFO: Draco encoder: Encoding mesh Branch led scale foliage 1225.
14:57:44 | INFO: Draco encoder: Encoding mesh Branch led scale foliage 1226.
14:57:44 | INFO: Draco encoder: Encoding mesh Branch led scale foliage 1227.
14:57:44 | INFO: Draco encoder: Encoding mesh Branch led scale foliage 1228.
14:57:44 | INFO: Draco encoder: Encoding mesh Branch led scale foliage 1229.
14:57:44 | INFO: Draco encoder: Encoding mesh Branch led scale foliage 1230.
14:57:44 | INFO: Draco encoder: Encoding mesh Branch led scale foliage 1231.
14:57:44 | INFO: Draco encoder: Encoding mesh Branch led scale foliage 1232.
14:57:44 | INFO: Draco encoder: Encoding mesh Branch led scale foliage 1233.
14:57:44 | INFO: Draco encoder: Encoding mesh Branch led scale foliage 1234.
14:57:44 | INFO: Draco encoder: Encoding mesh Branch led scale foliage 1235.
14:57:44 | INFO: Draco encoder: Encoding mesh Branch led scale foliage 1236.
14:57:44 | INFO: Draco encoder: Encoding mesh Branch led scale foliage 1237.
14:57:44 | INFO: Draco encoder: Encoding mesh Branch led scale foliage 1238.
14:57:44 | INFO: Draco encoder: Encoding mesh Branch led scale foliage 1239.
14:57:44 | INFO: Draco encoder: Encoding mesh Branch led scale foliage 1240.
14:57:44 | INFO: Draco encoder: Encoding mesh Branch led scale foliage 1241.
14:57:44 | INFO: Draco encoder: Encoding mesh Branch led scale foliage 1242.
14:57:44 | INFO: Draco encoder: Encoding mesh Branch led scale foliage 1243.
14:57:44 | INFO: Draco encoder: Encoding mesh Branch led scale foliage 1244.
14:57:44 | INFO: Draco encoder: Encoding mesh Branch led scale foliage 1245.
14:57:44 | INFO: Draco encoder: Encoding mesh Branch led scale foliage 1246.
14:57:44 | INFO: Draco encoder: Encoding mesh Branch led scale foliage 1247.
14:57:44 | INFO: Draco encoder: Encoding mesh Branch led scale foliage 1248.
14:57:44 | INFO: Draco encoder: Encoding mesh Branch led scale foliage 1249.
14:57:44 | INFO: Draco encoder: Encoding mesh Branch led scale foliage 1250.
14:57:44 | INFO: Draco encoder: Encoding mesh Branch led scale foliage 1251.
14:57:44 | INFO: Draco encoder: Encoding mesh Branch led scale foliage 1252.
14:57:44 | INFO: Draco encoder: Encoding mesh Branch led scale foliage 1253.
14:57:44 | INFO: Draco encoder: Encoding mesh Branch led scale foliage 1254.
14:57:44 | INFO: Draco encoder: Encoding mesh Branch led scale foliage 1255.
14:57:44 | INFO: Draco encoder: Encoding mesh Branch led scale foliage 1256.
14:57:44 | INFO: Draco encoder: Encoding mesh Branch led scale foliage 1257.
14:57:44 | INFO: Draco encoder: Encoding mesh Branch led scale foliage 1258.
14:57:44 | INFO: Draco encoder: Encoding mesh Branch led scale foliage 1259.
14:57:44 | INFO: Draco encoder: Encoding mesh Branch led scale foliage 1260.
14:57:44 | INFO: Draco encoder: Encoding mesh Branch led scale foliage 1261.
14:57:44 | INFO: Draco encoder: Encoding mesh Branch led scale foliage 1262.
14:57:44 | INFO: Draco encoder: Encoding mesh Branch led scale foliage 1263.
14:57:44 | INFO: Draco encoder: Encoding mesh Branch led scale foliage 1264.
14:57:44 | INFO: Draco encoder: Encoding mesh Branch led scale foliage 1265.
14:57:44 | INFO: Draco encoder: Encoding mesh Branch led scale foliage 1266.
14:57:44 | INFO: Draco encoder: Encoding mesh Branch led scale foliage 1267.
14:57:44 | INFO: Draco encoder: Encoding mesh Branch led scale foliage 1268.
14:57:44 | INFO: Draco encoder: Encoding mesh Branch led scale foliage 1269.
14:57:44 | INFO: Draco encoder: Encoding mesh Branch led scale foliage 1270.
14:57:44 | INFO: Draco encoder: Encoding mesh Branch led scale foliage 1271.
14:57:44 | INFO: Draco encoder: Encoding mesh Branch led scale foliage 1272.
14:57:44 | INFO: Draco encoder: Encoding mesh Branch led scale foliage 1273.
14:57:44 | INFO: Draco encoder: Encoding mesh Branch led scale foliage 1274.
14:57:44 | INFO: Draco encoder: Encoding mesh Branch led scale foliage 1275.
14:57:44 | INFO: Draco encoder: Encoding mesh Branch led scale foliage 1276.
14:57:44 | INFO: Draco encoder: Encoding mesh Branch led scale foliage 1277.
14:57:44 | INFO: Draco encoder: Encoding mesh Branch led scale foliage 1278.
14:57:44 | INFO: Draco encoder: Encoding mesh Branch led scale foliage 1279.
14:57:44 | INFO: Draco encoder: Encoding mesh Branch led scale foliage 1280.
14:57:44 | INFO: Draco encoder: Encoding mesh Branch led scale foliage 1281.
14:57:44 | INFO: Draco encoder: Encoding mesh Branch led scale foliage 1282.
14:57:44 | INFO: Draco encoder: Encoding mesh Branch led scale foliage 1283.
14:57:44 | INFO: Draco encoder: Encoding mesh Branch led scale foliage 1284.
14:57:44 | INFO: Draco encoder: Encoding mesh Branch led scale foliage 1285.
14:57:44 | INFO: Draco encoder: Encoding mesh Branch led scale foliage 1286.
14:57:44 | INFO: Draco encoder: Encoding mesh Branch led scale foliage 1287.
14:57:44 | INFO: Draco encoder: Encoding mesh Branch led scale foliage 1288.
14:57:44 | INFO: Draco encoder: Encoding mesh Branch led scale foliage 1289.
14:57:44 | INFO: Draco encoder: Encoding mesh Branch led scale foliage 1290.
14:57:44 | INFO: Draco encoder: Encoding mesh Branch led scale foliage 1291.
14:57:44 | INFO: Draco encoder: Encoding mesh Branch led scale foliage 1292.
14:57:44 | INFO: Draco encoder: Encoding mesh Branch led scale foliage 1293.
14:57:44 | INFO: Draco encoder: Encoding mesh Branch led scale foliage 1294.
14:57:44 | INFO: Draco encoder: Encoding mesh Branch led scale foliage 1295.
14:57:44 | INFO: Draco encoder: Encoding mesh Branch led scale foliage 1296.
14:57:44 | INFO: Draco encoder: Encoding mesh Branch led scale foliage 1297.
14:57:44 | INFO: Draco encoder: Encoding mesh Branch led scale foliage 1298.
14:57:44 | INFO: Draco encoder: Encoding mesh Branch led scale foliage 1299.
14:57:44 | INFO: Draco encoder: Encoding mesh Branch led scale foliage 1300.
14:57:44 | INFO: Draco encoder: Encoding mesh Branch led scale foliage 1301.
14:57:44 | INFO: Draco encoder: Encoding mesh Branch led scale foliage 1302.
14:57:44 | INFO: Draco encoder: Encoding mesh Branch led scale foliage 1303.
14:57:44 | INFO: Draco encoder: Encoding mesh Branch led scale foliage 1304.
14:57:44 | INFO: Draco encoder: Encoding mesh Branch led scale foliage 1305.
14:57:44 | INFO: Draco encoder: Encoding mesh Branch led scale foliage 1306.
14:57:44 | INFO: Draco encoder: Encoding mesh Branch led scale foliage 1307.
14:57:44 | INFO: Draco encoder: Encoding mesh Branch led scale foliage 1308.
14:57:44 | INFO: Draco encoder: Encoding mesh Branch led scale foliage 1309.
14:57:44 | INFO: Draco encoder: Encoding mesh Branch led scale foliage 1310.
14:57:44 | INFO: Draco encoder: Encoding mesh Branch led scale foliage 1311.
14:57:44 | INFO: Draco encoder: Encoding mesh Branch led scale foliage 1312.
14:57:44 | INFO: Draco encoder: Encoding mesh Branch led scale foliage 1313.
14:57:44 | INFO: Draco encoder: Encoding mesh Branch led scale foliage 1314.
14:57:44 | INFO: Draco encoder: Encoding mesh Branch led scale foliage 1315.
14:57:44 | INFO: Draco encoder: Encoding mesh Branch led scale foliage 1316.
14:57:44 | INFO: Draco encoder: Encoding mesh Branch led scale foliage 1317.
14:57:44 | INFO: Draco encoder: Encoding mesh Branch led scale foliage 1318.
14:57:44 | INFO: Draco encoder: Encoding mesh Branch led scale foliage 1319.
14:57:44 | INFO: Draco encoder: Encoding mesh Branch led scale foliage 1320.
14:57:44 | INFO: Draco encoder: Encoding mesh Branch led scale foliage 1321.
14:57:44 | INFO: Draco encoder: Encoding mesh Branch led scale foliage 1322.
14:57:44 | INFO: Draco encoder: Encoding mesh Branch led scale foliage 1323.
14:57:44 | INFO: Draco encoder: Encoding mesh Branch led scale foliage 1324.
14:57:44 | INFO: Draco encoder: Encoding mesh Branch led scale foliage 1325.
14:57:44 | INFO: Draco encoder: Encoding mesh Branch led scale foliage 1326.
14:57:44 | INFO: Draco encoder: Encoding mesh Branch led scale foliage 1327.
14:57:44 | INFO: Draco encoder: Encoding mesh Branch led scale foliage 1328.
14:57:44 | INFO: Draco encoder: Encoding mesh Branch led scale foliage 1329.
14:57:44 | INFO: Draco encoder: Encoding mesh Branch led scale foliage 1330.
14:57:44 | INFO: Draco encoder: Encoding mesh Branch led scale foliage 1331.
14:57:44 | INFO: Draco encoder: Encoding mesh Branch led scale foliage 1332.
14:57:44 | INFO: Draco encoder: Encoding mesh Branch led scale foliage 1333.
14:57:44 | INFO: Draco encoder: Encoding mesh Branch led scale foliage 1334.
14:57:44 | INFO: Draco encoder: Encoding mesh Branch led scale foliage 1335.
14:57:44 | INFO: Draco encoder: Encoding mesh Branch led scale foliage 1336.
14:57:44 | INFO: Draco encoder: Encoding mesh Branch led scale foliage 1337.
14:57:44 | INFO: Draco encoder: Encoding mesh Branch led scale foliage 1338.
14:57:44 | INFO: Draco encoder: Encoding mesh Branch led scale foliage 1339.
14:57:44 | INFO: Draco encoder: Encoding mesh Branch led scale foliage 1340.
14:57:44 | INFO: Draco encoder: Encoding mesh Branch led scale foliage 1341.
14:57:44 | INFO: Draco encoder: Encoding mesh Branch led scale foliage 1342.
14:57:44 | INFO: Draco encoder: Encoding mesh Branch led scale foliage 1343.
14:57:44 | INFO: Draco encoder: Encoding mesh Branch led scale foliage 1344.
14:57:44 | INFO: Draco encoder: Encoding mesh Branch led scale foliage 1345.
14:57:44 | INFO: Draco encoder: Encoding mesh Branch led scale foliage 1346.
14:57:44 | INFO: Draco encoder: Encoding mesh Branch led scale foliage 1347.
14:57:44 | INFO: Draco encoder: Encoding mesh Branch led scale foliage 1348.
14:57:44 | INFO: Draco encoder: Encoding mesh Branch led scale foliage 1349.
14:57:44 | INFO: Draco encoder: Encoding mesh Branch led scale foliage 1350.
14:57:44 | INFO: Draco encoder: Encoding mesh Branch led scale foliage 1351.
14:57:44 | INFO: Draco encoder: Encoding mesh Branch led scale foliage 1352.
14:57:44 | INFO: Draco encoder: Encoding mesh Branch led scale foliage 1353.
14:57:44 | INFO: Draco encoder: Encoding mesh Branch led scale foliage 1354.
14:57:44 | INFO: Draco encoder: Encoding mesh Branch led scale foliage 1355.
14:57:44 | INFO: Draco encoder: Encoding mesh Branch led scale foliage 1356.
14:57:44 | INFO: Draco encoder: Encoding mesh Branch led scale foliage 1357.
14:57:44 | INFO: Draco encoder: Encoding mesh Branch led scale foliage 1358.
14:57:44 | INFO: Draco encoder: Encoding mesh Branch led scale foliage 1359.
14:57:44 | INFO: Draco encoder: Encoding mesh Branch led scale foliage 1360.
14:57:44 | INFO: Draco encoder: Encoding mesh Branch led scale foliage 1361.
14:57:44 | INFO: Draco encoder: Encoding mesh Branch led scale foliage 1362.
14:57:44 | INFO: Draco encoder: Encoding mesh Branch led scale foliage 1363.
14:57:44 | INFO: Draco encoder: Encoding mesh Branch led scale foliage 1364.
14:57:44 | INFO: Draco encoder: Encoding mesh Branch led scale foliage 1365.
14:57:44 | INFO: Draco encoder: Encoding mesh Branch led scale foliage 1366.
14:57:44 | INFO: Draco encoder: Encoding mesh Branch led scale foliage 1367.
14:57:44 | INFO: Draco encoder: Encoding mesh Branch led scale foliage 1368.
14:57:44 | INFO: Draco encoder: Encoding mesh Branch led scale foliage 1369.
14:57:44 | INFO: Draco encoder: Encoding mesh Branch led scale foliage 1370.
14:57:44 | INFO: Draco encoder: Encoding mesh Branch led scale foliage 1371.
14:57:44 | INFO: Draco encoder: Encoding mesh Branch led scale foliage 1372.
14:57:44 | INFO: Draco encoder: Encoding mesh Branch led scale foliage 1373.
14:57:44 | INFO: Draco encoder: Encoding mesh Branch led scale foliage 1374.
14:57:44 | INFO: Draco encoder: Encoding mesh Branch led scale foliage 1375.
14:57:44 | INFO: Draco encoder: Encoding mesh Branch led scale foliage 1376.
14:57:44 | INFO: Draco encoder: Encoding mesh Branch led scale foliage 1377.
14:57:44 | INFO: Draco encoder: Encoding mesh Branch led scale foliage 1378.
14:57:44 | INFO: Draco encoder: Encoding mesh Branch led scale foliage 1379.
14:57:44 | INFO: Draco encoder: Encoding mesh Branch led scale foliage 1380.
14:57:44 | INFO: Draco encoder: Encoding mesh Branch led scale foliage 1381.
14:57:44 | INFO: Draco encoder: Encoding mesh Branch led scale foliage 1382.
14:57:44 | INFO: Draco encoder: Encoding mesh Branch led scale foliage 1383.
14:57:44 | INFO: Draco encoder: Encoding mesh Branch led scale foliage 1384.
14:57:44 | INFO: Draco encoder: Encoding mesh Branch led scale foliage 1385.
14:57:44 | INFO: Draco encoder: Encoding mesh Branch led scale foliage 1386.
14:57:44 | INFO: Draco encoder: Encoding mesh Branch led scale foliage 1387.
14:57:44 | INFO: Draco encoder: Encoding mesh Branch led scale foliage 1388.
14:57:44 | INFO: Draco encoder: Encoding mesh Branch led scale foliage 1389.
14:57:44 | INFO: Draco encoder: Encoding mesh Branch led scale foliage 1390.
14:57:44 | INFO: Draco encoder: Encoding mesh Branch led scale foliage 1391.
14:57:44 | INFO: Draco encoder: Encoding mesh Branch led scale foliage 1392.
14:57:44 | INFO: Draco encoder: Encoding mesh Branch led scale foliage 1393.
14:57:44 | INFO: Draco encoder: Encoding mesh Branch led scale foliage 1394.
14:57:44 | INFO: Draco encoder: Encoding mesh Branch led scale foliage 1395.
14:57:44 | INFO: Draco encoder: Encoding mesh Branch led scale foliage 1396.
14:57:44 | INFO: Draco encoder: Encoding mesh Branch led scale foliage 1397.
14:57:44 | INFO: Draco encoder: Encoding mesh Branch led scale foliage 1398.
14:57:44 | INFO: Draco encoder: Encoding mesh Branch led scale foliage 1399.
14:57:44 | INFO: Draco encoder: Encoding mesh Branch led scale foliage 1400.
14:57:44 | INFO: Draco encoder: Encoding mesh Branch led scale foliage 1401.
14:57:44 | INFO: Draco encoder: Encoding mesh Branch led scale foliage 1402.
14:57:44 | INFO: Draco encoder: Encoding mesh Branch led scale foliage 1403.
14:57:44 | INFO: Draco encoder: Encoding mesh Branch led scale foliage 1404.
14:57:44 | INFO: Draco encoder: Encoding mesh Branch led scale foliage 1405.
14:57:44 | INFO: Draco encoder: Encoding mesh Branch led scale foliage 1406.
14:57:44 | INFO: Draco encoder: Encoding mesh Branch led scale foliage 1407.
14:57:44 | INFO: Draco encoder: Encoding mesh Branch led scale foliage 1408.
14:57:44 | INFO: Draco encoder: Encoding mesh Branch led scale foliage 1409.
14:57:44 | INFO: Draco encoder: Encoding mesh Branch led scale foliage 1410.
14:57:44 | INFO: Draco encoder: Encoding mesh Branch led scale foliage 1411.
14:57:44 | INFO: Draco encoder: Encoding mesh Branch led scale foliage 1412.
14:57:44 | INFO: Draco encoder: Encoding mesh Branch led scale foliage 1413.
14:57:44 | INFO: Draco encoder: Encoding mesh Branch led scale foliage 1414.
14:57:44 | INFO: Draco encoder: Encoding mesh Branch led scale foliage 1415.
14:57:44 | INFO: Draco encoder: Encoding mesh Branch led scale foliage 1416.
14:57:44 | INFO: Draco encoder: Encoding mesh Branch led scale foliage 1417.
14:57:44 | INFO: Draco encoder: Encoding mesh Branch led scale foliage 1418.
14:57:44 | INFO: Draco encoder: Encoding mesh Branch led scale foliage 1419.
14:57:44 | INFO: Draco encoder: Encoding mesh Branch led scale foliage 1420.
14:57:44 | INFO: Draco encoder: Encoding mesh Branch led scale foliage 1421.
14:57:44 | INFO: Draco encoder: Encoding mesh Branch led scale foliage 1422.
14:57:44 | INFO: Draco encoder: Encoding mesh Branch led scale foliage 1423.
14:57:44 | INFO: Draco encoder: Encoding mesh Branch led scale foliage 1424.
14:57:44 | INFO: Draco encoder: Encoding mesh Branch led scale foliage 1425.
14:57:44 | INFO: Draco encoder: Encoding mesh Branch led scale foliage 1426.
14:57:44 | INFO: Draco encoder: Encoding mesh Branch led scale foliage 1427.
14:57:44 | INFO: Draco encoder: Encoding mesh Branch led scale foliage 1428.
14:57:44 | INFO: Draco encoder: Encoding mesh Branch led scale foliage 1429.
14:57:44 | INFO: Draco encoder: Encoding mesh Branch led scale foliage 1430.
14:57:44 | INFO: Draco encoder: Encoding mesh Branch led scale foliage 1431.
14:57:44 | INFO: Draco encoder: Encoding mesh Branch led scale foliage 1432.
14:57:44 | INFO: Draco encoder: Encoding mesh Branch led scale foliage 1433.
14:57:44 | INFO: Draco encoder: Encoding mesh Branch led scale foliage 1434.
14:57:44 | INFO: Draco encoder: Encoding mesh Branch led scale foliage 1435.
14:57:44 | INFO: Draco encoder: Encoding mesh Branch led scale foliage 1436.
14:57:44 | INFO: Draco encoder: Encoding mesh Branch led scale foliage 1437.
14:57:44 | INFO: Draco encoder: Encoding mesh Branch led scale foliage 1438.
14:57:44 | INFO: Draco encoder: Encoding mesh Branch led scale foliage 1439.
14:57:44 | INFO: Draco encoder: Encoding mesh Branch led scale foliage 1440.
14:57:44 | INFO: Draco encoder: Encoding mesh Branch led scale foliage 1441.
14:57:44 | INFO: Draco encoder: Encoding mesh Branch led scale foliage 1442.
14:57:44 | INFO: Draco encoder: Encoding mesh Branch led scale foliage 1443.
14:57:44 | INFO: Draco encoder: Encoding mesh Branch led scale foliage 1444.
14:57:44 | INFO: Draco encoder: Encoding mesh Branch led scale foliage 1445.
14:57:44 | INFO: Draco encoder: Encoding mesh Branch led scale foliage 1446.
14:57:44 | INFO: Draco encoder: Encoding mesh Branch led scale foliage 1447.
14:57:44 | INFO: Draco encoder: Encoding mesh Branch led scale foliage 1448.
14:57:44 | INFO: Draco encoder: Encoding mesh Branch led scale foliage 1449.
14:57:44 | INFO: Draco encoder: Encoding mesh Branch led scale foliage 1450.
14:57:44 | INFO: Draco encoder: Encoding mesh Branch led scale foliage 1451.
14:57:44 | INFO: Draco encoder: Encoding mesh Branch led scale foliage 1452.
14:57:44 | INFO: Draco encoder: Encoding mesh Branch led scale foliage 1453.
14:57:44 | INFO: Draco encoder: Encoding mesh Branch led scale foliage 1454.
14:57:44 | INFO: Draco encoder: Encoding mesh Branch led scale foliage 1455.
14:57:44 | INFO: Draco encoder: Encoding mesh Branch led scale foliage 1456.
14:57:44 | INFO: Draco encoder: Encoding mesh Branch led scale foliage 1457.
14:57:44 | INFO: Draco encoder: Encoding mesh Branch led scale foliage 1458.
14:57:44 | INFO: Draco encoder: Encoding mesh Branch led scale foliage 1459.
14:57:44 | INFO: Draco encoder: Encoding mesh Branch led scale foliage 1460.
14:57:44 | INFO: Draco encoder: Encoding mesh Branch led scale foliage 1461.
14:57:44 | INFO: Draco encoder: Encoding mesh Branch led scale foliage 1462.
14:57:44 | INFO: Draco encoder: Encoding mesh Branch led scale foliage 1463.
14:57:44 | INFO: Draco encoder: Encoding mesh Branch led scale foliage 1464.
14:57:44 | INFO: Draco encoder: Encoding mesh Branch led scale foliage 1465.
14:57:44 | INFO: Draco encoder: Encoding mesh Branch led scale foliage 1466.
14:57:44 | INFO: Draco encoder: Encoding mesh Branch led scale foliage 1467.
14:57:44 | INFO: Draco encoder: Encoding mesh Branch led scale foliage 1468.
14:57:44 | INFO: Draco encoder: Encoding mesh Branch led scale foliage 1469.
14:57:44 | INFO: Draco encoder: Encoding mesh Branch led scale foliage 1470.
14:57:44 | INFO: Draco encoder: Encoding mesh Branch led scale foliage 1471.
14:57:44 | INFO: Draco encoder: Encoding mesh Branch led scale foliage 1472.
14:57:44 | INFO: Draco encoder: Encoding mesh Branch led scale foliage 1473.
14:57:44 | INFO: Draco encoder: Encoding mesh Branch led scale foliage 1474.
14:57:44 | INFO: Draco encoder: Encoding mesh Branch led scale foliage 1475.
14:57:44 | INFO: Draco encoder: Encoding mesh Branch led scale foliage 1476.
14:57:44 | INFO: Draco encoder: Encoding mesh Branch led scale foliage 1477.
14:57:44 | INFO: Draco encoder: Encoding mesh Branch led scale foliage 1478.
14:57:44 | INFO: Draco encoder: Encoding mesh Branch led scale foliage 1479.
14:57:44 | INFO: Draco encoder: Encoding mesh Branch led scale foliage 1480.
14:57:44 | INFO: Draco encoder: Encoding mesh Branch led scale foliage 1481.
14:57:44 | INFO: Draco encoder: Encoding mesh Branch led scale foliage 1482.
14:57:44 | INFO: Draco encoder: Encoding mesh Branch led scale foliage 1483.
14:57:44 | INFO: Draco encoder: Encoding mesh Branch led scale foliage 1484.
14:57:44 | INFO: Draco encoder: Encoding mesh Branch led scale foliage 1485.
14:57:44 | INFO: Draco encoder: Encoding mesh Branch led scale foliage 1486.
14:57:44 | INFO: Draco encoder: Encoding mesh Branch led scale foliage 1487.
14:57:44 | INFO: Draco encoder: Encoding mesh Branch led scale foliage 1488.
14:57:44 | INFO: Draco encoder: Encoding mesh Branch led scale foliage 1489.
14:57:44 | INFO: Draco encoder: Encoding mesh Branch led scale foliage 1490.
14:57:44 | INFO: Draco encoder: Encoding mesh Branch led scale foliage 1491.
14:57:44 | INFO: Draco encoder: Encoding mesh Branch led scale foliage 1492.
14:57:44 | INFO: Draco encoder: Encoding mesh Branch led scale foliage 1493.
14:57:44 | INFO: Draco encoder: Encoding mesh Branch led scale foliage 1494.
14:57:44 | INFO: Draco encoder: Encoding mesh Branch led scale foliage 1495.
14:57:44 | INFO: Draco encoder: Encoding mesh Branch led scale foliage 1496.
14:57:44 | INFO: Draco encoder: Encoding mesh Branch led scale foliage 1497.
14:57:44 | INFO: Draco encoder: Encoding mesh Branch led scale foliage 1498.
14:57:44 | INFO: Draco encoder: Encoding mesh Branch led scale foliage 1499.
14:57:44 | INFO: Draco encoder: Encoding mesh Branch led scale foliage 1500.
14:57:44 | INFO: Draco encoder: Encoding mesh Branch led scale foliage 1501.
14:57:44 | INFO: Draco encoder: Encoding mesh Branch led scale foliage 1502.
14:57:44 | INFO: Draco encoder: Encoding mesh Branch led scale foliage 1503.
14:57:44 | INFO: Draco encoder: Encoding mesh Branch led scale foliage 1504.
14:57:44 | INFO: Draco encoder: Encoding mesh Branch led scale foliage 1505.
14:57:44 | INFO: Draco encoder: Encoding mesh Branch led scale foliage 1506.
14:57:44 | INFO: Draco encoder: Encoding mesh Branch led scale foliage 1507.
14:57:44 | INFO: Draco encoder: Encoding mesh Branch led scale foliage 1508.
14:57:44 | INFO: Draco encoder: Encoding mesh Branch led scale foliage 1509.
14:57:44 | INFO: Draco encoder: Encoding mesh Branch led scale foliage 1510.
14:57:44 | INFO: Draco encoder: Encoding mesh Branch led scale foliage 1511.
14:57:44 | INFO: Draco encoder: Encoding mesh Branch led scale foliage 1512.
14:57:44 | INFO: Draco encoder: Encoding mesh Branch led scale foliage 1513.
14:57:44 | INFO: Draco encoder: Encoding mesh Branch led scale foliage 1514.
14:57:44 | INFO: Draco encoder: Encoding mesh Branch led scale foliage 1515.
14:57:44 | INFO: Draco encoder: Encoding mesh Branch led scale foliage 1516.
14:57:44 | INFO: Draco encoder: Encoding mesh Branch led scale foliage 1517.
14:57:44 | INFO: Draco encoder: Encoding mesh Branch led scale foliage 1518.
14:57:44 | INFO: Draco encoder: Encoding mesh Branch led scale foliage 1519.
14:57:44 | INFO: Draco encoder: Encoding mesh Branch led scale foliage 1520.
14:57:44 | INFO: Draco encoder: Encoding mesh Branch led scale foliage 1521.
14:57:44 | INFO: Draco encoder: Encoding mesh Branch led scale foliage 1522.
14:57:44 | INFO: Draco encoder: Encoding mesh Branch led scale foliage 1523.
14:57:44 | INFO: Draco encoder: Encoding mesh Branch led scale foliage 1524.
14:57:44 | INFO: Draco encoder: Encoding mesh Branch led scale foliage 1525.
14:57:44 | INFO: Draco encoder: Encoding mesh Branch led scale foliage 1526.
14:57:44 | INFO: Draco encoder: Encoding mesh Branch led scale foliage 1527.
14:57:44 | INFO: Draco encoder: Encoding mesh Branch led scale foliage 1528.
14:57:44 | INFO: Draco encoder: Encoding mesh Branch led scale foliage 1529.
14:57:44 | INFO: Draco encoder: Encoding mesh Branch led scale foliage 1530.
14:57:44 | INFO: Draco encoder: Encoding mesh Branch led scale foliage 1531.
14:57:44 | INFO: Draco encoder: Encoding mesh Branch led scale foliage 1532.
14:57:44 | INFO: Draco encoder: Encoding mesh Branch led scale foliage 1533.
14:57:44 | INFO: Draco encoder: Encoding mesh Branch led scale foliage 1534.
14:57:44 | INFO: Draco encoder: Encoding mesh Branch led scale foliage 1535.
14:57:44 | INFO: Draco encoder: Encoding mesh Branch led scale foliage 1536.
14:57:44 | INFO: Draco encoder: Encoding mesh Branch led scale foliage 1537.
14:57:44 | INFO: Draco encoder: Encoding mesh Branch led scale foliage 1538.
14:57:44 | INFO: Draco encoder: Encoding mesh Branch led scale foliage 1539.
14:57:44 | INFO: Draco encoder: Encoding mesh Branch led scale foliage 1540.
14:57:44 | INFO: Draco encoder: Encoding mesh Branch led scale foliage 1541.
14:57:44 | INFO: Draco encoder: Encoding mesh Branch led scale foliage 1542.
14:57:44 | INFO: Draco encoder: Encoding mesh Branch led scale foliage 1543.
14:57:44 | INFO: Draco encoder: Encoding mesh Branch led scale foliage 1544.
14:57:44 | INFO: Draco encoder: Encoding mesh Branch led scale foliage 1545.
14:57:44 | INFO: Draco encoder: Encoding mesh Branch led scale foliage 1546.
14:57:44 | INFO: Draco encoder: Encoding mesh Branch led scale foliage 1547.
14:57:44 | INFO: Draco encoder: Encoding mesh Branch led scale foliage 1548.
14:57:44 | INFO: Draco encoder: Encoding mesh Branch led scale foliage 1549.
14:57:44 | INFO: Draco encoder: Encoding mesh Branch led scale foliage 1550.
14:57:44 | INFO: Draco encoder: Encoding mesh Branch led scale foliage 1551.
14:57:44 | INFO: Draco encoder: Encoding mesh Branch led scale foliage 1552.
14:57:44 | INFO: Draco encoder: Encoding mesh Branch led scale foliage 1553.
14:57:44 | INFO: Draco encoder: Encoding mesh Branch led scale foliage 1554.
14:57:44 | INFO: Draco encoder: Encoding mesh Branch led scale foliage 1555.
14:57:44 | INFO: Draco encoder: Encoding mesh Branch led scale foliage 1556.
14:57:44 | INFO: Draco encoder: Encoding mesh Branch led scale foliage 1557.
14:57:44 | INFO: Draco encoder: Encoding mesh Branch led scale foliage 1558.
14:57:44 | INFO: Draco encoder: Encoding mesh Branch led scale foliage 1559.
14:57:44 | INFO: Draco encoder: Encoding mesh Branch led scale foliage 1560.
14:57:44 | INFO: Draco encoder: Encoding mesh Branch led scale foliage 1561.
14:57:44 | INFO: Draco encoder: Encoding mesh Branch led scale foliage 1562.
14:57:44 | INFO: Draco encoder: Encoding mesh Branch led scale foliage 1563.
14:57:44 | INFO: Draco encoder: Encoding mesh Branch led scale foliage 1564.
14:57:44 | INFO: Draco encoder: Encoding mesh Branch led scale foliage 1565.
14:57:44 | INFO: Draco encoder: Encoding mesh Branch led scale foliage 1566.
14:57:44 | INFO: Draco encoder: Encoding mesh Branch led scale foliage 1567.
14:57:44 | INFO: Draco encoder: Encoding mesh Branch led scale foliage 1568.
14:57:44 | INFO: Draco encoder: Encoding mesh Branch led scale foliage 1569.
14:57:44 | INFO: Draco encoder: Encoding mesh Branch led scale foliage 1570.
14:57:44 | INFO: Draco encoder: Encoding mesh Branch led scale foliage 1571.
14:57:44 | INFO: Draco encoder: Encoding mesh Branch led scale foliage 1572.
14:57:44 | INFO: Draco encoder: Encoding mesh Branch led scale foliage 1573.
14:57:44 | INFO: Draco encoder: Encoding mesh Branch led scale foliage 1574.
14:57:44 | INFO: Draco encoder: Encoding mesh Branch led scale foliage 1575.
14:57:44 | INFO: Draco encoder: Encoding mesh Branch led scale foliage 1576.
14:57:44 | INFO: Draco encoder: Encoding mesh Branch led scale foliage 1577.
14:57:44 | INFO: Draco encoder: Encoding mesh Branch led scale foliage 1578.
14:57:44 | INFO: Draco encoder: Encoding mesh Branch led scale foliage 1579.
14:57:44 | INFO: Draco encoder: Encoding mesh Branch led scale foliage 1580.
14:57:44 | INFO: Draco encoder: Encoding mesh Branch led scale foliage 1581.
14:57:44 | INFO: Draco encoder: Encoding mesh Branch led scale foliage 1582.
14:57:44 | INFO: Draco encoder: Encoding mesh Branch led scale foliage 1583.
14:57:44 | INFO: Draco encoder: Encoding mesh Branch led scale foliage 1584.
14:57:44 | INFO: Draco encoder: Encoding mesh Branch led scale foliage 1585.
14:57:44 | INFO: Draco encoder: Encoding mesh Branch led scale foliage 1586.
14:57:44 | INFO: Draco encoder: Encoding mesh Branch led scale foliage 1587.
14:57:44 | INFO: Draco encoder: Encoding mesh Branch led scale foliage 1588.
14:57:44 | INFO: Draco encoder: Encoding mesh Branch led scale foliage 1589.
14:57:44 | INFO: Draco encoder: Encoding mesh Branch led scale foliage 1590.
14:57:44 | INFO: Draco encoder: Encoding mesh Branch led scale foliage 1591.
14:57:44 | INFO: Draco encoder: Encoding mesh Branch led scale foliage 1592.
14:57:44 | INFO: Draco encoder: Encoding mesh Branch led scale foliage 1593.
14:57:44 | INFO: Draco encoder: Encoding mesh Branch led scale foliage 1594.
14:57:44 | INFO: Draco encoder: Encoding mesh Branch led scale foliage 1595.
14:57:44 | INFO: Draco encoder: Encoding mesh Branch led scale foliage 1596.
14:57:44 | INFO: Draco encoder: Encoding mesh Branch led scale foliage 1597.
14:57:44 | INFO: Draco encoder: Encoding mesh Branch led scale foliage 1598.
14:57:44 | INFO: Draco encoder: Encoding mesh Branch led scale foliage 1599.
14:57:44 | INFO: Draco encoder: Encoding mesh Branch led scale foliage 1600.
14:57:44 | INFO: Draco encoder: Encoding mesh Branch led scale foliage 1601.
14:57:44 | INFO: Draco encoder: Encoding mesh Branch led scale foliage 1602.
14:57:44 | INFO: Draco encoder: Encoding mesh Branch led scale foliage 1603.
14:57:44 | INFO: Draco encoder: Encoding mesh Branch led scale foliage 1604.
14:57:44 | INFO: Draco encoder: Encoding mesh Branch led scale foliage 1605.
14:57:44 | INFO: Draco encoder: Encoding mesh Branch led scale foliage 1606.
14:57:44 | INFO: Draco encoder: Encoding mesh Branch led scale foliage 1607.
14:57:44 | INFO: Draco encoder: Encoding mesh Branch led scale foliage 1608.
14:57:44 | INFO: Draco encoder: Encoding mesh Branch led scale foliage 1609.
14:57:44 | INFO: Draco encoder: Encoding mesh Branch led scale foliage 1610.
14:57:44 | INFO: Draco encoder: Encoding mesh Branch led scale foliage 1611.
14:57:44 | INFO: Draco encoder: Encoding mesh Branch led scale foliage 1612.
14:57:44 | INFO: Draco encoder: Encoding mesh Branch led scale foliage 1613.
14:57:44 | INFO: Draco encoder: Encoding mesh Branch led scale foliage 1614.
14:57:44 | INFO: Draco encoder: Encoding mesh Branch led scale foliage 1615.
14:57:44 | INFO: Draco encoder: Encoding mesh Branch led scale foliage 1616.
14:57:44 | INFO: Draco encoder: Encoding mesh Branch led scale foliage 1617.
14:57:44 | INFO: Draco encoder: Encoding mesh Branch led scale foliage 1618.
14:57:44 | INFO: Draco encoder: Encoding mesh Branch led scale foliage 1619.
14:57:44 | INFO: Draco encoder: Encoding mesh Branch led scale foliage 1620.
14:57:44 | INFO: Draco encoder: Encoding mesh Branch led scale foliage 1621.
14:57:44 | INFO: Draco encoder: Encoding mesh Branch led scale foliage 1622.
14:57:44 | INFO: Draco encoder: Encoding mesh Branch led scale foliage 1623.
14:57:44 | INFO: Draco encoder: Encoding mesh Branch led scale foliage 1624.
14:57:44 | INFO: Draco encoder: Encoding mesh Branch led scale foliage 1625.
14:57:44 | INFO: Draco encoder: Encoding mesh Branch led scale foliage 1626.
14:57:44 | INFO: Draco encoder: Encoding mesh Branch led scale foliage 1627.
14:57:44 | INFO: Draco encoder: Encoding mesh Branch led scale foliage 1628.
14:57:44 | INFO: Draco encoder: Encoding mesh Branch led scale foliage 1629.
14:57:44 | INFO: Draco encoder: Encoding mesh Branch led scale foliage 1630.
14:57:44 | INFO: Draco encoder: Encoding mesh Branch led scale foliage 1631.
14:57:44 | INFO: Draco encoder: Encoding mesh Branch led scale foliage 1632.
14:57:44 | INFO: Draco encoder: Encoding mesh Branch led scale foliage 1633.
14:57:44 | INFO: Draco encoder: Encoding mesh Branch led scale foliage 1634.
14:57:44 | INFO: Draco encoder: Encoding mesh Branch led scale foliage 1635.
14:57:44 | INFO: Draco encoder: Encoding mesh Branch led scale foliage 1636.
14:57:44 | INFO: Draco encoder: Encoding mesh Branch led scale foliage 1637.
14:57:44 | INFO: Draco encoder: Encoding mesh Branch led scale foliage 1638.
14:57:44 | INFO: Draco encoder: Encoding mesh Branch led scale foliage 1639.
14:57:44 | INFO: Draco encoder: Encoding mesh Branch led scale foliage 1640.
14:57:44 | INFO: Draco encoder: Encoding mesh Branch led scale foliage 1641.
14:57:44 | INFO: Draco encoder: Encoding mesh Branch led scale foliage 1642.
14:57:44 | INFO: Draco encoder: Encoding mesh Branch led scale foliage 1643.
14:57:44 | INFO: Draco encoder: Encoding mesh Branch led scale foliage 1644.
14:57:44 | INFO: Draco encoder: Encoding mesh Branch led scale foliage 1645.
14:57:44 | INFO: Draco encoder: Encoding mesh Branch led scale foliage 1646.
14:57:44 | INFO: Draco encoder: Encoding mesh Branch led scale foliage 1647.
14:57:44 | INFO: Draco encoder: Encoding mesh Branch led scale foliage 1648.
14:57:44 | INFO: Draco encoder: Encoding mesh Branch led scale foliage 1649.
14:57:44 | INFO: Draco encoder: Encoding mesh Branch led scale foliage 1650.
14:57:44 | INFO: Draco encoder: Encoding mesh Branch led scale foliage 1651.
14:57:44 | INFO: Draco encoder: Encoding mesh Branch led scale foliage 1652.
14:57:44 | INFO: Draco encoder: Encoding mesh Branch led scale foliage 1653.
14:57:44 | INFO: Draco encoder: Encoding mesh Branch led scale foliage 1654.
14:57:44 | INFO: Draco encoder: Encoding mesh Branch led scale foliage 1655.
14:57:44 | INFO: Draco encoder: Encoding mesh Branch led scale foliage 1656.
14:57:44 | INFO: Draco encoder: Encoding mesh Branch led scale foliage 1657.
14:57:44 | INFO: Draco encoder: Encoding mesh Branch led scale foliage 1658.
14:57:44 | INFO: Draco encoder: Encoding mesh Branch led scale foliage 1659.
14:57:44 | INFO: Draco encoder: Encoding mesh Branch led scale foliage 1660.
14:57:44 | INFO: Draco encoder: Encoding mesh Branch led scale foliage 1661.
14:57:44 | INFO: Draco encoder: Encoding mesh Branch led scale foliage 1662.
14:57:44 | INFO: Draco encoder: Encoding mesh Branch led scale foliage 1663.
14:57:44 | INFO: Draco encoder: Encoding mesh Branch led scale foliage 1664.
14:57:44 | INFO: Draco encoder: Encoding mesh Branch led scale foliage 1665.
14:57:44 | INFO: Draco encoder: Encoding mesh Branch led scale foliage 1666.
14:57:44 | INFO: Draco encoder: Encoding mesh Branch led scale foliage 1667.
14:57:44 | INFO: Draco encoder: Encoding mesh Branch led scale foliage 1668.
14:57:44 | INFO: Draco encoder: Encoding mesh Branch led scale foliage 1669.
14:57:44 | INFO: Draco encoder: Encoding mesh Branch led scale foliage 1670.
14:57:44 | INFO: Draco encoder: Encoding mesh Branch led scale foliage 1671.
14:57:44 | INFO: Draco encoder: Encoding mesh Branch led scale foliage 1672.
14:57:44 | INFO: Draco encoder: Encoding mesh Branch led scale foliage 1673.
14:57:44 | INFO: Draco encoder: Encoding mesh Branch led scale foliage 1674.
14:57:44 | INFO: Draco encoder: Encoding mesh Branch led scale foliage 1675.
14:57:44 | INFO: Draco encoder: Encoding mesh Branch led scale foliage 1676.
14:57:44 | INFO: Draco encoder: Encoding mesh Branch led scale foliage 1677.
14:57:44 | INFO: Draco encoder: Encoding mesh Branch led scale foliage 1678.
14:57:44 | INFO: Draco encoder: Encoding mesh Branch led scale foliage 1679.
14:57:44 | INFO: Draco encoder: Encoding mesh Branch led scale foliage 1680.
14:57:44 | INFO: Draco encoder: Encoding mesh Branch led scale foliage 1681.
14:57:44 | INFO: Draco encoder: Encoding mesh Branch led scale foliage 1682.
14:57:44 | INFO: Draco encoder: Encoding mesh Branch led scale foliage 1683.
14:57:44 | INFO: Draco encoder: Encoding mesh Branch led scale foliage 1684.
14:57:44 | INFO: Draco encoder: Encoding mesh Branch led scale foliage 1685.
14:57:44 | INFO: Draco encoder: Encoding mesh Branch led scale foliage 1686.
14:57:44 | INFO: Draco encoder: Encoding mesh Branch led scale foliage 1687.
14:57:44 | INFO: Draco encoder: Encoding mesh Branch led scale foliage 1688.
14:57:44 | INFO: Draco encoder: Encoding mesh Branch led scale foliage 1689.
14:57:44 | INFO: Draco encoder: Encoding mesh Branch led scale foliage 1690.
14:57:44 | INFO: Draco encoder: Encoding mesh Branch led scale foliage 1691.
14:57:44 | INFO: Draco encoder: Encoding mesh Branch led scale foliage 1692.
14:57:44 | INFO: Draco encoder: Encoding mesh Branch led scale foliage 1693.
14:57:44 | INFO: Draco encoder: Encoding mesh Branch led scale foliage 1694.
14:57:44 | INFO: Draco encoder: Encoding mesh Branch led scale foliage 1695.
14:57:44 | INFO: Draco encoder: Encoding mesh Branch led scale foliage 1696.
14:57:44 | INFO: Draco encoder: Encoding mesh Branch led scale foliage 1697.
14:57:44 | INFO: Draco encoder: Encoding mesh Branch led scale foliage 1698.
14:57:44 | INFO: Draco encoder: Encoding mesh Branch led scale foliage 1699.
14:57:44 | INFO: Draco encoder: Encoding mesh Branch led scale foliage 1700.
14:57:44 | INFO: Draco encoder: Encoding mesh Branch led scale foliage 1701.
14:57:44 | INFO: Draco encoder: Encoding mesh Branch led scale foliage 1702.
14:57:44 | INFO: Draco encoder: Encoding mesh Branch led scale foliage 1703.
14:57:44 | INFO: Draco encoder: Encoding mesh Branch led scale foliage 1704.
14:57:44 | INFO: Draco encoder: Encoding mesh Branch led scale foliage 1705.
14:57:44 | INFO: Draco encoder: Encoding mesh Branch led scale foliage 1706.
14:57:44 | INFO: Draco encoder: Encoding mesh Branch led scale foliage 1707.
14:57:44 | INFO: Draco encoder: Encoding mesh Branch led scale foliage 1708.
14:57:44 | INFO: Draco encoder: Encoding mesh Branch led scale foliage 1709.
14:57:44 | INFO: Draco encoder: Encoding mesh Branch led scale foliage 1710.
14:57:44 | INFO: Draco encoder: Encoding mesh Branch led scale foliage 1711.
14:57:44 | INFO: Draco encoder: Encoding mesh Branch led scale foliage 1712.
14:57:44 | INFO: Draco encoder: Encoding mesh Branch led scale foliage 1713.
14:57:44 | INFO: Draco encoder: Encoding mesh Branch led scale foliage 1714.
14:57:44 | INFO: Draco encoder: Encoding mesh Branch led scale foliage 1715.
14:57:44 | INFO: Draco encoder: Encoding mesh Branch led scale foliage 1716.
14:57:44 | INFO: Draco encoder: Encoding mesh Branch led scale foliage 1717.
14:57:44 | INFO: Draco encoder: Encoding mesh Branch led scale foliage 1718.
14:57:44 | INFO: Draco encoder: Encoding mesh Branch led scale foliage 1719.
14:57:44 | INFO: Draco encoder: Encoding mesh Branch led scale foliage 1720.
14:57:44 | INFO: Draco encoder: Encoding mesh Branch led scale foliage 1721.
14:57:44 | INFO: Draco encoder: Encoding mesh Branch led scale foliage 1722.
14:57:44 | INFO: Draco encoder: Encoding mesh Branch led scale foliage 1723.
14:57:44 | INFO: Draco encoder: Encoding mesh Branch led scale foliage 1724.
14:57:44 | INFO: Draco encoder: Encoding mesh Branch led scale foliage 1725.
14:57:44 | INFO: Draco encoder: Encoding mesh Branch led scale foliage 1726.
14:57:44 | INFO: Draco encoder: Encoding mesh Branch led scale foliage 1727.
14:57:44 | INFO: Draco encoder: Encoding mesh Branch led scale foliage 1728.
14:57:44 | INFO: Draco encoder: Encoding mesh Branch led scale foliage 1729.
14:57:44 | INFO: Draco encoder: Encoding mesh Branch led scale foliage 1730.
14:57:44 | INFO: Draco encoder: Encoding mesh Branch led scale foliage 1731.
14:57:44 | INFO: Draco encoder: Encoding mesh Branch led scale foliage 1732.
14:57:44 | INFO: Draco encoder: Encoding mesh Branch led scale foliage 1733.
14:57:44 | INFO: Draco encoder: Encoding mesh Branch led scale foliage 1734.
14:57:44 | INFO: Draco encoder: Encoding mesh Branch led scale foliage 1735.
14:57:44 | INFO: Draco encoder: Encoding mesh Branch led scale foliage 1736.
14:57:44 | INFO: Draco encoder: Encoding mesh Branch led scale foliage 1737.
14:57:44 | INFO: Draco encoder: Encoding mesh Branch led scale foliage 1738.
14:57:44 | INFO: Draco encoder: Encoding mesh Branch led scale foliage 1739.
14:57:44 | INFO: Draco encoder: Encoding mesh Branch led scale foliage 1740.
14:57:44 | INFO: Draco encoder: Encoding mesh Branch led scale foliage 1741.
14:57:44 | INFO: Draco encoder: Encoding mesh Branch led scale foliage 1742.
14:57:44 | INFO: Draco encoder: Encoding mesh Branch led scale foliage 1743.
14:57:44 | INFO: Draco encoder: Encoding mesh Branch led scale foliage 1744.
14:57:44 | INFO: Draco encoder: Encoding mesh Branch led scale foliage 1745.
14:57:44 | INFO: Draco encoder: Encoding mesh Branch led scale foliage 1746.
14:57:44 | INFO: Draco encoder: Encoding mesh Branch led scale foliage 1747.
14:57:44 | INFO: Draco encoder: Encoding mesh Branch led scale foliage 1748.
14:57:44 | INFO: Draco encoder: Encoding mesh Branch led scale foliage 1749.
14:57:44 | INFO: Draco encoder: Encoding mesh Branch led scale foliage 1750.
14:57:44 | INFO: Draco encoder: Encoding mesh Branch led scale foliage 1751.
14:57:44 | INFO: Draco encoder: Encoding mesh Branch led scale foliage 1752.
14:57:44 | INFO: Draco encoder: Encoding mesh Branch led scale foliage 1753.
14:57:44 | INFO: Draco encoder: Encoding mesh Branch led scale foliage 1754.
14:57:44 | INFO: Draco encoder: Encoding mesh Branch led scale foliage 1755.
14:57:44 | INFO: Draco encoder: Encoding mesh Branch led scale foliage 1756.
14:57:44 | INFO: Draco encoder: Encoding mesh Branch led scale foliage 1757.
14:57:44 | INFO: Draco encoder: Encoding mesh Branch led scale foliage 1758.
14:57:44 | INFO: Draco encoder: Encoding mesh Branch led scale foliage 1759.
14:57:44 | INFO: Draco encoder: Encoding mesh Branch led scale foliage 1760.
14:57:44 | INFO: Draco encoder: Encoding mesh Branch led scale foliage 1761.
14:57:44 | INFO: Draco encoder: Encoding mesh Branch led scale foliage 1762.
14:57:44 | INFO: Draco encoder: Encoding mesh Branch led scale foliage 1763.
14:57:44 | INFO: Draco encoder: Encoding mesh Branch led scale foliage 1764.
14:57:44 | INFO: Draco encoder: Encoding mesh Branch led scale foliage 1765.
14:57:44 | INFO: Draco encoder: Encoding mesh Branch led scale foliage 1766.
14:57:44 | INFO: Draco encoder: Encoding mesh Branch led scale foliage 1767.
14:57:44 | INFO: Draco encoder: Encoding mesh Branch led scale foliage 1768.
14:57:44 | INFO: Draco encoder: Encoding mesh Branch led scale foliage 1769.
14:57:44 | INFO: Draco encoder: Encoding mesh Branch led scale foliage 1770.
14:57:44 | INFO: Draco encoder: Encoding mesh Branch led scale foliage 1771.
14:57:44 | INFO: Draco encoder: Encoding mesh Branch led scale foliage 1772.
14:57:44 | INFO: Draco encoder: Encoding mesh Branch led scale foliage 1773.
14:57:44 | INFO: Draco encoder: Encoding mesh Branch led scale foliage 1774.
14:57:44 | INFO: Draco encoder: Encoding mesh Branch led scale foliage 1775.
14:57:44 | INFO: Draco encoder: Encoding mesh Branch led scale foliage 1776.
14:57:44 | INFO: Draco encoder: Encoding mesh Branch led scale foliage 1777.
14:57:44 | INFO: Draco encoder: Encoding mesh Branch led scale foliage 1778.
14:57:44 | INFO: Draco encoder: Encoding mesh Branch led scale foliage 1779.
14:57:44 | INFO: Draco encoder: Encoding mesh Branch led scale foliage 1780.
14:57:44 | INFO: Draco encoder: Encoding mesh Branch led scale foliage 1781.
14:57:44 | INFO: Draco encoder: Encoding mesh Branch led scale foliage 1782.
14:57:44 | INFO: Draco encoder: Encoding mesh Branch led scale foliage 1783.
14:57:44 | INFO: Draco encoder: Encoding mesh Branch led scale foliage 1784.
14:57:44 | INFO: Draco encoder: Encoding mesh Branch led scale foliage 1785.
14:57:44 | INFO: Draco encoder: Encoding mesh Branch led scale foliage 1786.
14:57:44 | INFO: Draco encoder: Encoding mesh Branch led scale foliage 1787.
14:57:44 | INFO: Draco encoder: Encoding mesh Branch led scale foliage 1788.
14:57:44 | INFO: Draco encoder: Encoding mesh Branch led scale foliage 1789.
14:57:44 | INFO: Draco encoder: Encoding mesh Branch led scale foliage 1790.
14:57:44 | INFO: Draco encoder: Encoding mesh Branch led scale foliage 1791.
14:57:44 | INFO: Draco encoder: Encoding mesh Branch led scale foliage 1792.
14:57:44 | INFO: Draco encoder: Encoding mesh Branch led scale foliage 1793.
14:57:44 | INFO: Draco encoder: Encoding mesh Branch led scale foliage 1794.
14:57:44 | INFO: Draco encoder: Encoding mesh Branch led scale foliage 1795.
14:57:44 | INFO: Draco encoder: Encoding mesh Branch led scale foliage 1796.
14:57:44 | INFO: Draco encoder: Encoding mesh Branch led scale foliage 1797.
14:57:44 | INFO: Draco encoder: Encoding mesh Branch led scale foliage 1798.
14:57:44 | INFO: Draco encoder: Encoding mesh Branch led scale foliage 1799.
14:57:44 | INFO: Draco encoder: Encoding mesh Branch led scale foliage 1800.
14:57:44 | INFO: Draco encoder: Encoding mesh Branch led scale foliage 1801.
14:57:44 | INFO: Draco encoder: Encoding mesh Branch led scale foliage 1802.
14:57:44 | INFO: Draco encoder: Encoding mesh Branch led scale foliage 1803.
14:57:44 | INFO: Draco encoder: Encoding mesh Branch led scale foliage 1804.
14:57:44 | INFO: Draco encoder: Encoding mesh Branch led scale foliage 1805.
14:57:44 | INFO: Draco encoder: Encoding mesh Branch led scale foliage 1806.
14:57:44 | INFO: Draco encoder: Encoding mesh Branch led scale foliage 1807.
14:57:44 | INFO: Draco encoder: Encoding mesh Branch led scale foliage 1808.
14:57:44 | INFO: Draco encoder: Encoding mesh Branch led scale foliage 1809.
14:57:44 | INFO: Draco encoder: Encoding mesh Branch led scale foliage 1810.
14:57:44 | INFO: Draco encoder: Encoding mesh Branch led scale foliage 1811.
14:57:44 | INFO: Draco encoder: Encoding mesh Branch led scale foliage 1812.
14:57:44 | INFO: Draco encoder: Encoding mesh Branch led scale foliage 1813.
14:57:44 | INFO: Draco encoder: Encoding mesh Branch led scale foliage 1814.
14:57:44 | INFO: Draco encoder: Encoding mesh Branch led scale foliage 1815.
14:57:44 | INFO: Draco encoder: Encoding mesh Branch led scale foliage 1816.
14:57:44 | INFO: Draco encoder: Encoding mesh Branch led scale foliage 1817.
14:57:44 | INFO: Draco encoder: Encoding mesh Branch led scale foliage 1818.
14:57:44 | INFO: Draco encoder: Encoding mesh Branch led scale foliage 1819.
14:57:44 | INFO: Draco encoder: Encoding mesh Branch led scale foliage 1820.
14:57:44 | INFO: Draco encoder: Encoding mesh Branch led scale foliage 1821.
14:57:44 | INFO: Draco encoder: Encoding mesh Branch led scale foliage 1822.
14:57:44 | INFO: Draco encoder: Encoding mesh Branch led scale foliage 1823.
14:57:44 | INFO: Draco encoder: Encoding mesh Branch led scale foliage 1824.
14:57:44 | INFO: Draco encoder: Encoding mesh Branch led scale foliage 1825.
14:57:44 | INFO: Draco encoder: Encoding mesh Branch led scale foliage 1826.
14:57:44 | INFO: Draco encoder: Encoding mesh Branch led scale foliage 1827.
14:57:44 | INFO: Draco encoder: Encoding mesh Branch led scale foliage 1828.
14:57:44 | INFO: Draco encoder: Encoding mesh Branch led scale foliage 1829.
14:57:44 | INFO: Draco encoder: Encoding mesh Branch led scale foliage 1830.
14:57:44 | INFO: Draco encoder: Encoding mesh Branch led scale foliage 1831.
14:57:44 | INFO: Draco encoder: Encoding mesh Branch led scale foliage 1832.
14:57:44 | INFO: Draco encoder: Encoding mesh Branch led scale foliage 1833.
14:57:44 | INFO: Draco encoder: Encoding mesh Branch led scale foliage 1834.
14:57:44 | INFO: Draco encoder: Encoding mesh Branch led scale foliage 1835.
14:57:44 | INFO: Draco encoder: Encoding mesh Branch led scale foliage 1836.
14:57:44 | INFO: Draco encoder: Encoding mesh Branch led scale foliage 1837.
14:57:44 | INFO: Draco encoder: Encoding mesh Branch led scale foliage 1838.
14:57:44 | INFO: Draco encoder: Encoding mesh Branch led scale foliage 1839.
14:57:44 | INFO: Draco encoder: Encoding mesh Branch led scale foliage 1840.
14:57:44 | INFO: Draco encoder: Encoding mesh Branch led scale foliage 1841.
14:57:44 | INFO: Draco encoder: Encoding mesh Branch led scale foliage 1842.
14:57:44 | INFO: Draco encoder: Encoding mesh Branch led scale foliage 1843.
14:57:44 | INFO: Draco encoder: Encoding mesh Branch led scale foliage 1844.
14:57:44 | INFO: Draco encoder: Encoding mesh Branch led scale foliage 1845.
14:57:44 | INFO: Draco encoder: Encoding mesh Branch led scale foliage 1846.
14:57:44 | INFO: Draco encoder: Encoding mesh Branch led scale foliage 1847.
14:57:44 | INFO: Draco encoder: Encoding mesh Branch led scale foliage 1848.
14:57:44 | INFO: Draco encoder: Encoding mesh Branch led scale foliage 1849.
14:57:44 | INFO: Draco encoder: Encoding mesh Branch led scale foliage 1850.
14:57:44 | INFO: Draco encoder: Encoding mesh Branch led scale foliage 1851.
14:57:44 | INFO: Draco encoder: Encoding mesh Branch led scale foliage 1852.
14:57:44 | INFO: Draco encoder: Encoding mesh Branch led scale foliage 1853.
14:57:44 | INFO: Draco encoder: Encoding mesh Branch led scale foliage 1854.
14:57:44 | INFO: Draco encoder: Encoding mesh Branch led scale foliage 1855.
14:57:44 | INFO: Draco encoder: Encoding mesh Branch led scale foliage 1856.
14:57:44 | INFO: Draco encoder: Encoding mesh Branch led scale foliage 1857.
14:57:44 | INFO: Draco encoder: Encoding mesh Branch led scale foliage 1858.
14:57:44 | INFO: Draco encoder: Encoding mesh Branch led scale foliage 1859.
14:57:44 | INFO: Draco encoder: Encoding mesh Branch led scale foliage 1860.
14:57:44 | INFO: Draco encoder: Encoding mesh Branch led scale foliage 1861.
14:57:44 | INFO: Draco encoder: Encoding mesh Branch led scale foliage 1862.
14:57:44 | INFO: Draco encoder: Encoding mesh Branch led scale foliage 1863.
14:57:44 | INFO: Draco encoder: Encoding mesh Branch led scale foliage 1864.
14:57:44 | INFO: Draco encoder: Encoding mesh Branch led scale foliage 1865.
14:57:44 | INFO: Draco encoder: Encoding mesh Branch led scale foliage 1866.
14:57:44 | INFO: Draco encoder: Encoding mesh Branch led scale foliage 1867.
14:57:44 | INFO: Draco encoder: Encoding mesh Branch led scale foliage 1868.
14:57:44 | INFO: Draco encoder: Encoding mesh Branch led scale foliage 1869.
14:57:44 | INFO: Draco encoder: Encoding mesh Branch led scale foliage 1870.
14:57:44 | INFO: Draco encoder: Encoding mesh Branch led scale foliage 1871.
14:57:44 | INFO: Draco encoder: Encoding mesh Branch led scale foliage 1872.
14:57:44 | INFO: Draco encoder: Encoding mesh Branch led scale foliage 1873.
14:57:44 | INFO: Draco encoder: Encoding mesh Branch led scale foliage 1874.
14:57:44 | INFO: Draco encoder: Encoding mesh Branch led scale foliage 1875.
14:57:44 | INFO: Draco encoder: Encoding mesh Branch led scale foliage 1876.
14:57:44 | INFO: Draco encoder: Encoding mesh Branch led scale foliage 1877.
14:57:44 | INFO: Draco encoder: Encoding mesh Branch led scale foliage 1878.
14:57:44 | INFO: Draco encoder: Encoding mesh Branch led scale foliage 1879.
14:57:44 | INFO: Draco encoder: Encoding mesh Branch led scale foliage 1880.
14:57:44 | INFO: Draco encoder: Encoding mesh Branch led scale foliage 1881.
14:57:44 | INFO: Draco encoder: Encoding mesh Branch led scale foliage 1882.
14:57:44 | INFO: Draco encoder: Encoding mesh Branch led scale foliage 1883.
14:57:44 | INFO: Draco encoder: Encoding mesh Branch led scale foliage 1884.
14:57:44 | INFO: Draco encoder: Encoding mesh Branch led scale foliage 1885.
14:57:44 | INFO: Draco encoder: Encoding mesh Branch led scale foliage 1886.
14:57:44 | INFO: Draco encoder: Encoding mesh Branch led scale foliage 1887.
14:57:44 | INFO: Draco encoder: Encoding mesh Branch led scale foliage 1888.
14:57:44 | INFO: Draco encoder: Encoding mesh Branch led scale foliage 1889.
14:57:44 | INFO: Draco encoder: Encoding mesh Branch led scale foliage 1890.
14:57:44 | INFO: Draco encoder: Encoding mesh Branch led scale foliage 1891.
14:57:44 | INFO: Draco encoder: Encoding mesh Branch led scale foliage 1892.
14:57:44 | INFO: Draco encoder: Encoding mesh Branch led scale foliage 1893.
14:57:44 | INFO: Draco encoder: Encoding mesh Branch led scale foliage 1894.
14:57:44 | INFO: Draco encoder: Encoding mesh Branch led scale foliage 1895.
14:57:44 | INFO: Draco encoder: Encoding mesh Branch led scale foliage 1896.
14:57:44 | INFO: Draco encoder: Encoding mesh Branch led scale foliage 1897.
14:57:44 | INFO: Draco encoder: Encoding mesh Branch led scale foliage 1898.
14:57:44 | INFO: Draco encoder: Encoding mesh Branch led scale foliage 1899.
14:57:44 | INFO: Draco encoder: Encoding mesh Branch led scale foliage 1900.
14:57:44 | INFO: Draco encoder: Encoding mesh Branch led scale foliage 1901.
14:57:44 | INFO: Draco encoder: Encoding mesh Branch led scale foliage 1902.
14:57:44 | INFO: Draco encoder: Encoding mesh Branch led scale foliage 1903.
14:57:44 | INFO: Draco encoder: Encoding mesh Branch led scale foliage 1904.
14:57:44 | INFO: Draco encoder: Encoding mesh Branch led scale foliage 1905.
14:57:44 | INFO: Draco encoder: Encoding mesh Branch led scale foliage 1906.
14:57:44 | INFO: Draco encoder: Encoding mesh Branch led scale foliage 1907.
14:57:44 | INFO: Draco encoder: Encoding mesh Branch led scale foliage 1908.
14:57:44 | INFO: Draco encoder: Encoding mesh Branch led scale foliage 1909.
14:57:44 | INFO: Draco encoder: Encoding mesh Branch led scale foliage 1910.
14:57:44 | INFO: Draco encoder: Encoding mesh Branch led scale foliage 1911.
14:57:44 | INFO: Draco encoder: Encoding mesh Branch led scale foliage 1912.
14:57:44 | INFO: Draco encoder: Encoding mesh Branch led scale foliage 1913.
14:57:44 | INFO: Draco encoder: Encoding mesh Branch led scale foliage 1914.
14:57:44 | INFO: Draco encoder: Encoding mesh Branch led scale foliage 1915.
14:57:44 | INFO: Draco encoder: Encoding mesh Branch led scale foliage 1916.
14:57:44 | INFO: Draco encoder: Encoding mesh Branch led scale foliage 1917.
14:57:44 | INFO: Draco encoder: Encoding mesh Branch led scale foliage 1918.
14:57:44 | INFO: Draco encoder: Encoding mesh Branch led scale foliage 1919.
14:57:44 | INFO: Draco encoder: Encoding mesh Branch led scale foliage 1920.
14:57:44 | INFO: Draco encoder: Encoding mesh Branch led scale foliage 1921.
14:57:44 | INFO: Draco encoder: Encoding mesh Branch led scale foliage 1922.
14:57:44 | INFO: Draco encoder: Encoding mesh Branch led scale foliage 1923.
14:57:44 | INFO: Draco encoder: Encoding mesh Branch led scale foliage 1924.
14:57:44 | INFO: Draco encoder: Encoding mesh Branch led scale foliage 1925.
14:57:44 | INFO: Draco encoder: Encoding mesh Branch led scale foliage 1926.
14:57:44 | INFO: Draco encoder: Encoding mesh Branch led scale foliage 1927.
14:57:44 | INFO: Draco encoder: Encoding mesh Branch led scale foliage 1928.
14:57:44 | INFO: Draco encoder: Encoding mesh Branch led scale foliage 1929.
14:57:44 | INFO: Draco encoder: Encoding mesh Branch led scale foliage 1930.
14:57:44 | INFO: Draco encoder: Encoding mesh Branch led scale foliage 1931.
14:57:44 | INFO: Draco encoder: Encoding mesh Branch led scale foliage 1932.
14:57:44 | INFO: Draco encoder: Encoding mesh Branch led scale foliage 1933.
14:57:44 | INFO: Draco encoder: Encoding mesh Branch led scale foliage 1934.
14:57:44 | INFO: Draco encoder: Encoding mesh Branch led scale foliage 1935.
14:57:44 | INFO: Draco encoder: Encoding mesh Branch led scale foliage 1936.
14:57:44 | INFO: Draco encoder: Encoding mesh Branch led scale foliage 1937.
14:57:44 | INFO: Draco encoder: Encoding mesh Branch led scale foliage 1938.
14:57:44 | INFO: Draco encoder: Encoding mesh Branch led scale foliage 1939.
14:57:44 | INFO: Draco encoder: Encoding mesh Branch led scale foliage 1940.
14:57:44 | INFO: Draco encoder: Encoding mesh Branch led scale foliage 1941.
14:57:44 | INFO: Draco encoder: Encoding mesh Branch led scale foliage 1942.
14:57:44 | INFO: Draco encoder: Encoding mesh Branch led scale foliage 1943.
14:57:44 | INFO: Draco encoder: Encoding mesh Branch led scale foliage 1944.
14:57:44 | INFO: Draco encoder: Encoding mesh Branch led scale foliage 1945.
14:57:44 | INFO: Draco encoder: Encoding mesh Branch led scale foliage 1946.
14:57:44 | INFO: Draco encoder: Encoding mesh Branch led scale foliage 1947.
14:57:44 | INFO: Draco encoder: Encoding mesh Branch led scale foliage 1948.
14:57:44 | INFO: Draco encoder: Encoding mesh Branch led scale foliage 1949.
14:57:44 | INFO: Draco encoder: Encoding mesh Branch led scale foliage 1950.
14:57:44 | INFO: Draco encoder: Encoding mesh Branch led scale foliage 1951.
14:57:44 | INFO: Draco encoder: Encoding mesh Branch led scale foliage 1952.
14:57:44 | INFO: Draco encoder: Encoding mesh Branch led scale foliage 1953.
14:57:44 | INFO: Draco encoder: Encoding mesh Branch led scale foliage 1954.
14:57:44 | INFO: Draco encoder: Encoding mesh Branch led scale foliage 1955.
14:57:44 | INFO: Draco encoder: Encoding mesh Branch led scale foliage 1956.
14:57:44 | INFO: Draco encoder: Encoding mesh Branch led scale foliage 1957.
14:57:44 | INFO: Draco encoder: Encoding mesh Branch led scale foliage 1958.
14:57:44 | INFO: Draco encoder: Encoding mesh Branch led scale foliage 1959.
14:57:44 | INFO: Draco encoder: Encoding mesh Branch led scale foliage 1960.
14:57:44 | INFO: Draco encoder: Encoding mesh Branch led scale foliage 1961.
14:57:44 | INFO: Draco encoder: Encoding mesh Branch led scale foliage 1962.
14:57:44 | INFO: Draco encoder: Encoding mesh Branch led scale foliage 1963.
14:57:44 | INFO: Draco encoder: Encoding mesh Branch led scale foliage 1964.
14:57:44 | INFO: Draco encoder: Encoding mesh Branch led scale foliage 1965.
14:57:44 | INFO: Draco encoder: Encoding mesh Branch led scale foliage 1966.
14:57:44 | INFO: Draco encoder: Encoding mesh Branch led scale foliage 1967.
14:57:44 | INFO: Draco encoder: Encoding mesh Branch led scale foliage 1968.
14:57:44 | INFO: Draco encoder: Encoding mesh Branch led scale foliage 1969.
14:57:44 | INFO: Draco encoder: Encoding mesh Branch led scale foliage 1970.
14:57:44 | INFO: Draco encoder: Encoding mesh Branch led scale foliage 1971.
14:57:44 | INFO: Draco encoder: Encoding mesh Branch led scale foliage 1972.
14:57:44 | INFO: Draco encoder: Encoding mesh Branch led scale foliage 1973.
14:57:44 | INFO: Draco encoder: Encoding mesh Branch led scale foliage 1974.
14:57:44 | INFO: Draco encoder: Encoding mesh Branch led scale foliage 1975.
14:57:44 | INFO: Draco encoder: Encoding mesh Branch led scale foliage 1976.
14:57:44 | INFO: Draco encoder: Encoding mesh Branch led scale foliage 1977.
14:57:44 | INFO: Draco encoder: Encoding mesh Branch led scale foliage 1978.
14:57:44 | INFO: Draco encoder: Encoding mesh Branch led scale foliage 1979.
14:57:44 | INFO: Draco encoder: Encoding mesh Branch led scale foliage 1980.
14:57:44 | INFO: Draco encoder: Encoding mesh Branch led scale foliage 1981.
14:57:44 | INFO: Draco encoder: Encoding mesh Branch led scale foliage 1982.
14:57:44 | INFO: Draco encoder: Encoding mesh Branch led scale foliage 1983.
14:57:44 | INFO: Draco encoder: Encoding mesh Branch led scale foliage 1984.
14:57:44 | INFO: Draco encoder: Encoding mesh Branch led scale foliage 1985.
14:57:44 | INFO: Draco encoder: Encoding mesh Branch led scale foliage 1986.
14:57:44 | INFO: Draco encoder: Encoding mesh Branch led scale foliage 1987.
14:57:44 | INFO: Draco encoder: Encoding mesh Branch led scale foliage 1988.
14:57:44 | INFO: Draco encoder: Encoding mesh Branch led scale foliage 1989.
14:57:44 | INFO: Draco encoder: Encoding mesh Branch led scale foliage 1990.
14:57:44 | INFO: Draco encoder: Encoding mesh Branch led scale foliage 1991.
14:57:44 | INFO: Draco encoder: Encoding mesh Branch led scale foliage 1992.
14:57:44 | INFO: Draco encoder: Encoding mesh Branch led scale foliage 1993.
14:57:44 | INFO: Draco encoder: Encoding mesh Branch led scale foliage 1994.
14:57:44 | INFO: Draco encoder: Encoding mesh Branch led scale foliage 1995.
14:57:44 | INFO: Draco encoder: Encoding mesh Branch led scale foliage 1996.
14:57:44 | INFO: Draco encoder: Encoding mesh Branch led scale foliage 1997.
14:57:44 | INFO: Draco encoder: Encoding mesh Branch led scale foliage 1998.
14:57:44 | INFO: Draco encoder: Encoding mesh Branch led scale foliage 1999.
14:57:44 | INFO: Draco encoder: Encoding mesh Branch led scale foliage 2000.
14:57:44 | INFO: Draco encoder: Encoding mesh Branch led scale foliage 2001.
14:57:44 | INFO: Draco encoder: Encoding mesh Branch led scale foliage 2002.
14:57:44 | INFO: Draco encoder: Encoding mesh Branch led scale foliage 2003.
14:57:44 | INFO: Draco encoder: Encoding mesh Branch led scale foliage 2004.
14:57:44 | INFO: Draco encoder: Encoding mesh Branch led scale foliage 2005.
14:57:44 | INFO: Draco encoder: Encoding mesh Branch led scale foliage 2006.
14:57:44 | INFO: Draco encoder: Encoding mesh Branch led scale foliage 2007.
14:57:44 | INFO: Draco encoder: Encoding mesh Branch led scale foliage 2008.
14:57:44 | INFO: Draco encoder: Encoding mesh Branch led scale foliage 2009.
14:57:44 | INFO: Draco encoder: Encoding mesh Branch led scale foliage 2010.
14:57:44 | INFO: Draco encoder: Encoding mesh Branch led scale foliage 2011.
14:57:44 | INFO: Draco encoder: Encoding mesh Branch led scale foliage 2012.
14:57:44 | INFO: Draco encoder: Encoding mesh Branch led scale foliage 2013.
14:57:44 | INFO: Draco encoder: Encoding mesh Branch led scale foliage 2014.
14:57:44 | INFO: Draco encoder: Encoding mesh Branch led scale foliage 2015.
14:57:44 | INFO: Draco encoder: Encoding mesh Branch led scale foliage 2016.
14:57:44 | INFO: Draco encoder: Encoding mesh Branch led scale foliage 2017.
14:57:44 | INFO: Draco encoder: Encoding mesh Branch led scale foliage 2018.
14:57:44 | INFO: Draco encoder: Encoding mesh Branch led scale foliage 2019.
14:57:44 | INFO: Draco encoder: Encoding mesh Branch led scale foliage 2020.
14:57:44 | INFO: Draco encoder: Encoding mesh Branch led scale foliage 2021.
14:57:44 | INFO: Draco encoder: Encoding mesh Branch led scale foliage 2022.
14:57:44 | INFO: Draco encoder: Encoding mesh Branch led scale foliage 2023.
14:57:44 | INFO: Draco encoder: Encoding mesh Branch led scale foliage 2024.
14:57:44 | INFO: Draco encoder: Encoding mesh Branch led scale foliage 2025.
14:57:44 | INFO: Draco encoder: Encoding mesh Branch led scale foliage 2026.
14:57:44 | INFO: Draco encoder: Encoding mesh Branch led scale foliage 2027.
14:57:44 | INFO: Draco encoder: Encoding mesh Branch led scale foliage 2028.
14:57:44 | INFO: Draco encoder: Encoding mesh Branch led scale foliage 2029.
14:57:44 | INFO: Draco encoder: Encoding mesh Branch led scale foliage 2030.
14:57:44 | INFO: Draco encoder: Encoding mesh Branch led scale foliage 2031.
14:57:44 | INFO: Draco encoder: Encoding mesh Branch led scale foliage 2032.
14:57:44 | INFO: Draco encoder: Encoding mesh Branch led scale foliage 2033.
14:57:44 | INFO: Draco encoder: Encoding mesh Branch led scale foliage 2034.
14:57:44 | INFO: Draco encoder: Encoding mesh Branch led scale foliage 2035.
14:57:44 | INFO: Draco encoder: Encoding mesh Branch led scale foliage 2036.
14:57:44 | INFO: Draco encoder: Encoding mesh Branch led scale foliage 2037.
14:57:44 | INFO: Draco encoder: Encoding mesh Branch led scale foliage 2038.
14:57:44 | INFO: Draco encoder: Encoding mesh Branch led scale foliage 2039.
14:57:44 | INFO: Draco encoder: Encoding mesh Branch led scale foliage 2040.
14:57:44 | INFO: Draco encoder: Encoding mesh Branch led scale foliage 2041.
14:57:44 | INFO: Draco encoder: Encoding mesh Branch led scale foliage 2042.
14:57:44 | INFO: Draco encoder: Encoding mesh Branch led scale foliage 2043.
14:57:44 | INFO: Draco encoder: Encoding mesh Branch led scale foliage 2044.
14:57:44 | INFO: Draco encoder: Encoding mesh Branch led scale foliage 2045.
14:57:44 | INFO: Draco encoder: Encoding mesh Branch led scale foliage 2046.
14:57:44 | INFO: Draco encoder: Encoding mesh Branch led scale foliage 2047.
14:57:44 | INFO: Draco encoder: Encoding mesh Branch led scale foliage 2048.
14:57:44 | INFO: Draco encoder: Encoding mesh Branch led scale foliage 2049.
14:57:44 | INFO: Draco encoder: Encoding mesh Branch led scale foliage 2050.
14:57:44 | INFO: Draco encoder: Encoding mesh Branch led scale foliage 2051.
14:57:44 | INFO: Draco encoder: Encoding mesh Branch led scale foliage 2052.
14:57:44 | INFO: Draco encoder: Encoding mesh Branch led scale foliage 2053.
14:57:44 | INFO: Draco encoder: Encoding mesh Branch led scale foliage 2054.
14:57:44 | INFO: Draco encoder: Encoding mesh Branch led scale foliage 2055.
14:57:44 | INFO: Draco encoder: Encoding mesh Branch led scale foliage 2056.
14:57:44 | INFO: Draco encoder: Encoding mesh Branch led scale foliage 2057.
14:57:44 | INFO: Draco encoder: Encoding mesh Branch led scale foliage 2058.
14:57:44 | INFO: Draco encoder: Encoding mesh Branch led scale foliage 2059.
14:57:44 | INFO: Draco encoder: Encoding mesh Branch led scale foliage 2060.
14:57:44 | INFO: Draco encoder: Encoding mesh Branch led scale foliage 2061.
14:57:44 | INFO: Draco encoder: Encoding mesh Branch led scale foliage 2062.
14:57:44 | INFO: Draco encoder: Encoding mesh Branch led scale foliage 2063.
14:57:44 | INFO: Draco encoder: Encoding mesh Branch led scale foliage 2064.
14:57:44 | INFO: Draco encoder: Encoding mesh Branch led scale foliage 2065.
14:57:44 | INFO: Draco encoder: Encoding mesh Branch led scale foliage 2066.
14:57:44 | INFO: Draco encoder: Encoding mesh Branch led scale foliage 2067.
14:57:44 | INFO: Draco encoder: Encoding mesh Branch led scale foliage 2068.
14:57:44 | INFO: Draco encoder: Encoding mesh Branch led scale foliage 2069.
14:57:44 | INFO: Draco encoder: Encoding mesh Branch led scale foliage 2070.
14:57:44 | INFO: Draco encoder: Encoding mesh Branch led scale foliage 2071.
14:57:44 | INFO: Draco encoder: Encoding mesh Branch led scale foliage 2072.
14:57:44 | INFO: Draco encoder: Encoding mesh Branch led scale foliage 2073.
14:57:44 | INFO: Draco encoder: Encoding mesh Branch led scale foliage 2074.
14:57:44 | INFO: Draco encoder: Encoding mesh Branch led scale foliage 2075.
14:57:44 | INFO: Draco encoder: Encoding mesh Branch led scale foliage 2076.
14:57:44 | INFO: Draco encoder: Encoding mesh Branch led scale foliage 2077.
14:57:44 | INFO: Draco encoder: Encoding mesh Branch led scale foliage 2078.
14:57:44 | INFO: Draco encoder: Encoding mesh Branch led scale foliage 2079.
14:57:44 | INFO: Draco encoder: Encoding mesh Branch led scale foliage 2080.
14:57:44 | INFO: Draco encoder: Encoding mesh Branch led scale foliage 2081.
14:57:44 | INFO: Draco encoder: Encoding mesh Branch led scale foliage 2082.
14:57:44 | INFO: Draco encoder: Encoding mesh Branch led scale foliage 2083.
14:57:44 | INFO: Draco encoder: Encoding mesh Branch led scale foliage 2084.
14:57:44 | INFO: Draco encoder: Encoding mesh Branch led scale foliage 2085.
14:57:44 | INFO: Draco encoder: Encoding mesh Branch led scale foliage 2086.
14:57:44 | INFO: Draco encoder: Encoding mesh Branch led scale foliage 2087.
14:57:44 | INFO: Draco encoder: Encoding mesh Branch led scale foliage 2088.
14:57:44 | INFO: Draco encoder: Encoding mesh Branch led scale foliage 2089.
14:57:44 | INFO: Draco encoder: Encoding mesh Branch led scale foliage 2090.
14:57:44 | INFO: Draco encoder: Encoding mesh Branch led scale foliage 2091.
14:57:44 | INFO: Draco encoder: Encoding mesh Branch led scale foliage 2092.
14:57:44 | INFO: Draco encoder: Encoding mesh Branch led scale foliage 2093.
14:57:44 | INFO: Draco encoder: Encoding mesh Branch led scale foliage 2094.
14:57:44 | INFO: Draco encoder: Encoding mesh Branch led scale foliage 2095.
14:57:44 | INFO: Draco encoder: Encoding mesh Branch led scale foliage 2096.
14:57:44 | INFO: Draco encoder: Encoding mesh Branch led scale foliage 2097.
14:57:44 | INFO: Draco encoder: Encoding mesh Branch led scale foliage 2098.
14:57:44 | INFO: Draco encoder: Encoding mesh Branch led scale foliage 2099.
14:57:44 | INFO: Draco encoder: Encoding mesh Branch led scale foliage 2100.
14:57:44 | INFO: Draco encoder: Encoding mesh Branch led scale foliage 2101.
14:57:44 | INFO: Draco encoder: Encoding mesh Branch led scale foliage 2102.
14:57:44 | INFO: Draco encoder: Encoding mesh Branch led scale foliage 2103.
14:57:44 | INFO: Draco encoder: Encoding mesh Branch led scale foliage 2104.
14:57:44 | INFO: Draco encoder: Encoding mesh Branch led scale foliage 2105.
14:57:44 | INFO: Draco encoder: Encoding mesh Branch led scale foliage 2106.
14:57:44 | INFO: Draco encoder: Encoding mesh Branch led scale foliage 2107.
14:57:44 | INFO: Draco encoder: Encoding mesh Branch led scale foliage 2108.
14:57:44 | INFO: Draco encoder: Encoding mesh Branch led scale foliage 2109.
14:57:44 | INFO: Draco encoder: Encoding mesh Branch led scale foliage 2110.
14:57:44 | INFO: Draco encoder: Encoding mesh Branch led scale foliage 2111.
14:57:44 | INFO: Draco encoder: Encoding mesh Branch led scale foliage 2112.
14:57:44 | INFO: Draco encoder: Encoding mesh Branch led scale foliage 2113.
14:57:44 | INFO: Draco encoder: Encoding mesh Branch led scale foliage 2114.
14:57:44 | INFO: Draco encoder: Encoding mesh Branch led scale foliage 2115.
14:57:44 | INFO: Draco encoder: Encoding mesh Branch led scale foliage 2116.
14:57:44 | INFO: Draco encoder: Encoding mesh Branch led scale foliage 2117.
14:57:44 | INFO: Draco encoder: Encoding mesh Branch led scale foliage 2118.
14:57:44 | INFO: Draco encoder: Encoding mesh Branch led scale foliage 2119.
14:57:44 | INFO: Draco encoder: Encoding mesh Branch led scale foliage 2120.
14:57:44 | INFO: Draco encoder: Encoding mesh Branch led scale foliage 2121.
14:57:44 | INFO: Draco encoder: Encoding mesh Branch led scale foliage 2122.
14:57:44 | INFO: Draco encoder: Encoding mesh Branch led scale foliage 2123.
14:57:44 | INFO: Draco encoder: Encoding mesh Branch led scale foliage 2124.
14:57:44 | INFO: Draco encoder: Encoding mesh Branch led scale foliage 2125.
14:57:44 | INFO: Draco encoder: Encoding mesh Branch led scale foliage 2126.
14:57:44 | INFO: Draco encoder: Encoding mesh Branch led scale foliage 2127.
14:57:44 | INFO: Draco encoder: Encoding mesh Branch led scale foliage 2128.
14:57:44 | INFO: Draco encoder: Encoding mesh Branch led scale foliage 2129.
14:57:44 | INFO: Draco encoder: Encoding mesh Branch led scale foliage 2130.
14:57:44 | INFO: Draco encoder: Encoding mesh Branch led scale foliage 2131.
14:57:44 | INFO: Draco encoder: Encoding mesh Branch led scale foliage 2132.
14:57:44 | INFO: Draco encoder: Encoding mesh Branch led scale foliage 2133.
14:57:44 | INFO: Draco encoder: Encoding mesh Branch led scale foliage 2134.
14:57:44 | INFO: Draco encoder: Encoding mesh Branch led scale foliage 2135.
14:57:44 | INFO: Draco encoder: Encoding mesh Branch led scale foliage 2136.
14:57:44 | INFO: Draco encoder: Encoding mesh Branch led scale foliage 2137.
14:57:44 | INFO: Draco encoder: Encoding mesh Branch led scale foliage 2138.
14:57:44 | INFO: Draco encoder: Encoding mesh Branch led scale foliage 2139.
14:57:44 | INFO: Draco encoder: Encoding mesh Branch led scale foliage 2140.
14:57:44 | INFO: Draco encoder: Encoding mesh Branch led scale foliage 2141.
14:57:44 | INFO: Draco encoder: Encoding mesh Branch led scale foliage 2142.
14:57:44 | INFO: Draco encoder: Encoding mesh Branch led scale foliage 2143.
14:57:44 | INFO: Draco encoder: Encoding mesh Branch led scale foliage 2144.
14:57:44 | INFO: Draco encoder: Encoding mesh Branch led scale foliage 2145.
14:57:44 | INFO: Draco encoder: Encoding mesh Branch led scale foliage 2146.
14:57:44 | INFO: Draco encoder: Encoding mesh Branch led scale foliage 2147.
14:57:44 | INFO: Draco encoder: Encoding mesh Branch led scale foliage 2148.
14:57:44 | INFO: Draco encoder: Encoding mesh Branch led scale foliage 2149.
14:57:44 | INFO: Draco encoder: Encoding mesh Branch led scale foliage 2150.
14:57:44 | INFO: Draco encoder: Encoding mesh Branch led scale foliage 2151.
14:57:44 | INFO: Draco encoder: Encoding mesh Branch led scale foliage 2152.
14:57:44 | INFO: Draco encoder: Encoding mesh Branch led scale foliage 2153.
14:57:44 | INFO: Draco encoder: Encoding mesh Branch led scale foliage 2154.
14:57:44 | INFO: Draco encoder: Encoding mesh Branch led scale foliage 2155.
14:57:44 | INFO: Draco encoder: Encoding mesh Branch led scale foliage 2156.
14:57:44 | INFO: Draco encoder: Encoding mesh Branch led scale foliage 2157.
14:57:44 | INFO: Draco encoder: Encoding mesh Branch led scale foliage 2158.
14:57:44 | INFO: Draco encoder: Encoding mesh Branch led scale foliage 2159.
14:57:44 | INFO: Draco encoder: Encoding mesh Branch led scale foliage 2160.
14:57:44 | INFO: Draco encoder: Encoding mesh Branch led scale foliage 2161.
14:57:44 | INFO: Draco encoder: Encoding mesh Branch led scale foliage 2162.
14:57:44 | INFO: Draco encoder: Encoding mesh Branch led scale foliage 2163.
14:57:44 | INFO: Draco encoder: Encoding mesh Branch led scale foliage 2164.
14:57:44 | INFO: Draco encoder: Encoding mesh Branch led scale foliage 2165.
14:57:44 | INFO: Draco encoder: Encoding mesh Branch led scale foliage 2166.
14:57:44 | INFO: Draco encoder: Encoding mesh Branch led scale foliage 2167.
14:57:44 | INFO: Draco encoder: Encoding mesh Branch led scale foliage 2168.
14:57:44 | INFO: Draco encoder: Encoding mesh Branch led scale foliage 2169.
14:57:44 | INFO: Draco encoder: Encoding mesh Branch led scale foliage 2170.
14:57:44 | INFO: Draco encoder: Encoding mesh Branch led scale foliage 2171.
14:57:44 | INFO: Draco encoder: Encoding mesh Branch led scale foliage 2172.
14:57:44 | INFO: Draco encoder: Encoding mesh Branch led scale foliage 2173.
14:57:44 | INFO: Draco encoder: Encoding mesh Branch led scale foliage 2174.
14:57:44 | INFO: Draco encoder: Encoding mesh Branch led scale foliage 2175.
14:57:44 | INFO: Draco encoder: Encoding mesh Branch led scale foliage 2176.
14:57:44 | INFO: Draco encoder: Encoding mesh Branch led scale foliage 2177.
14:57:44 | INFO: Draco encoder: Encoding mesh Branch led scale foliage 2178.
14:57:44 | INFO: Draco encoder: Encoding mesh Branch led scale foliage 2179.
14:57:44 | INFO: Draco encoder: Encoding mesh Branch led scale foliage 2180.
14:57:44 | INFO: Draco encoder: Encoding mesh Branch led scale foliage 2181.
14:57:44 | INFO: Draco encoder: Encoding mesh Branch led scale foliage 2182.
14:57:44 | INFO: Draco encoder: Encoding mesh Branch led scale foliage 2183.
14:57:44 | INFO: Draco encoder: Encoding mesh Branch led scale foliage 2184.
14:57:44 | INFO: Draco encoder: Encoding mesh Branch led scale foliage 2185.
14:57:44 | INFO: Draco encoder: Encoding mesh Branch led scale foliage 2186.
14:57:44 | INFO: Draco encoder: Encoding mesh Branch led scale foliage 2187.
14:57:44 | INFO: Draco encoder: Encoding mesh Branch led scale foliage 2188.
14:57:44 | INFO: Draco encoder: Encoding mesh Branch led scale foliage 2189.
14:57:44 | INFO: Draco encoder: Encoding mesh Branch led scale foliage 2190.
14:57:44 | INFO: Draco encoder: Encoding mesh Branch led scale foliage 2191.
14:57:44 | INFO: Draco encoder: Encoding mesh Branch led scale foliage 2192.
14:57:44 | INFO: Draco encoder: Encoding mesh Branch led scale foliage 2193.
14:57:44 | INFO: Draco encoder: Encoding mesh Branch led scale foliage 2194.
14:57:44 | INFO: Draco encoder: Encoding mesh Branch led scale foliage 2195.
14:57:44 | INFO: Draco encoder: Encoding mesh Branch led scale foliage 2196.
14:57:44 | INFO: Draco encoder: Encoding mesh Branch led scale foliage 2197.
14:57:44 | INFO: Draco encoder: Encoding mesh Branch led scale foliage 2198.
14:57:44 | INFO: Draco encoder: Encoding mesh Branch led scale foliage 2199.
14:57:44 | INFO: Draco encoder: Encoding mesh Branch led scale foliage 2200.
14:57:44 | INFO: Draco encoder: Encoding mesh Branch led scale foliage 2201.
14:57:44 | INFO: Draco encoder: Encoding mesh Branch led scale foliage 2202.
14:57:44 | INFO: Draco encoder: Encoding mesh Branch led scale foliage 2203.
14:57:44 | INFO: Draco encoder: Encoding mesh Branch led scale foliage 2204.
14:57:44 | INFO: Draco encoder: Encoding mesh Branch led scale foliage 2205.
14:57:44 | INFO: Draco encoder: Encoding mesh Branch led scale foliage 2206.
14:57:44 | INFO: Draco encoder: Encoding mesh Branch led scale foliage 2207.
14:57:44 | INFO: Draco encoder: Encoding mesh Branch led scale foliage 2208.
14:57:44 | INFO: Draco encoder: Encoding mesh Branch led scale foliage 2209.
14:57:44 | INFO: Draco encoder: Encoding mesh Branch led scale foliage 2210.
14:57:44 | INFO: Draco encoder: Encoding mesh Branch led scale foliage 2211.
14:57:44 | INFO: Draco encoder: Encoding mesh Branch led scale foliage 2212.
14:57:44 | INFO: Draco encoder: Encoding mesh Branch led scale foliage 2213.
14:57:44 | INFO: Draco encoder: Encoding mesh Branch led scale foliage 2214.
14:57:44 | INFO: Draco encoder: Encoding mesh Branch led scale foliage 2215.
14:57:44 | INFO: Draco encoder: Encoding mesh Branch led scale foliage 2216.
14:57:44 | INFO: Draco encoder: Encoding mesh Branch led scale foliage 2217.
14:57:44 | INFO: Draco encoder: Encoding mesh Branch led scale foliage 2218.
14:57:44 | INFO: Draco encoder: Encoding mesh Branch led scale foliage 2219.
14:57:44 | INFO: Draco encoder: Encoding mesh Branch led scale foliage 2220.
14:57:44 | INFO: Draco encoder: Encoding mesh Branch led scale foliage 2221.
14:57:44 | INFO: Draco encoder: Encoding mesh Branch led scale foliage 2222.
14:57:44 | INFO: Draco encoder: Encoding mesh Branch led scale foliage 2223.
14:57:44 | INFO: Draco encoder: Encoding mesh Branch led scale foliage 2224.
14:57:44 | INFO: Draco encoder: Encoding mesh Branch led scale foliage 2225.
14:57:44 | INFO: Draco encoder: Encoding mesh Branch led scale foliage 2226.
14:57:44 | INFO: Draco encoder: Encoding mesh Branch led scale foliage 2227.
14:57:44 | INFO: Draco encoder: Encoding mesh Branch led scale foliage 2228.
14:57:44 | INFO: Draco encoder: Encoding mesh Branch led scale foliage 2229.
14:57:44 | INFO: Draco encoder: Encoding mesh Branch led scale foliage 2230.
14:57:44 | INFO: Draco encoder: Encoding mesh Branch led scale foliage 2231.
14:57:44 | INFO: Draco encoder: Encoding mesh Branch led scale foliage 2232.
14:57:44 | INFO: Draco encoder: Encoding mesh Branch led scale foliage 2233.
14:57:44 | INFO: Draco encoder: Encoding mesh Branch led scale foliage 2234.
14:57:44 | INFO: Draco encoder: Encoding mesh Branch led scale foliage 2235.
14:57:44 | INFO: Draco encoder: Encoding mesh Branch led scale foliage 2236.
14:57:44 | INFO: Draco encoder: Encoding mesh Branch led scale foliage 2237.
14:57:44 | INFO: Draco encoder: Encoding mesh Branch led scale foliage 2238.
14:57:44 | INFO: Draco encoder: Encoding mesh Branch led scale foliage 2239.
14:57:44 | INFO: Draco encoder: Encoding mesh Branch led scale foliage 2240.
14:57:44 | INFO: Draco encoder: Encoding mesh Branch led scale foliage 2241.
14:57:44 | INFO: Draco encoder: Encoding mesh Branch led scale foliage 2242.
14:57:44 | INFO: Draco encoder: Encoding mesh Branch led scale foliage 2243.
14:57:44 | INFO: Draco encoder: Encoding mesh Branch led scale foliage 2244.
14:57:44 | INFO: Draco encoder: Encoding mesh Branch led scale foliage 2245.
14:57:44 | INFO: Draco encoder: Encoding mesh Branch led scale foliage 2246.
14:57:44 | INFO: Draco encoder: Encoding mesh Branch led scale foliage 2247.
14:57:44 | INFO: Draco encoder: Encoding mesh Branch led scale foliage 2248.
14:57:44 | INFO: Draco encoder: Encoding mesh Branch led scale foliage 2249.
14:57:44 | INFO: Draco encoder: Encoding mesh Branch led scale foliage 2250.
14:57:44 | INFO: Draco encoder: Encoding mesh Branch led scale foliage 2251.
14:57:44 | INFO: Draco encoder: Encoding mesh Branch led scale foliage 2252.
14:57:44 | INFO: Draco encoder: Encoding mesh Branch led scale foliage 2253.
14:57:44 | INFO: Draco encoder: Encoding mesh Branch led scale foliage 2254.
14:57:44 | INFO: Draco encoder: Encoding mesh Branch led scale foliage 2255.
14:57:44 | INFO: Draco encoder: Encoding mesh Branch led scale foliage 2256.
14:57:44 | INFO: Draco encoder: Encoding mesh Branch led scale foliage 2257.
14:57:44 | INFO: Draco encoder: Encoding mesh Branch led scale foliage 2258.
14:57:44 | INFO: Draco encoder: Encoding mesh Branch led scale foliage 2259.
14:57:44 | INFO: Draco encoder: Encoding mesh Branch led scale foliage 2260.
14:57:44 | INFO: Draco encoder: Encoding mesh Branch led scale foliage 2261.
14:57:44 | INFO: Draco encoder: Encoding mesh Branch led scale foliage 2262.
14:57:44 | INFO: Draco encoder: Encoding mesh Branch led scale foliage 2263.
14:57:44 | INFO: Draco encoder: Encoding mesh Branch led scale foliage 2264.
14:57:44 | INFO: Draco encoder: Encoding mesh Branch led scale foliage 2265.
14:57:44 | INFO: Draco encoder: Encoding mesh Branch led scale foliage 2266.
14:57:44 | INFO: Draco encoder: Encoding mesh Branch led scale foliage 2267.
14:57:44 | INFO: Draco encoder: Encoding mesh Branch led scale foliage 2268.
14:57:44 | INFO: Draco encoder: Encoding mesh Branch led scale foliage 2269.
14:57:44 | INFO: Draco encoder: Encoding mesh Branch led scale foliage 2270.
14:57:44 | INFO: Draco encoder: Encoding mesh Branch led scale foliage 2271.
14:57:44 | INFO: Draco encoder: Encoding mesh Branch led scale foliage 2272.
14:57:44 | INFO: Draco encoder: Encoding mesh Branch led scale foliage 2273.
14:57:44 | INFO: Draco encoder: Encoding mesh Branch led scale foliage 2274.
14:57:44 | INFO: Draco encoder: Encoding mesh Branch led scale foliage 2275.
14:57:44 | INFO: Draco encoder: Encoding mesh Branch led scale foliage 2276.
14:57:44 | INFO: Draco encoder: Encoding mesh Branch led scale foliage 2277.
14:57:44 | INFO: Draco encoder: Encoding mesh Branch led scale foliage 2278.
14:57:44 | INFO: Draco encoder: Encoding mesh Branch led scale foliage 2279.
14:57:44 | INFO: Draco encoder: Encoding mesh Branch led scale foliage 2280.
14:57:44 | INFO: Draco encoder: Encoding mesh Branch led scale foliage 2281.
14:57:44 | INFO: Draco encoder: Encoding mesh Branch led scale foliage 2282.
14:57:44 | INFO: Draco encoder: Encoding mesh Branch led scale foliage 2283.
14:57:44 | INFO: Draco encoder: Encoding mesh Branch led scale foliage 2284.
14:57:44 | INFO: Draco encoder: Encoding mesh Branch led scale foliage 2285.
14:57:44 | INFO: Draco encoder: Encoding mesh Branch led scale foliage 2286.
14:57:44 | INFO: Draco encoder: Encoding mesh Branch led scale foliage 2287.
14:57:44 | INFO: Draco encoder: Encoding mesh Branch led scale foliage 2288.
14:57:44 | INFO: Draco encoder: Encoding mesh Branch led scale foliage 2289.
14:57:44 | INFO: Draco encoder: Encoding mesh Branch led scale foliage 2290.
14:57:44 | INFO: Draco encoder: Encoding mesh Branch led scale foliage 2291.
14:57:44 | INFO: Draco encoder: Encoding mesh Branch led scale foliage 2292.
14:57:44 | INFO: Draco encoder: Encoding mesh Branch led scale foliage 2293.
14:57:44 | INFO: Draco encoder: Encoding mesh Branch led scale foliage 2294.
14:57:44 | INFO: Draco encoder: Encoding mesh Branch led scale foliage 2295.
14:57:44 | INFO: Draco encoder: Encoding mesh Branch led scale foliage 2296.
14:57:44 | INFO: Draco encoder: Encoding mesh Branch led scale foliage 2297.
14:57:44 | INFO: Draco encoder: Encoding mesh Branch led scale foliage 2298.
14:57:44 | INFO: Draco encoder: Encoding mesh Branch led scale foliage 2299.
14:57:44 | INFO: Draco encoder: Encoding mesh Branch led scale foliage 2300.
14:57:44 | INFO: Draco encoder: Encoding mesh Branch led scale foliage 2301.
14:57:44 | INFO: Draco encoder: Encoding mesh Branch led scale foliage 2302.
14:57:44 | INFO: Draco encoder: Encoding mesh Branch led scale foliage 2303.
14:57:44 | INFO: Draco encoder: Encoding mesh Branch led scale foliage 2304.
14:57:44 | INFO: Draco encoder: Encoding mesh Branch led scale foliage 2305.
14:57:44 | INFO: Draco encoder: Encoding mesh Branch led scale foliage 2306.
14:57:44 | INFO: Draco encoder: Encoding mesh Branch led scale foliage 2307.
14:57:44 | INFO: Draco encoder: Encoding mesh Branch led scale foliage 2308.
14:57:44 | INFO: Draco encoder: Encoding mesh Branch led scale foliage 2309.
14:57:44 | INFO: Draco encoder: Encoding mesh Branch led scale foliage 2310.
14:57:44 | INFO: Draco encoder: Encoding mesh Branch led scale foliage 2311.
14:57:44 | INFO: Draco encoder: Encoding mesh Branch led scale foliage 2312.
14:57:44 | INFO: Draco encoder: Encoding mesh Branch led scale foliage 2313.
14:57:44 | INFO: Draco encoder: Encoding mesh Branch led scale foliage 2314.
14:57:44 | INFO: Draco encoder: Encoding mesh Branch led scale foliage 2315.
14:57:44 | INFO: Draco encoder: Encoding mesh Branch led scale foliage 2316.
14:57:44 | INFO: Draco encoder: Encoding mesh Branch led scale foliage 2317.
14:57:44 | INFO: Draco encoder: Encoding mesh Branch led scale foliage 2318.
14:57:44 | INFO: Draco encoder: Encoding mesh Branch led scale foliage 2319.
14:57:44 | INFO: Draco encoder: Encoding mesh Branch led scale foliage 2320.
14:57:44 | INFO: Draco encoder: Encoding mesh Branch led scale foliage 2321.
14:57:44 | INFO: Draco encoder: Encoding mesh Branch led scale foliage 2322.
14:57:44 | INFO: Draco encoder: Encoding mesh Branch led scale foliage 2323.
14:57:44 | INFO: Draco encoder: Encoding mesh Branch led scale foliage 2324.
14:57:44 | INFO: Draco encoder: Encoding mesh Branch led scale foliage 2325.
14:57:44 | INFO: Draco encoder: Encoding mesh Branch led scale foliage 2326.
14:57:44 | INFO: Draco encoder: Encoding mesh Branch led scale foliage 2327.
14:57:44 | INFO: Draco encoder: Encoding mesh Branch led scale foliage 2328.
14:57:44 | INFO: Draco encoder: Encoding mesh Branch led scale foliage 2329.
14:57:44 | INFO: Draco encoder: Encoding mesh Branch led scale foliage 2330.
14:57:44 | INFO: Draco encoder: Encoding mesh Branch led scale foliage 2331.
14:57:44 | INFO: Draco encoder: Encoding mesh Branch led scale foliage 2332.
14:57:44 | INFO: Draco encoder: Encoding mesh Branch led scale foliage 2333.
14:57:44 | INFO: Draco encoder: Encoding mesh Branch led scale foliage 2334.
14:57:44 | INFO: Draco encoder: Encoding mesh Branch led scale foliage 2335.
14:57:44 | INFO: Draco encoder: Encoding mesh Branch led scale foliage 2336.
14:57:44 | INFO: Draco encoder: Encoding mesh Branch led scale foliage 2337.
14:57:44 | INFO: Draco encoder: Encoding mesh Branch led scale foliage 2338.
14:57:44 | INFO: Draco encoder: Encoding mesh Branch led scale foliage 2339.
14:57:44 | INFO: Draco encoder: Encoding mesh Branch led scale foliage 2340.
14:57:44 | INFO: Draco encoder: Encoding mesh Branch led scale foliage 2341.
14:57:44 | INFO: Draco encoder: Encoding mesh Branch led scale foliage 2342.
14:57:44 | INFO: Draco encoder: Encoding mesh Branch led scale foliage 2343.
14:57:44 | INFO: Draco encoder: Encoding mesh Branch led scale foliage 2344.
14:57:44 | INFO: Draco encoder: Encoding mesh Branch led scale foliage 2345.
14:57:44 | INFO: Draco encoder: Encoding mesh Branch led scale foliage 2346.
14:57:44 | INFO: Draco encoder: Encoding mesh Branch led scale foliage 2347.
14:57:44 | INFO: Draco encoder: Encoding mesh Branch led scale foliage 2348.
14:57:44 | INFO: Draco encoder: Encoding mesh Branch led scale foliage 2349.
14:57:44 | INFO: Draco encoder: Encoding mesh Branch led scale foliage 2350.
14:57:44 | INFO: Draco encoder: Encoding mesh Branch led scale foliage 2351.
14:57:44 | INFO: Draco encoder: Encoding mesh Branch led scale foliage 2352.
14:57:44 | INFO: Draco encoder: Encoding mesh Branch led scale foliage 2353.
14:57:44 | INFO: Draco encoder: Encoding mesh Branch led scale foliage 2354.
14:57:44 | INFO: Draco encoder: Encoding mesh Branch led scale foliage 2355.
14:57:44 | INFO: Draco encoder: Encoding mesh Branch led scale foliage 2356.
14:57:44 | INFO: Draco encoder: Encoding mesh Branch led scale foliage 2357.
14:57:44 | INFO: Draco encoder: Encoding mesh Branch led scale foliage 2358.
14:57:44 | INFO: Draco encoder: Encoding mesh Branch led scale foliage 2359.
14:57:44 | INFO: Draco encoder: Encoding mesh Branch led scale foliage 2360.
14:57:44 | INFO: Draco encoder: Encoding mesh Branch led scale foliage 2361.
14:57:44 | INFO: Draco encoder: Encoding mesh Branch led scale foliage 2362.
14:57:44 | INFO: Draco encoder: Encoding mesh Branch led scale foliage 2363.
14:57:44 | INFO: Draco encoder: Encoding mesh Branch led scale foliage 2364.
14:57:44 | INFO: Draco encoder: Encoding mesh Branch led scale foliage 2365.
14:57:44 | INFO: Draco encoder: Encoding mesh Branch led scale foliage 2366.
14:57:44 | INFO: Draco encoder: Encoding mesh Branch led scale foliage 2367.
14:57:44 | INFO: Draco encoder: Encoding mesh Branch led scale foliage 2368.
14:57:44 | INFO: Draco encoder: Encoding mesh Branch led scale foliage 2369.
14:57:44 | INFO: Draco encoder: Encoding mesh Branch led scale foliage 2370.
14:57:44 | INFO: Draco encoder: Encoding mesh Branch led scale foliage 2371.
14:57:44 | INFO: Draco encoder: Encoding mesh Branch led scale foliage 2372.
14:57:44 | INFO: Draco encoder: Encoding mesh Branch led scale foliage 2373.
14:57:44 | INFO: Draco encoder: Encoding mesh Branch led scale foliage 2374.
14:57:44 | INFO: Draco encoder: Encoding mesh Branch led scale foliage 2375.
14:57:44 | INFO: Draco encoder: Encoding mesh Branch led scale foliage 2376.
14:57:44 | INFO: Draco encoder: Encoding mesh Branch led scale foliage 2377.
14:57:44 | INFO: Draco encoder: Encoding mesh Branch led scale foliage 2378.
14:57:44 | INFO: Draco encoder: Encoding mesh Branch led scale foliage 2379.
14:57:44 | INFO: Draco encoder: Encoding mesh Branch led scale foliage 2380.
14:57:44 | INFO: Draco encoder: Encoding mesh Branch led scale foliage 2381.
14:57:44 | INFO: Draco encoder: Encoding mesh Branch led scale foliage 2382.
14:57:44 | INFO: Draco encoder: Encoding mesh Branch led scale foliage 2383.
14:57:44 | INFO: Draco encoder: Encoding mesh Branch led scale foliage 2384.
14:57:44 | INFO: Draco encoder: Encoding mesh Branch led scale foliage 2385.
14:57:44 | INFO: Draco encoder: Encoding mesh Branch led scale foliage 2386.
14:57:44 | INFO: Draco encoder: Encoding mesh Branch led scale foliage 2387.
14:57:44 | INFO: Draco encoder: Encoding mesh Branch led scale foliage 2388.
14:57:44 | INFO: Draco encoder: Encoding mesh Branch led scale foliage 2389.
14:57:44 | INFO: Draco encoder: Encoding mesh Branch led scale foliage 2390.
14:57:44 | INFO: Draco encoder: Encoding mesh Branch led scale foliage 2391.
14:57:44 | INFO: Draco encoder: Encoding mesh Branch led scale foliage 2392.
14:57:44 | INFO: Draco encoder: Encoding mesh Branch led scale foliage 2393.
14:57:44 | INFO: Draco encoder: Encoding mesh Branch led scale foliage 2394.
14:57:44 | INFO: Draco encoder: Encoding mesh Branch led scale foliage 2395.
14:57:44 | INFO: Draco encoder: Encoding mesh Branch led scale foliage 2396.
14:57:44 | INFO: Draco encoder: Encoding mesh Branch led scale foliage 2397.
14:57:44 | INFO: Draco encoder: Encoding mesh Branch led scale foliage 2398.
14:57:44 | INFO: Draco encoder: Encoding mesh Branch led scale foliage 2399.
14:57:44 | INFO: Draco encoder: Encoding mesh Branch led scale foliage 2400.
14:57:44 | INFO: Draco encoder: Encoding mesh Branch led scale foliage 2401.
14:57:44 | INFO: Draco encoder: Encoding mesh Branch led scale foliage 2402.
14:57:44 | INFO: Draco encoder: Encoding mesh Branch led scale foliage 2403.
14:57:44 | INFO: Draco encoder: Encoding mesh Branch led scale foliage 2404.
14:57:44 | INFO: Draco encoder: Encoding mesh Branch led scale foliage 2405.
14:57:44 | INFO: Draco encoder: Encoding mesh Branch led scale foliage 2406.
14:57:44 | INFO: Draco encoder: Encoding mesh Branch led scale foliage 2407.
14:57:44 | INFO: Draco encoder: Encoding mesh Branch led scale foliage 2408.
14:57:44 | INFO: Draco encoder: Encoding mesh Branch led scale foliage 2409.
14:57:44 | INFO: Draco encoder: Encoding mesh Branch led scale foliage 2410.
14:57:44 | INFO: Draco encoder: Encoding mesh Branch led scale foliage 2411.
14:57:44 | INFO: Draco encoder: Encoding mesh Branch led scale foliage 2412.
14:57:44 | INFO: Draco encoder: Encoding mesh Branch led scale foliage 2413.
14:57:44 | INFO: Draco encoder: Encoding mesh Branch led scale foliage 2414.
14:57:44 | INFO: Draco encoder: Encoding mesh Branch led scale foliage 2415.
14:57:44 | INFO: Draco encoder: Encoding mesh Branch led scale foliage 2416.
14:57:44 | INFO: Draco encoder: Encoding mesh Branch led scale foliage 2417.
14:57:44 | INFO: Draco encoder: Encoding mesh Branch led scale foliage 2418.
14:57:44 | INFO: Draco encoder: Encoding mesh Branch led scale foliage 2419.
14:57:44 | INFO: Draco encoder: Encoding mesh Branch led scale foliage 2420.
14:57:44 | INFO: Draco encoder: Encoding mesh Branch led scale foliage 2421.
14:57:44 | INFO: Draco encoder: Encoding mesh Branch led scale foliage 2422.
14:57:44 | INFO: Draco encoder: Encoding mesh Branch led scale foliage 2423.
14:57:44 | INFO: Draco encoder: Encoding mesh Branch led scale foliage 2424.
14:57:44 | INFO: Draco encoder: Encoding mesh Branch led scale foliage 2425.
14:57:44 | INFO: Draco encoder: Encoding mesh Branch led scale foliage 2426.
14:57:44 | INFO: Draco encoder: Encoding mesh Branch led scale foliage 2427.
14:57:44 | INFO: Draco encoder: Encoding mesh Branch led scale foliage 2428.
14:57:44 | INFO: Draco encoder: Encoding mesh Branch led scale foliage 2429.
14:57:44 | INFO: Draco encoder: Encoding mesh Branch led scale foliage 2430.
14:57:44 | INFO: Draco encoder: Encoding mesh Branch led scale foliage 2431.
14:57:44 | INFO: Draco encoder: Encoding mesh Branch led scale foliage 2432.
14:57:44 | INFO: Draco encoder: Encoding mesh Branch led scale foliage 2433.
14:57:44 | INFO: Draco encoder: Encoding mesh Branch led scale foliage 2434.
14:57:44 | INFO: Draco encoder: Encoding mesh Branch led scale foliage 2435.
14:57:44 | INFO: Draco encoder: Encoding mesh Branch led scale foliage 2436.
14:57:44 | INFO: Draco encoder: Encoding mesh Branch led scale foliage 2437.
14:57:44 | INFO: Draco encoder: Encoding mesh Branch led scale foliage 2438.
14:57:44 | INFO: Draco encoder: Encoding mesh Branch led scale foliage 2439.
14:57:44 | INFO: Draco encoder: Encoding mesh Branch led scale foliage 2440.
14:57:44 | INFO: Draco encoder: Encoding mesh Branch led scale foliage 2441.
14:57:44 | INFO: Draco encoder: Encoding mesh Branch led scale foliage 2442.
14:57:44 | INFO: Draco encoder: Encoding mesh Branch led scale foliage 2443.
14:57:44 | INFO: Draco encoder: Encoding mesh Branch led scale foliage 2444.
14:57:44 | INFO: Draco encoder: Encoding mesh Branch led scale foliage 2445.
14:57:44 | INFO: Draco encoder: Encoding mesh Branch led scale foliage 2446.
14:57:44 | INFO: Draco encoder: Encoding mesh Branch led scale foliage 2447.
14:57:44 | INFO: Draco encoder: Encoding mesh Branch led scale foliage 2448.
14:57:44 | INFO: Draco encoder: Encoding mesh Branch led scale foliage 2449.
14:57:44 | INFO: Draco encoder: Encoding mesh Branch led scale foliage 2450.
14:57:44 | INFO: Draco encoder: Encoding mesh Branch led scale foliage 2451.
14:57:44 | INFO: Draco encoder: Encoding mesh Branch led scale foliage 2452.
14:57:44 | INFO: Draco encoder: Encoding mesh Branch led scale foliage 2453.
14:57:44 | INFO: Draco encoder: Encoding mesh Branch led scale foliage 2454.
14:57:44 | INFO: Draco encoder: Encoding mesh Branch led scale foliage 2455.
14:57:44 | INFO: Draco encoder: Encoding mesh Branch led scale foliage 2456.
14:57:44 | INFO: Draco encoder: Encoding mesh Branch led scale foliage 2457.
14:57:44 | INFO: Draco encoder: Encoding mesh Branch led scale foliage 2458.
14:57:44 | INFO: Draco encoder: Encoding mesh Branch led scale foliage 2459.
14:57:44 | INFO: Draco encoder: Encoding mesh Branch led scale foliage 2460.
14:57:44 | INFO: Draco encoder: Encoding mesh Branch led scale foliage 2461.
14:57:44 | INFO: Draco encoder: Encoding mesh Branch led scale foliage 2462.
14:57:44 | INFO: Draco encoder: Encoding mesh Branch led scale foliage 2463.
14:57:44 | INFO: Draco encoder: Encoding mesh Branch led scale foliage 2464.
14:57:44 | INFO: Draco encoder: Encoding mesh Branch led scale foliage 2465.
14:57:44 | INFO: Draco encoder: Encoding mesh Branch led scale foliage 2466.
14:57:44 | INFO: Draco encoder: Encoding mesh Branch led scale foliage 2467.
14:57:44 | INFO: Draco encoder: Encoding mesh Branch led scale foliage 2468.
14:57:44 | INFO: Draco encoder: Encoding mesh Branch led scale foliage 2469.
14:57:44 | INFO: Draco encoder: Encoding mesh Branch led scale foliage 2470.
14:57:44 | INFO: Draco encoder: Encoding mesh Branch led scale foliage 2471.
14:57:44 | INFO: Draco encoder: Encoding mesh Branch led scale foliage 2472.
14:57:44 | INFO: Draco encoder: Encoding mesh Branch led scale foliage 2473.
14:57:44 | INFO: Draco encoder: Encoding mesh Branch led scale foliage 2474.
14:57:44 | INFO: Draco encoder: Encoding mesh Branch led scale foliage 2475.
14:57:44 | INFO: Draco encoder: Encoding mesh Branch led scale foliage 2476.
14:57:44 | INFO: Draco encoder: Encoding mesh Branch led scale foliage 2477.
14:57:44 | INFO: Draco encoder: Encoding mesh Branch led scale foliage 2478.
14:57:44 | INFO: Draco encoder: Encoding mesh Branch led scale foliage 2479.
14:57:44 | INFO: Draco encoder: Encoding mesh Branch led scale foliage 2480.
14:57:44 | INFO: Draco encoder: Encoding mesh Branch led scale foliage 2481.
14:57:44 | INFO: Draco encoder: Encoding mesh Branch led scale foliage 2482.
14:57:44 | INFO: Draco encoder: Encoding mesh Branch led scale foliage 2483.
14:57:44 | INFO: Draco encoder: Encoding mesh Branch led scale foliage 2484.
14:57:44 | INFO: Draco encoder: Encoding mesh Branch led scale foliage 2485.
14:57:44 | INFO: Draco encoder: Encoding mesh Branch led scale foliage 2486.
14:57:44 | INFO: Draco encoder: Encoding mesh Branch led scale foliage 2487.
14:57:44 | INFO: Draco encoder: Encoding mesh Branch led scale foliage 2488.
14:57:44 | INFO: Draco encoder: Encoding mesh Branch led scale foliage 2489.
14:57:44 | INFO: Draco encoder: Encoding mesh Branch led scale foliage 2490.
14:57:44 | INFO: Draco encoder: Encoding mesh Branch led scale foliage 2491.
14:57:44 | INFO: Draco encoder: Encoding mesh Branch led scale foliage 2492.
14:57:44 | INFO: Draco encoder: Encoding mesh Branch led scale foliage 2493.
14:57:44 | INFO: Draco encoder: Encoding mesh Branch led scale foliage 2494.
14:57:44 | INFO: Draco encoder: Encoding mesh Branch led scale foliage 2495.
14:57:44 | INFO: Draco encoder: Encoding mesh Branch led scale foliage 2496.
14:57:44 | INFO: Draco encoder: Encoding mesh Branch led scale foliage 2497.
14:57:44 | INFO: Draco encoder: Encoding mesh Branch led scale foliage 2498.
14:57:44 | INFO: Draco encoder: Encoding mesh Branch led scale foliage 2499.
14:57:44 | INFO: Draco encoder: Encoding mesh Branch led scale foliage 2500.
14:57:44 | INFO: Draco encoder: Encoding mesh Branch led scale foliage 2501.
14:57:44 | INFO: Draco encoder: Encoding mesh Branch led scale foliage 2502.
14:57:44 | INFO: Draco encoder: Encoding mesh Branch led scale foliage 2503.
14:57:44 | INFO: Draco encoder: Encoding mesh Branch led scale foliage 2504.
14:57:44 | INFO: Draco encoder: Encoding mesh Branch led scale foliage 2505.
14:57:44 | INFO: Draco encoder: Encoding mesh Branch led scale foliage 2506.
14:57:44 | INFO: Draco encoder: Encoding mesh Branch led scale foliage 2507.
14:57:44 | INFO: Draco encoder: Encoding mesh Branch led scale foliage 2508.
14:57:44 | INFO: Draco encoder: Encoding mesh Branch led scale foliage 2509.
14:57:44 | INFO: Draco encoder: Encoding mesh Branch led scale foliage 2510.
14:57:44 | INFO: Draco encoder: Encoding mesh Branch led scale foliage 2511.
14:57:44 | INFO: Draco encoder: Encoding mesh Branch led scale foliage 2512.
14:57:44 | INFO: Draco encoder: Encoding mesh Branch led scale foliage 2513.
14:57:44 | INFO: Draco encoder: Encoding mesh Branch led scale foliage 2514.
14:57:44 | INFO: Draco encoder: Encoding mesh Branch led scale foliage 2515.
14:57:44 | INFO: Draco encoder: Encoding mesh Branch led scale foliage 2516.
14:57:44 | INFO: Draco encoder: Encoding mesh Branch led scale foliage 2517.
14:57:44 | INFO: Draco encoder: Encoding mesh Branch led scale foliage 2518.
14:57:44 | INFO: Draco encoder: Encoding mesh Branch led scale foliage 2519.
14:57:44 | INFO: Draco encoder: Encoding mesh Branch led scale foliage 2520.
14:57:44 | INFO: Draco encoder: Encoding mesh Branch led scale foliage 2521.
14:57:44 | INFO: Draco encoder: Encoding mesh Branch led scale foliage 2522.
14:57:44 | INFO: Draco encoder: Encoding mesh Branch led scale foliage 2523.
14:57:44 | INFO: Draco encoder: Encoding mesh Branch led scale foliage 2524.
14:57:44 | INFO: Draco encoder: Encoding mesh Branch led scale foliage 2525.
14:57:44 | INFO: Draco encoder: Encoding mesh Branch led scale foliage 2526.
14:57:44 | INFO: Draco encoder: Encoding mesh Branch led scale foliage 2527.
14:57:44 | INFO: Draco encoder: Encoding mesh Branch led scale foliage 2528.
14:57:44 | INFO: Draco encoder: Encoding mesh Branch led scale foliage 2529.
14:57:44 | INFO: Draco encoder: Encoding mesh Branch led scale foliage 2530.
14:57:44 | INFO: Draco encoder: Encoding mesh Branch led scale foliage 2531.
14:57:44 | INFO: Draco encoder: Encoding mesh Branch led scale foliage 2532.
14:57:44 | INFO: Draco encoder: Encoding mesh Branch led scale foliage 2533.
14:57:44 | INFO: Draco encoder: Encoding mesh Branch led scale foliage 2534.
14:57:44 | INFO: Draco encoder: Encoding mesh Branch led scale foliage 2535.
14:57:44 | INFO: Draco encoder: Encoding mesh Branch led scale foliage 2536.
14:57:44 | INFO: Draco encoder: Encoding mesh Branch led scale foliage 2537.
14:57:44 | INFO: Draco encoder: Encoding mesh Branch led scale foliage 2538.
14:57:44 | INFO: Draco encoder: Encoding mesh Branch led scale foliage 2539.
14:57:44 | INFO: Draco encoder: Encoding mesh Branch led scale foliage 2540.
14:57:44 | INFO: Draco encoder: Encoding mesh Branch led scale foliage 2541.
14:57:44 | INFO: Draco encoder: Encoding mesh Branch led scale foliage 2542.
14:57:44 | INFO: Draco encoder: Encoding mesh Branch led scale foliage 2543.
14:57:44 | INFO: Draco encoder: Encoding mesh Branch led scale foliage 2544.
14:57:44 | INFO: Draco encoder: Encoding mesh Branch led scale foliage 2545.
14:57:44 | INFO: Draco encoder: Encoding mesh Branch led scale foliage 2546.
14:57:44 | INFO: Draco encoder: Encoding mesh Branch led scale foliage 2547.
14:57:44 | INFO: Draco encoder: Encoding mesh Branch led scale foliage 2548.
14:57:44 | INFO: Draco encoder: Encoding mesh Branch led scale foliage 2549.
14:57:44 | INFO: Draco encoder: Encoding mesh Branch led scale foliage 2550.
14:57:44 | INFO: Draco encoder: Encoding mesh Branch led scale foliage 2551.
14:57:44 | INFO: Draco encoder: Encoding mesh Branch led scale foliage 2552.
14:57:44 | INFO: Draco encoder: Encoding mesh Branch led scale foliage 2553.
14:57:44 | INFO: Draco encoder: Encoding mesh Branch led scale foliage 2554.
14:57:44 | INFO: Draco encoder: Encoding mesh Branch led scale foliage 2555.
14:57:44 | INFO: Draco encoder: Encoding mesh Branch led scale foliage 2556.
14:57:44 | INFO: Draco encoder: Encoding mesh Branch led scale foliage 2557.
14:57:44 | INFO: Draco encoder: Encoding mesh Branch led scale foliage 2558.
14:57:44 | INFO: Draco encoder: Encoding mesh Branch led scale foliage 2559.
14:57:44 | INFO: Draco encoder: Encoding mesh Branch led scale foliage 2560.
14:57:44 | INFO: Draco encoder: Encoding mesh Branch led scale foliage 2561.
14:57:44 | INFO: Draco encoder: Encoding mesh Branch led scale foliage 2562.
14:57:44 | INFO: Draco encoder: Encoding mesh Branch led scale foliage 2563.
14:57:44 | INFO: Draco encoder: Encoding mesh Branch led scale foliage 2564.
14:57:44 | INFO: Draco encoder: Encoding mesh Branch led scale foliage 2565.
14:57:44 | INFO: Draco encoder: Encoding mesh Branch led scale foliage 2566.
14:57:44 | INFO: Draco encoder: Encoding mesh Branch led scale foliage 2567.
14:57:44 | INFO: Draco encoder: Encoding mesh Branch led scale foliage 2568.
14:57:44 | INFO: Draco encoder: Encoding mesh Branch led scale foliage 2569.
14:57:44 | INFO: Draco encoder: Encoding mesh Branch led scale foliage 2570.
14:57:44 | INFO: Draco encoder: Encoding mesh Branch led scale foliage 2571.
14:57:44 | INFO: Draco encoder: Encoding mesh Branch led scale foliage 2572.
14:57:44 | INFO: Draco encoder: Encoding mesh Branch led scale foliage 2573.
14:57:44 | INFO: Draco encoder: Encoding mesh Branch led scale foliage 2574.
14:57:44 | INFO: Draco encoder: Encoding mesh Branch led scale foliage 2575.
14:57:44 | INFO: Draco encoder: Encoding mesh Branch led scale foliage 2576.
14:57:44 | INFO: Draco encoder: Encoding mesh Branch led scale foliage 2577.
14:57:44 | INFO: Draco encoder: Encoding mesh Branch led scale foliage 2578.
14:57:44 | INFO: Draco encoder: Encoding mesh Branch led scale foliage 2579.
14:57:44 | INFO: Draco encoder: Encoding mesh Branch led scale foliage 2580.
14:57:44 | INFO: Draco encoder: Encoding mesh Branch led scale foliage 2581.
14:57:44 | INFO: Draco encoder: Encoding mesh Branch led scale foliage 2582.
14:57:44 | INFO: Draco encoder: Encoding mesh Branch led scale foliage 2583.
14:57:44 | INFO: Draco encoder: Encoding mesh Branch led scale foliage 2584.
14:57:44 | INFO: Draco encoder: Encoding mesh Branch led scale foliage 2585.
14:57:44 | INFO: Draco encoder: Encoding mesh Branch led scale foliage 2586.
14:57:44 | INFO: Draco encoder: Encoding mesh Branch led scale foliage 2587.
14:57:44 | INFO: Draco encoder: Encoding mesh Branch led scale foliage 2588.
14:57:44 | INFO: Draco encoder: Encoding mesh Branch led scale foliage 2589.
14:57:44 | INFO: Draco encoder: Encoding mesh Branch led scale foliage 2590.
14:57:44 | INFO: Draco encoder: Encoding mesh Branch led scale foliage 2591.
14:57:44 | INFO: Draco encoder: Encoding mesh Branch led scale foliage 2592.
14:57:44 | INFO: Draco encoder: Encoding mesh Branch led scale foliage 2593.
14:57:44 | INFO: Draco encoder: Encoding mesh Branch led scale foliage 2594.
14:57:44 | INFO: Draco encoder: Encoding mesh Branch led scale foliage 2595.
14:57:44 | INFO: Draco encoder: Encoding mesh Branch led scale foliage 2596.
14:57:44 | INFO: Draco encoder: Encoding mesh Branch led scale foliage 2597.
14:57:44 | INFO: Draco encoder: Encoding mesh Branch led scale foliage 2598.
14:57:44 | INFO: Draco encoder: Encoding mesh Branch led scale foliage 2599.
14:57:44 | INFO: Draco encoder: Encoding mesh Branch led scale foliage 2600.
14:57:44 | INFO: Draco encoder: Encoding mesh Branch led scale foliage 2601.
14:57:44 | INFO: Draco encoder: Encoding mesh Branch led scale foliage 2602.
14:57:44 | INFO: Draco encoder: Encoding mesh Branch led scale foliage 2603.
14:57:44 | INFO: Draco encoder: Encoding mesh Branch led scale foliage 2604.
14:57:44 | INFO: Draco encoder: Encoding mesh Branch led scale foliage 2605.
14:57:44 | INFO: Draco encoder: Encoding mesh Branch led scale foliage 2606.
14:57:44 | INFO: Draco encoder: Encoding mesh Branch led scale foliage 2607.
14:57:44 | INFO: Draco encoder: Encoding mesh Branch led scale foliage 2608.
14:57:44 | INFO: Draco encoder: Encoding mesh Branch led scale foliage 2609.
14:57:44 | INFO: Draco encoder: Encoding mesh Branch led scale foliage 2610.
14:57:44 | INFO: Draco encoder: Encoding mesh Branch led scale foliage 2611.
14:57:44 | INFO: Draco encoder: Encoding mesh Branch led scale foliage 2612.
14:57:44 | INFO: Draco encoder: Encoding mesh Branch led scale foliage 2613.
14:57:44 | INFO: Draco encoder: Encoding mesh Branch led scale foliage 2614.
14:57:44 | INFO: Draco encoder: Encoding mesh Branch led scale foliage 2615.
14:57:44 | INFO: Draco encoder: Encoding mesh Branch led scale foliage 2616.
14:57:44 | INFO: Draco encoder: Encoding mesh Branch led scale foliage 2617.
14:57:44 | INFO: Draco encoder: Encoding mesh Branch led scale foliage 2618.
14:57:44 | INFO: Draco encoder: Encoding mesh Branch led scale foliage 2619.
14:57:44 | INFO: Draco encoder: Encoding mesh Branch led scale foliage 2620.
14:57:44 | INFO: Draco encoder: Encoding mesh Branch led scale foliage 2621.
14:57:44 | INFO: Draco encoder: Encoding mesh Branch led scale foliage 2622.
14:57:44 | INFO: Draco encoder: Encoding mesh Branch led scale foliage 2623.
14:57:44 | INFO: Draco encoder: Encoding mesh Branch led scale foliage 2624.
14:57:44 | INFO: Draco encoder: Encoding mesh Branch led scale foliage 2625.
14:57:44 | INFO: Draco encoder: Encoding mesh Branch led scale foliage 2626.
14:57:44 | INFO: Draco encoder: Encoding mesh Branch led scale foliage 2627.
14:57:44 | INFO: Draco encoder: Encoding mesh Branch led scale foliage 2628.
14:57:44 | INFO: Draco encoder: Encoding mesh Branch led scale foliage 2629.
14:57:44 | INFO: Draco encoder: Encoding mesh Branch led scale foliage 2630.
14:57:44 | INFO: Draco encoder: Encoding mesh Branch led scale foliage 2631.
14:57:44 | INFO: Draco encoder: Encoding mesh Branch led scale foliage 2632.
14:57:44 | INFO: Draco encoder: Encoding mesh Branch led scale foliage 2633.
14:57:44 | INFO: Draco encoder: Encoding mesh Branch led scale foliage 2634.
14:57:44 | INFO: Draco encoder: Encoding mesh Branch led scale foliage 2635.
14:57:44 | INFO: Draco encoder: Encoding mesh Branch led scale foliage 2636.
14:57:44 | INFO: Draco encoder: Encoding mesh Branch led scale foliage 2637.
14:57:44 | INFO: Draco encoder: Encoding mesh Branch led scale foliage 2638.
14:57:44 | INFO: Draco encoder: Encoding mesh Branch led scale foliage 2639.
14:57:44 | INFO: Draco encoder: Encoding mesh Branch led scale foliage 2640.
14:57:44 | INFO: Draco encoder: Encoding mesh Branch led scale foliage 2641.
14:57:44 | INFO: Draco encoder: Encoding mesh Branch led scale foliage 2642.
14:57:44 | INFO: Draco encoder: Encoding mesh Branch led scale foliage 2643.
14:57:44 | INFO: Draco encoder: Encoding mesh Branch led scale foliage 2644.
14:57:44 | INFO: Draco encoder: Encoding mesh Branch led scale foliage 2645.
14:57:44 | INFO: Draco encoder: Encoding mesh Branch led scale foliage 2646.
14:57:44 | INFO: Draco encoder: Encoding mesh Branch led scale foliage 2647.
14:57:44 | INFO: Draco encoder: Encoding mesh Branch led scale foliage 2648.
14:57:44 | INFO: Draco encoder: Encoding mesh Branch led scale foliage 2649.
14:57:44 | INFO: Draco encoder: Encoding mesh Branch led scale foliage 2650.
14:57:44 | INFO: Draco encoder: Encoding mesh Branch led scale foliage 2651.
14:57:44 | INFO: Draco encoder: Encoding mesh Branch led scale foliage 2652.
14:57:44 | INFO: Draco encoder: Encoding mesh Branch led scale foliage 2653.
14:57:44 | INFO: Draco encoder: Encoding mesh Branch led scale foliage 2654.
14:57:44 | INFO: Draco encoder: Encoding mesh Branch led scale foliage 2655.
14:57:44 | INFO: Draco encoder: Encoding mesh Branch led scale foliage 2656.
14:57:44 | INFO: Draco encoder: Encoding mesh Branch led scale foliage 2657.
14:57:44 | INFO: Draco encoder: Encoding mesh Branch led scale foliage 2658.
14:57:44 | INFO: Draco encoder: Encoding mesh Branch led scale foliage 2659.
14:57:44 | INFO: Draco encoder: Encoding mesh Branch led scale foliage 2660.
14:57:44 | INFO: Draco encoder: Encoding mesh Branch led scale foliage 2661.
14:57:44 | INFO: Draco encoder: Encoding mesh Branch led scale foliage 2662.
14:57:44 | INFO: Draco encoder: Encoding mesh Branch led scale foliage 2663.
14:57:44 | INFO: Draco encoder: Encoding mesh Branch led scale foliage 2664.
14:57:44 | INFO: Draco encoder: Encoding mesh Branch led scale foliage 2665.
14:57:44 | INFO: Draco encoder: Encoding mesh Branch led scale foliage 2666.
14:57:44 | INFO: Draco encoder: Encoding mesh Branch led scale foliage 2667.
14:57:44 | INFO: Draco encoder: Encoding mesh Branch led scale foliage 2668.
14:57:44 | INFO: Draco encoder: Encoding mesh Branch led scale foliage 2669.
14:57:44 | INFO: Draco encoder: Encoding mesh Branch led scale foliage 2670.
14:57:44 | INFO: Draco encoder: Encoding mesh Branch led scale foliage 2671.
14:57:44 | INFO: Draco encoder: Encoding mesh Branch led scale foliage 2672.
14:57:44 | INFO: Draco encoder: Encoding mesh Branch led scale foliage 2673.
14:57:44 | INFO: Draco encoder: Encoding mesh Branch led scale foliage 2674.
14:57:44 | INFO: Draco encoder: Encoding mesh Branch led scale foliage 2675.
14:57:44 | INFO: Draco encoder: Encoding mesh Branch led scale foliage 2676.
14:57:44 | INFO: Draco encoder: Encoding mesh Branch led scale foliage 2677.
14:57:44 | INFO: Draco encoder: Encoding mesh Branch led scale foliage 2678.
14:57:44 | INFO: Draco encoder: Encoding mesh Branch led scale foliage 2679.
14:57:44 | INFO: Draco encoder: Encoding mesh Branch led scale foliage 2680.
14:57:44 | INFO: Draco encoder: Encoding mesh Branch led scale foliage 2681.
14:57:44 | INFO: Draco encoder: Encoding mesh Branch led scale foliage 2682.
14:57:44 | INFO: Draco encoder: Encoding mesh Branch led scale foliage 2683.
14:57:44 | INFO: Draco encoder: Encoding mesh Branch led scale foliage 2684.
14:57:44 | INFO: Draco encoder: Encoding mesh Branch led scale foliage 2685.
14:57:44 | INFO: Draco encoder: Encoding mesh Branch led scale foliage 2686.
14:57:44 | INFO: Draco encoder: Encoding mesh Branch led scale foliage 2687.
14:57:44 | INFO: Draco encoder: Encoding mesh Branch led scale foliage 2688.
14:57:44 | INFO: Draco encoder: Encoding mesh Branch led scale foliage 2689.
14:57:44 | INFO: Draco encoder: Encoding mesh Branch led scale foliage 2690.
14:57:44 | INFO: Draco encoder: Encoding mesh Branch led scale foliage 2691.
14:57:44 | INFO: Draco encoder: Encoding mesh Branch led scale foliage 2692.
14:57:44 | INFO: Draco encoder: Encoding mesh Branch led scale foliage 2693.
14:57:44 | INFO: Draco encoder: Encoding mesh Branch led scale foliage 2694.
14:57:44 | INFO: Draco encoder: Encoding mesh Branch led scale foliage 2695.
14:57:44 | INFO: Draco encoder: Encoding mesh Branch led scale foliage 2696.
14:57:44 | INFO: Draco encoder: Encoding mesh Branch led scale foliage 2697.
14:57:44 | INFO: Draco encoder: Encoding mesh Branch led scale foliage 2698.
14:57:44 | INFO: Draco encoder: Encoding mesh Branch led scale foliage 2699.
14:57:44 | INFO: Draco encoder: Encoding mesh Branch led scale foliage 2700.
14:57:44 | INFO: Draco encoder: Encoding mesh Branch led scale foliage 2701.
14:57:44 | INFO: Draco encoder: Encoding mesh Branch led scale foliage 2702.
14:57:44 | INFO: Draco encoder: Encoding mesh Branch led scale foliage 2703.
14:57:44 | INFO: Draco encoder: Encoding mesh Branch led scale foliage 2704.
14:57:44 | INFO: Draco encoder: Encoding mesh Branch led scale foliage 2705.
14:57:44 | INFO: Draco encoder: Encoding mesh Branch led scale foliage 2706.
14:57:44 | INFO: Draco encoder: Encoding mesh Branch led scale foliage 2707.
14:57:44 | INFO: Draco encoder: Encoding mesh Branch led scale foliage 2708.
14:57:44 | INFO: Draco encoder: Encoding mesh Branch led scale foliage 2709.
14:57:44 | INFO: Draco encoder: Encoding mesh Branch led scale foliage 2710.
14:57:44 | INFO: Draco encoder: Encoding mesh Branch led scale foliage 2711.
14:57:44 | INFO: Draco encoder: Encoding mesh Branch led scale foliage 2712.
14:57:44 | INFO: Draco encoder: Encoding mesh Branch led scale foliage 2713.
14:57:44 | INFO: Draco encoder: Encoding mesh Branch led scale foliage 2714.
14:57:44 | INFO: Draco encoder: Encoding mesh Branch led scale foliage 2715.
14:57:44 | INFO: Draco encoder: Encoding mesh Branch led scale foliage 2716.
14:57:44 | INFO: Draco encoder: Encoding mesh Branch led scale foliage 2717.
14:57:44 | INFO: Draco encoder: Encoding mesh Branch led scale foliage 2718.
14:57:44 | INFO: Draco encoder: Encoding mesh Branch led scale foliage 2719.
14:57:44 | INFO: Draco encoder: Encoding mesh Branch led scale foliage 2720.
14:57:44 | INFO: Draco encoder: Encoding mesh Branch led scale foliage 2721.
14:57:44 | INFO: Draco encoder: Encoding mesh Branch led scale foliage 2722.
14:57:44 | INFO: Draco encoder: Encoding mesh Branch led scale foliage 2723.
14:57:44 | INFO: Draco encoder: Encoding mesh Branch led scale foliage 2724.
14:57:44 | INFO: Draco encoder: Encoding mesh Branch led scale foliage 2725.
14:57:44 | INFO: Draco encoder: Encoding mesh Branch led scale foliage 2726.
14:57:44 | INFO: Draco encoder: Encoding mesh Branch led scale foliage 2727.
14:57:44 | INFO: Draco encoder: Encoding mesh Branch led scale foliage 2728.
14:57:44 | INFO: Draco encoder: Encoding mesh Branch led scale foliage 2729.
14:57:44 | INFO: Draco encoder: Encoding mesh Branch led scale foliage 2730.
14:57:44 | INFO: Draco encoder: Encoding mesh Branch led scale foliage 2731.
14:57:44 | INFO: Draco encoder: Encoding mesh Branch led scale foliage 2732.
14:57:44 | INFO: Draco encoder: Encoding mesh Branch led scale foliage 2733.
14:57:44 | INFO: Draco encoder: Encoding mesh Branch led scale foliage 2734.
14:57:44 | INFO: Draco encoder: Encoding mesh Branch led scale foliage 2735.
14:57:44 | INFO: Draco encoder: Encoding mesh Branch led scale foliage 2736.
14:57:44 | INFO: Draco encoder: Encoding mesh Branch led scale foliage 2737.
14:57:44 | INFO: Draco encoder: Encoding mesh Branch led scale foliage 2738.
14:57:44 | INFO: Draco encoder: Encoding mesh Branch led scale foliage 2739.
14:57:44 | INFO: Draco encoder: Encoding mesh Branch led scale foliage 2740.
14:57:44 | INFO: Draco encoder: Encoding mesh Branch led scale foliage 2741.
14:57:44 | INFO: Draco encoder: Encoding mesh Branch led scale foliage 2742.
14:57:44 | INFO: Draco encoder: Encoding mesh Branch led scale foliage 2743.
14:57:44 | INFO: Draco encoder: Encoding mesh Branch led scale foliage 2744.
14:57:44 | INFO: Draco encoder: Encoding mesh Branch led scale foliage 2745.
14:57:44 | INFO: Draco encoder: Encoding mesh Branch led scale foliage 2746.
14:57:44 | INFO: Draco encoder: Encoding mesh Branch led scale foliage 2747.
14:57:44 | INFO: Draco encoder: Encoding mesh Branch led scale foliage 2748.
14:57:44 | INFO: Draco encoder: Encoding mesh Branch led scale foliage 2749.
14:57:44 | INFO: Draco encoder: Encoding mesh Branch led scale foliage 2750.
14:57:44 | INFO: Draco encoder: Encoding mesh Branch led scale foliage 2751.
14:57:44 | INFO: Draco encoder: Encoding mesh Branch led scale foliage 2752.
14:57:44 | INFO: Draco encoder: Encoding mesh Branch led scale foliage 2753.
14:57:44 | INFO: Draco encoder: Encoding mesh Branch led scale foliage 2754.
14:57:44 | INFO: Draco encoder: Encoding mesh Branch led scale foliage 2755.
14:57:44 | INFO: Draco encoder: Encoding mesh Branch led scale foliage 2756.
14:57:44 | INFO: Draco encoder: Encoding mesh Branch led scale foliage 2757.
14:57:44 | INFO: Draco encoder: Encoding mesh Branch led scale foliage 2758.
14:57:44 | INFO: Draco encoder: Encoding mesh Branch led scale foliage 2759.
14:57:44 | INFO: Draco encoder: Encoding mesh Branch led scale foliage 2760.
14:57:44 | INFO: Draco encoder: Encoding mesh Branch led scale foliage 2761.
14:57:44 | INFO: Draco encoder: Encoding mesh Branch led scale foliage 2762.
14:57:44 | INFO: Draco encoder: Encoding mesh Branch led scale foliage 2763.
14:57:44 | INFO: Draco encoder: Encoding mesh Branch led scale foliage 2764.
14:57:44 | INFO: Draco encoder: Encoding mesh Branch led scale foliage 2765.
14:57:44 | INFO: Draco encoder: Encoding mesh Branch led scale foliage 2766.
14:57:44 | INFO: Draco encoder: Encoding mesh Branch led scale foliage 2767.
14:57:44 | INFO: Draco encoder: Encoding mesh Branch led scale foliage 2768.
14:57:44 | INFO: Draco encoder: Encoding mesh Branch led scale foliage 2769.
14:57:44 | INFO: Draco encoder: Encoding mesh Branch led scale foliage 2770.
14:57:44 | INFO: Draco encoder: Encoding mesh Branch led scale foliage 2771.
14:57:44 | INFO: Draco encoder: Encoding mesh Branch led scale foliage 2772.
14:57:44 | INFO: Draco encoder: Encoding mesh Branch led scale foliage 2773.
14:57:44 | INFO: Draco encoder: Encoding mesh Branch led scale foliage 2774.
14:57:44 | INFO: Draco encoder: Encoding mesh Branch led scale foliage 2775.
14:57:44 | INFO: Draco encoder: Encoding mesh Branch led scale foliage 2776.
14:57:44 | INFO: Draco encoder: Encoding mesh Branch led scale foliage 2777.
14:57:44 | INFO: Draco encoder: Encoding mesh Branch led scale foliage 2778.
14:57:44 | INFO: Draco encoder: Encoding mesh Branch led scale foliage 2779.
14:57:44 | INFO: Draco encoder: Encoding mesh Branch led scale foliage 2780.
14:57:44 | INFO: Draco encoder: Encoding mesh Branch led scale foliage 2781.
14:57:44 | INFO: Draco encoder: Encoding mesh Branch led scale foliage 2782.
14:57:44 | INFO: Draco encoder: Encoding mesh Branch led scale foliage 2783.
14:57:44 | INFO: Draco encoder: Encoding mesh Branch led scale foliage 2784.
14:57:44 | INFO: Draco encoder: Encoding mesh Branch led scale foliage 2785.
14:57:44 | INFO: Draco encoder: Encoding mesh Branch led scale foliage 2786.
14:57:44 | INFO: Draco encoder: Encoding mesh Branch led scale foliage 2787.
14:57:44 | INFO: Draco encoder: Encoding mesh Branch led scale foliage 2788.
14:57:44 | INFO: Draco encoder: Encoding mesh Branch led scale foliage 2789.
14:57:44 | INFO: Draco encoder: Encoding mesh Branch led scale foliage 2790.
14:57:44 | INFO: Draco encoder: Encoding mesh Branch led scale foliage 2791.
14:57:44 | INFO: Draco encoder: Encoding mesh Branch led scale foliage 2792.
14:57:44 | INFO: Draco encoder: Encoding mesh Branch led scale foliage 2793.
14:57:44 | INFO: Draco encoder: Encoding mesh Branch led scale foliage 2794.
14:57:44 | INFO: Draco encoder: Encoding mesh Branch led scale foliage 2795.
14:57:44 | INFO: Draco encoder: Encoding mesh Branch led scale foliage 2796.
14:57:44 | INFO: Draco encoder: Encoding mesh Branch led scale foliage 2797.
14:57:44 | INFO: Draco encoder: Encoding mesh Branch led scale foliage 2798.
14:57:44 | INFO: Draco encoder: Encoding mesh Branch led scale foliage 2799.
14:57:44 | INFO: Draco encoder: Encoding mesh Branch led scale foliage 2800.
14:57:44 | INFO: Draco encoder: Encoding mesh Branch led scale foliage 2801.
14:57:44 | INFO: Draco encoder: Encoding mesh Branch led scale foliage 2802.
14:57:44 | INFO: Draco encoder: Encoding mesh Branch led scale foliage 2803.
14:57:44 | INFO: Draco encoder: Encoding mesh Branch led scale foliage 2804.
14:57:44 | INFO: Draco encoder: Encoding mesh Branch led scale foliage 2805.
14:57:44 | INFO: Draco encoder: Encoding mesh Branch led scale foliage 2806.
14:57:44 | INFO: Draco encoder: Encoding mesh Branch led scale foliage 2807.
14:57:44 | INFO: Draco encoder: Encoding mesh Branch led scale foliage 2808.
14:57:44 | INFO: Draco encoder: Encoding mesh Branch led scale foliage 2809.
14:57:44 | INFO: Draco encoder: Encoding mesh Branch led scale foliage 2810.
14:57:44 | INFO: Draco encoder: Encoding mesh Branch led scale foliage 2811.
14:57:44 | INFO: Draco encoder: Encoding mesh Branch led scale foliage 2812.
14:57:44 | INFO: Draco encoder: Encoding mesh Branch led scale foliage 2813.
14:57:44 | INFO: Draco encoder: Encoding mesh Branch led scale foliage 2814.
14:57:44 | INFO: Draco encoder: Encoding mesh Branch led scale foliage 2815.
14:57:44 | INFO: Draco encoder: Encoding mesh Branch led scale foliage 2816.
14:57:44 | INFO: Draco encoder: Encoding mesh Branch led scale foliage 2817.
14:57:44 | INFO: Draco encoder: Encoding mesh Branch led scale foliage 2818.
14:57:44 | INFO: Draco encoder: Encoding mesh Branch led scale foliage 2819.
14:57:44 | INFO: Draco encoder: Encoding mesh Branch led scale foliage 2820.
14:57:44 | INFO: Draco encoder: Encoding mesh Branch led scale foliage 2821.
14:57:44 | INFO: Draco encoder: Encoding mesh Branch led scale foliage 2822.
14:57:44 | INFO: Draco encoder: Encoding mesh Branch led scale foliage 2823.
14:57:44 | INFO: Draco encoder: Encoding mesh Branch led scale foliage 2824.
14:57:44 | INFO: Draco encoder: Encoding mesh Branch led scale foliage 2825.
14:57:44 | INFO: Draco encoder: Encoding mesh Branch led scale foliage 2826.
14:57:44 | INFO: Draco encoder: Encoding mesh Branch led scale foliage 2827.
14:57:44 | INFO: Draco encoder: Encoding mesh Branch led scale foliage 2828.
14:57:44 | INFO: Draco encoder: Encoding mesh Branch led scale foliage 2829.
14:57:44 | INFO: Draco encoder: Encoding mesh Branch led scale foliage 2830.
14:57:44 | INFO: Draco encoder: Encoding mesh Branch led scale foliage 2831.
14:57:44 | INFO: Draco encoder: Encoding mesh Branch led scale foliage 2832.
14:57:44 | INFO: Draco encoder: Encoding mesh Branch led scale foliage 2833.
14:57:44 | INFO: Draco encoder: Encoding mesh Branch led scale foliage 2834.
14:57:44 | INFO: Draco encoder: Encoding mesh Branch led scale foliage 2835.
14:57:44 | INFO: Draco encoder: Encoding mesh Branch led scale foliage 2836.
14:57:44 | INFO: Draco encoder: Encoding mesh Branch led scale foliage 2837.
14:57:44 | INFO: Draco encoder: Encoding mesh Branch led scale foliage 2838.
14:57:44 | INFO: Draco encoder: Encoding mesh Branch led scale foliage 2839.
14:57:44 | INFO: Draco encoder: Encoding mesh Branch led scale foliage 2840.
14:57:44 | INFO: Draco encoder: Encoding mesh Branch led scale foliage 2841.
14:57:44 | INFO: Draco encoder: Encoding mesh Branch led scale foliage 2842.
14:57:44 | INFO: Draco encoder: Encoding mesh Branch led scale foliage 2843.
14:57:44 | INFO: Draco encoder: Encoding mesh Branch led scale foliage 2844.
14:57:44 | INFO: Draco encoder: Encoding mesh Branch led scale foliage 2845.
14:57:44 | INFO: Draco encoder: Encoding mesh Branch led scale foliage 2846.
14:57:44 | INFO: Draco encoder: Encoding mesh Branch led scale foliage 2847.
14:57:44 | INFO: Draco encoder: Encoding mesh Branch led scale foliage 2848.
14:57:44 | INFO: Draco encoder: Encoding mesh Branch led scale foliage 2849.
14:57:44 | INFO: Draco encoder: Encoding mesh Branch led scale foliage 2850.
14:57:44 | INFO: Draco encoder: Encoding mesh Branch led scale foliage 2851.
14:57:44 | INFO: Draco encoder: Encoding mesh Branch led scale foliage 2852.
14:57:44 | INFO: Draco encoder: Encoding mesh Branch led scale foliage 2853.
14:57:44 | INFO: Draco encoder: Encoding mesh Branch led scale foliage 2854.
14:57:44 | INFO: Draco encoder: Encoding mesh Branch led scale foliage 2855.
14:57:44 | INFO: Draco encoder: Encoding mesh Branch led scale foliage 2856.
14:57:44 | INFO: Draco encoder: Encoding mesh Branch led scale foliage 2857.
14:57:44 | INFO: Draco encoder: Encoding mesh Branch led scale foliage 2858.
14:57:44 | INFO: Draco encoder: Encoding mesh Branch led scale foliage 2859.
14:57:44 | INFO: Draco encoder: Encoding mesh Branch led scale foliage 2860.
14:57:44 | INFO: Draco encoder: Encoding mesh Branch led scale foliage 2861.
14:57:44 | INFO: Draco encoder: Encoding mesh Branch led scale foliage 2862.
14:57:44 | INFO: Draco encoder: Encoding mesh Branch led scale foliage 2863.
14:57:44 | INFO: Draco encoder: Encoding mesh Branch led scale foliage 2864.
14:57:44 | INFO: Draco encoder: Encoding mesh Branch led scale foliage 2865.
14:57:44 | INFO: Draco encoder: Encoding mesh Branch led scale foliage 2866.
14:57:44 | INFO: Draco encoder: Encoding mesh Branch led scale foliage 2867.
14:57:44 | INFO: Draco encoder: Encoding mesh Branch led scale foliage 2868.
14:57:44 | INFO: Draco encoder: Encoding mesh Branch led scale foliage 2869.
14:57:44 | INFO: Draco encoder: Encoding mesh Branch led scale foliage 2870.
14:57:44 | INFO: Draco encoder: Encoding mesh Branch led scale foliage 2871.
14:57:44 | INFO: Draco encoder: Encoding mesh Branch led scale foliage 2872.
14:57:44 | INFO: Draco encoder: Encoding mesh Branch led scale foliage 2873.
14:57:44 | INFO: Draco encoder: Encoding mesh Branch led scale foliage 2874.
14:57:44 | INFO: Draco encoder: Encoding mesh Branch led scale foliage 2875.
14:57:44 | INFO: Draco encoder: Encoding mesh Branch led scale foliage 2876.
14:57:44 | INFO: Draco encoder: Encoding mesh Branch led scale foliage 2877.
14:57:44 | INFO: Draco encoder: Encoding mesh Branch led scale foliage 2878.
14:57:44 | INFO: Draco encoder: Encoding mesh Branch led scale foliage 2879.
14:57:44 | INFO: Draco encoder: Encoding mesh Branch led scale foliage 2880.
14:57:44 | INFO: Draco encoder: Encoding mesh Branch led scale foliage 2881.
14:57:44 | INFO: Draco encoder: Encoding mesh Branch led scale foliage 2882.
14:57:44 | INFO: Draco encoder: Encoding mesh Branch led scale foliage 2883.
14:57:44 | INFO: Draco encoder: Encoding mesh Branch led scale foliage 2884.
14:57:44 | INFO: Draco encoder: Encoding mesh Branch led scale foliage 2885.
14:57:44 | INFO: Draco encoder: Encoding mesh Branch led scale foliage 2886.
14:57:44 | INFO: Draco encoder: Encoding mesh Branch led scale foliage 2887.
14:57:44 | INFO: Draco encoder: Encoding mesh Branch led scale foliage 2888.
14:57:44 | INFO: Draco encoder: Encoding mesh Branch led scale foliage 2889.
14:57:44 | INFO: Draco encoder: Encoding mesh Branch led scale foliage 2890.
14:57:44 | INFO: Draco encoder: Encoding mesh Branch led scale foliage 2891.
14:57:44 | INFO: Draco encoder: Encoding mesh Branch led scale foliage 2892.
14:57:44 | INFO: Draco encoder: Encoding mesh Branch led scale foliage 2893.
14:57:44 | INFO: Draco encoder: Encoding mesh Branch led scale foliage 2894.
14:57:44 | INFO: Draco encoder: Encoding mesh Branch led scale foliage 2895.
14:57:44 | INFO: Draco encoder: Encoding mesh Branch led scale foliage 2896.
14:57:44 | INFO: Draco encoder: Encoding mesh Branch led scale foliage 2897.
14:57:44 | INFO: Draco encoder: Encoding mesh Branch led scale foliage 2898.
14:57:44 | INFO: Draco encoder: Encoding mesh Branch led scale foliage 2899.
14:57:44 | INFO: Draco encoder: Encoding mesh Branch led scale foliage 2900.
14:57:44 | INFO: Draco encoder: Encoding mesh Branch led scale foliage 2901.
14:57:44 | INFO: Draco encoder: Encoding mesh Branch led scale foliage 2902.
14:57:44 | INFO: Draco encoder: Encoding mesh Branch led scale foliage 2903.
14:57:44 | INFO: Draco encoder: Encoding mesh Branch led scale foliage 2904.
14:57:44 | INFO: Draco encoder: Encoding mesh Branch led scale foliage 2905.
14:57:44 | INFO: Draco encoder: Encoding mesh Branch led scale foliage 2906.
14:57:44 | INFO: Draco encoder: Encoding mesh Branch led scale foliage 2907.
14:57:44 | INFO: Draco encoder: Encoding mesh Branch led scale foliage 2908.
14:57:44 | INFO: Draco encoder: Encoding mesh Branch led scale foliage 2909.
14:57:44 | INFO: Draco encoder: Encoding mesh Branch led scale foliage 2910.
14:57:44 | INFO: Draco encoder: Encoding mesh Branch led scale foliage 2911.
14:57:44 | INFO: Draco encoder: Encoding mesh Branch led scale foliage 2912.
14:57:44 | INFO: Draco encoder: Encoding mesh Branch led scale foliage 2913.
14:57:44 | INFO: Draco encoder: Encoding mesh Branch led scale foliage 2914.
14:57:44 | INFO: Draco encoder: Encoding mesh Branch led scale foliage 2915.
14:57:44 | INFO: Draco encoder: Encoding mesh Branch led scale foliage 2916.
14:57:44 | INFO: Draco encoder: Encoding mesh Branch led scale foliage 2917.
14:57:44 | INFO: Draco encoder: Encoding mesh Branch led scale foliage 2918.
14:57:44 | INFO: Draco encoder: Encoding mesh Branch led scale foliage 2919.
14:57:44 | INFO: Draco encoder: Encoding mesh Branch led scale foliage 2920.
14:57:44 | INFO: Draco encoder: Encoding mesh Branch led scale foliage 2921.
14:57:44 | INFO: Draco encoder: Encoding mesh Branch led scale foliage 2922.
14:57:44 | INFO: Draco encoder: Encoding mesh Branch led scale foliage 2923.
14:57:44 | INFO: Draco encoder: Encoding mesh Branch led scale foliage 2924.
14:57:44 | INFO: Draco encoder: Encoding mesh Branch led scale foliage 2925.
14:57:44 | INFO: Draco encoder: Encoding mesh Branch led scale foliage 2926.
14:57:44 | INFO: Draco encoder: Encoding mesh Branch led scale foliage 2927.
14:57:44 | INFO: Draco encoder: Encoding mesh Branch led scale foliage 2928.
14:57:44 | INFO: Draco encoder: Encoding mesh Branch led scale foliage 2929.
14:57:44 | INFO: Draco encoder: Encoding mesh Branch led scale foliage 2930.
14:57:44 | INFO: Draco encoder: Encoding mesh Branch led scale foliage 2931.
14:57:44 | INFO: Draco encoder: Encoding mesh Branch led scale foliage 2932.
14:57:44 | INFO: Draco encoder: Encoding mesh Branch led scale foliage 2933.
14:57:44 | INFO: Draco encoder: Encoding mesh Branch led scale foliage 2934.
14:57:44 | INFO: Draco encoder: Encoding mesh Branch led scale foliage 2935.
14:57:44 | INFO: Draco encoder: Encoding mesh Branch led scale foliage 2936.
14:57:44 | INFO: Draco encoder: Encoding mesh Branch led scale foliage 2937.
14:57:44 | INFO: Draco encoder: Encoding mesh Branch led scale foliage 2938.
14:57:44 | INFO: Draco encoder: Encoding mesh Branch led scale foliage 2939.
14:57:44 | INFO: Draco encoder: Encoding mesh Branch led scale foliage 2940.
14:57:44 | INFO: Draco encoder: Encoding mesh Branch led scale foliage 2941.
14:57:44 | INFO: Draco encoder: Encoding mesh Branch led scale foliage 2942.
14:57:44 | INFO: Draco encoder: Encoding mesh Branch led scale foliage 2943.
14:57:44 | INFO: Draco encoder: Encoding mesh Branch led scale foliage 2944.
14:57:44 | INFO: Draco encoder: Encoding mesh Branch led scale foliage 2945.
14:57:44 | INFO: Draco encoder: Encoding mesh Branch led scale foliage 2946.
14:57:44 | INFO: Draco encoder: Encoding mesh Branch led scale foliage 2947.
14:57:44 | INFO: Draco encoder: Encoding mesh Branch led scale foliage 2948.
14:57:44 | INFO: Draco encoder: Encoding mesh Branch led scale foliage 2949.
14:57:44 | INFO: Draco encoder: Encoding mesh Branch led scale foliage 2950.
14:57:44 | INFO: Draco encoder: Encoding mesh Branch led scale foliage 2951.
14:57:44 | INFO: Draco encoder: Encoding mesh Branch led scale foliage 2952.
14:57:44 | INFO: Draco encoder: Encoding mesh Branch led scale foliage 2953.
14:57:44 | INFO: Draco encoder: Encoding mesh Branch led scale foliage 2954.
14:57:44 | INFO: Draco encoder: Encoding mesh Branch led scale foliage 2955.
14:57:44 | INFO: Draco encoder: Encoding mesh Branch led scale foliage 2956.
14:57:44 | INFO: Draco encoder: Encoding mesh Branch led scale foliage 2957.
14:57:44 | INFO: Draco encoder: Encoding mesh Branch led scale foliage 2958.
14:57:44 | INFO: Draco encoder: Encoding mesh Branch led scale foliage 2959.
14:57:44 | INFO: Draco encoder: Encoding mesh Branch led scale foliage 2960.
14:57:44 | INFO: Draco encoder: Encoding mesh Branch led scale foliage 2961.
14:57:44 | INFO: Draco encoder: Encoding mesh Branch led scale foliage 2962.
14:57:44 | INFO: Draco encoder: Encoding mesh Branch led scale foliage 2963.
14:57:44 | INFO: Draco encoder: Encoding mesh Branch led scale foliage 2964.
14:57:44 | INFO: Draco encoder: Encoding mesh Branch led scale foliage 2965.
14:57:44 | INFO: Draco encoder: Encoding mesh Branch led scale foliage 2966.
14:57:44 | INFO: Draco encoder: Encoding mesh Branch led scale foliage 2967.
14:57:44 | INFO: Draco encoder: Encoding mesh Branch led scale foliage 2968.
14:57:44 | INFO: Draco encoder: Encoding mesh Branch led scale foliage 2969.
14:57:44 | INFO: Draco encoder: Encoding mesh Branch led scale foliage 2970.
14:57:44 | INFO: Draco encoder: Encoding mesh Branch led scale foliage 2971.
14:57:44 | INFO: Draco encoder: Encoding mesh Branch led scale foliage 2972.
14:57:44 | INFO: Draco encoder: Encoding mesh Branch led scale foliage 2973.
14:57:44 | INFO: Draco encoder: Encoding mesh Branch led scale foliage 2974.
14:57:44 | INFO: Draco encoder: Encoding mesh Branch led scale foliage 2975.
14:57:44 | INFO: Draco encoder: Encoding mesh Branch led scale foliage 2976.
14:57:44 | INFO: Draco encoder: Encoding mesh Branch led scale foliage 2977.
14:57:44 | INFO: Draco encoder: Encoding mesh Branch led scale foliage 2978.
14:57:44 | INFO: Draco encoder: Encoding mesh Branch led scale foliage 2979.
14:57:44 | INFO: Draco encoder: Encoding mesh Branch led scale foliage 2980.
14:57:44 | INFO: Draco encoder: Encoding mesh Branch led scale foliage 2981.
14:57:44 | INFO: Draco encoder: Encoding mesh Branch led scale foliage 2982.
14:57:44 | INFO: Draco encoder: Encoding mesh Branch led scale foliage 2983.
14:57:44 | INFO: Draco encoder: Encoding mesh Branch led scale foliage 2984.
14:57:44 | INFO: Draco encoder: Encoding mesh Branch led scale foliage 2985.
14:57:44 | INFO: Draco encoder: Encoding mesh Branch led scale foliage 2986.
14:57:44 | INFO: Draco encoder: Encoding mesh Branch led scale foliage 2987.
14:57:44 | INFO: Draco encoder: Encoding mesh Branch led scale foliage 2988.
14:57:44 | INFO: Draco encoder: Encoding mesh Branch led scale foliage 2989.
14:57:44 | INFO: Draco encoder: Encoding mesh Branch led scale foliage 2990.
14:57:44 | INFO: Draco encoder: Encoding mesh Branch led scale foliage 2991.
14:57:44 | INFO: Draco encoder: Encoding mesh Branch led scale foliage 2992.
14:57:44 | INFO: Draco encoder: Encoding mesh Branch led scale foliage 2993.
14:57:44 | INFO: Draco encoder: Encoding mesh Branch led scale foliage 2994.
14:57:44 | INFO: Draco encoder: Encoding mesh Branch led scale foliage 2995.
14:57:44 | INFO: Draco encoder: Encoding mesh Branch led scale foliage 2996.
14:57:44 | INFO: Draco encoder: Encoding mesh Branch led scale foliage 2997.
14:57:44 | INFO: Draco encoder: Encoding mesh Branch led scale foliage 2998.
14:57:44 | INFO: Draco encoder: Encoding mesh Branch led scale foliage 2999.
14:57:44 | INFO: Draco encoder: Encoding mesh Branch led scale foliage 3000.
14:57:44 | INFO: Draco encoder: Encoding mesh Branch led scale foliage 3001.
14:57:44 | INFO: Draco encoder: Encoding mesh Branch led scale foliage 3002.
14:57:44 | INFO: Draco encoder: Encoding mesh Branch led scale foliage 3003.
14:57:44 | INFO: Draco encoder: Encoding mesh Branch led scale foliage 3004.
14:57:44 | INFO: Draco encoder: Encoding mesh Branch led scale foliage 3005.
14:57:44 | INFO: Draco encoder: Encoding mesh Branch led scale foliage 3006.
14:57:44 | INFO: Draco encoder: Encoding mesh Branch led scale foliage 3007.
14:57:44 | INFO: Draco encoder: Encoding mesh Branch led scale foliage 3008.
14:57:44 | INFO: Draco encoder: Encoding mesh Branch led scale foliage 3009.
14:57:44 | INFO: Draco encoder: Encoding mesh Branch led scale foliage 3010.
14:57:44 | INFO: Draco encoder: Encoding mesh Branch led scale foliage 3011.
14:57:44 | INFO: Draco encoder: Encoding mesh Branch led scale foliage 3012.
14:57:44 | INFO: Draco encoder: Encoding mesh Branch led scale foliage 3013.
14:57:44 | INFO: Draco encoder: Encoding mesh Branch led scale foliage 3014.
14:57:44 | INFO: Draco encoder: Encoding mesh Branch led scale foliage 3015.
14:57:44 | INFO: Draco encoder: Encoding mesh Branch led scale foliage 3016.
14:57:44 | INFO: Draco encoder: Encoding mesh Branch led scale foliage 3017.
14:57:44 | INFO: Draco encoder: Encoding mesh Branch led scale foliage 3018.
14:57:44 | INFO: Draco encoder: Encoding mesh Branch led scale foliage 3019.
14:57:44 | INFO: Draco encoder: Encoding mesh Branch led scale foliage 3020.
14:57:44 | INFO: Draco encoder: Encoding mesh Branch led scale foliage 3021.
14:57:44 | INFO: Draco encoder: Encoding mesh Branch led scale foliage 3022.
14:57:44 | INFO: Draco encoder: Encoding mesh Branch led scale foliage 3023.
14:57:44 | INFO: Draco encoder: Encoding mesh Branch led scale foliage 3024.
14:57:44 | INFO: Draco encoder: Encoding mesh Branch led scale foliage 3025.
14:57:44 | INFO: Draco encoder: Encoding mesh Branch led scale foliage 3026.
14:57:44 | INFO: Draco encoder: Encoding mesh Branch led scale foliage 3027.
14:57:44 | INFO: Draco encoder: Encoding mesh Branch led scale foliage 3028.
14:57:44 | INFO: Draco encoder: Encoding mesh Branch led scale foliage 3029.
14:57:44 | INFO: Draco encoder: Encoding mesh Branch led scale foliage 3030.
14:57:44 | INFO: Draco encoder: Encoding mesh Branch led scale foliage 3031.
14:57:44 | INFO: Draco encoder: Encoding mesh Branch led scale foliage 3032.
14:57:44 | INFO: Draco encoder: Encoding mesh Branch led scale foliage 3033.
14:57:44 | INFO: Draco encoder: Encoding mesh Branch led scale foliage 3034.
14:57:44 | INFO: Draco encoder: Encoding mesh Branch led scale foliage 3035.
14:57:44 | INFO: Draco encoder: Encoding mesh Branch led scale foliage 3036.
14:57:44 | INFO: Draco encoder: Encoding mesh Branch led scale foliage 3037.
14:57:44 | INFO: Draco encoder: Encoding mesh Branch led scale foliage 3038.
14:57:44 | INFO: Draco encoder: Encoding mesh Branch led scale foliage 3039.
14:57:44 | INFO: Draco encoder: Encoding mesh Branch led scale foliage 3040.
14:57:44 | INFO: Draco encoder: Encoding mesh Branch led scale foliage 3041.
14:57:44 | INFO: Draco encoder: Encoding mesh Branch led scale foliage 3042.
14:57:44 | INFO: Draco encoder: Encoding mesh Branch led scale foliage 3043.
14:57:44 | INFO: Draco encoder: Encoding mesh Branch led scale foliage 3044.
14:57:44 | INFO: Draco encoder: Encoding mesh Branch led scale foliage 3045.
14:57:44 | INFO: Draco encoder: Encoding mesh Branch led scale foliage 3046.
14:57:44 | INFO: Draco encoder: Encoding mesh Branch led scale foliage 3047.
14:57:44 | INFO: Draco encoder: Encoding mesh Branch led scale foliage 3048.
14:57:44 | INFO: Draco encoder: Encoding mesh Branch led scale foliage 3049.
14:57:44 | INFO: Draco encoder: Encoding mesh Branch led scale foliage 3050.
14:57:44 | INFO: Draco encoder: Encoding mesh Branch led scale foliage 3051.
14:57:44 | INFO: Draco encoder: Encoding mesh Branch led scale foliage 3052.
14:57:44 | INFO: Draco encoder: Encoding mesh Branch led scale foliage 3053.
14:57:44 | INFO: Draco encoder: Encoding mesh Branch led scale foliage 3054.
14:57:44 | INFO: Draco encoder: Encoding mesh Branch led scale foliage 3055.
14:57:44 | INFO: Draco encoder: Encoding mesh Branch led scale foliage 3056.
14:57:44 | INFO: Draco encoder: Encoding mesh Branch led scale foliage 3057.
14:57:44 | INFO: Draco encoder: Encoding mesh Branch led scale foliage 3058.
14:57:44 | INFO: Draco encoder: Encoding mesh Branch led scale foliage 3059.
14:57:44 | INFO: Draco encoder: Encoding mesh Branch led scale foliage 3060.
14:57:44 | INFO: Draco encoder: Encoding mesh Branch led scale foliage 3061.
14:57:44 | INFO: Draco encoder: Encoding mesh Branch led scale foliage 3062.
14:57:44 | INFO: Draco encoder: Encoding mesh Branch led scale foliage 3063.
14:57:44 | INFO: Draco encoder: Encoding mesh Branch led scale foliage 3064.
14:57:44 | INFO: Draco encoder: Encoding mesh Branch led scale foliage 3065.
14:57:44 | INFO: Draco encoder: Encoding mesh Branch led scale foliage 3066.
14:57:44 | INFO: Draco encoder: Encoding mesh Branch led scale foliage 3067.
14:57:44 | INFO: Draco encoder: Encoding mesh Branch led scale foliage 3068.
14:57:44 | INFO: Draco encoder: Encoding mesh Branch led scale foliage 3069.
14:57:44 | INFO: Draco encoder: Encoding mesh Branch led scale foliage 3070.
14:57:44 | INFO: Draco encoder: Encoding mesh Branch led scale foliage 3071.
14:57:44 | INFO: Draco encoder: Encoding mesh Branch led scale foliage 3072.
14:57:44 | INFO: Draco encoder: Encoding mesh Branch led scale foliage 3073.
14:57:44 | INFO: Draco encoder: Encoding mesh Branch led scale foliage 3074.
14:57:44 | INFO: Draco encoder: Encoding mesh Branch led scale foliage 3075.
14:57:44 | INFO: Draco encoder: Encoding mesh Branch led scale foliage 3076.
14:57:44 | INFO: Draco encoder: Encoding mesh Branch led scale foliage 3077.
14:57:44 | INFO: Draco encoder: Encoding mesh Branch led scale foliage 3078.
14:57:44 | INFO: Draco encoder: Encoding mesh Branch led scale foliage 3079.
14:57:44 | INFO: Draco encoder: Encoding mesh Branch led scale foliage 3080.
14:57:44 | INFO: Draco encoder: Encoding mesh Branch led scale foliage 3081.
14:57:44 | INFO: Draco encoder: Encoding mesh Branch led scale foliage 3082.
14:57:44 | INFO: Draco encoder: Encoding mesh Branch led scale foliage 3083.
14:57:44 | INFO: Draco encoder: Encoding mesh Branch led scale foliage 3084.
14:57:44 | INFO: Draco encoder: Encoding mesh Branch led scale foliage 3085.
14:57:44 | INFO: Draco encoder: Encoding mesh Branch led scale foliage 3086.
14:57:44 | INFO: Draco encoder: Encoding mesh Branch led scale foliage 3087.
14:57:44 | INFO: Draco encoder: Encoding mesh Branch led scale foliage 3088.
14:57:44 | INFO: Draco encoder: Encoding mesh Branch led scale foliage 3089.
14:57:44 | INFO: Draco encoder: Encoding mesh Branch led scale foliage 3090.
14:57:44 | INFO: Draco encoder: Encoding mesh Branch led scale foliage 3091.
14:57:44 | INFO: Draco encoder: Encoding mesh Branch led scale foliage 3092.
14:57:44 | INFO: Draco encoder: Encoding mesh Branch led scale foliage 3093.
14:57:44 | INFO: Draco encoder: Encoding mesh Branch led scale foliage 3094.
14:57:44 | INFO: Draco encoder: Encoding mesh Branch led scale foliage 3095.
14:57:44 | INFO: Draco encoder: Encoding mesh Branch led scale foliage 3096.
14:57:44 | INFO: Draco encoder: Encoding mesh Branch led scale foliage 3097.
14:57:44 | INFO: Draco encoder: Encoding mesh Branch led scale foliage 3098.
14:57:44 | INFO: Draco encoder: Encoding mesh Branch led scale foliage 3099.
14:57:44 | INFO: Draco encoder: Encoding mesh Branch led scale foliage 3100.
14:57:44 | INFO: Draco encoder: Encoding mesh Branch led scale foliage 3101.
14:57:44 | INFO: Draco encoder: Encoding mesh Branch led scale foliage 3102.
14:57:44 | INFO: Draco encoder: Encoding mesh Branch led scale foliage 3103.
14:57:44 | INFO: Draco encoder: Encoding mesh Branch led scale foliage 3104.
14:57:44 | INFO: Draco encoder: Encoding mesh Branch led scale foliage 3105.
14:57:44 | INFO: Draco encoder: Encoding mesh Branch led scale foliage 3106.
14:57:44 | INFO: Draco encoder: Encoding mesh Branch led scale foliage 3107.
14:57:44 | INFO: Draco encoder: Encoding mesh Branch led scale foliage 3108.
14:57:44 | INFO: Draco encoder: Encoding mesh Branch led scale foliage 3109.
14:57:44 | INFO: Draco encoder: Encoding mesh Branch led scale foliage 3110.
14:57:44 | INFO: Draco encoder: Encoding mesh Branch led scale foliage 3111.
14:57:44 | INFO: Draco encoder: Encoding mesh Branch led scale foliage 3112.
14:57:44 | INFO: Draco encoder: Encoding mesh Branch led scale foliage 3113.
14:57:44 | INFO: Draco encoder: Encoding mesh Branch led scale foliage 3114.
14:57:44 | INFO: Draco encoder: Encoding mesh Branch led scale foliage 3115.
14:57:44 | INFO: Draco encoder: Encoding mesh Branch led scale foliage 3116.
14:57:44 | INFO: Draco encoder: Encoding mesh Branch led scale foliage 3117.
14:57:44 | INFO: Draco encoder: Encoding mesh Branch led scale foliage 3118.
14:57:44 | INFO: Draco encoder: Encoding mesh Branch led scale foliage 3119.
14:57:44 | INFO: Draco encoder: Encoding mesh Branch led scale foliage 3120.
14:57:44 | INFO: Draco encoder: Encoding mesh Branch led scale foliage 3121.
14:57:44 | INFO: Draco encoder: Encoding mesh Branch led scale foliage 3122.
14:57:44 | INFO: Draco encoder: Encoding mesh Branch led scale foliage 3123.
14:57:44 | INFO: Draco encoder: Encoding mesh Branch led scale foliage 3124.
14:57:44 | INFO: Draco encoder: Encoding mesh Branch led scale foliage 3125.
14:57:44 | INFO: Draco encoder: Encoding mesh Branch led scale foliage 3126.
14:57:44 | INFO: Draco encoder: Encoding mesh Branch led scale foliage 3127.
14:57:44 | INFO: Draco encoder: Encoding mesh Branch led scale foliage 3128.
14:57:44 | INFO: Draco encoder: Encoding mesh Branch led scale foliage 3129.
14:57:44 | INFO: Draco encoder: Encoding mesh Branch led scale foliage 3130.
14:57:44 | INFO: Draco encoder: Encoding mesh Branch led scale foliage 3131.
14:57:44 | INFO: Draco encoder: Encoding mesh Branch led scale foliage 3132.
14:57:44 | INFO: Draco encoder: Encoding mesh Branch led scale foliage 3133.
14:57:44 | INFO: Draco encoder: Encoding mesh Branch led scale foliage 3134.
14:57:44 | INFO: Draco encoder: Encoding mesh Branch led scale foliage 3135.
14:57:44 | INFO: Draco encoder: Encoding mesh Branch led scale foliage 3136.
14:57:44 | INFO: Draco encoder: Encoding mesh Branch led scale foliage 3137.
14:57:44 | INFO: Draco encoder: Encoding mesh Branch led scale foliage 3138.
14:57:44 | INFO: Draco encoder: Encoding mesh Branch led scale foliage 3139.
14:57:44 | INFO: Draco encoder: Encoding mesh Branch led scale foliage 3140.
14:57:44 | INFO: Draco encoder: Encoding mesh Branch led scale foliage 3141.
14:57:44 | INFO: Draco encoder: Encoding mesh Branch led scale foliage 3142.
14:57:44 | INFO: Draco encoder: Encoding mesh Branch led scale foliage 3143.
14:57:44 | INFO: Draco encoder: Encoding mesh Branch led scale foliage 3144.
14:57:44 | INFO: Draco encoder: Encoding mesh Branch led scale foliage 3145.
14:57:44 | INFO: Draco encoder: Encoding mesh Branch led scale foliage 3146.
14:57:44 | INFO: Draco encoder: Encoding mesh Branch led scale foliage 3147.
14:57:44 | INFO: Draco encoder: Encoding mesh Branch led scale foliage 3148.
14:57:44 | INFO: Draco encoder: Encoding mesh Branch led scale foliage 3149.
14:57:44 | INFO: Draco encoder: Encoding mesh Branch led scale foliage 3150.
14:57:44 | INFO: Draco encoder: Encoding mesh Branch led scale foliage 3151.
14:57:44 | INFO: Draco encoder: Encoding mesh Branch led scale foliage 3152.
14:57:44 | INFO: Draco encoder: Encoding mesh Branch led scale foliage 3153.
14:57:44 | INFO: Draco encoder: Encoding mesh Branch led scale foliage 3154.
14:57:44 | INFO: Draco encoder: Encoding mesh Branch led scale foliage 3155.
14:57:44 | INFO: Draco encoder: Encoding mesh Branch led scale foliage 3156.
14:57:44 | INFO: Draco encoder: Encoding mesh Branch led scale foliage 3157.
14:57:44 | INFO: Draco encoder: Encoding mesh Branch led scale foliage 3158.
14:57:44 | INFO: Draco encoder: Encoding mesh Branch led scale foliage 3159.
14:57:44 | INFO: Draco encoder: Encoding mesh Branch led scale foliage 3160.
14:57:44 | INFO: Draco encoder: Encoding mesh Branch led scale foliage 3161.
14:57:44 | INFO: Draco encoder: Encoding mesh Branch led scale foliage 3162.
14:57:44 | INFO: Draco encoder: Encoding mesh Branch led scale foliage 3163.
14:57:44 | INFO: Draco encoder: Encoding mesh Branch led scale foliage 3164.
14:57:44 | INFO: Draco encoder: Encoding mesh Branch led scale foliage 3165.
14:57:44 | INFO: Draco encoder: Encoding mesh Branch led scale foliage 3166.
14:57:44 | INFO: Draco encoder: Encoding mesh Branch led scale foliage 3167.
14:57:44 | INFO: Draco encoder: Encoding mesh Branch led scale foliage 3168.
14:57:44 | INFO: Draco encoder: Encoding mesh Branch led scale foliage 3169.
14:57:44 | INFO: Draco encoder: Encoding mesh Branch led scale foliage 3170.
14:57:44 | INFO: Draco encoder: Encoding mesh Branch led scale foliage 3171.
14:57:44 | INFO: Draco encoder: Encoding mesh Branch led scale foliage 3172.
14:57:44 | INFO: Draco encoder: Encoding mesh Branch led scale foliage 3173.
14:57:44 | INFO: Draco encoder: Encoding mesh Branch led scale foliage 3174.
14:57:44 | INFO: Draco encoder: Encoding mesh Branch led scale foliage 3175.
14:57:44 | INFO: Draco encoder: Encoding mesh Branch led scale foliage 3176.
14:57:44 | INFO: Draco encoder: Encoding mesh Branch led scale foliage 3177.
14:57:44 | INFO: Draco encoder: Encoding mesh Branch led scale foliage 3178.
14:57:44 | INFO: Draco encoder: Encoding mesh Branch led scale foliage 3179.
14:57:44 | INFO: Draco encoder: Encoding mesh Branch led scale foliage 3180.
14:57:44 | INFO: Draco encoder: Encoding mesh Branch led scale foliage 3181.
14:57:44 | INFO: Draco encoder: Encoding mesh Branch led scale foliage 3182.
14:57:44 | INFO: Draco encoder: Encoding mesh Branch led scale foliage 3183.
14:57:44 | INFO: Draco encoder: Encoding mesh Branch led scale foliage 3184.
14:57:44 | INFO: Draco encoder: Encoding mesh Branch led scale foliage 3185.
14:57:44 | INFO: Draco encoder: Encoding mesh Branch led scale foliage 3186.
14:57:44 | INFO: Draco encoder: Encoding mesh Branch led scale foliage 3187.
14:57:44 | INFO: Draco encoder: Encoding mesh Branch led scale foliage 3188.
14:57:44 | INFO: Draco encoder: Encoding mesh Branch led scale foliage 3189.
14:57:44 | INFO: Draco encoder: Encoding mesh Branch led scale foliage 3190.
14:57:44 | INFO: Draco encoder: Encoding mesh Branch led scale foliage 3191.
14:57:44 | INFO: Draco encoder: Encoding mesh Branch led scale foliage 3192.
14:57:44 | INFO: Draco encoder: Encoding mesh Branch led scale foliage 3193.
14:57:44 | INFO: Draco encoder: Encoding mesh Branch led scale foliage 3194.
14:57:44 | INFO: Draco encoder: Encoding mesh Branch led scale foliage 3195.
14:57:44 | INFO: Draco encoder: Encoding mesh Branch led scale foliage 3196.
14:57:44 | INFO: Draco encoder: Encoding mesh Branch led scale foliage 3197.
14:57:44 | INFO: Draco encoder: Encoding mesh Branch led scale foliage 3198.
14:57:44 | INFO: Draco encoder: Encoding mesh Branch led scale foliage 3199.
14:57:44 | INFO: Draco encoder: Encoding mesh Branch led scale foliage 3200.
14:57:44 | INFO: Draco encoder: Encoding mesh Branch led scale foliage 3201.
14:57:44 | INFO: Draco encoder: Encoding mesh Branch led scale foliage 3202.
14:57:44 | INFO: Draco encoder: Encoding mesh Branch led scale foliage 3203.
14:57:44 | INFO: Draco encoder: Encoding mesh Branch led scale foliage 3204.
14:57:44 | INFO: Draco encoder: Encoding mesh Branch led scale foliage 3205.
14:57:44 | INFO: Draco encoder: Encoding mesh Branch led scale foliage 3206.
14:57:44 | INFO: Draco encoder: Encoding mesh Branch led scale foliage 3207.
14:57:44 | INFO: Draco encoder: Encoding mesh Branch led scale foliage 3208.
14:57:44 | INFO: Draco encoder: Encoding mesh Branch led scale foliage 3209.
14:57:44 | INFO: Draco encoder: Encoding mesh Branch led scale foliage 3210.
14:57:44 | INFO: Draco encoder: Encoding mesh Branch led scale foliage 3211.
14:57:44 | INFO: Draco encoder: Encoding mesh Branch led scale foliage 3212.
14:57:44 | INFO: Draco encoder: Encoding mesh Branch led scale foliage 3213.
14:57:44 | INFO: Draco encoder: Encoding mesh Branch led scale foliage 3214.
14:57:44 | INFO: Draco encoder: Encoding mesh Branch led scale foliage 3215.
14:57:44 | INFO: Draco encoder: Encoding mesh Branch led scale foliage 3216.
14:57:44 | INFO: Draco encoder: Encoding mesh Branch led scale foliage 3217.
14:57:44 | INFO: Draco encoder: Encoding mesh Branch led scale foliage 3218.
14:57:44 | INFO: Draco encoder: Encoding mesh Branch led scale foliage 3219.
14:57:44 | INFO: Draco encoder: Encoding mesh Branch led scale foliage 3220.
14:57:44 | INFO: Draco encoder: Encoding mesh Branch led scale foliage 3221.
14:57:44 | INFO: Draco encoder: Encoding mesh Branch led scale foliage 3222.
14:57:44 | INFO: Draco encoder: Encoding mesh Branch led scale foliage 3223.
14:57:44 | INFO: Draco encoder: Encoding mesh Branch led scale foliage 3224.
14:57:44 | INFO: Draco encoder: Encoding mesh Branch led scale foliage 3225.
14:57:44 | INFO: Draco encoder: Encoding mesh Branch led scale foliage 3226.
14:57:44 | INFO: Draco encoder: Encoding mesh Branch led scale foliage 3227.
14:57:44 | INFO: Draco encoder: Encoding mesh Branch led scale foliage 3228.
14:57:44 | INFO: Draco encoder: Encoding mesh Branch led scale foliage 3229.
14:57:44 | INFO: Draco encoder: Encoding mesh Branch led scale foliage 3230.
14:57:44 | INFO: Draco encoder: Encoding mesh Branch led scale foliage 3231.
14:57:44 | INFO: Draco encoder: Encoding mesh Branch led scale foliage 3232.
14:57:44 | INFO: Draco encoder: Encoding mesh Branch led scale foliage 3233.
14:57:44 | INFO: Draco encoder: Encoding mesh Branch led scale foliage 3234.
14:57:44 | INFO: Draco encoder: Encoding mesh Branch led scale foliage 3235.
14:57:44 | INFO: Draco encoder: Encoding mesh Branch led scale foliage 3236.
14:57:44 | INFO: Draco encoder: Encoding mesh Branch led scale foliage 3237.
14:57:44 | INFO: Draco encoder: Encoding mesh Branch led scale foliage 3238.
14:57:44 | INFO: Draco encoder: Encoding mesh Branch led scale foliage 3239.
14:57:44 | INFO: Draco encoder: Encoding mesh Branch led scale foliage 3240.
14:57:44 | INFO: Draco encoder: Encoding mesh Branch led scale foliage 3241.
14:57:44 | INFO: Draco encoder: Encoding mesh Branch led scale foliage 3242.
14:57:44 | INFO: Draco encoder: Encoding mesh Branch led scale foliage 3243.
14:57:44 | INFO: Draco encoder: Encoding mesh Branch led scale foliage 3244.
14:57:44 | INFO: Draco encoder: Encoding mesh Branch led scale foliage 3245.
14:57:44 | INFO: Draco encoder: Encoding mesh Branch led scale foliage 3246.
14:57:44 | INFO: Draco encoder: Encoding mesh Branch led scale foliage 3247.
14:57:44 | INFO: Draco encoder: Encoding mesh Branch led scale foliage 3248.
14:57:44 | INFO: Draco encoder: Encoding mesh Branch led scale foliage 3249.
14:57:44 | INFO: Draco encoder: Encoding mesh Branch led scale foliage 3250.
14:57:44 | INFO: Draco encoder: Encoding mesh Branch led scale foliage 3251.
14:57:44 | INFO: Draco encoder: Encoding mesh Branch led scale foliage 3252.
14:57:44 | INFO: Draco encoder: Encoding mesh Branch led scale foliage 3253.
14:57:44 | INFO: Draco encoder: Encoding mesh Branch led scale foliage 3254.
14:57:44 | INFO: Draco encoder: Encoding mesh Branch led scale foliage 3255.
14:57:44 | INFO: Draco encoder: Encoding mesh Branch led scale foliage 3256.
14:57:44 | INFO: Draco encoder: Encoding mesh Branch led scale foliage 3257.
14:57:44 | INFO: Draco encoder: Encoding mesh Branch led scale foliage 3258.
14:57:44 | INFO: Draco encoder: Encoding mesh Branch led scale foliage 3259.
14:57:44 | INFO: Draco encoder: Encoding mesh Branch led scale foliage 3260.
14:57:44 | INFO: Draco encoder: Encoding mesh Branch led scale foliage 3261.
14:57:44 | INFO: Draco encoder: Encoding mesh Branch led scale foliage 3262.
14:57:44 | INFO: Draco encoder: Encoding mesh Branch led scale foliage 3263.
14:57:44 | INFO: Draco encoder: Encoding mesh Branch led scale foliage 3264.
14:57:44 | INFO: Draco encoder: Encoding mesh Branch led scale foliage 3265.
14:57:44 | INFO: Draco encoder: Encoding mesh Branch led scale foliage 3266.
14:57:44 | INFO: Draco encoder: Encoding mesh Branch led scale foliage 3267.
14:57:44 | INFO: Draco encoder: Encoding mesh Branch led scale foliage 3268.
14:57:44 | INFO: Draco encoder: Encoding mesh Branch led scale foliage 3269.
14:57:44 | INFO: Draco encoder: Encoding mesh Branch led scale foliage 3270.
14:57:44 | INFO: Draco encoder: Encoding mesh Branch led scale foliage 3271.
14:57:44 | INFO: Draco encoder: Encoding mesh Branch led scale foliage 3272.
14:57:44 | INFO: Draco encoder: Encoding mesh Branch led scale foliage 3273.
14:57:44 | INFO: Draco encoder: Encoding mesh Branch led scale foliage 3274.
14:57:44 | INFO: Draco encoder: Encoding mesh Branch led scale foliage 3275.
14:57:44 | INFO: Draco encoder: Encoding mesh Branch led scale foliage 3276.
14:57:44 | INFO: Draco encoder: Encoding mesh Branch led scale foliage 3277.
14:57:44 | INFO: Draco encoder: Encoding mesh Branch led scale foliage 3278.
14:57:44 | INFO: Draco encoder: Encoding mesh Branch led scale foliage 3279.
14:57:44 | INFO: Draco encoder: Encoding mesh Branch led scale foliage 3280.
14:57:44 | INFO: Draco encoder: Encoding mesh Branch led scale foliage 3281.
14:57:44 | INFO: Draco encoder: Encoding mesh Branch led scale foliage 3282.
14:57:44 | INFO: Draco encoder: Encoding mesh Branch led scale foliage 3283.
14:57:44 | INFO: Draco encoder: Encoding mesh Branch led scale foliage 3284.
14:57:44 | INFO: Draco encoder: Encoding mesh Branch led scale foliage 3285.
14:57:44 | INFO: Draco encoder: Encoding mesh Branch led scale foliage 3286.
14:57:44 | INFO: Draco encoder: Encoding mesh Branch led scale foliage 3287.
14:57:44 | INFO: Draco encoder: Encoding mesh Branch led scale foliage 3288.
14:57:44 | INFO: Draco encoder: Encoding mesh Branch led scale foliage 3289.
14:57:44 | INFO: Draco encoder: Encoding mesh Branch led scale foliage 3290.
14:57:44 | INFO: Draco encoder: Encoding mesh Branch led scale foliage 3291.
14:57:44 | INFO: Draco encoder: Encoding mesh Branch led scale foliage 3292.
14:57:44 | INFO: Draco encoder: Encoding mesh Branch led scale foliage 3293.
14:57:44 | INFO: Draco encoder: Encoding mesh Branch led scale foliage 3294.
14:57:44 | INFO: Draco encoder: Encoding mesh Branch led scale foliage 3295.
14:57:44 | INFO: Draco encoder: Encoding mesh Branch led scale foliage 3296.
14:57:44 | INFO: Draco encoder: Encoding mesh Branch led scale foliage 3297.
14:57:44 | INFO: Draco encoder: Encoding mesh Branch led scale foliage 3298.
14:57:44 | INFO: Draco encoder: Encoding mesh Branch led scale foliage 3299.
14:57:44 | INFO: Draco encoder: Encoding mesh Branch led scale foliage 3300.
14:57:44 | INFO: Draco encoder: Encoding mesh Branch led scale foliage 3301.
14:57:44 | INFO: Draco encoder: Encoding mesh Branch led scale foliage 3302.
14:57:44 | INFO: Draco encoder: Encoding mesh Branch led scale foliage 3303.
14:57:44 | INFO: Draco encoder: Encoding mesh Branch led scale foliage 3304.
14:57:44 | INFO: Draco encoder: Encoding mesh Branch led scale foliage 3305.
14:57:44 | INFO: Draco encoder: Encoding mesh Branch led scale foliage 3306.
14:57:44 | INFO: Draco encoder: Encoding mesh Branch led scale foliage 3307.
14:57:44 | INFO: Draco encoder: Encoding mesh Branch led scale foliage 3308.
14:57:44 | INFO: Draco encoder: Encoding mesh Branch led scale foliage 3309.
14:57:44 | INFO: Draco encoder: Encoding mesh Branch led scale foliage 3310.
14:57:44 | INFO: Draco encoder: Encoding mesh Branch led scale foliage 3311.
14:57:44 | INFO: Draco encoder: Encoding mesh Branch led scale foliage 3312.
14:57:44 | INFO: Draco encoder: Encoding mesh Branch led scale foliage 3313.
14:57:44 | INFO: Draco encoder: Encoding mesh Branch led scale foliage 3314.
14:57:44 | INFO: Draco encoder: Encoding mesh Branch led scale foliage 3315.
14:57:44 | INFO: Draco encoder: Encoding mesh Branch led scale foliage 3316.
14:57:44 | INFO: Draco encoder: Encoding mesh Branch led scale foliage 3317.
14:57:44 | INFO: Draco encoder: Encoding mesh Branch led scale foliage 3318.
14:57:44 | INFO: Draco encoder: Encoding mesh Branch led scale foliage 3319.
14:57:44 | INFO: Draco encoder: Encoding mesh Branch led scale foliage 3320.
14:57:44 | INFO: Draco encoder: Encoding mesh Branch led scale foliage 3321.
14:57:44 | INFO: Draco encoder: Encoding mesh Branch led scale foliage 3322.
14:57:44 | INFO: Draco encoder: Encoding mesh Branch led scale foliage 3323.
14:57:44 | INFO: Draco encoder: Encoding mesh Branch led scale foliage 3324.
14:57:44 | INFO: Draco encoder: Encoding mesh Branch led scale foliage 3325.
14:57:44 | INFO: Draco encoder: Encoding mesh Branch led scale foliage 3326.
14:57:44 | INFO: Draco encoder: Encoding mesh Branch led scale foliage 3327.
14:57:44 | INFO: Draco encoder: Encoding mesh Branch led scale foliage 3328.
14:57:44 | INFO: Draco encoder: Encoding mesh Branch led scale foliage 3329.
14:57:44 | INFO: Draco encoder: Encoding mesh Branch led scale foliage 3330.
14:57:44 | INFO: Draco encoder: Encoding mesh Branch led scale foliage 3331.
14:57:44 | INFO: Draco encoder: Encoding mesh Branch led scale foliage 3332.
14:57:44 | INFO: Draco encoder: Encoding mesh Branch led scale foliage 3333.
14:57:44 | INFO: Draco encoder: Encoding mesh Branch led scale foliage 3334.
14:57:44 | INFO: Draco encoder: Encoding mesh Branch led scale foliage 3335.
14:57:44 | INFO: Draco encoder: Encoding mesh Branch led scale foliage 3336.
14:57:44 | INFO: Draco encoder: Encoding mesh Branch led scale foliage 3337.
14:57:44 | INFO: Draco encoder: Encoding mesh Branch led scale foliage 3338.
14:57:44 | INFO: Draco encoder: Encoding mesh Branch led scale foliage 3339.
14:57:44 | INFO: Draco encoder: Encoding mesh Branch led scale foliage 3340.
14:57:44 | INFO: Draco encoder: Encoding mesh Branch led scale foliage 3341.
14:57:44 | INFO: Draco encoder: Encoding mesh Branch led scale foliage 3342.
14:57:44 | INFO: Draco encoder: Encoding mesh Branch led scale foliage 3343.
14:57:44 | INFO: Draco encoder: Encoding mesh Branch led scale foliage 3344.
14:57:44 | INFO: Draco encoder: Encoding mesh Branch led scale foliage 3345.
14:57:44 | INFO: Draco encoder: Encoding mesh Branch led scale foliage 3346.
14:57:44 | INFO: Draco encoder: Encoding mesh Branch led scale foliage 3347.
14:57:44 | INFO: Draco encoder: Encoding mesh Branch led scale foliage 3348.
14:57:44 | INFO: Draco encoder: Encoding mesh Branch led scale foliage 3349.
14:57:44 | INFO: Draco encoder: Encoding mesh Branch led scale foliage 3350.
14:57:44 | INFO: Draco encoder: Encoding mesh Branch led scale foliage 3351.
14:57:44 | INFO: Draco encoder: Encoding mesh Branch led scale foliage 3352.
14:57:44 | INFO: Draco encoder: Encoding mesh Branch led scale foliage 3353.
14:57:44 | INFO: Draco encoder: Encoding mesh Branch led scale foliage 3354.
14:57:44 | INFO: Draco encoder: Encoding mesh Branch led scale foliage 3355.
14:57:44 | INFO: Draco encoder: Encoding mesh Branch led scale foliage 3356.
14:57:44 | INFO: Draco encoder: Encoding mesh Branch led scale foliage 3357.
14:57:44 | INFO: Draco encoder: Encoding mesh Branch led scale foliage 3358.
14:57:44 | INFO: Draco encoder: Encoding mesh Branch led scale foliage 3359.
14:57:44 | INFO: Draco encoder: Encoding mesh Branch led scale foliage 3360.
14:57:44 | INFO: Draco encoder: Encoding mesh Branch led scale foliage 3361.
14:57:44 | INFO: Draco encoder: Encoding mesh Branch led scale foliage 3362.
14:57:44 | INFO: Draco encoder: Encoding mesh Branch led scale foliage 3363.
14:57:44 | INFO: Draco encoder: Encoding mesh Branch led scale foliage 3364.
14:57:44 | INFO: Draco encoder: Encoding mesh Branch led scale foliage 3365.
14:57:44 | INFO: Draco encoder: Encoding mesh Branch led scale foliage 3366.
14:57:44 | INFO: Draco encoder: Encoding mesh Branch led scale foliage 3367.
14:57:44 | INFO: Draco encoder: Encoding mesh Branch led scale foliage 3368.
14:57:44 | INFO: Draco encoder: Encoding mesh Branch led scale foliage 3369.
14:57:44 | INFO: Draco encoder: Encoding mesh Branch led scale foliage 3370.
14:57:44 | INFO: Draco encoder: Encoding mesh Branch led scale foliage 3371.
14:57:44 | INFO: Draco encoder: Encoding mesh Branch led scale foliage 3372.
14:57:44 | INFO: Draco encoder: Encoding mesh Branch led scale foliage 3373.
14:57:44 | INFO: Draco encoder: Encoding mesh Branch led scale foliage 3374.
14:57:44 | INFO: Draco encoder: Encoding mesh Branch led scale foliage 3375.
14:57:44 | INFO: Draco encoder: Encoding mesh Branch led scale foliage 3376.
14:57:44 | INFO: Draco encoder: Encoding mesh Branch led scale foliage 3377.
14:57:44 | INFO: Draco encoder: Encoding mesh Branch led scale foliage 3378.
14:57:44 | INFO: Draco encoder: Encoding mesh Branch led scale foliage 3379.
14:57:44 | INFO: Draco encoder: Encoding mesh Branch led scale foliage 3380.
14:57:44 | INFO: Draco encoder: Encoding mesh Branch led scale foliage 3381.
14:57:44 | INFO: Draco encoder: Encoding mesh Branch led scale foliage 3382.
14:57:44 | INFO: Draco encoder: Encoding mesh Branch led scale foliage 3383.
14:57:44 | INFO: Draco encoder: Encoding mesh Branch led scale foliage 3384.
14:57:44 | INFO: Draco encoder: Encoding mesh Branch led scale foliage 3385.
14:57:44 | INFO: Draco encoder: Encoding mesh Branch led scale foliage 3386.
14:57:44 | INFO: Draco encoder: Encoding mesh Branch led scale foliage 3387.
14:57:44 | INFO: Draco encoder: Encoding mesh Branch led scale foliage 3388.
14:57:44 | INFO: Draco encoder: Encoding mesh Branch led scale foliage 3389.
14:57:44 | INFO: Draco encoder: Encoding mesh Branch led scale foliage 3390.
14:57:44 | INFO: Draco encoder: Encoding mesh Branch led scale foliage 3391.
14:57:44 | INFO: Draco encoder: Encoding mesh Branch led scale foliage 3392.
14:57:44 | INFO: Draco encoder: Encoding mesh Branch led scale foliage 3393.
14:57:44 | INFO: Draco encoder: Encoding mesh Branch led scale foliage 3394.
14:57:44 | INFO: Draco encoder: Encoding mesh Branch led scale foliage 3395.
14:57:44 | INFO: Draco encoder: Encoding mesh Branch led scale foliage 3396.
14:57:44 | INFO: Draco encoder: Encoding mesh Branch led scale foliage 3397.
14:57:44 | INFO: Draco encoder: Encoding mesh Branch led scale foliage 3398.
14:57:44 | INFO: Draco encoder: Encoding mesh Branch led scale foliage 3399.
14:57:44 | INFO: Draco encoder: Encoding mesh Branch led scale foliage 3400.
14:57:44 | INFO: Draco encoder: Encoding mesh Branch led scale foliage 3401.
14:57:44 | INFO: Draco encoder: Encoding mesh Branch led scale foliage 3402.
14:57:44 | INFO: Draco encoder: Encoding mesh Branch led scale foliage 3403.
14:57:44 | INFO: Draco encoder: Encoding mesh Branch led scale foliage 3404.
14:57:44 | INFO: Draco encoder: Encoding mesh Branch led scale foliage 3405.
14:57:44 | INFO: Draco encoder: Encoding mesh Branch led scale foliage 3406.
14:57:44 | INFO: Draco encoder: Encoding mesh Branch led scale foliage 3407.
14:57:44 | INFO: Draco encoder: Encoding mesh Branch led scale foliage 3408.
14:57:44 | INFO: Draco encoder: Encoding mesh Branch led scale foliage 3409.
14:57:44 | INFO: Draco encoder: Encoding mesh Branch led scale foliage 3410.
14:57:44 | INFO: Draco encoder: Encoding mesh Branch led scale foliage 3411.
14:57:44 | INFO: Draco encoder: Encoding mesh Branch led scale foliage 3412.
14:57:44 | INFO: Draco encoder: Encoding mesh Branch led scale foliage 3413.
14:57:44 | INFO: Draco encoder: Encoding mesh Branch led scale foliage 3414.
14:57:44 | INFO: Draco encoder: Encoding mesh Branch led scale foliage 3415.
14:57:44 | INFO: Draco encoder: Encoding mesh Branch led scale foliage 3416.
14:57:44 | INFO: Draco encoder: Encoding mesh Branch led scale foliage 3417.
14:57:44 | INFO: Draco encoder: Encoding mesh Branch led scale foliage 3418.
14:57:44 | INFO: Draco encoder: Encoding mesh Branch led scale foliage 3419.
14:57:44 | INFO: Draco encoder: Encoding mesh Branch led scale foliage 3420.
14:57:44 | INFO: Draco encoder: Encoding mesh Branch led scale foliage 3421.
14:57:44 | INFO: Draco encoder: Encoding mesh Branch led scale foliage 3422.
14:57:44 | INFO: Draco encoder: Encoding mesh Branch led scale foliage 3423.
14:57:44 | INFO: Draco encoder: Encoding mesh Branch led scale foliage 3424.
14:57:44 | INFO: Draco encoder: Encoding mesh Branch led scale foliage 3425.
14:57:44 | INFO: Draco encoder: Encoding mesh Branch led scale foliage 3426.
14:57:44 | INFO: Draco encoder: Encoding mesh Branch led scale foliage 3427.
14:57:44 | INFO: Draco encoder: Encoding mesh Branch led scale foliage 3428.
14:57:44 | INFO: Draco encoder: Encoding mesh Branch led scale foliage 3429.
14:57:44 | INFO: Draco encoder: Encoding mesh Branch led scale foliage 3430.
14:57:44 | INFO: Draco encoder: Encoding mesh Branch led scale foliage 3431.
14:57:44 | INFO: Draco encoder: Encoding mesh Branch led scale foliage 3432.
14:57:44 | INFO: Draco encoder: Encoding mesh Branch led scale foliage 3433.
14:57:44 | INFO: Draco encoder: Encoding mesh Branch led scale foliage 3434.
14:57:44 | INFO: Draco encoder: Encoding mesh Branch led scale foliage 3435.
14:57:44 | INFO: Draco encoder: Encoding mesh Branch led scale foliage 3436.
14:57:44 | INFO: Draco encoder: Encoding mesh Branch led scale foliage 3437.
14:57:44 | INFO: Draco encoder: Encoding mesh Branch led scale foliage 3438.
14:57:44 | INFO: Draco encoder: Encoding mesh Branch led scale foliage 3439.
14:57:44 | INFO: Draco encoder: Encoding mesh Branch led scale foliage 3440.
14:57:44 | INFO: Draco encoder: Encoding mesh Branch led scale foliage 3441.
14:57:44 | INFO: Draco encoder: Encoding mesh Branch led scale foliage 3442.
14:57:44 | INFO: Draco encoder: Encoding mesh Branch led scale foliage 3443.
14:57:44 | INFO: Draco encoder: Encoding mesh Branch led scale foliage 3444.
14:57:44 | INFO: Draco encoder: Encoding mesh Branch led scale foliage 3445.
14:57:44 | INFO: Draco encoder: Encoding mesh Branch led scale foliage 3446.
14:57:44 | INFO: Draco encoder: Encoding mesh Branch led scale foliage 3447.
14:57:44 | INFO: Draco encoder: Encoding mesh Branch led scale foliage 3448.
14:57:44 | INFO: Draco encoder: Encoding mesh Branch led scale foliage 3449.
14:57:44 | INFO: Draco encoder: Encoding mesh Branch led scale foliage 3450.
14:57:44 | INFO: Draco encoder: Encoding mesh Branch led scale foliage 3451.
14:57:44 | INFO: Draco encoder: Encoding mesh Branch led scale foliage 3452.
14:57:44 | INFO: Draco encoder: Encoding mesh Branch led scale foliage 3453.
14:57:44 | INFO: Draco encoder: Encoding mesh Branch led scale foliage 3454.
14:57:44 | INFO: Draco encoder: Encoding mesh Branch led scale foliage 3455.
14:57:44 | INFO: Draco encoder: Encoding mesh Branch led scale foliage 3456.
14:57:44 | INFO: Draco encoder: Encoding mesh Branch led scale foliage 3457.
14:57:44 | INFO: Draco encoder: Encoding mesh Branch led scale foliage 3458.
14:57:44 | INFO: Draco encoder: Encoding mesh Branch led scale foliage 3459.
14:57:44 | INFO: Draco encoder: Encoding mesh Branch led scale foliage 3460.
14:57:44 | INFO: Draco encoder: Encoding mesh Branch led scale foliage 3461.
14:57:44 | INFO: Draco encoder: Encoding mesh Branch led scale foliage 3462.
14:57:44 | INFO: Draco encoder: Encoding mesh Branch led scale foliage 3463.
14:57:44 | INFO: Draco encoder: Encoding mesh Branch led scale foliage 3464.
14:57:44 | INFO: Draco encoder: Encoding mesh Branch led scale foliage 3465.
14:57:44 | INFO: Draco encoder: Encoding mesh Branch led scale foliage 3466.
14:57:44 | INFO: Draco encoder: Encoding mesh Branch led scale foliage 3467.
14:57:44 | INFO: Draco encoder: Encoding mesh Branch led scale foliage 3468.
14:57:44 | INFO: Draco encoder: Encoding mesh Branch led scale foliage 3469.
14:57:44 | INFO: Draco encoder: Encoding mesh Branch led scale foliage 3470.
14:57:44 | INFO: Draco encoder: Encoding mesh Branch led scale foliage 3471.
14:57:44 | INFO: Draco encoder: Encoding mesh Branch led scale foliage 3472.
14:57:44 | INFO: Draco encoder: Encoding mesh Branch led scale foliage 3473.
14:57:44 | INFO: Draco encoder: Encoding mesh Branch led scale foliage 3474.
14:57:44 | INFO: Draco encoder: Encoding mesh Branch led scale foliage 3475.
14:57:44 | INFO: Draco encoder: Encoding mesh Branch led scale foliage 3476.
14:57:44 | INFO: Draco encoder: Encoding mesh Branch led scale foliage 3477.
14:57:44 | INFO: Draco encoder: Encoding mesh Branch led scale foliage 3478.
14:57:44 | INFO: Draco encoder: Encoding mesh Branch led scale foliage 3479.
14:57:44 | INFO: Draco encoder: Encoding mesh Branch led scale foliage 3480.
14:57:44 | INFO: Draco encoder: Encoding mesh Branch led scale foliage 3481.
14:57:44 | INFO: Draco encoder: Encoding mesh Branch led scale foliage 3482.
14:57:44 | INFO: Draco encoder: Encoding mesh Branch led scale foliage 3483.
14:57:44 | INFO: Draco encoder: Encoding mesh Branch led scale foliage 3484.
14:57:44 | INFO: Draco encoder: Encoding mesh Branch led scale foliage 3485.
14:57:44 | INFO: Draco encoder: Encoding mesh Branch led scale foliage 3486.
14:57:44 | INFO: Draco encoder: Encoding mesh Branch led scale foliage 3487.
14:57:44 | INFO: Draco encoder: Encoding mesh Branch led scale foliage 3488.
14:57:44 | INFO: Draco encoder: Encoding mesh Branch led scale foliage 3489.
14:57:44 | INFO: Draco encoder: Encoding mesh Branch led scale foliage 3490.
14:57:44 | INFO: Draco encoder: Encoding mesh Branch led scale foliage 3491.
14:57:44 | INFO: Draco encoder: Encoding mesh Branch led scale foliage 3492.
14:57:44 | INFO: Draco encoder: Encoding mesh Branch led scale foliage 3493.
14:57:44 | INFO: Draco encoder: Encoding mesh Branch led scale foliage 3494.
14:57:44 | INFO: Draco encoder: Encoding mesh Branch led scale foliage 3495.
14:57:44 | INFO: Draco encoder: Encoding mesh Branch led scale foliage 3496.
14:57:44 | INFO: Draco encoder: Encoding mesh Branch led scale foliage 3497.
14:57:44 | INFO: Draco encoder: Encoding mesh Branch led scale foliage 3498.
14:57:44 | INFO: Draco encoder: Encoding mesh Branch led scale foliage 3499.
14:57:44 | INFO: Draco encoder: Encoding mesh Branch led scale foliage 3500.
14:57:44 | INFO: Draco encoder: Encoding mesh Branch led scale foliage 3501.
14:57:44 | INFO: Draco encoder: Encoding mesh Branch led scale foliage 3502.
14:57:44 | INFO: Draco encoder: Encoding mesh Branch led scale foliage 3503.
14:57:44 | INFO: Draco encoder: Encoding mesh Branch led scale foliage 3504.
14:57:44 | INFO: Draco encoder: Encoding mesh Branch led scale foliage 3505.
14:57:44 | INFO: Draco encoder: Encoding mesh Branch led scale foliage 3506.
14:57:44 | INFO: Draco encoder: Encoding mesh Branch led scale foliage 3507.
14:57:44 | INFO: Draco encoder: Encoding mesh Branch led scale foliage 3508.
14:57:44 | INFO: Draco encoder: Encoding mesh Branch led scale foliage 3509.
14:57:44 | INFO: Draco encoder: Encoding mesh Branch led scale foliage 3510.
14:57:44 | INFO: Draco encoder: Encoding mesh Branch led scale foliage 3511.
14:57:44 | INFO: Draco encoder: Encoding mesh Branch led scale foliage 3512.
14:57:44 | INFO: Draco encoder: Encoding mesh Branch led scale foliage 3513.
14:57:44 | INFO: Draco encoder: Encoding mesh Branch led scale foliage 3514.
14:57:44 | INFO: Draco encoder: Encoding mesh Branch led scale foliage 3515.
14:57:44 | INFO: Draco encoder: Encoding mesh Branch led scale foliage 3516.
14:57:44 | INFO: Draco encoder: Encoding mesh Branch led scale foliage 3517.
14:57:44 | INFO: Draco encoder: Encoding mesh Branch led scale foliage 3518.
14:57:44 | INFO: Draco encoder: Encoding mesh Branch led scale foliage 3519.
14:57:44 | INFO: Draco encoder: Encoding mesh Branch led scale foliage 3520.
14:57:44 | INFO: Draco encoder: Encoding mesh Branch led scale foliage 3521.
14:57:44 | INFO: Draco encoder: Encoding mesh Branch led scale foliage 3522.
14:57:44 | INFO: Draco encoder: Encoding mesh Branch led scale foliage 3523.
14:57:44 | INFO: Draco encoder: Encoding mesh Branch led scale foliage 3524.
14:57:44 | INFO: Draco encoder: Encoding mesh Branch led scale foliage 3525.
14:57:44 | INFO: Draco encoder: Encoding mesh Branch led scale foliage 3526.
14:57:44 | INFO: Draco encoder: Encoding mesh Branch led scale foliage 3527.
14:57:44 | INFO: Draco encoder: Encoding mesh Branch led scale foliage 3528.
14:57:44 | INFO: Draco encoder: Encoding mesh Branch led scale foliage 3529.
14:57:44 | INFO: Draco encoder: Encoding mesh Branch led scale foliage 3530.
14:57:44 | INFO: Draco encoder: Encoding mesh Branch led scale foliage 3531.
14:57:44 | INFO: Draco encoder: Encoding mesh Branch led scale foliage 3532.
14:57:44 | INFO: Draco encoder: Encoding mesh Branch led scale foliage 3533.
14:57:44 | INFO: Draco encoder: Encoding mesh Branch led scale foliage 3534.
14:57:44 | INFO: Draco encoder: Encoding mesh Branch led scale foliage 3535.
14:57:44 | INFO: Draco encoder: Encoding mesh Branch led scale foliage 3536.
14:57:44 | INFO: Draco encoder: Encoding mesh Branch led scale foliage 3537.
14:57:44 | INFO: Draco encoder: Encoding mesh Branch led scale foliage 3538.
14:57:44 | INFO: Draco encoder: Encoding mesh Branch led scale foliage 3539.
14:57:44 | INFO: Draco encoder: Encoding mesh Branch led scale foliage 3540.
14:57:44 | INFO: Draco encoder: Encoding mesh Branch led scale foliage 3541.
14:57:44 | INFO: Draco encoder: Encoding mesh Branch led scale foliage 3542.
14:57:44 | INFO: Draco encoder: Encoding mesh Branch led scale foliage 3543.
14:57:44 | INFO: Draco encoder: Encoding mesh Branch led scale foliage 3544.
14:57:44 | INFO: Draco encoder: Encoding mesh Branch led scale foliage 3545.
14:57:44 | INFO: Draco encoder: Encoding mesh Branch led scale foliage 3546.
14:57:44 | INFO: Draco encoder: Encoding mesh Branch led scale foliage 3547.
14:57:44 | INFO: Draco encoder: Encoding mesh Branch led scale foliage 3548.
14:57:44 | INFO: Draco encoder: Encoding mesh Branch led scale foliage 3549.
14:57:44 | INFO: Draco encoder: Encoding mesh Branch led scale foliage 3550.
14:57:44 | INFO: Draco encoder: Encoding mesh Branch led scale foliage 3551.
14:57:44 | INFO: Draco encoder: Encoding mesh Branch led scale foliage 3552.
14:57:44 | INFO: Draco encoder: Encoding mesh Branch led scale foliage 3553.
14:57:44 | INFO: Draco encoder: Encoding mesh Branch led scale foliage 3554.
14:57:44 | INFO: Draco encoder: Encoding mesh Branch led scale foliage 3555.
14:57:44 | INFO: Draco encoder: Encoding mesh Branch led scale foliage 3556.
14:57:44 | INFO: Draco encoder: Encoding mesh Branch led scale foliage 3557.
14:57:44 | INFO: Draco encoder: Encoding mesh Branch led scale foliage 3558.
14:57:44 | INFO: Draco encoder: Encoding mesh Branch led scale foliage 3559.
14:57:44 | INFO: Draco encoder: Encoding mesh Branch led scale foliage 3560.
14:57:44 | INFO: Draco encoder: Encoding mesh Branch led scale foliage 3561.
14:57:44 | INFO: Draco encoder: Encoding mesh Branch led scale foliage 3562.
14:57:44 | INFO: Draco encoder: Encoding mesh Branch led scale foliage 3563.
14:57:44 | INFO: Draco encoder: Encoding mesh Branch led scale foliage 3564.
14:57:44 | INFO: Draco encoder: Encoding mesh Branch led scale foliage 3565.
14:57:44 | INFO: Draco encoder: Encoding mesh Branch led scale foliage 3566.
14:57:44 | INFO: Draco encoder: Encoding mesh Branch led scale foliage 3567.
14:57:44 | INFO: Draco encoder: Encoding mesh Branch led scale foliage 3568.
14:57:44 | INFO: Draco encoder: Encoding mesh Branch led scale foliage 3569.
14:57:44 | INFO: Draco encoder: Encoding mesh Branch led scale foliage 3570.
14:57:44 | INFO: Draco encoder: Encoding mesh Branch led scale foliage 3571.
14:57:44 | INFO: Draco encoder: Encoding mesh Branch led scale foliage 3572.
14:57:44 | INFO: Draco encoder: Encoding mesh Branch led scale foliage 3573.
14:57:44 | INFO: Draco encoder: Encoding mesh Branch led scale foliage 3574.
14:57:44 | INFO: Draco encoder: Encoding mesh Branch led scale foliage 3575.
14:57:44 | INFO: Draco encoder: Encoding mesh Branch led scale foliage 3576.
14:57:44 | INFO: Draco encoder: Encoding mesh Branch led scale foliage 3577.
14:57:44 | INFO: Draco encoder: Encoding mesh Branch led scale foliage 3578.
14:57:44 | INFO: Draco encoder: Encoding mesh Branch led scale foliage 3579.
14:57:44 | INFO: Draco encoder: Encoding mesh Branch led scale foliage 3580.
14:57:44 | INFO: Draco encoder: Encoding mesh Branch led scale foliage 3581.
14:57:44 | INFO: Draco encoder: Encoding mesh Branch led scale foliage 3582.
14:57:44 | INFO: Draco encoder: Encoding mesh Branch led scale foliage 3583.
14:57:44 | INFO: Draco encoder: Encoding mesh Branch led scale foliage 3584.
14:57:44 | INFO: Draco encoder: Encoding mesh Branch led scale foliage 3585.
14:57:44 | INFO: Draco encoder: Encoding mesh Branch led scale foliage 3586.
14:57:44 | INFO: Draco encoder: Encoding mesh Branch led scale foliage 3587.
14:57:44 | INFO: Draco encoder: Encoding mesh Branch led scale foliage 3588.
14:57:44 | INFO: Draco encoder: Encoding mesh Branch led scale foliage 3589.
14:57:44 | INFO: Draco encoder: Encoding mesh Branch led scale foliage 3590.
14:57:44 | INFO: Draco encoder: Encoding mesh Branch led scale foliage 3591.
14:57:44 | INFO: Draco encoder: Encoding mesh Branch led scale foliage 3592.
14:57:44 | INFO: Draco encoder: Encoding mesh Branch led scale foliage 3593.
14:57:44 | INFO: Draco encoder: Encoding mesh Branch led scale foliage 3594.
14:57:44 | INFO: Draco encoder: Encoding mesh Branch led scale foliage 3595.
14:57:44 | INFO: Draco encoder: Encoding mesh Branch led scale foliage 3596.
14:57:44 | INFO: Draco encoder: Encoding mesh Branch led scale foliage 3597.
14:57:44 | INFO: Draco encoder: Encoding mesh Branch led scale foliage 3598.
14:57:44 | INFO: Draco encoder: Encoding mesh Branch led scale foliage 3599.
14:57:44 | INFO: Draco encoder: Encoding mesh Branch led scale foliage 3600.
14:57:44 | INFO: Draco encoder: Encoding mesh Branch led scale foliage 3601.
14:57:44 | INFO: Draco encoder: Encoding mesh Branch led scale foliage 3602.
14:57:44 | INFO: Draco encoder: Encoding mesh Branch led scale foliage 3603.
14:57:44 | INFO: Draco encoder: Encoding mesh Branch led scale foliage 3604.
14:57:44 | INFO: Draco encoder: Encoding mesh Branch led scale foliage 3605.
14:57:44 | INFO: Draco encoder: Encoding mesh Branch led scale foliage 3606.
14:57:44 | INFO: Draco encoder: Encoding mesh Branch led scale foliage 3607.
14:57:44 | INFO: Draco encoder: Encoding mesh Branch led scale foliage 3608.
14:57:44 | INFO: Draco encoder: Encoding mesh Branch led scale foliage 3609.
14:57:44 | INFO: Draco encoder: Encoding mesh Branch led scale foliage 3610.
14:57:44 | INFO: Draco encoder: Encoding mesh Branch led scale foliage 3611.
14:57:44 | INFO: Draco encoder: Encoding mesh Branch led scale foliage 3612.
14:57:44 | INFO: Draco encoder: Encoding mesh Branch led scale foliage 3613.
14:57:44 | INFO: Draco encoder: Encoding mesh Branch led scale foliage 3614.
14:57:44 | INFO: Draco encoder: Encoding mesh Branch led scale foliage 3615.
14:57:44 | INFO: Draco encoder: Encoding mesh Branch led scale foliage 3616.
14:57:44 | INFO: Draco encoder: Encoding mesh Branch led scale foliage 3617.
14:57:44 | INFO: Draco encoder: Encoding mesh Branch led scale foliage 3618.
14:57:44 | INFO: Draco encoder: Encoding mesh Branch led scale foliage 3619.
14:57:44 | INFO: Draco encoder: Encoding mesh Branch led scale foliage 3620.
14:57:44 | INFO: Draco encoder: Encoding mesh Branch led scale foliage 3621.
14:57:44 | INFO: Draco encoder: Encoding mesh Branch led scale foliage 3622.
14:57:44 | INFO: Draco encoder: Encoding mesh Branch led scale foliage 3623.
14:57:44 | INFO: Draco encoder: Encoding mesh Branch led scale foliage 3624.
14:57:44 | INFO: Draco encoder: Encoding mesh Branch led scale foliage 3625.
14:57:44 | INFO: Draco encoder: Encoding mesh Branch led scale foliage 3626.
14:57:44 | INFO: Draco encoder: Encoding mesh Branch led scale foliage 3627.
14:57:44 | INFO: Draco encoder: Encoding mesh Branch led scale foliage 3628.
14:57:44 | INFO: Draco encoder: Encoding mesh Branch led scale foliage 3629.
14:57:44 | INFO: Draco encoder: Encoding mesh Branch led scale foliage 3630.
14:57:44 | INFO: Draco encoder: Encoding mesh Branch led scale foliage 3631.
14:57:44 | INFO: Draco encoder: Encoding mesh Branch led scale foliage 3632.
14:57:44 | INFO: Draco encoder: Encoding mesh Branch led scale foliage 3633.
14:57:44 | INFO: Draco encoder: Encoding mesh Branch led scale foliage 3634.
14:57:44 | INFO: Draco encoder: Encoding mesh Branch led scale foliage 3635.
14:57:44 | INFO: Draco encoder: Encoding mesh Branch led scale foliage 3636.
14:57:44 | INFO: Draco encoder: Encoding mesh Branch led scale foliage 3637.
14:57:44 | INFO: Draco encoder: Encoding mesh Branch led scale foliage 3638.
14:57:44 | INFO: Draco encoder: Encoding mesh Branch led scale foliage 3639.
14:57:44 | INFO: Draco encoder: Encoding mesh Branch led scale foliage 3640.
14:57:44 | INFO: Draco encoder: Encoding mesh Branch led scale foliage 3641.
14:57:44 | INFO: Draco encoder: Encoding mesh Branch led scale foliage 3642.
14:57:44 | INFO: Draco encoder: Encoding mesh Branch led scale foliage 3643.
14:57:44 | INFO: Draco encoder: Encoding mesh Branch led scale foliage 3644.
14:57:44 | INFO: Draco encoder: Encoding mesh Branch led scale foliage 3645.
14:57:44 | INFO: Draco encoder: Encoding mesh Branch led scale foliage 3646.
14:57:44 | INFO: Draco encoder: Encoding mesh Branch led scale foliage 3647.
14:57:44 | INFO: Draco encoder: Encoding mesh Branch led scale foliage 3648.
14:57:44 | INFO: Draco encoder: Encoding mesh Branch led scale foliage 3649.
14:57:44 | INFO: Draco encoder: Encoding mesh Branch led scale foliage 3650.
14:57:44 | INFO: Draco encoder: Encoding mesh Branch led scale foliage 3651.
14:57:44 | INFO: Draco encoder: Encoding mesh Branch led scale foliage 3652.
14:57:44 | INFO: Draco encoder: Encoding mesh Branch led scale foliage 3653.
14:57:44 | INFO: Draco encoder: Encoding mesh Branch led scale foliage 3654.
14:57:44 | INFO: Draco encoder: Encoding mesh Branch led scale foliage 3655.
14:57:44 | INFO: Draco encoder: Encoding mesh Branch led scale foliage 3656.
14:57:44 | INFO: Draco encoder: Encoding mesh Branch led scale foliage 3657.
14:57:44 | INFO: Draco encoder: Encoding mesh Branch led scale foliage 3658.
14:57:44 | INFO: Draco encoder: Encoding mesh Branch led scale foliage 3659.
14:57:44 | INFO: Draco encoder: Encoding mesh Branch led scale foliage 3660.
14:57:44 | INFO: Draco encoder: Encoding mesh Branch led scale foliage 3661.
14:57:44 | INFO: Draco encoder: Encoding mesh Branch led scale foliage 3662.
14:57:44 | INFO: Draco encoder: Encoding mesh Branch led scale foliage 3663.
14:57:44 | INFO: Draco encoder: Encoding mesh Branch led scale foliage 3664.
14:57:44 | INFO: Draco encoder: Encoding mesh Branch led scale foliage 3665.
14:57:44 | INFO: Draco encoder: Encoding mesh Branch led scale foliage 3666.
14:57:44 | INFO: Draco encoder: Encoding mesh Branch led scale foliage 3667.
14:57:44 | INFO: Draco encoder: Encoding mesh Branch led scale foliage 3668.
14:57:44 | INFO: Draco encoder: Encoding mesh Branch led scale foliage 3669.
14:57:44 | INFO: Draco encoder: Encoding mesh Branch led scale foliage 3670.
14:57:44 | INFO: Draco encoder: Encoding mesh Branch led scale foliage 3671.
14:57:44 | INFO: Draco encoder: Encoding mesh Branch led scale foliage 3672.
14:57:44 | INFO: Draco encoder: Encoding mesh Branch led scale foliage 3673.
14:57:44 | INFO: Draco encoder: Encoding mesh Branch led scale foliage 3674.
14:57:44 | INFO: Draco encoder: Encoding mesh Branch led scale foliage 3675.
14:57:44 | INFO: Draco encoder: Encoding mesh Branch led scale foliage 3676.
14:57:44 | INFO: Draco encoder: Encoding mesh Branch led scale foliage 3677.
14:57:44 | INFO: Draco encoder: Encoding mesh Branch led scale foliage 3678.
14:57:44 | INFO: Draco encoder: Encoding mesh Branch led scale foliage 3679.
14:57:44 | INFO: Draco encoder: Encoding mesh Branch led scale foliage 3680.
14:57:44 | INFO: Draco encoder: Encoding mesh Branch led scale foliage 3681.
14:57:44 | INFO: Draco encoder: Encoding mesh Branch led scale foliage 3682.
14:57:44 | INFO: Draco encoder: Encoding mesh Branch led scale foliage 3683.
14:57:44 | INFO: Draco encoder: Encoding mesh Branch led scale foliage 3684.
14:57:44 | INFO: Draco encoder: Encoding mesh Branch led scale foliage 3685.
14:57:44 | INFO: Draco encoder: Encoding mesh Branch led scale foliage 3686.
14:57:44 | INFO: Draco encoder: Encoding mesh Branch led scale foliage 3687.
14:57:44 | INFO: Draco encoder: Encoding mesh Branch led scale foliage 3688.
14:57:44 | INFO: Draco encoder: Encoding mesh Branch led scale foliage 3689.
14:57:44 | INFO: Draco encoder: Encoding mesh Branch led scale foliage 3690.
14:57:44 | INFO: Draco encoder: Encoding mesh Branch led scale foliage 3691.
14:57:44 | INFO: Draco encoder: Encoding mesh Branch led scale foliage 3692.
14:57:44 | INFO: Draco encoder: Encoding mesh Branch led scale foliage 3693.
14:57:44 | INFO: Draco encoder: Encoding mesh Branch led scale foliage 3694.
14:57:44 | INFO: Draco encoder: Encoding mesh Branch led scale foliage 3695.
14:57:44 | INFO: Draco encoder: Encoding mesh Branch led scale foliage 3696.
14:57:44 | INFO: Draco encoder: Encoding mesh Branch led scale foliage 3697.
14:57:44 | INFO: Draco encoder: Encoding mesh Branch led scale foliage 3698.
14:57:44 | INFO: Draco encoder: Encoding mesh Branch led scale foliage 3699.
14:57:44 | INFO: Draco encoder: Encoding mesh Branch led scale foliage 3700.
14:57:44 | INFO: Draco encoder: Encoding mesh Branch led scale foliage 3701.
14:57:44 | INFO: Draco encoder: Encoding mesh Branch led scale foliage 3702.
14:57:44 | INFO: Draco encoder: Encoding mesh Branch led scale foliage 3703.
14:57:44 | INFO: Draco encoder: Encoding mesh Branch led scale foliage 3704.
14:57:44 | INFO: Draco encoder: Encoding mesh Branch led scale foliage 3705.
14:57:44 | INFO: Draco encoder: Encoding mesh Branch led scale foliage 3706.
14:57:44 | INFO: Draco encoder: Encoding mesh Branch led scale foliage 3707.
14:57:44 | INFO: Draco encoder: Encoding mesh Branch led scale foliage 3708.
14:57:44 | INFO: Draco encoder: Encoding mesh Branch led scale foliage 3709.
14:57:44 | INFO: Draco encoder: Encoding mesh Branch led scale foliage 3710.
14:57:44 | INFO: Draco encoder: Encoding mesh Branch led scale foliage 3711.
14:57:44 | INFO: Draco encoder: Encoding mesh Branch led scale foliage 3712.
14:57:44 | INFO: Draco encoder: Encoding mesh Branch led scale foliage 3713.
14:57:44 | INFO: Draco encoder: Encoding mesh Branch led scale foliage 3714.
14:57:44 | INFO: Draco encoder: Encoding mesh Branch led scale foliage 3715.
14:57:44 | INFO: Draco encoder: Encoding mesh Branch led scale foliage 3716.
14:57:44 | INFO: Draco encoder: Encoding mesh Branch led scale foliage 3717.
14:57:44 | INFO: Draco encoder: Encoding mesh Branch led scale foliage 3718.
14:57:44 | INFO: Draco encoder: Encoding mesh Branch led scale foliage 3719.
14:57:44 | INFO: Draco encoder: Encoding mesh Branch led scale foliage 3720.
14:57:44 | INFO: Draco encoder: Encoding mesh Branch led scale foliage 3721.
14:57:44 | INFO: Draco encoder: Encoding mesh Branch led scale foliage 3722.
14:57:44 | INFO: Draco encoder: Encoding mesh Branch led scale foliage 3723.
14:57:44 | INFO: Draco encoder: Encoding mesh Branch led scale foliage 3724.
14:57:44 | INFO: Draco encoder: Encoding mesh Branch led scale foliage 3725.
14:57:44 | INFO: Draco encoder: Encoding mesh Branch led scale foliage 3726.
14:57:44 | INFO: Draco encoder: Encoding mesh Branch led scale foliage 3727.
14:57:44 | INFO: Draco encoder: Encoding mesh Branch led scale foliage 3728.
14:57:44 | INFO: Draco encoder: Encoding mesh Branch led scale foliage 3729.
14:57:44 | INFO: Draco encoder: Encoding mesh Branch led scale foliage 3730.
14:57:44 | INFO: Draco encoder: Encoding mesh Branch led scale foliage 3731.
14:57:44 | INFO: Draco encoder: Encoding mesh Branch led scale foliage 3732.
14:57:44 | INFO: Draco encoder: Encoding mesh Branch led scale foliage 3733.
14:57:44 | INFO: Draco encoder: Encoding mesh Branch led scale foliage 3734.
14:57:44 | INFO: Draco encoder: Encoding mesh Branch led scale foliage 3735.
14:57:44 | INFO: Draco encoder: Encoding mesh Branch led scale foliage 3736.
14:57:44 | INFO: Draco encoder: Encoding mesh Branch led scale foliage 3737.
14:57:44 | INFO: Draco encoder: Encoding mesh Branch led scale foliage 3738.
14:57:44 | INFO: Draco encoder: Encoding mesh Branch led scale foliage 3739.
14:57:44 | INFO: Draco encoder: Encoding mesh Branch led scale foliage 3740.
14:57:44 | INFO: Draco encoder: Encoding mesh Branch led scale foliage 3741.
14:57:44 | INFO: Draco encoder: Encoding mesh Branch led scale foliage 3742.
14:57:44 | INFO: Draco encoder: Encoding mesh Branch led scale foliage 3743.
14:57:44 | INFO: Draco encoder: Encoding mesh Branch led scale foliage 3744.
14:57:44 | INFO: Draco encoder: Encoding mesh Branch led scale foliage 3745.
14:57:44 | INFO: Draco encoder: Encoding mesh Branch led scale foliage 3746.
14:57:44 | INFO: Draco encoder: Encoding mesh Branch led scale foliage 3747.
14:57:44 | INFO: Draco encoder: Encoding mesh Branch led scale foliage 3748.
14:57:44 | INFO: Draco encoder: Encoding mesh Branch led scale foliage 3749.
14:57:44 | INFO: Draco encoder: Encoding mesh Branch led scale foliage 3750.
14:57:44 | INFO: Draco encoder: Encoding mesh Branch led scale foliage 3751.
14:57:44 | INFO: Draco encoder: Encoding mesh Branch led scale foliage 3752.
14:57:44 | INFO: Draco encoder: Encoding mesh Branch led scale foliage 3753.
14:57:44 | INFO: Draco encoder: Encoding mesh Branch led scale foliage 3754.
14:57:44 | INFO: Draco encoder: Encoding mesh Branch led scale foliage 3755.
14:57:44 | INFO: Draco encoder: Encoding mesh Branch led scale foliage 3756.
14:57:44 | INFO: Draco encoder: Encoding mesh Branch led scale foliage 3757.
14:57:44 | INFO: Draco encoder: Encoding mesh Branch led scale foliage 3758.
14:57:44 | INFO: Draco encoder: Encoding mesh Branch led scale foliage 3759.
14:57:44 | INFO: Draco encoder: Encoding mesh Branch led scale foliage 3760.
14:57:44 | INFO: Draco encoder: Encoding mesh Branch led scale foliage 3761.
14:57:44 | INFO: Draco encoder: Encoding mesh Branch led scale foliage 3762.
14:57:44 | INFO: Draco encoder: Encoding mesh Branch led scale foliage 3763.
14:57:44 | INFO: Draco encoder: Encoding mesh Branch led scale foliage 3764.
14:57:44 | INFO: Draco encoder: Encoding mesh Branch led scale foliage 3765.
14:57:44 | INFO: Draco encoder: Encoding mesh Branch led scale foliage 3766.
14:57:44 | INFO: Draco encoder: Encoding mesh Branch led scale foliage 3767.
14:57:44 | INFO: Draco encoder: Encoding mesh Branch led scale foliage 3768.
14:57:44 | INFO: Draco encoder: Encoding mesh Branch led scale foliage 3769.
14:57:44 | INFO: Draco encoder: Encoding mesh Branch led scale foliage 3770.
14:57:44 | INFO: Draco encoder: Encoding mesh Branch led scale foliage 3771.
14:57:44 | INFO: Draco encoder: Encoding mesh Branch led scale foliage 3772.
14:57:44 | INFO: Draco encoder: Encoding mesh Branch led scale foliage 3773.
14:57:44 | INFO: Draco encoder: Encoding mesh Branch led scale foliage 3774.
14:57:44 | INFO: Draco encoder: Encoding mesh Branch led scale foliage 3775.
14:57:44 | INFO: Draco encoder: Encoding mesh Branch led scale foliage 3776.
14:57:44 | INFO: Draco encoder: Encoding mesh Branch led scale foliage 3777.
14:57:44 | INFO: Draco encoder: Encoding mesh Branch led scale foliage 3778.
14:57:44 | INFO: Draco encoder: Encoding mesh Branch led scale foliage 3779.
14:57:44 | INFO: Draco encoder: Encoding mesh Branch led scale foliage 3780.
14:57:44 | INFO: Draco encoder: Encoding mesh Branch led scale foliage 3781.
14:57:44 | INFO: Draco encoder: Encoding mesh Branch led scale foliage 3782.
14:57:44 | INFO: Draco encoder: Encoding mesh Branch led scale foliage 3783.
14:57:44 | INFO: Draco encoder: Encoding mesh Branch led scale foliage 3784.
14:57:44 | INFO: Draco encoder: Encoding mesh Branch led scale foliage 3785.
14:57:44 | INFO: Draco encoder: Encoding mesh Branch led scale foliage 3786.
14:57:44 | INFO: Draco encoder: Encoding mesh Branch led scale foliage 3787.
14:57:44 | INFO: Draco encoder: Encoding mesh Branch led scale foliage 3788.
14:57:44 | INFO: Draco encoder: Encoding mesh Branch led scale foliage 3789.
14:57:44 | INFO: Draco encoder: Encoding mesh Branch led scale foliage 3790.
14:57:44 | INFO: Draco encoder: Encoding mesh Branch led scale foliage 3791.
14:57:44 | INFO: Draco encoder: Encoding mesh Branch led scale foliage 3792.
14:57:44 | INFO: Draco encoder: Encoding mesh Branch led scale foliage 3793.
14:57:44 | INFO: Draco encoder: Encoding mesh Branch led scale foliage 3794.
14:57:44 | INFO: Draco encoder: Encoding mesh Branch led scale foliage 3795.
14:57:44 | INFO: Draco encoder: Encoding mesh Branch led scale foliage 3796.
14:57:44 | INFO: Draco encoder: Encoding mesh Branch led scale foliage 3797.
14:57:44 | INFO: Draco encoder: Encoding mesh Branch led scale foliage 3798.
14:57:44 | INFO: Draco encoder: Encoding mesh Branch led scale foliage 3799.
14:57:44 | INFO: Draco encoder: Encoding mesh Branch led scale foliage 3800.
14:57:44 | INFO: Draco encoder: Encoding mesh Branch led scale foliage 3801.
14:57:44 | INFO: Draco encoder: Encoding mesh Branch led scale foliage 3802.
14:57:44 | INFO: Draco encoder: Encoding mesh Branch led scale foliage 3803.
14:57:44 | INFO: Draco encoder: Encoding mesh Branch led scale foliage 3804.
14:57:44 | INFO: Draco encoder: Encoding mesh Branch led scale foliage 3805.
14:57:44 | INFO: Draco encoder: Encoding mesh Branch led scale foliage 3806.
14:57:44 | INFO: Draco encoder: Encoding mesh Branch led scale foliage 3807.
14:57:44 | INFO: Draco encoder: Encoding mesh Branch led scale foliage 3808.
14:57:44 | INFO: Draco encoder: Encoding mesh Branch led scale foliage 3809.
14:57:44 | INFO: Draco encoder: Encoding mesh Branch led scale foliage 3810.
14:57:44 | INFO: Draco encoder: Encoding mesh Branch led scale foliage 3811.
14:57:44 | INFO: Draco encoder: Encoding mesh Branch led scale foliage 3812.
14:57:44 | INFO: Draco encoder: Encoding mesh Branch led scale foliage 3813.
14:57:44 | INFO: Draco encoder: Encoding mesh Branch led scale foliage 3814.
14:57:44 | INFO: Draco encoder: Encoding mesh Branch led scale foliage 3815.
14:57:44 | INFO: Draco encoder: Encoding mesh Branch led scale foliage 3816.
14:57:44 | INFO: Draco encoder: Encoding mesh Branch led scale foliage 3817.
14:57:44 | INFO: Draco encoder: Encoding mesh Branch led scale foliage 3818.
14:57:44 | INFO: Draco encoder: Encoding mesh Branch led scale foliage 3819.
14:57:44 | INFO: Draco encoder: Encoding mesh Branch led scale foliage 3820.
14:57:44 | INFO: Draco encoder: Encoding mesh Branch led scale foliage 3821.
14:57:44 | INFO: Draco encoder: Encoding mesh Branch led scale foliage 3822.
14:57:44 | INFO: Draco encoder: Encoding mesh Branch led scale foliage 3823.
14:57:44 | INFO: Draco encoder: Encoding mesh Branch led scale foliage 3824.
14:57:44 | INFO: Draco encoder: Encoding mesh Branch led scale foliage 3825.
14:57:44 | INFO: Draco encoder: Encoding mesh Branch led scale foliage 3826.
14:57:44 | INFO: Draco encoder: Encoding mesh Branch led scale foliage 3827.
14:57:44 | INFO: Draco encoder: Encoding mesh Branch led scale foliage 3828.
14:57:44 | INFO: Draco encoder: Encoding mesh Branch led scale foliage 3829.
14:57:44 | INFO: Draco encoder: Encoding mesh Branch led scale foliage 3830.
14:57:44 | INFO: Draco encoder: Encoding mesh Branch led scale foliage 3831.
14:57:44 | INFO: Draco encoder: Encoding mesh Branch led scale foliage 3832.
14:57:44 | INFO: Draco encoder: Encoding mesh Branch led scale foliage 3833.
14:57:44 | INFO: Draco encoder: Encoding mesh Branch led scale foliage 3834.
14:57:44 | INFO: Draco encoder: Encoding mesh Branch led scale foliage 3835.
14:57:44 | INFO: Draco encoder: Encoding mesh Branch led scale foliage 3836.
14:57:44 | INFO: Draco encoder: Encoding mesh Branch led scale foliage 3837.
14:57:44 | INFO: Draco encoder: Encoding mesh Branch led scale foliage 3838.
14:57:44 | INFO: Draco encoder: Encoding mesh Branch led scale foliage 3839.
14:57:44 | INFO: Draco encoder: Encoding mesh Branch led scale foliage 3840.
14:57:44 | INFO: Draco encoder: Encoding mesh Branch led scale foliage 3841.
14:57:44 | INFO: Draco encoder: Encoding mesh Branch led scale foliage 3842.
14:57:44 | INFO: Draco encoder: Encoding mesh Branch led scale foliage 3843.
14:57:44 | INFO: Draco encoder: Encoding mesh Branch led scale foliage 3844.
14:57:44 | INFO: Draco encoder: Encoding mesh Branch led scale foliage 3845.
14:57:44 | INFO: Draco encoder: Encoding mesh Branch led scale foliage 3846.
14:57:44 | INFO: Draco encoder: Encoding mesh Branch led scale foliage 3847.
14:57:44 | INFO: Draco encoder: Encoding mesh Branch led scale foliage 3848.
14:57:44 | INFO: Draco encoder: Encoding mesh Branch led scale foliage 3849.
14:57:44 | INFO: Draco encoder: Encoding mesh Branch led scale foliage 3850.
14:57:44 | INFO: Draco encoder: Encoding mesh Branch led scale foliage 3851.
14:57:44 | INFO: Draco encoder: Encoding mesh Branch led scale foliage 3852.
14:57:44 | INFO: Draco encoder: Encoding mesh Branch led scale foliage 3853.
14:57:44 | INFO: Draco encoder: Encoding mesh Branch led scale foliage 3854.
14:57:44 | INFO: Draco encoder: Encoding mesh Branch led scale foliage 3855.
14:57:44 | INFO: Draco encoder: Encoding mesh Branch led scale foliage 3856.
14:57:44 | INFO: Draco encoder: Encoding mesh Branch led scale foliage 3857.
14:57:44 | INFO: Draco encoder: Encoding mesh Branch led scale foliage 3858.
14:57:44 | INFO: Draco encoder: Encoding mesh Branch led scale foliage 3859.
14:57:44 | INFO: Draco encoder: Encoding mesh Branch led scale foliage 3860.
14:57:44 | INFO: Draco encoder: Encoding mesh Branch led scale foliage 3861.
14:57:44 | INFO: Draco encoder: Encoding mesh Branch led scale foliage 3862.
14:57:44 | INFO: Draco encoder: Encoding mesh Branch led scale foliage 3863.
14:57:44 | INFO: Draco encoder: Encoding mesh Branch led scale foliage 3864.
14:57:44 | INFO: Draco encoder: Encoding mesh Branch led scale foliage 3865.
14:57:44 | INFO: Draco encoder: Encoding mesh Branch led scale foliage 3866.
14:57:44 | INFO: Draco encoder: Encoding mesh Branch led scale foliage 3867.
14:57:44 | INFO: Draco encoder: Encoding mesh Branch led scale foliage 3868.
14:57:44 | INFO: Draco encoder: Encoding mesh Branch led scale foliage 3869.
14:57:44 | INFO: Draco encoder: Encoding mesh Branch led scale foliage 3870.
14:57:44 | INFO: Draco encoder: Encoding mesh Branch led scale foliage 3871.
14:57:44 | INFO: Draco encoder: Encoding mesh Branch led scale foliage 3872.
14:57:44 | INFO: Draco encoder: Encoding mesh Branch led scale foliage 3873.
14:57:44 | INFO: Draco encoder: Encoding mesh Branch led scale foliage 3874.
14:57:44 | INFO: Draco encoder: Encoding mesh Branch led scale foliage 3875.
14:57:44 | INFO: Draco encoder: Encoding mesh Branch led scale foliage 3876.
14:57:44 | INFO: Draco encoder: Encoding mesh Branch led scale foliage 3877.
14:57:44 | INFO: Draco encoder: Encoding mesh Branch led scale foliage 3878.
14:57:44 | INFO: Draco encoder: Encoding mesh Branch led scale foliage 3879.
14:57:44 | INFO: Draco encoder: Encoding mesh Branch led scale foliage 3880.
14:57:44 | INFO: Draco encoder: Encoding mesh Branch led scale foliage 3881.
14:57:44 | INFO: Draco encoder: Encoding mesh Branch led scale foliage 3882.
14:57:44 | INFO: Draco encoder: Encoding mesh Branch led scale foliage 3883.
14:57:44 | INFO: Draco encoder: Encoding mesh Branch led scale foliage 3884.
14:57:44 | INFO: Draco encoder: Encoding mesh Branch led scale foliage 3885.
14:57:44 | INFO: Draco encoder: Encoding mesh Branch led scale foliage 3886.
14:57:44 | INFO: Draco encoder: Encoding mesh Branch led scale foliage 3887.
14:57:44 | INFO: Draco encoder: Encoding mesh Branch led scale foliage 3888.
14:57:44 | INFO: Draco encoder: Encoding mesh Branch led scale foliage 3889.
14:57:44 | INFO: Draco encoder: Encoding mesh Branch led scale foliage 3890.
14:57:44 | INFO: Draco encoder: Encoding mesh Branch led scale foliage 3891.
14:57:44 | INFO: Draco encoder: Encoding mesh Branch led scale foliage 3892.
14:57:44 | INFO: Draco encoder: Encoding mesh Branch led scale foliage 3893.
14:57:44 | INFO: Draco encoder: Encoding mesh Branch led scale foliage 3894.
14:57:44 | INFO: Draco encoder: Encoding mesh Branch led scale foliage 3895.
14:57:44 | INFO: Draco encoder: Encoding mesh Branch led scale foliage 3896.
14:57:44 | INFO: Draco encoder: Encoding mesh Branch led scale foliage 3897.
14:57:44 | INFO: Draco encoder: Encoding mesh Branch led scale foliage 3898.
14:57:44 | INFO: Draco encoder: Encoding mesh Branch led scale foliage 3899.
14:57:44 | INFO: Draco encoder: Encoding mesh Branch led scale foliage 3900.
14:57:44 | INFO: Draco encoder: Encoding mesh Branch led scale foliage 3901.
14:57:44 | INFO: Draco encoder: Encoding mesh Branch led scale foliage 3902.
14:57:44 | INFO: Draco encoder: Encoding mesh Branch led scale foliage 3903.
14:57:44 | INFO: Draco encoder: Encoding mesh Branch led scale foliage 3904.
14:57:44 | INFO: Draco encoder: Encoding mesh Branch led scale foliage 3905.
14:57:44 | INFO: Draco encoder: Encoding mesh Branch led scale foliage 3906.
14:57:44 | INFO: Draco encoder: Encoding mesh Branch led scale foliage 3907.
14:57:44 | INFO: Draco encoder: Encoding mesh Branch led scale foliage 3908.
14:57:44 | INFO: Draco encoder: Encoding mesh Branch led scale foliage 3909.
14:57:44 | INFO: Draco encoder: Encoding mesh Branch led scale foliage 3910.
14:57:44 | INFO: Draco encoder: Encoding mesh Branch led scale foliage 3911.
14:57:44 | INFO: Draco encoder: Encoding mesh Branch led scale foliage 3912.
14:57:44 | INFO: Draco encoder: Encoding mesh Branch led scale foliage 3913.
14:57:44 | INFO: Draco encoder: Encoding mesh Branch led scale foliage 3914.
14:57:44 | INFO: Draco encoder: Encoding mesh Branch led scale foliage 3915.
14:57:44 | INFO: Draco encoder: Encoding mesh Branch led scale foliage 3916.
14:57:44 | INFO: Draco encoder: Encoding mesh Branch led scale foliage 3917.
14:57:44 | INFO: Draco encoder: Encoding mesh Branch led scale foliage 3918.
14:57:44 | INFO: Draco encoder: Encoding mesh Branch led scale foliage 3919.
14:57:44 | INFO: Draco encoder: Encoding mesh Branch led scale foliage 3920.
14:57:44 | INFO: Draco encoder: Encoding mesh Branch led scale foliage 3921.
14:57:44 | INFO: Draco encoder: Encoding mesh Branch led scale foliage 3922.
14:57:44 | INFO: Draco encoder: Encoding mesh Branch led scale foliage 3923.
14:57:44 | INFO: Draco encoder: Encoding mesh Branch led scale foliage 3924.
14:57:44 | INFO: Draco encoder: Encoding mesh Branch led scale foliage 3925.
14:57:44 | INFO: Draco encoder: Encoding mesh Branch led scale foliage 3926.
14:57:44 | INFO: Draco encoder: Encoding mesh Branch led scale foliage 3927.
14:57:44 | INFO: Draco encoder: Encoding mesh Branch led scale foliage 3928.
14:57:44 | INFO: Draco encoder: Encoding mesh Branch led scale foliage 3929.
14:57:44 | INFO: Draco encoder: Encoding mesh Branch led scale foliage 3930.
14:57:44 | INFO: Draco encoder: Encoding mesh Branch led scale foliage 3931.
14:57:44 | INFO: Draco encoder: Encoding mesh Branch led scale foliage 3932.
14:57:44 | INFO: Draco encoder: Encoding mesh Branch led scale foliage 3933.
14:57:44 | INFO: Draco encoder: Encoding mesh Branch led scale foliage 3934.
14:57:44 | INFO: Draco encoder: Encoding mesh Branch led scale foliage 3935.
14:57:44 | INFO: Draco encoder: Encoding mesh Branch led scale foliage 3936.
14:57:44 | INFO: Draco encoder: Encoding mesh Branch led scale foliage 3937.
14:57:44 | INFO: Draco encoder: Encoding mesh Branch led scale foliage 3938.
14:57:44 | INFO: Draco encoder: Encoding mesh Branch led scale foliage 3939.
14:57:44 | INFO: Draco encoder: Encoding mesh Branch led scale foliage 3940.
14:57:44 | INFO: Draco encoder: Encoding mesh Branch led scale foliage 3941.
14:57:44 | INFO: Draco encoder: Encoding mesh Branch led scale foliage 3942.
14:57:44 | INFO: Draco encoder: Encoding mesh Branch led scale foliage 3943.
14:57:44 | INFO: Draco encoder: Encoding mesh Branch led scale foliage 3944.
14:57:44 | INFO: Draco encoder: Encoding mesh Branch led scale foliage 3945.
14:57:44 | INFO: Draco encoder: Encoding mesh Branch led scale foliage 3946.
14:57:44 | INFO: Draco encoder: Encoding mesh Branch led scale foliage 3947.
14:57:44 | INFO: Draco encoder: Encoding mesh Branch led scale foliage 3948.
14:57:44 | INFO: Draco encoder: Encoding mesh Branch led scale foliage 3949.
14:57:44 | INFO: Draco encoder: Encoding mesh Branch led scale foliage 3950.
14:57:44 | INFO: Draco encoder: Encoding mesh Branch led scale foliage 3951.
14:57:44 | INFO: Draco encoder: Encoding mesh Branch led scale foliage 3952.
14:57:44 | INFO: Draco encoder: Encoding mesh Branch led scale foliage 3953.
14:57:44 | INFO: Draco encoder: Encoding mesh Branch led scale foliage 3954.
14:57:44 | INFO: Draco encoder: Encoding mesh Branch led scale foliage 3955.
14:57:44 | INFO: Draco encoder: Encoding mesh Branch led scale foliage 3956.
14:57:44 | INFO: Draco encoder: Encoding mesh Branch led scale foliage 3957.
14:57:44 | INFO: Draco encoder: Encoding mesh Branch led scale foliage 3958.
14:57:44 | INFO: Draco encoder: Encoding mesh Branch led scale foliage 3959.
14:57:44 | INFO: Draco encoder: Encoding mesh Branch led scale foliage 3960.
14:57:44 | INFO: Draco encoder: Encoding mesh Branch led scale foliage 3961.
14:57:44 | INFO: Draco encoder: Encoding mesh Branch led scale foliage 3962.
14:57:44 | INFO: Draco encoder: Encoding mesh Branch led scale foliage 3963.
14:57:44 | INFO: Draco encoder: Encoding mesh Branch led scale foliage 3964.
14:57:44 | INFO: Draco encoder: Encoding mesh Branch led scale foliage 3965.
14:57:44 | INFO: Draco encoder: Encoding mesh Branch led scale foliage 3966.
14:57:44 | INFO: Draco encoder: Encoding mesh Branch led scale foliage 3967.
14:57:44 | INFO: Draco encoder: Encoding mesh Branch led scale foliage 3968.
14:57:44 | INFO: Draco encoder: Encoding mesh Branch led scale foliage 3969.
14:57:44 | INFO: Draco encoder: Encoding mesh Branch led scale foliage 3970.
14:57:44 | INFO: Draco encoder: Encoding mesh Branch led scale foliage 3971.
14:57:44 | INFO: Draco encoder: Encoding mesh Branch led scale foliage 3972.
14:57:44 | INFO: Draco encoder: Encoding mesh Branch led scale foliage 3973.
14:57:44 | INFO: Draco encoder: Encoding mesh Branch led scale foliage 3974.
14:57:44 | INFO: Draco encoder: Encoding mesh Branch led scale foliage 3975.
14:57:44 | INFO: Draco encoder: Encoding mesh Branch led scale foliage 3976.
14:57:44 | INFO: Draco encoder: Encoding mesh Branch led scale foliage 3977.
14:57:44 | INFO: Draco encoder: Encoding mesh Branch led scale foliage 3978.
14:57:44 | INFO: Draco encoder: Encoding mesh Branch led scale foliage 3979.
14:57:44 | INFO: Draco encoder: Encoding mesh Branch led scale foliage 3980.
14:57:44 | INFO: Draco encoder: Encoding mesh Branch led scale foliage 3981.
14:57:44 | INFO: Draco encoder: Encoding mesh Branch led scale foliage 3982.
14:57:44 | INFO: Draco encoder: Encoding mesh Branch led scale foliage 3983.
14:57:44 | INFO: Draco encoder: Encoding mesh Branch led scale foliage 3984.
14:57:44 | INFO: Draco encoder: Encoding mesh Branch led scale foliage 3985.
14:57:44 | INFO: Draco encoder: Encoding mesh Branch led scale foliage 3986.
14:57:44 | INFO: Draco encoder: Encoding mesh Branch led scale foliage 3987.
14:57:44 | INFO: Draco encoder: Encoding mesh Branch led scale foliage 3988.
14:57:44 | INFO: Draco encoder: Encoding mesh Branch led scale foliage 3989.
14:57:44 | INFO: Draco encoder: Encoding mesh Branch led scale foliage 3990.
14:57:44 | INFO: Draco encoder: Encoding mesh Branch led scale foliage 3991.
14:57:44 | INFO: Draco encoder: Encoding mesh Branch led scale foliage 3992.
14:57:44 | INFO: Draco encoder: Encoding mesh Branch led scale foliage 3993.
14:57:44 | INFO: Draco encoder: Encoding mesh Branch led scale foliage 3994.
14:57:44 | INFO: Draco encoder: Encoding mesh Branch led scale foliage 3995.
14:57:44 | INFO: Draco encoder: Encoding mesh Branch led scale foliage 3996.
14:57:44 | INFO: Draco encoder: Encoding mesh Branch led scale foliage 3997.
14:57:44 | INFO: Draco encoder: Encoding mesh Branch led scale foliage 3998.
14:57:44 | INFO: Draco encoder: Encoding mesh Branch led scale foliage 3999.
14:57:44 | INFO: Draco encoder: Encoding mesh Branch led scale foliage 4000.
14:57:44 | INFO: Draco encoder: Encoding mesh Branch led scale foliage 4001.
14:57:44 | INFO: Draco encoder: Encoding mesh Branch led scale foliage 4002.
14:57:44 | INFO: Draco encoder: Encoding mesh Branch led scale foliage 4003.
14:57:44 | INFO: Draco encoder: Encoding mesh Branch led scale foliage 4004.
14:57:44 | INFO: Draco encoder: Encoding mesh Branch led scale foliage 4005.
14:57:44 | INFO: Draco encoder: Encoding mesh Branch led scale foliage 4006.
14:57:44 | INFO: Draco encoder: Encoding mesh Branch led scale foliage 4007.
14:57:44 | INFO: Draco encoder: Encoding mesh Branch led scale foliage 4008.
14:57:44 | INFO: Draco encoder: Encoding mesh Branch led scale foliage 4009.
14:57:44 | INFO: Draco encoder: Encoding mesh Branch led scale foliage 4010.
14:57:44 | INFO: Draco encoder: Encoding mesh Branch led scale foliage 4011.
14:57:44 | INFO: Draco encoder: Encoding mesh Branch led scale foliage 4012.
14:57:44 | INFO: Draco encoder: Encoding mesh Branch led scale foliage 4013.
14:57:44 | INFO: Draco encoder: Encoding mesh Branch led scale foliage 4014.
14:57:44 | INFO: Draco encoder: Encoding mesh Branch led scale foliage 4015.
14:57:44 | INFO: Draco encoder: Encoding mesh Branch led scale foliage 4016.
14:57:44 | INFO: Draco encoder: Encoding mesh Branch led scale foliage 4017.
14:57:44 | INFO: Draco encoder: Encoding mesh Branch led scale foliage 4018.
14:57:44 | INFO: Draco encoder: Encoding mesh Branch led scale foliage 4019.
14:57:44 | INFO: Draco encoder: Encoding mesh Branch led scale foliage 4020.
14:57:44 | INFO: Draco encoder: Encoding mesh Branch led scale foliage 4021.
14:57:44 | INFO: Draco encoder: Encoding mesh Branch led scale foliage 4022.
14:57:44 | INFO: Draco encoder: Encoding mesh Branch led scale foliage 4023.
14:57:44 | INFO: Draco encoder: Encoding mesh Branch led scale foliage 4024.
14:57:44 | INFO: Draco encoder: Encoding mesh Branch led scale foliage 4025.
14:57:44 | INFO: Draco encoder: Encoding mesh Branch led scale foliage 4026.
14:57:44 | INFO: Draco encoder: Encoding mesh Branch led scale foliage 4027.
14:57:44 | INFO: Draco encoder: Encoding mesh Branch led scale foliage 4028.
14:57:44 | INFO: Draco encoder: Encoding mesh Branch led scale foliage 4029.
14:57:44 | INFO: Draco encoder: Encoding mesh Branch led scale foliage 4030.
14:57:44 | INFO: Draco encoder: Encoding mesh Branch led scale foliage 4031.
14:57:44 | INFO: Draco encoder: Encoding mesh Branch led scale foliage 4032.
14:57:44 | INFO: Draco encoder: Encoding mesh Branch led scale foliage 4033.
14:57:44 | INFO: Draco encoder: Encoding mesh Branch led scale foliage 4034.
14:57:44 | INFO: Draco encoder: Encoding mesh Branch led scale foliage 4035.
14:57:44 | INFO: Draco encoder: Encoding mesh Branch led scale foliage 4036.
14:57:44 | INFO: Draco encoder: Encoding mesh Branch led scale foliage 4037.
14:57:44 | INFO: Draco encoder: Encoding mesh Branch led scale foliage 4038.
14:57:44 | INFO: Draco encoder: Encoding mesh Branch led scale foliage 4039.
14:57:44 | INFO: Draco encoder: Encoding mesh Branch led scale foliage 4040.
14:57:44 | INFO: Draco encoder: Encoding mesh Branch led scale foliage 4041.
14:57:44 | INFO: Draco encoder: Encoding mesh Branch led scale foliage 4042.
14:57:44 | INFO: Draco encoder: Encoding mesh Branch led scale foliage 4043.
14:57:44 | INFO: Draco encoder: Encoding mesh Branch led scale foliage 4044.
14:57:44 | INFO: Draco encoder: Encoding mesh Branch led scale foliage 4045.
14:57:44 | INFO: Draco encoder: Encoding mesh Branch led scale foliage 4046.
14:57:44 | INFO: Draco encoder: Encoding mesh Branch led scale foliage 4047.
14:57:44 | INFO: Draco encoder: Encoding mesh Branch led scale foliage 4048.
14:57:44 | INFO: Draco encoder: Encoding mesh Branch led scale foliage 4049.
14:57:44 | INFO: Draco encoder: Encoding mesh Branch led scale foliage 4050.
14:57:44 | INFO: Draco encoder: Encoding mesh Branch led scale foliage 4051.
14:57:44 | INFO: Draco encoder: Encoding mesh Branch led scale foliage 4052.
14:57:44 | INFO: Draco encoder: Encoding mesh Branch led scale foliage 4053.
14:57:44 | INFO: Draco encoder: Encoding mesh Branch led scale foliage 4054.
14:57:44 | INFO: Draco encoder: Encoding mesh Branch led scale foliage 4055.
14:57:44 | INFO: Draco encoder: Encoding mesh Branch led scale foliage 4056.
14:57:44 | INFO: Draco encoder: Encoding mesh Branch led scale foliage 4057.
14:57:44 | INFO: Draco encoder: Encoding mesh Branch led scale foliage 4058.
14:57:44 | INFO: Draco encoder: Encoding mesh Branch led scale foliage 4059.
14:57:44 | INFO: Draco encoder: Encoding mesh Branch led scale foliage 4060.
14:57:44 | INFO: Draco encoder: Encoding mesh Branch led scale foliage 4061.
14:57:44 | INFO: Draco encoder: Encoding mesh Branch led scale foliage 4062.
14:57:44 | INFO: Draco encoder: Encoding mesh Branch led scale foliage 4063.
14:57:44 | INFO: Draco encoder: Encoding mesh Branch led scale foliage 4064.
14:57:44 | INFO: Draco encoder: Encoding mesh Branch led scale foliage 4065.
14:57:44 | INFO: Draco encoder: Encoding mesh Branch led scale foliage 4066.
14:57:44 | INFO: Draco encoder: Encoding mesh Branch led scale foliage 4067.
14:57:44 | INFO: Draco encoder: Encoding mesh Branch led scale foliage 4068.
14:57:44 | INFO: Draco encoder: Encoding mesh Branch led scale foliage 4069.
14:57:44 | INFO: Draco encoder: Encoding mesh Branch led scale foliage 4070.
14:57:44 | INFO: Draco encoder: Encoding mesh Branch led scale foliage 4071.
14:57:44 | INFO: Draco encoder: Encoding mesh Branch led scale foliage 4072.
14:57:44 | INFO: Draco encoder: Encoding mesh Branch led scale foliage 4073.
14:57:44 | INFO: Draco encoder: Encoding mesh Branch led scale foliage 4074.
14:57:44 | INFO: Draco encoder: Encoding mesh Branch led scale foliage 4075.
14:57:44 | INFO: Draco encoder: Encoding mesh Branch led scale foliage 4076.
14:57:44 | INFO: Draco encoder: Encoding mesh Branch led scale foliage 4077.
14:57:44 | INFO: Draco encoder: Encoding mesh Branch led scale foliage 4078.
14:57:44 | INFO: Draco encoder: Encoding mesh Branch led scale foliage 4079.
14:57:44 | INFO: Draco encoder: Encoding mesh Branch led scale foliage 4080.
14:57:44 | INFO: Draco encoder: Encoding mesh Branch led scale foliage 4081.
14:57:44 | INFO: Draco encoder: Encoding mesh Branch led scale foliage 4082.
14:57:44 | INFO: Draco encoder: Encoding mesh Branch led scale foliage 4083.
14:57:44 | INFO: Draco encoder: Encoding mesh Branch led scale foliage 4084.
14:57:44 | INFO: Draco encoder: Encoding mesh Branch led scale foliage 4085.
14:57:44 | INFO: Draco encoder: Encoding mesh Branch led scale foliage 4086.
14:57:44 | INFO: Draco encoder: Encoding mesh Branch led scale foliage 4087.
14:57:44 | INFO: Draco encoder: Encoding mesh Branch led scale foliage 4088.
14:57:44 | INFO: Draco encoder: Encoding mesh Branch led scale foliage 4089.
14:57:44 | INFO: Draco encoder: Encoding mesh Branch led scale foliage 4090.
14:57:44 | INFO: Draco encoder: Encoding mesh Branch led scale foliage 4091.
14:57:44 | INFO: Draco encoder: Encoding mesh Branch led scale foliage 4092.
14:57:44 | INFO: Draco encoder: Encoding mesh Branch led scale foliage 4093.
14:57:44 | INFO: Draco encoder: Encoding mesh Branch led scale foliage 4094.
14:57:44 | INFO: Draco encoder: Encoding mesh Branch led scale foliage 4095.
14:57:44 | INFO: Draco encoder: Encoding mesh Branch led scale foliage 4096.
14:57:44 | INFO: Draco encoder: Encoding mesh Branch led scale foliage 4097.
14:57:44 | INFO: Draco encoder: Encoding mesh Branch led scale foliage 4098.
14:57:44 | INFO: Draco encoder: Encoding mesh Branch led scale foliage 4099.
14:57:44 | INFO: Draco encoder: Encoding mesh Branch led scale foliage 4100.
14:57:44 | INFO: Draco encoder: Encoding mesh Branch led scale foliage 4101.
14:57:44 | INFO: Draco encoder: Encoding mesh Branch led scale foliage 4102.
14:57:44 | INFO: Draco encoder: Encoding mesh Branch led scale foliage 4103.
14:57:44 | INFO: Draco encoder: Encoding mesh Branch led scale foliage 4104.
14:57:44 | INFO: Draco encoder: Encoding mesh Branch led scale foliage 4105.
14:57:44 | INFO: Draco encoder: Encoding mesh Branch led scale foliage 4106.
14:57:44 | INFO: Draco encoder: Encoding mesh Branch led scale foliage 4107.
14:57:44 | INFO: Draco encoder: Encoding mesh Branch led scale foliage 4108.
14:57:44 | INFO: Draco encoder: Encoding mesh Branch led scale foliage 4109.
14:57:44 | INFO: Draco encoder: Encoding mesh Branch led scale foliage 4110.
14:57:44 | INFO: Draco encoder: Encoding mesh Branch led scale foliage 4111.
14:57:44 | INFO: Draco encoder: Encoding mesh Branch led scale foliage 4112.
14:57:44 | INFO: Draco encoder: Encoding mesh Branch led scale foliage 4113.
14:57:44 | INFO: Draco encoder: Encoding mesh Branch led scale foliage 4114.
14:57:44 | INFO: Draco encoder: Encoding mesh Branch led scale foliage 4115.
14:57:44 | INFO: Draco encoder: Encoding mesh Branch led scale foliage 4116.
14:57:44 | INFO: Draco encoder: Encoding mesh Branch led scale foliage 4117.
14:57:44 | INFO: Draco encoder: Encoding mesh Branch led scale foliage 4118.
14:57:44 | INFO: Draco encoder: Encoding mesh Branch led scale foliage 4119.
14:57:44 | INFO: Draco encoder: Encoding mesh Branch led scale foliage 4120.
14:57:44 | INFO: Draco encoder: Encoding mesh Branch led scale foliage 4121.
14:57:44 | INFO: Draco encoder: Encoding mesh Branch led scale foliage 4122.
14:57:44 | INFO: Draco encoder: Encoding mesh Branch led scale foliage 4123.
14:57:44 | INFO: Draco encoder: Encoding mesh Branch led scale foliage 4124.
14:57:44 | INFO: Draco encoder: Encoding mesh Branch led scale foliage 4125.
14:57:44 | INFO: Draco encoder: Encoding mesh Branch led scale foliage 4126.
14:57:44 | INFO: Draco encoder: Encoding mesh Branch led scale foliage 4127.
14:57:44 | INFO: Draco encoder: Encoding mesh Branch led scale foliage 4128.
14:57:44 | INFO: Draco encoder: Encoding mesh Branch led scale foliage 4129.
14:57:44 | INFO: Draco encoder: Encoding mesh Branch led scale foliage 4130.
14:57:44 | INFO: Draco encoder: Encoding mesh Branch led scale foliage 4131.
14:57:44 | INFO: Draco encoder: Encoding mesh Branch led scale foliage 4132.
14:57:44 | INFO: Draco encoder: Encoding mesh Branch led scale foliage 4133.
14:57:44 | INFO: Draco encoder: Encoding mesh Branch led scale foliage 4134.
14:57:44 | INFO: Draco encoder: Encoding mesh Branch led scale foliage 4135.
14:57:44 | INFO: Draco encoder: Encoding mesh Branch led scale foliage 4136.
14:57:44 | INFO: Draco encoder: Encoding mesh Branch led scale foliage 4137.
14:57:44 | INFO: Draco encoder: Encoding mesh Branch led scale foliage 4138.
14:57:44 | INFO: Draco encoder: Encoding mesh Branch led scale foliage 4139.
14:57:44 | INFO: Draco encoder: Encoding mesh Branch led scale foliage 4140.
14:57:44 | INFO: Draco encoder: Encoding mesh Branch led scale foliage 4141.
14:57:44 | INFO: Draco encoder: Encoding mesh Branch led scale foliage 4142.
14:57:44 | INFO: Draco encoder: Encoding mesh Branch led scale foliage 4143.
14:57:44 | INFO: Draco encoder: Encoding mesh Branch led scale foliage 4144.
14:57:44 | INFO: Draco encoder: Encoding mesh Branch led scale foliage 4145.
14:57:44 | INFO: Draco encoder: Encoding mesh Branch led scale foliage 4146.
14:57:44 | INFO: Draco encoder: Encoding mesh Branch led scale foliage 4147.
14:57:44 | INFO: Draco encoder: Encoding mesh Branch led scale foliage 4148.
14:57:44 | INFO: Draco encoder: Encoding mesh Branch led scale foliage 4149.
14:57:44 | INFO: Draco encoder: Encoding mesh Branch led scale foliage 4150.
14:57:44 | INFO: Draco encoder: Encoding mesh Branch led scale foliage 4151.
14:57:44 | INFO: Draco encoder: Encoding mesh Branch led scale foliage 4152.
14:57:44 | INFO: Draco encoder: Encoding mesh Branch led scale foliage 4153.
14:57:44 | INFO: Draco encoder: Encoding mesh Branch led scale foliage 4154.
14:57:44 | INFO: Draco encoder: Encoding mesh Branch led scale foliage 4155.
14:57:44 | INFO: Draco encoder: Encoding mesh Branch led scale foliage 4156.
14:57:44 | INFO: Draco encoder: Encoding mesh Branch led scale foliage 4157.
14:57:44 | INFO: Draco encoder: Encoding mesh Branch led scale foliage 4158.
14:57:44 | INFO: Draco encoder: Encoding mesh Branch led scale foliage 4159.
14:57:44 | INFO: Draco encoder: Encoding mesh Branch led scale foliage 4160.
14:57:44 | INFO: Draco encoder: Encoding mesh Branch led scale foliage 4161.
14:57:44 | INFO: Draco encoder: Encoding mesh Branch led scale foliage 4162.
14:57:44 | INFO: Draco encoder: Encoding mesh Branch led scale foliage 4163.
14:57:44 | INFO: Draco encoder: Encoding mesh Branch led scale foliage 4164.
14:57:44 | INFO: Draco encoder: Encoding mesh Branch led scale foliage 4165.
14:57:44 | INFO: Draco encoder: Encoding mesh Branch led scale foliage 4166.
14:57:44 | INFO: Draco encoder: Encoding mesh Branch led scale foliage 4167.
14:57:44 | INFO: Draco encoder: Encoding mesh Branch led scale foliage 4168.
14:57:44 | INFO: Draco encoder: Encoding mesh Branch led scale foliage 4169.
14:57:44 | INFO: Draco encoder: Encoding mesh Branch led scale foliage 4170.
14:57:44 | INFO: Draco encoder: Encoding mesh Branch led scale foliage 4171.
14:57:44 | INFO: Draco encoder: Encoding mesh Branch led scale foliage 4172.
14:57:44 | INFO: Draco encoder: Encoding mesh Branch led scale foliage 4173.
14:57:44 | INFO: Draco encoder: Encoding mesh Branch led scale foliage 4174.
14:57:44 | INFO: Draco encoder: Encoding mesh Branch led scale foliage 4175.
14:57:44 | INFO: Draco encoder: Encoding mesh Branch led scale foliage 4176.
14:57:44 | INFO: Draco encoder: Encoding mesh Branch led scale foliage 4177.
14:57:44 | INFO: Draco encoder: Encoding mesh Branch led scale foliage 4178.
14:57:44 | INFO: Draco encoder: Encoding mesh Branch led scale foliage 4179.
14:57:44 | INFO: Draco encoder: Encoding mesh Branch led scale foliage 4180.
14:57:44 | INFO: Draco encoder: Encoding mesh Branch led scale foliage 4181.
14:57:44 | INFO: Draco encoder: Encoding mesh Branch led scale foliage 4182.
14:57:44 | INFO: Draco encoder: Encoding mesh Branch led scale foliage 4183.
14:57:44 | INFO: Draco encoder: Encoding mesh Branch led scale foliage 4184.
14:57:44 | INFO: Draco encoder: Encoding mesh Branch led scale foliage 4185.
14:57:44 | INFO: Draco encoder: Encoding mesh Branch led scale foliage 4186.
14:57:44 | INFO: Draco encoder: Encoding mesh Branch led scale foliage 4187.
14:57:44 | INFO: Draco encoder: Encoding mesh Branch led scale foliage 4188.
14:57:44 | INFO: Draco encoder: Encoding mesh Branch led scale foliage 4189.
14:57:44 | INFO: Draco encoder: Encoding mesh Branch led scale foliage 4190.
14:57:44 | INFO: Draco encoder: Encoding mesh Branch led scale foliage 4191.
14:57:44 | INFO: Draco encoder: Encoding mesh Branch led scale foliage 4192.
14:57:44 | INFO: Draco encoder: Encoding mesh Branch led scale foliage 4193.
14:57:44 | INFO: Draco encoder: Encoding mesh Branch led scale foliage 4194.
14:57:44 | INFO: Draco encoder: Encoding mesh Branch led scale foliage 4195.
14:57:44 | INFO: Draco encoder: Encoding mesh Branch led scale foliage 4196.
14:57:44 | INFO: Draco encoder: Encoding mesh Branch led scale foliage 4197.
14:57:44 | INFO: Draco encoder: Encoding mesh Branch led scale foliage 4198.
14:57:44 | INFO: Draco encoder: Encoding mesh Branch led scale foliage 4199.
14:57:44 | INFO: Draco encoder: Encoding mesh Branch led scale foliage 4200.
14:57:44 | INFO: Draco encoder: Encoding mesh Branch led scale foliage 4201.
14:57:44 | INFO: Draco encoder: Encoding mesh Branch led scale foliage 4202.
14:57:44 | INFO: Draco encoder: Encoding mesh Branch led scale foliage 4203.
14:57:44 | INFO: Draco encoder: Encoding mesh Branch led scale foliage 4204.
14:57:44 | INFO: Draco encoder: Encoding mesh Branch led scale foliage 4205.
14:57:44 | INFO: Draco encoder: Encoding mesh Branch led scale foliage 4206.
14:57:44 | INFO: Draco encoder: Encoding mesh Branch led scale foliage 4207.
14:57:44 | INFO: Draco encoder: Encoding mesh Branch led scale foliage 4208.
14:57:44 | INFO: Draco encoder: Encoding mesh Branch led scale foliage 4209.
14:57:44 | INFO: Draco encoder: Encoding mesh Branch led scale foliage 4210.
14:57:44 | INFO: Draco encoder: Encoding mesh Branch led scale foliage 4211.
14:57:44 | INFO: Draco encoder: Encoding mesh Branch led scale foliage 4212.
14:57:44 | INFO: Draco encoder: Encoding mesh Branch led scale foliage 4213.
14:57:44 | INFO: Draco encoder: Encoding mesh Branch led scale foliage 4214.
14:57:44 | INFO: Draco encoder: Encoding mesh Branch led scale foliage 4215.
14:57:44 | INFO: Draco encoder: Encoding mesh Branch led scale foliage 4216.
14:57:44 | INFO: Draco encoder: Encoding mesh Branch led scale foliage 4217.
14:57:44 | INFO: Draco encoder: Encoding mesh Branch led scale foliage 4218.
14:57:44 | INFO: Draco encoder: Encoding mesh Branch led scale foliage 4219.
14:57:44 | INFO: Draco encoder: Encoding mesh Branch led scale foliage 4220.
14:57:44 | INFO: Draco encoder: Encoding mesh Branch led scale foliage 4221.
14:57:44 | INFO: Draco encoder: Encoding mesh Branch led scale foliage 4222.
14:57:44 | INFO: Draco encoder: Encoding mesh Branch led scale foliage 4223.
14:57:44 | INFO: Draco encoder: Encoding mesh Branch led scale foliage 4224.
14:57:44 | INFO: Draco encoder: Encoding mesh Branch led scale foliage 4225.
14:57:44 | INFO: Draco encoder: Encoding mesh Branch led scale foliage 4226.
14:57:44 | INFO: Draco encoder: Encoding mesh Branch led scale foliage 4227.
14:57:44 | INFO: Draco encoder: Encoding mesh Branch led scale foliage 4228.
14:57:44 | INFO: Draco encoder: Encoding mesh Branch led scale foliage 4229.
14:57:44 | INFO: Draco encoder: Encoding mesh Branch led scale foliage 4230.
14:57:44 | INFO: Draco encoder: Encoding mesh Branch led scale foliage 4231.
14:57:44 | INFO: Draco encoder: Encoding mesh Branch led scale foliage 4232.
14:57:44 | INFO: Draco encoder: Encoding mesh Branch led scale foliage 4233.
14:57:44 | INFO: Draco encoder: Encoding mesh Branch led scale foliage 4234.
14:57:44 | INFO: Draco encoder: Encoding mesh Branch led scale foliage 4235.
14:57:44 | INFO: Draco encoder: Encoding mesh Branch led scale foliage 4236.
14:57:44 | INFO: Draco encoder: Encoding mesh Branch led scale foliage 4237.
14:57:44 | INFO: Draco encoder: Encoding mesh Branch led scale foliage 4238.
14:57:44 | INFO: Draco encoder: Encoding mesh Branch led scale foliage 4239.
14:57:44 | INFO: Draco encoder: Encoding mesh Branch led scale foliage 4240.
14:57:44 | INFO: Draco encoder: Encoding mesh Branch led scale foliage 4241.
14:57:44 | INFO: Draco encoder: Encoding mesh Branch led scale foliage 4242.
14:57:44 | INFO: Draco encoder: Encoding mesh Branch led scale foliage 4243.
14:57:44 | INFO: Draco encoder: Encoding mesh Branch led scale foliage 4244.
14:57:44 | INFO: Draco encoder: Encoding mesh Branch led scale foliage 4245.
14:57:44 | INFO: Draco encoder: Encoding mesh Branch led scale foliage 4246.
14:57:44 | INFO: Draco encoder: Encoding mesh Branch led scale foliage 4247.
14:57:44 | INFO: Draco encoder: Encoding mesh Branch led scale foliage 4248.
14:57:44 | INFO: Draco encoder: Encoding mesh Branch led scale foliage 4249.
14:57:44 | INFO: Draco encoder: Encoding mesh Branch led scale foliage 4250.
14:57:44 | INFO: Draco encoder: Encoding mesh Branch led scale foliage 4251.
14:57:44 | INFO: Draco encoder: Encoding mesh Branch led scale foliage 4252.
14:57:44 | INFO: Draco encoder: Encoding mesh Branch led scale foliage 4253.
14:57:44 | INFO: Draco encoder: Encoding mesh Branch led scale foliage 4254.
14:57:44 | INFO: Draco encoder: Encoding mesh Branch led scale foliage 4255.
14:57:44 | INFO: Draco encoder: Encoding mesh Branch led scale foliage 4256.
14:57:44 | INFO: Draco encoder: Encoding mesh Branch led scale foliage 4257.
14:57:44 | INFO: Draco encoder: Encoding mesh Branch led scale foliage 4258.
14:57:44 | INFO: Draco encoder: Encoding mesh Branch led scale foliage 4259.
14:57:44 | INFO: Draco encoder: Encoding mesh Branch led scale foliage 4260.
14:57:44 | INFO: Draco encoder: Encoding mesh Branch led scale foliage 4261.
14:57:44 | INFO: Draco encoder: Encoding mesh Branch led scale foliage 4262.
14:57:44 | INFO: Draco encoder: Encoding mesh Branch led scale foliage 4263.
14:57:44 | INFO: Draco encoder: Encoding mesh Branch led scale foliage 4264.
14:57:44 | INFO: Draco encoder: Encoding mesh Branch led scale foliage 4265.
14:57:44 | INFO: Draco encoder: Encoding mesh Branch led scale foliage 4266.
14:57:44 | INFO: Draco encoder: Encoding mesh Branch led scale foliage 4267.
14:57:44 | INFO: Draco encoder: Encoding mesh Branch led scale foliage 4268.
14:57:44 | INFO: Draco encoder: Encoding mesh Branch led scale foliage 4269.
14:57:44 | INFO: Draco encoder: Encoding mesh Branch led scale foliage 4270.
14:57:44 | INFO: Draco encoder: Encoding mesh Branch led scale foliage 4271.
14:57:44 | INFO: Draco encoder: Encoding mesh Branch led scale foliage 4272.
14:57:44 | INFO: Draco encoder: Encoding mesh Branch led scale foliage 4273.
14:57:44 | INFO: Draco encoder: Encoding mesh Branch led scale foliage 4274.
14:57:44 | INFO: Draco encoder: Encoding mesh Branch led scale foliage 4275.
14:57:44 | INFO: Draco encoder: Encoding mesh Branch led scale foliage 4276.
14:57:44 | INFO: Draco encoder: Encoding mesh Branch led scale foliage 4277.
14:57:44 | INFO: Draco encoder: Encoding mesh Branch led scale foliage 4278.
14:57:44 | INFO: Draco encoder: Encoding mesh Branch led scale foliage 4279.
14:57:44 | INFO: Draco encoder: Encoding mesh Branch led scale foliage 4280.
14:57:44 | INFO: Draco encoder: Encoding mesh Branch led scale foliage 4281.
14:57:44 | INFO: Draco encoder: Encoding mesh Branch led scale foliage 4282.
14:57:44 | INFO: Draco encoder: Encoding mesh Branch led scale foliage 4283.
14:57:44 | INFO: Draco encoder: Encoding mesh Branch led scale foliage 4284.
14:57:44 | INFO: Draco encoder: Encoding mesh Branch led scale foliage 4285.
14:57:44 | INFO: Draco encoder: Encoding mesh Branch led scale foliage 4286.
14:57:44 | INFO: Draco encoder: Encoding mesh Branch led scale foliage 4287.
14:57:44 | INFO: Draco encoder: Encoding mesh Branch led scale foliage 4288.
14:57:44 | INFO: Draco encoder: Encoding mesh Branch led scale foliage 4289.
14:57:44 | INFO: Draco encoder: Encoding mesh Branch led scale foliage 4290.
14:57:44 | INFO: Draco encoder: Encoding mesh Branch led scale foliage 4291.
14:57:44 | INFO: Draco encoder: Encoding mesh Branch led scale foliage 4292.
14:57:44 | INFO: Draco encoder: Encoding mesh Branch led scale foliage 4293.
14:57:44 | INFO: Draco encoder: Encoding mesh Branch led scale foliage 4294.
14:57:44 | INFO: Draco encoder: Encoding mesh Branch led scale foliage 4295.
14:57:44 | INFO: Draco encoder: Encoding mesh Branch led scale foliage 4296.
14:57:44 | INFO: Draco encoder: Encoding mesh Branch led scale foliage 4297.
14:57:44 | INFO: Draco encoder: Encoding mesh Branch led scale foliage 4298.
14:57:44 | INFO: Draco encoder: Encoding mesh Branch led scale foliage 4299.
14:57:44 | INFO: Draco encoder: Encoding mesh Branch led scale foliage 4300.
14:57:44 | INFO: Draco encoder: Encoding mesh Branch led scale foliage 4301.
14:57:44 | INFO: Draco encoder: Encoding mesh Branch led scale foliage 4302.
14:57:44 | INFO: Draco encoder: Encoding mesh Branch led scale foliage 4303.
14:57:44 | INFO: Draco encoder: Encoding mesh Branch led scale foliage 4304.
14:57:44 | INFO: Draco encoder: Encoding mesh Branch led scale foliage 4305.
14:57:44 | INFO: Draco encoder: Encoding mesh Branch led scale foliage 4306.
14:57:44 | INFO: Draco encoder: Encoding mesh Branch led scale foliage 4307.
14:57:44 | INFO: Draco encoder: Encoding mesh Branch led scale foliage 4308.
14:57:44 | INFO: Draco encoder: Encoding mesh Branch led scale foliage 4309.
14:57:44 | INFO: Draco encoder: Encoding mesh Branch led scale foliage 4310.
14:57:44 | INFO: Draco encoder: Encoding mesh Branch led scale foliage 4311.
14:57:44 | INFO: Draco encoder: Encoding mesh Branch led scale foliage 4312.
14:57:44 | INFO: Draco encoder: Encoding mesh Branch led scale foliage 4313.
14:57:44 | INFO: Draco encoder: Encoding mesh Branch led scale foliage 4314.
14:57:44 | INFO: Draco encoder: Encoding mesh Branch led scale foliage 4315.
14:57:44 | INFO: Draco encoder: Encoding mesh Branch led scale foliage 4316.
14:57:44 | INFO: Draco encoder: Encoding mesh Branch led scale foliage 4317.
14:57:44 | INFO: Draco encoder: Encoding mesh Branch led scale foliage 4318.
14:57:44 | INFO: Draco encoder: Encoding mesh Branch led scale foliage 4319.
14:57:44 | INFO: Draco encoder: Encoding mesh Continuous aged trunk and primary branches.
14:57:45 | INFO: Draco encoder: Encoding mesh Continuous planted soil.
14:57:45 | INFO: Draco encoder: Encoding mesh Loose mineral soil particles.
14:57:45 | INFO: Draco encoder: Encoding mesh Low ceramic foot.
14:57:45 | INFO: Draco encoder: Encoding mesh Low ceramic foot.001.
14:57:45 | INFO: Draco encoder: Encoding mesh Low ceramic foot.002.
14:57:45 | INFO: Draco encoder: Encoding mesh Low ceramic foot.003.
14:57:45 | INFO: Draco encoder: Encoding mesh Low split natural bedding stone.
14:57:45 | INFO: Draco encoder: Encoding mesh Root moss shoots.
14:57:45 | INFO: Draco encoder: Encoding mesh Shallow unglazed pot.
14:57:45 | INFO: Draco encoder: Encoding mesh Terminal branch hierarchy.
14:57:45 | INFO: Finished glTF 2.0 export in 3.7158772945404053 s

{"saved": "/Users/kazuki.tanaka/dev0/exfract-bonsai-02/improvement/2026-10-04/runs/sculpt-gate-1329/models/hero-v10.blend", "glb": "/Users/kazuki.tanaka/dev0/exfract-bonsai-02/improvement/2026-10-04/runs/sculpt-gate-1329/models/hero-v10.glb", "vertices": 4302360, "faces": 5876161, "bytes": 3824472}
Blender 5.2.1 LTS (hash 9e2066aef7ef built 2026-08-25 01:35:57)
DracoEncoder | Preserve triangle order: no
DracoEncoder | Encoded 864 vertices, 3672 indices, raw size: 41904, encoded size: 9136, compression ratio: 4.59
DracoEncoder | Preserve triangle order: no
DracoEncoder | Encoded 864 vertices, 3672 indices, raw size: 41904, encoded size: 9152, compression ratio: 4.58
DracoEncoder | Preserve triangle order: no
DracoEncoder | Encoded 864 vertices, 3672 indices, raw size: 41904, encoded size: 9142, compression ratio: 4.58
DracoEncoder | Preserve triangle order: no
DracoEncoder | Encoded 864 vertices, 3672 indices, raw size: 41904, encoded size: 9150, compression ratio: 4.58
DracoEncoder | Preserve triangle order: no
DracoEncoder | Encoded 864 vertices, 3672 indices, raw size: 41904, encoded size: 9122, compression ratio: 4.59
DracoEncoder | Preserve triangle order: no
DracoEncoder | Encoded 864 vertices, 3672 indices, raw size: 41904, encoded size: 9145, compression ratio: 4.58
DracoEncoder | Preserve triangle order: no
DracoEncoder | Encoded 864 vertices, 3672 indices, raw size: 41904, encoded size: 9120, compression ratio: 4.59
DracoEncoder | Preserve triangle order: no
DracoEncoder | Encoded 864 vertices, 3672 indices, raw size: 41904, encoded size: 9151, compression ratio: 4.58
DracoEncoder | Preserve triangle order: no
DracoEncoder | Encoded 864 vertices, 3672 indices, raw size: 41904, encoded size: 9131, compression ratio: 4.59
DracoEncoder | Preserve triangle order: no
DracoEncoder | Encoded 864 vertices, 3672 indices, raw size: 41904, encoded size: 9142, compression ratio: 4.58
DracoEncoder | Preserve triangle order: no
DracoEncoder | Encoded 864 vertices, 3672 indices, raw size: 41904, encoded size: 9132, compression ratio: 4.59
DracoEncoder | Preserve triangle order: no
DracoEncoder | Encoded 864 vertices, 3672 indices, raw size: 41904, encoded size: 9149, compression ratio: 4.58
DracoEncoder | Preserve triangle order: no
DracoEncoder | Encoded 150472 vertices, 881658 indices, raw size: 9544352, encoded size: 1517336, compression ratio: 6.29
DracoEncoder | Preserve triangle order: no
DracoEncoder | Encoded 3936 vertices, 23040 indices, raw size: 203520, encoded size: 25525, compression ratio: 7.97
DracoEncoder | Preserve triangle order: no
DracoEncoder | Encoded 95130 vertices, 95130 indices, raw size: 2663640, encoded size: 419944, compression ratio: 6.34
DracoEncoder | Preserve triangle order: no
DracoEncoder | Encoded 116 vertices, 564 indices, raw size: 4840, encoded size: 1202, compression ratio: 4.03
DracoEncoder | Preserve triangle order: no
DracoEncoder | Encoded 116 vertices, 564 indices, raw size: 4840, encoded size: 1202, compression ratio: 4.03
DracoEncoder | Preserve triangle order: no
DracoEncoder | Encoded 116 vertices, 564 indices, raw size: 4840, encoded size: 1202, compression ratio: 4.03
DracoEncoder | Preserve triangle order: no
DracoEncoder | Encoded 116 vertices, 564 indices, raw size: 4840, encoded size: 1202, compression ratio: 4.03
DracoEncoder | Preserve triangle order: no
DracoEncoder | Encoded 5634 vertices, 8778 indices, raw size: 197844, encoded size: 43136, compression ratio: 4.59
DracoEncoder | Preserve triangle order: no
DracoEncoder | Encoded 156630 vertices, 563868 indices, raw size: 8520672, encoded size: 1252066, compression ratio: 6.81
DracoEncoder | Preserve triangle order: no
DracoEncoder | Encoded 1280 vertices, 7434 indices, raw size: 55828, encoded size: 7889, compression ratio: 7.08
DracoEncoder | Preserve triangle order: no
DracoEncoder | Encoded 41580 vertices, 213840 indices, raw size: 2090880, encoded size: 247262, compression ratio: 8.46

Blender quit
