00:00.110  translation      | WARNING Falling back to standard locale ("C")
/Users/kazuki.tanaka/dev0/exfract-bonsai-02/improvement/2026-10-04/runs/sculpt-gate-1329/sculpt/generate.py:15: DeprecationWarning: 'Material.use_nodes' is expected to be removed in Blender 6.0
  m=bpy.data.materials.new(name);m.use_nodes=True;p=m.node_tree.nodes.get('Principled BSDF');p.inputs['Base Color'].default_value=(*base,1);p.inputs['Roughness'].default_value=rough
1.0s Remeshing continuous volume with authored surface coordinates
1.4s Remeshed: 344368 vertices; UV layers ['Wood flow']
4.9s Low irregular weathered hollow: 342791 vertices
4.9s Cavities complete
5.4s Continuous wood verified; removed 0 tiny remeshing fragment vertices
16.0s Surface flow and masks complete
17.3s Root contact: 10444 moss shoots, 6422 mineral particles
18.1s Branch-led foliage: 4560 instanced sprays, 12 volumetric prototypes
Info: Saved as "hero-v16.blend"
18.6s Saved Blender file; exporting GLB
INFO Draco is available, use library at /Applications/Blender.app/Contents/Resources/5.2/scripts/addons_core/io_scene_gltf2/libbf_intern_draco_bridge.dylib
INFO MeshOptimizer is available, use library at /Applications/Blender.app/Contents/Resources/5.2/scripts/addons_core/io_scene_gltf2/libbf_intern_meshopt_bridge.dylib
15:34:58 | INFO: Starting glTF 2.0 export
15:34:58 | INFO: Extracting primitive: Scale shoot prototype 01
15:34:58 | INFO: Primitives created: 1
15:34:58 | INFO: Extracting primitive: Scale shoot prototype 11
15:34:58 | INFO: Primitives created: 1
15:34:58 | INFO: Extracting primitive: Scale shoot prototype 00
15:34:58 | INFO: Primitives created: 1
15:34:58 | INFO: Extracting primitive: Scale shoot prototype 08
15:34:58 | INFO: Primitives created: 1
15:34:58 | INFO: Extracting primitive: Scale shoot prototype 07
15:34:58 | INFO: Primitives created: 1
15:34:58 | INFO: Extracting primitive: Scale shoot prototype 02
15:34:58 | INFO: Primitives created: 1
15:34:58 | INFO: Extracting primitive: Scale shoot prototype 05
15:34:58 | INFO: Primitives created: 1
15:34:58 | INFO: Extracting primitive: Scale shoot prototype 04
15:34:58 | INFO: Primitives created: 1
15:34:58 | INFO: Extracting primitive: Scale shoot prototype 06
15:34:58 | INFO: Primitives created: 1
15:34:58 | INFO: Extracting primitive: Scale shoot prototype 03
15:34:58 | INFO: Primitives created: 1
15:34:58 | INFO: Extracting primitive: Scale shoot prototype 10
15:34:58 | INFO: Primitives created: 1
15:34:58 | INFO: Extracting primitive: Scale shoot prototype 09
15:34:58 | INFO: Primitives created: 1
15:35:00 | INFO: Extracting primitive: Continuous aged trunk and primary branches
15:35:00 | INFO: Primitives created: 1
15:35:00 | INFO: Extracting primitive: Continuous planted soil
15:35:00 | INFO: Primitives created: 1
15:35:00 | INFO: Extracting primitive: Loose mineral soil particles
15:35:00 | INFO: Primitives created: 1
15:35:00 | INFO: Extracting primitive: Cube.001
15:35:00 | INFO: Primitives created: 1
15:35:00 | INFO: Extracting primitive: Cube.002
15:35:00 | INFO: Primitives created: 1
15:35:00 | INFO: Extracting primitive: Cube.003
15:35:00 | INFO: Primitives created: 1
15:35:00 | INFO: Extracting primitive: Cube.004
15:35:00 | INFO: Primitives created: 1
15:35:00 | INFO: Extracting primitive: Low split natural bedding stone
15:35:00 | INFO: Primitives created: 1
15:35:00 | INFO: Extracting primitive: Root moss shoots
15:35:00 | INFO: Primitives created: 1
15:35:00 | INFO: Extracting primitive: Shallow unglazed pot
15:35:00 | INFO: Primitives created: 1
15:35:00 | INFO: Extracting primitive: Terminal branch hierarchy
15:35:00 | INFO: Primitives created: 1
15:35:00 | INFO: Draco encoder: Encoding mesh Branch led scale foliage 0000.
15:35:00 | INFO: Draco encoder: Encoding mesh Branch led scale foliage 0001.
15:35:00 | INFO: Draco encoder: Encoding mesh Branch led scale foliage 0002.
15:35:00 | INFO: Draco encoder: Encoding mesh Branch led scale foliage 0003.
15:35:00 | INFO: Draco encoder: Encoding mesh Branch led scale foliage 0004.
15:35:00 | INFO: Draco encoder: Encoding mesh Branch led scale foliage 0005.
15:35:00 | INFO: Draco encoder: Encoding mesh Branch led scale foliage 0006.
15:35:00 | INFO: Draco encoder: Encoding mesh Branch led scale foliage 0007.
15:35:00 | INFO: Draco encoder: Encoding mesh Branch led scale foliage 0008.
15:35:00 | INFO: Draco encoder: Encoding mesh Branch led scale foliage 0009.
15:35:00 | INFO: Draco encoder: Encoding mesh Branch led scale foliage 0010.
15:35:00 | INFO: Draco encoder: Encoding mesh Branch led scale foliage 0011.
15:35:00 | INFO: Draco encoder: Encoding mesh Branch led scale foliage 0012.
15:35:00 | INFO: Draco encoder: Encoding mesh Branch led scale foliage 0013.
15:35:00 | INFO: Draco encoder: Encoding mesh Branch led scale foliage 0014.
15:35:00 | INFO: Draco encoder: Encoding mesh Branch led scale foliage 0015.
15:35:00 | INFO: Draco encoder: Encoding mesh Branch led scale foliage 0016.
15:35:00 | INFO: Draco encoder: Encoding mesh Branch led scale foliage 0017.
15:35:00 | INFO: Draco encoder: Encoding mesh Branch led scale foliage 0018.
15:35:00 | INFO: Draco encoder: Encoding mesh Branch led scale foliage 0019.
15:35:00 | INFO: Draco encoder: Encoding mesh Branch led scale foliage 0020.
15:35:00 | INFO: Draco encoder: Encoding mesh Branch led scale foliage 0021.
15:35:00 | INFO: Draco encoder: Encoding mesh Branch led scale foliage 0022.
15:35:00 | INFO: Draco encoder: Encoding mesh Branch led scale foliage 0023.
15:35:00 | INFO: Draco encoder: Encoding mesh Branch led scale foliage 0024.
15:35:00 | INFO: Draco encoder: Encoding mesh Branch led scale foliage 0025.
15:35:00 | INFO: Draco encoder: Encoding mesh Branch led scale foliage 0026.
15:35:00 | INFO: Draco encoder: Encoding mesh Branch led scale foliage 0027.
15:35:00 | INFO: Draco encoder: Encoding mesh Branch led scale foliage 0028.
15:35:00 | INFO: Draco encoder: Encoding mesh Branch led scale foliage 0029.
15:35:00 | INFO: Draco encoder: Encoding mesh Branch led scale foliage 0030.
15:35:00 | INFO: Draco encoder: Encoding mesh Branch led scale foliage 0031.
15:35:00 | INFO: Draco encoder: Encoding mesh Branch led scale foliage 0032.
15:35:01 | INFO: Draco encoder: Encoding mesh Branch led scale foliage 0033.
15:35:01 | INFO: Draco encoder: Encoding mesh Branch led scale foliage 0034.
15:35:01 | INFO: Draco encoder: Encoding mesh Branch led scale foliage 0035.
15:35:01 | INFO: Draco encoder: Encoding mesh Branch led scale foliage 0036.
15:35:01 | INFO: Draco encoder: Encoding mesh Branch led scale foliage 0037.
15:35:01 | INFO: Draco encoder: Encoding mesh Branch led scale foliage 0038.
15:35:01 | INFO: Draco encoder: Encoding mesh Branch led scale foliage 0039.
15:35:01 | INFO: Draco encoder: Encoding mesh Branch led scale foliage 0040.
15:35:01 | INFO: Draco encoder: Encoding mesh Branch led scale foliage 0041.
15:35:01 | INFO: Draco encoder: Encoding mesh Branch led scale foliage 0042.
15:35:01 | INFO: Draco encoder: Encoding mesh Branch led scale foliage 0043.
15:35:01 | INFO: Draco encoder: Encoding mesh Branch led scale foliage 0044.
15:35:01 | INFO: Draco encoder: Encoding mesh Branch led scale foliage 0045.
15:35:01 | INFO: Draco encoder: Encoding mesh Branch led scale foliage 0046.
15:35:01 | INFO: Draco encoder: Encoding mesh Branch led scale foliage 0047.
15:35:01 | INFO: Draco encoder: Encoding mesh Branch led scale foliage 0048.
15:35:01 | INFO: Draco encoder: Encoding mesh Branch led scale foliage 0049.
15:35:01 | INFO: Draco encoder: Encoding mesh Branch led scale foliage 0050.
15:35:01 | INFO: Draco encoder: Encoding mesh Branch led scale foliage 0051.
15:35:01 | INFO: Draco encoder: Encoding mesh Branch led scale foliage 0052.
15:35:01 | INFO: Draco encoder: Encoding mesh Branch led scale foliage 0053.
15:35:01 | INFO: Draco encoder: Encoding mesh Branch led scale foliage 0054.
15:35:01 | INFO: Draco encoder: Encoding mesh Branch led scale foliage 0055.
15:35:01 | INFO: Draco encoder: Encoding mesh Branch led scale foliage 0056.
15:35:01 | INFO: Draco encoder: Encoding mesh Branch led scale foliage 0057.
15:35:01 | INFO: Draco encoder: Encoding mesh Branch led scale foliage 0058.
15:35:01 | INFO: Draco encoder: Encoding mesh Branch led scale foliage 0059.
15:35:01 | INFO: Draco encoder: Encoding mesh Branch led scale foliage 0060.
15:35:01 | INFO: Draco encoder: Encoding mesh Branch led scale foliage 0061.
15:35:01 | INFO: Draco encoder: Encoding mesh Branch led scale foliage 0062.
15:35:01 | INFO: Draco encoder: Encoding mesh Branch led scale foliage 0063.
15:35:01 | INFO: Draco encoder: Encoding mesh Branch led scale foliage 0064.
15:35:01 | INFO: Draco encoder: Encoding mesh Branch led scale foliage 0065.
15:35:01 | INFO: Draco encoder: Encoding mesh Branch led scale foliage 0066.
15:35:01 | INFO: Draco encoder: Encoding mesh Branch led scale foliage 0067.
15:35:01 | INFO: Draco encoder: Encoding mesh Branch led scale foliage 0068.
15:35:01 | INFO: Draco encoder: Encoding mesh Branch led scale foliage 0069.
15:35:01 | INFO: Draco encoder: Encoding mesh Branch led scale foliage 0070.
15:35:01 | INFO: Draco encoder: Encoding mesh Branch led scale foliage 0071.
15:35:01 | INFO: Draco encoder: Encoding mesh Branch led scale foliage 0072.
15:35:01 | INFO: Draco encoder: Encoding mesh Branch led scale foliage 0073.
15:35:01 | INFO: Draco encoder: Encoding mesh Branch led scale foliage 0074.
15:35:01 | INFO: Draco encoder: Encoding mesh Branch led scale foliage 0075.
15:35:01 | INFO: Draco encoder: Encoding mesh Branch led scale foliage 0076.
15:35:01 | INFO: Draco encoder: Encoding mesh Branch led scale foliage 0077.
15:35:01 | INFO: Draco encoder: Encoding mesh Branch led scale foliage 0078.
15:35:01 | INFO: Draco encoder: Encoding mesh Branch led scale foliage 0079.
15:35:01 | INFO: Draco encoder: Encoding mesh Branch led scale foliage 0080.
15:35:01 | INFO: Draco encoder: Encoding mesh Branch led scale foliage 0081.
15:35:01 | INFO: Draco encoder: Encoding mesh Branch led scale foliage 0082.
15:35:01 | INFO: Draco encoder: Encoding mesh Branch led scale foliage 0083.
15:35:01 | INFO: Draco encoder: Encoding mesh Branch led scale foliage 0084.
15:35:01 | INFO: Draco encoder: Encoding mesh Branch led scale foliage 0085.
15:35:01 | INFO: Draco encoder: Encoding mesh Branch led scale foliage 0086.
15:35:01 | INFO: Draco encoder: Encoding mesh Branch led scale foliage 0087.
15:35:01 | INFO: Draco encoder: Encoding mesh Branch led scale foliage 0088.
15:35:01 | INFO: Draco encoder: Encoding mesh Branch led scale foliage 0089.
15:35:01 | INFO: Draco encoder: Encoding mesh Branch led scale foliage 0090.
15:35:01 | INFO: Draco encoder: Encoding mesh Branch led scale foliage 0091.
15:35:01 | INFO: Draco encoder: Encoding mesh Branch led scale foliage 0092.
15:35:01 | INFO: Draco encoder: Encoding mesh Branch led scale foliage 0093.
15:35:01 | INFO: Draco encoder: Encoding mesh Branch led scale foliage 0094.
15:35:01 | INFO: Draco encoder: Encoding mesh Branch led scale foliage 0095.
15:35:01 | INFO: Draco encoder: Encoding mesh Branch led scale foliage 0096.
15:35:01 | INFO: Draco encoder: Encoding mesh Branch led scale foliage 0097.
15:35:01 | INFO: Draco encoder: Encoding mesh Branch led scale foliage 0098.
15:35:01 | INFO: Draco encoder: Encoding mesh Branch led scale foliage 0099.
15:35:01 | INFO: Draco encoder: Encoding mesh Branch led scale foliage 0100.
15:35:01 | INFO: Draco encoder: Encoding mesh Branch led scale foliage 0101.
15:35:01 | INFO: Draco encoder: Encoding mesh Branch led scale foliage 0102.
15:35:01 | INFO: Draco encoder: Encoding mesh Branch led scale foliage 0103.
15:35:01 | INFO: Draco encoder: Encoding mesh Branch led scale foliage 0104.
15:35:01 | INFO: Draco encoder: Encoding mesh Branch led scale foliage 0105.
15:35:01 | INFO: Draco encoder: Encoding mesh Branch led scale foliage 0106.
15:35:01 | INFO: Draco encoder: Encoding mesh Branch led scale foliage 0107.
15:35:01 | INFO: Draco encoder: Encoding mesh Branch led scale foliage 0108.
15:35:01 | INFO: Draco encoder: Encoding mesh Branch led scale foliage 0109.
15:35:01 | INFO: Draco encoder: Encoding mesh Branch led scale foliage 0110.
15:35:01 | INFO: Draco encoder: Encoding mesh Branch led scale foliage 0111.
15:35:01 | INFO: Draco encoder: Encoding mesh Branch led scale foliage 0112.
15:35:01 | INFO: Draco encoder: Encoding mesh Branch led scale foliage 0113.
15:35:01 | INFO: Draco encoder: Encoding mesh Branch led scale foliage 0114.
15:35:01 | INFO: Draco encoder: Encoding mesh Branch led scale foliage 0115.
15:35:01 | INFO: Draco encoder: Encoding mesh Branch led scale foliage 0116.
15:35:01 | INFO: Draco encoder: Encoding mesh Branch led scale foliage 0117.
15:35:01 | INFO: Draco encoder: Encoding mesh Branch led scale foliage 0118.
15:35:01 | INFO: Draco encoder: Encoding mesh Branch led scale foliage 0119.
15:35:01 | INFO: Draco encoder: Encoding mesh Branch led scale foliage 0120.
15:35:01 | INFO: Draco encoder: Encoding mesh Branch led scale foliage 0121.
15:35:01 | INFO: Draco encoder: Encoding mesh Branch led scale foliage 0122.
15:35:01 | INFO: Draco encoder: Encoding mesh Branch led scale foliage 0123.
15:35:01 | INFO: Draco encoder: Encoding mesh Branch led scale foliage 0124.
15:35:01 | INFO: Draco encoder: Encoding mesh Branch led scale foliage 0125.
15:35:01 | INFO: Draco encoder: Encoding mesh Branch led scale foliage 0126.
15:35:01 | INFO: Draco encoder: Encoding mesh Branch led scale foliage 0127.
15:35:01 | INFO: Draco encoder: Encoding mesh Branch led scale foliage 0128.
15:35:01 | INFO: Draco encoder: Encoding mesh Branch led scale foliage 0129.
15:35:01 | INFO: Draco encoder: Encoding mesh Branch led scale foliage 0130.
15:35:01 | INFO: Draco encoder: Encoding mesh Branch led scale foliage 0131.
15:35:01 | INFO: Draco encoder: Encoding mesh Branch led scale foliage 0132.
15:35:01 | INFO: Draco encoder: Encoding mesh Branch led scale foliage 0133.
15:35:01 | INFO: Draco encoder: Encoding mesh Branch led scale foliage 0134.
15:35:01 | INFO: Draco encoder: Encoding mesh Branch led scale foliage 0135.
15:35:01 | INFO: Draco encoder: Encoding mesh Branch led scale foliage 0136.
15:35:01 | INFO: Draco encoder: Encoding mesh Branch led scale foliage 0137.
15:35:01 | INFO: Draco encoder: Encoding mesh Branch led scale foliage 0138.
15:35:01 | INFO: Draco encoder: Encoding mesh Branch led scale foliage 0139.
15:35:01 | INFO: Draco encoder: Encoding mesh Branch led scale foliage 0140.
15:35:01 | INFO: Draco encoder: Encoding mesh Branch led scale foliage 0141.
15:35:01 | INFO: Draco encoder: Encoding mesh Branch led scale foliage 0142.
15:35:01 | INFO: Draco encoder: Encoding mesh Branch led scale foliage 0143.
15:35:01 | INFO: Draco encoder: Encoding mesh Branch led scale foliage 0144.
15:35:01 | INFO: Draco encoder: Encoding mesh Branch led scale foliage 0145.
15:35:01 | INFO: Draco encoder: Encoding mesh Branch led scale foliage 0146.
15:35:01 | INFO: Draco encoder: Encoding mesh Branch led scale foliage 0147.
15:35:01 | INFO: Draco encoder: Encoding mesh Branch led scale foliage 0148.
15:35:01 | INFO: Draco encoder: Encoding mesh Branch led scale foliage 0149.
15:35:01 | INFO: Draco encoder: Encoding mesh Branch led scale foliage 0150.
15:35:01 | INFO: Draco encoder: Encoding mesh Branch led scale foliage 0151.
15:35:01 | INFO: Draco encoder: Encoding mesh Branch led scale foliage 0152.
15:35:01 | INFO: Draco encoder: Encoding mesh Branch led scale foliage 0153.
15:35:01 | INFO: Draco encoder: Encoding mesh Branch led scale foliage 0154.
15:35:01 | INFO: Draco encoder: Encoding mesh Branch led scale foliage 0155.
15:35:01 | INFO: Draco encoder: Encoding mesh Branch led scale foliage 0156.
15:35:01 | INFO: Draco encoder: Encoding mesh Branch led scale foliage 0157.
15:35:01 | INFO: Draco encoder: Encoding mesh Branch led scale foliage 0158.
15:35:01 | INFO: Draco encoder: Encoding mesh Branch led scale foliage 0159.
15:35:01 | INFO: Draco encoder: Encoding mesh Branch led scale foliage 0160.
15:35:01 | INFO: Draco encoder: Encoding mesh Branch led scale foliage 0161.
15:35:01 | INFO: Draco encoder: Encoding mesh Branch led scale foliage 0162.
15:35:01 | INFO: Draco encoder: Encoding mesh Branch led scale foliage 0163.
15:35:01 | INFO: Draco encoder: Encoding mesh Branch led scale foliage 0164.
15:35:01 | INFO: Draco encoder: Encoding mesh Branch led scale foliage 0165.
15:35:01 | INFO: Draco encoder: Encoding mesh Branch led scale foliage 0166.
15:35:01 | INFO: Draco encoder: Encoding mesh Branch led scale foliage 0167.
15:35:01 | INFO: Draco encoder: Encoding mesh Branch led scale foliage 0168.
15:35:01 | INFO: Draco encoder: Encoding mesh Branch led scale foliage 0169.
15:35:01 | INFO: Draco encoder: Encoding mesh Branch led scale foliage 0170.
15:35:01 | INFO: Draco encoder: Encoding mesh Branch led scale foliage 0171.
15:35:01 | INFO: Draco encoder: Encoding mesh Branch led scale foliage 0172.
15:35:01 | INFO: Draco encoder: Encoding mesh Branch led scale foliage 0173.
15:35:01 | INFO: Draco encoder: Encoding mesh Branch led scale foliage 0174.
15:35:01 | INFO: Draco encoder: Encoding mesh Branch led scale foliage 0175.
15:35:01 | INFO: Draco encoder: Encoding mesh Branch led scale foliage 0176.
15:35:01 | INFO: Draco encoder: Encoding mesh Branch led scale foliage 0177.
15:35:01 | INFO: Draco encoder: Encoding mesh Branch led scale foliage 0178.
15:35:01 | INFO: Draco encoder: Encoding mesh Branch led scale foliage 0179.
15:35:01 | INFO: Draco encoder: Encoding mesh Branch led scale foliage 0180.
15:35:01 | INFO: Draco encoder: Encoding mesh Branch led scale foliage 0181.
15:35:01 | INFO: Draco encoder: Encoding mesh Branch led scale foliage 0182.
15:35:01 | INFO: Draco encoder: Encoding mesh Branch led scale foliage 0183.
15:35:01 | INFO: Draco encoder: Encoding mesh Branch led scale foliage 0184.
15:35:01 | INFO: Draco encoder: Encoding mesh Branch led scale foliage 0185.
15:35:01 | INFO: Draco encoder: Encoding mesh Branch led scale foliage 0186.
15:35:01 | INFO: Draco encoder: Encoding mesh Branch led scale foliage 0187.
15:35:01 | INFO: Draco encoder: Encoding mesh Branch led scale foliage 0188.
15:35:01 | INFO: Draco encoder: Encoding mesh Branch led scale foliage 0189.
15:35:01 | INFO: Draco encoder: Encoding mesh Branch led scale foliage 0190.
15:35:01 | INFO: Draco encoder: Encoding mesh Branch led scale foliage 0191.
15:35:01 | INFO: Draco encoder: Encoding mesh Branch led scale foliage 0192.
15:35:01 | INFO: Draco encoder: Encoding mesh Branch led scale foliage 0193.
15:35:01 | INFO: Draco encoder: Encoding mesh Branch led scale foliage 0194.
15:35:01 | INFO: Draco encoder: Encoding mesh Branch led scale foliage 0195.
15:35:01 | INFO: Draco encoder: Encoding mesh Branch led scale foliage 0196.
15:35:01 | INFO: Draco encoder: Encoding mesh Branch led scale foliage 0197.
15:35:01 | INFO: Draco encoder: Encoding mesh Branch led scale foliage 0198.
15:35:01 | INFO: Draco encoder: Encoding mesh Branch led scale foliage 0199.
15:35:01 | INFO: Draco encoder: Encoding mesh Branch led scale foliage 0200.
15:35:01 | INFO: Draco encoder: Encoding mesh Branch led scale foliage 0201.
15:35:01 | INFO: Draco encoder: Encoding mesh Branch led scale foliage 0202.
15:35:01 | INFO: Draco encoder: Encoding mesh Branch led scale foliage 0203.
15:35:01 | INFO: Draco encoder: Encoding mesh Branch led scale foliage 0204.
15:35:01 | INFO: Draco encoder: Encoding mesh Branch led scale foliage 0205.
15:35:01 | INFO: Draco encoder: Encoding mesh Branch led scale foliage 0206.
15:35:01 | INFO: Draco encoder: Encoding mesh Branch led scale foliage 0207.
15:35:01 | INFO: Draco encoder: Encoding mesh Branch led scale foliage 0208.
15:35:01 | INFO: Draco encoder: Encoding mesh Branch led scale foliage 0209.
15:35:01 | INFO: Draco encoder: Encoding mesh Branch led scale foliage 0210.
15:35:01 | INFO: Draco encoder: Encoding mesh Branch led scale foliage 0211.
15:35:01 | INFO: Draco encoder: Encoding mesh Branch led scale foliage 0212.
15:35:01 | INFO: Draco encoder: Encoding mesh Branch led scale foliage 0213.
15:35:01 | INFO: Draco encoder: Encoding mesh Branch led scale foliage 0214.
15:35:01 | INFO: Draco encoder: Encoding mesh Branch led scale foliage 0215.
15:35:01 | INFO: Draco encoder: Encoding mesh Branch led scale foliage 0216.
15:35:01 | INFO: Draco encoder: Encoding mesh Branch led scale foliage 0217.
15:35:01 | INFO: Draco encoder: Encoding mesh Branch led scale foliage 0218.
15:35:01 | INFO: Draco encoder: Encoding mesh Branch led scale foliage 0219.
15:35:01 | INFO: Draco encoder: Encoding mesh Branch led scale foliage 0220.
15:35:01 | INFO: Draco encoder: Encoding mesh Branch led scale foliage 0221.
15:35:01 | INFO: Draco encoder: Encoding mesh Branch led scale foliage 0222.
15:35:01 | INFO: Draco encoder: Encoding mesh Branch led scale foliage 0223.
15:35:01 | INFO: Draco encoder: Encoding mesh Branch led scale foliage 0224.
15:35:01 | INFO: Draco encoder: Encoding mesh Branch led scale foliage 0225.
15:35:01 | INFO: Draco encoder: Encoding mesh Branch led scale foliage 0226.
15:35:01 | INFO: Draco encoder: Encoding mesh Branch led scale foliage 0227.
15:35:01 | INFO: Draco encoder: Encoding mesh Branch led scale foliage 0228.
15:35:01 | INFO: Draco encoder: Encoding mesh Branch led scale foliage 0229.
15:35:01 | INFO: Draco encoder: Encoding mesh Branch led scale foliage 0230.
15:35:01 | INFO: Draco encoder: Encoding mesh Branch led scale foliage 0231.
15:35:01 | INFO: Draco encoder: Encoding mesh Branch led scale foliage 0232.
15:35:01 | INFO: Draco encoder: Encoding mesh Branch led scale foliage 0233.
15:35:01 | INFO: Draco encoder: Encoding mesh Branch led scale foliage 0234.
15:35:01 | INFO: Draco encoder: Encoding mesh Branch led scale foliage 0235.
15:35:01 | INFO: Draco encoder: Encoding mesh Branch led scale foliage 0236.
15:35:01 | INFO: Draco encoder: Encoding mesh Branch led scale foliage 0237.
15:35:01 | INFO: Draco encoder: Encoding mesh Branch led scale foliage 0238.
15:35:01 | INFO: Draco encoder: Encoding mesh Branch led scale foliage 0239.
15:35:01 | INFO: Draco encoder: Encoding mesh Branch led scale foliage 0240.
15:35:01 | INFO: Draco encoder: Encoding mesh Branch led scale foliage 0241.
15:35:01 | INFO: Draco encoder: Encoding mesh Branch led scale foliage 0242.
15:35:01 | INFO: Draco encoder: Encoding mesh Branch led scale foliage 0243.
15:35:01 | INFO: Draco encoder: Encoding mesh Branch led scale foliage 0244.
15:35:01 | INFO: Draco encoder: Encoding mesh Branch led scale foliage 0245.
15:35:01 | INFO: Draco encoder: Encoding mesh Branch led scale foliage 0246.
15:35:01 | INFO: Draco encoder: Encoding mesh Branch led scale foliage 0247.
15:35:01 | INFO: Draco encoder: Encoding mesh Branch led scale foliage 0248.
15:35:01 | INFO: Draco encoder: Encoding mesh Branch led scale foliage 0249.
15:35:01 | INFO: Draco encoder: Encoding mesh Branch led scale foliage 0250.
15:35:01 | INFO: Draco encoder: Encoding mesh Branch led scale foliage 0251.
15:35:01 | INFO: Draco encoder: Encoding mesh Branch led scale foliage 0252.
15:35:01 | INFO: Draco encoder: Encoding mesh Branch led scale foliage 0253.
15:35:01 | INFO: Draco encoder: Encoding mesh Branch led scale foliage 0254.
15:35:01 | INFO: Draco encoder: Encoding mesh Branch led scale foliage 0255.
15:35:01 | INFO: Draco encoder: Encoding mesh Branch led scale foliage 0256.
15:35:01 | INFO: Draco encoder: Encoding mesh Branch led scale foliage 0257.
15:35:01 | INFO: Draco encoder: Encoding mesh Branch led scale foliage 0258.
15:35:01 | INFO: Draco encoder: Encoding mesh Branch led scale foliage 0259.
15:35:01 | INFO: Draco encoder: Encoding mesh Branch led scale foliage 0260.
15:35:01 | INFO: Draco encoder: Encoding mesh Branch led scale foliage 0261.
15:35:01 | INFO: Draco encoder: Encoding mesh Branch led scale foliage 0262.
15:35:01 | INFO: Draco encoder: Encoding mesh Branch led scale foliage 0263.
15:35:01 | INFO: Draco encoder: Encoding mesh Branch led scale foliage 0264.
15:35:01 | INFO: Draco encoder: Encoding mesh Branch led scale foliage 0265.
15:35:01 | INFO: Draco encoder: Encoding mesh Branch led scale foliage 0266.
15:35:01 | INFO: Draco encoder: Encoding mesh Branch led scale foliage 0267.
15:35:01 | INFO: Draco encoder: Encoding mesh Branch led scale foliage 0268.
15:35:01 | INFO: Draco encoder: Encoding mesh Branch led scale foliage 0269.
15:35:01 | INFO: Draco encoder: Encoding mesh Branch led scale foliage 0270.
15:35:01 | INFO: Draco encoder: Encoding mesh Branch led scale foliage 0271.
15:35:01 | INFO: Draco encoder: Encoding mesh Branch led scale foliage 0272.
15:35:01 | INFO: Draco encoder: Encoding mesh Branch led scale foliage 0273.
15:35:01 | INFO: Draco encoder: Encoding mesh Branch led scale foliage 0274.
15:35:01 | INFO: Draco encoder: Encoding mesh Branch led scale foliage 0275.
15:35:01 | INFO: Draco encoder: Encoding mesh Branch led scale foliage 0276.
15:35:01 | INFO: Draco encoder: Encoding mesh Branch led scale foliage 0277.
15:35:01 | INFO: Draco encoder: Encoding mesh Branch led scale foliage 0278.
15:35:01 | INFO: Draco encoder: Encoding mesh Branch led scale foliage 0279.
15:35:01 | INFO: Draco encoder: Encoding mesh Branch led scale foliage 0280.
15:35:01 | INFO: Draco encoder: Encoding mesh Branch led scale foliage 0281.
15:35:01 | INFO: Draco encoder: Encoding mesh Branch led scale foliage 0282.
15:35:01 | INFO: Draco encoder: Encoding mesh Branch led scale foliage 0283.
15:35:01 | INFO: Draco encoder: Encoding mesh Branch led scale foliage 0284.
15:35:01 | INFO: Draco encoder: Encoding mesh Branch led scale foliage 0285.
15:35:01 | INFO: Draco encoder: Encoding mesh Branch led scale foliage 0286.
15:35:01 | INFO: Draco encoder: Encoding mesh Branch led scale foliage 0287.
15:35:01 | INFO: Draco encoder: Encoding mesh Branch led scale foliage 0288.
15:35:01 | INFO: Draco encoder: Encoding mesh Branch led scale foliage 0289.
15:35:01 | INFO: Draco encoder: Encoding mesh Branch led scale foliage 0290.
15:35:01 | INFO: Draco encoder: Encoding mesh Branch led scale foliage 0291.
15:35:01 | INFO: Draco encoder: Encoding mesh Branch led scale foliage 0292.
15:35:01 | INFO: Draco encoder: Encoding mesh Branch led scale foliage 0293.
15:35:01 | INFO: Draco encoder: Encoding mesh Branch led scale foliage 0294.
15:35:01 | INFO: Draco encoder: Encoding mesh Branch led scale foliage 0295.
15:35:01 | INFO: Draco encoder: Encoding mesh Branch led scale foliage 0296.
15:35:01 | INFO: Draco encoder: Encoding mesh Branch led scale foliage 0297.
15:35:01 | INFO: Draco encoder: Encoding mesh Branch led scale foliage 0298.
15:35:01 | INFO: Draco encoder: Encoding mesh Branch led scale foliage 0299.
15:35:01 | INFO: Draco encoder: Encoding mesh Branch led scale foliage 0300.
15:35:01 | INFO: Draco encoder: Encoding mesh Branch led scale foliage 0301.
15:35:01 | INFO: Draco encoder: Encoding mesh Branch led scale foliage 0302.
15:35:01 | INFO: Draco encoder: Encoding mesh Branch led scale foliage 0303.
15:35:01 | INFO: Draco encoder: Encoding mesh Branch led scale foliage 0304.
15:35:01 | INFO: Draco encoder: Encoding mesh Branch led scale foliage 0305.
15:35:01 | INFO: Draco encoder: Encoding mesh Branch led scale foliage 0306.
15:35:01 | INFO: Draco encoder: Encoding mesh Branch led scale foliage 0307.
15:35:01 | INFO: Draco encoder: Encoding mesh Branch led scale foliage 0308.
15:35:01 | INFO: Draco encoder: Encoding mesh Branch led scale foliage 0309.
15:35:01 | INFO: Draco encoder: Encoding mesh Branch led scale foliage 0310.
15:35:01 | INFO: Draco encoder: Encoding mesh Branch led scale foliage 0311.
15:35:01 | INFO: Draco encoder: Encoding mesh Branch led scale foliage 0312.
15:35:01 | INFO: Draco encoder: Encoding mesh Branch led scale foliage 0313.
15:35:01 | INFO: Draco encoder: Encoding mesh Branch led scale foliage 0314.
15:35:01 | INFO: Draco encoder: Encoding mesh Branch led scale foliage 0315.
15:35:01 | INFO: Draco encoder: Encoding mesh Branch led scale foliage 0316.
15:35:01 | INFO: Draco encoder: Encoding mesh Branch led scale foliage 0317.
15:35:01 | INFO: Draco encoder: Encoding mesh Branch led scale foliage 0318.
15:35:01 | INFO: Draco encoder: Encoding mesh Branch led scale foliage 0319.
15:35:01 | INFO: Draco encoder: Encoding mesh Branch led scale foliage 0320.
15:35:01 | INFO: Draco encoder: Encoding mesh Branch led scale foliage 0321.
15:35:01 | INFO: Draco encoder: Encoding mesh Branch led scale foliage 0322.
15:35:01 | INFO: Draco encoder: Encoding mesh Branch led scale foliage 0323.
15:35:01 | INFO: Draco encoder: Encoding mesh Branch led scale foliage 0324.
15:35:01 | INFO: Draco encoder: Encoding mesh Branch led scale foliage 0325.
15:35:01 | INFO: Draco encoder: Encoding mesh Branch led scale foliage 0326.
15:35:01 | INFO: Draco encoder: Encoding mesh Branch led scale foliage 0327.
15:35:01 | INFO: Draco encoder: Encoding mesh Branch led scale foliage 0328.
15:35:01 | INFO: Draco encoder: Encoding mesh Branch led scale foliage 0329.
15:35:01 | INFO: Draco encoder: Encoding mesh Branch led scale foliage 0330.
15:35:01 | INFO: Draco encoder: Encoding mesh Branch led scale foliage 0331.
15:35:01 | INFO: Draco encoder: Encoding mesh Branch led scale foliage 0332.
15:35:01 | INFO: Draco encoder: Encoding mesh Branch led scale foliage 0333.
15:35:01 | INFO: Draco encoder: Encoding mesh Branch led scale foliage 0334.
15:35:01 | INFO: Draco encoder: Encoding mesh Branch led scale foliage 0335.
15:35:01 | INFO: Draco encoder: Encoding mesh Branch led scale foliage 0336.
15:35:01 | INFO: Draco encoder: Encoding mesh Branch led scale foliage 0337.
15:35:01 | INFO: Draco encoder: Encoding mesh Branch led scale foliage 0338.
15:35:01 | INFO: Draco encoder: Encoding mesh Branch led scale foliage 0339.
15:35:01 | INFO: Draco encoder: Encoding mesh Branch led scale foliage 0340.
15:35:01 | INFO: Draco encoder: Encoding mesh Branch led scale foliage 0341.
15:35:01 | INFO: Draco encoder: Encoding mesh Branch led scale foliage 0342.
15:35:01 | INFO: Draco encoder: Encoding mesh Branch led scale foliage 0343.
15:35:01 | INFO: Draco encoder: Encoding mesh Branch led scale foliage 0344.
15:35:01 | INFO: Draco encoder: Encoding mesh Branch led scale foliage 0345.
15:35:01 | INFO: Draco encoder: Encoding mesh Branch led scale foliage 0346.
15:35:01 | INFO: Draco encoder: Encoding mesh Branch led scale foliage 0347.
15:35:01 | INFO: Draco encoder: Encoding mesh Branch led scale foliage 0348.
15:35:01 | INFO: Draco encoder: Encoding mesh Branch led scale foliage 0349.
15:35:01 | INFO: Draco encoder: Encoding mesh Branch led scale foliage 0350.
15:35:01 | INFO: Draco encoder: Encoding mesh Branch led scale foliage 0351.
15:35:01 | INFO: Draco encoder: Encoding mesh Branch led scale foliage 0352.
15:35:01 | INFO: Draco encoder: Encoding mesh Branch led scale foliage 0353.
15:35:01 | INFO: Draco encoder: Encoding mesh Branch led scale foliage 0354.
15:35:01 | INFO: Draco encoder: Encoding mesh Branch led scale foliage 0355.
15:35:01 | INFO: Draco encoder: Encoding mesh Branch led scale foliage 0356.
15:35:01 | INFO: Draco encoder: Encoding mesh Branch led scale foliage 0357.
15:35:01 | INFO: Draco encoder: Encoding mesh Branch led scale foliage 0358.
15:35:01 | INFO: Draco encoder: Encoding mesh Branch led scale foliage 0359.
15:35:01 | INFO: Draco encoder: Encoding mesh Branch led scale foliage 0360.
15:35:01 | INFO: Draco encoder: Encoding mesh Branch led scale foliage 0361.
15:35:01 | INFO: Draco encoder: Encoding mesh Branch led scale foliage 0362.
15:35:01 | INFO: Draco encoder: Encoding mesh Branch led scale foliage 0363.
15:35:01 | INFO: Draco encoder: Encoding mesh Branch led scale foliage 0364.
15:35:01 | INFO: Draco encoder: Encoding mesh Branch led scale foliage 0365.
15:35:01 | INFO: Draco encoder: Encoding mesh Branch led scale foliage 0366.
15:35:01 | INFO: Draco encoder: Encoding mesh Branch led scale foliage 0367.
15:35:01 | INFO: Draco encoder: Encoding mesh Branch led scale foliage 0368.
15:35:01 | INFO: Draco encoder: Encoding mesh Branch led scale foliage 0369.
15:35:01 | INFO: Draco encoder: Encoding mesh Branch led scale foliage 0370.
15:35:01 | INFO: Draco encoder: Encoding mesh Branch led scale foliage 0371.
15:35:01 | INFO: Draco encoder: Encoding mesh Branch led scale foliage 0372.
15:35:01 | INFO: Draco encoder: Encoding mesh Branch led scale foliage 0373.
15:35:01 | INFO: Draco encoder: Encoding mesh Branch led scale foliage 0374.
15:35:01 | INFO: Draco encoder: Encoding mesh Branch led scale foliage 0375.
15:35:01 | INFO: Draco encoder: Encoding mesh Branch led scale foliage 0376.
15:35:01 | INFO: Draco encoder: Encoding mesh Branch led scale foliage 0377.
15:35:01 | INFO: Draco encoder: Encoding mesh Branch led scale foliage 0378.
15:35:01 | INFO: Draco encoder: Encoding mesh Branch led scale foliage 0379.
15:35:01 | INFO: Draco encoder: Encoding mesh Branch led scale foliage 0380.
15:35:01 | INFO: Draco encoder: Encoding mesh Branch led scale foliage 0381.
15:35:01 | INFO: Draco encoder: Encoding mesh Branch led scale foliage 0382.
15:35:01 | INFO: Draco encoder: Encoding mesh Branch led scale foliage 0383.
15:35:01 | INFO: Draco encoder: Encoding mesh Branch led scale foliage 0384.
15:35:01 | INFO: Draco encoder: Encoding mesh Branch led scale foliage 0385.
15:35:01 | INFO: Draco encoder: Encoding mesh Branch led scale foliage 0386.
15:35:01 | INFO: Draco encoder: Encoding mesh Branch led scale foliage 0387.
15:35:01 | INFO: Draco encoder: Encoding mesh Branch led scale foliage 0388.
15:35:01 | INFO: Draco encoder: Encoding mesh Branch led scale foliage 0389.
15:35:01 | INFO: Draco encoder: Encoding mesh Branch led scale foliage 0390.
15:35:01 | INFO: Draco encoder: Encoding mesh Branch led scale foliage 0391.
15:35:01 | INFO: Draco encoder: Encoding mesh Branch led scale foliage 0392.
15:35:01 | INFO: Draco encoder: Encoding mesh Branch led scale foliage 0393.
15:35:01 | INFO: Draco encoder: Encoding mesh Branch led scale foliage 0394.
15:35:01 | INFO: Draco encoder: Encoding mesh Branch led scale foliage 0395.
15:35:01 | INFO: Draco encoder: Encoding mesh Branch led scale foliage 0396.
15:35:01 | INFO: Draco encoder: Encoding mesh Branch led scale foliage 0397.
15:35:01 | INFO: Draco encoder: Encoding mesh Branch led scale foliage 0398.
15:35:01 | INFO: Draco encoder: Encoding mesh Branch led scale foliage 0399.
15:35:01 | INFO: Draco encoder: Encoding mesh Branch led scale foliage 0400.
15:35:01 | INFO: Draco encoder: Encoding mesh Branch led scale foliage 0401.
15:35:01 | INFO: Draco encoder: Encoding mesh Branch led scale foliage 0402.
15:35:01 | INFO: Draco encoder: Encoding mesh Branch led scale foliage 0403.
15:35:01 | INFO: Draco encoder: Encoding mesh Branch led scale foliage 0404.
15:35:01 | INFO: Draco encoder: Encoding mesh Branch led scale foliage 0405.
15:35:01 | INFO: Draco encoder: Encoding mesh Branch led scale foliage 0406.
15:35:01 | INFO: Draco encoder: Encoding mesh Branch led scale foliage 0407.
15:35:01 | INFO: Draco encoder: Encoding mesh Branch led scale foliage 0408.
15:35:01 | INFO: Draco encoder: Encoding mesh Branch led scale foliage 0409.
15:35:01 | INFO: Draco encoder: Encoding mesh Branch led scale foliage 0410.
15:35:01 | INFO: Draco encoder: Encoding mesh Branch led scale foliage 0411.
15:35:01 | INFO: Draco encoder: Encoding mesh Branch led scale foliage 0412.
15:35:01 | INFO: Draco encoder: Encoding mesh Branch led scale foliage 0413.
15:35:01 | INFO: Draco encoder: Encoding mesh Branch led scale foliage 0414.
15:35:01 | INFO: Draco encoder: Encoding mesh Branch led scale foliage 0415.
15:35:01 | INFO: Draco encoder: Encoding mesh Branch led scale foliage 0416.
15:35:01 | INFO: Draco encoder: Encoding mesh Branch led scale foliage 0417.
15:35:01 | INFO: Draco encoder: Encoding mesh Branch led scale foliage 0418.
15:35:01 | INFO: Draco encoder: Encoding mesh Branch led scale foliage 0419.
15:35:01 | INFO: Draco encoder: Encoding mesh Branch led scale foliage 0420.
15:35:01 | INFO: Draco encoder: Encoding mesh Branch led scale foliage 0421.
15:35:01 | INFO: Draco encoder: Encoding mesh Branch led scale foliage 0422.
15:35:01 | INFO: Draco encoder: Encoding mesh Branch led scale foliage 0423.
15:35:01 | INFO: Draco encoder: Encoding mesh Branch led scale foliage 0424.
15:35:01 | INFO: Draco encoder: Encoding mesh Branch led scale foliage 0425.
15:35:01 | INFO: Draco encoder: Encoding mesh Branch led scale foliage 0426.
15:35:01 | INFO: Draco encoder: Encoding mesh Branch led scale foliage 0427.
15:35:01 | INFO: Draco encoder: Encoding mesh Branch led scale foliage 0428.
15:35:01 | INFO: Draco encoder: Encoding mesh Branch led scale foliage 0429.
15:35:01 | INFO: Draco encoder: Encoding mesh Branch led scale foliage 0430.
15:35:01 | INFO: Draco encoder: Encoding mesh Branch led scale foliage 0431.
15:35:01 | INFO: Draco encoder: Encoding mesh Branch led scale foliage 0432.
15:35:01 | INFO: Draco encoder: Encoding mesh Branch led scale foliage 0433.
15:35:01 | INFO: Draco encoder: Encoding mesh Branch led scale foliage 0434.
15:35:01 | INFO: Draco encoder: Encoding mesh Branch led scale foliage 0435.
15:35:01 | INFO: Draco encoder: Encoding mesh Branch led scale foliage 0436.
15:35:01 | INFO: Draco encoder: Encoding mesh Branch led scale foliage 0437.
15:35:01 | INFO: Draco encoder: Encoding mesh Branch led scale foliage 0438.
15:35:01 | INFO: Draco encoder: Encoding mesh Branch led scale foliage 0439.
15:35:01 | INFO: Draco encoder: Encoding mesh Branch led scale foliage 0440.
15:35:01 | INFO: Draco encoder: Encoding mesh Branch led scale foliage 0441.
15:35:01 | INFO: Draco encoder: Encoding mesh Branch led scale foliage 0442.
15:35:01 | INFO: Draco encoder: Encoding mesh Branch led scale foliage 0443.
15:35:01 | INFO: Draco encoder: Encoding mesh Branch led scale foliage 0444.
15:35:01 | INFO: Draco encoder: Encoding mesh Branch led scale foliage 0445.
15:35:01 | INFO: Draco encoder: Encoding mesh Branch led scale foliage 0446.
15:35:01 | INFO: Draco encoder: Encoding mesh Branch led scale foliage 0447.
15:35:01 | INFO: Draco encoder: Encoding mesh Branch led scale foliage 0448.
15:35:01 | INFO: Draco encoder: Encoding mesh Branch led scale foliage 0449.
15:35:01 | INFO: Draco encoder: Encoding mesh Branch led scale foliage 0450.
15:35:01 | INFO: Draco encoder: Encoding mesh Branch led scale foliage 0451.
15:35:01 | INFO: Draco encoder: Encoding mesh Branch led scale foliage 0452.
15:35:01 | INFO: Draco encoder: Encoding mesh Branch led scale foliage 0453.
15:35:01 | INFO: Draco encoder: Encoding mesh Branch led scale foliage 0454.
15:35:01 | INFO: Draco encoder: Encoding mesh Branch led scale foliage 0455.
15:35:01 | INFO: Draco encoder: Encoding mesh Branch led scale foliage 0456.
15:35:01 | INFO: Draco encoder: Encoding mesh Branch led scale foliage 0457.
15:35:01 | INFO: Draco encoder: Encoding mesh Branch led scale foliage 0458.
15:35:01 | INFO: Draco encoder: Encoding mesh Branch led scale foliage 0459.
15:35:01 | INFO: Draco encoder: Encoding mesh Branch led scale foliage 0460.
15:35:01 | INFO: Draco encoder: Encoding mesh Branch led scale foliage 0461.
15:35:01 | INFO: Draco encoder: Encoding mesh Branch led scale foliage 0462.
15:35:01 | INFO: Draco encoder: Encoding mesh Branch led scale foliage 0463.
15:35:01 | INFO: Draco encoder: Encoding mesh Branch led scale foliage 0464.
15:35:01 | INFO: Draco encoder: Encoding mesh Branch led scale foliage 0465.
15:35:01 | INFO: Draco encoder: Encoding mesh Branch led scale foliage 0466.
15:35:01 | INFO: Draco encoder: Encoding mesh Branch led scale foliage 0467.
15:35:01 | INFO: Draco encoder: Encoding mesh Branch led scale foliage 0468.
15:35:01 | INFO: Draco encoder: Encoding mesh Branch led scale foliage 0469.
15:35:01 | INFO: Draco encoder: Encoding mesh Branch led scale foliage 0470.
15:35:01 | INFO: Draco encoder: Encoding mesh Branch led scale foliage 0471.
15:35:01 | INFO: Draco encoder: Encoding mesh Branch led scale foliage 0472.
15:35:01 | INFO: Draco encoder: Encoding mesh Branch led scale foliage 0473.
15:35:01 | INFO: Draco encoder: Encoding mesh Branch led scale foliage 0474.
15:35:01 | INFO: Draco encoder: Encoding mesh Branch led scale foliage 0475.
15:35:01 | INFO: Draco encoder: Encoding mesh Branch led scale foliage 0476.
15:35:01 | INFO: Draco encoder: Encoding mesh Branch led scale foliage 0477.
15:35:01 | INFO: Draco encoder: Encoding mesh Branch led scale foliage 0478.
15:35:01 | INFO: Draco encoder: Encoding mesh Branch led scale foliage 0479.
15:35:01 | INFO: Draco encoder: Encoding mesh Branch led scale foliage 0480.
15:35:01 | INFO: Draco encoder: Encoding mesh Branch led scale foliage 0481.
15:35:01 | INFO: Draco encoder: Encoding mesh Branch led scale foliage 0482.
15:35:01 | INFO: Draco encoder: Encoding mesh Branch led scale foliage 0483.
15:35:01 | INFO: Draco encoder: Encoding mesh Branch led scale foliage 0484.
15:35:01 | INFO: Draco encoder: Encoding mesh Branch led scale foliage 0485.
15:35:01 | INFO: Draco encoder: Encoding mesh Branch led scale foliage 0486.
15:35:01 | INFO: Draco encoder: Encoding mesh Branch led scale foliage 0487.
15:35:01 | INFO: Draco encoder: Encoding mesh Branch led scale foliage 0488.
15:35:01 | INFO: Draco encoder: Encoding mesh Branch led scale foliage 0489.
15:35:01 | INFO: Draco encoder: Encoding mesh Branch led scale foliage 0490.
15:35:01 | INFO: Draco encoder: Encoding mesh Branch led scale foliage 0491.
15:35:01 | INFO: Draco encoder: Encoding mesh Branch led scale foliage 0492.
15:35:01 | INFO: Draco encoder: Encoding mesh Branch led scale foliage 0493.
15:35:01 | INFO: Draco encoder: Encoding mesh Branch led scale foliage 0494.
15:35:01 | INFO: Draco encoder: Encoding mesh Branch led scale foliage 0495.
15:35:01 | INFO: Draco encoder: Encoding mesh Branch led scale foliage 0496.
15:35:01 | INFO: Draco encoder: Encoding mesh Branch led scale foliage 0497.
15:35:01 | INFO: Draco encoder: Encoding mesh Branch led scale foliage 0498.
15:35:01 | INFO: Draco encoder: Encoding mesh Branch led scale foliage 0499.
15:35:01 | INFO: Draco encoder: Encoding mesh Branch led scale foliage 0500.
15:35:01 | INFO: Draco encoder: Encoding mesh Branch led scale foliage 0501.
15:35:01 | INFO: Draco encoder: Encoding mesh Branch led scale foliage 0502.
15:35:01 | INFO: Draco encoder: Encoding mesh Branch led scale foliage 0503.
15:35:01 | INFO: Draco encoder: Encoding mesh Branch led scale foliage 0504.
15:35:01 | INFO: Draco encoder: Encoding mesh Branch led scale foliage 0505.
15:35:01 | INFO: Draco encoder: Encoding mesh Branch led scale foliage 0506.
15:35:01 | INFO: Draco encoder: Encoding mesh Branch led scale foliage 0507.
15:35:01 | INFO: Draco encoder: Encoding mesh Branch led scale foliage 0508.
15:35:01 | INFO: Draco encoder: Encoding mesh Branch led scale foliage 0509.
15:35:01 | INFO: Draco encoder: Encoding mesh Branch led scale foliage 0510.
15:35:01 | INFO: Draco encoder: Encoding mesh Branch led scale foliage 0511.
15:35:01 | INFO: Draco encoder: Encoding mesh Branch led scale foliage 0512.
15:35:01 | INFO: Draco encoder: Encoding mesh Branch led scale foliage 0513.
15:35:01 | INFO: Draco encoder: Encoding mesh Branch led scale foliage 0514.
15:35:01 | INFO: Draco encoder: Encoding mesh Branch led scale foliage 0515.
15:35:01 | INFO: Draco encoder: Encoding mesh Branch led scale foliage 0516.
15:35:01 | INFO: Draco encoder: Encoding mesh Branch led scale foliage 0517.
15:35:01 | INFO: Draco encoder: Encoding mesh Branch led scale foliage 0518.
15:35:01 | INFO: Draco encoder: Encoding mesh Branch led scale foliage 0519.
15:35:01 | INFO: Draco encoder: Encoding mesh Branch led scale foliage 0520.
15:35:01 | INFO: Draco encoder: Encoding mesh Branch led scale foliage 0521.
15:35:01 | INFO: Draco encoder: Encoding mesh Branch led scale foliage 0522.
15:35:01 | INFO: Draco encoder: Encoding mesh Branch led scale foliage 0523.
15:35:01 | INFO: Draco encoder: Encoding mesh Branch led scale foliage 0524.
15:35:01 | INFO: Draco encoder: Encoding mesh Branch led scale foliage 0525.
15:35:01 | INFO: Draco encoder: Encoding mesh Branch led scale foliage 0526.
15:35:01 | INFO: Draco encoder: Encoding mesh Branch led scale foliage 0527.
15:35:01 | INFO: Draco encoder: Encoding mesh Branch led scale foliage 0528.
15:35:01 | INFO: Draco encoder: Encoding mesh Branch led scale foliage 0529.
15:35:01 | INFO: Draco encoder: Encoding mesh Branch led scale foliage 0530.
15:35:01 | INFO: Draco encoder: Encoding mesh Branch led scale foliage 0531.
15:35:01 | INFO: Draco encoder: Encoding mesh Branch led scale foliage 0532.
15:35:01 | INFO: Draco encoder: Encoding mesh Branch led scale foliage 0533.
15:35:01 | INFO: Draco encoder: Encoding mesh Branch led scale foliage 0534.
15:35:01 | INFO: Draco encoder: Encoding mesh Branch led scale foliage 0535.
15:35:01 | INFO: Draco encoder: Encoding mesh Branch led scale foliage 0536.
15:35:01 | INFO: Draco encoder: Encoding mesh Branch led scale foliage 0537.
15:35:01 | INFO: Draco encoder: Encoding mesh Branch led scale foliage 0538.
15:35:01 | INFO: Draco encoder: Encoding mesh Branch led scale foliage 0539.
15:35:01 | INFO: Draco encoder: Encoding mesh Branch led scale foliage 0540.
15:35:01 | INFO: Draco encoder: Encoding mesh Branch led scale foliage 0541.
15:35:01 | INFO: Draco encoder: Encoding mesh Branch led scale foliage 0542.
15:35:01 | INFO: Draco encoder: Encoding mesh Branch led scale foliage 0543.
15:35:01 | INFO: Draco encoder: Encoding mesh Branch led scale foliage 0544.
15:35:01 | INFO: Draco encoder: Encoding mesh Branch led scale foliage 0545.
15:35:01 | INFO: Draco encoder: Encoding mesh Branch led scale foliage 0546.
15:35:01 | INFO: Draco encoder: Encoding mesh Branch led scale foliage 0547.
15:35:01 | INFO: Draco encoder: Encoding mesh Branch led scale foliage 0548.
15:35:01 | INFO: Draco encoder: Encoding mesh Branch led scale foliage 0549.
15:35:01 | INFO: Draco encoder: Encoding mesh Branch led scale foliage 0550.
15:35:01 | INFO: Draco encoder: Encoding mesh Branch led scale foliage 0551.
15:35:01 | INFO: Draco encoder: Encoding mesh Branch led scale foliage 0552.
15:35:01 | INFO: Draco encoder: Encoding mesh Branch led scale foliage 0553.
15:35:01 | INFO: Draco encoder: Encoding mesh Branch led scale foliage 0554.
15:35:01 | INFO: Draco encoder: Encoding mesh Branch led scale foliage 0555.
15:35:01 | INFO: Draco encoder: Encoding mesh Branch led scale foliage 0556.
15:35:01 | INFO: Draco encoder: Encoding mesh Branch led scale foliage 0557.
15:35:01 | INFO: Draco encoder: Encoding mesh Branch led scale foliage 0558.
15:35:01 | INFO: Draco encoder: Encoding mesh Branch led scale foliage 0559.
15:35:01 | INFO: Draco encoder: Encoding mesh Branch led scale foliage 0560.
15:35:01 | INFO: Draco encoder: Encoding mesh Branch led scale foliage 0561.
15:35:01 | INFO: Draco encoder: Encoding mesh Branch led scale foliage 0562.
15:35:01 | INFO: Draco encoder: Encoding mesh Branch led scale foliage 0563.
15:35:01 | INFO: Draco encoder: Encoding mesh Branch led scale foliage 0564.
15:35:01 | INFO: Draco encoder: Encoding mesh Branch led scale foliage 0565.
15:35:01 | INFO: Draco encoder: Encoding mesh Branch led scale foliage 0566.
15:35:01 | INFO: Draco encoder: Encoding mesh Branch led scale foliage 0567.
15:35:01 | INFO: Draco encoder: Encoding mesh Branch led scale foliage 0568.
15:35:01 | INFO: Draco encoder: Encoding mesh Branch led scale foliage 0569.
15:35:01 | INFO: Draco encoder: Encoding mesh Branch led scale foliage 0570.
15:35:01 | INFO: Draco encoder: Encoding mesh Branch led scale foliage 0571.
15:35:01 | INFO: Draco encoder: Encoding mesh Branch led scale foliage 0572.
15:35:01 | INFO: Draco encoder: Encoding mesh Branch led scale foliage 0573.
15:35:01 | INFO: Draco encoder: Encoding mesh Branch led scale foliage 0574.
15:35:01 | INFO: Draco encoder: Encoding mesh Branch led scale foliage 0575.
15:35:01 | INFO: Draco encoder: Encoding mesh Branch led scale foliage 0576.
15:35:01 | INFO: Draco encoder: Encoding mesh Branch led scale foliage 0577.
15:35:01 | INFO: Draco encoder: Encoding mesh Branch led scale foliage 0578.
15:35:01 | INFO: Draco encoder: Encoding mesh Branch led scale foliage 0579.
15:35:01 | INFO: Draco encoder: Encoding mesh Branch led scale foliage 0580.
15:35:01 | INFO: Draco encoder: Encoding mesh Branch led scale foliage 0581.
15:35:01 | INFO: Draco encoder: Encoding mesh Branch led scale foliage 0582.
15:35:01 | INFO: Draco encoder: Encoding mesh Branch led scale foliage 0583.
15:35:01 | INFO: Draco encoder: Encoding mesh Branch led scale foliage 0584.
15:35:01 | INFO: Draco encoder: Encoding mesh Branch led scale foliage 0585.
15:35:01 | INFO: Draco encoder: Encoding mesh Branch led scale foliage 0586.
15:35:01 | INFO: Draco encoder: Encoding mesh Branch led scale foliage 0587.
15:35:01 | INFO: Draco encoder: Encoding mesh Branch led scale foliage 0588.
15:35:01 | INFO: Draco encoder: Encoding mesh Branch led scale foliage 0589.
15:35:01 | INFO: Draco encoder: Encoding mesh Branch led scale foliage 0590.
15:35:01 | INFO: Draco encoder: Encoding mesh Branch led scale foliage 0591.
15:35:01 | INFO: Draco encoder: Encoding mesh Branch led scale foliage 0592.
15:35:01 | INFO: Draco encoder: Encoding mesh Branch led scale foliage 0593.
15:35:01 | INFO: Draco encoder: Encoding mesh Branch led scale foliage 0594.
15:35:01 | INFO: Draco encoder: Encoding mesh Branch led scale foliage 0595.
15:35:01 | INFO: Draco encoder: Encoding mesh Branch led scale foliage 0596.
15:35:01 | INFO: Draco encoder: Encoding mesh Branch led scale foliage 0597.
15:35:01 | INFO: Draco encoder: Encoding mesh Branch led scale foliage 0598.
15:35:01 | INFO: Draco encoder: Encoding mesh Branch led scale foliage 0599.
15:35:01 | INFO: Draco encoder: Encoding mesh Branch led scale foliage 0600.
15:35:01 | INFO: Draco encoder: Encoding mesh Branch led scale foliage 0601.
15:35:01 | INFO: Draco encoder: Encoding mesh Branch led scale foliage 0602.
15:35:01 | INFO: Draco encoder: Encoding mesh Branch led scale foliage 0603.
15:35:01 | INFO: Draco encoder: Encoding mesh Branch led scale foliage 0604.
15:35:01 | INFO: Draco encoder: Encoding mesh Branch led scale foliage 0605.
15:35:01 | INFO: Draco encoder: Encoding mesh Branch led scale foliage 0606.
15:35:01 | INFO: Draco encoder: Encoding mesh Branch led scale foliage 0607.
15:35:01 | INFO: Draco encoder: Encoding mesh Branch led scale foliage 0608.
15:35:01 | INFO: Draco encoder: Encoding mesh Branch led scale foliage 0609.
15:35:01 | INFO: Draco encoder: Encoding mesh Branch led scale foliage 0610.
15:35:01 | INFO: Draco encoder: Encoding mesh Branch led scale foliage 0611.
15:35:01 | INFO: Draco encoder: Encoding mesh Branch led scale foliage 0612.
15:35:01 | INFO: Draco encoder: Encoding mesh Branch led scale foliage 0613.
15:35:01 | INFO: Draco encoder: Encoding mesh Branch led scale foliage 0614.
15:35:01 | INFO: Draco encoder: Encoding mesh Branch led scale foliage 0615.
15:35:01 | INFO: Draco encoder: Encoding mesh Branch led scale foliage 0616.
15:35:01 | INFO: Draco encoder: Encoding mesh Branch led scale foliage 0617.
15:35:01 | INFO: Draco encoder: Encoding mesh Branch led scale foliage 0618.
15:35:01 | INFO: Draco encoder: Encoding mesh Branch led scale foliage 0619.
15:35:01 | INFO: Draco encoder: Encoding mesh Branch led scale foliage 0620.
15:35:01 | INFO: Draco encoder: Encoding mesh Branch led scale foliage 0621.
15:35:01 | INFO: Draco encoder: Encoding mesh Branch led scale foliage 0622.
15:35:01 | INFO: Draco encoder: Encoding mesh Branch led scale foliage 0623.
15:35:01 | INFO: Draco encoder: Encoding mesh Branch led scale foliage 0624.
15:35:01 | INFO: Draco encoder: Encoding mesh Branch led scale foliage 0625.
15:35:01 | INFO: Draco encoder: Encoding mesh Branch led scale foliage 0626.
15:35:01 | INFO: Draco encoder: Encoding mesh Branch led scale foliage 0627.
15:35:01 | INFO: Draco encoder: Encoding mesh Branch led scale foliage 0628.
15:35:01 | INFO: Draco encoder: Encoding mesh Branch led scale foliage 0629.
15:35:01 | INFO: Draco encoder: Encoding mesh Branch led scale foliage 0630.
15:35:01 | INFO: Draco encoder: Encoding mesh Branch led scale foliage 0631.
15:35:01 | INFO: Draco encoder: Encoding mesh Branch led scale foliage 0632.
15:35:01 | INFO: Draco encoder: Encoding mesh Branch led scale foliage 0633.
15:35:01 | INFO: Draco encoder: Encoding mesh Branch led scale foliage 0634.
15:35:01 | INFO: Draco encoder: Encoding mesh Branch led scale foliage 0635.
15:35:01 | INFO: Draco encoder: Encoding mesh Branch led scale foliage 0636.
15:35:01 | INFO: Draco encoder: Encoding mesh Branch led scale foliage 0637.
15:35:01 | INFO: Draco encoder: Encoding mesh Branch led scale foliage 0638.
15:35:01 | INFO: Draco encoder: Encoding mesh Branch led scale foliage 0639.
15:35:01 | INFO: Draco encoder: Encoding mesh Branch led scale foliage 0640.
15:35:01 | INFO: Draco encoder: Encoding mesh Branch led scale foliage 0641.
15:35:01 | INFO: Draco encoder: Encoding mesh Branch led scale foliage 0642.
15:35:01 | INFO: Draco encoder: Encoding mesh Branch led scale foliage 0643.
15:35:01 | INFO: Draco encoder: Encoding mesh Branch led scale foliage 0644.
15:35:01 | INFO: Draco encoder: Encoding mesh Branch led scale foliage 0645.
15:35:01 | INFO: Draco encoder: Encoding mesh Branch led scale foliage 0646.
15:35:01 | INFO: Draco encoder: Encoding mesh Branch led scale foliage 0647.
15:35:01 | INFO: Draco encoder: Encoding mesh Branch led scale foliage 0648.
15:35:01 | INFO: Draco encoder: Encoding mesh Branch led scale foliage 0649.
15:35:01 | INFO: Draco encoder: Encoding mesh Branch led scale foliage 0650.
15:35:01 | INFO: Draco encoder: Encoding mesh Branch led scale foliage 0651.
15:35:01 | INFO: Draco encoder: Encoding mesh Branch led scale foliage 0652.
15:35:01 | INFO: Draco encoder: Encoding mesh Branch led scale foliage 0653.
15:35:01 | INFO: Draco encoder: Encoding mesh Branch led scale foliage 0654.
15:35:01 | INFO: Draco encoder: Encoding mesh Branch led scale foliage 0655.
15:35:01 | INFO: Draco encoder: Encoding mesh Branch led scale foliage 0656.
15:35:01 | INFO: Draco encoder: Encoding mesh Branch led scale foliage 0657.
15:35:01 | INFO: Draco encoder: Encoding mesh Branch led scale foliage 0658.
15:35:01 | INFO: Draco encoder: Encoding mesh Branch led scale foliage 0659.
15:35:01 | INFO: Draco encoder: Encoding mesh Branch led scale foliage 0660.
15:35:01 | INFO: Draco encoder: Encoding mesh Branch led scale foliage 0661.
15:35:01 | INFO: Draco encoder: Encoding mesh Branch led scale foliage 0662.
15:35:01 | INFO: Draco encoder: Encoding mesh Branch led scale foliage 0663.
15:35:01 | INFO: Draco encoder: Encoding mesh Branch led scale foliage 0664.
15:35:01 | INFO: Draco encoder: Encoding mesh Branch led scale foliage 0665.
15:35:01 | INFO: Draco encoder: Encoding mesh Branch led scale foliage 0666.
15:35:01 | INFO: Draco encoder: Encoding mesh Branch led scale foliage 0667.
15:35:01 | INFO: Draco encoder: Encoding mesh Branch led scale foliage 0668.
15:35:01 | INFO: Draco encoder: Encoding mesh Branch led scale foliage 0669.
15:35:01 | INFO: Draco encoder: Encoding mesh Branch led scale foliage 0670.
15:35:01 | INFO: Draco encoder: Encoding mesh Branch led scale foliage 0671.
15:35:01 | INFO: Draco encoder: Encoding mesh Branch led scale foliage 0672.
15:35:01 | INFO: Draco encoder: Encoding mesh Branch led scale foliage 0673.
15:35:01 | INFO: Draco encoder: Encoding mesh Branch led scale foliage 0674.
15:35:01 | INFO: Draco encoder: Encoding mesh Branch led scale foliage 0675.
15:35:01 | INFO: Draco encoder: Encoding mesh Branch led scale foliage 0676.
15:35:01 | INFO: Draco encoder: Encoding mesh Branch led scale foliage 0677.
15:35:01 | INFO: Draco encoder: Encoding mesh Branch led scale foliage 0678.
15:35:01 | INFO: Draco encoder: Encoding mesh Branch led scale foliage 0679.
15:35:01 | INFO: Draco encoder: Encoding mesh Branch led scale foliage 0680.
15:35:01 | INFO: Draco encoder: Encoding mesh Branch led scale foliage 0681.
15:35:01 | INFO: Draco encoder: Encoding mesh Branch led scale foliage 0682.
15:35:01 | INFO: Draco encoder: Encoding mesh Branch led scale foliage 0683.
15:35:01 | INFO: Draco encoder: Encoding mesh Branch led scale foliage 0684.
15:35:01 | INFO: Draco encoder: Encoding mesh Branch led scale foliage 0685.
15:35:01 | INFO: Draco encoder: Encoding mesh Branch led scale foliage 0686.
15:35:01 | INFO: Draco encoder: Encoding mesh Branch led scale foliage 0687.
15:35:01 | INFO: Draco encoder: Encoding mesh Branch led scale foliage 0688.
15:35:01 | INFO: Draco encoder: Encoding mesh Branch led scale foliage 0689.
15:35:01 | INFO: Draco encoder: Encoding mesh Branch led scale foliage 0690.
15:35:01 | INFO: Draco encoder: Encoding mesh Branch led scale foliage 0691.
15:35:01 | INFO: Draco encoder: Encoding mesh Branch led scale foliage 0692.
15:35:01 | INFO: Draco encoder: Encoding mesh Branch led scale foliage 0693.
15:35:01 | INFO: Draco encoder: Encoding mesh Branch led scale foliage 0694.
15:35:01 | INFO: Draco encoder: Encoding mesh Branch led scale foliage 0695.
15:35:01 | INFO: Draco encoder: Encoding mesh Branch led scale foliage 0696.
15:35:01 | INFO: Draco encoder: Encoding mesh Branch led scale foliage 0697.
15:35:01 | INFO: Draco encoder: Encoding mesh Branch led scale foliage 0698.
15:35:01 | INFO: Draco encoder: Encoding mesh Branch led scale foliage 0699.
15:35:01 | INFO: Draco encoder: Encoding mesh Branch led scale foliage 0700.
15:35:01 | INFO: Draco encoder: Encoding mesh Branch led scale foliage 0701.
15:35:01 | INFO: Draco encoder: Encoding mesh Branch led scale foliage 0702.
15:35:01 | INFO: Draco encoder: Encoding mesh Branch led scale foliage 0703.
15:35:01 | INFO: Draco encoder: Encoding mesh Branch led scale foliage 0704.
15:35:01 | INFO: Draco encoder: Encoding mesh Branch led scale foliage 0705.
15:35:01 | INFO: Draco encoder: Encoding mesh Branch led scale foliage 0706.
15:35:01 | INFO: Draco encoder: Encoding mesh Branch led scale foliage 0707.
15:35:01 | INFO: Draco encoder: Encoding mesh Branch led scale foliage 0708.
15:35:01 | INFO: Draco encoder: Encoding mesh Branch led scale foliage 0709.
15:35:01 | INFO: Draco encoder: Encoding mesh Branch led scale foliage 0710.
15:35:01 | INFO: Draco encoder: Encoding mesh Branch led scale foliage 0711.
15:35:01 | INFO: Draco encoder: Encoding mesh Branch led scale foliage 0712.
15:35:01 | INFO: Draco encoder: Encoding mesh Branch led scale foliage 0713.
15:35:01 | INFO: Draco encoder: Encoding mesh Branch led scale foliage 0714.
15:35:01 | INFO: Draco encoder: Encoding mesh Branch led scale foliage 0715.
15:35:01 | INFO: Draco encoder: Encoding mesh Branch led scale foliage 0716.
15:35:01 | INFO: Draco encoder: Encoding mesh Branch led scale foliage 0717.
15:35:01 | INFO: Draco encoder: Encoding mesh Branch led scale foliage 0718.
15:35:01 | INFO: Draco encoder: Encoding mesh Branch led scale foliage 0719.
15:35:01 | INFO: Draco encoder: Encoding mesh Branch led scale foliage 0720.
15:35:01 | INFO: Draco encoder: Encoding mesh Branch led scale foliage 0721.
15:35:01 | INFO: Draco encoder: Encoding mesh Branch led scale foliage 0722.
15:35:01 | INFO: Draco encoder: Encoding mesh Branch led scale foliage 0723.
15:35:01 | INFO: Draco encoder: Encoding mesh Branch led scale foliage 0724.
15:35:01 | INFO: Draco encoder: Encoding mesh Branch led scale foliage 0725.
15:35:01 | INFO: Draco encoder: Encoding mesh Branch led scale foliage 0726.
15:35:01 | INFO: Draco encoder: Encoding mesh Branch led scale foliage 0727.
15:35:01 | INFO: Draco encoder: Encoding mesh Branch led scale foliage 0728.
15:35:01 | INFO: Draco encoder: Encoding mesh Branch led scale foliage 0729.
15:35:01 | INFO: Draco encoder: Encoding mesh Branch led scale foliage 0730.
15:35:01 | INFO: Draco encoder: Encoding mesh Branch led scale foliage 0731.
15:35:01 | INFO: Draco encoder: Encoding mesh Branch led scale foliage 0732.
15:35:01 | INFO: Draco encoder: Encoding mesh Branch led scale foliage 0733.
15:35:01 | INFO: Draco encoder: Encoding mesh Branch led scale foliage 0734.
15:35:01 | INFO: Draco encoder: Encoding mesh Branch led scale foliage 0735.
15:35:01 | INFO: Draco encoder: Encoding mesh Branch led scale foliage 0736.
15:35:01 | INFO: Draco encoder: Encoding mesh Branch led scale foliage 0737.
15:35:01 | INFO: Draco encoder: Encoding mesh Branch led scale foliage 0738.
15:35:01 | INFO: Draco encoder: Encoding mesh Branch led scale foliage 0739.
15:35:01 | INFO: Draco encoder: Encoding mesh Branch led scale foliage 0740.
15:35:01 | INFO: Draco encoder: Encoding mesh Branch led scale foliage 0741.
15:35:01 | INFO: Draco encoder: Encoding mesh Branch led scale foliage 0742.
15:35:01 | INFO: Draco encoder: Encoding mesh Branch led scale foliage 0743.
15:35:01 | INFO: Draco encoder: Encoding mesh Branch led scale foliage 0744.
15:35:01 | INFO: Draco encoder: Encoding mesh Branch led scale foliage 0745.
15:35:01 | INFO: Draco encoder: Encoding mesh Branch led scale foliage 0746.
15:35:01 | INFO: Draco encoder: Encoding mesh Branch led scale foliage 0747.
15:35:01 | INFO: Draco encoder: Encoding mesh Branch led scale foliage 0748.
15:35:01 | INFO: Draco encoder: Encoding mesh Branch led scale foliage 0749.
15:35:01 | INFO: Draco encoder: Encoding mesh Branch led scale foliage 0750.
15:35:01 | INFO: Draco encoder: Encoding mesh Branch led scale foliage 0751.
15:35:01 | INFO: Draco encoder: Encoding mesh Branch led scale foliage 0752.
15:35:01 | INFO: Draco encoder: Encoding mesh Branch led scale foliage 0753.
15:35:01 | INFO: Draco encoder: Encoding mesh Branch led scale foliage 0754.
15:35:01 | INFO: Draco encoder: Encoding mesh Branch led scale foliage 0755.
15:35:01 | INFO: Draco encoder: Encoding mesh Branch led scale foliage 0756.
15:35:01 | INFO: Draco encoder: Encoding mesh Branch led scale foliage 0757.
15:35:01 | INFO: Draco encoder: Encoding mesh Branch led scale foliage 0758.
15:35:01 | INFO: Draco encoder: Encoding mesh Branch led scale foliage 0759.
15:35:01 | INFO: Draco encoder: Encoding mesh Branch led scale foliage 0760.
15:35:01 | INFO: Draco encoder: Encoding mesh Branch led scale foliage 0761.
15:35:01 | INFO: Draco encoder: Encoding mesh Branch led scale foliage 0762.
15:35:01 | INFO: Draco encoder: Encoding mesh Branch led scale foliage 0763.
15:35:01 | INFO: Draco encoder: Encoding mesh Branch led scale foliage 0764.
15:35:01 | INFO: Draco encoder: Encoding mesh Branch led scale foliage 0765.
15:35:01 | INFO: Draco encoder: Encoding mesh Branch led scale foliage 0766.
15:35:01 | INFO: Draco encoder: Encoding mesh Branch led scale foliage 0767.
15:35:01 | INFO: Draco encoder: Encoding mesh Branch led scale foliage 0768.
15:35:01 | INFO: Draco encoder: Encoding mesh Branch led scale foliage 0769.
15:35:01 | INFO: Draco encoder: Encoding mesh Branch led scale foliage 0770.
15:35:01 | INFO: Draco encoder: Encoding mesh Branch led scale foliage 0771.
15:35:01 | INFO: Draco encoder: Encoding mesh Branch led scale foliage 0772.
15:35:01 | INFO: Draco encoder: Encoding mesh Branch led scale foliage 0773.
15:35:01 | INFO: Draco encoder: Encoding mesh Branch led scale foliage 0774.
15:35:01 | INFO: Draco encoder: Encoding mesh Branch led scale foliage 0775.
15:35:01 | INFO: Draco encoder: Encoding mesh Branch led scale foliage 0776.
15:35:01 | INFO: Draco encoder: Encoding mesh Branch led scale foliage 0777.
15:35:01 | INFO: Draco encoder: Encoding mesh Branch led scale foliage 0778.
15:35:01 | INFO: Draco encoder: Encoding mesh Branch led scale foliage 0779.
15:35:01 | INFO: Draco encoder: Encoding mesh Branch led scale foliage 0780.
15:35:01 | INFO: Draco encoder: Encoding mesh Branch led scale foliage 0781.
15:35:01 | INFO: Draco encoder: Encoding mesh Branch led scale foliage 0782.
15:35:01 | INFO: Draco encoder: Encoding mesh Branch led scale foliage 0783.
15:35:01 | INFO: Draco encoder: Encoding mesh Branch led scale foliage 0784.
15:35:01 | INFO: Draco encoder: Encoding mesh Branch led scale foliage 0785.
15:35:01 | INFO: Draco encoder: Encoding mesh Branch led scale foliage 0786.
15:35:01 | INFO: Draco encoder: Encoding mesh Branch led scale foliage 0787.
15:35:01 | INFO: Draco encoder: Encoding mesh Branch led scale foliage 0788.
15:35:01 | INFO: Draco encoder: Encoding mesh Branch led scale foliage 0789.
15:35:01 | INFO: Draco encoder: Encoding mesh Branch led scale foliage 0790.
15:35:01 | INFO: Draco encoder: Encoding mesh Branch led scale foliage 0791.
15:35:01 | INFO: Draco encoder: Encoding mesh Branch led scale foliage 0792.
15:35:01 | INFO: Draco encoder: Encoding mesh Branch led scale foliage 0793.
15:35:01 | INFO: Draco encoder: Encoding mesh Branch led scale foliage 0794.
15:35:01 | INFO: Draco encoder: Encoding mesh Branch led scale foliage 0795.
15:35:01 | INFO: Draco encoder: Encoding mesh Branch led scale foliage 0796.
15:35:01 | INFO: Draco encoder: Encoding mesh Branch led scale foliage 0797.
15:35:01 | INFO: Draco encoder: Encoding mesh Branch led scale foliage 0798.
15:35:01 | INFO: Draco encoder: Encoding mesh Branch led scale foliage 0799.
15:35:01 | INFO: Draco encoder: Encoding mesh Branch led scale foliage 0800.
15:35:01 | INFO: Draco encoder: Encoding mesh Branch led scale foliage 0801.
15:35:01 | INFO: Draco encoder: Encoding mesh Branch led scale foliage 0802.
15:35:01 | INFO: Draco encoder: Encoding mesh Branch led scale foliage 0803.
15:35:01 | INFO: Draco encoder: Encoding mesh Branch led scale foliage 0804.
15:35:01 | INFO: Draco encoder: Encoding mesh Branch led scale foliage 0805.
15:35:01 | INFO: Draco encoder: Encoding mesh Branch led scale foliage 0806.
15:35:01 | INFO: Draco encoder: Encoding mesh Branch led scale foliage 0807.
15:35:01 | INFO: Draco encoder: Encoding mesh Branch led scale foliage 0808.
15:35:01 | INFO: Draco encoder: Encoding mesh Branch led scale foliage 0809.
15:35:01 | INFO: Draco encoder: Encoding mesh Branch led scale foliage 0810.
15:35:01 | INFO: Draco encoder: Encoding mesh Branch led scale foliage 0811.
15:35:01 | INFO: Draco encoder: Encoding mesh Branch led scale foliage 0812.
15:35:01 | INFO: Draco encoder: Encoding mesh Branch led scale foliage 0813.
15:35:01 | INFO: Draco encoder: Encoding mesh Branch led scale foliage 0814.
15:35:01 | INFO: Draco encoder: Encoding mesh Branch led scale foliage 0815.
15:35:01 | INFO: Draco encoder: Encoding mesh Branch led scale foliage 0816.
15:35:01 | INFO: Draco encoder: Encoding mesh Branch led scale foliage 0817.
15:35:01 | INFO: Draco encoder: Encoding mesh Branch led scale foliage 0818.
15:35:01 | INFO: Draco encoder: Encoding mesh Branch led scale foliage 0819.
15:35:01 | INFO: Draco encoder: Encoding mesh Branch led scale foliage 0820.
15:35:01 | INFO: Draco encoder: Encoding mesh Branch led scale foliage 0821.
15:35:01 | INFO: Draco encoder: Encoding mesh Branch led scale foliage 0822.
15:35:01 | INFO: Draco encoder: Encoding mesh Branch led scale foliage 0823.
15:35:01 | INFO: Draco encoder: Encoding mesh Branch led scale foliage 0824.
15:35:01 | INFO: Draco encoder: Encoding mesh Branch led scale foliage 0825.
15:35:01 | INFO: Draco encoder: Encoding mesh Branch led scale foliage 0826.
15:35:01 | INFO: Draco encoder: Encoding mesh Branch led scale foliage 0827.
15:35:01 | INFO: Draco encoder: Encoding mesh Branch led scale foliage 0828.
15:35:01 | INFO: Draco encoder: Encoding mesh Branch led scale foliage 0829.
15:35:01 | INFO: Draco encoder: Encoding mesh Branch led scale foliage 0830.
15:35:01 | INFO: Draco encoder: Encoding mesh Branch led scale foliage 0831.
15:35:01 | INFO: Draco encoder: Encoding mesh Branch led scale foliage 0832.
15:35:01 | INFO: Draco encoder: Encoding mesh Branch led scale foliage 0833.
15:35:01 | INFO: Draco encoder: Encoding mesh Branch led scale foliage 0834.
15:35:01 | INFO: Draco encoder: Encoding mesh Branch led scale foliage 0835.
15:35:01 | INFO: Draco encoder: Encoding mesh Branch led scale foliage 0836.
15:35:01 | INFO: Draco encoder: Encoding mesh Branch led scale foliage 0837.
15:35:01 | INFO: Draco encoder: Encoding mesh Branch led scale foliage 0838.
15:35:01 | INFO: Draco encoder: Encoding mesh Branch led scale foliage 0839.
15:35:01 | INFO: Draco encoder: Encoding mesh Branch led scale foliage 0840.
15:35:01 | INFO: Draco encoder: Encoding mesh Branch led scale foliage 0841.
15:35:01 | INFO: Draco encoder: Encoding mesh Branch led scale foliage 0842.
15:35:01 | INFO: Draco encoder: Encoding mesh Branch led scale foliage 0843.
15:35:01 | INFO: Draco encoder: Encoding mesh Branch led scale foliage 0844.
15:35:01 | INFO: Draco encoder: Encoding mesh Branch led scale foliage 0845.
15:35:01 | INFO: Draco encoder: Encoding mesh Branch led scale foliage 0846.
15:35:01 | INFO: Draco encoder: Encoding mesh Branch led scale foliage 0847.
15:35:01 | INFO: Draco encoder: Encoding mesh Branch led scale foliage 0848.
15:35:01 | INFO: Draco encoder: Encoding mesh Branch led scale foliage 0849.
15:35:01 | INFO: Draco encoder: Encoding mesh Branch led scale foliage 0850.
15:35:01 | INFO: Draco encoder: Encoding mesh Branch led scale foliage 0851.
15:35:01 | INFO: Draco encoder: Encoding mesh Branch led scale foliage 0852.
15:35:01 | INFO: Draco encoder: Encoding mesh Branch led scale foliage 0853.
15:35:01 | INFO: Draco encoder: Encoding mesh Branch led scale foliage 0854.
15:35:01 | INFO: Draco encoder: Encoding mesh Branch led scale foliage 0855.
15:35:01 | INFO: Draco encoder: Encoding mesh Branch led scale foliage 0856.
15:35:01 | INFO: Draco encoder: Encoding mesh Branch led scale foliage 0857.
15:35:01 | INFO: Draco encoder: Encoding mesh Branch led scale foliage 0858.
15:35:01 | INFO: Draco encoder: Encoding mesh Branch led scale foliage 0859.
15:35:01 | INFO: Draco encoder: Encoding mesh Branch led scale foliage 0860.
15:35:01 | INFO: Draco encoder: Encoding mesh Branch led scale foliage 0861.
15:35:01 | INFO: Draco encoder: Encoding mesh Branch led scale foliage 0862.
15:35:01 | INFO: Draco encoder: Encoding mesh Branch led scale foliage 0863.
15:35:01 | INFO: Draco encoder: Encoding mesh Branch led scale foliage 0864.
15:35:01 | INFO: Draco encoder: Encoding mesh Branch led scale foliage 0865.
15:35:01 | INFO: Draco encoder: Encoding mesh Branch led scale foliage 0866.
15:35:01 | INFO: Draco encoder: Encoding mesh Branch led scale foliage 0867.
15:35:01 | INFO: Draco encoder: Encoding mesh Branch led scale foliage 0868.
15:35:01 | INFO: Draco encoder: Encoding mesh Branch led scale foliage 0869.
15:35:01 | INFO: Draco encoder: Encoding mesh Branch led scale foliage 0870.
15:35:01 | INFO: Draco encoder: Encoding mesh Branch led scale foliage 0871.
15:35:01 | INFO: Draco encoder: Encoding mesh Branch led scale foliage 0872.
15:35:01 | INFO: Draco encoder: Encoding mesh Branch led scale foliage 0873.
15:35:01 | INFO: Draco encoder: Encoding mesh Branch led scale foliage 0874.
15:35:01 | INFO: Draco encoder: Encoding mesh Branch led scale foliage 0875.
15:35:01 | INFO: Draco encoder: Encoding mesh Branch led scale foliage 0876.
15:35:01 | INFO: Draco encoder: Encoding mesh Branch led scale foliage 0877.
15:35:01 | INFO: Draco encoder: Encoding mesh Branch led scale foliage 0878.
15:35:01 | INFO: Draco encoder: Encoding mesh Branch led scale foliage 0879.
15:35:01 | INFO: Draco encoder: Encoding mesh Branch led scale foliage 0880.
15:35:01 | INFO: Draco encoder: Encoding mesh Branch led scale foliage 0881.
15:35:01 | INFO: Draco encoder: Encoding mesh Branch led scale foliage 0882.
15:35:01 | INFO: Draco encoder: Encoding mesh Branch led scale foliage 0883.
15:35:01 | INFO: Draco encoder: Encoding mesh Branch led scale foliage 0884.
15:35:01 | INFO: Draco encoder: Encoding mesh Branch led scale foliage 0885.
15:35:01 | INFO: Draco encoder: Encoding mesh Branch led scale foliage 0886.
15:35:01 | INFO: Draco encoder: Encoding mesh Branch led scale foliage 0887.
15:35:01 | INFO: Draco encoder: Encoding mesh Branch led scale foliage 0888.
15:35:01 | INFO: Draco encoder: Encoding mesh Branch led scale foliage 0889.
15:35:01 | INFO: Draco encoder: Encoding mesh Branch led scale foliage 0890.
15:35:01 | INFO: Draco encoder: Encoding mesh Branch led scale foliage 0891.
15:35:01 | INFO: Draco encoder: Encoding mesh Branch led scale foliage 0892.
15:35:01 | INFO: Draco encoder: Encoding mesh Branch led scale foliage 0893.
15:35:01 | INFO: Draco encoder: Encoding mesh Branch led scale foliage 0894.
15:35:01 | INFO: Draco encoder: Encoding mesh Branch led scale foliage 0895.
15:35:01 | INFO: Draco encoder: Encoding mesh Branch led scale foliage 0896.
15:35:01 | INFO: Draco encoder: Encoding mesh Branch led scale foliage 0897.
15:35:01 | INFO: Draco encoder: Encoding mesh Branch led scale foliage 0898.
15:35:01 | INFO: Draco encoder: Encoding mesh Branch led scale foliage 0899.
15:35:01 | INFO: Draco encoder: Encoding mesh Branch led scale foliage 0900.
15:35:01 | INFO: Draco encoder: Encoding mesh Branch led scale foliage 0901.
15:35:01 | INFO: Draco encoder: Encoding mesh Branch led scale foliage 0902.
15:35:01 | INFO: Draco encoder: Encoding mesh Branch led scale foliage 0903.
15:35:01 | INFO: Draco encoder: Encoding mesh Branch led scale foliage 0904.
15:35:01 | INFO: Draco encoder: Encoding mesh Branch led scale foliage 0905.
15:35:01 | INFO: Draco encoder: Encoding mesh Branch led scale foliage 0906.
15:35:01 | INFO: Draco encoder: Encoding mesh Branch led scale foliage 0907.
15:35:01 | INFO: Draco encoder: Encoding mesh Branch led scale foliage 0908.
15:35:01 | INFO: Draco encoder: Encoding mesh Branch led scale foliage 0909.
15:35:01 | INFO: Draco encoder: Encoding mesh Branch led scale foliage 0910.
15:35:01 | INFO: Draco encoder: Encoding mesh Branch led scale foliage 0911.
15:35:01 | INFO: Draco encoder: Encoding mesh Branch led scale foliage 0912.
15:35:01 | INFO: Draco encoder: Encoding mesh Branch led scale foliage 0913.
15:35:01 | INFO: Draco encoder: Encoding mesh Branch led scale foliage 0914.
15:35:01 | INFO: Draco encoder: Encoding mesh Branch led scale foliage 0915.
15:35:01 | INFO: Draco encoder: Encoding mesh Branch led scale foliage 0916.
15:35:01 | INFO: Draco encoder: Encoding mesh Branch led scale foliage 0917.
15:35:01 | INFO: Draco encoder: Encoding mesh Branch led scale foliage 0918.
15:35:01 | INFO: Draco encoder: Encoding mesh Branch led scale foliage 0919.
15:35:01 | INFO: Draco encoder: Encoding mesh Branch led scale foliage 0920.
15:35:01 | INFO: Draco encoder: Encoding mesh Branch led scale foliage 0921.
15:35:01 | INFO: Draco encoder: Encoding mesh Branch led scale foliage 0922.
15:35:01 | INFO: Draco encoder: Encoding mesh Branch led scale foliage 0923.
15:35:01 | INFO: Draco encoder: Encoding mesh Branch led scale foliage 0924.
15:35:01 | INFO: Draco encoder: Encoding mesh Branch led scale foliage 0925.
15:35:01 | INFO: Draco encoder: Encoding mesh Branch led scale foliage 0926.
15:35:01 | INFO: Draco encoder: Encoding mesh Branch led scale foliage 0927.
15:35:01 | INFO: Draco encoder: Encoding mesh Branch led scale foliage 0928.
15:35:01 | INFO: Draco encoder: Encoding mesh Branch led scale foliage 0929.
15:35:01 | INFO: Draco encoder: Encoding mesh Branch led scale foliage 0930.
15:35:01 | INFO: Draco encoder: Encoding mesh Branch led scale foliage 0931.
15:35:01 | INFO: Draco encoder: Encoding mesh Branch led scale foliage 0932.
15:35:01 | INFO: Draco encoder: Encoding mesh Branch led scale foliage 0933.
15:35:01 | INFO: Draco encoder: Encoding mesh Branch led scale foliage 0934.
15:35:01 | INFO: Draco encoder: Encoding mesh Branch led scale foliage 0935.
15:35:01 | INFO: Draco encoder: Encoding mesh Branch led scale foliage 0936.
15:35:01 | INFO: Draco encoder: Encoding mesh Branch led scale foliage 0937.
15:35:01 | INFO: Draco encoder: Encoding mesh Branch led scale foliage 0938.
15:35:01 | INFO: Draco encoder: Encoding mesh Branch led scale foliage 0939.
15:35:01 | INFO: Draco encoder: Encoding mesh Branch led scale foliage 0940.
15:35:01 | INFO: Draco encoder: Encoding mesh Branch led scale foliage 0941.
15:35:01 | INFO: Draco encoder: Encoding mesh Branch led scale foliage 0942.
15:35:01 | INFO: Draco encoder: Encoding mesh Branch led scale foliage 0943.
15:35:01 | INFO: Draco encoder: Encoding mesh Branch led scale foliage 0944.
15:35:01 | INFO: Draco encoder: Encoding mesh Branch led scale foliage 0945.
15:35:01 | INFO: Draco encoder: Encoding mesh Branch led scale foliage 0946.
15:35:01 | INFO: Draco encoder: Encoding mesh Branch led scale foliage 0947.
15:35:01 | INFO: Draco encoder: Encoding mesh Branch led scale foliage 0948.
15:35:01 | INFO: Draco encoder: Encoding mesh Branch led scale foliage 0949.
15:35:01 | INFO: Draco encoder: Encoding mesh Branch led scale foliage 0950.
15:35:01 | INFO: Draco encoder: Encoding mesh Branch led scale foliage 0951.
15:35:01 | INFO: Draco encoder: Encoding mesh Branch led scale foliage 0952.
15:35:01 | INFO: Draco encoder: Encoding mesh Branch led scale foliage 0953.
15:35:01 | INFO: Draco encoder: Encoding mesh Branch led scale foliage 0954.
15:35:01 | INFO: Draco encoder: Encoding mesh Branch led scale foliage 0955.
15:35:01 | INFO: Draco encoder: Encoding mesh Branch led scale foliage 0956.
15:35:01 | INFO: Draco encoder: Encoding mesh Branch led scale foliage 0957.
15:35:01 | INFO: Draco encoder: Encoding mesh Branch led scale foliage 0958.
15:35:01 | INFO: Draco encoder: Encoding mesh Branch led scale foliage 0959.
15:35:01 | INFO: Draco encoder: Encoding mesh Branch led scale foliage 0960.
15:35:01 | INFO: Draco encoder: Encoding mesh Branch led scale foliage 0961.
15:35:01 | INFO: Draco encoder: Encoding mesh Branch led scale foliage 0962.
15:35:01 | INFO: Draco encoder: Encoding mesh Branch led scale foliage 0963.
15:35:01 | INFO: Draco encoder: Encoding mesh Branch led scale foliage 0964.
15:35:01 | INFO: Draco encoder: Encoding mesh Branch led scale foliage 0965.
15:35:01 | INFO: Draco encoder: Encoding mesh Branch led scale foliage 0966.
15:35:01 | INFO: Draco encoder: Encoding mesh Branch led scale foliage 0967.
15:35:01 | INFO: Draco encoder: Encoding mesh Branch led scale foliage 0968.
15:35:01 | INFO: Draco encoder: Encoding mesh Branch led scale foliage 0969.
15:35:01 | INFO: Draco encoder: Encoding mesh Branch led scale foliage 0970.
15:35:01 | INFO: Draco encoder: Encoding mesh Branch led scale foliage 0971.
15:35:01 | INFO: Draco encoder: Encoding mesh Branch led scale foliage 0972.
15:35:01 | INFO: Draco encoder: Encoding mesh Branch led scale foliage 0973.
15:35:01 | INFO: Draco encoder: Encoding mesh Branch led scale foliage 0974.
15:35:01 | INFO: Draco encoder: Encoding mesh Branch led scale foliage 0975.
15:35:01 | INFO: Draco encoder: Encoding mesh Branch led scale foliage 0976.
15:35:01 | INFO: Draco encoder: Encoding mesh Branch led scale foliage 0977.
15:35:01 | INFO: Draco encoder: Encoding mesh Branch led scale foliage 0978.
15:35:01 | INFO: Draco encoder: Encoding mesh Branch led scale foliage 0979.
15:35:01 | INFO: Draco encoder: Encoding mesh Branch led scale foliage 0980.
15:35:01 | INFO: Draco encoder: Encoding mesh Branch led scale foliage 0981.
15:35:01 | INFO: Draco encoder: Encoding mesh Branch led scale foliage 0982.
15:35:01 | INFO: Draco encoder: Encoding mesh Branch led scale foliage 0983.
15:35:01 | INFO: Draco encoder: Encoding mesh Branch led scale foliage 0984.
15:35:01 | INFO: Draco encoder: Encoding mesh Branch led scale foliage 0985.
15:35:01 | INFO: Draco encoder: Encoding mesh Branch led scale foliage 0986.
15:35:01 | INFO: Draco encoder: Encoding mesh Branch led scale foliage 0987.
15:35:01 | INFO: Draco encoder: Encoding mesh Branch led scale foliage 0988.
15:35:01 | INFO: Draco encoder: Encoding mesh Branch led scale foliage 0989.
15:35:01 | INFO: Draco encoder: Encoding mesh Branch led scale foliage 0990.
15:35:01 | INFO: Draco encoder: Encoding mesh Branch led scale foliage 0991.
15:35:01 | INFO: Draco encoder: Encoding mesh Branch led scale foliage 0992.
15:35:01 | INFO: Draco encoder: Encoding mesh Branch led scale foliage 0993.
15:35:01 | INFO: Draco encoder: Encoding mesh Branch led scale foliage 0994.
15:35:01 | INFO: Draco encoder: Encoding mesh Branch led scale foliage 0995.
15:35:01 | INFO: Draco encoder: Encoding mesh Branch led scale foliage 0996.
15:35:01 | INFO: Draco encoder: Encoding mesh Branch led scale foliage 0997.
15:35:01 | INFO: Draco encoder: Encoding mesh Branch led scale foliage 0998.
15:35:01 | INFO: Draco encoder: Encoding mesh Branch led scale foliage 0999.
15:35:01 | INFO: Draco encoder: Encoding mesh Branch led scale foliage 1000.
15:35:01 | INFO: Draco encoder: Encoding mesh Branch led scale foliage 1001.
15:35:01 | INFO: Draco encoder: Encoding mesh Branch led scale foliage 1002.
15:35:01 | INFO: Draco encoder: Encoding mesh Branch led scale foliage 1003.
15:35:01 | INFO: Draco encoder: Encoding mesh Branch led scale foliage 1004.
15:35:01 | INFO: Draco encoder: Encoding mesh Branch led scale foliage 1005.
15:35:01 | INFO: Draco encoder: Encoding mesh Branch led scale foliage 1006.
15:35:01 | INFO: Draco encoder: Encoding mesh Branch led scale foliage 1007.
15:35:01 | INFO: Draco encoder: Encoding mesh Branch led scale foliage 1008.
15:35:01 | INFO: Draco encoder: Encoding mesh Branch led scale foliage 1009.
15:35:01 | INFO: Draco encoder: Encoding mesh Branch led scale foliage 1010.
15:35:01 | INFO: Draco encoder: Encoding mesh Branch led scale foliage 1011.
15:35:01 | INFO: Draco encoder: Encoding mesh Branch led scale foliage 1012.
15:35:01 | INFO: Draco encoder: Encoding mesh Branch led scale foliage 1013.
15:35:01 | INFO: Draco encoder: Encoding mesh Branch led scale foliage 1014.
15:35:01 | INFO: Draco encoder: Encoding mesh Branch led scale foliage 1015.
15:35:01 | INFO: Draco encoder: Encoding mesh Branch led scale foliage 1016.
15:35:01 | INFO: Draco encoder: Encoding mesh Branch led scale foliage 1017.
15:35:01 | INFO: Draco encoder: Encoding mesh Branch led scale foliage 1018.
15:35:01 | INFO: Draco encoder: Encoding mesh Branch led scale foliage 1019.
15:35:01 | INFO: Draco encoder: Encoding mesh Branch led scale foliage 1020.
15:35:01 | INFO: Draco encoder: Encoding mesh Branch led scale foliage 1021.
15:35:01 | INFO: Draco encoder: Encoding mesh Branch led scale foliage 1022.
15:35:01 | INFO: Draco encoder: Encoding mesh Branch led scale foliage 1023.
15:35:01 | INFO: Draco encoder: Encoding mesh Branch led scale foliage 1024.
15:35:01 | INFO: Draco encoder: Encoding mesh Branch led scale foliage 1025.
15:35:01 | INFO: Draco encoder: Encoding mesh Branch led scale foliage 1026.
15:35:01 | INFO: Draco encoder: Encoding mesh Branch led scale foliage 1027.
15:35:01 | INFO: Draco encoder: Encoding mesh Branch led scale foliage 1028.
15:35:01 | INFO: Draco encoder: Encoding mesh Branch led scale foliage 1029.
15:35:01 | INFO: Draco encoder: Encoding mesh Branch led scale foliage 1030.
15:35:01 | INFO: Draco encoder: Encoding mesh Branch led scale foliage 1031.
15:35:01 | INFO: Draco encoder: Encoding mesh Branch led scale foliage 1032.
15:35:01 | INFO: Draco encoder: Encoding mesh Branch led scale foliage 1033.
15:35:01 | INFO: Draco encoder: Encoding mesh Branch led scale foliage 1034.
15:35:01 | INFO: Draco encoder: Encoding mesh Branch led scale foliage 1035.
15:35:01 | INFO: Draco encoder: Encoding mesh Branch led scale foliage 1036.
15:35:01 | INFO: Draco encoder: Encoding mesh Branch led scale foliage 1037.
15:35:01 | INFO: Draco encoder: Encoding mesh Branch led scale foliage 1038.
15:35:01 | INFO: Draco encoder: Encoding mesh Branch led scale foliage 1039.
15:35:01 | INFO: Draco encoder: Encoding mesh Branch led scale foliage 1040.
15:35:01 | INFO: Draco encoder: Encoding mesh Branch led scale foliage 1041.
15:35:01 | INFO: Draco encoder: Encoding mesh Branch led scale foliage 1042.
15:35:01 | INFO: Draco encoder: Encoding mesh Branch led scale foliage 1043.
15:35:01 | INFO: Draco encoder: Encoding mesh Branch led scale foliage 1044.
15:35:01 | INFO: Draco encoder: Encoding mesh Branch led scale foliage 1045.
15:35:01 | INFO: Draco encoder: Encoding mesh Branch led scale foliage 1046.
15:35:01 | INFO: Draco encoder: Encoding mesh Branch led scale foliage 1047.
15:35:01 | INFO: Draco encoder: Encoding mesh Branch led scale foliage 1048.
15:35:01 | INFO: Draco encoder: Encoding mesh Branch led scale foliage 1049.
15:35:01 | INFO: Draco encoder: Encoding mesh Branch led scale foliage 1050.
15:35:01 | INFO: Draco encoder: Encoding mesh Branch led scale foliage 1051.
15:35:01 | INFO: Draco encoder: Encoding mesh Branch led scale foliage 1052.
15:35:01 | INFO: Draco encoder: Encoding mesh Branch led scale foliage 1053.
15:35:01 | INFO: Draco encoder: Encoding mesh Branch led scale foliage 1054.
15:35:01 | INFO: Draco encoder: Encoding mesh Branch led scale foliage 1055.
15:35:01 | INFO: Draco encoder: Encoding mesh Branch led scale foliage 1056.
15:35:01 | INFO: Draco encoder: Encoding mesh Branch led scale foliage 1057.
15:35:01 | INFO: Draco encoder: Encoding mesh Branch led scale foliage 1058.
15:35:01 | INFO: Draco encoder: Encoding mesh Branch led scale foliage 1059.
15:35:01 | INFO: Draco encoder: Encoding mesh Branch led scale foliage 1060.
15:35:01 | INFO: Draco encoder: Encoding mesh Branch led scale foliage 1061.
15:35:01 | INFO: Draco encoder: Encoding mesh Branch led scale foliage 1062.
15:35:01 | INFO: Draco encoder: Encoding mesh Branch led scale foliage 1063.
15:35:01 | INFO: Draco encoder: Encoding mesh Branch led scale foliage 1064.
15:35:01 | INFO: Draco encoder: Encoding mesh Branch led scale foliage 1065.
15:35:01 | INFO: Draco encoder: Encoding mesh Branch led scale foliage 1066.
15:35:01 | INFO: Draco encoder: Encoding mesh Branch led scale foliage 1067.
15:35:01 | INFO: Draco encoder: Encoding mesh Branch led scale foliage 1068.
15:35:01 | INFO: Draco encoder: Encoding mesh Branch led scale foliage 1069.
15:35:01 | INFO: Draco encoder: Encoding mesh Branch led scale foliage 1070.
15:35:01 | INFO: Draco encoder: Encoding mesh Branch led scale foliage 1071.
15:35:01 | INFO: Draco encoder: Encoding mesh Branch led scale foliage 1072.
15:35:01 | INFO: Draco encoder: Encoding mesh Branch led scale foliage 1073.
15:35:01 | INFO: Draco encoder: Encoding mesh Branch led scale foliage 1074.
15:35:01 | INFO: Draco encoder: Encoding mesh Branch led scale foliage 1075.
15:35:01 | INFO: Draco encoder: Encoding mesh Branch led scale foliage 1076.
15:35:01 | INFO: Draco encoder: Encoding mesh Branch led scale foliage 1077.
15:35:01 | INFO: Draco encoder: Encoding mesh Branch led scale foliage 1078.
15:35:01 | INFO: Draco encoder: Encoding mesh Branch led scale foliage 1079.
15:35:01 | INFO: Draco encoder: Encoding mesh Branch led scale foliage 1080.
15:35:01 | INFO: Draco encoder: Encoding mesh Branch led scale foliage 1081.
15:35:01 | INFO: Draco encoder: Encoding mesh Branch led scale foliage 1082.
15:35:01 | INFO: Draco encoder: Encoding mesh Branch led scale foliage 1083.
15:35:01 | INFO: Draco encoder: Encoding mesh Branch led scale foliage 1084.
15:35:01 | INFO: Draco encoder: Encoding mesh Branch led scale foliage 1085.
15:35:01 | INFO: Draco encoder: Encoding mesh Branch led scale foliage 1086.
15:35:01 | INFO: Draco encoder: Encoding mesh Branch led scale foliage 1087.
15:35:01 | INFO: Draco encoder: Encoding mesh Branch led scale foliage 1088.
15:35:01 | INFO: Draco encoder: Encoding mesh Branch led scale foliage 1089.
15:35:01 | INFO: Draco encoder: Encoding mesh Branch led scale foliage 1090.
15:35:01 | INFO: Draco encoder: Encoding mesh Branch led scale foliage 1091.
15:35:01 | INFO: Draco encoder: Encoding mesh Branch led scale foliage 1092.
15:35:01 | INFO: Draco encoder: Encoding mesh Branch led scale foliage 1093.
15:35:01 | INFO: Draco encoder: Encoding mesh Branch led scale foliage 1094.
15:35:01 | INFO: Draco encoder: Encoding mesh Branch led scale foliage 1095.
15:35:01 | INFO: Draco encoder: Encoding mesh Branch led scale foliage 1096.
15:35:01 | INFO: Draco encoder: Encoding mesh Branch led scale foliage 1097.
15:35:01 | INFO: Draco encoder: Encoding mesh Branch led scale foliage 1098.
15:35:01 | INFO: Draco encoder: Encoding mesh Branch led scale foliage 1099.
15:35:01 | INFO: Draco encoder: Encoding mesh Branch led scale foliage 1100.
15:35:01 | INFO: Draco encoder: Encoding mesh Branch led scale foliage 1101.
15:35:01 | INFO: Draco encoder: Encoding mesh Branch led scale foliage 1102.
15:35:01 | INFO: Draco encoder: Encoding mesh Branch led scale foliage 1103.
15:35:01 | INFO: Draco encoder: Encoding mesh Branch led scale foliage 1104.
15:35:01 | INFO: Draco encoder: Encoding mesh Branch led scale foliage 1105.
15:35:01 | INFO: Draco encoder: Encoding mesh Branch led scale foliage 1106.
15:35:01 | INFO: Draco encoder: Encoding mesh Branch led scale foliage 1107.
15:35:01 | INFO: Draco encoder: Encoding mesh Branch led scale foliage 1108.
15:35:01 | INFO: Draco encoder: Encoding mesh Branch led scale foliage 1109.
15:35:01 | INFO: Draco encoder: Encoding mesh Branch led scale foliage 1110.
15:35:01 | INFO: Draco encoder: Encoding mesh Branch led scale foliage 1111.
15:35:01 | INFO: Draco encoder: Encoding mesh Branch led scale foliage 1112.
15:35:01 | INFO: Draco encoder: Encoding mesh Branch led scale foliage 1113.
15:35:01 | INFO: Draco encoder: Encoding mesh Branch led scale foliage 1114.
15:35:01 | INFO: Draco encoder: Encoding mesh Branch led scale foliage 1115.
15:35:01 | INFO: Draco encoder: Encoding mesh Branch led scale foliage 1116.
15:35:01 | INFO: Draco encoder: Encoding mesh Branch led scale foliage 1117.
15:35:01 | INFO: Draco encoder: Encoding mesh Branch led scale foliage 1118.
15:35:01 | INFO: Draco encoder: Encoding mesh Branch led scale foliage 1119.
15:35:01 | INFO: Draco encoder: Encoding mesh Branch led scale foliage 1120.
15:35:01 | INFO: Draco encoder: Encoding mesh Branch led scale foliage 1121.
15:35:01 | INFO: Draco encoder: Encoding mesh Branch led scale foliage 1122.
15:35:01 | INFO: Draco encoder: Encoding mesh Branch led scale foliage 1123.
15:35:01 | INFO: Draco encoder: Encoding mesh Branch led scale foliage 1124.
15:35:01 | INFO: Draco encoder: Encoding mesh Branch led scale foliage 1125.
15:35:01 | INFO: Draco encoder: Encoding mesh Branch led scale foliage 1126.
15:35:01 | INFO: Draco encoder: Encoding mesh Branch led scale foliage 1127.
15:35:01 | INFO: Draco encoder: Encoding mesh Branch led scale foliage 1128.
15:35:01 | INFO: Draco encoder: Encoding mesh Branch led scale foliage 1129.
15:35:01 | INFO: Draco encoder: Encoding mesh Branch led scale foliage 1130.
15:35:01 | INFO: Draco encoder: Encoding mesh Branch led scale foliage 1131.
15:35:01 | INFO: Draco encoder: Encoding mesh Branch led scale foliage 1132.
15:35:01 | INFO: Draco encoder: Encoding mesh Branch led scale foliage 1133.
15:35:01 | INFO: Draco encoder: Encoding mesh Branch led scale foliage 1134.
15:35:01 | INFO: Draco encoder: Encoding mesh Branch led scale foliage 1135.
15:35:01 | INFO: Draco encoder: Encoding mesh Branch led scale foliage 1136.
15:35:01 | INFO: Draco encoder: Encoding mesh Branch led scale foliage 1137.
15:35:01 | INFO: Draco encoder: Encoding mesh Branch led scale foliage 1138.
15:35:01 | INFO: Draco encoder: Encoding mesh Branch led scale foliage 1139.
15:35:01 | INFO: Draco encoder: Encoding mesh Branch led scale foliage 1140.
15:35:01 | INFO: Draco encoder: Encoding mesh Branch led scale foliage 1141.
15:35:01 | INFO: Draco encoder: Encoding mesh Branch led scale foliage 1142.
15:35:01 | INFO: Draco encoder: Encoding mesh Branch led scale foliage 1143.
15:35:01 | INFO: Draco encoder: Encoding mesh Branch led scale foliage 1144.
15:35:01 | INFO: Draco encoder: Encoding mesh Branch led scale foliage 1145.
15:35:01 | INFO: Draco encoder: Encoding mesh Branch led scale foliage 1146.
15:35:01 | INFO: Draco encoder: Encoding mesh Branch led scale foliage 1147.
15:35:01 | INFO: Draco encoder: Encoding mesh Branch led scale foliage 1148.
15:35:01 | INFO: Draco encoder: Encoding mesh Branch led scale foliage 1149.
15:35:01 | INFO: Draco encoder: Encoding mesh Branch led scale foliage 1150.
15:35:01 | INFO: Draco encoder: Encoding mesh Branch led scale foliage 1151.
15:35:01 | INFO: Draco encoder: Encoding mesh Branch led scale foliage 1152.
15:35:01 | INFO: Draco encoder: Encoding mesh Branch led scale foliage 1153.
15:35:01 | INFO: Draco encoder: Encoding mesh Branch led scale foliage 1154.
15:35:01 | INFO: Draco encoder: Encoding mesh Branch led scale foliage 1155.
15:35:01 | INFO: Draco encoder: Encoding mesh Branch led scale foliage 1156.
15:35:01 | INFO: Draco encoder: Encoding mesh Branch led scale foliage 1157.
15:35:01 | INFO: Draco encoder: Encoding mesh Branch led scale foliage 1158.
15:35:01 | INFO: Draco encoder: Encoding mesh Branch led scale foliage 1159.
15:35:01 | INFO: Draco encoder: Encoding mesh Branch led scale foliage 1160.
15:35:01 | INFO: Draco encoder: Encoding mesh Branch led scale foliage 1161.
15:35:01 | INFO: Draco encoder: Encoding mesh Branch led scale foliage 1162.
15:35:01 | INFO: Draco encoder: Encoding mesh Branch led scale foliage 1163.
15:35:01 | INFO: Draco encoder: Encoding mesh Branch led scale foliage 1164.
15:35:01 | INFO: Draco encoder: Encoding mesh Branch led scale foliage 1165.
15:35:01 | INFO: Draco encoder: Encoding mesh Branch led scale foliage 1166.
15:35:01 | INFO: Draco encoder: Encoding mesh Branch led scale foliage 1167.
15:35:01 | INFO: Draco encoder: Encoding mesh Branch led scale foliage 1168.
15:35:01 | INFO: Draco encoder: Encoding mesh Branch led scale foliage 1169.
15:35:01 | INFO: Draco encoder: Encoding mesh Branch led scale foliage 1170.
15:35:01 | INFO: Draco encoder: Encoding mesh Branch led scale foliage 1171.
15:35:01 | INFO: Draco encoder: Encoding mesh Branch led scale foliage 1172.
15:35:01 | INFO: Draco encoder: Encoding mesh Branch led scale foliage 1173.
15:35:01 | INFO: Draco encoder: Encoding mesh Branch led scale foliage 1174.
15:35:01 | INFO: Draco encoder: Encoding mesh Branch led scale foliage 1175.
15:35:01 | INFO: Draco encoder: Encoding mesh Branch led scale foliage 1176.
15:35:01 | INFO: Draco encoder: Encoding mesh Branch led scale foliage 1177.
15:35:01 | INFO: Draco encoder: Encoding mesh Branch led scale foliage 1178.
15:35:01 | INFO: Draco encoder: Encoding mesh Branch led scale foliage 1179.
15:35:01 | INFO: Draco encoder: Encoding mesh Branch led scale foliage 1180.
15:35:01 | INFO: Draco encoder: Encoding mesh Branch led scale foliage 1181.
15:35:01 | INFO: Draco encoder: Encoding mesh Branch led scale foliage 1182.
15:35:01 | INFO: Draco encoder: Encoding mesh Branch led scale foliage 1183.
15:35:01 | INFO: Draco encoder: Encoding mesh Branch led scale foliage 1184.
15:35:01 | INFO: Draco encoder: Encoding mesh Branch led scale foliage 1185.
15:35:01 | INFO: Draco encoder: Encoding mesh Branch led scale foliage 1186.
15:35:01 | INFO: Draco encoder: Encoding mesh Branch led scale foliage 1187.
15:35:01 | INFO: Draco encoder: Encoding mesh Branch led scale foliage 1188.
15:35:01 | INFO: Draco encoder: Encoding mesh Branch led scale foliage 1189.
15:35:01 | INFO: Draco encoder: Encoding mesh Branch led scale foliage 1190.
15:35:01 | INFO: Draco encoder: Encoding mesh Branch led scale foliage 1191.
15:35:01 | INFO: Draco encoder: Encoding mesh Branch led scale foliage 1192.
15:35:01 | INFO: Draco encoder: Encoding mesh Branch led scale foliage 1193.
15:35:01 | INFO: Draco encoder: Encoding mesh Branch led scale foliage 1194.
15:35:01 | INFO: Draco encoder: Encoding mesh Branch led scale foliage 1195.
15:35:01 | INFO: Draco encoder: Encoding mesh Branch led scale foliage 1196.
15:35:01 | INFO: Draco encoder: Encoding mesh Branch led scale foliage 1197.
15:35:01 | INFO: Draco encoder: Encoding mesh Branch led scale foliage 1198.
15:35:01 | INFO: Draco encoder: Encoding mesh Branch led scale foliage 1199.
15:35:01 | INFO: Draco encoder: Encoding mesh Branch led scale foliage 1200.
15:35:01 | INFO: Draco encoder: Encoding mesh Branch led scale foliage 1201.
15:35:01 | INFO: Draco encoder: Encoding mesh Branch led scale foliage 1202.
15:35:01 | INFO: Draco encoder: Encoding mesh Branch led scale foliage 1203.
15:35:01 | INFO: Draco encoder: Encoding mesh Branch led scale foliage 1204.
15:35:01 | INFO: Draco encoder: Encoding mesh Branch led scale foliage 1205.
15:35:01 | INFO: Draco encoder: Encoding mesh Branch led scale foliage 1206.
15:35:01 | INFO: Draco encoder: Encoding mesh Branch led scale foliage 1207.
15:35:01 | INFO: Draco encoder: Encoding mesh Branch led scale foliage 1208.
15:35:01 | INFO: Draco encoder: Encoding mesh Branch led scale foliage 1209.
15:35:01 | INFO: Draco encoder: Encoding mesh Branch led scale foliage 1210.
15:35:01 | INFO: Draco encoder: Encoding mesh Branch led scale foliage 1211.
15:35:01 | INFO: Draco encoder: Encoding mesh Branch led scale foliage 1212.
15:35:01 | INFO: Draco encoder: Encoding mesh Branch led scale foliage 1213.
15:35:01 | INFO: Draco encoder: Encoding mesh Branch led scale foliage 1214.
15:35:01 | INFO: Draco encoder: Encoding mesh Branch led scale foliage 1215.
15:35:01 | INFO: Draco encoder: Encoding mesh Branch led scale foliage 1216.
15:35:01 | INFO: Draco encoder: Encoding mesh Branch led scale foliage 1217.
15:35:01 | INFO: Draco encoder: Encoding mesh Branch led scale foliage 1218.
15:35:01 | INFO: Draco encoder: Encoding mesh Branch led scale foliage 1219.
15:35:01 | INFO: Draco encoder: Encoding mesh Branch led scale foliage 1220.
15:35:01 | INFO: Draco encoder: Encoding mesh Branch led scale foliage 1221.
15:35:01 | INFO: Draco encoder: Encoding mesh Branch led scale foliage 1222.
15:35:01 | INFO: Draco encoder: Encoding mesh Branch led scale foliage 1223.
15:35:01 | INFO: Draco encoder: Encoding mesh Branch led scale foliage 1224.
15:35:01 | INFO: Draco encoder: Encoding mesh Branch led scale foliage 1225.
15:35:01 | INFO: Draco encoder: Encoding mesh Branch led scale foliage 1226.
15:35:01 | INFO: Draco encoder: Encoding mesh Branch led scale foliage 1227.
15:35:01 | INFO: Draco encoder: Encoding mesh Branch led scale foliage 1228.
15:35:01 | INFO: Draco encoder: Encoding mesh Branch led scale foliage 1229.
15:35:01 | INFO: Draco encoder: Encoding mesh Branch led scale foliage 1230.
15:35:01 | INFO: Draco encoder: Encoding mesh Branch led scale foliage 1231.
15:35:01 | INFO: Draco encoder: Encoding mesh Branch led scale foliage 1232.
15:35:01 | INFO: Draco encoder: Encoding mesh Branch led scale foliage 1233.
15:35:01 | INFO: Draco encoder: Encoding mesh Branch led scale foliage 1234.
15:35:01 | INFO: Draco encoder: Encoding mesh Branch led scale foliage 1235.
15:35:01 | INFO: Draco encoder: Encoding mesh Branch led scale foliage 1236.
15:35:01 | INFO: Draco encoder: Encoding mesh Branch led scale foliage 1237.
15:35:01 | INFO: Draco encoder: Encoding mesh Branch led scale foliage 1238.
15:35:01 | INFO: Draco encoder: Encoding mesh Branch led scale foliage 1239.
15:35:01 | INFO: Draco encoder: Encoding mesh Branch led scale foliage 1240.
15:35:01 | INFO: Draco encoder: Encoding mesh Branch led scale foliage 1241.
15:35:01 | INFO: Draco encoder: Encoding mesh Branch led scale foliage 1242.
15:35:01 | INFO: Draco encoder: Encoding mesh Branch led scale foliage 1243.
15:35:01 | INFO: Draco encoder: Encoding mesh Branch led scale foliage 1244.
15:35:01 | INFO: Draco encoder: Encoding mesh Branch led scale foliage 1245.
15:35:01 | INFO: Draco encoder: Encoding mesh Branch led scale foliage 1246.
15:35:01 | INFO: Draco encoder: Encoding mesh Branch led scale foliage 1247.
15:35:01 | INFO: Draco encoder: Encoding mesh Branch led scale foliage 1248.
15:35:01 | INFO: Draco encoder: Encoding mesh Branch led scale foliage 1249.
15:35:01 | INFO: Draco encoder: Encoding mesh Branch led scale foliage 1250.
15:35:01 | INFO: Draco encoder: Encoding mesh Branch led scale foliage 1251.
15:35:01 | INFO: Draco encoder: Encoding mesh Branch led scale foliage 1252.
15:35:01 | INFO: Draco encoder: Encoding mesh Branch led scale foliage 1253.
15:35:01 | INFO: Draco encoder: Encoding mesh Branch led scale foliage 1254.
15:35:01 | INFO: Draco encoder: Encoding mesh Branch led scale foliage 1255.
15:35:01 | INFO: Draco encoder: Encoding mesh Branch led scale foliage 1256.
15:35:01 | INFO: Draco encoder: Encoding mesh Branch led scale foliage 1257.
15:35:01 | INFO: Draco encoder: Encoding mesh Branch led scale foliage 1258.
15:35:01 | INFO: Draco encoder: Encoding mesh Branch led scale foliage 1259.
15:35:01 | INFO: Draco encoder: Encoding mesh Branch led scale foliage 1260.
15:35:01 | INFO: Draco encoder: Encoding mesh Branch led scale foliage 1261.
15:35:01 | INFO: Draco encoder: Encoding mesh Branch led scale foliage 1262.
15:35:01 | INFO: Draco encoder: Encoding mesh Branch led scale foliage 1263.
15:35:01 | INFO: Draco encoder: Encoding mesh Branch led scale foliage 1264.
15:35:01 | INFO: Draco encoder: Encoding mesh Branch led scale foliage 1265.
15:35:01 | INFO: Draco encoder: Encoding mesh Branch led scale foliage 1266.
15:35:01 | INFO: Draco encoder: Encoding mesh Branch led scale foliage 1267.
15:35:01 | INFO: Draco encoder: Encoding mesh Branch led scale foliage 1268.
15:35:01 | INFO: Draco encoder: Encoding mesh Branch led scale foliage 1269.
15:35:01 | INFO: Draco encoder: Encoding mesh Branch led scale foliage 1270.
15:35:01 | INFO: Draco encoder: Encoding mesh Branch led scale foliage 1271.
15:35:01 | INFO: Draco encoder: Encoding mesh Branch led scale foliage 1272.
15:35:01 | INFO: Draco encoder: Encoding mesh Branch led scale foliage 1273.
15:35:01 | INFO: Draco encoder: Encoding mesh Branch led scale foliage 1274.
15:35:01 | INFO: Draco encoder: Encoding mesh Branch led scale foliage 1275.
15:35:01 | INFO: Draco encoder: Encoding mesh Branch led scale foliage 1276.
15:35:01 | INFO: Draco encoder: Encoding mesh Branch led scale foliage 1277.
15:35:01 | INFO: Draco encoder: Encoding mesh Branch led scale foliage 1278.
15:35:01 | INFO: Draco encoder: Encoding mesh Branch led scale foliage 1279.
15:35:01 | INFO: Draco encoder: Encoding mesh Branch led scale foliage 1280.
15:35:01 | INFO: Draco encoder: Encoding mesh Branch led scale foliage 1281.
15:35:01 | INFO: Draco encoder: Encoding mesh Branch led scale foliage 1282.
15:35:01 | INFO: Draco encoder: Encoding mesh Branch led scale foliage 1283.
15:35:01 | INFO: Draco encoder: Encoding mesh Branch led scale foliage 1284.
15:35:01 | INFO: Draco encoder: Encoding mesh Branch led scale foliage 1285.
15:35:01 | INFO: Draco encoder: Encoding mesh Branch led scale foliage 1286.
15:35:01 | INFO: Draco encoder: Encoding mesh Branch led scale foliage 1287.
15:35:01 | INFO: Draco encoder: Encoding mesh Branch led scale foliage 1288.
15:35:01 | INFO: Draco encoder: Encoding mesh Branch led scale foliage 1289.
15:35:01 | INFO: Draco encoder: Encoding mesh Branch led scale foliage 1290.
15:35:01 | INFO: Draco encoder: Encoding mesh Branch led scale foliage 1291.
15:35:01 | INFO: Draco encoder: Encoding mesh Branch led scale foliage 1292.
15:35:01 | INFO: Draco encoder: Encoding mesh Branch led scale foliage 1293.
15:35:01 | INFO: Draco encoder: Encoding mesh Branch led scale foliage 1294.
15:35:01 | INFO: Draco encoder: Encoding mesh Branch led scale foliage 1295.
15:35:01 | INFO: Draco encoder: Encoding mesh Branch led scale foliage 1296.
15:35:01 | INFO: Draco encoder: Encoding mesh Branch led scale foliage 1297.
15:35:01 | INFO: Draco encoder: Encoding mesh Branch led scale foliage 1298.
15:35:01 | INFO: Draco encoder: Encoding mesh Branch led scale foliage 1299.
15:35:01 | INFO: Draco encoder: Encoding mesh Branch led scale foliage 1300.
15:35:01 | INFO: Draco encoder: Encoding mesh Branch led scale foliage 1301.
15:35:01 | INFO: Draco encoder: Encoding mesh Branch led scale foliage 1302.
15:35:01 | INFO: Draco encoder: Encoding mesh Branch led scale foliage 1303.
15:35:01 | INFO: Draco encoder: Encoding mesh Branch led scale foliage 1304.
15:35:01 | INFO: Draco encoder: Encoding mesh Branch led scale foliage 1305.
15:35:01 | INFO: Draco encoder: Encoding mesh Branch led scale foliage 1306.
15:35:01 | INFO: Draco encoder: Encoding mesh Branch led scale foliage 1307.
15:35:01 | INFO: Draco encoder: Encoding mesh Branch led scale foliage 1308.
15:35:01 | INFO: Draco encoder: Encoding mesh Branch led scale foliage 1309.
15:35:01 | INFO: Draco encoder: Encoding mesh Branch led scale foliage 1310.
15:35:01 | INFO: Draco encoder: Encoding mesh Branch led scale foliage 1311.
15:35:01 | INFO: Draco encoder: Encoding mesh Branch led scale foliage 1312.
15:35:01 | INFO: Draco encoder: Encoding mesh Branch led scale foliage 1313.
15:35:01 | INFO: Draco encoder: Encoding mesh Branch led scale foliage 1314.
15:35:01 | INFO: Draco encoder: Encoding mesh Branch led scale foliage 1315.
15:35:01 | INFO: Draco encoder: Encoding mesh Branch led scale foliage 1316.
15:35:01 | INFO: Draco encoder: Encoding mesh Branch led scale foliage 1317.
15:35:01 | INFO: Draco encoder: Encoding mesh Branch led scale foliage 1318.
15:35:01 | INFO: Draco encoder: Encoding mesh Branch led scale foliage 1319.
15:35:01 | INFO: Draco encoder: Encoding mesh Branch led scale foliage 1320.
15:35:01 | INFO: Draco encoder: Encoding mesh Branch led scale foliage 1321.
15:35:01 | INFO: Draco encoder: Encoding mesh Branch led scale foliage 1322.
15:35:01 | INFO: Draco encoder: Encoding mesh Branch led scale foliage 1323.
15:35:01 | INFO: Draco encoder: Encoding mesh Branch led scale foliage 1324.
15:35:01 | INFO: Draco encoder: Encoding mesh Branch led scale foliage 1325.
15:35:01 | INFO: Draco encoder: Encoding mesh Branch led scale foliage 1326.
15:35:01 | INFO: Draco encoder: Encoding mesh Branch led scale foliage 1327.
15:35:01 | INFO: Draco encoder: Encoding mesh Branch led scale foliage 1328.
15:35:01 | INFO: Draco encoder: Encoding mesh Branch led scale foliage 1329.
15:35:01 | INFO: Draco encoder: Encoding mesh Branch led scale foliage 1330.
15:35:01 | INFO: Draco encoder: Encoding mesh Branch led scale foliage 1331.
15:35:01 | INFO: Draco encoder: Encoding mesh Branch led scale foliage 1332.
15:35:01 | INFO: Draco encoder: Encoding mesh Branch led scale foliage 1333.
15:35:01 | INFO: Draco encoder: Encoding mesh Branch led scale foliage 1334.
15:35:01 | INFO: Draco encoder: Encoding mesh Branch led scale foliage 1335.
15:35:01 | INFO: Draco encoder: Encoding mesh Branch led scale foliage 1336.
15:35:01 | INFO: Draco encoder: Encoding mesh Branch led scale foliage 1337.
15:35:01 | INFO: Draco encoder: Encoding mesh Branch led scale foliage 1338.
15:35:01 | INFO: Draco encoder: Encoding mesh Branch led scale foliage 1339.
15:35:01 | INFO: Draco encoder: Encoding mesh Branch led scale foliage 1340.
15:35:01 | INFO: Draco encoder: Encoding mesh Branch led scale foliage 1341.
15:35:01 | INFO: Draco encoder: Encoding mesh Branch led scale foliage 1342.
15:35:01 | INFO: Draco encoder: Encoding mesh Branch led scale foliage 1343.
15:35:01 | INFO: Draco encoder: Encoding mesh Branch led scale foliage 1344.
15:35:01 | INFO: Draco encoder: Encoding mesh Branch led scale foliage 1345.
15:35:01 | INFO: Draco encoder: Encoding mesh Branch led scale foliage 1346.
15:35:01 | INFO: Draco encoder: Encoding mesh Branch led scale foliage 1347.
15:35:01 | INFO: Draco encoder: Encoding mesh Branch led scale foliage 1348.
15:35:01 | INFO: Draco encoder: Encoding mesh Branch led scale foliage 1349.
15:35:01 | INFO: Draco encoder: Encoding mesh Branch led scale foliage 1350.
15:35:01 | INFO: Draco encoder: Encoding mesh Branch led scale foliage 1351.
15:35:01 | INFO: Draco encoder: Encoding mesh Branch led scale foliage 1352.
15:35:01 | INFO: Draco encoder: Encoding mesh Branch led scale foliage 1353.
15:35:01 | INFO: Draco encoder: Encoding mesh Branch led scale foliage 1354.
15:35:01 | INFO: Draco encoder: Encoding mesh Branch led scale foliage 1355.
15:35:01 | INFO: Draco encoder: Encoding mesh Branch led scale foliage 1356.
15:35:01 | INFO: Draco encoder: Encoding mesh Branch led scale foliage 1357.
15:35:01 | INFO: Draco encoder: Encoding mesh Branch led scale foliage 1358.
15:35:01 | INFO: Draco encoder: Encoding mesh Branch led scale foliage 1359.
15:35:01 | INFO: Draco encoder: Encoding mesh Branch led scale foliage 1360.
15:35:01 | INFO: Draco encoder: Encoding mesh Branch led scale foliage 1361.
15:35:01 | INFO: Draco encoder: Encoding mesh Branch led scale foliage 1362.
15:35:01 | INFO: Draco encoder: Encoding mesh Branch led scale foliage 1363.
15:35:01 | INFO: Draco encoder: Encoding mesh Branch led scale foliage 1364.
15:35:01 | INFO: Draco encoder: Encoding mesh Branch led scale foliage 1365.
15:35:01 | INFO: Draco encoder: Encoding mesh Branch led scale foliage 1366.
15:35:01 | INFO: Draco encoder: Encoding mesh Branch led scale foliage 1367.
15:35:01 | INFO: Draco encoder: Encoding mesh Branch led scale foliage 1368.
15:35:01 | INFO: Draco encoder: Encoding mesh Branch led scale foliage 1369.
15:35:01 | INFO: Draco encoder: Encoding mesh Branch led scale foliage 1370.
15:35:01 | INFO: Draco encoder: Encoding mesh Branch led scale foliage 1371.
15:35:01 | INFO: Draco encoder: Encoding mesh Branch led scale foliage 1372.
15:35:01 | INFO: Draco encoder: Encoding mesh Branch led scale foliage 1373.
15:35:01 | INFO: Draco encoder: Encoding mesh Branch led scale foliage 1374.
15:35:01 | INFO: Draco encoder: Encoding mesh Branch led scale foliage 1375.
15:35:01 | INFO: Draco encoder: Encoding mesh Branch led scale foliage 1376.
15:35:01 | INFO: Draco encoder: Encoding mesh Branch led scale foliage 1377.
15:35:01 | INFO: Draco encoder: Encoding mesh Branch led scale foliage 1378.
15:35:01 | INFO: Draco encoder: Encoding mesh Branch led scale foliage 1379.
15:35:01 | INFO: Draco encoder: Encoding mesh Branch led scale foliage 1380.
15:35:01 | INFO: Draco encoder: Encoding mesh Branch led scale foliage 1381.
15:35:01 | INFO: Draco encoder: Encoding mesh Branch led scale foliage 1382.
15:35:01 | INFO: Draco encoder: Encoding mesh Branch led scale foliage 1383.
15:35:01 | INFO: Draco encoder: Encoding mesh Branch led scale foliage 1384.
15:35:01 | INFO: Draco encoder: Encoding mesh Branch led scale foliage 1385.
15:35:01 | INFO: Draco encoder: Encoding mesh Branch led scale foliage 1386.
15:35:01 | INFO: Draco encoder: Encoding mesh Branch led scale foliage 1387.
15:35:01 | INFO: Draco encoder: Encoding mesh Branch led scale foliage 1388.
15:35:01 | INFO: Draco encoder: Encoding mesh Branch led scale foliage 1389.
15:35:01 | INFO: Draco encoder: Encoding mesh Branch led scale foliage 1390.
15:35:01 | INFO: Draco encoder: Encoding mesh Branch led scale foliage 1391.
15:35:01 | INFO: Draco encoder: Encoding mesh Branch led scale foliage 1392.
15:35:01 | INFO: Draco encoder: Encoding mesh Branch led scale foliage 1393.
15:35:01 | INFO: Draco encoder: Encoding mesh Branch led scale foliage 1394.
15:35:01 | INFO: Draco encoder: Encoding mesh Branch led scale foliage 1395.
15:35:01 | INFO: Draco encoder: Encoding mesh Branch led scale foliage 1396.
15:35:01 | INFO: Draco encoder: Encoding mesh Branch led scale foliage 1397.
15:35:01 | INFO: Draco encoder: Encoding mesh Branch led scale foliage 1398.
15:35:01 | INFO: Draco encoder: Encoding mesh Branch led scale foliage 1399.
15:35:01 | INFO: Draco encoder: Encoding mesh Branch led scale foliage 1400.
15:35:01 | INFO: Draco encoder: Encoding mesh Branch led scale foliage 1401.
15:35:01 | INFO: Draco encoder: Encoding mesh Branch led scale foliage 1402.
15:35:01 | INFO: Draco encoder: Encoding mesh Branch led scale foliage 1403.
15:35:01 | INFO: Draco encoder: Encoding mesh Branch led scale foliage 1404.
15:35:01 | INFO: Draco encoder: Encoding mesh Branch led scale foliage 1405.
15:35:01 | INFO: Draco encoder: Encoding mesh Branch led scale foliage 1406.
15:35:01 | INFO: Draco encoder: Encoding mesh Branch led scale foliage 1407.
15:35:01 | INFO: Draco encoder: Encoding mesh Branch led scale foliage 1408.
15:35:01 | INFO: Draco encoder: Encoding mesh Branch led scale foliage 1409.
15:35:01 | INFO: Draco encoder: Encoding mesh Branch led scale foliage 1410.
15:35:01 | INFO: Draco encoder: Encoding mesh Branch led scale foliage 1411.
15:35:01 | INFO: Draco encoder: Encoding mesh Branch led scale foliage 1412.
15:35:01 | INFO: Draco encoder: Encoding mesh Branch led scale foliage 1413.
15:35:01 | INFO: Draco encoder: Encoding mesh Branch led scale foliage 1414.
15:35:01 | INFO: Draco encoder: Encoding mesh Branch led scale foliage 1415.
15:35:01 | INFO: Draco encoder: Encoding mesh Branch led scale foliage 1416.
15:35:01 | INFO: Draco encoder: Encoding mesh Branch led scale foliage 1417.
15:35:01 | INFO: Draco encoder: Encoding mesh Branch led scale foliage 1418.
15:35:01 | INFO: Draco encoder: Encoding mesh Branch led scale foliage 1419.
15:35:01 | INFO: Draco encoder: Encoding mesh Branch led scale foliage 1420.
15:35:01 | INFO: Draco encoder: Encoding mesh Branch led scale foliage 1421.
15:35:01 | INFO: Draco encoder: Encoding mesh Branch led scale foliage 1422.
15:35:01 | INFO: Draco encoder: Encoding mesh Branch led scale foliage 1423.
15:35:01 | INFO: Draco encoder: Encoding mesh Branch led scale foliage 1424.
15:35:01 | INFO: Draco encoder: Encoding mesh Branch led scale foliage 1425.
15:35:01 | INFO: Draco encoder: Encoding mesh Branch led scale foliage 1426.
15:35:01 | INFO: Draco encoder: Encoding mesh Branch led scale foliage 1427.
15:35:01 | INFO: Draco encoder: Encoding mesh Branch led scale foliage 1428.
15:35:01 | INFO: Draco encoder: Encoding mesh Branch led scale foliage 1429.
15:35:01 | INFO: Draco encoder: Encoding mesh Branch led scale foliage 1430.
15:35:01 | INFO: Draco encoder: Encoding mesh Branch led scale foliage 1431.
15:35:01 | INFO: Draco encoder: Encoding mesh Branch led scale foliage 1432.
15:35:01 | INFO: Draco encoder: Encoding mesh Branch led scale foliage 1433.
15:35:01 | INFO: Draco encoder: Encoding mesh Branch led scale foliage 1434.
15:35:01 | INFO: Draco encoder: Encoding mesh Branch led scale foliage 1435.
15:35:01 | INFO: Draco encoder: Encoding mesh Branch led scale foliage 1436.
15:35:01 | INFO: Draco encoder: Encoding mesh Branch led scale foliage 1437.
15:35:01 | INFO: Draco encoder: Encoding mesh Branch led scale foliage 1438.
15:35:01 | INFO: Draco encoder: Encoding mesh Branch led scale foliage 1439.
15:35:01 | INFO: Draco encoder: Encoding mesh Branch led scale foliage 1440.
15:35:01 | INFO: Draco encoder: Encoding mesh Branch led scale foliage 1441.
15:35:01 | INFO: Draco encoder: Encoding mesh Branch led scale foliage 1442.
15:35:01 | INFO: Draco encoder: Encoding mesh Branch led scale foliage 1443.
15:35:01 | INFO: Draco encoder: Encoding mesh Branch led scale foliage 1444.
15:35:01 | INFO: Draco encoder: Encoding mesh Branch led scale foliage 1445.
15:35:01 | INFO: Draco encoder: Encoding mesh Branch led scale foliage 1446.
15:35:01 | INFO: Draco encoder: Encoding mesh Branch led scale foliage 1447.
15:35:01 | INFO: Draco encoder: Encoding mesh Branch led scale foliage 1448.
15:35:01 | INFO: Draco encoder: Encoding mesh Branch led scale foliage 1449.
15:35:01 | INFO: Draco encoder: Encoding mesh Branch led scale foliage 1450.
15:35:01 | INFO: Draco encoder: Encoding mesh Branch led scale foliage 1451.
15:35:01 | INFO: Draco encoder: Encoding mesh Branch led scale foliage 1452.
15:35:01 | INFO: Draco encoder: Encoding mesh Branch led scale foliage 1453.
15:35:01 | INFO: Draco encoder: Encoding mesh Branch led scale foliage 1454.
15:35:01 | INFO: Draco encoder: Encoding mesh Branch led scale foliage 1455.
15:35:01 | INFO: Draco encoder: Encoding mesh Branch led scale foliage 1456.
15:35:01 | INFO: Draco encoder: Encoding mesh Branch led scale foliage 1457.
15:35:01 | INFO: Draco encoder: Encoding mesh Branch led scale foliage 1458.
15:35:01 | INFO: Draco encoder: Encoding mesh Branch led scale foliage 1459.
15:35:01 | INFO: Draco encoder: Encoding mesh Branch led scale foliage 1460.
15:35:01 | INFO: Draco encoder: Encoding mesh Branch led scale foliage 1461.
15:35:01 | INFO: Draco encoder: Encoding mesh Branch led scale foliage 1462.
15:35:01 | INFO: Draco encoder: Encoding mesh Branch led scale foliage 1463.
15:35:01 | INFO: Draco encoder: Encoding mesh Branch led scale foliage 1464.
15:35:01 | INFO: Draco encoder: Encoding mesh Branch led scale foliage 1465.
15:35:01 | INFO: Draco encoder: Encoding mesh Branch led scale foliage 1466.
15:35:01 | INFO: Draco encoder: Encoding mesh Branch led scale foliage 1467.
15:35:01 | INFO: Draco encoder: Encoding mesh Branch led scale foliage 1468.
15:35:01 | INFO: Draco encoder: Encoding mesh Branch led scale foliage 1469.
15:35:01 | INFO: Draco encoder: Encoding mesh Branch led scale foliage 1470.
15:35:01 | INFO: Draco encoder: Encoding mesh Branch led scale foliage 1471.
15:35:01 | INFO: Draco encoder: Encoding mesh Branch led scale foliage 1472.
15:35:01 | INFO: Draco encoder: Encoding mesh Branch led scale foliage 1473.
15:35:01 | INFO: Draco encoder: Encoding mesh Branch led scale foliage 1474.
15:35:01 | INFO: Draco encoder: Encoding mesh Branch led scale foliage 1475.
15:35:01 | INFO: Draco encoder: Encoding mesh Branch led scale foliage 1476.
15:35:01 | INFO: Draco encoder: Encoding mesh Branch led scale foliage 1477.
15:35:01 | INFO: Draco encoder: Encoding mesh Branch led scale foliage 1478.
15:35:01 | INFO: Draco encoder: Encoding mesh Branch led scale foliage 1479.
15:35:01 | INFO: Draco encoder: Encoding mesh Branch led scale foliage 1480.
15:35:01 | INFO: Draco encoder: Encoding mesh Branch led scale foliage 1481.
15:35:01 | INFO: Draco encoder: Encoding mesh Branch led scale foliage 1482.
15:35:01 | INFO: Draco encoder: Encoding mesh Branch led scale foliage 1483.
15:35:01 | INFO: Draco encoder: Encoding mesh Branch led scale foliage 1484.
15:35:01 | INFO: Draco encoder: Encoding mesh Branch led scale foliage 1485.
15:35:01 | INFO: Draco encoder: Encoding mesh Branch led scale foliage 1486.
15:35:01 | INFO: Draco encoder: Encoding mesh Branch led scale foliage 1487.
15:35:01 | INFO: Draco encoder: Encoding mesh Branch led scale foliage 1488.
15:35:01 | INFO: Draco encoder: Encoding mesh Branch led scale foliage 1489.
15:35:01 | INFO: Draco encoder: Encoding mesh Branch led scale foliage 1490.
15:35:01 | INFO: Draco encoder: Encoding mesh Branch led scale foliage 1491.
15:35:01 | INFO: Draco encoder: Encoding mesh Branch led scale foliage 1492.
15:35:01 | INFO: Draco encoder: Encoding mesh Branch led scale foliage 1493.
15:35:01 | INFO: Draco encoder: Encoding mesh Branch led scale foliage 1494.
15:35:01 | INFO: Draco encoder: Encoding mesh Branch led scale foliage 1495.
15:35:01 | INFO: Draco encoder: Encoding mesh Branch led scale foliage 1496.
15:35:01 | INFO: Draco encoder: Encoding mesh Branch led scale foliage 1497.
15:35:01 | INFO: Draco encoder: Encoding mesh Branch led scale foliage 1498.
15:35:01 | INFO: Draco encoder: Encoding mesh Branch led scale foliage 1499.
15:35:01 | INFO: Draco encoder: Encoding mesh Branch led scale foliage 1500.
15:35:01 | INFO: Draco encoder: Encoding mesh Branch led scale foliage 1501.
15:35:01 | INFO: Draco encoder: Encoding mesh Branch led scale foliage 1502.
15:35:01 | INFO: Draco encoder: Encoding mesh Branch led scale foliage 1503.
15:35:01 | INFO: Draco encoder: Encoding mesh Branch led scale foliage 1504.
15:35:01 | INFO: Draco encoder: Encoding mesh Branch led scale foliage 1505.
15:35:01 | INFO: Draco encoder: Encoding mesh Branch led scale foliage 1506.
15:35:01 | INFO: Draco encoder: Encoding mesh Branch led scale foliage 1507.
15:35:01 | INFO: Draco encoder: Encoding mesh Branch led scale foliage 1508.
15:35:01 | INFO: Draco encoder: Encoding mesh Branch led scale foliage 1509.
15:35:01 | INFO: Draco encoder: Encoding mesh Branch led scale foliage 1510.
15:35:01 | INFO: Draco encoder: Encoding mesh Branch led scale foliage 1511.
15:35:01 | INFO: Draco encoder: Encoding mesh Branch led scale foliage 1512.
15:35:01 | INFO: Draco encoder: Encoding mesh Branch led scale foliage 1513.
15:35:01 | INFO: Draco encoder: Encoding mesh Branch led scale foliage 1514.
15:35:01 | INFO: Draco encoder: Encoding mesh Branch led scale foliage 1515.
15:35:01 | INFO: Draco encoder: Encoding mesh Branch led scale foliage 1516.
15:35:01 | INFO: Draco encoder: Encoding mesh Branch led scale foliage 1517.
15:35:01 | INFO: Draco encoder: Encoding mesh Branch led scale foliage 1518.
15:35:01 | INFO: Draco encoder: Encoding mesh Branch led scale foliage 1519.
15:35:01 | INFO: Draco encoder: Encoding mesh Branch led scale foliage 1520.
15:35:01 | INFO: Draco encoder: Encoding mesh Branch led scale foliage 1521.
15:35:01 | INFO: Draco encoder: Encoding mesh Branch led scale foliage 1522.
15:35:01 | INFO: Draco encoder: Encoding mesh Branch led scale foliage 1523.
15:35:01 | INFO: Draco encoder: Encoding mesh Branch led scale foliage 1524.
15:35:01 | INFO: Draco encoder: Encoding mesh Branch led scale foliage 1525.
15:35:01 | INFO: Draco encoder: Encoding mesh Branch led scale foliage 1526.
15:35:01 | INFO: Draco encoder: Encoding mesh Branch led scale foliage 1527.
15:35:01 | INFO: Draco encoder: Encoding mesh Branch led scale foliage 1528.
15:35:01 | INFO: Draco encoder: Encoding mesh Branch led scale foliage 1529.
15:35:01 | INFO: Draco encoder: Encoding mesh Branch led scale foliage 1530.
15:35:01 | INFO: Draco encoder: Encoding mesh Branch led scale foliage 1531.
15:35:01 | INFO: Draco encoder: Encoding mesh Branch led scale foliage 1532.
15:35:01 | INFO: Draco encoder: Encoding mesh Branch led scale foliage 1533.
15:35:01 | INFO: Draco encoder: Encoding mesh Branch led scale foliage 1534.
15:35:01 | INFO: Draco encoder: Encoding mesh Branch led scale foliage 1535.
15:35:01 | INFO: Draco encoder: Encoding mesh Branch led scale foliage 1536.
15:35:01 | INFO: Draco encoder: Encoding mesh Branch led scale foliage 1537.
15:35:01 | INFO: Draco encoder: Encoding mesh Branch led scale foliage 1538.
15:35:01 | INFO: Draco encoder: Encoding mesh Branch led scale foliage 1539.
15:35:01 | INFO: Draco encoder: Encoding mesh Branch led scale foliage 1540.
15:35:01 | INFO: Draco encoder: Encoding mesh Branch led scale foliage 1541.
15:35:01 | INFO: Draco encoder: Encoding mesh Branch led scale foliage 1542.
15:35:01 | INFO: Draco encoder: Encoding mesh Branch led scale foliage 1543.
15:35:01 | INFO: Draco encoder: Encoding mesh Branch led scale foliage 1544.
15:35:01 | INFO: Draco encoder: Encoding mesh Branch led scale foliage 1545.
15:35:01 | INFO: Draco encoder: Encoding mesh Branch led scale foliage 1546.
15:35:01 | INFO: Draco encoder: Encoding mesh Branch led scale foliage 1547.
15:35:01 | INFO: Draco encoder: Encoding mesh Branch led scale foliage 1548.
15:35:01 | INFO: Draco encoder: Encoding mesh Branch led scale foliage 1549.
15:35:01 | INFO: Draco encoder: Encoding mesh Branch led scale foliage 1550.
15:35:01 | INFO: Draco encoder: Encoding mesh Branch led scale foliage 1551.
15:35:01 | INFO: Draco encoder: Encoding mesh Branch led scale foliage 1552.
15:35:01 | INFO: Draco encoder: Encoding mesh Branch led scale foliage 1553.
15:35:01 | INFO: Draco encoder: Encoding mesh Branch led scale foliage 1554.
15:35:01 | INFO: Draco encoder: Encoding mesh Branch led scale foliage 1555.
15:35:01 | INFO: Draco encoder: Encoding mesh Branch led scale foliage 1556.
15:35:01 | INFO: Draco encoder: Encoding mesh Branch led scale foliage 1557.
15:35:01 | INFO: Draco encoder: Encoding mesh Branch led scale foliage 1558.
15:35:01 | INFO: Draco encoder: Encoding mesh Branch led scale foliage 1559.
15:35:01 | INFO: Draco encoder: Encoding mesh Branch led scale foliage 1560.
15:35:01 | INFO: Draco encoder: Encoding mesh Branch led scale foliage 1561.
15:35:01 | INFO: Draco encoder: Encoding mesh Branch led scale foliage 1562.
15:35:01 | INFO: Draco encoder: Encoding mesh Branch led scale foliage 1563.
15:35:01 | INFO: Draco encoder: Encoding mesh Branch led scale foliage 1564.
15:35:01 | INFO: Draco encoder: Encoding mesh Branch led scale foliage 1565.
15:35:01 | INFO: Draco encoder: Encoding mesh Branch led scale foliage 1566.
15:35:01 | INFO: Draco encoder: Encoding mesh Branch led scale foliage 1567.
15:35:01 | INFO: Draco encoder: Encoding mesh Branch led scale foliage 1568.
15:35:01 | INFO: Draco encoder: Encoding mesh Branch led scale foliage 1569.
15:35:01 | INFO: Draco encoder: Encoding mesh Branch led scale foliage 1570.
15:35:01 | INFO: Draco encoder: Encoding mesh Branch led scale foliage 1571.
15:35:01 | INFO: Draco encoder: Encoding mesh Branch led scale foliage 1572.
15:35:01 | INFO: Draco encoder: Encoding mesh Branch led scale foliage 1573.
15:35:01 | INFO: Draco encoder: Encoding mesh Branch led scale foliage 1574.
15:35:01 | INFO: Draco encoder: Encoding mesh Branch led scale foliage 1575.
15:35:01 | INFO: Draco encoder: Encoding mesh Branch led scale foliage 1576.
15:35:01 | INFO: Draco encoder: Encoding mesh Branch led scale foliage 1577.
15:35:01 | INFO: Draco encoder: Encoding mesh Branch led scale foliage 1578.
15:35:01 | INFO: Draco encoder: Encoding mesh Branch led scale foliage 1579.
15:35:01 | INFO: Draco encoder: Encoding mesh Branch led scale foliage 1580.
15:35:01 | INFO: Draco encoder: Encoding mesh Branch led scale foliage 1581.
15:35:01 | INFO: Draco encoder: Encoding mesh Branch led scale foliage 1582.
15:35:01 | INFO: Draco encoder: Encoding mesh Branch led scale foliage 1583.
15:35:01 | INFO: Draco encoder: Encoding mesh Branch led scale foliage 1584.
15:35:01 | INFO: Draco encoder: Encoding mesh Branch led scale foliage 1585.
15:35:01 | INFO: Draco encoder: Encoding mesh Branch led scale foliage 1586.
15:35:01 | INFO: Draco encoder: Encoding mesh Branch led scale foliage 1587.
15:35:01 | INFO: Draco encoder: Encoding mesh Branch led scale foliage 1588.
15:35:01 | INFO: Draco encoder: Encoding mesh Branch led scale foliage 1589.
15:35:01 | INFO: Draco encoder: Encoding mesh Branch led scale foliage 1590.
15:35:01 | INFO: Draco encoder: Encoding mesh Branch led scale foliage 1591.
15:35:01 | INFO: Draco encoder: Encoding mesh Branch led scale foliage 1592.
15:35:01 | INFO: Draco encoder: Encoding mesh Branch led scale foliage 1593.
15:35:01 | INFO: Draco encoder: Encoding mesh Branch led scale foliage 1594.
15:35:01 | INFO: Draco encoder: Encoding mesh Branch led scale foliage 1595.
15:35:01 | INFO: Draco encoder: Encoding mesh Branch led scale foliage 1596.
15:35:01 | INFO: Draco encoder: Encoding mesh Branch led scale foliage 1597.
15:35:01 | INFO: Draco encoder: Encoding mesh Branch led scale foliage 1598.
15:35:01 | INFO: Draco encoder: Encoding mesh Branch led scale foliage 1599.
15:35:01 | INFO: Draco encoder: Encoding mesh Branch led scale foliage 1600.
15:35:01 | INFO: Draco encoder: Encoding mesh Branch led scale foliage 1601.
15:35:01 | INFO: Draco encoder: Encoding mesh Branch led scale foliage 1602.
15:35:01 | INFO: Draco encoder: Encoding mesh Branch led scale foliage 1603.
15:35:01 | INFO: Draco encoder: Encoding mesh Branch led scale foliage 1604.
15:35:01 | INFO: Draco encoder: Encoding mesh Branch led scale foliage 1605.
15:35:01 | INFO: Draco encoder: Encoding mesh Branch led scale foliage 1606.
15:35:01 | INFO: Draco encoder: Encoding mesh Branch led scale foliage 1607.
15:35:01 | INFO: Draco encoder: Encoding mesh Branch led scale foliage 1608.
15:35:01 | INFO: Draco encoder: Encoding mesh Branch led scale foliage 1609.
15:35:01 | INFO: Draco encoder: Encoding mesh Branch led scale foliage 1610.
15:35:01 | INFO: Draco encoder: Encoding mesh Branch led scale foliage 1611.
15:35:01 | INFO: Draco encoder: Encoding mesh Branch led scale foliage 1612.
15:35:01 | INFO: Draco encoder: Encoding mesh Branch led scale foliage 1613.
15:35:01 | INFO: Draco encoder: Encoding mesh Branch led scale foliage 1614.
15:35:01 | INFO: Draco encoder: Encoding mesh Branch led scale foliage 1615.
15:35:01 | INFO: Draco encoder: Encoding mesh Branch led scale foliage 1616.
15:35:01 | INFO: Draco encoder: Encoding mesh Branch led scale foliage 1617.
15:35:01 | INFO: Draco encoder: Encoding mesh Branch led scale foliage 1618.
15:35:01 | INFO: Draco encoder: Encoding mesh Branch led scale foliage 1619.
15:35:01 | INFO: Draco encoder: Encoding mesh Branch led scale foliage 1620.
15:35:01 | INFO: Draco encoder: Encoding mesh Branch led scale foliage 1621.
15:35:01 | INFO: Draco encoder: Encoding mesh Branch led scale foliage 1622.
15:35:01 | INFO: Draco encoder: Encoding mesh Branch led scale foliage 1623.
15:35:01 | INFO: Draco encoder: Encoding mesh Branch led scale foliage 1624.
15:35:01 | INFO: Draco encoder: Encoding mesh Branch led scale foliage 1625.
15:35:01 | INFO: Draco encoder: Encoding mesh Branch led scale foliage 1626.
15:35:01 | INFO: Draco encoder: Encoding mesh Branch led scale foliage 1627.
15:35:01 | INFO: Draco encoder: Encoding mesh Branch led scale foliage 1628.
15:35:01 | INFO: Draco encoder: Encoding mesh Branch led scale foliage 1629.
15:35:01 | INFO: Draco encoder: Encoding mesh Branch led scale foliage 1630.
15:35:01 | INFO: Draco encoder: Encoding mesh Branch led scale foliage 1631.
15:35:01 | INFO: Draco encoder: Encoding mesh Branch led scale foliage 1632.
15:35:01 | INFO: Draco encoder: Encoding mesh Branch led scale foliage 1633.
15:35:01 | INFO: Draco encoder: Encoding mesh Branch led scale foliage 1634.
15:35:01 | INFO: Draco encoder: Encoding mesh Branch led scale foliage 1635.
15:35:01 | INFO: Draco encoder: Encoding mesh Branch led scale foliage 1636.
15:35:01 | INFO: Draco encoder: Encoding mesh Branch led scale foliage 1637.
15:35:01 | INFO: Draco encoder: Encoding mesh Branch led scale foliage 1638.
15:35:01 | INFO: Draco encoder: Encoding mesh Branch led scale foliage 1639.
15:35:01 | INFO: Draco encoder: Encoding mesh Branch led scale foliage 1640.
15:35:01 | INFO: Draco encoder: Encoding mesh Branch led scale foliage 1641.
15:35:01 | INFO: Draco encoder: Encoding mesh Branch led scale foliage 1642.
15:35:01 | INFO: Draco encoder: Encoding mesh Branch led scale foliage 1643.
15:35:01 | INFO: Draco encoder: Encoding mesh Branch led scale foliage 1644.
15:35:01 | INFO: Draco encoder: Encoding mesh Branch led scale foliage 1645.
15:35:01 | INFO: Draco encoder: Encoding mesh Branch led scale foliage 1646.
15:35:01 | INFO: Draco encoder: Encoding mesh Branch led scale foliage 1647.
15:35:01 | INFO: Draco encoder: Encoding mesh Branch led scale foliage 1648.
15:35:01 | INFO: Draco encoder: Encoding mesh Branch led scale foliage 1649.
15:35:01 | INFO: Draco encoder: Encoding mesh Branch led scale foliage 1650.
15:35:01 | INFO: Draco encoder: Encoding mesh Branch led scale foliage 1651.
15:35:01 | INFO: Draco encoder: Encoding mesh Branch led scale foliage 1652.
15:35:01 | INFO: Draco encoder: Encoding mesh Branch led scale foliage 1653.
15:35:01 | INFO: Draco encoder: Encoding mesh Branch led scale foliage 1654.
15:35:01 | INFO: Draco encoder: Encoding mesh Branch led scale foliage 1655.
15:35:01 | INFO: Draco encoder: Encoding mesh Branch led scale foliage 1656.
15:35:01 | INFO: Draco encoder: Encoding mesh Branch led scale foliage 1657.
15:35:01 | INFO: Draco encoder: Encoding mesh Branch led scale foliage 1658.
15:35:01 | INFO: Draco encoder: Encoding mesh Branch led scale foliage 1659.
15:35:01 | INFO: Draco encoder: Encoding mesh Branch led scale foliage 1660.
15:35:01 | INFO: Draco encoder: Encoding mesh Branch led scale foliage 1661.
15:35:01 | INFO: Draco encoder: Encoding mesh Branch led scale foliage 1662.
15:35:01 | INFO: Draco encoder: Encoding mesh Branch led scale foliage 1663.
15:35:01 | INFO: Draco encoder: Encoding mesh Branch led scale foliage 1664.
15:35:01 | INFO: Draco encoder: Encoding mesh Branch led scale foliage 1665.
15:35:01 | INFO: Draco encoder: Encoding mesh Branch led scale foliage 1666.
15:35:01 | INFO: Draco encoder: Encoding mesh Branch led scale foliage 1667.
15:35:01 | INFO: Draco encoder: Encoding mesh Branch led scale foliage 1668.
15:35:01 | INFO: Draco encoder: Encoding mesh Branch led scale foliage 1669.
15:35:01 | INFO: Draco encoder: Encoding mesh Branch led scale foliage 1670.
15:35:01 | INFO: Draco encoder: Encoding mesh Branch led scale foliage 1671.
15:35:01 | INFO: Draco encoder: Encoding mesh Branch led scale foliage 1672.
15:35:01 | INFO: Draco encoder: Encoding mesh Branch led scale foliage 1673.
15:35:01 | INFO: Draco encoder: Encoding mesh Branch led scale foliage 1674.
15:35:01 | INFO: Draco encoder: Encoding mesh Branch led scale foliage 1675.
15:35:01 | INFO: Draco encoder: Encoding mesh Branch led scale foliage 1676.
15:35:01 | INFO: Draco encoder: Encoding mesh Branch led scale foliage 1677.
15:35:01 | INFO: Draco encoder: Encoding mesh Branch led scale foliage 1678.
15:35:01 | INFO: Draco encoder: Encoding mesh Branch led scale foliage 1679.
15:35:01 | INFO: Draco encoder: Encoding mesh Branch led scale foliage 1680.
15:35:01 | INFO: Draco encoder: Encoding mesh Branch led scale foliage 1681.
15:35:01 | INFO: Draco encoder: Encoding mesh Branch led scale foliage 1682.
15:35:01 | INFO: Draco encoder: Encoding mesh Branch led scale foliage 1683.
15:35:01 | INFO: Draco encoder: Encoding mesh Branch led scale foliage 1684.
15:35:01 | INFO: Draco encoder: Encoding mesh Branch led scale foliage 1685.
15:35:01 | INFO: Draco encoder: Encoding mesh Branch led scale foliage 1686.
15:35:01 | INFO: Draco encoder: Encoding mesh Branch led scale foliage 1687.
15:35:01 | INFO: Draco encoder: Encoding mesh Branch led scale foliage 1688.
15:35:01 | INFO: Draco encoder: Encoding mesh Branch led scale foliage 1689.
15:35:01 | INFO: Draco encoder: Encoding mesh Branch led scale foliage 1690.
15:35:01 | INFO: Draco encoder: Encoding mesh Branch led scale foliage 1691.
15:35:01 | INFO: Draco encoder: Encoding mesh Branch led scale foliage 1692.
15:35:01 | INFO: Draco encoder: Encoding mesh Branch led scale foliage 1693.
15:35:01 | INFO: Draco encoder: Encoding mesh Branch led scale foliage 1694.
15:35:01 | INFO: Draco encoder: Encoding mesh Branch led scale foliage 1695.
15:35:01 | INFO: Draco encoder: Encoding mesh Branch led scale foliage 1696.
15:35:01 | INFO: Draco encoder: Encoding mesh Branch led scale foliage 1697.
15:35:01 | INFO: Draco encoder: Encoding mesh Branch led scale foliage 1698.
15:35:01 | INFO: Draco encoder: Encoding mesh Branch led scale foliage 1699.
15:35:01 | INFO: Draco encoder: Encoding mesh Branch led scale foliage 1700.
15:35:01 | INFO: Draco encoder: Encoding mesh Branch led scale foliage 1701.
15:35:01 | INFO: Draco encoder: Encoding mesh Branch led scale foliage 1702.
15:35:01 | INFO: Draco encoder: Encoding mesh Branch led scale foliage 1703.
15:35:01 | INFO: Draco encoder: Encoding mesh Branch led scale foliage 1704.
15:35:01 | INFO: Draco encoder: Encoding mesh Branch led scale foliage 1705.
15:35:01 | INFO: Draco encoder: Encoding mesh Branch led scale foliage 1706.
15:35:01 | INFO: Draco encoder: Encoding mesh Branch led scale foliage 1707.
15:35:01 | INFO: Draco encoder: Encoding mesh Branch led scale foliage 1708.
15:35:01 | INFO: Draco encoder: Encoding mesh Branch led scale foliage 1709.
15:35:01 | INFO: Draco encoder: Encoding mesh Branch led scale foliage 1710.
15:35:01 | INFO: Draco encoder: Encoding mesh Branch led scale foliage 1711.
15:35:01 | INFO: Draco encoder: Encoding mesh Branch led scale foliage 1712.
15:35:01 | INFO: Draco encoder: Encoding mesh Branch led scale foliage 1713.
15:35:01 | INFO: Draco encoder: Encoding mesh Branch led scale foliage 1714.
15:35:01 | INFO: Draco encoder: Encoding mesh Branch led scale foliage 1715.
15:35:01 | INFO: Draco encoder: Encoding mesh Branch led scale foliage 1716.
15:35:01 | INFO: Draco encoder: Encoding mesh Branch led scale foliage 1717.
15:35:01 | INFO: Draco encoder: Encoding mesh Branch led scale foliage 1718.
15:35:01 | INFO: Draco encoder: Encoding mesh Branch led scale foliage 1719.
15:35:01 | INFO: Draco encoder: Encoding mesh Branch led scale foliage 1720.
15:35:01 | INFO: Draco encoder: Encoding mesh Branch led scale foliage 1721.
15:35:01 | INFO: Draco encoder: Encoding mesh Branch led scale foliage 1722.
15:35:01 | INFO: Draco encoder: Encoding mesh Branch led scale foliage 1723.
15:35:01 | INFO: Draco encoder: Encoding mesh Branch led scale foliage 1724.
15:35:01 | INFO: Draco encoder: Encoding mesh Branch led scale foliage 1725.
15:35:01 | INFO: Draco encoder: Encoding mesh Branch led scale foliage 1726.
15:35:01 | INFO: Draco encoder: Encoding mesh Branch led scale foliage 1727.
15:35:01 | INFO: Draco encoder: Encoding mesh Branch led scale foliage 1728.
15:35:01 | INFO: Draco encoder: Encoding mesh Branch led scale foliage 1729.
15:35:01 | INFO: Draco encoder: Encoding mesh Branch led scale foliage 1730.
15:35:01 | INFO: Draco encoder: Encoding mesh Branch led scale foliage 1731.
15:35:01 | INFO: Draco encoder: Encoding mesh Branch led scale foliage 1732.
15:35:01 | INFO: Draco encoder: Encoding mesh Branch led scale foliage 1733.
15:35:01 | INFO: Draco encoder: Encoding mesh Branch led scale foliage 1734.
15:35:01 | INFO: Draco encoder: Encoding mesh Branch led scale foliage 1735.
15:35:01 | INFO: Draco encoder: Encoding mesh Branch led scale foliage 1736.
15:35:01 | INFO: Draco encoder: Encoding mesh Branch led scale foliage 1737.
15:35:01 | INFO: Draco encoder: Encoding mesh Branch led scale foliage 1738.
15:35:01 | INFO: Draco encoder: Encoding mesh Branch led scale foliage 1739.
15:35:01 | INFO: Draco encoder: Encoding mesh Branch led scale foliage 1740.
15:35:01 | INFO: Draco encoder: Encoding mesh Branch led scale foliage 1741.
15:35:01 | INFO: Draco encoder: Encoding mesh Branch led scale foliage 1742.
15:35:01 | INFO: Draco encoder: Encoding mesh Branch led scale foliage 1743.
15:35:01 | INFO: Draco encoder: Encoding mesh Branch led scale foliage 1744.
15:35:01 | INFO: Draco encoder: Encoding mesh Branch led scale foliage 1745.
15:35:01 | INFO: Draco encoder: Encoding mesh Branch led scale foliage 1746.
15:35:01 | INFO: Draco encoder: Encoding mesh Branch led scale foliage 1747.
15:35:01 | INFO: Draco encoder: Encoding mesh Branch led scale foliage 1748.
15:35:01 | INFO: Draco encoder: Encoding mesh Branch led scale foliage 1749.
15:35:01 | INFO: Draco encoder: Encoding mesh Branch led scale foliage 1750.
15:35:01 | INFO: Draco encoder: Encoding mesh Branch led scale foliage 1751.
15:35:01 | INFO: Draco encoder: Encoding mesh Branch led scale foliage 1752.
15:35:01 | INFO: Draco encoder: Encoding mesh Branch led scale foliage 1753.
15:35:01 | INFO: Draco encoder: Encoding mesh Branch led scale foliage 1754.
15:35:01 | INFO: Draco encoder: Encoding mesh Branch led scale foliage 1755.
15:35:01 | INFO: Draco encoder: Encoding mesh Branch led scale foliage 1756.
15:35:01 | INFO: Draco encoder: Encoding mesh Branch led scale foliage 1757.
15:35:01 | INFO: Draco encoder: Encoding mesh Branch led scale foliage 1758.
15:35:01 | INFO: Draco encoder: Encoding mesh Branch led scale foliage 1759.
15:35:01 | INFO: Draco encoder: Encoding mesh Branch led scale foliage 1760.
15:35:01 | INFO: Draco encoder: Encoding mesh Branch led scale foliage 1761.
15:35:01 | INFO: Draco encoder: Encoding mesh Branch led scale foliage 1762.
15:35:01 | INFO: Draco encoder: Encoding mesh Branch led scale foliage 1763.
15:35:01 | INFO: Draco encoder: Encoding mesh Branch led scale foliage 1764.
15:35:01 | INFO: Draco encoder: Encoding mesh Branch led scale foliage 1765.
15:35:01 | INFO: Draco encoder: Encoding mesh Branch led scale foliage 1766.
15:35:01 | INFO: Draco encoder: Encoding mesh Branch led scale foliage 1767.
15:35:01 | INFO: Draco encoder: Encoding mesh Branch led scale foliage 1768.
15:35:01 | INFO: Draco encoder: Encoding mesh Branch led scale foliage 1769.
15:35:01 | INFO: Draco encoder: Encoding mesh Branch led scale foliage 1770.
15:35:01 | INFO: Draco encoder: Encoding mesh Branch led scale foliage 1771.
15:35:01 | INFO: Draco encoder: Encoding mesh Branch led scale foliage 1772.
15:35:01 | INFO: Draco encoder: Encoding mesh Branch led scale foliage 1773.
15:35:01 | INFO: Draco encoder: Encoding mesh Branch led scale foliage 1774.
15:35:01 | INFO: Draco encoder: Encoding mesh Branch led scale foliage 1775.
15:35:01 | INFO: Draco encoder: Encoding mesh Branch led scale foliage 1776.
15:35:01 | INFO: Draco encoder: Encoding mesh Branch led scale foliage 1777.
15:35:01 | INFO: Draco encoder: Encoding mesh Branch led scale foliage 1778.
15:35:01 | INFO: Draco encoder: Encoding mesh Branch led scale foliage 1779.
15:35:01 | INFO: Draco encoder: Encoding mesh Branch led scale foliage 1780.
15:35:01 | INFO: Draco encoder: Encoding mesh Branch led scale foliage 1781.
15:35:01 | INFO: Draco encoder: Encoding mesh Branch led scale foliage 1782.
15:35:01 | INFO: Draco encoder: Encoding mesh Branch led scale foliage 1783.
15:35:01 | INFO: Draco encoder: Encoding mesh Branch led scale foliage 1784.
15:35:01 | INFO: Draco encoder: Encoding mesh Branch led scale foliage 1785.
15:35:01 | INFO: Draco encoder: Encoding mesh Branch led scale foliage 1786.
15:35:01 | INFO: Draco encoder: Encoding mesh Branch led scale foliage 1787.
15:35:01 | INFO: Draco encoder: Encoding mesh Branch led scale foliage 1788.
15:35:01 | INFO: Draco encoder: Encoding mesh Branch led scale foliage 1789.
15:35:01 | INFO: Draco encoder: Encoding mesh Branch led scale foliage 1790.
15:35:01 | INFO: Draco encoder: Encoding mesh Branch led scale foliage 1791.
15:35:01 | INFO: Draco encoder: Encoding mesh Branch led scale foliage 1792.
15:35:01 | INFO: Draco encoder: Encoding mesh Branch led scale foliage 1793.
15:35:01 | INFO: Draco encoder: Encoding mesh Branch led scale foliage 1794.
15:35:01 | INFO: Draco encoder: Encoding mesh Branch led scale foliage 1795.
15:35:01 | INFO: Draco encoder: Encoding mesh Branch led scale foliage 1796.
15:35:01 | INFO: Draco encoder: Encoding mesh Branch led scale foliage 1797.
15:35:01 | INFO: Draco encoder: Encoding mesh Branch led scale foliage 1798.
15:35:01 | INFO: Draco encoder: Encoding mesh Branch led scale foliage 1799.
15:35:01 | INFO: Draco encoder: Encoding mesh Branch led scale foliage 1800.
15:35:01 | INFO: Draco encoder: Encoding mesh Branch led scale foliage 1801.
15:35:01 | INFO: Draco encoder: Encoding mesh Branch led scale foliage 1802.
15:35:01 | INFO: Draco encoder: Encoding mesh Branch led scale foliage 1803.
15:35:01 | INFO: Draco encoder: Encoding mesh Branch led scale foliage 1804.
15:35:01 | INFO: Draco encoder: Encoding mesh Branch led scale foliage 1805.
15:35:01 | INFO: Draco encoder: Encoding mesh Branch led scale foliage 1806.
15:35:01 | INFO: Draco encoder: Encoding mesh Branch led scale foliage 1807.
15:35:01 | INFO: Draco encoder: Encoding mesh Branch led scale foliage 1808.
15:35:01 | INFO: Draco encoder: Encoding mesh Branch led scale foliage 1809.
15:35:01 | INFO: Draco encoder: Encoding mesh Branch led scale foliage 1810.
15:35:01 | INFO: Draco encoder: Encoding mesh Branch led scale foliage 1811.
15:35:01 | INFO: Draco encoder: Encoding mesh Branch led scale foliage 1812.
15:35:01 | INFO: Draco encoder: Encoding mesh Branch led scale foliage 1813.
15:35:01 | INFO: Draco encoder: Encoding mesh Branch led scale foliage 1814.
15:35:01 | INFO: Draco encoder: Encoding mesh Branch led scale foliage 1815.
15:35:01 | INFO: Draco encoder: Encoding mesh Branch led scale foliage 1816.
15:35:01 | INFO: Draco encoder: Encoding mesh Branch led scale foliage 1817.
15:35:01 | INFO: Draco encoder: Encoding mesh Branch led scale foliage 1818.
15:35:01 | INFO: Draco encoder: Encoding mesh Branch led scale foliage 1819.
15:35:01 | INFO: Draco encoder: Encoding mesh Branch led scale foliage 1820.
15:35:01 | INFO: Draco encoder: Encoding mesh Branch led scale foliage 1821.
15:35:01 | INFO: Draco encoder: Encoding mesh Branch led scale foliage 1822.
15:35:01 | INFO: Draco encoder: Encoding mesh Branch led scale foliage 1823.
15:35:01 | INFO: Draco encoder: Encoding mesh Branch led scale foliage 1824.
15:35:01 | INFO: Draco encoder: Encoding mesh Branch led scale foliage 1825.
15:35:01 | INFO: Draco encoder: Encoding mesh Branch led scale foliage 1826.
15:35:01 | INFO: Draco encoder: Encoding mesh Branch led scale foliage 1827.
15:35:01 | INFO: Draco encoder: Encoding mesh Branch led scale foliage 1828.
15:35:01 | INFO: Draco encoder: Encoding mesh Branch led scale foliage 1829.
15:35:01 | INFO: Draco encoder: Encoding mesh Branch led scale foliage 1830.
15:35:01 | INFO: Draco encoder: Encoding mesh Branch led scale foliage 1831.
15:35:01 | INFO: Draco encoder: Encoding mesh Branch led scale foliage 1832.
15:35:01 | INFO: Draco encoder: Encoding mesh Branch led scale foliage 1833.
15:35:01 | INFO: Draco encoder: Encoding mesh Branch led scale foliage 1834.
15:35:01 | INFO: Draco encoder: Encoding mesh Branch led scale foliage 1835.
15:35:01 | INFO: Draco encoder: Encoding mesh Branch led scale foliage 1836.
15:35:01 | INFO: Draco encoder: Encoding mesh Branch led scale foliage 1837.
15:35:01 | INFO: Draco encoder: Encoding mesh Branch led scale foliage 1838.
15:35:01 | INFO: Draco encoder: Encoding mesh Branch led scale foliage 1839.
15:35:01 | INFO: Draco encoder: Encoding mesh Branch led scale foliage 1840.
15:35:01 | INFO: Draco encoder: Encoding mesh Branch led scale foliage 1841.
15:35:01 | INFO: Draco encoder: Encoding mesh Branch led scale foliage 1842.
15:35:01 | INFO: Draco encoder: Encoding mesh Branch led scale foliage 1843.
15:35:01 | INFO: Draco encoder: Encoding mesh Branch led scale foliage 1844.
15:35:01 | INFO: Draco encoder: Encoding mesh Branch led scale foliage 1845.
15:35:01 | INFO: Draco encoder: Encoding mesh Branch led scale foliage 1846.
15:35:01 | INFO: Draco encoder: Encoding mesh Branch led scale foliage 1847.
15:35:01 | INFO: Draco encoder: Encoding mesh Branch led scale foliage 1848.
15:35:01 | INFO: Draco encoder: Encoding mesh Branch led scale foliage 1849.
15:35:01 | INFO: Draco encoder: Encoding mesh Branch led scale foliage 1850.
15:35:01 | INFO: Draco encoder: Encoding mesh Branch led scale foliage 1851.
15:35:01 | INFO: Draco encoder: Encoding mesh Branch led scale foliage 1852.
15:35:01 | INFO: Draco encoder: Encoding mesh Branch led scale foliage 1853.
15:35:01 | INFO: Draco encoder: Encoding mesh Branch led scale foliage 1854.
15:35:01 | INFO: Draco encoder: Encoding mesh Branch led scale foliage 1855.
15:35:01 | INFO: Draco encoder: Encoding mesh Branch led scale foliage 1856.
15:35:01 | INFO: Draco encoder: Encoding mesh Branch led scale foliage 1857.
15:35:01 | INFO: Draco encoder: Encoding mesh Branch led scale foliage 1858.
15:35:01 | INFO: Draco encoder: Encoding mesh Branch led scale foliage 1859.
15:35:01 | INFO: Draco encoder: Encoding mesh Branch led scale foliage 1860.
15:35:01 | INFO: Draco encoder: Encoding mesh Branch led scale foliage 1861.
15:35:01 | INFO: Draco encoder: Encoding mesh Branch led scale foliage 1862.
15:35:01 | INFO: Draco encoder: Encoding mesh Branch led scale foliage 1863.
15:35:01 | INFO: Draco encoder: Encoding mesh Branch led scale foliage 1864.
15:35:01 | INFO: Draco encoder: Encoding mesh Branch led scale foliage 1865.
15:35:01 | INFO: Draco encoder: Encoding mesh Branch led scale foliage 1866.
15:35:01 | INFO: Draco encoder: Encoding mesh Branch led scale foliage 1867.
15:35:01 | INFO: Draco encoder: Encoding mesh Branch led scale foliage 1868.
15:35:01 | INFO: Draco encoder: Encoding mesh Branch led scale foliage 1869.
15:35:01 | INFO: Draco encoder: Encoding mesh Branch led scale foliage 1870.
15:35:01 | INFO: Draco encoder: Encoding mesh Branch led scale foliage 1871.
15:35:01 | INFO: Draco encoder: Encoding mesh Branch led scale foliage 1872.
15:35:01 | INFO: Draco encoder: Encoding mesh Branch led scale foliage 1873.
15:35:01 | INFO: Draco encoder: Encoding mesh Branch led scale foliage 1874.
15:35:01 | INFO: Draco encoder: Encoding mesh Branch led scale foliage 1875.
15:35:01 | INFO: Draco encoder: Encoding mesh Branch led scale foliage 1876.
15:35:01 | INFO: Draco encoder: Encoding mesh Branch led scale foliage 1877.
15:35:01 | INFO: Draco encoder: Encoding mesh Branch led scale foliage 1878.
15:35:01 | INFO: Draco encoder: Encoding mesh Branch led scale foliage 1879.
15:35:01 | INFO: Draco encoder: Encoding mesh Branch led scale foliage 1880.
15:35:01 | INFO: Draco encoder: Encoding mesh Branch led scale foliage 1881.
15:35:01 | INFO: Draco encoder: Encoding mesh Branch led scale foliage 1882.
15:35:01 | INFO: Draco encoder: Encoding mesh Branch led scale foliage 1883.
15:35:01 | INFO: Draco encoder: Encoding mesh Branch led scale foliage 1884.
15:35:01 | INFO: Draco encoder: Encoding mesh Branch led scale foliage 1885.
15:35:01 | INFO: Draco encoder: Encoding mesh Branch led scale foliage 1886.
15:35:01 | INFO: Draco encoder: Encoding mesh Branch led scale foliage 1887.
15:35:01 | INFO: Draco encoder: Encoding mesh Branch led scale foliage 1888.
15:35:01 | INFO: Draco encoder: Encoding mesh Branch led scale foliage 1889.
15:35:01 | INFO: Draco encoder: Encoding mesh Branch led scale foliage 1890.
15:35:01 | INFO: Draco encoder: Encoding mesh Branch led scale foliage 1891.
15:35:01 | INFO: Draco encoder: Encoding mesh Branch led scale foliage 1892.
15:35:01 | INFO: Draco encoder: Encoding mesh Branch led scale foliage 1893.
15:35:01 | INFO: Draco encoder: Encoding mesh Branch led scale foliage 1894.
15:35:01 | INFO: Draco encoder: Encoding mesh Branch led scale foliage 1895.
15:35:01 | INFO: Draco encoder: Encoding mesh Branch led scale foliage 1896.
15:35:01 | INFO: Draco encoder: Encoding mesh Branch led scale foliage 1897.
15:35:01 | INFO: Draco encoder: Encoding mesh Branch led scale foliage 1898.
15:35:01 | INFO: Draco encoder: Encoding mesh Branch led scale foliage 1899.
15:35:01 | INFO: Draco encoder: Encoding mesh Branch led scale foliage 1900.
15:35:01 | INFO: Draco encoder: Encoding mesh Branch led scale foliage 1901.
15:35:01 | INFO: Draco encoder: Encoding mesh Branch led scale foliage 1902.
15:35:01 | INFO: Draco encoder: Encoding mesh Branch led scale foliage 1903.
15:35:01 | INFO: Draco encoder: Encoding mesh Branch led scale foliage 1904.
15:35:01 | INFO: Draco encoder: Encoding mesh Branch led scale foliage 1905.
15:35:01 | INFO: Draco encoder: Encoding mesh Branch led scale foliage 1906.
15:35:01 | INFO: Draco encoder: Encoding mesh Branch led scale foliage 1907.
15:35:01 | INFO: Draco encoder: Encoding mesh Branch led scale foliage 1908.
15:35:01 | INFO: Draco encoder: Encoding mesh Branch led scale foliage 1909.
15:35:01 | INFO: Draco encoder: Encoding mesh Branch led scale foliage 1910.
15:35:01 | INFO: Draco encoder: Encoding mesh Branch led scale foliage 1911.
15:35:01 | INFO: Draco encoder: Encoding mesh Branch led scale foliage 1912.
15:35:01 | INFO: Draco encoder: Encoding mesh Branch led scale foliage 1913.
15:35:01 | INFO: Draco encoder: Encoding mesh Branch led scale foliage 1914.
15:35:01 | INFO: Draco encoder: Encoding mesh Branch led scale foliage 1915.
15:35:01 | INFO: Draco encoder: Encoding mesh Branch led scale foliage 1916.
15:35:01 | INFO: Draco encoder: Encoding mesh Branch led scale foliage 1917.
15:35:01 | INFO: Draco encoder: Encoding mesh Branch led scale foliage 1918.
15:35:01 | INFO: Draco encoder: Encoding mesh Branch led scale foliage 1919.
15:35:01 | INFO: Draco encoder: Encoding mesh Branch led scale foliage 1920.
15:35:01 | INFO: Draco encoder: Encoding mesh Branch led scale foliage 1921.
15:35:01 | INFO: Draco encoder: Encoding mesh Branch led scale foliage 1922.
15:35:01 | INFO: Draco encoder: Encoding mesh Branch led scale foliage 1923.
15:35:01 | INFO: Draco encoder: Encoding mesh Branch led scale foliage 1924.
15:35:01 | INFO: Draco encoder: Encoding mesh Branch led scale foliage 1925.
15:35:01 | INFO: Draco encoder: Encoding mesh Branch led scale foliage 1926.
15:35:01 | INFO: Draco encoder: Encoding mesh Branch led scale foliage 1927.
15:35:01 | INFO: Draco encoder: Encoding mesh Branch led scale foliage 1928.
15:35:01 | INFO: Draco encoder: Encoding mesh Branch led scale foliage 1929.
15:35:01 | INFO: Draco encoder: Encoding mesh Branch led scale foliage 1930.
15:35:01 | INFO: Draco encoder: Encoding mesh Branch led scale foliage 1931.
15:35:01 | INFO: Draco encoder: Encoding mesh Branch led scale foliage 1932.
15:35:01 | INFO: Draco encoder: Encoding mesh Branch led scale foliage 1933.
15:35:01 | INFO: Draco encoder: Encoding mesh Branch led scale foliage 1934.
15:35:01 | INFO: Draco encoder: Encoding mesh Branch led scale foliage 1935.
15:35:01 | INFO: Draco encoder: Encoding mesh Branch led scale foliage 1936.
15:35:01 | INFO: Draco encoder: Encoding mesh Branch led scale foliage 1937.
15:35:01 | INFO: Draco encoder: Encoding mesh Branch led scale foliage 1938.
15:35:01 | INFO: Draco encoder: Encoding mesh Branch led scale foliage 1939.
15:35:01 | INFO: Draco encoder: Encoding mesh Branch led scale foliage 1940.
15:35:01 | INFO: Draco encoder: Encoding mesh Branch led scale foliage 1941.
15:35:01 | INFO: Draco encoder: Encoding mesh Branch led scale foliage 1942.
15:35:01 | INFO: Draco encoder: Encoding mesh Branch led scale foliage 1943.
15:35:01 | INFO: Draco encoder: Encoding mesh Branch led scale foliage 1944.
15:35:01 | INFO: Draco encoder: Encoding mesh Branch led scale foliage 1945.
15:35:01 | INFO: Draco encoder: Encoding mesh Branch led scale foliage 1946.
15:35:01 | INFO: Draco encoder: Encoding mesh Branch led scale foliage 1947.
15:35:01 | INFO: Draco encoder: Encoding mesh Branch led scale foliage 1948.
15:35:01 | INFO: Draco encoder: Encoding mesh Branch led scale foliage 1949.
15:35:01 | INFO: Draco encoder: Encoding mesh Branch led scale foliage 1950.
15:35:01 | INFO: Draco encoder: Encoding mesh Branch led scale foliage 1951.
15:35:01 | INFO: Draco encoder: Encoding mesh Branch led scale foliage 1952.
15:35:01 | INFO: Draco encoder: Encoding mesh Branch led scale foliage 1953.
15:35:01 | INFO: Draco encoder: Encoding mesh Branch led scale foliage 1954.
15:35:01 | INFO: Draco encoder: Encoding mesh Branch led scale foliage 1955.
15:35:01 | INFO: Draco encoder: Encoding mesh Branch led scale foliage 1956.
15:35:01 | INFO: Draco encoder: Encoding mesh Branch led scale foliage 1957.
15:35:01 | INFO: Draco encoder: Encoding mesh Branch led scale foliage 1958.
15:35:01 | INFO: Draco encoder: Encoding mesh Branch led scale foliage 1959.
15:35:01 | INFO: Draco encoder: Encoding mesh Branch led scale foliage 1960.
15:35:01 | INFO: Draco encoder: Encoding mesh Branch led scale foliage 1961.
15:35:01 | INFO: Draco encoder: Encoding mesh Branch led scale foliage 1962.
15:35:01 | INFO: Draco encoder: Encoding mesh Branch led scale foliage 1963.
15:35:01 | INFO: Draco encoder: Encoding mesh Branch led scale foliage 1964.
15:35:01 | INFO: Draco encoder: Encoding mesh Branch led scale foliage 1965.
15:35:01 | INFO: Draco encoder: Encoding mesh Branch led scale foliage 1966.
15:35:01 | INFO: Draco encoder: Encoding mesh Branch led scale foliage 1967.
15:35:01 | INFO: Draco encoder: Encoding mesh Branch led scale foliage 1968.
15:35:01 | INFO: Draco encoder: Encoding mesh Branch led scale foliage 1969.
15:35:01 | INFO: Draco encoder: Encoding mesh Branch led scale foliage 1970.
15:35:01 | INFO: Draco encoder: Encoding mesh Branch led scale foliage 1971.
15:35:01 | INFO: Draco encoder: Encoding mesh Branch led scale foliage 1972.
15:35:01 | INFO: Draco encoder: Encoding mesh Branch led scale foliage 1973.
15:35:01 | INFO: Draco encoder: Encoding mesh Branch led scale foliage 1974.
15:35:01 | INFO: Draco encoder: Encoding mesh Branch led scale foliage 1975.
15:35:01 | INFO: Draco encoder: Encoding mesh Branch led scale foliage 1976.
15:35:01 | INFO: Draco encoder: Encoding mesh Branch led scale foliage 1977.
15:35:01 | INFO: Draco encoder: Encoding mesh Branch led scale foliage 1978.
15:35:01 | INFO: Draco encoder: Encoding mesh Branch led scale foliage 1979.
15:35:01 | INFO: Draco encoder: Encoding mesh Branch led scale foliage 1980.
15:35:01 | INFO: Draco encoder: Encoding mesh Branch led scale foliage 1981.
15:35:01 | INFO: Draco encoder: Encoding mesh Branch led scale foliage 1982.
15:35:01 | INFO: Draco encoder: Encoding mesh Branch led scale foliage 1983.
15:35:01 | INFO: Draco encoder: Encoding mesh Branch led scale foliage 1984.
15:35:01 | INFO: Draco encoder: Encoding mesh Branch led scale foliage 1985.
15:35:01 | INFO: Draco encoder: Encoding mesh Branch led scale foliage 1986.
15:35:01 | INFO: Draco encoder: Encoding mesh Branch led scale foliage 1987.
15:35:01 | INFO: Draco encoder: Encoding mesh Branch led scale foliage 1988.
15:35:01 | INFO: Draco encoder: Encoding mesh Branch led scale foliage 1989.
15:35:01 | INFO: Draco encoder: Encoding mesh Branch led scale foliage 1990.
15:35:01 | INFO: Draco encoder: Encoding mesh Branch led scale foliage 1991.
15:35:01 | INFO: Draco encoder: Encoding mesh Branch led scale foliage 1992.
15:35:01 | INFO: Draco encoder: Encoding mesh Branch led scale foliage 1993.
15:35:01 | INFO: Draco encoder: Encoding mesh Branch led scale foliage 1994.
15:35:01 | INFO: Draco encoder: Encoding mesh Branch led scale foliage 1995.
15:35:01 | INFO: Draco encoder: Encoding mesh Branch led scale foliage 1996.
15:35:01 | INFO: Draco encoder: Encoding mesh Branch led scale foliage 1997.
15:35:01 | INFO: Draco encoder: Encoding mesh Branch led scale foliage 1998.
15:35:01 | INFO: Draco encoder: Encoding mesh Branch led scale foliage 1999.
15:35:01 | INFO: Draco encoder: Encoding mesh Branch led scale foliage 2000.
15:35:01 | INFO: Draco encoder: Encoding mesh Branch led scale foliage 2001.
15:35:01 | INFO: Draco encoder: Encoding mesh Branch led scale foliage 2002.
15:35:01 | INFO: Draco encoder: Encoding mesh Branch led scale foliage 2003.
15:35:01 | INFO: Draco encoder: Encoding mesh Branch led scale foliage 2004.
15:35:01 | INFO: Draco encoder: Encoding mesh Branch led scale foliage 2005.
15:35:01 | INFO: Draco encoder: Encoding mesh Branch led scale foliage 2006.
15:35:01 | INFO: Draco encoder: Encoding mesh Branch led scale foliage 2007.
15:35:01 | INFO: Draco encoder: Encoding mesh Branch led scale foliage 2008.
15:35:01 | INFO: Draco encoder: Encoding mesh Branch led scale foliage 2009.
15:35:01 | INFO: Draco encoder: Encoding mesh Branch led scale foliage 2010.
15:35:01 | INFO: Draco encoder: Encoding mesh Branch led scale foliage 2011.
15:35:01 | INFO: Draco encoder: Encoding mesh Branch led scale foliage 2012.
15:35:01 | INFO: Draco encoder: Encoding mesh Branch led scale foliage 2013.
15:35:01 | INFO: Draco encoder: Encoding mesh Branch led scale foliage 2014.
15:35:01 | INFO: Draco encoder: Encoding mesh Branch led scale foliage 2015.
15:35:01 | INFO: Draco encoder: Encoding mesh Branch led scale foliage 2016.
15:35:01 | INFO: Draco encoder: Encoding mesh Branch led scale foliage 2017.
15:35:01 | INFO: Draco encoder: Encoding mesh Branch led scale foliage 2018.
15:35:01 | INFO: Draco encoder: Encoding mesh Branch led scale foliage 2019.
15:35:01 | INFO: Draco encoder: Encoding mesh Branch led scale foliage 2020.
15:35:01 | INFO: Draco encoder: Encoding mesh Branch led scale foliage 2021.
15:35:01 | INFO: Draco encoder: Encoding mesh Branch led scale foliage 2022.
15:35:01 | INFO: Draco encoder: Encoding mesh Branch led scale foliage 2023.
15:35:01 | INFO: Draco encoder: Encoding mesh Branch led scale foliage 2024.
15:35:01 | INFO: Draco encoder: Encoding mesh Branch led scale foliage 2025.
15:35:01 | INFO: Draco encoder: Encoding mesh Branch led scale foliage 2026.
15:35:01 | INFO: Draco encoder: Encoding mesh Branch led scale foliage 2027.
15:35:01 | INFO: Draco encoder: Encoding mesh Branch led scale foliage 2028.
15:35:01 | INFO: Draco encoder: Encoding mesh Branch led scale foliage 2029.
15:35:01 | INFO: Draco encoder: Encoding mesh Branch led scale foliage 2030.
15:35:01 | INFO: Draco encoder: Encoding mesh Branch led scale foliage 2031.
15:35:01 | INFO: Draco encoder: Encoding mesh Branch led scale foliage 2032.
15:35:01 | INFO: Draco encoder: Encoding mesh Branch led scale foliage 2033.
15:35:01 | INFO: Draco encoder: Encoding mesh Branch led scale foliage 2034.
15:35:01 | INFO: Draco encoder: Encoding mesh Branch led scale foliage 2035.
15:35:01 | INFO: Draco encoder: Encoding mesh Branch led scale foliage 2036.
15:35:01 | INFO: Draco encoder: Encoding mesh Branch led scale foliage 2037.
15:35:01 | INFO: Draco encoder: Encoding mesh Branch led scale foliage 2038.
15:35:01 | INFO: Draco encoder: Encoding mesh Branch led scale foliage 2039.
15:35:01 | INFO: Draco encoder: Encoding mesh Branch led scale foliage 2040.
15:35:01 | INFO: Draco encoder: Encoding mesh Branch led scale foliage 2041.
15:35:01 | INFO: Draco encoder: Encoding mesh Branch led scale foliage 2042.
15:35:01 | INFO: Draco encoder: Encoding mesh Branch led scale foliage 2043.
15:35:01 | INFO: Draco encoder: Encoding mesh Branch led scale foliage 2044.
15:35:01 | INFO: Draco encoder: Encoding mesh Branch led scale foliage 2045.
15:35:01 | INFO: Draco encoder: Encoding mesh Branch led scale foliage 2046.
15:35:01 | INFO: Draco encoder: Encoding mesh Branch led scale foliage 2047.
15:35:01 | INFO: Draco encoder: Encoding mesh Branch led scale foliage 2048.
15:35:01 | INFO: Draco encoder: Encoding mesh Branch led scale foliage 2049.
15:35:01 | INFO: Draco encoder: Encoding mesh Branch led scale foliage 2050.
15:35:01 | INFO: Draco encoder: Encoding mesh Branch led scale foliage 2051.
15:35:01 | INFO: Draco encoder: Encoding mesh Branch led scale foliage 2052.
15:35:01 | INFO: Draco encoder: Encoding mesh Branch led scale foliage 2053.
15:35:01 | INFO: Draco encoder: Encoding mesh Branch led scale foliage 2054.
15:35:01 | INFO: Draco encoder: Encoding mesh Branch led scale foliage 2055.
15:35:01 | INFO: Draco encoder: Encoding mesh Branch led scale foliage 2056.
15:35:01 | INFO: Draco encoder: Encoding mesh Branch led scale foliage 2057.
15:35:01 | INFO: Draco encoder: Encoding mesh Branch led scale foliage 2058.
15:35:01 | INFO: Draco encoder: Encoding mesh Branch led scale foliage 2059.
15:35:01 | INFO: Draco encoder: Encoding mesh Branch led scale foliage 2060.
15:35:01 | INFO: Draco encoder: Encoding mesh Branch led scale foliage 2061.
15:35:01 | INFO: Draco encoder: Encoding mesh Branch led scale foliage 2062.
15:35:01 | INFO: Draco encoder: Encoding mesh Branch led scale foliage 2063.
15:35:01 | INFO: Draco encoder: Encoding mesh Branch led scale foliage 2064.
15:35:01 | INFO: Draco encoder: Encoding mesh Branch led scale foliage 2065.
15:35:01 | INFO: Draco encoder: Encoding mesh Branch led scale foliage 2066.
15:35:01 | INFO: Draco encoder: Encoding mesh Branch led scale foliage 2067.
15:35:01 | INFO: Draco encoder: Encoding mesh Branch led scale foliage 2068.
15:35:01 | INFO: Draco encoder: Encoding mesh Branch led scale foliage 2069.
15:35:01 | INFO: Draco encoder: Encoding mesh Branch led scale foliage 2070.
15:35:01 | INFO: Draco encoder: Encoding mesh Branch led scale foliage 2071.
15:35:01 | INFO: Draco encoder: Encoding mesh Branch led scale foliage 2072.
15:35:01 | INFO: Draco encoder: Encoding mesh Branch led scale foliage 2073.
15:35:01 | INFO: Draco encoder: Encoding mesh Branch led scale foliage 2074.
15:35:01 | INFO: Draco encoder: Encoding mesh Branch led scale foliage 2075.
15:35:01 | INFO: Draco encoder: Encoding mesh Branch led scale foliage 2076.
15:35:01 | INFO: Draco encoder: Encoding mesh Branch led scale foliage 2077.
15:35:01 | INFO: Draco encoder: Encoding mesh Branch led scale foliage 2078.
15:35:01 | INFO: Draco encoder: Encoding mesh Branch led scale foliage 2079.
15:35:01 | INFO: Draco encoder: Encoding mesh Branch led scale foliage 2080.
15:35:01 | INFO: Draco encoder: Encoding mesh Branch led scale foliage 2081.
15:35:01 | INFO: Draco encoder: Encoding mesh Branch led scale foliage 2082.
15:35:01 | INFO: Draco encoder: Encoding mesh Branch led scale foliage 2083.
15:35:01 | INFO: Draco encoder: Encoding mesh Branch led scale foliage 2084.
15:35:01 | INFO: Draco encoder: Encoding mesh Branch led scale foliage 2085.
15:35:01 | INFO: Draco encoder: Encoding mesh Branch led scale foliage 2086.
15:35:01 | INFO: Draco encoder: Encoding mesh Branch led scale foliage 2087.
15:35:01 | INFO: Draco encoder: Encoding mesh Branch led scale foliage 2088.
15:35:01 | INFO: Draco encoder: Encoding mesh Branch led scale foliage 2089.
15:35:01 | INFO: Draco encoder: Encoding mesh Branch led scale foliage 2090.
15:35:01 | INFO: Draco encoder: Encoding mesh Branch led scale foliage 2091.
15:35:01 | INFO: Draco encoder: Encoding mesh Branch led scale foliage 2092.
15:35:01 | INFO: Draco encoder: Encoding mesh Branch led scale foliage 2093.
15:35:01 | INFO: Draco encoder: Encoding mesh Branch led scale foliage 2094.
15:35:01 | INFO: Draco encoder: Encoding mesh Branch led scale foliage 2095.
15:35:01 | INFO: Draco encoder: Encoding mesh Branch led scale foliage 2096.
15:35:01 | INFO: Draco encoder: Encoding mesh Branch led scale foliage 2097.
15:35:01 | INFO: Draco encoder: Encoding mesh Branch led scale foliage 2098.
15:35:01 | INFO: Draco encoder: Encoding mesh Branch led scale foliage 2099.
15:35:01 | INFO: Draco encoder: Encoding mesh Branch led scale foliage 2100.
15:35:01 | INFO: Draco encoder: Encoding mesh Branch led scale foliage 2101.
15:35:01 | INFO: Draco encoder: Encoding mesh Branch led scale foliage 2102.
15:35:01 | INFO: Draco encoder: Encoding mesh Branch led scale foliage 2103.
15:35:01 | INFO: Draco encoder: Encoding mesh Branch led scale foliage 2104.
15:35:01 | INFO: Draco encoder: Encoding mesh Branch led scale foliage 2105.
15:35:01 | INFO: Draco encoder: Encoding mesh Branch led scale foliage 2106.
15:35:01 | INFO: Draco encoder: Encoding mesh Branch led scale foliage 2107.
15:35:01 | INFO: Draco encoder: Encoding mesh Branch led scale foliage 2108.
15:35:01 | INFO: Draco encoder: Encoding mesh Branch led scale foliage 2109.
15:35:01 | INFO: Draco encoder: Encoding mesh Branch led scale foliage 2110.
15:35:01 | INFO: Draco encoder: Encoding mesh Branch led scale foliage 2111.
15:35:01 | INFO: Draco encoder: Encoding mesh Branch led scale foliage 2112.
15:35:01 | INFO: Draco encoder: Encoding mesh Branch led scale foliage 2113.
15:35:01 | INFO: Draco encoder: Encoding mesh Branch led scale foliage 2114.
15:35:01 | INFO: Draco encoder: Encoding mesh Branch led scale foliage 2115.
15:35:01 | INFO: Draco encoder: Encoding mesh Branch led scale foliage 2116.
15:35:01 | INFO: Draco encoder: Encoding mesh Branch led scale foliage 2117.
15:35:01 | INFO: Draco encoder: Encoding mesh Branch led scale foliage 2118.
15:35:01 | INFO: Draco encoder: Encoding mesh Branch led scale foliage 2119.
15:35:01 | INFO: Draco encoder: Encoding mesh Branch led scale foliage 2120.
15:35:01 | INFO: Draco encoder: Encoding mesh Branch led scale foliage 2121.
15:35:01 | INFO: Draco encoder: Encoding mesh Branch led scale foliage 2122.
15:35:01 | INFO: Draco encoder: Encoding mesh Branch led scale foliage 2123.
15:35:01 | INFO: Draco encoder: Encoding mesh Branch led scale foliage 2124.
15:35:01 | INFO: Draco encoder: Encoding mesh Branch led scale foliage 2125.
15:35:01 | INFO: Draco encoder: Encoding mesh Branch led scale foliage 2126.
15:35:01 | INFO: Draco encoder: Encoding mesh Branch led scale foliage 2127.
15:35:01 | INFO: Draco encoder: Encoding mesh Branch led scale foliage 2128.
15:35:01 | INFO: Draco encoder: Encoding mesh Branch led scale foliage 2129.
15:35:01 | INFO: Draco encoder: Encoding mesh Branch led scale foliage 2130.
15:35:01 | INFO: Draco encoder: Encoding mesh Branch led scale foliage 2131.
15:35:01 | INFO: Draco encoder: Encoding mesh Branch led scale foliage 2132.
15:35:01 | INFO: Draco encoder: Encoding mesh Branch led scale foliage 2133.
15:35:01 | INFO: Draco encoder: Encoding mesh Branch led scale foliage 2134.
15:35:01 | INFO: Draco encoder: Encoding mesh Branch led scale foliage 2135.
15:35:01 | INFO: Draco encoder: Encoding mesh Branch led scale foliage 2136.
15:35:01 | INFO: Draco encoder: Encoding mesh Branch led scale foliage 2137.
15:35:01 | INFO: Draco encoder: Encoding mesh Branch led scale foliage 2138.
15:35:01 | INFO: Draco encoder: Encoding mesh Branch led scale foliage 2139.
15:35:01 | INFO: Draco encoder: Encoding mesh Branch led scale foliage 2140.
15:35:01 | INFO: Draco encoder: Encoding mesh Branch led scale foliage 2141.
15:35:01 | INFO: Draco encoder: Encoding mesh Branch led scale foliage 2142.
15:35:01 | INFO: Draco encoder: Encoding mesh Branch led scale foliage 2143.
15:35:01 | INFO: Draco encoder: Encoding mesh Branch led scale foliage 2144.
15:35:01 | INFO: Draco encoder: Encoding mesh Branch led scale foliage 2145.
15:35:01 | INFO: Draco encoder: Encoding mesh Branch led scale foliage 2146.
15:35:01 | INFO: Draco encoder: Encoding mesh Branch led scale foliage 2147.
15:35:01 | INFO: Draco encoder: Encoding mesh Branch led scale foliage 2148.
15:35:01 | INFO: Draco encoder: Encoding mesh Branch led scale foliage 2149.
15:35:01 | INFO: Draco encoder: Encoding mesh Branch led scale foliage 2150.
15:35:01 | INFO: Draco encoder: Encoding mesh Branch led scale foliage 2151.
15:35:01 | INFO: Draco encoder: Encoding mesh Branch led scale foliage 2152.
15:35:01 | INFO: Draco encoder: Encoding mesh Branch led scale foliage 2153.
15:35:01 | INFO: Draco encoder: Encoding mesh Branch led scale foliage 2154.
15:35:01 | INFO: Draco encoder: Encoding mesh Branch led scale foliage 2155.
15:35:01 | INFO: Draco encoder: Encoding mesh Branch led scale foliage 2156.
15:35:01 | INFO: Draco encoder: Encoding mesh Branch led scale foliage 2157.
15:35:01 | INFO: Draco encoder: Encoding mesh Branch led scale foliage 2158.
15:35:01 | INFO: Draco encoder: Encoding mesh Branch led scale foliage 2159.
15:35:01 | INFO: Draco encoder: Encoding mesh Branch led scale foliage 2160.
15:35:01 | INFO: Draco encoder: Encoding mesh Branch led scale foliage 2161.
15:35:01 | INFO: Draco encoder: Encoding mesh Branch led scale foliage 2162.
15:35:01 | INFO: Draco encoder: Encoding mesh Branch led scale foliage 2163.
15:35:01 | INFO: Draco encoder: Encoding mesh Branch led scale foliage 2164.
15:35:01 | INFO: Draco encoder: Encoding mesh Branch led scale foliage 2165.
15:35:01 | INFO: Draco encoder: Encoding mesh Branch led scale foliage 2166.
15:35:01 | INFO: Draco encoder: Encoding mesh Branch led scale foliage 2167.
15:35:01 | INFO: Draco encoder: Encoding mesh Branch led scale foliage 2168.
15:35:01 | INFO: Draco encoder: Encoding mesh Branch led scale foliage 2169.
15:35:01 | INFO: Draco encoder: Encoding mesh Branch led scale foliage 2170.
15:35:01 | INFO: Draco encoder: Encoding mesh Branch led scale foliage 2171.
15:35:01 | INFO: Draco encoder: Encoding mesh Branch led scale foliage 2172.
15:35:01 | INFO: Draco encoder: Encoding mesh Branch led scale foliage 2173.
15:35:01 | INFO: Draco encoder: Encoding mesh Branch led scale foliage 2174.
15:35:01 | INFO: Draco encoder: Encoding mesh Branch led scale foliage 2175.
15:35:01 | INFO: Draco encoder: Encoding mesh Branch led scale foliage 2176.
15:35:01 | INFO: Draco encoder: Encoding mesh Branch led scale foliage 2177.
15:35:01 | INFO: Draco encoder: Encoding mesh Branch led scale foliage 2178.
15:35:01 | INFO: Draco encoder: Encoding mesh Branch led scale foliage 2179.
15:35:01 | INFO: Draco encoder: Encoding mesh Branch led scale foliage 2180.
15:35:01 | INFO: Draco encoder: Encoding mesh Branch led scale foliage 2181.
15:35:01 | INFO: Draco encoder: Encoding mesh Branch led scale foliage 2182.
15:35:01 | INFO: Draco encoder: Encoding mesh Branch led scale foliage 2183.
15:35:01 | INFO: Draco encoder: Encoding mesh Branch led scale foliage 2184.
15:35:01 | INFO: Draco encoder: Encoding mesh Branch led scale foliage 2185.
15:35:01 | INFO: Draco encoder: Encoding mesh Branch led scale foliage 2186.
15:35:01 | INFO: Draco encoder: Encoding mesh Branch led scale foliage 2187.
15:35:01 | INFO: Draco encoder: Encoding mesh Branch led scale foliage 2188.
15:35:01 | INFO: Draco encoder: Encoding mesh Branch led scale foliage 2189.
15:35:01 | INFO: Draco encoder: Encoding mesh Branch led scale foliage 2190.
15:35:01 | INFO: Draco encoder: Encoding mesh Branch led scale foliage 2191.
15:35:01 | INFO: Draco encoder: Encoding mesh Branch led scale foliage 2192.
15:35:01 | INFO: Draco encoder: Encoding mesh Branch led scale foliage 2193.
15:35:01 | INFO: Draco encoder: Encoding mesh Branch led scale foliage 2194.
15:35:01 | INFO: Draco encoder: Encoding mesh Branch led scale foliage 2195.
15:35:01 | INFO: Draco encoder: Encoding mesh Branch led scale foliage 2196.
15:35:01 | INFO: Draco encoder: Encoding mesh Branch led scale foliage 2197.
15:35:01 | INFO: Draco encoder: Encoding mesh Branch led scale foliage 2198.
15:35:01 | INFO: Draco encoder: Encoding mesh Branch led scale foliage 2199.
15:35:01 | INFO: Draco encoder: Encoding mesh Branch led scale foliage 2200.
15:35:01 | INFO: Draco encoder: Encoding mesh Branch led scale foliage 2201.
15:35:01 | INFO: Draco encoder: Encoding mesh Branch led scale foliage 2202.
15:35:01 | INFO: Draco encoder: Encoding mesh Branch led scale foliage 2203.
15:35:01 | INFO: Draco encoder: Encoding mesh Branch led scale foliage 2204.
15:35:01 | INFO: Draco encoder: Encoding mesh Branch led scale foliage 2205.
15:35:01 | INFO: Draco encoder: Encoding mesh Branch led scale foliage 2206.
15:35:01 | INFO: Draco encoder: Encoding mesh Branch led scale foliage 2207.
15:35:01 | INFO: Draco encoder: Encoding mesh Branch led scale foliage 2208.
15:35:01 | INFO: Draco encoder: Encoding mesh Branch led scale foliage 2209.
15:35:01 | INFO: Draco encoder: Encoding mesh Branch led scale foliage 2210.
15:35:01 | INFO: Draco encoder: Encoding mesh Branch led scale foliage 2211.
15:35:01 | INFO: Draco encoder: Encoding mesh Branch led scale foliage 2212.
15:35:01 | INFO: Draco encoder: Encoding mesh Branch led scale foliage 2213.
15:35:01 | INFO: Draco encoder: Encoding mesh Branch led scale foliage 2214.
15:35:01 | INFO: Draco encoder: Encoding mesh Branch led scale foliage 2215.
15:35:01 | INFO: Draco encoder: Encoding mesh Branch led scale foliage 2216.
15:35:01 | INFO: Draco encoder: Encoding mesh Branch led scale foliage 2217.
15:35:01 | INFO: Draco encoder: Encoding mesh Branch led scale foliage 2218.
15:35:01 | INFO: Draco encoder: Encoding mesh Branch led scale foliage 2219.
15:35:01 | INFO: Draco encoder: Encoding mesh Branch led scale foliage 2220.
15:35:01 | INFO: Draco encoder: Encoding mesh Branch led scale foliage 2221.
15:35:01 | INFO: Draco encoder: Encoding mesh Branch led scale foliage 2222.
15:35:01 | INFO: Draco encoder: Encoding mesh Branch led scale foliage 2223.
15:35:01 | INFO: Draco encoder: Encoding mesh Branch led scale foliage 2224.
15:35:01 | INFO: Draco encoder: Encoding mesh Branch led scale foliage 2225.
15:35:01 | INFO: Draco encoder: Encoding mesh Branch led scale foliage 2226.
15:35:01 | INFO: Draco encoder: Encoding mesh Branch led scale foliage 2227.
15:35:01 | INFO: Draco encoder: Encoding mesh Branch led scale foliage 2228.
15:35:01 | INFO: Draco encoder: Encoding mesh Branch led scale foliage 2229.
15:35:01 | INFO: Draco encoder: Encoding mesh Branch led scale foliage 2230.
15:35:01 | INFO: Draco encoder: Encoding mesh Branch led scale foliage 2231.
15:35:01 | INFO: Draco encoder: Encoding mesh Branch led scale foliage 2232.
15:35:01 | INFO: Draco encoder: Encoding mesh Branch led scale foliage 2233.
15:35:01 | INFO: Draco encoder: Encoding mesh Branch led scale foliage 2234.
15:35:01 | INFO: Draco encoder: Encoding mesh Branch led scale foliage 2235.
15:35:01 | INFO: Draco encoder: Encoding mesh Branch led scale foliage 2236.
15:35:01 | INFO: Draco encoder: Encoding mesh Branch led scale foliage 2237.
15:35:01 | INFO: Draco encoder: Encoding mesh Branch led scale foliage 2238.
15:35:01 | INFO: Draco encoder: Encoding mesh Branch led scale foliage 2239.
15:35:01 | INFO: Draco encoder: Encoding mesh Branch led scale foliage 2240.
15:35:01 | INFO: Draco encoder: Encoding mesh Branch led scale foliage 2241.
15:35:01 | INFO: Draco encoder: Encoding mesh Branch led scale foliage 2242.
15:35:01 | INFO: Draco encoder: Encoding mesh Branch led scale foliage 2243.
15:35:01 | INFO: Draco encoder: Encoding mesh Branch led scale foliage 2244.
15:35:01 | INFO: Draco encoder: Encoding mesh Branch led scale foliage 2245.
15:35:01 | INFO: Draco encoder: Encoding mesh Branch led scale foliage 2246.
15:35:01 | INFO: Draco encoder: Encoding mesh Branch led scale foliage 2247.
15:35:01 | INFO: Draco encoder: Encoding mesh Branch led scale foliage 2248.
15:35:01 | INFO: Draco encoder: Encoding mesh Branch led scale foliage 2249.
15:35:01 | INFO: Draco encoder: Encoding mesh Branch led scale foliage 2250.
15:35:01 | INFO: Draco encoder: Encoding mesh Branch led scale foliage 2251.
15:35:01 | INFO: Draco encoder: Encoding mesh Branch led scale foliage 2252.
15:35:01 | INFO: Draco encoder: Encoding mesh Branch led scale foliage 2253.
15:35:01 | INFO: Draco encoder: Encoding mesh Branch led scale foliage 2254.
15:35:01 | INFO: Draco encoder: Encoding mesh Branch led scale foliage 2255.
15:35:01 | INFO: Draco encoder: Encoding mesh Branch led scale foliage 2256.
15:35:01 | INFO: Draco encoder: Encoding mesh Branch led scale foliage 2257.
15:35:01 | INFO: Draco encoder: Encoding mesh Branch led scale foliage 2258.
15:35:01 | INFO: Draco encoder: Encoding mesh Branch led scale foliage 2259.
15:35:01 | INFO: Draco encoder: Encoding mesh Branch led scale foliage 2260.
15:35:01 | INFO: Draco encoder: Encoding mesh Branch led scale foliage 2261.
15:35:01 | INFO: Draco encoder: Encoding mesh Branch led scale foliage 2262.
15:35:01 | INFO: Draco encoder: Encoding mesh Branch led scale foliage 2263.
15:35:01 | INFO: Draco encoder: Encoding mesh Branch led scale foliage 2264.
15:35:01 | INFO: Draco encoder: Encoding mesh Branch led scale foliage 2265.
15:35:01 | INFO: Draco encoder: Encoding mesh Branch led scale foliage 2266.
15:35:01 | INFO: Draco encoder: Encoding mesh Branch led scale foliage 2267.
15:35:01 | INFO: Draco encoder: Encoding mesh Branch led scale foliage 2268.
15:35:01 | INFO: Draco encoder: Encoding mesh Branch led scale foliage 2269.
15:35:01 | INFO: Draco encoder: Encoding mesh Branch led scale foliage 2270.
15:35:01 | INFO: Draco encoder: Encoding mesh Branch led scale foliage 2271.
15:35:01 | INFO: Draco encoder: Encoding mesh Branch led scale foliage 2272.
15:35:01 | INFO: Draco encoder: Encoding mesh Branch led scale foliage 2273.
15:35:01 | INFO: Draco encoder: Encoding mesh Branch led scale foliage 2274.
15:35:01 | INFO: Draco encoder: Encoding mesh Branch led scale foliage 2275.
15:35:01 | INFO: Draco encoder: Encoding mesh Branch led scale foliage 2276.
15:35:01 | INFO: Draco encoder: Encoding mesh Branch led scale foliage 2277.
15:35:01 | INFO: Draco encoder: Encoding mesh Branch led scale foliage 2278.
15:35:01 | INFO: Draco encoder: Encoding mesh Branch led scale foliage 2279.
15:35:01 | INFO: Draco encoder: Encoding mesh Branch led scale foliage 2280.
15:35:01 | INFO: Draco encoder: Encoding mesh Branch led scale foliage 2281.
15:35:01 | INFO: Draco encoder: Encoding mesh Branch led scale foliage 2282.
15:35:01 | INFO: Draco encoder: Encoding mesh Branch led scale foliage 2283.
15:35:01 | INFO: Draco encoder: Encoding mesh Branch led scale foliage 2284.
15:35:01 | INFO: Draco encoder: Encoding mesh Branch led scale foliage 2285.
15:35:01 | INFO: Draco encoder: Encoding mesh Branch led scale foliage 2286.
15:35:01 | INFO: Draco encoder: Encoding mesh Branch led scale foliage 2287.
15:35:01 | INFO: Draco encoder: Encoding mesh Branch led scale foliage 2288.
15:35:01 | INFO: Draco encoder: Encoding mesh Branch led scale foliage 2289.
15:35:01 | INFO: Draco encoder: Encoding mesh Branch led scale foliage 2290.
15:35:01 | INFO: Draco encoder: Encoding mesh Branch led scale foliage 2291.
15:35:01 | INFO: Draco encoder: Encoding mesh Branch led scale foliage 2292.
15:35:01 | INFO: Draco encoder: Encoding mesh Branch led scale foliage 2293.
15:35:01 | INFO: Draco encoder: Encoding mesh Branch led scale foliage 2294.
15:35:01 | INFO: Draco encoder: Encoding mesh Branch led scale foliage 2295.
15:35:01 | INFO: Draco encoder: Encoding mesh Branch led scale foliage 2296.
15:35:01 | INFO: Draco encoder: Encoding mesh Branch led scale foliage 2297.
15:35:01 | INFO: Draco encoder: Encoding mesh Branch led scale foliage 2298.
15:35:01 | INFO: Draco encoder: Encoding mesh Branch led scale foliage 2299.
15:35:01 | INFO: Draco encoder: Encoding mesh Branch led scale foliage 2300.
15:35:01 | INFO: Draco encoder: Encoding mesh Branch led scale foliage 2301.
15:35:01 | INFO: Draco encoder: Encoding mesh Branch led scale foliage 2302.
15:35:01 | INFO: Draco encoder: Encoding mesh Branch led scale foliage 2303.
15:35:01 | INFO: Draco encoder: Encoding mesh Branch led scale foliage 2304.
15:35:01 | INFO: Draco encoder: Encoding mesh Branch led scale foliage 2305.
15:35:01 | INFO: Draco encoder: Encoding mesh Branch led scale foliage 2306.
15:35:01 | INFO: Draco encoder: Encoding mesh Branch led scale foliage 2307.
15:35:01 | INFO: Draco encoder: Encoding mesh Branch led scale foliage 2308.
15:35:01 | INFO: Draco encoder: Encoding mesh Branch led scale foliage 2309.
15:35:01 | INFO: Draco encoder: Encoding mesh Branch led scale foliage 2310.
15:35:01 | INFO: Draco encoder: Encoding mesh Branch led scale foliage 2311.
15:35:01 | INFO: Draco encoder: Encoding mesh Branch led scale foliage 2312.
15:35:01 | INFO: Draco encoder: Encoding mesh Branch led scale foliage 2313.
15:35:01 | INFO: Draco encoder: Encoding mesh Branch led scale foliage 2314.
15:35:01 | INFO: Draco encoder: Encoding mesh Branch led scale foliage 2315.
15:35:01 | INFO: Draco encoder: Encoding mesh Branch led scale foliage 2316.
15:35:01 | INFO: Draco encoder: Encoding mesh Branch led scale foliage 2317.
15:35:01 | INFO: Draco encoder: Encoding mesh Branch led scale foliage 2318.
15:35:01 | INFO: Draco encoder: Encoding mesh Branch led scale foliage 2319.
15:35:01 | INFO: Draco encoder: Encoding mesh Branch led scale foliage 2320.
15:35:01 | INFO: Draco encoder: Encoding mesh Branch led scale foliage 2321.
15:35:01 | INFO: Draco encoder: Encoding mesh Branch led scale foliage 2322.
15:35:01 | INFO: Draco encoder: Encoding mesh Branch led scale foliage 2323.
15:35:01 | INFO: Draco encoder: Encoding mesh Branch led scale foliage 2324.
15:35:01 | INFO: Draco encoder: Encoding mesh Branch led scale foliage 2325.
15:35:01 | INFO: Draco encoder: Encoding mesh Branch led scale foliage 2326.
15:35:01 | INFO: Draco encoder: Encoding mesh Branch led scale foliage 2327.
15:35:01 | INFO: Draco encoder: Encoding mesh Branch led scale foliage 2328.
15:35:01 | INFO: Draco encoder: Encoding mesh Branch led scale foliage 2329.
15:35:01 | INFO: Draco encoder: Encoding mesh Branch led scale foliage 2330.
15:35:01 | INFO: Draco encoder: Encoding mesh Branch led scale foliage 2331.
15:35:01 | INFO: Draco encoder: Encoding mesh Branch led scale foliage 2332.
15:35:01 | INFO: Draco encoder: Encoding mesh Branch led scale foliage 2333.
15:35:01 | INFO: Draco encoder: Encoding mesh Branch led scale foliage 2334.
15:35:01 | INFO: Draco encoder: Encoding mesh Branch led scale foliage 2335.
15:35:01 | INFO: Draco encoder: Encoding mesh Branch led scale foliage 2336.
15:35:01 | INFO: Draco encoder: Encoding mesh Branch led scale foliage 2337.
15:35:01 | INFO: Draco encoder: Encoding mesh Branch led scale foliage 2338.
15:35:01 | INFO: Draco encoder: Encoding mesh Branch led scale foliage 2339.
15:35:01 | INFO: Draco encoder: Encoding mesh Branch led scale foliage 2340.
15:35:01 | INFO: Draco encoder: Encoding mesh Branch led scale foliage 2341.
15:35:01 | INFO: Draco encoder: Encoding mesh Branch led scale foliage 2342.
15:35:01 | INFO: Draco encoder: Encoding mesh Branch led scale foliage 2343.
15:35:01 | INFO: Draco encoder: Encoding mesh Branch led scale foliage 2344.
15:35:01 | INFO: Draco encoder: Encoding mesh Branch led scale foliage 2345.
15:35:01 | INFO: Draco encoder: Encoding mesh Branch led scale foliage 2346.
15:35:01 | INFO: Draco encoder: Encoding mesh Branch led scale foliage 2347.
15:35:01 | INFO: Draco encoder: Encoding mesh Branch led scale foliage 2348.
15:35:01 | INFO: Draco encoder: Encoding mesh Branch led scale foliage 2349.
15:35:01 | INFO: Draco encoder: Encoding mesh Branch led scale foliage 2350.
15:35:01 | INFO: Draco encoder: Encoding mesh Branch led scale foliage 2351.
15:35:01 | INFO: Draco encoder: Encoding mesh Branch led scale foliage 2352.
15:35:01 | INFO: Draco encoder: Encoding mesh Branch led scale foliage 2353.
15:35:01 | INFO: Draco encoder: Encoding mesh Branch led scale foliage 2354.
15:35:01 | INFO: Draco encoder: Encoding mesh Branch led scale foliage 2355.
15:35:01 | INFO: Draco encoder: Encoding mesh Branch led scale foliage 2356.
15:35:01 | INFO: Draco encoder: Encoding mesh Branch led scale foliage 2357.
15:35:01 | INFO: Draco encoder: Encoding mesh Branch led scale foliage 2358.
15:35:01 | INFO: Draco encoder: Encoding mesh Branch led scale foliage 2359.
15:35:01 | INFO: Draco encoder: Encoding mesh Branch led scale foliage 2360.
15:35:01 | INFO: Draco encoder: Encoding mesh Branch led scale foliage 2361.
15:35:01 | INFO: Draco encoder: Encoding mesh Branch led scale foliage 2362.
15:35:01 | INFO: Draco encoder: Encoding mesh Branch led scale foliage 2363.
15:35:01 | INFO: Draco encoder: Encoding mesh Branch led scale foliage 2364.
15:35:01 | INFO: Draco encoder: Encoding mesh Branch led scale foliage 2365.
15:35:01 | INFO: Draco encoder: Encoding mesh Branch led scale foliage 2366.
15:35:01 | INFO: Draco encoder: Encoding mesh Branch led scale foliage 2367.
15:35:01 | INFO: Draco encoder: Encoding mesh Branch led scale foliage 2368.
15:35:01 | INFO: Draco encoder: Encoding mesh Branch led scale foliage 2369.
15:35:01 | INFO: Draco encoder: Encoding mesh Branch led scale foliage 2370.
15:35:01 | INFO: Draco encoder: Encoding mesh Branch led scale foliage 2371.
15:35:01 | INFO: Draco encoder: Encoding mesh Branch led scale foliage 2372.
15:35:01 | INFO: Draco encoder: Encoding mesh Branch led scale foliage 2373.
15:35:01 | INFO: Draco encoder: Encoding mesh Branch led scale foliage 2374.
15:35:01 | INFO: Draco encoder: Encoding mesh Branch led scale foliage 2375.
15:35:01 | INFO: Draco encoder: Encoding mesh Branch led scale foliage 2376.
15:35:01 | INFO: Draco encoder: Encoding mesh Branch led scale foliage 2377.
15:35:01 | INFO: Draco encoder: Encoding mesh Branch led scale foliage 2378.
15:35:01 | INFO: Draco encoder: Encoding mesh Branch led scale foliage 2379.
15:35:01 | INFO: Draco encoder: Encoding mesh Branch led scale foliage 2380.
15:35:01 | INFO: Draco encoder: Encoding mesh Branch led scale foliage 2381.
15:35:01 | INFO: Draco encoder: Encoding mesh Branch led scale foliage 2382.
15:35:01 | INFO: Draco encoder: Encoding mesh Branch led scale foliage 2383.
15:35:01 | INFO: Draco encoder: Encoding mesh Branch led scale foliage 2384.
15:35:01 | INFO: Draco encoder: Encoding mesh Branch led scale foliage 2385.
15:35:01 | INFO: Draco encoder: Encoding mesh Branch led scale foliage 2386.
15:35:01 | INFO: Draco encoder: Encoding mesh Branch led scale foliage 2387.
15:35:01 | INFO: Draco encoder: Encoding mesh Branch led scale foliage 2388.
15:35:01 | INFO: Draco encoder: Encoding mesh Branch led scale foliage 2389.
15:35:01 | INFO: Draco encoder: Encoding mesh Branch led scale foliage 2390.
15:35:01 | INFO: Draco encoder: Encoding mesh Branch led scale foliage 2391.
15:35:01 | INFO: Draco encoder: Encoding mesh Branch led scale foliage 2392.
15:35:01 | INFO: Draco encoder: Encoding mesh Branch led scale foliage 2393.
15:35:01 | INFO: Draco encoder: Encoding mesh Branch led scale foliage 2394.
15:35:01 | INFO: Draco encoder: Encoding mesh Branch led scale foliage 2395.
15:35:01 | INFO: Draco encoder: Encoding mesh Branch led scale foliage 2396.
15:35:01 | INFO: Draco encoder: Encoding mesh Branch led scale foliage 2397.
15:35:01 | INFO: Draco encoder: Encoding mesh Branch led scale foliage 2398.
15:35:01 | INFO: Draco encoder: Encoding mesh Branch led scale foliage 2399.
15:35:01 | INFO: Draco encoder: Encoding mesh Branch led scale foliage 2400.
15:35:01 | INFO: Draco encoder: Encoding mesh Branch led scale foliage 2401.
15:35:01 | INFO: Draco encoder: Encoding mesh Branch led scale foliage 2402.
15:35:01 | INFO: Draco encoder: Encoding mesh Branch led scale foliage 2403.
15:35:01 | INFO: Draco encoder: Encoding mesh Branch led scale foliage 2404.
15:35:01 | INFO: Draco encoder: Encoding mesh Branch led scale foliage 2405.
15:35:01 | INFO: Draco encoder: Encoding mesh Branch led scale foliage 2406.
15:35:01 | INFO: Draco encoder: Encoding mesh Branch led scale foliage 2407.
15:35:01 | INFO: Draco encoder: Encoding mesh Branch led scale foliage 2408.
15:35:01 | INFO: Draco encoder: Encoding mesh Branch led scale foliage 2409.
15:35:01 | INFO: Draco encoder: Encoding mesh Branch led scale foliage 2410.
15:35:01 | INFO: Draco encoder: Encoding mesh Branch led scale foliage 2411.
15:35:01 | INFO: Draco encoder: Encoding mesh Branch led scale foliage 2412.
15:35:01 | INFO: Draco encoder: Encoding mesh Branch led scale foliage 2413.
15:35:01 | INFO: Draco encoder: Encoding mesh Branch led scale foliage 2414.
15:35:01 | INFO: Draco encoder: Encoding mesh Branch led scale foliage 2415.
15:35:01 | INFO: Draco encoder: Encoding mesh Branch led scale foliage 2416.
15:35:01 | INFO: Draco encoder: Encoding mesh Branch led scale foliage 2417.
15:35:01 | INFO: Draco encoder: Encoding mesh Branch led scale foliage 2418.
15:35:01 | INFO: Draco encoder: Encoding mesh Branch led scale foliage 2419.
15:35:01 | INFO: Draco encoder: Encoding mesh Branch led scale foliage 2420.
15:35:01 | INFO: Draco encoder: Encoding mesh Branch led scale foliage 2421.
15:35:01 | INFO: Draco encoder: Encoding mesh Branch led scale foliage 2422.
15:35:01 | INFO: Draco encoder: Encoding mesh Branch led scale foliage 2423.
15:35:01 | INFO: Draco encoder: Encoding mesh Branch led scale foliage 2424.
15:35:01 | INFO: Draco encoder: Encoding mesh Branch led scale foliage 2425.
15:35:01 | INFO: Draco encoder: Encoding mesh Branch led scale foliage 2426.
15:35:01 | INFO: Draco encoder: Encoding mesh Branch led scale foliage 2427.
15:35:01 | INFO: Draco encoder: Encoding mesh Branch led scale foliage 2428.
15:35:01 | INFO: Draco encoder: Encoding mesh Branch led scale foliage 2429.
15:35:01 | INFO: Draco encoder: Encoding mesh Branch led scale foliage 2430.
15:35:01 | INFO: Draco encoder: Encoding mesh Branch led scale foliage 2431.
15:35:01 | INFO: Draco encoder: Encoding mesh Branch led scale foliage 2432.
15:35:01 | INFO: Draco encoder: Encoding mesh Branch led scale foliage 2433.
15:35:01 | INFO: Draco encoder: Encoding mesh Branch led scale foliage 2434.
15:35:01 | INFO: Draco encoder: Encoding mesh Branch led scale foliage 2435.
15:35:01 | INFO: Draco encoder: Encoding mesh Branch led scale foliage 2436.
15:35:01 | INFO: Draco encoder: Encoding mesh Branch led scale foliage 2437.
15:35:01 | INFO: Draco encoder: Encoding mesh Branch led scale foliage 2438.
15:35:01 | INFO: Draco encoder: Encoding mesh Branch led scale foliage 2439.
15:35:01 | INFO: Draco encoder: Encoding mesh Branch led scale foliage 2440.
15:35:01 | INFO: Draco encoder: Encoding mesh Branch led scale foliage 2441.
15:35:01 | INFO: Draco encoder: Encoding mesh Branch led scale foliage 2442.
15:35:01 | INFO: Draco encoder: Encoding mesh Branch led scale foliage 2443.
15:35:01 | INFO: Draco encoder: Encoding mesh Branch led scale foliage 2444.
15:35:01 | INFO: Draco encoder: Encoding mesh Branch led scale foliage 2445.
15:35:01 | INFO: Draco encoder: Encoding mesh Branch led scale foliage 2446.
15:35:01 | INFO: Draco encoder: Encoding mesh Branch led scale foliage 2447.
15:35:01 | INFO: Draco encoder: Encoding mesh Branch led scale foliage 2448.
15:35:01 | INFO: Draco encoder: Encoding mesh Branch led scale foliage 2449.
15:35:01 | INFO: Draco encoder: Encoding mesh Branch led scale foliage 2450.
15:35:01 | INFO: Draco encoder: Encoding mesh Branch led scale foliage 2451.
15:35:01 | INFO: Draco encoder: Encoding mesh Branch led scale foliage 2452.
15:35:01 | INFO: Draco encoder: Encoding mesh Branch led scale foliage 2453.
15:35:01 | INFO: Draco encoder: Encoding mesh Branch led scale foliage 2454.
15:35:01 | INFO: Draco encoder: Encoding mesh Branch led scale foliage 2455.
15:35:01 | INFO: Draco encoder: Encoding mesh Branch led scale foliage 2456.
15:35:01 | INFO: Draco encoder: Encoding mesh Branch led scale foliage 2457.
15:35:01 | INFO: Draco encoder: Encoding mesh Branch led scale foliage 2458.
15:35:01 | INFO: Draco encoder: Encoding mesh Branch led scale foliage 2459.
15:35:01 | INFO: Draco encoder: Encoding mesh Branch led scale foliage 2460.
15:35:01 | INFO: Draco encoder: Encoding mesh Branch led scale foliage 2461.
15:35:01 | INFO: Draco encoder: Encoding mesh Branch led scale foliage 2462.
15:35:01 | INFO: Draco encoder: Encoding mesh Branch led scale foliage 2463.
15:35:01 | INFO: Draco encoder: Encoding mesh Branch led scale foliage 2464.
15:35:01 | INFO: Draco encoder: Encoding mesh Branch led scale foliage 2465.
15:35:01 | INFO: Draco encoder: Encoding mesh Branch led scale foliage 2466.
15:35:01 | INFO: Draco encoder: Encoding mesh Branch led scale foliage 2467.
15:35:01 | INFO: Draco encoder: Encoding mesh Branch led scale foliage 2468.
15:35:01 | INFO: Draco encoder: Encoding mesh Branch led scale foliage 2469.
15:35:01 | INFO: Draco encoder: Encoding mesh Branch led scale foliage 2470.
15:35:01 | INFO: Draco encoder: Encoding mesh Branch led scale foliage 2471.
15:35:01 | INFO: Draco encoder: Encoding mesh Branch led scale foliage 2472.
15:35:01 | INFO: Draco encoder: Encoding mesh Branch led scale foliage 2473.
15:35:01 | INFO: Draco encoder: Encoding mesh Branch led scale foliage 2474.
15:35:01 | INFO: Draco encoder: Encoding mesh Branch led scale foliage 2475.
15:35:01 | INFO: Draco encoder: Encoding mesh Branch led scale foliage 2476.
15:35:01 | INFO: Draco encoder: Encoding mesh Branch led scale foliage 2477.
15:35:01 | INFO: Draco encoder: Encoding mesh Branch led scale foliage 2478.
15:35:01 | INFO: Draco encoder: Encoding mesh Branch led scale foliage 2479.
15:35:01 | INFO: Draco encoder: Encoding mesh Branch led scale foliage 2480.
15:35:01 | INFO: Draco encoder: Encoding mesh Branch led scale foliage 2481.
15:35:01 | INFO: Draco encoder: Encoding mesh Branch led scale foliage 2482.
15:35:01 | INFO: Draco encoder: Encoding mesh Branch led scale foliage 2483.
15:35:01 | INFO: Draco encoder: Encoding mesh Branch led scale foliage 2484.
15:35:01 | INFO: Draco encoder: Encoding mesh Branch led scale foliage 2485.
15:35:01 | INFO: Draco encoder: Encoding mesh Branch led scale foliage 2486.
15:35:01 | INFO: Draco encoder: Encoding mesh Branch led scale foliage 2487.
15:35:01 | INFO: Draco encoder: Encoding mesh Branch led scale foliage 2488.
15:35:01 | INFO: Draco encoder: Encoding mesh Branch led scale foliage 2489.
15:35:01 | INFO: Draco encoder: Encoding mesh Branch led scale foliage 2490.
15:35:01 | INFO: Draco encoder: Encoding mesh Branch led scale foliage 2491.
15:35:01 | INFO: Draco encoder: Encoding mesh Branch led scale foliage 2492.
15:35:01 | INFO: Draco encoder: Encoding mesh Branch led scale foliage 2493.
15:35:01 | INFO: Draco encoder: Encoding mesh Branch led scale foliage 2494.
15:35:01 | INFO: Draco encoder: Encoding mesh Branch led scale foliage 2495.
15:35:01 | INFO: Draco encoder: Encoding mesh Branch led scale foliage 2496.
15:35:01 | INFO: Draco encoder: Encoding mesh Branch led scale foliage 2497.
15:35:01 | INFO: Draco encoder: Encoding mesh Branch led scale foliage 2498.
15:35:01 | INFO: Draco encoder: Encoding mesh Branch led scale foliage 2499.
15:35:01 | INFO: Draco encoder: Encoding mesh Branch led scale foliage 2500.
15:35:01 | INFO: Draco encoder: Encoding mesh Branch led scale foliage 2501.
15:35:01 | INFO: Draco encoder: Encoding mesh Branch led scale foliage 2502.
15:35:01 | INFO: Draco encoder: Encoding mesh Branch led scale foliage 2503.
15:35:01 | INFO: Draco encoder: Encoding mesh Branch led scale foliage 2504.
15:35:01 | INFO: Draco encoder: Encoding mesh Branch led scale foliage 2505.
15:35:01 | INFO: Draco encoder: Encoding mesh Branch led scale foliage 2506.
15:35:01 | INFO: Draco encoder: Encoding mesh Branch led scale foliage 2507.
15:35:01 | INFO: Draco encoder: Encoding mesh Branch led scale foliage 2508.
15:35:01 | INFO: Draco encoder: Encoding mesh Branch led scale foliage 2509.
15:35:01 | INFO: Draco encoder: Encoding mesh Branch led scale foliage 2510.
15:35:01 | INFO: Draco encoder: Encoding mesh Branch led scale foliage 2511.
15:35:01 | INFO: Draco encoder: Encoding mesh Branch led scale foliage 2512.
15:35:01 | INFO: Draco encoder: Encoding mesh Branch led scale foliage 2513.
15:35:01 | INFO: Draco encoder: Encoding mesh Branch led scale foliage 2514.
15:35:01 | INFO: Draco encoder: Encoding mesh Branch led scale foliage 2515.
15:35:01 | INFO: Draco encoder: Encoding mesh Branch led scale foliage 2516.
15:35:01 | INFO: Draco encoder: Encoding mesh Branch led scale foliage 2517.
15:35:01 | INFO: Draco encoder: Encoding mesh Branch led scale foliage 2518.
15:35:01 | INFO: Draco encoder: Encoding mesh Branch led scale foliage 2519.
15:35:01 | INFO: Draco encoder: Encoding mesh Branch led scale foliage 2520.
15:35:01 | INFO: Draco encoder: Encoding mesh Branch led scale foliage 2521.
15:35:01 | INFO: Draco encoder: Encoding mesh Branch led scale foliage 2522.
15:35:01 | INFO: Draco encoder: Encoding mesh Branch led scale foliage 2523.
15:35:01 | INFO: Draco encoder: Encoding mesh Branch led scale foliage 2524.
15:35:01 | INFO: Draco encoder: Encoding mesh Branch led scale foliage 2525.
15:35:01 | INFO: Draco encoder: Encoding mesh Branch led scale foliage 2526.
15:35:01 | INFO: Draco encoder: Encoding mesh Branch led scale foliage 2527.
15:35:01 | INFO: Draco encoder: Encoding mesh Branch led scale foliage 2528.
15:35:01 | INFO: Draco encoder: Encoding mesh Branch led scale foliage 2529.
15:35:01 | INFO: Draco encoder: Encoding mesh Branch led scale foliage 2530.
15:35:01 | INFO: Draco encoder: Encoding mesh Branch led scale foliage 2531.
15:35:01 | INFO: Draco encoder: Encoding mesh Branch led scale foliage 2532.
15:35:01 | INFO: Draco encoder: Encoding mesh Branch led scale foliage 2533.
15:35:01 | INFO: Draco encoder: Encoding mesh Branch led scale foliage 2534.
15:35:01 | INFO: Draco encoder: Encoding mesh Branch led scale foliage 2535.
15:35:01 | INFO: Draco encoder: Encoding mesh Branch led scale foliage 2536.
15:35:01 | INFO: Draco encoder: Encoding mesh Branch led scale foliage 2537.
15:35:01 | INFO: Draco encoder: Encoding mesh Branch led scale foliage 2538.
15:35:01 | INFO: Draco encoder: Encoding mesh Branch led scale foliage 2539.
15:35:01 | INFO: Draco encoder: Encoding mesh Branch led scale foliage 2540.
15:35:01 | INFO: Draco encoder: Encoding mesh Branch led scale foliage 2541.
15:35:01 | INFO: Draco encoder: Encoding mesh Branch led scale foliage 2542.
15:35:01 | INFO: Draco encoder: Encoding mesh Branch led scale foliage 2543.
15:35:01 | INFO: Draco encoder: Encoding mesh Branch led scale foliage 2544.
15:35:01 | INFO: Draco encoder: Encoding mesh Branch led scale foliage 2545.
15:35:01 | INFO: Draco encoder: Encoding mesh Branch led scale foliage 2546.
15:35:01 | INFO: Draco encoder: Encoding mesh Branch led scale foliage 2547.
15:35:01 | INFO: Draco encoder: Encoding mesh Branch led scale foliage 2548.
15:35:01 | INFO: Draco encoder: Encoding mesh Branch led scale foliage 2549.
15:35:01 | INFO: Draco encoder: Encoding mesh Branch led scale foliage 2550.
15:35:01 | INFO: Draco encoder: Encoding mesh Branch led scale foliage 2551.
15:35:01 | INFO: Draco encoder: Encoding mesh Branch led scale foliage 2552.
15:35:01 | INFO: Draco encoder: Encoding mesh Branch led scale foliage 2553.
15:35:01 | INFO: Draco encoder: Encoding mesh Branch led scale foliage 2554.
15:35:01 | INFO: Draco encoder: Encoding mesh Branch led scale foliage 2555.
15:35:01 | INFO: Draco encoder: Encoding mesh Branch led scale foliage 2556.
15:35:01 | INFO: Draco encoder: Encoding mesh Branch led scale foliage 2557.
15:35:01 | INFO: Draco encoder: Encoding mesh Branch led scale foliage 2558.
15:35:01 | INFO: Draco encoder: Encoding mesh Branch led scale foliage 2559.
15:35:01 | INFO: Draco encoder: Encoding mesh Branch led scale foliage 2560.
15:35:01 | INFO: Draco encoder: Encoding mesh Branch led scale foliage 2561.
15:35:01 | INFO: Draco encoder: Encoding mesh Branch led scale foliage 2562.
15:35:01 | INFO: Draco encoder: Encoding mesh Branch led scale foliage 2563.
15:35:01 | INFO: Draco encoder: Encoding mesh Branch led scale foliage 2564.
15:35:01 | INFO: Draco encoder: Encoding mesh Branch led scale foliage 2565.
15:35:01 | INFO: Draco encoder: Encoding mesh Branch led scale foliage 2566.
15:35:01 | INFO: Draco encoder: Encoding mesh Branch led scale foliage 2567.
15:35:01 | INFO: Draco encoder: Encoding mesh Branch led scale foliage 2568.
15:35:01 | INFO: Draco encoder: Encoding mesh Branch led scale foliage 2569.
15:35:01 | INFO: Draco encoder: Encoding mesh Branch led scale foliage 2570.
15:35:01 | INFO: Draco encoder: Encoding mesh Branch led scale foliage 2571.
15:35:01 | INFO: Draco encoder: Encoding mesh Branch led scale foliage 2572.
15:35:01 | INFO: Draco encoder: Encoding mesh Branch led scale foliage 2573.
15:35:01 | INFO: Draco encoder: Encoding mesh Branch led scale foliage 2574.
15:35:01 | INFO: Draco encoder: Encoding mesh Branch led scale foliage 2575.
15:35:01 | INFO: Draco encoder: Encoding mesh Branch led scale foliage 2576.
15:35:01 | INFO: Draco encoder: Encoding mesh Branch led scale foliage 2577.
15:35:01 | INFO: Draco encoder: Encoding mesh Branch led scale foliage 2578.
15:35:01 | INFO: Draco encoder: Encoding mesh Branch led scale foliage 2579.
15:35:01 | INFO: Draco encoder: Encoding mesh Branch led scale foliage 2580.
15:35:01 | INFO: Draco encoder: Encoding mesh Branch led scale foliage 2581.
15:35:01 | INFO: Draco encoder: Encoding mesh Branch led scale foliage 2582.
15:35:01 | INFO: Draco encoder: Encoding mesh Branch led scale foliage 2583.
15:35:01 | INFO: Draco encoder: Encoding mesh Branch led scale foliage 2584.
15:35:01 | INFO: Draco encoder: Encoding mesh Branch led scale foliage 2585.
15:35:01 | INFO: Draco encoder: Encoding mesh Branch led scale foliage 2586.
15:35:01 | INFO: Draco encoder: Encoding mesh Branch led scale foliage 2587.
15:35:01 | INFO: Draco encoder: Encoding mesh Branch led scale foliage 2588.
15:35:01 | INFO: Draco encoder: Encoding mesh Branch led scale foliage 2589.
15:35:01 | INFO: Draco encoder: Encoding mesh Branch led scale foliage 2590.
15:35:01 | INFO: Draco encoder: Encoding mesh Branch led scale foliage 2591.
15:35:01 | INFO: Draco encoder: Encoding mesh Branch led scale foliage 2592.
15:35:01 | INFO: Draco encoder: Encoding mesh Branch led scale foliage 2593.
15:35:01 | INFO: Draco encoder: Encoding mesh Branch led scale foliage 2594.
15:35:01 | INFO: Draco encoder: Encoding mesh Branch led scale foliage 2595.
15:35:01 | INFO: Draco encoder: Encoding mesh Branch led scale foliage 2596.
15:35:01 | INFO: Draco encoder: Encoding mesh Branch led scale foliage 2597.
15:35:01 | INFO: Draco encoder: Encoding mesh Branch led scale foliage 2598.
15:35:01 | INFO: Draco encoder: Encoding mesh Branch led scale foliage 2599.
15:35:01 | INFO: Draco encoder: Encoding mesh Branch led scale foliage 2600.
15:35:01 | INFO: Draco encoder: Encoding mesh Branch led scale foliage 2601.
15:35:01 | INFO: Draco encoder: Encoding mesh Branch led scale foliage 2602.
15:35:01 | INFO: Draco encoder: Encoding mesh Branch led scale foliage 2603.
15:35:01 | INFO: Draco encoder: Encoding mesh Branch led scale foliage 2604.
15:35:01 | INFO: Draco encoder: Encoding mesh Branch led scale foliage 2605.
15:35:01 | INFO: Draco encoder: Encoding mesh Branch led scale foliage 2606.
15:35:01 | INFO: Draco encoder: Encoding mesh Branch led scale foliage 2607.
15:35:01 | INFO: Draco encoder: Encoding mesh Branch led scale foliage 2608.
15:35:01 | INFO: Draco encoder: Encoding mesh Branch led scale foliage 2609.
15:35:01 | INFO: Draco encoder: Encoding mesh Branch led scale foliage 2610.
15:35:01 | INFO: Draco encoder: Encoding mesh Branch led scale foliage 2611.
15:35:01 | INFO: Draco encoder: Encoding mesh Branch led scale foliage 2612.
15:35:01 | INFO: Draco encoder: Encoding mesh Branch led scale foliage 2613.
15:35:01 | INFO: Draco encoder: Encoding mesh Branch led scale foliage 2614.
15:35:01 | INFO: Draco encoder: Encoding mesh Branch led scale foliage 2615.
15:35:01 | INFO: Draco encoder: Encoding mesh Branch led scale foliage 2616.
15:35:01 | INFO: Draco encoder: Encoding mesh Branch led scale foliage 2617.
15:35:01 | INFO: Draco encoder: Encoding mesh Branch led scale foliage 2618.
15:35:01 | INFO: Draco encoder: Encoding mesh Branch led scale foliage 2619.
15:35:01 | INFO: Draco encoder: Encoding mesh Branch led scale foliage 2620.
15:35:01 | INFO: Draco encoder: Encoding mesh Branch led scale foliage 2621.
15:35:01 | INFO: Draco encoder: Encoding mesh Branch led scale foliage 2622.
15:35:01 | INFO: Draco encoder: Encoding mesh Branch led scale foliage 2623.
15:35:01 | INFO: Draco encoder: Encoding mesh Branch led scale foliage 2624.
15:35:01 | INFO: Draco encoder: Encoding mesh Branch led scale foliage 2625.
15:35:01 | INFO: Draco encoder: Encoding mesh Branch led scale foliage 2626.
15:35:01 | INFO: Draco encoder: Encoding mesh Branch led scale foliage 2627.
15:35:01 | INFO: Draco encoder: Encoding mesh Branch led scale foliage 2628.
15:35:01 | INFO: Draco encoder: Encoding mesh Branch led scale foliage 2629.
15:35:01 | INFO: Draco encoder: Encoding mesh Branch led scale foliage 2630.
15:35:01 | INFO: Draco encoder: Encoding mesh Branch led scale foliage 2631.
15:35:01 | INFO: Draco encoder: Encoding mesh Branch led scale foliage 2632.
15:35:01 | INFO: Draco encoder: Encoding mesh Branch led scale foliage 2633.
15:35:01 | INFO: Draco encoder: Encoding mesh Branch led scale foliage 2634.
15:35:01 | INFO: Draco encoder: Encoding mesh Branch led scale foliage 2635.
15:35:01 | INFO: Draco encoder: Encoding mesh Branch led scale foliage 2636.
15:35:01 | INFO: Draco encoder: Encoding mesh Branch led scale foliage 2637.
15:35:01 | INFO: Draco encoder: Encoding mesh Branch led scale foliage 2638.
15:35:01 | INFO: Draco encoder: Encoding mesh Branch led scale foliage 2639.
15:35:01 | INFO: Draco encoder: Encoding mesh Branch led scale foliage 2640.
15:35:01 | INFO: Draco encoder: Encoding mesh Branch led scale foliage 2641.
15:35:01 | INFO: Draco encoder: Encoding mesh Branch led scale foliage 2642.
15:35:01 | INFO: Draco encoder: Encoding mesh Branch led scale foliage 2643.
15:35:01 | INFO: Draco encoder: Encoding mesh Branch led scale foliage 2644.
15:35:01 | INFO: Draco encoder: Encoding mesh Branch led scale foliage 2645.
15:35:01 | INFO: Draco encoder: Encoding mesh Branch led scale foliage 2646.
15:35:01 | INFO: Draco encoder: Encoding mesh Branch led scale foliage 2647.
15:35:01 | INFO: Draco encoder: Encoding mesh Branch led scale foliage 2648.
15:35:01 | INFO: Draco encoder: Encoding mesh Branch led scale foliage 2649.
15:35:01 | INFO: Draco encoder: Encoding mesh Branch led scale foliage 2650.
15:35:01 | INFO: Draco encoder: Encoding mesh Branch led scale foliage 2651.
15:35:01 | INFO: Draco encoder: Encoding mesh Branch led scale foliage 2652.
15:35:01 | INFO: Draco encoder: Encoding mesh Branch led scale foliage 2653.
15:35:01 | INFO: Draco encoder: Encoding mesh Branch led scale foliage 2654.
15:35:01 | INFO: Draco encoder: Encoding mesh Branch led scale foliage 2655.
15:35:01 | INFO: Draco encoder: Encoding mesh Branch led scale foliage 2656.
15:35:01 | INFO: Draco encoder: Encoding mesh Branch led scale foliage 2657.
15:35:01 | INFO: Draco encoder: Encoding mesh Branch led scale foliage 2658.
15:35:01 | INFO: Draco encoder: Encoding mesh Branch led scale foliage 2659.
15:35:01 | INFO: Draco encoder: Encoding mesh Branch led scale foliage 2660.
15:35:01 | INFO: Draco encoder: Encoding mesh Branch led scale foliage 2661.
15:35:01 | INFO: Draco encoder: Encoding mesh Branch led scale foliage 2662.
15:35:01 | INFO: Draco encoder: Encoding mesh Branch led scale foliage 2663.
15:35:01 | INFO: Draco encoder: Encoding mesh Branch led scale foliage 2664.
15:35:01 | INFO: Draco encoder: Encoding mesh Branch led scale foliage 2665.
15:35:01 | INFO: Draco encoder: Encoding mesh Branch led scale foliage 2666.
15:35:01 | INFO: Draco encoder: Encoding mesh Branch led scale foliage 2667.
15:35:01 | INFO: Draco encoder: Encoding mesh Branch led scale foliage 2668.
15:35:01 | INFO: Draco encoder: Encoding mesh Branch led scale foliage 2669.
15:35:01 | INFO: Draco encoder: Encoding mesh Branch led scale foliage 2670.
15:35:01 | INFO: Draco encoder: Encoding mesh Branch led scale foliage 2671.
15:35:01 | INFO: Draco encoder: Encoding mesh Branch led scale foliage 2672.
15:35:01 | INFO: Draco encoder: Encoding mesh Branch led scale foliage 2673.
15:35:01 | INFO: Draco encoder: Encoding mesh Branch led scale foliage 2674.
15:35:01 | INFO: Draco encoder: Encoding mesh Branch led scale foliage 2675.
15:35:01 | INFO: Draco encoder: Encoding mesh Branch led scale foliage 2676.
15:35:01 | INFO: Draco encoder: Encoding mesh Branch led scale foliage 2677.
15:35:01 | INFO: Draco encoder: Encoding mesh Branch led scale foliage 2678.
15:35:01 | INFO: Draco encoder: Encoding mesh Branch led scale foliage 2679.
15:35:01 | INFO: Draco encoder: Encoding mesh Branch led scale foliage 2680.
15:35:01 | INFO: Draco encoder: Encoding mesh Branch led scale foliage 2681.
15:35:01 | INFO: Draco encoder: Encoding mesh Branch led scale foliage 2682.
15:35:01 | INFO: Draco encoder: Encoding mesh Branch led scale foliage 2683.
15:35:01 | INFO: Draco encoder: Encoding mesh Branch led scale foliage 2684.
15:35:01 | INFO: Draco encoder: Encoding mesh Branch led scale foliage 2685.
15:35:01 | INFO: Draco encoder: Encoding mesh Branch led scale foliage 2686.
15:35:01 | INFO: Draco encoder: Encoding mesh Branch led scale foliage 2687.
15:35:01 | INFO: Draco encoder: Encoding mesh Branch led scale foliage 2688.
15:35:01 | INFO: Draco encoder: Encoding mesh Branch led scale foliage 2689.
15:35:01 | INFO: Draco encoder: Encoding mesh Branch led scale foliage 2690.
15:35:01 | INFO: Draco encoder: Encoding mesh Branch led scale foliage 2691.
15:35:01 | INFO: Draco encoder: Encoding mesh Branch led scale foliage 2692.
15:35:01 | INFO: Draco encoder: Encoding mesh Branch led scale foliage 2693.
15:35:01 | INFO: Draco encoder: Encoding mesh Branch led scale foliage 2694.
15:35:01 | INFO: Draco encoder: Encoding mesh Branch led scale foliage 2695.
15:35:01 | INFO: Draco encoder: Encoding mesh Branch led scale foliage 2696.
15:35:01 | INFO: Draco encoder: Encoding mesh Branch led scale foliage 2697.
15:35:01 | INFO: Draco encoder: Encoding mesh Branch led scale foliage 2698.
15:35:01 | INFO: Draco encoder: Encoding mesh Branch led scale foliage 2699.
15:35:01 | INFO: Draco encoder: Encoding mesh Branch led scale foliage 2700.
15:35:01 | INFO: Draco encoder: Encoding mesh Branch led scale foliage 2701.
15:35:01 | INFO: Draco encoder: Encoding mesh Branch led scale foliage 2702.
15:35:01 | INFO: Draco encoder: Encoding mesh Branch led scale foliage 2703.
15:35:01 | INFO: Draco encoder: Encoding mesh Branch led scale foliage 2704.
15:35:01 | INFO: Draco encoder: Encoding mesh Branch led scale foliage 2705.
15:35:01 | INFO: Draco encoder: Encoding mesh Branch led scale foliage 2706.
15:35:01 | INFO: Draco encoder: Encoding mesh Branch led scale foliage 2707.
15:35:01 | INFO: Draco encoder: Encoding mesh Branch led scale foliage 2708.
15:35:01 | INFO: Draco encoder: Encoding mesh Branch led scale foliage 2709.
15:35:01 | INFO: Draco encoder: Encoding mesh Branch led scale foliage 2710.
15:35:01 | INFO: Draco encoder: Encoding mesh Branch led scale foliage 2711.
15:35:01 | INFO: Draco encoder: Encoding mesh Branch led scale foliage 2712.
15:35:01 | INFO: Draco encoder: Encoding mesh Branch led scale foliage 2713.
15:35:01 | INFO: Draco encoder: Encoding mesh Branch led scale foliage 2714.
15:35:01 | INFO: Draco encoder: Encoding mesh Branch led scale foliage 2715.
15:35:01 | INFO: Draco encoder: Encoding mesh Branch led scale foliage 2716.
15:35:01 | INFO: Draco encoder: Encoding mesh Branch led scale foliage 2717.
15:35:01 | INFO: Draco encoder: Encoding mesh Branch led scale foliage 2718.
15:35:01 | INFO: Draco encoder: Encoding mesh Branch led scale foliage 2719.
15:35:01 | INFO: Draco encoder: Encoding mesh Branch led scale foliage 2720.
15:35:01 | INFO: Draco encoder: Encoding mesh Branch led scale foliage 2721.
15:35:01 | INFO: Draco encoder: Encoding mesh Branch led scale foliage 2722.
15:35:01 | INFO: Draco encoder: Encoding mesh Branch led scale foliage 2723.
15:35:01 | INFO: Draco encoder: Encoding mesh Branch led scale foliage 2724.
15:35:01 | INFO: Draco encoder: Encoding mesh Branch led scale foliage 2725.
15:35:01 | INFO: Draco encoder: Encoding mesh Branch led scale foliage 2726.
15:35:01 | INFO: Draco encoder: Encoding mesh Branch led scale foliage 2727.
15:35:01 | INFO: Draco encoder: Encoding mesh Branch led scale foliage 2728.
15:35:01 | INFO: Draco encoder: Encoding mesh Branch led scale foliage 2729.
15:35:01 | INFO: Draco encoder: Encoding mesh Branch led scale foliage 2730.
15:35:01 | INFO: Draco encoder: Encoding mesh Branch led scale foliage 2731.
15:35:01 | INFO: Draco encoder: Encoding mesh Branch led scale foliage 2732.
15:35:01 | INFO: Draco encoder: Encoding mesh Branch led scale foliage 2733.
15:35:01 | INFO: Draco encoder: Encoding mesh Branch led scale foliage 2734.
15:35:01 | INFO: Draco encoder: Encoding mesh Branch led scale foliage 2735.
15:35:01 | INFO: Draco encoder: Encoding mesh Branch led scale foliage 2736.
15:35:01 | INFO: Draco encoder: Encoding mesh Branch led scale foliage 2737.
15:35:01 | INFO: Draco encoder: Encoding mesh Branch led scale foliage 2738.
15:35:01 | INFO: Draco encoder: Encoding mesh Branch led scale foliage 2739.
15:35:01 | INFO: Draco encoder: Encoding mesh Branch led scale foliage 2740.
15:35:01 | INFO: Draco encoder: Encoding mesh Branch led scale foliage 2741.
15:35:01 | INFO: Draco encoder: Encoding mesh Branch led scale foliage 2742.
15:35:01 | INFO: Draco encoder: Encoding mesh Branch led scale foliage 2743.
15:35:01 | INFO: Draco encoder: Encoding mesh Branch led scale foliage 2744.
15:35:01 | INFO: Draco encoder: Encoding mesh Branch led scale foliage 2745.
15:35:01 | INFO: Draco encoder: Encoding mesh Branch led scale foliage 2746.
15:35:01 | INFO: Draco encoder: Encoding mesh Branch led scale foliage 2747.
15:35:01 | INFO: Draco encoder: Encoding mesh Branch led scale foliage 2748.
15:35:01 | INFO: Draco encoder: Encoding mesh Branch led scale foliage 2749.
15:35:01 | INFO: Draco encoder: Encoding mesh Branch led scale foliage 2750.
15:35:01 | INFO: Draco encoder: Encoding mesh Branch led scale foliage 2751.
15:35:01 | INFO: Draco encoder: Encoding mesh Branch led scale foliage 2752.
15:35:01 | INFO: Draco encoder: Encoding mesh Branch led scale foliage 2753.
15:35:01 | INFO: Draco encoder: Encoding mesh Branch led scale foliage 2754.
15:35:01 | INFO: Draco encoder: Encoding mesh Branch led scale foliage 2755.
15:35:01 | INFO: Draco encoder: Encoding mesh Branch led scale foliage 2756.
15:35:01 | INFO: Draco encoder: Encoding mesh Branch led scale foliage 2757.
15:35:01 | INFO: Draco encoder: Encoding mesh Branch led scale foliage 2758.
15:35:01 | INFO: Draco encoder: Encoding mesh Branch led scale foliage 2759.
15:35:01 | INFO: Draco encoder: Encoding mesh Branch led scale foliage 2760.
15:35:01 | INFO: Draco encoder: Encoding mesh Branch led scale foliage 2761.
15:35:01 | INFO: Draco encoder: Encoding mesh Branch led scale foliage 2762.
15:35:01 | INFO: Draco encoder: Encoding mesh Branch led scale foliage 2763.
15:35:01 | INFO: Draco encoder: Encoding mesh Branch led scale foliage 2764.
15:35:01 | INFO: Draco encoder: Encoding mesh Branch led scale foliage 2765.
15:35:01 | INFO: Draco encoder: Encoding mesh Branch led scale foliage 2766.
15:35:01 | INFO: Draco encoder: Encoding mesh Branch led scale foliage 2767.
15:35:01 | INFO: Draco encoder: Encoding mesh Branch led scale foliage 2768.
15:35:01 | INFO: Draco encoder: Encoding mesh Branch led scale foliage 2769.
15:35:01 | INFO: Draco encoder: Encoding mesh Branch led scale foliage 2770.
15:35:01 | INFO: Draco encoder: Encoding mesh Branch led scale foliage 2771.
15:35:01 | INFO: Draco encoder: Encoding mesh Branch led scale foliage 2772.
15:35:01 | INFO: Draco encoder: Encoding mesh Branch led scale foliage 2773.
15:35:01 | INFO: Draco encoder: Encoding mesh Branch led scale foliage 2774.
15:35:01 | INFO: Draco encoder: Encoding mesh Branch led scale foliage 2775.
15:35:01 | INFO: Draco encoder: Encoding mesh Branch led scale foliage 2776.
15:35:01 | INFO: Draco encoder: Encoding mesh Branch led scale foliage 2777.
15:35:01 | INFO: Draco encoder: Encoding mesh Branch led scale foliage 2778.
15:35:01 | INFO: Draco encoder: Encoding mesh Branch led scale foliage 2779.
15:35:01 | INFO: Draco encoder: Encoding mesh Branch led scale foliage 2780.
15:35:01 | INFO: Draco encoder: Encoding mesh Branch led scale foliage 2781.
15:35:01 | INFO: Draco encoder: Encoding mesh Branch led scale foliage 2782.
15:35:01 | INFO: Draco encoder: Encoding mesh Branch led scale foliage 2783.
15:35:01 | INFO: Draco encoder: Encoding mesh Branch led scale foliage 2784.
15:35:01 | INFO: Draco encoder: Encoding mesh Branch led scale foliage 2785.
15:35:01 | INFO: Draco encoder: Encoding mesh Branch led scale foliage 2786.
15:35:01 | INFO: Draco encoder: Encoding mesh Branch led scale foliage 2787.
15:35:01 | INFO: Draco encoder: Encoding mesh Branch led scale foliage 2788.
15:35:01 | INFO: Draco encoder: Encoding mesh Branch led scale foliage 2789.
15:35:01 | INFO: Draco encoder: Encoding mesh Branch led scale foliage 2790.
15:35:01 | INFO: Draco encoder: Encoding mesh Branch led scale foliage 2791.
15:35:01 | INFO: Draco encoder: Encoding mesh Branch led scale foliage 2792.
15:35:01 | INFO: Draco encoder: Encoding mesh Branch led scale foliage 2793.
15:35:01 | INFO: Draco encoder: Encoding mesh Branch led scale foliage 2794.
15:35:01 | INFO: Draco encoder: Encoding mesh Branch led scale foliage 2795.
15:35:01 | INFO: Draco encoder: Encoding mesh Branch led scale foliage 2796.
15:35:01 | INFO: Draco encoder: Encoding mesh Branch led scale foliage 2797.
15:35:01 | INFO: Draco encoder: Encoding mesh Branch led scale foliage 2798.
15:35:01 | INFO: Draco encoder: Encoding mesh Branch led scale foliage 2799.
15:35:01 | INFO: Draco encoder: Encoding mesh Branch led scale foliage 2800.
15:35:01 | INFO: Draco encoder: Encoding mesh Branch led scale foliage 2801.
15:35:01 | INFO: Draco encoder: Encoding mesh Branch led scale foliage 2802.
15:35:01 | INFO: Draco encoder: Encoding mesh Branch led scale foliage 2803.
15:35:01 | INFO: Draco encoder: Encoding mesh Branch led scale foliage 2804.
15:35:01 | INFO: Draco encoder: Encoding mesh Branch led scale foliage 2805.
15:35:01 | INFO: Draco encoder: Encoding mesh Branch led scale foliage 2806.
15:35:01 | INFO: Draco encoder: Encoding mesh Branch led scale foliage 2807.
15:35:01 | INFO: Draco encoder: Encoding mesh Branch led scale foliage 2808.
15:35:01 | INFO: Draco encoder: Encoding mesh Branch led scale foliage 2809.
15:35:01 | INFO: Draco encoder: Encoding mesh Branch led scale foliage 2810.
15:35:01 | INFO: Draco encoder: Encoding mesh Branch led scale foliage 2811.
15:35:01 | INFO: Draco encoder: Encoding mesh Branch led scale foliage 2812.
15:35:01 | INFO: Draco encoder: Encoding mesh Branch led scale foliage 2813.
15:35:01 | INFO: Draco encoder: Encoding mesh Branch led scale foliage 2814.
15:35:01 | INFO: Draco encoder: Encoding mesh Branch led scale foliage 2815.
15:35:01 | INFO: Draco encoder: Encoding mesh Branch led scale foliage 2816.
15:35:01 | INFO: Draco encoder: Encoding mesh Branch led scale foliage 2817.
15:35:01 | INFO: Draco encoder: Encoding mesh Branch led scale foliage 2818.
15:35:01 | INFO: Draco encoder: Encoding mesh Branch led scale foliage 2819.
15:35:01 | INFO: Draco encoder: Encoding mesh Branch led scale foliage 2820.
15:35:01 | INFO: Draco encoder: Encoding mesh Branch led scale foliage 2821.
15:35:01 | INFO: Draco encoder: Encoding mesh Branch led scale foliage 2822.
15:35:01 | INFO: Draco encoder: Encoding mesh Branch led scale foliage 2823.
15:35:01 | INFO: Draco encoder: Encoding mesh Branch led scale foliage 2824.
15:35:01 | INFO: Draco encoder: Encoding mesh Branch led scale foliage 2825.
15:35:01 | INFO: Draco encoder: Encoding mesh Branch led scale foliage 2826.
15:35:01 | INFO: Draco encoder: Encoding mesh Branch led scale foliage 2827.
15:35:01 | INFO: Draco encoder: Encoding mesh Branch led scale foliage 2828.
15:35:01 | INFO: Draco encoder: Encoding mesh Branch led scale foliage 2829.
15:35:01 | INFO: Draco encoder: Encoding mesh Branch led scale foliage 2830.
15:35:01 | INFO: Draco encoder: Encoding mesh Branch led scale foliage 2831.
15:35:01 | INFO: Draco encoder: Encoding mesh Branch led scale foliage 2832.
15:35:01 | INFO: Draco encoder: Encoding mesh Branch led scale foliage 2833.
15:35:01 | INFO: Draco encoder: Encoding mesh Branch led scale foliage 2834.
15:35:01 | INFO: Draco encoder: Encoding mesh Branch led scale foliage 2835.
15:35:01 | INFO: Draco encoder: Encoding mesh Branch led scale foliage 2836.
15:35:01 | INFO: Draco encoder: Encoding mesh Branch led scale foliage 2837.
15:35:01 | INFO: Draco encoder: Encoding mesh Branch led scale foliage 2838.
15:35:01 | INFO: Draco encoder: Encoding mesh Branch led scale foliage 2839.
15:35:01 | INFO: Draco encoder: Encoding mesh Branch led scale foliage 2840.
15:35:01 | INFO: Draco encoder: Encoding mesh Branch led scale foliage 2841.
15:35:01 | INFO: Draco encoder: Encoding mesh Branch led scale foliage 2842.
15:35:01 | INFO: Draco encoder: Encoding mesh Branch led scale foliage 2843.
15:35:01 | INFO: Draco encoder: Encoding mesh Branch led scale foliage 2844.
15:35:01 | INFO: Draco encoder: Encoding mesh Branch led scale foliage 2845.
15:35:01 | INFO: Draco encoder: Encoding mesh Branch led scale foliage 2846.
15:35:01 | INFO: Draco encoder: Encoding mesh Branch led scale foliage 2847.
15:35:01 | INFO: Draco encoder: Encoding mesh Branch led scale foliage 2848.
15:35:01 | INFO: Draco encoder: Encoding mesh Branch led scale foliage 2849.
15:35:01 | INFO: Draco encoder: Encoding mesh Branch led scale foliage 2850.
15:35:01 | INFO: Draco encoder: Encoding mesh Branch led scale foliage 2851.
15:35:01 | INFO: Draco encoder: Encoding mesh Branch led scale foliage 2852.
15:35:01 | INFO: Draco encoder: Encoding mesh Branch led scale foliage 2853.
15:35:01 | INFO: Draco encoder: Encoding mesh Branch led scale foliage 2854.
15:35:01 | INFO: Draco encoder: Encoding mesh Branch led scale foliage 2855.
15:35:01 | INFO: Draco encoder: Encoding mesh Branch led scale foliage 2856.
15:35:01 | INFO: Draco encoder: Encoding mesh Branch led scale foliage 2857.
15:35:01 | INFO: Draco encoder: Encoding mesh Branch led scale foliage 2858.
15:35:01 | INFO: Draco encoder: Encoding mesh Branch led scale foliage 2859.
15:35:01 | INFO: Draco encoder: Encoding mesh Branch led scale foliage 2860.
15:35:01 | INFO: Draco encoder: Encoding mesh Branch led scale foliage 2861.
15:35:01 | INFO: Draco encoder: Encoding mesh Branch led scale foliage 2862.
15:35:01 | INFO: Draco encoder: Encoding mesh Branch led scale foliage 2863.
15:35:01 | INFO: Draco encoder: Encoding mesh Branch led scale foliage 2864.
15:35:01 | INFO: Draco encoder: Encoding mesh Branch led scale foliage 2865.
15:35:01 | INFO: Draco encoder: Encoding mesh Branch led scale foliage 2866.
15:35:01 | INFO: Draco encoder: Encoding mesh Branch led scale foliage 2867.
15:35:01 | INFO: Draco encoder: Encoding mesh Branch led scale foliage 2868.
15:35:01 | INFO: Draco encoder: Encoding mesh Branch led scale foliage 2869.
15:35:01 | INFO: Draco encoder: Encoding mesh Branch led scale foliage 2870.
15:35:01 | INFO: Draco encoder: Encoding mesh Branch led scale foliage 2871.
15:35:01 | INFO: Draco encoder: Encoding mesh Branch led scale foliage 2872.
15:35:01 | INFO: Draco encoder: Encoding mesh Branch led scale foliage 2873.
15:35:01 | INFO: Draco encoder: Encoding mesh Branch led scale foliage 2874.
15:35:01 | INFO: Draco encoder: Encoding mesh Branch led scale foliage 2875.
15:35:01 | INFO: Draco encoder: Encoding mesh Branch led scale foliage 2876.
15:35:01 | INFO: Draco encoder: Encoding mesh Branch led scale foliage 2877.
15:35:01 | INFO: Draco encoder: Encoding mesh Branch led scale foliage 2878.
15:35:01 | INFO: Draco encoder: Encoding mesh Branch led scale foliage 2879.
15:35:01 | INFO: Draco encoder: Encoding mesh Branch led scale foliage 2880.
15:35:01 | INFO: Draco encoder: Encoding mesh Branch led scale foliage 2881.
15:35:01 | INFO: Draco encoder: Encoding mesh Branch led scale foliage 2882.
15:35:01 | INFO: Draco encoder: Encoding mesh Branch led scale foliage 2883.
15:35:01 | INFO: Draco encoder: Encoding mesh Branch led scale foliage 2884.
15:35:01 | INFO: Draco encoder: Encoding mesh Branch led scale foliage 2885.
15:35:01 | INFO: Draco encoder: Encoding mesh Branch led scale foliage 2886.
15:35:01 | INFO: Draco encoder: Encoding mesh Branch led scale foliage 2887.
15:35:01 | INFO: Draco encoder: Encoding mesh Branch led scale foliage 2888.
15:35:01 | INFO: Draco encoder: Encoding mesh Branch led scale foliage 2889.
15:35:01 | INFO: Draco encoder: Encoding mesh Branch led scale foliage 2890.
15:35:01 | INFO: Draco encoder: Encoding mesh Branch led scale foliage 2891.
15:35:01 | INFO: Draco encoder: Encoding mesh Branch led scale foliage 2892.
15:35:01 | INFO: Draco encoder: Encoding mesh Branch led scale foliage 2893.
15:35:01 | INFO: Draco encoder: Encoding mesh Branch led scale foliage 2894.
15:35:01 | INFO: Draco encoder: Encoding mesh Branch led scale foliage 2895.
15:35:01 | INFO: Draco encoder: Encoding mesh Branch led scale foliage 2896.
15:35:01 | INFO: Draco encoder: Encoding mesh Branch led scale foliage 2897.
15:35:01 | INFO: Draco encoder: Encoding mesh Branch led scale foliage 2898.
15:35:01 | INFO: Draco encoder: Encoding mesh Branch led scale foliage 2899.
15:35:01 | INFO: Draco encoder: Encoding mesh Branch led scale foliage 2900.
15:35:01 | INFO: Draco encoder: Encoding mesh Branch led scale foliage 2901.
15:35:01 | INFO: Draco encoder: Encoding mesh Branch led scale foliage 2902.
15:35:01 | INFO: Draco encoder: Encoding mesh Branch led scale foliage 2903.
15:35:01 | INFO: Draco encoder: Encoding mesh Branch led scale foliage 2904.
15:35:01 | INFO: Draco encoder: Encoding mesh Branch led scale foliage 2905.
15:35:01 | INFO: Draco encoder: Encoding mesh Branch led scale foliage 2906.
15:35:01 | INFO: Draco encoder: Encoding mesh Branch led scale foliage 2907.
15:35:01 | INFO: Draco encoder: Encoding mesh Branch led scale foliage 2908.
15:35:01 | INFO: Draco encoder: Encoding mesh Branch led scale foliage 2909.
15:35:01 | INFO: Draco encoder: Encoding mesh Branch led scale foliage 2910.
15:35:01 | INFO: Draco encoder: Encoding mesh Branch led scale foliage 2911.
15:35:01 | INFO: Draco encoder: Encoding mesh Branch led scale foliage 2912.
15:35:01 | INFO: Draco encoder: Encoding mesh Branch led scale foliage 2913.
15:35:01 | INFO: Draco encoder: Encoding mesh Branch led scale foliage 2914.
15:35:01 | INFO: Draco encoder: Encoding mesh Branch led scale foliage 2915.
15:35:01 | INFO: Draco encoder: Encoding mesh Branch led scale foliage 2916.
15:35:01 | INFO: Draco encoder: Encoding mesh Branch led scale foliage 2917.
15:35:01 | INFO: Draco encoder: Encoding mesh Branch led scale foliage 2918.
15:35:01 | INFO: Draco encoder: Encoding mesh Branch led scale foliage 2919.
15:35:01 | INFO: Draco encoder: Encoding mesh Branch led scale foliage 2920.
15:35:01 | INFO: Draco encoder: Encoding mesh Branch led scale foliage 2921.
15:35:01 | INFO: Draco encoder: Encoding mesh Branch led scale foliage 2922.
15:35:01 | INFO: Draco encoder: Encoding mesh Branch led scale foliage 2923.
15:35:01 | INFO: Draco encoder: Encoding mesh Branch led scale foliage 2924.
15:35:01 | INFO: Draco encoder: Encoding mesh Branch led scale foliage 2925.
15:35:01 | INFO: Draco encoder: Encoding mesh Branch led scale foliage 2926.
15:35:01 | INFO: Draco encoder: Encoding mesh Branch led scale foliage 2927.
15:35:01 | INFO: Draco encoder: Encoding mesh Branch led scale foliage 2928.
15:35:01 | INFO: Draco encoder: Encoding mesh Branch led scale foliage 2929.
15:35:01 | INFO: Draco encoder: Encoding mesh Branch led scale foliage 2930.
15:35:01 | INFO: Draco encoder: Encoding mesh Branch led scale foliage 2931.
15:35:01 | INFO: Draco encoder: Encoding mesh Branch led scale foliage 2932.
15:35:01 | INFO: Draco encoder: Encoding mesh Branch led scale foliage 2933.
15:35:01 | INFO: Draco encoder: Encoding mesh Branch led scale foliage 2934.
15:35:01 | INFO: Draco encoder: Encoding mesh Branch led scale foliage 2935.
15:35:01 | INFO: Draco encoder: Encoding mesh Branch led scale foliage 2936.
15:35:01 | INFO: Draco encoder: Encoding mesh Branch led scale foliage 2937.
15:35:01 | INFO: Draco encoder: Encoding mesh Branch led scale foliage 2938.
15:35:01 | INFO: Draco encoder: Encoding mesh Branch led scale foliage 2939.
15:35:01 | INFO: Draco encoder: Encoding mesh Branch led scale foliage 2940.
15:35:01 | INFO: Draco encoder: Encoding mesh Branch led scale foliage 2941.
15:35:01 | INFO: Draco encoder: Encoding mesh Branch led scale foliage 2942.
15:35:01 | INFO: Draco encoder: Encoding mesh Branch led scale foliage 2943.
15:35:01 | INFO: Draco encoder: Encoding mesh Branch led scale foliage 2944.
15:35:01 | INFO: Draco encoder: Encoding mesh Branch led scale foliage 2945.
15:35:01 | INFO: Draco encoder: Encoding mesh Branch led scale foliage 2946.
15:35:01 | INFO: Draco encoder: Encoding mesh Branch led scale foliage 2947.
15:35:01 | INFO: Draco encoder: Encoding mesh Branch led scale foliage 2948.
15:35:01 | INFO: Draco encoder: Encoding mesh Branch led scale foliage 2949.
15:35:01 | INFO: Draco encoder: Encoding mesh Branch led scale foliage 2950.
15:35:01 | INFO: Draco encoder: Encoding mesh Branch led scale foliage 2951.
15:35:01 | INFO: Draco encoder: Encoding mesh Branch led scale foliage 2952.
15:35:01 | INFO: Draco encoder: Encoding mesh Branch led scale foliage 2953.
15:35:01 | INFO: Draco encoder: Encoding mesh Branch led scale foliage 2954.
15:35:01 | INFO: Draco encoder: Encoding mesh Branch led scale foliage 2955.
15:35:01 | INFO: Draco encoder: Encoding mesh Branch led scale foliage 2956.
15:35:01 | INFO: Draco encoder: Encoding mesh Branch led scale foliage 2957.
15:35:01 | INFO: Draco encoder: Encoding mesh Branch led scale foliage 2958.
15:35:01 | INFO: Draco encoder: Encoding mesh Branch led scale foliage 2959.
15:35:01 | INFO: Draco encoder: Encoding mesh Branch led scale foliage 2960.
15:35:01 | INFO: Draco encoder: Encoding mesh Branch led scale foliage 2961.
15:35:01 | INFO: Draco encoder: Encoding mesh Branch led scale foliage 2962.
15:35:01 | INFO: Draco encoder: Encoding mesh Branch led scale foliage 2963.
15:35:01 | INFO: Draco encoder: Encoding mesh Branch led scale foliage 2964.
15:35:01 | INFO: Draco encoder: Encoding mesh Branch led scale foliage 2965.
15:35:01 | INFO: Draco encoder: Encoding mesh Branch led scale foliage 2966.
15:35:01 | INFO: Draco encoder: Encoding mesh Branch led scale foliage 2967.
15:35:01 | INFO: Draco encoder: Encoding mesh Branch led scale foliage 2968.
15:35:01 | INFO: Draco encoder: Encoding mesh Branch led scale foliage 2969.
15:35:01 | INFO: Draco encoder: Encoding mesh Branch led scale foliage 2970.
15:35:01 | INFO: Draco encoder: Encoding mesh Branch led scale foliage 2971.
15:35:01 | INFO: Draco encoder: Encoding mesh Branch led scale foliage 2972.
15:35:01 | INFO: Draco encoder: Encoding mesh Branch led scale foliage 2973.
15:35:01 | INFO: Draco encoder: Encoding mesh Branch led scale foliage 2974.
15:35:01 | INFO: Draco encoder: Encoding mesh Branch led scale foliage 2975.
15:35:01 | INFO: Draco encoder: Encoding mesh Branch led scale foliage 2976.
15:35:01 | INFO: Draco encoder: Encoding mesh Branch led scale foliage 2977.
15:35:01 | INFO: Draco encoder: Encoding mesh Branch led scale foliage 2978.
15:35:01 | INFO: Draco encoder: Encoding mesh Branch led scale foliage 2979.
15:35:01 | INFO: Draco encoder: Encoding mesh Branch led scale foliage 2980.
15:35:01 | INFO: Draco encoder: Encoding mesh Branch led scale foliage 2981.
15:35:01 | INFO: Draco encoder: Encoding mesh Branch led scale foliage 2982.
15:35:01 | INFO: Draco encoder: Encoding mesh Branch led scale foliage 2983.
15:35:01 | INFO: Draco encoder: Encoding mesh Branch led scale foliage 2984.
15:35:01 | INFO: Draco encoder: Encoding mesh Branch led scale foliage 2985.
15:35:01 | INFO: Draco encoder: Encoding mesh Branch led scale foliage 2986.
15:35:01 | INFO: Draco encoder: Encoding mesh Branch led scale foliage 2987.
15:35:01 | INFO: Draco encoder: Encoding mesh Branch led scale foliage 2988.
15:35:01 | INFO: Draco encoder: Encoding mesh Branch led scale foliage 2989.
15:35:01 | INFO: Draco encoder: Encoding mesh Branch led scale foliage 2990.
15:35:01 | INFO: Draco encoder: Encoding mesh Branch led scale foliage 2991.
15:35:01 | INFO: Draco encoder: Encoding mesh Branch led scale foliage 2992.
15:35:01 | INFO: Draco encoder: Encoding mesh Branch led scale foliage 2993.
15:35:01 | INFO: Draco encoder: Encoding mesh Branch led scale foliage 2994.
15:35:01 | INFO: Draco encoder: Encoding mesh Branch led scale foliage 2995.
15:35:01 | INFO: Draco encoder: Encoding mesh Branch led scale foliage 2996.
15:35:01 | INFO: Draco encoder: Encoding mesh Branch led scale foliage 2997.
15:35:01 | INFO: Draco encoder: Encoding mesh Branch led scale foliage 2998.
15:35:01 | INFO: Draco encoder: Encoding mesh Branch led scale foliage 2999.
15:35:01 | INFO: Draco encoder: Encoding mesh Branch led scale foliage 3000.
15:35:01 | INFO: Draco encoder: Encoding mesh Branch led scale foliage 3001.
15:35:01 | INFO: Draco encoder: Encoding mesh Branch led scale foliage 3002.
15:35:01 | INFO: Draco encoder: Encoding mesh Branch led scale foliage 3003.
15:35:01 | INFO: Draco encoder: Encoding mesh Branch led scale foliage 3004.
15:35:01 | INFO: Draco encoder: Encoding mesh Branch led scale foliage 3005.
15:35:01 | INFO: Draco encoder: Encoding mesh Branch led scale foliage 3006.
15:35:01 | INFO: Draco encoder: Encoding mesh Branch led scale foliage 3007.
15:35:01 | INFO: Draco encoder: Encoding mesh Branch led scale foliage 3008.
15:35:01 | INFO: Draco encoder: Encoding mesh Branch led scale foliage 3009.
15:35:01 | INFO: Draco encoder: Encoding mesh Branch led scale foliage 3010.
15:35:01 | INFO: Draco encoder: Encoding mesh Branch led scale foliage 3011.
15:35:01 | INFO: Draco encoder: Encoding mesh Branch led scale foliage 3012.
15:35:01 | INFO: Draco encoder: Encoding mesh Branch led scale foliage 3013.
15:35:01 | INFO: Draco encoder: Encoding mesh Branch led scale foliage 3014.
15:35:01 | INFO: Draco encoder: Encoding mesh Branch led scale foliage 3015.
15:35:01 | INFO: Draco encoder: Encoding mesh Branch led scale foliage 3016.
15:35:01 | INFO: Draco encoder: Encoding mesh Branch led scale foliage 3017.
15:35:01 | INFO: Draco encoder: Encoding mesh Branch led scale foliage 3018.
15:35:01 | INFO: Draco encoder: Encoding mesh Branch led scale foliage 3019.
15:35:01 | INFO: Draco encoder: Encoding mesh Branch led scale foliage 3020.
15:35:01 | INFO: Draco encoder: Encoding mesh Branch led scale foliage 3021.
15:35:01 | INFO: Draco encoder: Encoding mesh Branch led scale foliage 3022.
15:35:01 | INFO: Draco encoder: Encoding mesh Branch led scale foliage 3023.
15:35:01 | INFO: Draco encoder: Encoding mesh Branch led scale foliage 3024.
15:35:01 | INFO: Draco encoder: Encoding mesh Branch led scale foliage 3025.
15:35:01 | INFO: Draco encoder: Encoding mesh Branch led scale foliage 3026.
15:35:01 | INFO: Draco encoder: Encoding mesh Branch led scale foliage 3027.
15:35:01 | INFO: Draco encoder: Encoding mesh Branch led scale foliage 3028.
15:35:01 | INFO: Draco encoder: Encoding mesh Branch led scale foliage 3029.
15:35:01 | INFO: Draco encoder: Encoding mesh Branch led scale foliage 3030.
15:35:01 | INFO: Draco encoder: Encoding mesh Branch led scale foliage 3031.
15:35:01 | INFO: Draco encoder: Encoding mesh Branch led scale foliage 3032.
15:35:01 | INFO: Draco encoder: Encoding mesh Branch led scale foliage 3033.
15:35:01 | INFO: Draco encoder: Encoding mesh Branch led scale foliage 3034.
15:35:01 | INFO: Draco encoder: Encoding mesh Branch led scale foliage 3035.
15:35:01 | INFO: Draco encoder: Encoding mesh Branch led scale foliage 3036.
15:35:01 | INFO: Draco encoder: Encoding mesh Branch led scale foliage 3037.
15:35:01 | INFO: Draco encoder: Encoding mesh Branch led scale foliage 3038.
15:35:01 | INFO: Draco encoder: Encoding mesh Branch led scale foliage 3039.
15:35:01 | INFO: Draco encoder: Encoding mesh Branch led scale foliage 3040.
15:35:01 | INFO: Draco encoder: Encoding mesh Branch led scale foliage 3041.
15:35:01 | INFO: Draco encoder: Encoding mesh Branch led scale foliage 3042.
15:35:01 | INFO: Draco encoder: Encoding mesh Branch led scale foliage 3043.
15:35:01 | INFO: Draco encoder: Encoding mesh Branch led scale foliage 3044.
15:35:01 | INFO: Draco encoder: Encoding mesh Branch led scale foliage 3045.
15:35:01 | INFO: Draco encoder: Encoding mesh Branch led scale foliage 3046.
15:35:01 | INFO: Draco encoder: Encoding mesh Branch led scale foliage 3047.
15:35:01 | INFO: Draco encoder: Encoding mesh Branch led scale foliage 3048.
15:35:01 | INFO: Draco encoder: Encoding mesh Branch led scale foliage 3049.
15:35:01 | INFO: Draco encoder: Encoding mesh Branch led scale foliage 3050.
15:35:01 | INFO: Draco encoder: Encoding mesh Branch led scale foliage 3051.
15:35:01 | INFO: Draco encoder: Encoding mesh Branch led scale foliage 3052.
15:35:01 | INFO: Draco encoder: Encoding mesh Branch led scale foliage 3053.
15:35:01 | INFO: Draco encoder: Encoding mesh Branch led scale foliage 3054.
15:35:01 | INFO: Draco encoder: Encoding mesh Branch led scale foliage 3055.
15:35:01 | INFO: Draco encoder: Encoding mesh Branch led scale foliage 3056.
15:35:01 | INFO: Draco encoder: Encoding mesh Branch led scale foliage 3057.
15:35:01 | INFO: Draco encoder: Encoding mesh Branch led scale foliage 3058.
15:35:01 | INFO: Draco encoder: Encoding mesh Branch led scale foliage 3059.
15:35:01 | INFO: Draco encoder: Encoding mesh Branch led scale foliage 3060.
15:35:01 | INFO: Draco encoder: Encoding mesh Branch led scale foliage 3061.
15:35:01 | INFO: Draco encoder: Encoding mesh Branch led scale foliage 3062.
15:35:01 | INFO: Draco encoder: Encoding mesh Branch led scale foliage 3063.
15:35:01 | INFO: Draco encoder: Encoding mesh Branch led scale foliage 3064.
15:35:01 | INFO: Draco encoder: Encoding mesh Branch led scale foliage 3065.
15:35:01 | INFO: Draco encoder: Encoding mesh Branch led scale foliage 3066.
15:35:01 | INFO: Draco encoder: Encoding mesh Branch led scale foliage 3067.
15:35:01 | INFO: Draco encoder: Encoding mesh Branch led scale foliage 3068.
15:35:01 | INFO: Draco encoder: Encoding mesh Branch led scale foliage 3069.
15:35:01 | INFO: Draco encoder: Encoding mesh Branch led scale foliage 3070.
15:35:01 | INFO: Draco encoder: Encoding mesh Branch led scale foliage 3071.
15:35:01 | INFO: Draco encoder: Encoding mesh Branch led scale foliage 3072.
15:35:01 | INFO: Draco encoder: Encoding mesh Branch led scale foliage 3073.
15:35:01 | INFO: Draco encoder: Encoding mesh Branch led scale foliage 3074.
15:35:01 | INFO: Draco encoder: Encoding mesh Branch led scale foliage 3075.
15:35:01 | INFO: Draco encoder: Encoding mesh Branch led scale foliage 3076.
15:35:01 | INFO: Draco encoder: Encoding mesh Branch led scale foliage 3077.
15:35:01 | INFO: Draco encoder: Encoding mesh Branch led scale foliage 3078.
15:35:01 | INFO: Draco encoder: Encoding mesh Branch led scale foliage 3079.
15:35:01 | INFO: Draco encoder: Encoding mesh Branch led scale foliage 3080.
15:35:01 | INFO: Draco encoder: Encoding mesh Branch led scale foliage 3081.
15:35:01 | INFO: Draco encoder: Encoding mesh Branch led scale foliage 3082.
15:35:01 | INFO: Draco encoder: Encoding mesh Branch led scale foliage 3083.
15:35:01 | INFO: Draco encoder: Encoding mesh Branch led scale foliage 3084.
15:35:01 | INFO: Draco encoder: Encoding mesh Branch led scale foliage 3085.
15:35:01 | INFO: Draco encoder: Encoding mesh Branch led scale foliage 3086.
15:35:01 | INFO: Draco encoder: Encoding mesh Branch led scale foliage 3087.
15:35:01 | INFO: Draco encoder: Encoding mesh Branch led scale foliage 3088.
15:35:01 | INFO: Draco encoder: Encoding mesh Branch led scale foliage 3089.
15:35:01 | INFO: Draco encoder: Encoding mesh Branch led scale foliage 3090.
15:35:01 | INFO: Draco encoder: Encoding mesh Branch led scale foliage 3091.
15:35:01 | INFO: Draco encoder: Encoding mesh Branch led scale foliage 3092.
15:35:01 | INFO: Draco encoder: Encoding mesh Branch led scale foliage 3093.
15:35:01 | INFO: Draco encoder: Encoding mesh Branch led scale foliage 3094.
15:35:01 | INFO: Draco encoder: Encoding mesh Branch led scale foliage 3095.
15:35:01 | INFO: Draco encoder: Encoding mesh Branch led scale foliage 3096.
15:35:01 | INFO: Draco encoder: Encoding mesh Branch led scale foliage 3097.
15:35:01 | INFO: Draco encoder: Encoding mesh Branch led scale foliage 3098.
15:35:01 | INFO: Draco encoder: Encoding mesh Branch led scale foliage 3099.
15:35:01 | INFO: Draco encoder: Encoding mesh Branch led scale foliage 3100.
15:35:01 | INFO: Draco encoder: Encoding mesh Branch led scale foliage 3101.
15:35:01 | INFO: Draco encoder: Encoding mesh Branch led scale foliage 3102.
15:35:01 | INFO: Draco encoder: Encoding mesh Branch led scale foliage 3103.
15:35:01 | INFO: Draco encoder: Encoding mesh Branch led scale foliage 3104.
15:35:01 | INFO: Draco encoder: Encoding mesh Branch led scale foliage 3105.
15:35:01 | INFO: Draco encoder: Encoding mesh Branch led scale foliage 3106.
15:35:01 | INFO: Draco encoder: Encoding mesh Branch led scale foliage 3107.
15:35:01 | INFO: Draco encoder: Encoding mesh Branch led scale foliage 3108.
15:35:01 | INFO: Draco encoder: Encoding mesh Branch led scale foliage 3109.
15:35:01 | INFO: Draco encoder: Encoding mesh Branch led scale foliage 3110.
15:35:01 | INFO: Draco encoder: Encoding mesh Branch led scale foliage 3111.
15:35:01 | INFO: Draco encoder: Encoding mesh Branch led scale foliage 3112.
15:35:01 | INFO: Draco encoder: Encoding mesh Branch led scale foliage 3113.
15:35:01 | INFO: Draco encoder: Encoding mesh Branch led scale foliage 3114.
15:35:01 | INFO: Draco encoder: Encoding mesh Branch led scale foliage 3115.
15:35:01 | INFO: Draco encoder: Encoding mesh Branch led scale foliage 3116.
15:35:01 | INFO: Draco encoder: Encoding mesh Branch led scale foliage 3117.
15:35:01 | INFO: Draco encoder: Encoding mesh Branch led scale foliage 3118.
15:35:01 | INFO: Draco encoder: Encoding mesh Branch led scale foliage 3119.
15:35:01 | INFO: Draco encoder: Encoding mesh Branch led scale foliage 3120.
15:35:01 | INFO: Draco encoder: Encoding mesh Branch led scale foliage 3121.
15:35:01 | INFO: Draco encoder: Encoding mesh Branch led scale foliage 3122.
15:35:01 | INFO: Draco encoder: Encoding mesh Branch led scale foliage 3123.
15:35:01 | INFO: Draco encoder: Encoding mesh Branch led scale foliage 3124.
15:35:01 | INFO: Draco encoder: Encoding mesh Branch led scale foliage 3125.
15:35:01 | INFO: Draco encoder: Encoding mesh Branch led scale foliage 3126.
15:35:01 | INFO: Draco encoder: Encoding mesh Branch led scale foliage 3127.
15:35:01 | INFO: Draco encoder: Encoding mesh Branch led scale foliage 3128.
15:35:01 | INFO: Draco encoder: Encoding mesh Branch led scale foliage 3129.
15:35:01 | INFO: Draco encoder: Encoding mesh Branch led scale foliage 3130.
15:35:01 | INFO: Draco encoder: Encoding mesh Branch led scale foliage 3131.
15:35:01 | INFO: Draco encoder: Encoding mesh Branch led scale foliage 3132.
15:35:01 | INFO: Draco encoder: Encoding mesh Branch led scale foliage 3133.
15:35:01 | INFO: Draco encoder: Encoding mesh Branch led scale foliage 3134.
15:35:01 | INFO: Draco encoder: Encoding mesh Branch led scale foliage 3135.
15:35:01 | INFO: Draco encoder: Encoding mesh Branch led scale foliage 3136.
15:35:01 | INFO: Draco encoder: Encoding mesh Branch led scale foliage 3137.
15:35:01 | INFO: Draco encoder: Encoding mesh Branch led scale foliage 3138.
15:35:01 | INFO: Draco encoder: Encoding mesh Branch led scale foliage 3139.
15:35:01 | INFO: Draco encoder: Encoding mesh Branch led scale foliage 3140.
15:35:01 | INFO: Draco encoder: Encoding mesh Branch led scale foliage 3141.
15:35:01 | INFO: Draco encoder: Encoding mesh Branch led scale foliage 3142.
15:35:01 | INFO: Draco encoder: Encoding mesh Branch led scale foliage 3143.
15:35:01 | INFO: Draco encoder: Encoding mesh Branch led scale foliage 3144.
15:35:01 | INFO: Draco encoder: Encoding mesh Branch led scale foliage 3145.
15:35:01 | INFO: Draco encoder: Encoding mesh Branch led scale foliage 3146.
15:35:01 | INFO: Draco encoder: Encoding mesh Branch led scale foliage 3147.
15:35:01 | INFO: Draco encoder: Encoding mesh Branch led scale foliage 3148.
15:35:01 | INFO: Draco encoder: Encoding mesh Branch led scale foliage 3149.
15:35:01 | INFO: Draco encoder: Encoding mesh Branch led scale foliage 3150.
15:35:01 | INFO: Draco encoder: Encoding mesh Branch led scale foliage 3151.
15:35:01 | INFO: Draco encoder: Encoding mesh Branch led scale foliage 3152.
15:35:01 | INFO: Draco encoder: Encoding mesh Branch led scale foliage 3153.
15:35:01 | INFO: Draco encoder: Encoding mesh Branch led scale foliage 3154.
15:35:01 | INFO: Draco encoder: Encoding mesh Branch led scale foliage 3155.
15:35:01 | INFO: Draco encoder: Encoding mesh Branch led scale foliage 3156.
15:35:01 | INFO: Draco encoder: Encoding mesh Branch led scale foliage 3157.
15:35:01 | INFO: Draco encoder: Encoding mesh Branch led scale foliage 3158.
15:35:01 | INFO: Draco encoder: Encoding mesh Branch led scale foliage 3159.
15:35:01 | INFO: Draco encoder: Encoding mesh Branch led scale foliage 3160.
15:35:01 | INFO: Draco encoder: Encoding mesh Branch led scale foliage 3161.
15:35:01 | INFO: Draco encoder: Encoding mesh Branch led scale foliage 3162.
15:35:01 | INFO: Draco encoder: Encoding mesh Branch led scale foliage 3163.
15:35:01 | INFO: Draco encoder: Encoding mesh Branch led scale foliage 3164.
15:35:01 | INFO: Draco encoder: Encoding mesh Branch led scale foliage 3165.
15:35:01 | INFO: Draco encoder: Encoding mesh Branch led scale foliage 3166.
15:35:01 | INFO: Draco encoder: Encoding mesh Branch led scale foliage 3167.
15:35:01 | INFO: Draco encoder: Encoding mesh Branch led scale foliage 3168.
15:35:01 | INFO: Draco encoder: Encoding mesh Branch led scale foliage 3169.
15:35:01 | INFO: Draco encoder: Encoding mesh Branch led scale foliage 3170.
15:35:01 | INFO: Draco encoder: Encoding mesh Branch led scale foliage 3171.
15:35:01 | INFO: Draco encoder: Encoding mesh Branch led scale foliage 3172.
15:35:01 | INFO: Draco encoder: Encoding mesh Branch led scale foliage 3173.
15:35:01 | INFO: Draco encoder: Encoding mesh Branch led scale foliage 3174.
15:35:01 | INFO: Draco encoder: Encoding mesh Branch led scale foliage 3175.
15:35:01 | INFO: Draco encoder: Encoding mesh Branch led scale foliage 3176.
15:35:01 | INFO: Draco encoder: Encoding mesh Branch led scale foliage 3177.
15:35:01 | INFO: Draco encoder: Encoding mesh Branch led scale foliage 3178.
15:35:01 | INFO: Draco encoder: Encoding mesh Branch led scale foliage 3179.
15:35:01 | INFO: Draco encoder: Encoding mesh Branch led scale foliage 3180.
15:35:01 | INFO: Draco encoder: Encoding mesh Branch led scale foliage 3181.
15:35:01 | INFO: Draco encoder: Encoding mesh Branch led scale foliage 3182.
15:35:01 | INFO: Draco encoder: Encoding mesh Branch led scale foliage 3183.
15:35:01 | INFO: Draco encoder: Encoding mesh Branch led scale foliage 3184.
15:35:01 | INFO: Draco encoder: Encoding mesh Branch led scale foliage 3185.
15:35:01 | INFO: Draco encoder: Encoding mesh Branch led scale foliage 3186.
15:35:01 | INFO: Draco encoder: Encoding mesh Branch led scale foliage 3187.
15:35:01 | INFO: Draco encoder: Encoding mesh Branch led scale foliage 3188.
15:35:01 | INFO: Draco encoder: Encoding mesh Branch led scale foliage 3189.
15:35:01 | INFO: Draco encoder: Encoding mesh Branch led scale foliage 3190.
15:35:01 | INFO: Draco encoder: Encoding mesh Branch led scale foliage 3191.
15:35:01 | INFO: Draco encoder: Encoding mesh Branch led scale foliage 3192.
15:35:01 | INFO: Draco encoder: Encoding mesh Branch led scale foliage 3193.
15:35:01 | INFO: Draco encoder: Encoding mesh Branch led scale foliage 3194.
15:35:01 | INFO: Draco encoder: Encoding mesh Branch led scale foliage 3195.
15:35:01 | INFO: Draco encoder: Encoding mesh Branch led scale foliage 3196.
15:35:01 | INFO: Draco encoder: Encoding mesh Branch led scale foliage 3197.
15:35:01 | INFO: Draco encoder: Encoding mesh Branch led scale foliage 3198.
15:35:01 | INFO: Draco encoder: Encoding mesh Branch led scale foliage 3199.
15:35:01 | INFO: Draco encoder: Encoding mesh Branch led scale foliage 3200.
15:35:01 | INFO: Draco encoder: Encoding mesh Branch led scale foliage 3201.
15:35:01 | INFO: Draco encoder: Encoding mesh Branch led scale foliage 3202.
15:35:01 | INFO: Draco encoder: Encoding mesh Branch led scale foliage 3203.
15:35:01 | INFO: Draco encoder: Encoding mesh Branch led scale foliage 3204.
15:35:01 | INFO: Draco encoder: Encoding mesh Branch led scale foliage 3205.
15:35:01 | INFO: Draco encoder: Encoding mesh Branch led scale foliage 3206.
15:35:01 | INFO: Draco encoder: Encoding mesh Branch led scale foliage 3207.
15:35:01 | INFO: Draco encoder: Encoding mesh Branch led scale foliage 3208.
15:35:01 | INFO: Draco encoder: Encoding mesh Branch led scale foliage 3209.
15:35:01 | INFO: Draco encoder: Encoding mesh Branch led scale foliage 3210.
15:35:01 | INFO: Draco encoder: Encoding mesh Branch led scale foliage 3211.
15:35:01 | INFO: Draco encoder: Encoding mesh Branch led scale foliage 3212.
15:35:01 | INFO: Draco encoder: Encoding mesh Branch led scale foliage 3213.
15:35:01 | INFO: Draco encoder: Encoding mesh Branch led scale foliage 3214.
15:35:01 | INFO: Draco encoder: Encoding mesh Branch led scale foliage 3215.
15:35:01 | INFO: Draco encoder: Encoding mesh Branch led scale foliage 3216.
15:35:01 | INFO: Draco encoder: Encoding mesh Branch led scale foliage 3217.
15:35:01 | INFO: Draco encoder: Encoding mesh Branch led scale foliage 3218.
15:35:01 | INFO: Draco encoder: Encoding mesh Branch led scale foliage 3219.
15:35:01 | INFO: Draco encoder: Encoding mesh Branch led scale foliage 3220.
15:35:01 | INFO: Draco encoder: Encoding mesh Branch led scale foliage 3221.
15:35:01 | INFO: Draco encoder: Encoding mesh Branch led scale foliage 3222.
15:35:01 | INFO: Draco encoder: Encoding mesh Branch led scale foliage 3223.
15:35:01 | INFO: Draco encoder: Encoding mesh Branch led scale foliage 3224.
15:35:01 | INFO: Draco encoder: Encoding mesh Branch led scale foliage 3225.
15:35:01 | INFO: Draco encoder: Encoding mesh Branch led scale foliage 3226.
15:35:01 | INFO: Draco encoder: Encoding mesh Branch led scale foliage 3227.
15:35:01 | INFO: Draco encoder: Encoding mesh Branch led scale foliage 3228.
15:35:01 | INFO: Draco encoder: Encoding mesh Branch led scale foliage 3229.
15:35:01 | INFO: Draco encoder: Encoding mesh Branch led scale foliage 3230.
15:35:01 | INFO: Draco encoder: Encoding mesh Branch led scale foliage 3231.
15:35:01 | INFO: Draco encoder: Encoding mesh Branch led scale foliage 3232.
15:35:01 | INFO: Draco encoder: Encoding mesh Branch led scale foliage 3233.
15:35:01 | INFO: Draco encoder: Encoding mesh Branch led scale foliage 3234.
15:35:01 | INFO: Draco encoder: Encoding mesh Branch led scale foliage 3235.
15:35:01 | INFO: Draco encoder: Encoding mesh Branch led scale foliage 3236.
15:35:01 | INFO: Draco encoder: Encoding mesh Branch led scale foliage 3237.
15:35:01 | INFO: Draco encoder: Encoding mesh Branch led scale foliage 3238.
15:35:01 | INFO: Draco encoder: Encoding mesh Branch led scale foliage 3239.
15:35:01 | INFO: Draco encoder: Encoding mesh Branch led scale foliage 3240.
15:35:01 | INFO: Draco encoder: Encoding mesh Branch led scale foliage 3241.
15:35:01 | INFO: Draco encoder: Encoding mesh Branch led scale foliage 3242.
15:35:01 | INFO: Draco encoder: Encoding mesh Branch led scale foliage 3243.
15:35:01 | INFO: Draco encoder: Encoding mesh Branch led scale foliage 3244.
15:35:01 | INFO: Draco encoder: Encoding mesh Branch led scale foliage 3245.
15:35:01 | INFO: Draco encoder: Encoding mesh Branch led scale foliage 3246.
15:35:01 | INFO: Draco encoder: Encoding mesh Branch led scale foliage 3247.
15:35:01 | INFO: Draco encoder: Encoding mesh Branch led scale foliage 3248.
15:35:01 | INFO: Draco encoder: Encoding mesh Branch led scale foliage 3249.
15:35:01 | INFO: Draco encoder: Encoding mesh Branch led scale foliage 3250.
15:35:01 | INFO: Draco encoder: Encoding mesh Branch led scale foliage 3251.
15:35:01 | INFO: Draco encoder: Encoding mesh Branch led scale foliage 3252.
15:35:01 | INFO: Draco encoder: Encoding mesh Branch led scale foliage 3253.
15:35:01 | INFO: Draco encoder: Encoding mesh Branch led scale foliage 3254.
15:35:01 | INFO: Draco encoder: Encoding mesh Branch led scale foliage 3255.
15:35:01 | INFO: Draco encoder: Encoding mesh Branch led scale foliage 3256.
15:35:01 | INFO: Draco encoder: Encoding mesh Branch led scale foliage 3257.
15:35:01 | INFO: Draco encoder: Encoding mesh Branch led scale foliage 3258.
15:35:01 | INFO: Draco encoder: Encoding mesh Branch led scale foliage 3259.
15:35:01 | INFO: Draco encoder: Encoding mesh Branch led scale foliage 3260.
15:35:01 | INFO: Draco encoder: Encoding mesh Branch led scale foliage 3261.
15:35:01 | INFO: Draco encoder: Encoding mesh Branch led scale foliage 3262.
15:35:01 | INFO: Draco encoder: Encoding mesh Branch led scale foliage 3263.
15:35:01 | INFO: Draco encoder: Encoding mesh Branch led scale foliage 3264.
15:35:01 | INFO: Draco encoder: Encoding mesh Branch led scale foliage 3265.
15:35:01 | INFO: Draco encoder: Encoding mesh Branch led scale foliage 3266.
15:35:01 | INFO: Draco encoder: Encoding mesh Branch led scale foliage 3267.
15:35:01 | INFO: Draco encoder: Encoding mesh Branch led scale foliage 3268.
15:35:01 | INFO: Draco encoder: Encoding mesh Branch led scale foliage 3269.
15:35:01 | INFO: Draco encoder: Encoding mesh Branch led scale foliage 3270.
15:35:01 | INFO: Draco encoder: Encoding mesh Branch led scale foliage 3271.
15:35:01 | INFO: Draco encoder: Encoding mesh Branch led scale foliage 3272.
15:35:01 | INFO: Draco encoder: Encoding mesh Branch led scale foliage 3273.
15:35:01 | INFO: Draco encoder: Encoding mesh Branch led scale foliage 3274.
15:35:01 | INFO: Draco encoder: Encoding mesh Branch led scale foliage 3275.
15:35:01 | INFO: Draco encoder: Encoding mesh Branch led scale foliage 3276.
15:35:01 | INFO: Draco encoder: Encoding mesh Branch led scale foliage 3277.
15:35:01 | INFO: Draco encoder: Encoding mesh Branch led scale foliage 3278.
15:35:01 | INFO: Draco encoder: Encoding mesh Branch led scale foliage 3279.
15:35:01 | INFO: Draco encoder: Encoding mesh Branch led scale foliage 3280.
15:35:01 | INFO: Draco encoder: Encoding mesh Branch led scale foliage 3281.
15:35:01 | INFO: Draco encoder: Encoding mesh Branch led scale foliage 3282.
15:35:01 | INFO: Draco encoder: Encoding mesh Branch led scale foliage 3283.
15:35:01 | INFO: Draco encoder: Encoding mesh Branch led scale foliage 3284.
15:35:01 | INFO: Draco encoder: Encoding mesh Branch led scale foliage 3285.
15:35:01 | INFO: Draco encoder: Encoding mesh Branch led scale foliage 3286.
15:35:01 | INFO: Draco encoder: Encoding mesh Branch led scale foliage 3287.
15:35:01 | INFO: Draco encoder: Encoding mesh Branch led scale foliage 3288.
15:35:01 | INFO: Draco encoder: Encoding mesh Branch led scale foliage 3289.
15:35:01 | INFO: Draco encoder: Encoding mesh Branch led scale foliage 3290.
15:35:01 | INFO: Draco encoder: Encoding mesh Branch led scale foliage 3291.
15:35:01 | INFO: Draco encoder: Encoding mesh Branch led scale foliage 3292.
15:35:01 | INFO: Draco encoder: Encoding mesh Branch led scale foliage 3293.
15:35:01 | INFO: Draco encoder: Encoding mesh Branch led scale foliage 3294.
15:35:01 | INFO: Draco encoder: Encoding mesh Branch led scale foliage 3295.
15:35:01 | INFO: Draco encoder: Encoding mesh Branch led scale foliage 3296.
15:35:01 | INFO: Draco encoder: Encoding mesh Branch led scale foliage 3297.
15:35:01 | INFO: Draco encoder: Encoding mesh Branch led scale foliage 3298.
15:35:01 | INFO: Draco encoder: Encoding mesh Branch led scale foliage 3299.
15:35:01 | INFO: Draco encoder: Encoding mesh Branch led scale foliage 3300.
15:35:01 | INFO: Draco encoder: Encoding mesh Branch led scale foliage 3301.
15:35:01 | INFO: Draco encoder: Encoding mesh Branch led scale foliage 3302.
15:35:01 | INFO: Draco encoder: Encoding mesh Branch led scale foliage 3303.
15:35:01 | INFO: Draco encoder: Encoding mesh Branch led scale foliage 3304.
15:35:01 | INFO: Draco encoder: Encoding mesh Branch led scale foliage 3305.
15:35:01 | INFO: Draco encoder: Encoding mesh Branch led scale foliage 3306.
15:35:01 | INFO: Draco encoder: Encoding mesh Branch led scale foliage 3307.
15:35:01 | INFO: Draco encoder: Encoding mesh Branch led scale foliage 3308.
15:35:01 | INFO: Draco encoder: Encoding mesh Branch led scale foliage 3309.
15:35:01 | INFO: Draco encoder: Encoding mesh Branch led scale foliage 3310.
15:35:01 | INFO: Draco encoder: Encoding mesh Branch led scale foliage 3311.
15:35:01 | INFO: Draco encoder: Encoding mesh Branch led scale foliage 3312.
15:35:01 | INFO: Draco encoder: Encoding mesh Branch led scale foliage 3313.
15:35:01 | INFO: Draco encoder: Encoding mesh Branch led scale foliage 3314.
15:35:01 | INFO: Draco encoder: Encoding mesh Branch led scale foliage 3315.
15:35:01 | INFO: Draco encoder: Encoding mesh Branch led scale foliage 3316.
15:35:01 | INFO: Draco encoder: Encoding mesh Branch led scale foliage 3317.
15:35:01 | INFO: Draco encoder: Encoding mesh Branch led scale foliage 3318.
15:35:01 | INFO: Draco encoder: Encoding mesh Branch led scale foliage 3319.
15:35:01 | INFO: Draco encoder: Encoding mesh Branch led scale foliage 3320.
15:35:01 | INFO: Draco encoder: Encoding mesh Branch led scale foliage 3321.
15:35:01 | INFO: Draco encoder: Encoding mesh Branch led scale foliage 3322.
15:35:01 | INFO: Draco encoder: Encoding mesh Branch led scale foliage 3323.
15:35:01 | INFO: Draco encoder: Encoding mesh Branch led scale foliage 3324.
15:35:01 | INFO: Draco encoder: Encoding mesh Branch led scale foliage 3325.
15:35:01 | INFO: Draco encoder: Encoding mesh Branch led scale foliage 3326.
15:35:01 | INFO: Draco encoder: Encoding mesh Branch led scale foliage 3327.
15:35:01 | INFO: Draco encoder: Encoding mesh Branch led scale foliage 3328.
15:35:01 | INFO: Draco encoder: Encoding mesh Branch led scale foliage 3329.
15:35:01 | INFO: Draco encoder: Encoding mesh Branch led scale foliage 3330.
15:35:01 | INFO: Draco encoder: Encoding mesh Branch led scale foliage 3331.
15:35:01 | INFO: Draco encoder: Encoding mesh Branch led scale foliage 3332.
15:35:01 | INFO: Draco encoder: Encoding mesh Branch led scale foliage 3333.
15:35:01 | INFO: Draco encoder: Encoding mesh Branch led scale foliage 3334.
15:35:01 | INFO: Draco encoder: Encoding mesh Branch led scale foliage 3335.
15:35:01 | INFO: Draco encoder: Encoding mesh Branch led scale foliage 3336.
15:35:01 | INFO: Draco encoder: Encoding mesh Branch led scale foliage 3337.
15:35:01 | INFO: Draco encoder: Encoding mesh Branch led scale foliage 3338.
15:35:01 | INFO: Draco encoder: Encoding mesh Branch led scale foliage 3339.
15:35:01 | INFO: Draco encoder: Encoding mesh Branch led scale foliage 3340.
15:35:01 | INFO: Draco encoder: Encoding mesh Branch led scale foliage 3341.
15:35:01 | INFO: Draco encoder: Encoding mesh Branch led scale foliage 3342.
15:35:01 | INFO: Draco encoder: Encoding mesh Branch led scale foliage 3343.
15:35:01 | INFO: Draco encoder: Encoding mesh Branch led scale foliage 3344.
15:35:01 | INFO: Draco encoder: Encoding mesh Branch led scale foliage 3345.
15:35:01 | INFO: Draco encoder: Encoding mesh Branch led scale foliage 3346.
15:35:01 | INFO: Draco encoder: Encoding mesh Branch led scale foliage 3347.
15:35:01 | INFO: Draco encoder: Encoding mesh Branch led scale foliage 3348.
15:35:01 | INFO: Draco encoder: Encoding mesh Branch led scale foliage 3349.
15:35:01 | INFO: Draco encoder: Encoding mesh Branch led scale foliage 3350.
15:35:01 | INFO: Draco encoder: Encoding mesh Branch led scale foliage 3351.
15:35:01 | INFO: Draco encoder: Encoding mesh Branch led scale foliage 3352.
15:35:01 | INFO: Draco encoder: Encoding mesh Branch led scale foliage 3353.
15:35:01 | INFO: Draco encoder: Encoding mesh Branch led scale foliage 3354.
15:35:01 | INFO: Draco encoder: Encoding mesh Branch led scale foliage 3355.
15:35:01 | INFO: Draco encoder: Encoding mesh Branch led scale foliage 3356.
15:35:01 | INFO: Draco encoder: Encoding mesh Branch led scale foliage 3357.
15:35:01 | INFO: Draco encoder: Encoding mesh Branch led scale foliage 3358.
15:35:01 | INFO: Draco encoder: Encoding mesh Branch led scale foliage 3359.
15:35:01 | INFO: Draco encoder: Encoding mesh Branch led scale foliage 3360.
15:35:01 | INFO: Draco encoder: Encoding mesh Branch led scale foliage 3361.
15:35:01 | INFO: Draco encoder: Encoding mesh Branch led scale foliage 3362.
15:35:01 | INFO: Draco encoder: Encoding mesh Branch led scale foliage 3363.
15:35:01 | INFO: Draco encoder: Encoding mesh Branch led scale foliage 3364.
15:35:01 | INFO: Draco encoder: Encoding mesh Branch led scale foliage 3365.
15:35:01 | INFO: Draco encoder: Encoding mesh Branch led scale foliage 3366.
15:35:01 | INFO: Draco encoder: Encoding mesh Branch led scale foliage 3367.
15:35:01 | INFO: Draco encoder: Encoding mesh Branch led scale foliage 3368.
15:35:01 | INFO: Draco encoder: Encoding mesh Branch led scale foliage 3369.
15:35:01 | INFO: Draco encoder: Encoding mesh Branch led scale foliage 3370.
15:35:01 | INFO: Draco encoder: Encoding mesh Branch led scale foliage 3371.
15:35:01 | INFO: Draco encoder: Encoding mesh Branch led scale foliage 3372.
15:35:01 | INFO: Draco encoder: Encoding mesh Branch led scale foliage 3373.
15:35:01 | INFO: Draco encoder: Encoding mesh Branch led scale foliage 3374.
15:35:01 | INFO: Draco encoder: Encoding mesh Branch led scale foliage 3375.
15:35:01 | INFO: Draco encoder: Encoding mesh Branch led scale foliage 3376.
15:35:01 | INFO: Draco encoder: Encoding mesh Branch led scale foliage 3377.
15:35:01 | INFO: Draco encoder: Encoding mesh Branch led scale foliage 3378.
15:35:01 | INFO: Draco encoder: Encoding mesh Branch led scale foliage 3379.
15:35:01 | INFO: Draco encoder: Encoding mesh Branch led scale foliage 3380.
15:35:01 | INFO: Draco encoder: Encoding mesh Branch led scale foliage 3381.
15:35:01 | INFO: Draco encoder: Encoding mesh Branch led scale foliage 3382.
15:35:01 | INFO: Draco encoder: Encoding mesh Branch led scale foliage 3383.
15:35:01 | INFO: Draco encoder: Encoding mesh Branch led scale foliage 3384.
15:35:01 | INFO: Draco encoder: Encoding mesh Branch led scale foliage 3385.
15:35:01 | INFO: Draco encoder: Encoding mesh Branch led scale foliage 3386.
15:35:01 | INFO: Draco encoder: Encoding mesh Branch led scale foliage 3387.
15:35:01 | INFO: Draco encoder: Encoding mesh Branch led scale foliage 3388.
15:35:01 | INFO: Draco encoder: Encoding mesh Branch led scale foliage 3389.
15:35:01 | INFO: Draco encoder: Encoding mesh Branch led scale foliage 3390.
15:35:01 | INFO: Draco encoder: Encoding mesh Branch led scale foliage 3391.
15:35:01 | INFO: Draco encoder: Encoding mesh Branch led scale foliage 3392.
15:35:01 | INFO: Draco encoder: Encoding mesh Branch led scale foliage 3393.
15:35:01 | INFO: Draco encoder: Encoding mesh Branch led scale foliage 3394.
15:35:01 | INFO: Draco encoder: Encoding mesh Branch led scale foliage 3395.
15:35:01 | INFO: Draco encoder: Encoding mesh Branch led scale foliage 3396.
15:35:01 | INFO: Draco encoder: Encoding mesh Branch led scale foliage 3397.
15:35:01 | INFO: Draco encoder: Encoding mesh Branch led scale foliage 3398.
15:35:01 | INFO: Draco encoder: Encoding mesh Branch led scale foliage 3399.
15:35:01 | INFO: Draco encoder: Encoding mesh Branch led scale foliage 3400.
15:35:01 | INFO: Draco encoder: Encoding mesh Branch led scale foliage 3401.
15:35:01 | INFO: Draco encoder: Encoding mesh Branch led scale foliage 3402.
15:35:01 | INFO: Draco encoder: Encoding mesh Branch led scale foliage 3403.
15:35:01 | INFO: Draco encoder: Encoding mesh Branch led scale foliage 3404.
15:35:01 | INFO: Draco encoder: Encoding mesh Branch led scale foliage 3405.
15:35:01 | INFO: Draco encoder: Encoding mesh Branch led scale foliage 3406.
15:35:01 | INFO: Draco encoder: Encoding mesh Branch led scale foliage 3407.
15:35:01 | INFO: Draco encoder: Encoding mesh Branch led scale foliage 3408.
15:35:01 | INFO: Draco encoder: Encoding mesh Branch led scale foliage 3409.
15:35:01 | INFO: Draco encoder: Encoding mesh Branch led scale foliage 3410.
15:35:01 | INFO: Draco encoder: Encoding mesh Branch led scale foliage 3411.
15:35:01 | INFO: Draco encoder: Encoding mesh Branch led scale foliage 3412.
15:35:01 | INFO: Draco encoder: Encoding mesh Branch led scale foliage 3413.
15:35:01 | INFO: Draco encoder: Encoding mesh Branch led scale foliage 3414.
15:35:01 | INFO: Draco encoder: Encoding mesh Branch led scale foliage 3415.
15:35:01 | INFO: Draco encoder: Encoding mesh Branch led scale foliage 3416.
15:35:01 | INFO: Draco encoder: Encoding mesh Branch led scale foliage 3417.
15:35:01 | INFO: Draco encoder: Encoding mesh Branch led scale foliage 3418.
15:35:01 | INFO: Draco encoder: Encoding mesh Branch led scale foliage 3419.
15:35:01 | INFO: Draco encoder: Encoding mesh Branch led scale foliage 3420.
15:35:01 | INFO: Draco encoder: Encoding mesh Branch led scale foliage 3421.
15:35:01 | INFO: Draco encoder: Encoding mesh Branch led scale foliage 3422.
15:35:01 | INFO: Draco encoder: Encoding mesh Branch led scale foliage 3423.
15:35:01 | INFO: Draco encoder: Encoding mesh Branch led scale foliage 3424.
15:35:01 | INFO: Draco encoder: Encoding mesh Branch led scale foliage 3425.
15:35:01 | INFO: Draco encoder: Encoding mesh Branch led scale foliage 3426.
15:35:01 | INFO: Draco encoder: Encoding mesh Branch led scale foliage 3427.
15:35:01 | INFO: Draco encoder: Encoding mesh Branch led scale foliage 3428.
15:35:01 | INFO: Draco encoder: Encoding mesh Branch led scale foliage 3429.
15:35:01 | INFO: Draco encoder: Encoding mesh Branch led scale foliage 3430.
15:35:01 | INFO: Draco encoder: Encoding mesh Branch led scale foliage 3431.
15:35:01 | INFO: Draco encoder: Encoding mesh Branch led scale foliage 3432.
15:35:01 | INFO: Draco encoder: Encoding mesh Branch led scale foliage 3433.
15:35:01 | INFO: Draco encoder: Encoding mesh Branch led scale foliage 3434.
15:35:01 | INFO: Draco encoder: Encoding mesh Branch led scale foliage 3435.
15:35:01 | INFO: Draco encoder: Encoding mesh Branch led scale foliage 3436.
15:35:01 | INFO: Draco encoder: Encoding mesh Branch led scale foliage 3437.
15:35:01 | INFO: Draco encoder: Encoding mesh Branch led scale foliage 3438.
15:35:01 | INFO: Draco encoder: Encoding mesh Branch led scale foliage 3439.
15:35:01 | INFO: Draco encoder: Encoding mesh Branch led scale foliage 3440.
15:35:01 | INFO: Draco encoder: Encoding mesh Branch led scale foliage 3441.
15:35:01 | INFO: Draco encoder: Encoding mesh Branch led scale foliage 3442.
15:35:01 | INFO: Draco encoder: Encoding mesh Branch led scale foliage 3443.
15:35:01 | INFO: Draco encoder: Encoding mesh Branch led scale foliage 3444.
15:35:01 | INFO: Draco encoder: Encoding mesh Branch led scale foliage 3445.
15:35:01 | INFO: Draco encoder: Encoding mesh Branch led scale foliage 3446.
15:35:01 | INFO: Draco encoder: Encoding mesh Branch led scale foliage 3447.
15:35:01 | INFO: Draco encoder: Encoding mesh Branch led scale foliage 3448.
15:35:01 | INFO: Draco encoder: Encoding mesh Branch led scale foliage 3449.
15:35:01 | INFO: Draco encoder: Encoding mesh Branch led scale foliage 3450.
15:35:01 | INFO: Draco encoder: Encoding mesh Branch led scale foliage 3451.
15:35:01 | INFO: Draco encoder: Encoding mesh Branch led scale foliage 3452.
15:35:01 | INFO: Draco encoder: Encoding mesh Branch led scale foliage 3453.
15:35:01 | INFO: Draco encoder: Encoding mesh Branch led scale foliage 3454.
15:35:01 | INFO: Draco encoder: Encoding mesh Branch led scale foliage 3455.
15:35:01 | INFO: Draco encoder: Encoding mesh Branch led scale foliage 3456.
15:35:01 | INFO: Draco encoder: Encoding mesh Branch led scale foliage 3457.
15:35:01 | INFO: Draco encoder: Encoding mesh Branch led scale foliage 3458.
15:35:01 | INFO: Draco encoder: Encoding mesh Branch led scale foliage 3459.
15:35:01 | INFO: Draco encoder: Encoding mesh Branch led scale foliage 3460.
15:35:01 | INFO: Draco encoder: Encoding mesh Branch led scale foliage 3461.
15:35:01 | INFO: Draco encoder: Encoding mesh Branch led scale foliage 3462.
15:35:01 | INFO: Draco encoder: Encoding mesh Branch led scale foliage 3463.
15:35:01 | INFO: Draco encoder: Encoding mesh Branch led scale foliage 3464.
15:35:01 | INFO: Draco encoder: Encoding mesh Branch led scale foliage 3465.
15:35:01 | INFO: Draco encoder: Encoding mesh Branch led scale foliage 3466.
15:35:01 | INFO: Draco encoder: Encoding mesh Branch led scale foliage 3467.
15:35:01 | INFO: Draco encoder: Encoding mesh Branch led scale foliage 3468.
15:35:01 | INFO: Draco encoder: Encoding mesh Branch led scale foliage 3469.
15:35:01 | INFO: Draco encoder: Encoding mesh Branch led scale foliage 3470.
15:35:01 | INFO: Draco encoder: Encoding mesh Branch led scale foliage 3471.
15:35:01 | INFO: Draco encoder: Encoding mesh Branch led scale foliage 3472.
15:35:01 | INFO: Draco encoder: Encoding mesh Branch led scale foliage 3473.
15:35:01 | INFO: Draco encoder: Encoding mesh Branch led scale foliage 3474.
15:35:01 | INFO: Draco encoder: Encoding mesh Branch led scale foliage 3475.
15:35:01 | INFO: Draco encoder: Encoding mesh Branch led scale foliage 3476.
15:35:01 | INFO: Draco encoder: Encoding mesh Branch led scale foliage 3477.
15:35:01 | INFO: Draco encoder: Encoding mesh Branch led scale foliage 3478.
15:35:01 | INFO: Draco encoder: Encoding mesh Branch led scale foliage 3479.
15:35:01 | INFO: Draco encoder: Encoding mesh Branch led scale foliage 3480.
15:35:01 | INFO: Draco encoder: Encoding mesh Branch led scale foliage 3481.
15:35:01 | INFO: Draco encoder: Encoding mesh Branch led scale foliage 3482.
15:35:01 | INFO: Draco encoder: Encoding mesh Branch led scale foliage 3483.
15:35:01 | INFO: Draco encoder: Encoding mesh Branch led scale foliage 3484.
15:35:01 | INFO: Draco encoder: Encoding mesh Branch led scale foliage 3485.
15:35:01 | INFO: Draco encoder: Encoding mesh Branch led scale foliage 3486.
15:35:01 | INFO: Draco encoder: Encoding mesh Branch led scale foliage 3487.
15:35:01 | INFO: Draco encoder: Encoding mesh Branch led scale foliage 3488.
15:35:01 | INFO: Draco encoder: Encoding mesh Branch led scale foliage 3489.
15:35:01 | INFO: Draco encoder: Encoding mesh Branch led scale foliage 3490.
15:35:01 | INFO: Draco encoder: Encoding mesh Branch led scale foliage 3491.
15:35:01 | INFO: Draco encoder: Encoding mesh Branch led scale foliage 3492.
15:35:01 | INFO: Draco encoder: Encoding mesh Branch led scale foliage 3493.
15:35:01 | INFO: Draco encoder: Encoding mesh Branch led scale foliage 3494.
15:35:01 | INFO: Draco encoder: Encoding mesh Branch led scale foliage 3495.
15:35:01 | INFO: Draco encoder: Encoding mesh Branch led scale foliage 3496.
15:35:01 | INFO: Draco encoder: Encoding mesh Branch led scale foliage 3497.
15:35:01 | INFO: Draco encoder: Encoding mesh Branch led scale foliage 3498.
15:35:01 | INFO: Draco encoder: Encoding mesh Branch led scale foliage 3499.
15:35:01 | INFO: Draco encoder: Encoding mesh Branch led scale foliage 3500.
15:35:01 | INFO: Draco encoder: Encoding mesh Branch led scale foliage 3501.
15:35:01 | INFO: Draco encoder: Encoding mesh Branch led scale foliage 3502.
15:35:01 | INFO: Draco encoder: Encoding mesh Branch led scale foliage 3503.
15:35:01 | INFO: Draco encoder: Encoding mesh Branch led scale foliage 3504.
15:35:01 | INFO: Draco encoder: Encoding mesh Branch led scale foliage 3505.
15:35:01 | INFO: Draco encoder: Encoding mesh Branch led scale foliage 3506.
15:35:01 | INFO: Draco encoder: Encoding mesh Branch led scale foliage 3507.
15:35:01 | INFO: Draco encoder: Encoding mesh Branch led scale foliage 3508.
15:35:01 | INFO: Draco encoder: Encoding mesh Branch led scale foliage 3509.
15:35:01 | INFO: Draco encoder: Encoding mesh Branch led scale foliage 3510.
15:35:01 | INFO: Draco encoder: Encoding mesh Branch led scale foliage 3511.
15:35:01 | INFO: Draco encoder: Encoding mesh Branch led scale foliage 3512.
15:35:01 | INFO: Draco encoder: Encoding mesh Branch led scale foliage 3513.
15:35:01 | INFO: Draco encoder: Encoding mesh Branch led scale foliage 3514.
15:35:01 | INFO: Draco encoder: Encoding mesh Branch led scale foliage 3515.
15:35:01 | INFO: Draco encoder: Encoding mesh Branch led scale foliage 3516.
15:35:01 | INFO: Draco encoder: Encoding mesh Branch led scale foliage 3517.
15:35:01 | INFO: Draco encoder: Encoding mesh Branch led scale foliage 3518.
15:35:01 | INFO: Draco encoder: Encoding mesh Branch led scale foliage 3519.
15:35:01 | INFO: Draco encoder: Encoding mesh Branch led scale foliage 3520.
15:35:01 | INFO: Draco encoder: Encoding mesh Branch led scale foliage 3521.
15:35:01 | INFO: Draco encoder: Encoding mesh Branch led scale foliage 3522.
15:35:01 | INFO: Draco encoder: Encoding mesh Branch led scale foliage 3523.
15:35:01 | INFO: Draco encoder: Encoding mesh Branch led scale foliage 3524.
15:35:01 | INFO: Draco encoder: Encoding mesh Branch led scale foliage 3525.
15:35:01 | INFO: Draco encoder: Encoding mesh Branch led scale foliage 3526.
15:35:01 | INFO: Draco encoder: Encoding mesh Branch led scale foliage 3527.
15:35:01 | INFO: Draco encoder: Encoding mesh Branch led scale foliage 3528.
15:35:01 | INFO: Draco encoder: Encoding mesh Branch led scale foliage 3529.
15:35:01 | INFO: Draco encoder: Encoding mesh Branch led scale foliage 3530.
15:35:01 | INFO: Draco encoder: Encoding mesh Branch led scale foliage 3531.
15:35:01 | INFO: Draco encoder: Encoding mesh Branch led scale foliage 3532.
15:35:01 | INFO: Draco encoder: Encoding mesh Branch led scale foliage 3533.
15:35:01 | INFO: Draco encoder: Encoding mesh Branch led scale foliage 3534.
15:35:01 | INFO: Draco encoder: Encoding mesh Branch led scale foliage 3535.
15:35:01 | INFO: Draco encoder: Encoding mesh Branch led scale foliage 3536.
15:35:01 | INFO: Draco encoder: Encoding mesh Branch led scale foliage 3537.
15:35:01 | INFO: Draco encoder: Encoding mesh Branch led scale foliage 3538.
15:35:01 | INFO: Draco encoder: Encoding mesh Branch led scale foliage 3539.
15:35:01 | INFO: Draco encoder: Encoding mesh Branch led scale foliage 3540.
15:35:01 | INFO: Draco encoder: Encoding mesh Branch led scale foliage 3541.
15:35:01 | INFO: Draco encoder: Encoding mesh Branch led scale foliage 3542.
15:35:01 | INFO: Draco encoder: Encoding mesh Branch led scale foliage 3543.
15:35:01 | INFO: Draco encoder: Encoding mesh Branch led scale foliage 3544.
15:35:01 | INFO: Draco encoder: Encoding mesh Branch led scale foliage 3545.
15:35:01 | INFO: Draco encoder: Encoding mesh Branch led scale foliage 3546.
15:35:01 | INFO: Draco encoder: Encoding mesh Branch led scale foliage 3547.
15:35:01 | INFO: Draco encoder: Encoding mesh Branch led scale foliage 3548.
15:35:01 | INFO: Draco encoder: Encoding mesh Branch led scale foliage 3549.
15:35:01 | INFO: Draco encoder: Encoding mesh Branch led scale foliage 3550.
15:35:01 | INFO: Draco encoder: Encoding mesh Branch led scale foliage 3551.
15:35:01 | INFO: Draco encoder: Encoding mesh Branch led scale foliage 3552.
15:35:01 | INFO: Draco encoder: Encoding mesh Branch led scale foliage 3553.
15:35:01 | INFO: Draco encoder: Encoding mesh Branch led scale foliage 3554.
15:35:01 | INFO: Draco encoder: Encoding mesh Branch led scale foliage 3555.
15:35:01 | INFO: Draco encoder: Encoding mesh Branch led scale foliage 3556.
15:35:01 | INFO: Draco encoder: Encoding mesh Branch led scale foliage 3557.
15:35:01 | INFO: Draco encoder: Encoding mesh Branch led scale foliage 3558.
15:35:01 | INFO: Draco encoder: Encoding mesh Branch led scale foliage 3559.
15:35:01 | INFO: Draco encoder: Encoding mesh Branch led scale foliage 3560.
15:35:01 | INFO: Draco encoder: Encoding mesh Branch led scale foliage 3561.
15:35:01 | INFO: Draco encoder: Encoding mesh Branch led scale foliage 3562.
15:35:01 | INFO: Draco encoder: Encoding mesh Branch led scale foliage 3563.
15:35:01 | INFO: Draco encoder: Encoding mesh Branch led scale foliage 3564.
15:35:01 | INFO: Draco encoder: Encoding mesh Branch led scale foliage 3565.
15:35:01 | INFO: Draco encoder: Encoding mesh Branch led scale foliage 3566.
15:35:01 | INFO: Draco encoder: Encoding mesh Branch led scale foliage 3567.
15:35:01 | INFO: Draco encoder: Encoding mesh Branch led scale foliage 3568.
15:35:01 | INFO: Draco encoder: Encoding mesh Branch led scale foliage 3569.
15:35:01 | INFO: Draco encoder: Encoding mesh Branch led scale foliage 3570.
15:35:01 | INFO: Draco encoder: Encoding mesh Branch led scale foliage 3571.
15:35:01 | INFO: Draco encoder: Encoding mesh Branch led scale foliage 3572.
15:35:01 | INFO: Draco encoder: Encoding mesh Branch led scale foliage 3573.
15:35:01 | INFO: Draco encoder: Encoding mesh Branch led scale foliage 3574.
15:35:01 | INFO: Draco encoder: Encoding mesh Branch led scale foliage 3575.
15:35:01 | INFO: Draco encoder: Encoding mesh Branch led scale foliage 3576.
15:35:01 | INFO: Draco encoder: Encoding mesh Branch led scale foliage 3577.
15:35:01 | INFO: Draco encoder: Encoding mesh Branch led scale foliage 3578.
15:35:01 | INFO: Draco encoder: Encoding mesh Branch led scale foliage 3579.
15:35:01 | INFO: Draco encoder: Encoding mesh Branch led scale foliage 3580.
15:35:01 | INFO: Draco encoder: Encoding mesh Branch led scale foliage 3581.
15:35:01 | INFO: Draco encoder: Encoding mesh Branch led scale foliage 3582.
15:35:01 | INFO: Draco encoder: Encoding mesh Branch led scale foliage 3583.
15:35:01 | INFO: Draco encoder: Encoding mesh Branch led scale foliage 3584.
15:35:01 | INFO: Draco encoder: Encoding mesh Branch led scale foliage 3585.
15:35:01 | INFO: Draco encoder: Encoding mesh Branch led scale foliage 3586.
15:35:01 | INFO: Draco encoder: Encoding mesh Branch led scale foliage 3587.
15:35:01 | INFO: Draco encoder: Encoding mesh Branch led scale foliage 3588.
15:35:01 | INFO: Draco encoder: Encoding mesh Branch led scale foliage 3589.
15:35:01 | INFO: Draco encoder: Encoding mesh Branch led scale foliage 3590.
15:35:01 | INFO: Draco encoder: Encoding mesh Branch led scale foliage 3591.
15:35:01 | INFO: Draco encoder: Encoding mesh Branch led scale foliage 3592.
15:35:01 | INFO: Draco encoder: Encoding mesh Branch led scale foliage 3593.
15:35:01 | INFO: Draco encoder: Encoding mesh Branch led scale foliage 3594.
15:35:01 | INFO: Draco encoder: Encoding mesh Branch led scale foliage 3595.
15:35:01 | INFO: Draco encoder: Encoding mesh Branch led scale foliage 3596.
15:35:01 | INFO: Draco encoder: Encoding mesh Branch led scale foliage 3597.
15:35:01 | INFO: Draco encoder: Encoding mesh Branch led scale foliage 3598.
15:35:01 | INFO: Draco encoder: Encoding mesh Branch led scale foliage 3599.
15:35:01 | INFO: Draco encoder: Encoding mesh Branch led scale foliage 3600.
15:35:01 | INFO: Draco encoder: Encoding mesh Branch led scale foliage 3601.
15:35:01 | INFO: Draco encoder: Encoding mesh Branch led scale foliage 3602.
15:35:01 | INFO: Draco encoder: Encoding mesh Branch led scale foliage 3603.
15:35:01 | INFO: Draco encoder: Encoding mesh Branch led scale foliage 3604.
15:35:01 | INFO: Draco encoder: Encoding mesh Branch led scale foliage 3605.
15:35:01 | INFO: Draco encoder: Encoding mesh Branch led scale foliage 3606.
15:35:01 | INFO: Draco encoder: Encoding mesh Branch led scale foliage 3607.
15:35:01 | INFO: Draco encoder: Encoding mesh Branch led scale foliage 3608.
15:35:01 | INFO: Draco encoder: Encoding mesh Branch led scale foliage 3609.
15:35:01 | INFO: Draco encoder: Encoding mesh Branch led scale foliage 3610.
15:35:01 | INFO: Draco encoder: Encoding mesh Branch led scale foliage 3611.
15:35:01 | INFO: Draco encoder: Encoding mesh Branch led scale foliage 3612.
15:35:01 | INFO: Draco encoder: Encoding mesh Branch led scale foliage 3613.
15:35:01 | INFO: Draco encoder: Encoding mesh Branch led scale foliage 3614.
15:35:01 | INFO: Draco encoder: Encoding mesh Branch led scale foliage 3615.
15:35:01 | INFO: Draco encoder: Encoding mesh Branch led scale foliage 3616.
15:35:01 | INFO: Draco encoder: Encoding mesh Branch led scale foliage 3617.
15:35:01 | INFO: Draco encoder: Encoding mesh Branch led scale foliage 3618.
15:35:01 | INFO: Draco encoder: Encoding mesh Branch led scale foliage 3619.
15:35:01 | INFO: Draco encoder: Encoding mesh Branch led scale foliage 3620.
15:35:01 | INFO: Draco encoder: Encoding mesh Branch led scale foliage 3621.
15:35:01 | INFO: Draco encoder: Encoding mesh Branch led scale foliage 3622.
15:35:01 | INFO: Draco encoder: Encoding mesh Branch led scale foliage 3623.
15:35:01 | INFO: Draco encoder: Encoding mesh Branch led scale foliage 3624.
15:35:01 | INFO: Draco encoder: Encoding mesh Branch led scale foliage 3625.
15:35:01 | INFO: Draco encoder: Encoding mesh Branch led scale foliage 3626.
15:35:01 | INFO: Draco encoder: Encoding mesh Branch led scale foliage 3627.
15:35:01 | INFO: Draco encoder: Encoding mesh Branch led scale foliage 3628.
15:35:01 | INFO: Draco encoder: Encoding mesh Branch led scale foliage 3629.
15:35:01 | INFO: Draco encoder: Encoding mesh Branch led scale foliage 3630.
15:35:01 | INFO: Draco encoder: Encoding mesh Branch led scale foliage 3631.
15:35:01 | INFO: Draco encoder: Encoding mesh Branch led scale foliage 3632.
15:35:01 | INFO: Draco encoder: Encoding mesh Branch led scale foliage 3633.
15:35:01 | INFO: Draco encoder: Encoding mesh Branch led scale foliage 3634.
15:35:01 | INFO: Draco encoder: Encoding mesh Branch led scale foliage 3635.
15:35:01 | INFO: Draco encoder: Encoding mesh Branch led scale foliage 3636.
15:35:01 | INFO: Draco encoder: Encoding mesh Branch led scale foliage 3637.
15:35:01 | INFO: Draco encoder: Encoding mesh Branch led scale foliage 3638.
15:35:01 | INFO: Draco encoder: Encoding mesh Branch led scale foliage 3639.
15:35:01 | INFO: Draco encoder: Encoding mesh Branch led scale foliage 3640.
15:35:01 | INFO: Draco encoder: Encoding mesh Branch led scale foliage 3641.
15:35:01 | INFO: Draco encoder: Encoding mesh Branch led scale foliage 3642.
15:35:01 | INFO: Draco encoder: Encoding mesh Branch led scale foliage 3643.
15:35:01 | INFO: Draco encoder: Encoding mesh Branch led scale foliage 3644.
15:35:01 | INFO: Draco encoder: Encoding mesh Branch led scale foliage 3645.
15:35:01 | INFO: Draco encoder: Encoding mesh Branch led scale foliage 3646.
15:35:01 | INFO: Draco encoder: Encoding mesh Branch led scale foliage 3647.
15:35:01 | INFO: Draco encoder: Encoding mesh Branch led scale foliage 3648.
15:35:01 | INFO: Draco encoder: Encoding mesh Branch led scale foliage 3649.
15:35:01 | INFO: Draco encoder: Encoding mesh Branch led scale foliage 3650.
15:35:01 | INFO: Draco encoder: Encoding mesh Branch led scale foliage 3651.
15:35:01 | INFO: Draco encoder: Encoding mesh Branch led scale foliage 3652.
15:35:01 | INFO: Draco encoder: Encoding mesh Branch led scale foliage 3653.
15:35:01 | INFO: Draco encoder: Encoding mesh Branch led scale foliage 3654.
15:35:01 | INFO: Draco encoder: Encoding mesh Branch led scale foliage 3655.
15:35:01 | INFO: Draco encoder: Encoding mesh Branch led scale foliage 3656.
15:35:01 | INFO: Draco encoder: Encoding mesh Branch led scale foliage 3657.
15:35:01 | INFO: Draco encoder: Encoding mesh Branch led scale foliage 3658.
15:35:01 | INFO: Draco encoder: Encoding mesh Branch led scale foliage 3659.
15:35:01 | INFO: Draco encoder: Encoding mesh Branch led scale foliage 3660.
15:35:01 | INFO: Draco encoder: Encoding mesh Branch led scale foliage 3661.
15:35:01 | INFO: Draco encoder: Encoding mesh Branch led scale foliage 3662.
15:35:01 | INFO: Draco encoder: Encoding mesh Branch led scale foliage 3663.
15:35:01 | INFO: Draco encoder: Encoding mesh Branch led scale foliage 3664.
15:35:01 | INFO: Draco encoder: Encoding mesh Branch led scale foliage 3665.
15:35:01 | INFO: Draco encoder: Encoding mesh Branch led scale foliage 3666.
15:35:01 | INFO: Draco encoder: Encoding mesh Branch led scale foliage 3667.
15:35:01 | INFO: Draco encoder: Encoding mesh Branch led scale foliage 3668.
15:35:01 | INFO: Draco encoder: Encoding mesh Branch led scale foliage 3669.
15:35:01 | INFO: Draco encoder: Encoding mesh Branch led scale foliage 3670.
15:35:01 | INFO: Draco encoder: Encoding mesh Branch led scale foliage 3671.
15:35:01 | INFO: Draco encoder: Encoding mesh Branch led scale foliage 3672.
15:35:01 | INFO: Draco encoder: Encoding mesh Branch led scale foliage 3673.
15:35:01 | INFO: Draco encoder: Encoding mesh Branch led scale foliage 3674.
15:35:01 | INFO: Draco encoder: Encoding mesh Branch led scale foliage 3675.
15:35:01 | INFO: Draco encoder: Encoding mesh Branch led scale foliage 3676.
15:35:01 | INFO: Draco encoder: Encoding mesh Branch led scale foliage 3677.
15:35:01 | INFO: Draco encoder: Encoding mesh Branch led scale foliage 3678.
15:35:01 | INFO: Draco encoder: Encoding mesh Branch led scale foliage 3679.
15:35:01 | INFO: Draco encoder: Encoding mesh Branch led scale foliage 3680.
15:35:01 | INFO: Draco encoder: Encoding mesh Branch led scale foliage 3681.
15:35:01 | INFO: Draco encoder: Encoding mesh Branch led scale foliage 3682.
15:35:01 | INFO: Draco encoder: Encoding mesh Branch led scale foliage 3683.
15:35:01 | INFO: Draco encoder: Encoding mesh Branch led scale foliage 3684.
15:35:01 | INFO: Draco encoder: Encoding mesh Branch led scale foliage 3685.
15:35:01 | INFO: Draco encoder: Encoding mesh Branch led scale foliage 3686.
15:35:01 | INFO: Draco encoder: Encoding mesh Branch led scale foliage 3687.
15:35:01 | INFO: Draco encoder: Encoding mesh Branch led scale foliage 3688.
15:35:01 | INFO: Draco encoder: Encoding mesh Branch led scale foliage 3689.
15:35:01 | INFO: Draco encoder: Encoding mesh Branch led scale foliage 3690.
15:35:01 | INFO: Draco encoder: Encoding mesh Branch led scale foliage 3691.
15:35:01 | INFO: Draco encoder: Encoding mesh Branch led scale foliage 3692.
15:35:01 | INFO: Draco encoder: Encoding mesh Branch led scale foliage 3693.
15:35:01 | INFO: Draco encoder: Encoding mesh Branch led scale foliage 3694.
15:35:01 | INFO: Draco encoder: Encoding mesh Branch led scale foliage 3695.
15:35:01 | INFO: Draco encoder: Encoding mesh Branch led scale foliage 3696.
15:35:01 | INFO: Draco encoder: Encoding mesh Branch led scale foliage 3697.
15:35:01 | INFO: Draco encoder: Encoding mesh Branch led scale foliage 3698.
15:35:01 | INFO: Draco encoder: Encoding mesh Branch led scale foliage 3699.
15:35:01 | INFO: Draco encoder: Encoding mesh Branch led scale foliage 3700.
15:35:01 | INFO: Draco encoder: Encoding mesh Branch led scale foliage 3701.
15:35:01 | INFO: Draco encoder: Encoding mesh Branch led scale foliage 3702.
15:35:01 | INFO: Draco encoder: Encoding mesh Branch led scale foliage 3703.
15:35:01 | INFO: Draco encoder: Encoding mesh Branch led scale foliage 3704.
15:35:01 | INFO: Draco encoder: Encoding mesh Branch led scale foliage 3705.
15:35:01 | INFO: Draco encoder: Encoding mesh Branch led scale foliage 3706.
15:35:01 | INFO: Draco encoder: Encoding mesh Branch led scale foliage 3707.
15:35:01 | INFO: Draco encoder: Encoding mesh Branch led scale foliage 3708.
15:35:01 | INFO: Draco encoder: Encoding mesh Branch led scale foliage 3709.
15:35:01 | INFO: Draco encoder: Encoding mesh Branch led scale foliage 3710.
15:35:01 | INFO: Draco encoder: Encoding mesh Branch led scale foliage 3711.
15:35:01 | INFO: Draco encoder: Encoding mesh Branch led scale foliage 3712.
15:35:01 | INFO: Draco encoder: Encoding mesh Branch led scale foliage 3713.
15:35:01 | INFO: Draco encoder: Encoding mesh Branch led scale foliage 3714.
15:35:01 | INFO: Draco encoder: Encoding mesh Branch led scale foliage 3715.
15:35:01 | INFO: Draco encoder: Encoding mesh Branch led scale foliage 3716.
15:35:01 | INFO: Draco encoder: Encoding mesh Branch led scale foliage 3717.
15:35:01 | INFO: Draco encoder: Encoding mesh Branch led scale foliage 3718.
15:35:01 | INFO: Draco encoder: Encoding mesh Branch led scale foliage 3719.
15:35:01 | INFO: Draco encoder: Encoding mesh Branch led scale foliage 3720.
15:35:01 | INFO: Draco encoder: Encoding mesh Branch led scale foliage 3721.
15:35:01 | INFO: Draco encoder: Encoding mesh Branch led scale foliage 3722.
15:35:01 | INFO: Draco encoder: Encoding mesh Branch led scale foliage 3723.
15:35:01 | INFO: Draco encoder: Encoding mesh Branch led scale foliage 3724.
15:35:01 | INFO: Draco encoder: Encoding mesh Branch led scale foliage 3725.
15:35:01 | INFO: Draco encoder: Encoding mesh Branch led scale foliage 3726.
15:35:01 | INFO: Draco encoder: Encoding mesh Branch led scale foliage 3727.
15:35:01 | INFO: Draco encoder: Encoding mesh Branch led scale foliage 3728.
15:35:01 | INFO: Draco encoder: Encoding mesh Branch led scale foliage 3729.
15:35:01 | INFO: Draco encoder: Encoding mesh Branch led scale foliage 3730.
15:35:01 | INFO: Draco encoder: Encoding mesh Branch led scale foliage 3731.
15:35:01 | INFO: Draco encoder: Encoding mesh Branch led scale foliage 3732.
15:35:01 | INFO: Draco encoder: Encoding mesh Branch led scale foliage 3733.
15:35:01 | INFO: Draco encoder: Encoding mesh Branch led scale foliage 3734.
15:35:01 | INFO: Draco encoder: Encoding mesh Branch led scale foliage 3735.
15:35:01 | INFO: Draco encoder: Encoding mesh Branch led scale foliage 3736.
15:35:01 | INFO: Draco encoder: Encoding mesh Branch led scale foliage 3737.
15:35:01 | INFO: Draco encoder: Encoding mesh Branch led scale foliage 3738.
15:35:01 | INFO: Draco encoder: Encoding mesh Branch led scale foliage 3739.
15:35:01 | INFO: Draco encoder: Encoding mesh Branch led scale foliage 3740.
15:35:01 | INFO: Draco encoder: Encoding mesh Branch led scale foliage 3741.
15:35:01 | INFO: Draco encoder: Encoding mesh Branch led scale foliage 3742.
15:35:01 | INFO: Draco encoder: Encoding mesh Branch led scale foliage 3743.
15:35:01 | INFO: Draco encoder: Encoding mesh Branch led scale foliage 3744.
15:35:01 | INFO: Draco encoder: Encoding mesh Branch led scale foliage 3745.
15:35:01 | INFO: Draco encoder: Encoding mesh Branch led scale foliage 3746.
15:35:01 | INFO: Draco encoder: Encoding mesh Branch led scale foliage 3747.
15:35:01 | INFO: Draco encoder: Encoding mesh Branch led scale foliage 3748.
15:35:01 | INFO: Draco encoder: Encoding mesh Branch led scale foliage 3749.
15:35:01 | INFO: Draco encoder: Encoding mesh Branch led scale foliage 3750.
15:35:01 | INFO: Draco encoder: Encoding mesh Branch led scale foliage 3751.
15:35:01 | INFO: Draco encoder: Encoding mesh Branch led scale foliage 3752.
15:35:01 | INFO: Draco encoder: Encoding mesh Branch led scale foliage 3753.
15:35:01 | INFO: Draco encoder: Encoding mesh Branch led scale foliage 3754.
15:35:01 | INFO: Draco encoder: Encoding mesh Branch led scale foliage 3755.
15:35:01 | INFO: Draco encoder: Encoding mesh Branch led scale foliage 3756.
15:35:01 | INFO: Draco encoder: Encoding mesh Branch led scale foliage 3757.
15:35:01 | INFO: Draco encoder: Encoding mesh Branch led scale foliage 3758.
15:35:01 | INFO: Draco encoder: Encoding mesh Branch led scale foliage 3759.
15:35:01 | INFO: Draco encoder: Encoding mesh Branch led scale foliage 3760.
15:35:01 | INFO: Draco encoder: Encoding mesh Branch led scale foliage 3761.
15:35:01 | INFO: Draco encoder: Encoding mesh Branch led scale foliage 3762.
15:35:01 | INFO: Draco encoder: Encoding mesh Branch led scale foliage 3763.
15:35:01 | INFO: Draco encoder: Encoding mesh Branch led scale foliage 3764.
15:35:01 | INFO: Draco encoder: Encoding mesh Branch led scale foliage 3765.
15:35:01 | INFO: Draco encoder: Encoding mesh Branch led scale foliage 3766.
15:35:01 | INFO: Draco encoder: Encoding mesh Branch led scale foliage 3767.
15:35:01 | INFO: Draco encoder: Encoding mesh Branch led scale foliage 3768.
15:35:01 | INFO: Draco encoder: Encoding mesh Branch led scale foliage 3769.
15:35:01 | INFO: Draco encoder: Encoding mesh Branch led scale foliage 3770.
15:35:01 | INFO: Draco encoder: Encoding mesh Branch led scale foliage 3771.
15:35:01 | INFO: Draco encoder: Encoding mesh Branch led scale foliage 3772.
15:35:01 | INFO: Draco encoder: Encoding mesh Branch led scale foliage 3773.
15:35:01 | INFO: Draco encoder: Encoding mesh Branch led scale foliage 3774.
15:35:01 | INFO: Draco encoder: Encoding mesh Branch led scale foliage 3775.
15:35:01 | INFO: Draco encoder: Encoding mesh Branch led scale foliage 3776.
15:35:01 | INFO: Draco encoder: Encoding mesh Branch led scale foliage 3777.
15:35:01 | INFO: Draco encoder: Encoding mesh Branch led scale foliage 3778.
15:35:01 | INFO: Draco encoder: Encoding mesh Branch led scale foliage 3779.
15:35:01 | INFO: Draco encoder: Encoding mesh Branch led scale foliage 3780.
15:35:01 | INFO: Draco encoder: Encoding mesh Branch led scale foliage 3781.
15:35:01 | INFO: Draco encoder: Encoding mesh Branch led scale foliage 3782.
15:35:01 | INFO: Draco encoder: Encoding mesh Branch led scale foliage 3783.
15:35:01 | INFO: Draco encoder: Encoding mesh Branch led scale foliage 3784.
15:35:01 | INFO: Draco encoder: Encoding mesh Branch led scale foliage 3785.
15:35:01 | INFO: Draco encoder: Encoding mesh Branch led scale foliage 3786.
15:35:01 | INFO: Draco encoder: Encoding mesh Branch led scale foliage 3787.
15:35:01 | INFO: Draco encoder: Encoding mesh Branch led scale foliage 3788.
15:35:01 | INFO: Draco encoder: Encoding mesh Branch led scale foliage 3789.
15:35:01 | INFO: Draco encoder: Encoding mesh Branch led scale foliage 3790.
15:35:01 | INFO: Draco encoder: Encoding mesh Branch led scale foliage 3791.
15:35:01 | INFO: Draco encoder: Encoding mesh Branch led scale foliage 3792.
15:35:01 | INFO: Draco encoder: Encoding mesh Branch led scale foliage 3793.
15:35:01 | INFO: Draco encoder: Encoding mesh Branch led scale foliage 3794.
15:35:01 | INFO: Draco encoder: Encoding mesh Branch led scale foliage 3795.
15:35:01 | INFO: Draco encoder: Encoding mesh Branch led scale foliage 3796.
15:35:01 | INFO: Draco encoder: Encoding mesh Branch led scale foliage 3797.
15:35:01 | INFO: Draco encoder: Encoding mesh Branch led scale foliage 3798.
15:35:01 | INFO: Draco encoder: Encoding mesh Branch led scale foliage 3799.
15:35:01 | INFO: Draco encoder: Encoding mesh Branch led scale foliage 3800.
15:35:01 | INFO: Draco encoder: Encoding mesh Branch led scale foliage 3801.
15:35:01 | INFO: Draco encoder: Encoding mesh Branch led scale foliage 3802.
15:35:01 | INFO: Draco encoder: Encoding mesh Branch led scale foliage 3803.
15:35:01 | INFO: Draco encoder: Encoding mesh Branch led scale foliage 3804.
15:35:01 | INFO: Draco encoder: Encoding mesh Branch led scale foliage 3805.
15:35:01 | INFO: Draco encoder: Encoding mesh Branch led scale foliage 3806.
15:35:01 | INFO: Draco encoder: Encoding mesh Branch led scale foliage 3807.
15:35:01 | INFO: Draco encoder: Encoding mesh Branch led scale foliage 3808.
15:35:01 | INFO: Draco encoder: Encoding mesh Branch led scale foliage 3809.
15:35:01 | INFO: Draco encoder: Encoding mesh Branch led scale foliage 3810.
15:35:01 | INFO: Draco encoder: Encoding mesh Branch led scale foliage 3811.
15:35:01 | INFO: Draco encoder: Encoding mesh Branch led scale foliage 3812.
15:35:01 | INFO: Draco encoder: Encoding mesh Branch led scale foliage 3813.
15:35:01 | INFO: Draco encoder: Encoding mesh Branch led scale foliage 3814.
15:35:01 | INFO: Draco encoder: Encoding mesh Branch led scale foliage 3815.
15:35:01 | INFO: Draco encoder: Encoding mesh Branch led scale foliage 3816.
15:35:01 | INFO: Draco encoder: Encoding mesh Branch led scale foliage 3817.
15:35:01 | INFO: Draco encoder: Encoding mesh Branch led scale foliage 3818.
15:35:01 | INFO: Draco encoder: Encoding mesh Branch led scale foliage 3819.
15:35:01 | INFO: Draco encoder: Encoding mesh Branch led scale foliage 3820.
15:35:01 | INFO: Draco encoder: Encoding mesh Branch led scale foliage 3821.
15:35:01 | INFO: Draco encoder: Encoding mesh Branch led scale foliage 3822.
15:35:01 | INFO: Draco encoder: Encoding mesh Branch led scale foliage 3823.
15:35:01 | INFO: Draco encoder: Encoding mesh Branch led scale foliage 3824.
15:35:01 | INFO: Draco encoder: Encoding mesh Branch led scale foliage 3825.
15:35:01 | INFO: Draco encoder: Encoding mesh Branch led scale foliage 3826.
15:35:01 | INFO: Draco encoder: Encoding mesh Branch led scale foliage 3827.
15:35:01 | INFO: Draco encoder: Encoding mesh Branch led scale foliage 3828.
15:35:01 | INFO: Draco encoder: Encoding mesh Branch led scale foliage 3829.
15:35:01 | INFO: Draco encoder: Encoding mesh Branch led scale foliage 3830.
15:35:01 | INFO: Draco encoder: Encoding mesh Branch led scale foliage 3831.
15:35:01 | INFO: Draco encoder: Encoding mesh Branch led scale foliage 3832.
15:35:01 | INFO: Draco encoder: Encoding mesh Branch led scale foliage 3833.
15:35:01 | INFO: Draco encoder: Encoding mesh Branch led scale foliage 3834.
15:35:01 | INFO: Draco encoder: Encoding mesh Branch led scale foliage 3835.
15:35:01 | INFO: Draco encoder: Encoding mesh Branch led scale foliage 3836.
15:35:01 | INFO: Draco encoder: Encoding mesh Branch led scale foliage 3837.
15:35:01 | INFO: Draco encoder: Encoding mesh Branch led scale foliage 3838.
15:35:01 | INFO: Draco encoder: Encoding mesh Branch led scale foliage 3839.
15:35:01 | INFO: Draco encoder: Encoding mesh Branch led scale foliage 3840.
15:35:01 | INFO: Draco encoder: Encoding mesh Branch led scale foliage 3841.
15:35:01 | INFO: Draco encoder: Encoding mesh Branch led scale foliage 3842.
15:35:01 | INFO: Draco encoder: Encoding mesh Branch led scale foliage 3843.
15:35:01 | INFO: Draco encoder: Encoding mesh Branch led scale foliage 3844.
15:35:01 | INFO: Draco encoder: Encoding mesh Branch led scale foliage 3845.
15:35:01 | INFO: Draco encoder: Encoding mesh Branch led scale foliage 3846.
15:35:01 | INFO: Draco encoder: Encoding mesh Branch led scale foliage 3847.
15:35:01 | INFO: Draco encoder: Encoding mesh Branch led scale foliage 3848.
15:35:01 | INFO: Draco encoder: Encoding mesh Branch led scale foliage 3849.
15:35:01 | INFO: Draco encoder: Encoding mesh Branch led scale foliage 3850.
15:35:01 | INFO: Draco encoder: Encoding mesh Branch led scale foliage 3851.
15:35:01 | INFO: Draco encoder: Encoding mesh Branch led scale foliage 3852.
15:35:01 | INFO: Draco encoder: Encoding mesh Branch led scale foliage 3853.
15:35:01 | INFO: Draco encoder: Encoding mesh Branch led scale foliage 3854.
15:35:01 | INFO: Draco encoder: Encoding mesh Branch led scale foliage 3855.
15:35:01 | INFO: Draco encoder: Encoding mesh Branch led scale foliage 3856.
15:35:01 | INFO: Draco encoder: Encoding mesh Branch led scale foliage 3857.
15:35:01 | INFO: Draco encoder: Encoding mesh Branch led scale foliage 3858.
15:35:01 | INFO: Draco encoder: Encoding mesh Branch led scale foliage 3859.
15:35:01 | INFO: Draco encoder: Encoding mesh Branch led scale foliage 3860.
15:35:01 | INFO: Draco encoder: Encoding mesh Branch led scale foliage 3861.
15:35:01 | INFO: Draco encoder: Encoding mesh Branch led scale foliage 3862.
15:35:01 | INFO: Draco encoder: Encoding mesh Branch led scale foliage 3863.
15:35:01 | INFO: Draco encoder: Encoding mesh Branch led scale foliage 3864.
15:35:01 | INFO: Draco encoder: Encoding mesh Branch led scale foliage 3865.
15:35:01 | INFO: Draco encoder: Encoding mesh Branch led scale foliage 3866.
15:35:01 | INFO: Draco encoder: Encoding mesh Branch led scale foliage 3867.
15:35:01 | INFO: Draco encoder: Encoding mesh Branch led scale foliage 3868.
15:35:01 | INFO: Draco encoder: Encoding mesh Branch led scale foliage 3869.
15:35:01 | INFO: Draco encoder: Encoding mesh Branch led scale foliage 3870.
15:35:01 | INFO: Draco encoder: Encoding mesh Branch led scale foliage 3871.
15:35:01 | INFO: Draco encoder: Encoding mesh Branch led scale foliage 3872.
15:35:01 | INFO: Draco encoder: Encoding mesh Branch led scale foliage 3873.
15:35:01 | INFO: Draco encoder: Encoding mesh Branch led scale foliage 3874.
15:35:01 | INFO: Draco encoder: Encoding mesh Branch led scale foliage 3875.
15:35:01 | INFO: Draco encoder: Encoding mesh Branch led scale foliage 3876.
15:35:01 | INFO: Draco encoder: Encoding mesh Branch led scale foliage 3877.
15:35:01 | INFO: Draco encoder: Encoding mesh Branch led scale foliage 3878.
15:35:01 | INFO: Draco encoder: Encoding mesh Branch led scale foliage 3879.
15:35:01 | INFO: Draco encoder: Encoding mesh Branch led scale foliage 3880.
15:35:01 | INFO: Draco encoder: Encoding mesh Branch led scale foliage 3881.
15:35:01 | INFO: Draco encoder: Encoding mesh Branch led scale foliage 3882.
15:35:01 | INFO: Draco encoder: Encoding mesh Branch led scale foliage 3883.
15:35:01 | INFO: Draco encoder: Encoding mesh Branch led scale foliage 3884.
15:35:01 | INFO: Draco encoder: Encoding mesh Branch led scale foliage 3885.
15:35:01 | INFO: Draco encoder: Encoding mesh Branch led scale foliage 3886.
15:35:01 | INFO: Draco encoder: Encoding mesh Branch led scale foliage 3887.
15:35:01 | INFO: Draco encoder: Encoding mesh Branch led scale foliage 3888.
15:35:01 | INFO: Draco encoder: Encoding mesh Branch led scale foliage 3889.
15:35:01 | INFO: Draco encoder: Encoding mesh Branch led scale foliage 3890.
15:35:01 | INFO: Draco encoder: Encoding mesh Branch led scale foliage 3891.
15:35:01 | INFO: Draco encoder: Encoding mesh Branch led scale foliage 3892.
15:35:01 | INFO: Draco encoder: Encoding mesh Branch led scale foliage 3893.
15:35:01 | INFO: Draco encoder: Encoding mesh Branch led scale foliage 3894.
15:35:01 | INFO: Draco encoder: Encoding mesh Branch led scale foliage 3895.
15:35:01 | INFO: Draco encoder: Encoding mesh Branch led scale foliage 3896.
15:35:01 | INFO: Draco encoder: Encoding mesh Branch led scale foliage 3897.
15:35:01 | INFO: Draco encoder: Encoding mesh Branch led scale foliage 3898.
15:35:01 | INFO: Draco encoder: Encoding mesh Branch led scale foliage 3899.
15:35:01 | INFO: Draco encoder: Encoding mesh Branch led scale foliage 3900.
15:35:01 | INFO: Draco encoder: Encoding mesh Branch led scale foliage 3901.
15:35:01 | INFO: Draco encoder: Encoding mesh Branch led scale foliage 3902.
15:35:01 | INFO: Draco encoder: Encoding mesh Branch led scale foliage 3903.
15:35:01 | INFO: Draco encoder: Encoding mesh Branch led scale foliage 3904.
15:35:01 | INFO: Draco encoder: Encoding mesh Branch led scale foliage 3905.
15:35:01 | INFO: Draco encoder: Encoding mesh Branch led scale foliage 3906.
15:35:01 | INFO: Draco encoder: Encoding mesh Branch led scale foliage 3907.
15:35:01 | INFO: Draco encoder: Encoding mesh Branch led scale foliage 3908.
15:35:01 | INFO: Draco encoder: Encoding mesh Branch led scale foliage 3909.
15:35:01 | INFO: Draco encoder: Encoding mesh Branch led scale foliage 3910.
15:35:01 | INFO: Draco encoder: Encoding mesh Branch led scale foliage 3911.
15:35:01 | INFO: Draco encoder: Encoding mesh Branch led scale foliage 3912.
15:35:01 | INFO: Draco encoder: Encoding mesh Branch led scale foliage 3913.
15:35:01 | INFO: Draco encoder: Encoding mesh Branch led scale foliage 3914.
15:35:01 | INFO: Draco encoder: Encoding mesh Branch led scale foliage 3915.
15:35:01 | INFO: Draco encoder: Encoding mesh Branch led scale foliage 3916.
15:35:01 | INFO: Draco encoder: Encoding mesh Branch led scale foliage 3917.
15:35:01 | INFO: Draco encoder: Encoding mesh Branch led scale foliage 3918.
15:35:01 | INFO: Draco encoder: Encoding mesh Branch led scale foliage 3919.
15:35:01 | INFO: Draco encoder: Encoding mesh Branch led scale foliage 3920.
15:35:01 | INFO: Draco encoder: Encoding mesh Branch led scale foliage 3921.
15:35:01 | INFO: Draco encoder: Encoding mesh Branch led scale foliage 3922.
15:35:01 | INFO: Draco encoder: Encoding mesh Branch led scale foliage 3923.
15:35:01 | INFO: Draco encoder: Encoding mesh Branch led scale foliage 3924.
15:35:01 | INFO: Draco encoder: Encoding mesh Branch led scale foliage 3925.
15:35:01 | INFO: Draco encoder: Encoding mesh Branch led scale foliage 3926.
15:35:01 | INFO: Draco encoder: Encoding mesh Branch led scale foliage 3927.
15:35:01 | INFO: Draco encoder: Encoding mesh Branch led scale foliage 3928.
15:35:01 | INFO: Draco encoder: Encoding mesh Branch led scale foliage 3929.
15:35:01 | INFO: Draco encoder: Encoding mesh Branch led scale foliage 3930.
15:35:01 | INFO: Draco encoder: Encoding mesh Branch led scale foliage 3931.
15:35:01 | INFO: Draco encoder: Encoding mesh Branch led scale foliage 3932.
15:35:01 | INFO: Draco encoder: Encoding mesh Branch led scale foliage 3933.
15:35:01 | INFO: Draco encoder: Encoding mesh Branch led scale foliage 3934.
15:35:01 | INFO: Draco encoder: Encoding mesh Branch led scale foliage 3935.
15:35:01 | INFO: Draco encoder: Encoding mesh Branch led scale foliage 3936.
15:35:01 | INFO: Draco encoder: Encoding mesh Branch led scale foliage 3937.
15:35:01 | INFO: Draco encoder: Encoding mesh Branch led scale foliage 3938.
15:35:01 | INFO: Draco encoder: Encoding mesh Branch led scale foliage 3939.
15:35:01 | INFO: Draco encoder: Encoding mesh Branch led scale foliage 3940.
15:35:01 | INFO: Draco encoder: Encoding mesh Branch led scale foliage 3941.
15:35:01 | INFO: Draco encoder: Encoding mesh Branch led scale foliage 3942.
15:35:01 | INFO: Draco encoder: Encoding mesh Branch led scale foliage 3943.
15:35:01 | INFO: Draco encoder: Encoding mesh Branch led scale foliage 3944.
15:35:01 | INFO: Draco encoder: Encoding mesh Branch led scale foliage 3945.
15:35:01 | INFO: Draco encoder: Encoding mesh Branch led scale foliage 3946.
15:35:01 | INFO: Draco encoder: Encoding mesh Branch led scale foliage 3947.
15:35:01 | INFO: Draco encoder: Encoding mesh Branch led scale foliage 3948.
15:35:01 | INFO: Draco encoder: Encoding mesh Branch led scale foliage 3949.
15:35:01 | INFO: Draco encoder: Encoding mesh Branch led scale foliage 3950.
15:35:01 | INFO: Draco encoder: Encoding mesh Branch led scale foliage 3951.
15:35:01 | INFO: Draco encoder: Encoding mesh Branch led scale foliage 3952.
15:35:01 | INFO: Draco encoder: Encoding mesh Branch led scale foliage 3953.
15:35:01 | INFO: Draco encoder: Encoding mesh Branch led scale foliage 3954.
15:35:01 | INFO: Draco encoder: Encoding mesh Branch led scale foliage 3955.
15:35:01 | INFO: Draco encoder: Encoding mesh Branch led scale foliage 3956.
15:35:01 | INFO: Draco encoder: Encoding mesh Branch led scale foliage 3957.
15:35:01 | INFO: Draco encoder: Encoding mesh Branch led scale foliage 3958.
15:35:01 | INFO: Draco encoder: Encoding mesh Branch led scale foliage 3959.
15:35:01 | INFO: Draco encoder: Encoding mesh Branch led scale foliage 3960.
15:35:01 | INFO: Draco encoder: Encoding mesh Branch led scale foliage 3961.
15:35:01 | INFO: Draco encoder: Encoding mesh Branch led scale foliage 3962.
15:35:01 | INFO: Draco encoder: Encoding mesh Branch led scale foliage 3963.
15:35:01 | INFO: Draco encoder: Encoding mesh Branch led scale foliage 3964.
15:35:01 | INFO: Draco encoder: Encoding mesh Branch led scale foliage 3965.
15:35:01 | INFO: Draco encoder: Encoding mesh Branch led scale foliage 3966.
15:35:01 | INFO: Draco encoder: Encoding mesh Branch led scale foliage 3967.
15:35:01 | INFO: Draco encoder: Encoding mesh Branch led scale foliage 3968.
15:35:01 | INFO: Draco encoder: Encoding mesh Branch led scale foliage 3969.
15:35:01 | INFO: Draco encoder: Encoding mesh Branch led scale foliage 3970.
15:35:01 | INFO: Draco encoder: Encoding mesh Branch led scale foliage 3971.
15:35:01 | INFO: Draco encoder: Encoding mesh Branch led scale foliage 3972.
15:35:01 | INFO: Draco encoder: Encoding mesh Branch led scale foliage 3973.
15:35:01 | INFO: Draco encoder: Encoding mesh Branch led scale foliage 3974.
15:35:01 | INFO: Draco encoder: Encoding mesh Branch led scale foliage 3975.
15:35:01 | INFO: Draco encoder: Encoding mesh Branch led scale foliage 3976.
15:35:01 | INFO: Draco encoder: Encoding mesh Branch led scale foliage 3977.
15:35:01 | INFO: Draco encoder: Encoding mesh Branch led scale foliage 3978.
15:35:01 | INFO: Draco encoder: Encoding mesh Branch led scale foliage 3979.
15:35:01 | INFO: Draco encoder: Encoding mesh Branch led scale foliage 3980.
15:35:01 | INFO: Draco encoder: Encoding mesh Branch led scale foliage 3981.
15:35:01 | INFO: Draco encoder: Encoding mesh Branch led scale foliage 3982.
15:35:01 | INFO: Draco encoder: Encoding mesh Branch led scale foliage 3983.
15:35:01 | INFO: Draco encoder: Encoding mesh Branch led scale foliage 3984.
15:35:01 | INFO: Draco encoder: Encoding mesh Branch led scale foliage 3985.
15:35:01 | INFO: Draco encoder: Encoding mesh Branch led scale foliage 3986.
15:35:01 | INFO: Draco encoder: Encoding mesh Branch led scale foliage 3987.
15:35:01 | INFO: Draco encoder: Encoding mesh Branch led scale foliage 3988.
15:35:01 | INFO: Draco encoder: Encoding mesh Branch led scale foliage 3989.
15:35:01 | INFO: Draco encoder: Encoding mesh Branch led scale foliage 3990.
15:35:01 | INFO: Draco encoder: Encoding mesh Branch led scale foliage 3991.
15:35:01 | INFO: Draco encoder: Encoding mesh Branch led scale foliage 3992.
15:35:01 | INFO: Draco encoder: Encoding mesh Branch led scale foliage 3993.
15:35:01 | INFO: Draco encoder: Encoding mesh Branch led scale foliage 3994.
15:35:01 | INFO: Draco encoder: Encoding mesh Branch led scale foliage 3995.
15:35:01 | INFO: Draco encoder: Encoding mesh Branch led scale foliage 3996.
15:35:01 | INFO: Draco encoder: Encoding mesh Branch led scale foliage 3997.
15:35:01 | INFO: Draco encoder: Encoding mesh Branch led scale foliage 3998.
15:35:01 | INFO: Draco encoder: Encoding mesh Branch led scale foliage 3999.
15:35:01 | INFO: Draco encoder: Encoding mesh Branch led scale foliage 4000.
15:35:01 | INFO: Draco encoder: Encoding mesh Branch led scale foliage 4001.
15:35:01 | INFO: Draco encoder: Encoding mesh Branch led scale foliage 4002.
15:35:01 | INFO: Draco encoder: Encoding mesh Branch led scale foliage 4003.
15:35:01 | INFO: Draco encoder: Encoding mesh Branch led scale foliage 4004.
15:35:01 | INFO: Draco encoder: Encoding mesh Branch led scale foliage 4005.
15:35:01 | INFO: Draco encoder: Encoding mesh Branch led scale foliage 4006.
15:35:01 | INFO: Draco encoder: Encoding mesh Branch led scale foliage 4007.
15:35:01 | INFO: Draco encoder: Encoding mesh Branch led scale foliage 4008.
15:35:01 | INFO: Draco encoder: Encoding mesh Branch led scale foliage 4009.
15:35:01 | INFO: Draco encoder: Encoding mesh Branch led scale foliage 4010.
15:35:01 | INFO: Draco encoder: Encoding mesh Branch led scale foliage 4011.
15:35:01 | INFO: Draco encoder: Encoding mesh Branch led scale foliage 4012.
15:35:01 | INFO: Draco encoder: Encoding mesh Branch led scale foliage 4013.
15:35:01 | INFO: Draco encoder: Encoding mesh Branch led scale foliage 4014.
15:35:01 | INFO: Draco encoder: Encoding mesh Branch led scale foliage 4015.
15:35:01 | INFO: Draco encoder: Encoding mesh Branch led scale foliage 4016.
15:35:01 | INFO: Draco encoder: Encoding mesh Branch led scale foliage 4017.
15:35:01 | INFO: Draco encoder: Encoding mesh Branch led scale foliage 4018.
15:35:01 | INFO: Draco encoder: Encoding mesh Branch led scale foliage 4019.
15:35:01 | INFO: Draco encoder: Encoding mesh Branch led scale foliage 4020.
15:35:01 | INFO: Draco encoder: Encoding mesh Branch led scale foliage 4021.
15:35:01 | INFO: Draco encoder: Encoding mesh Branch led scale foliage 4022.
15:35:01 | INFO: Draco encoder: Encoding mesh Branch led scale foliage 4023.
15:35:01 | INFO: Draco encoder: Encoding mesh Branch led scale foliage 4024.
15:35:01 | INFO: Draco encoder: Encoding mesh Branch led scale foliage 4025.
15:35:01 | INFO: Draco encoder: Encoding mesh Branch led scale foliage 4026.
15:35:01 | INFO: Draco encoder: Encoding mesh Branch led scale foliage 4027.
15:35:01 | INFO: Draco encoder: Encoding mesh Branch led scale foliage 4028.
15:35:01 | INFO: Draco encoder: Encoding mesh Branch led scale foliage 4029.
15:35:01 | INFO: Draco encoder: Encoding mesh Branch led scale foliage 4030.
15:35:01 | INFO: Draco encoder: Encoding mesh Branch led scale foliage 4031.
15:35:01 | INFO: Draco encoder: Encoding mesh Branch led scale foliage 4032.
15:35:01 | INFO: Draco encoder: Encoding mesh Branch led scale foliage 4033.
15:35:01 | INFO: Draco encoder: Encoding mesh Branch led scale foliage 4034.
15:35:01 | INFO: Draco encoder: Encoding mesh Branch led scale foliage 4035.
15:35:01 | INFO: Draco encoder: Encoding mesh Branch led scale foliage 4036.
15:35:01 | INFO: Draco encoder: Encoding mesh Branch led scale foliage 4037.
15:35:01 | INFO: Draco encoder: Encoding mesh Branch led scale foliage 4038.
15:35:01 | INFO: Draco encoder: Encoding mesh Branch led scale foliage 4039.
15:35:01 | INFO: Draco encoder: Encoding mesh Branch led scale foliage 4040.
15:35:01 | INFO: Draco encoder: Encoding mesh Branch led scale foliage 4041.
15:35:01 | INFO: Draco encoder: Encoding mesh Branch led scale foliage 4042.
15:35:01 | INFO: Draco encoder: Encoding mesh Branch led scale foliage 4043.
15:35:01 | INFO: Draco encoder: Encoding mesh Branch led scale foliage 4044.
15:35:01 | INFO: Draco encoder: Encoding mesh Branch led scale foliage 4045.
15:35:01 | INFO: Draco encoder: Encoding mesh Branch led scale foliage 4046.
15:35:01 | INFO: Draco encoder: Encoding mesh Branch led scale foliage 4047.
15:35:01 | INFO: Draco encoder: Encoding mesh Branch led scale foliage 4048.
15:35:01 | INFO: Draco encoder: Encoding mesh Branch led scale foliage 4049.
15:35:01 | INFO: Draco encoder: Encoding mesh Branch led scale foliage 4050.
15:35:01 | INFO: Draco encoder: Encoding mesh Branch led scale foliage 4051.
15:35:01 | INFO: Draco encoder: Encoding mesh Branch led scale foliage 4052.
15:35:01 | INFO: Draco encoder: Encoding mesh Branch led scale foliage 4053.
15:35:01 | INFO: Draco encoder: Encoding mesh Branch led scale foliage 4054.
15:35:01 | INFO: Draco encoder: Encoding mesh Branch led scale foliage 4055.
15:35:01 | INFO: Draco encoder: Encoding mesh Branch led scale foliage 4056.
15:35:01 | INFO: Draco encoder: Encoding mesh Branch led scale foliage 4057.
15:35:01 | INFO: Draco encoder: Encoding mesh Branch led scale foliage 4058.
15:35:01 | INFO: Draco encoder: Encoding mesh Branch led scale foliage 4059.
15:35:01 | INFO: Draco encoder: Encoding mesh Branch led scale foliage 4060.
15:35:01 | INFO: Draco encoder: Encoding mesh Branch led scale foliage 4061.
15:35:01 | INFO: Draco encoder: Encoding mesh Branch led scale foliage 4062.
15:35:01 | INFO: Draco encoder: Encoding mesh Branch led scale foliage 4063.
15:35:01 | INFO: Draco encoder: Encoding mesh Branch led scale foliage 4064.
15:35:01 | INFO: Draco encoder: Encoding mesh Branch led scale foliage 4065.
15:35:01 | INFO: Draco encoder: Encoding mesh Branch led scale foliage 4066.
15:35:01 | INFO: Draco encoder: Encoding mesh Branch led scale foliage 4067.
15:35:01 | INFO: Draco encoder: Encoding mesh Branch led scale foliage 4068.
15:35:01 | INFO: Draco encoder: Encoding mesh Branch led scale foliage 4069.
15:35:01 | INFO: Draco encoder: Encoding mesh Branch led scale foliage 4070.
15:35:01 | INFO: Draco encoder: Encoding mesh Branch led scale foliage 4071.
15:35:01 | INFO: Draco encoder: Encoding mesh Branch led scale foliage 4072.
15:35:01 | INFO: Draco encoder: Encoding mesh Branch led scale foliage 4073.
15:35:01 | INFO: Draco encoder: Encoding mesh Branch led scale foliage 4074.
15:35:01 | INFO: Draco encoder: Encoding mesh Branch led scale foliage 4075.
15:35:01 | INFO: Draco encoder: Encoding mesh Branch led scale foliage 4076.
15:35:01 | INFO: Draco encoder: Encoding mesh Branch led scale foliage 4077.
15:35:01 | INFO: Draco encoder: Encoding mesh Branch led scale foliage 4078.
15:35:01 | INFO: Draco encoder: Encoding mesh Branch led scale foliage 4079.
15:35:01 | INFO: Draco encoder: Encoding mesh Branch led scale foliage 4080.
15:35:01 | INFO: Draco encoder: Encoding mesh Branch led scale foliage 4081.
15:35:01 | INFO: Draco encoder: Encoding mesh Branch led scale foliage 4082.
15:35:01 | INFO: Draco encoder: Encoding mesh Branch led scale foliage 4083.
15:35:01 | INFO: Draco encoder: Encoding mesh Branch led scale foliage 4084.
15:35:01 | INFO: Draco encoder: Encoding mesh Branch led scale foliage 4085.
15:35:01 | INFO: Draco encoder: Encoding mesh Branch led scale foliage 4086.
15:35:01 | INFO: Draco encoder: Encoding mesh Branch led scale foliage 4087.
15:35:01 | INFO: Draco encoder: Encoding mesh Branch led scale foliage 4088.
15:35:01 | INFO: Draco encoder: Encoding mesh Branch led scale foliage 4089.
15:35:01 | INFO: Draco encoder: Encoding mesh Branch led scale foliage 4090.
15:35:01 | INFO: Draco encoder: Encoding mesh Branch led scale foliage 4091.
15:35:01 | INFO: Draco encoder: Encoding mesh Branch led scale foliage 4092.
15:35:01 | INFO: Draco encoder: Encoding mesh Branch led scale foliage 4093.
15:35:01 | INFO: Draco encoder: Encoding mesh Branch led scale foliage 4094.
15:35:01 | INFO: Draco encoder: Encoding mesh Branch led scale foliage 4095.
15:35:01 | INFO: Draco encoder: Encoding mesh Branch led scale foliage 4096.
15:35:01 | INFO: Draco encoder: Encoding mesh Branch led scale foliage 4097.
15:35:01 | INFO: Draco encoder: Encoding mesh Branch led scale foliage 4098.
15:35:01 | INFO: Draco encoder: Encoding mesh Branch led scale foliage 4099.
15:35:01 | INFO: Draco encoder: Encoding mesh Branch led scale foliage 4100.
15:35:01 | INFO: Draco encoder: Encoding mesh Branch led scale foliage 4101.
15:35:01 | INFO: Draco encoder: Encoding mesh Branch led scale foliage 4102.
15:35:01 | INFO: Draco encoder: Encoding mesh Branch led scale foliage 4103.
15:35:01 | INFO: Draco encoder: Encoding mesh Branch led scale foliage 4104.
15:35:01 | INFO: Draco encoder: Encoding mesh Branch led scale foliage 4105.
15:35:01 | INFO: Draco encoder: Encoding mesh Branch led scale foliage 4106.
15:35:01 | INFO: Draco encoder: Encoding mesh Branch led scale foliage 4107.
15:35:01 | INFO: Draco encoder: Encoding mesh Branch led scale foliage 4108.
15:35:01 | INFO: Draco encoder: Encoding mesh Branch led scale foliage 4109.
15:35:01 | INFO: Draco encoder: Encoding mesh Branch led scale foliage 4110.
15:35:01 | INFO: Draco encoder: Encoding mesh Branch led scale foliage 4111.
15:35:01 | INFO: Draco encoder: Encoding mesh Branch led scale foliage 4112.
15:35:01 | INFO: Draco encoder: Encoding mesh Branch led scale foliage 4113.
15:35:01 | INFO: Draco encoder: Encoding mesh Branch led scale foliage 4114.
15:35:01 | INFO: Draco encoder: Encoding mesh Branch led scale foliage 4115.
15:35:01 | INFO: Draco encoder: Encoding mesh Branch led scale foliage 4116.
15:35:01 | INFO: Draco encoder: Encoding mesh Branch led scale foliage 4117.
15:35:01 | INFO: Draco encoder: Encoding mesh Branch led scale foliage 4118.
15:35:01 | INFO: Draco encoder: Encoding mesh Branch led scale foliage 4119.
15:35:01 | INFO: Draco encoder: Encoding mesh Branch led scale foliage 4120.
15:35:01 | INFO: Draco encoder: Encoding mesh Branch led scale foliage 4121.
15:35:01 | INFO: Draco encoder: Encoding mesh Branch led scale foliage 4122.
15:35:01 | INFO: Draco encoder: Encoding mesh Branch led scale foliage 4123.
15:35:01 | INFO: Draco encoder: Encoding mesh Branch led scale foliage 4124.
15:35:01 | INFO: Draco encoder: Encoding mesh Branch led scale foliage 4125.
15:35:01 | INFO: Draco encoder: Encoding mesh Branch led scale foliage 4126.
15:35:01 | INFO: Draco encoder: Encoding mesh Branch led scale foliage 4127.
15:35:01 | INFO: Draco encoder: Encoding mesh Branch led scale foliage 4128.
15:35:01 | INFO: Draco encoder: Encoding mesh Branch led scale foliage 4129.
15:35:01 | INFO: Draco encoder: Encoding mesh Branch led scale foliage 4130.
15:35:01 | INFO: Draco encoder: Encoding mesh Branch led scale foliage 4131.
15:35:01 | INFO: Draco encoder: Encoding mesh Branch led scale foliage 4132.
15:35:01 | INFO: Draco encoder: Encoding mesh Branch led scale foliage 4133.
15:35:01 | INFO: Draco encoder: Encoding mesh Branch led scale foliage 4134.
15:35:01 | INFO: Draco encoder: Encoding mesh Branch led scale foliage 4135.
15:35:01 | INFO: Draco encoder: Encoding mesh Branch led scale foliage 4136.
15:35:01 | INFO: Draco encoder: Encoding mesh Branch led scale foliage 4137.
15:35:01 | INFO: Draco encoder: Encoding mesh Branch led scale foliage 4138.
15:35:01 | INFO: Draco encoder: Encoding mesh Branch led scale foliage 4139.
15:35:01 | INFO: Draco encoder: Encoding mesh Branch led scale foliage 4140.
15:35:01 | INFO: Draco encoder: Encoding mesh Branch led scale foliage 4141.
15:35:01 | INFO: Draco encoder: Encoding mesh Branch led scale foliage 4142.
15:35:01 | INFO: Draco encoder: Encoding mesh Branch led scale foliage 4143.
15:35:01 | INFO: Draco encoder: Encoding mesh Branch led scale foliage 4144.
15:35:01 | INFO: Draco encoder: Encoding mesh Branch led scale foliage 4145.
15:35:01 | INFO: Draco encoder: Encoding mesh Branch led scale foliage 4146.
15:35:01 | INFO: Draco encoder: Encoding mesh Branch led scale foliage 4147.
15:35:01 | INFO: Draco encoder: Encoding mesh Branch led scale foliage 4148.
15:35:01 | INFO: Draco encoder: Encoding mesh Branch led scale foliage 4149.
15:35:01 | INFO: Draco encoder: Encoding mesh Branch led scale foliage 4150.
15:35:01 | INFO: Draco encoder: Encoding mesh Branch led scale foliage 4151.
15:35:01 | INFO: Draco encoder: Encoding mesh Branch led scale foliage 4152.
15:35:01 | INFO: Draco encoder: Encoding mesh Branch led scale foliage 4153.
15:35:01 | INFO: Draco encoder: Encoding mesh Branch led scale foliage 4154.
15:35:01 | INFO: Draco encoder: Encoding mesh Branch led scale foliage 4155.
15:35:01 | INFO: Draco encoder: Encoding mesh Branch led scale foliage 4156.
15:35:01 | INFO: Draco encoder: Encoding mesh Branch led scale foliage 4157.
15:35:01 | INFO: Draco encoder: Encoding mesh Branch led scale foliage 4158.
15:35:01 | INFO: Draco encoder: Encoding mesh Branch led scale foliage 4159.
15:35:01 | INFO: Draco encoder: Encoding mesh Branch led scale foliage 4160.
15:35:01 | INFO: Draco encoder: Encoding mesh Branch led scale foliage 4161.
15:35:01 | INFO: Draco encoder: Encoding mesh Branch led scale foliage 4162.
15:35:01 | INFO: Draco encoder: Encoding mesh Branch led scale foliage 4163.
15:35:01 | INFO: Draco encoder: Encoding mesh Branch led scale foliage 4164.
15:35:01 | INFO: Draco encoder: Encoding mesh Branch led scale foliage 4165.
15:35:01 | INFO: Draco encoder: Encoding mesh Branch led scale foliage 4166.
15:35:01 | INFO: Draco encoder: Encoding mesh Branch led scale foliage 4167.
15:35:01 | INFO: Draco encoder: Encoding mesh Branch led scale foliage 4168.
15:35:01 | INFO: Draco encoder: Encoding mesh Branch led scale foliage 4169.
15:35:01 | INFO: Draco encoder: Encoding mesh Branch led scale foliage 4170.
15:35:01 | INFO: Draco encoder: Encoding mesh Branch led scale foliage 4171.
15:35:01 | INFO: Draco encoder: Encoding mesh Branch led scale foliage 4172.
15:35:01 | INFO: Draco encoder: Encoding mesh Branch led scale foliage 4173.
15:35:01 | INFO: Draco encoder: Encoding mesh Branch led scale foliage 4174.
15:35:01 | INFO: Draco encoder: Encoding mesh Branch led scale foliage 4175.
15:35:01 | INFO: Draco encoder: Encoding mesh Branch led scale foliage 4176.
15:35:01 | INFO: Draco encoder: Encoding mesh Branch led scale foliage 4177.
15:35:01 | INFO: Draco encoder: Encoding mesh Branch led scale foliage 4178.
15:35:01 | INFO: Draco encoder: Encoding mesh Branch led scale foliage 4179.
15:35:01 | INFO: Draco encoder: Encoding mesh Branch led scale foliage 4180.
15:35:01 | INFO: Draco encoder: Encoding mesh Branch led scale foliage 4181.
15:35:01 | INFO: Draco encoder: Encoding mesh Branch led scale foliage 4182.
15:35:01 | INFO: Draco encoder: Encoding mesh Branch led scale foliage 4183.
15:35:01 | INFO: Draco encoder: Encoding mesh Branch led scale foliage 4184.
15:35:01 | INFO: Draco encoder: Encoding mesh Branch led scale foliage 4185.
15:35:01 | INFO: Draco encoder: Encoding mesh Branch led scale foliage 4186.
15:35:01 | INFO: Draco encoder: Encoding mesh Branch led scale foliage 4187.
15:35:01 | INFO: Draco encoder: Encoding mesh Branch led scale foliage 4188.
15:35:01 | INFO: Draco encoder: Encoding mesh Branch led scale foliage 4189.
15:35:01 | INFO: Draco encoder: Encoding mesh Branch led scale foliage 4190.
15:35:01 | INFO: Draco encoder: Encoding mesh Branch led scale foliage 4191.
15:35:01 | INFO: Draco encoder: Encoding mesh Branch led scale foliage 4192.
15:35:01 | INFO: Draco encoder: Encoding mesh Branch led scale foliage 4193.
15:35:01 | INFO: Draco encoder: Encoding mesh Branch led scale foliage 4194.
15:35:01 | INFO: Draco encoder: Encoding mesh Branch led scale foliage 4195.
15:35:01 | INFO: Draco encoder: Encoding mesh Branch led scale foliage 4196.
15:35:01 | INFO: Draco encoder: Encoding mesh Branch led scale foliage 4197.
15:35:01 | INFO: Draco encoder: Encoding mesh Branch led scale foliage 4198.
15:35:01 | INFO: Draco encoder: Encoding mesh Branch led scale foliage 4199.
15:35:01 | INFO: Draco encoder: Encoding mesh Branch led scale foliage 4200.
15:35:01 | INFO: Draco encoder: Encoding mesh Branch led scale foliage 4201.
15:35:01 | INFO: Draco encoder: Encoding mesh Branch led scale foliage 4202.
15:35:01 | INFO: Draco encoder: Encoding mesh Branch led scale foliage 4203.
15:35:01 | INFO: Draco encoder: Encoding mesh Branch led scale foliage 4204.
15:35:01 | INFO: Draco encoder: Encoding mesh Branch led scale foliage 4205.
15:35:01 | INFO: Draco encoder: Encoding mesh Branch led scale foliage 4206.
15:35:01 | INFO: Draco encoder: Encoding mesh Branch led scale foliage 4207.
15:35:01 | INFO: Draco encoder: Encoding mesh Branch led scale foliage 4208.
15:35:01 | INFO: Draco encoder: Encoding mesh Branch led scale foliage 4209.
15:35:01 | INFO: Draco encoder: Encoding mesh Branch led scale foliage 4210.
15:35:01 | INFO: Draco encoder: Encoding mesh Branch led scale foliage 4211.
15:35:01 | INFO: Draco encoder: Encoding mesh Branch led scale foliage 4212.
15:35:01 | INFO: Draco encoder: Encoding mesh Branch led scale foliage 4213.
15:35:01 | INFO: Draco encoder: Encoding mesh Branch led scale foliage 4214.
15:35:01 | INFO: Draco encoder: Encoding mesh Branch led scale foliage 4215.
15:35:01 | INFO: Draco encoder: Encoding mesh Branch led scale foliage 4216.
15:35:01 | INFO: Draco encoder: Encoding mesh Branch led scale foliage 4217.
15:35:01 | INFO: Draco encoder: Encoding mesh Branch led scale foliage 4218.
15:35:01 | INFO: Draco encoder: Encoding mesh Branch led scale foliage 4219.
15:35:01 | INFO: Draco encoder: Encoding mesh Branch led scale foliage 4220.
15:35:01 | INFO: Draco encoder: Encoding mesh Branch led scale foliage 4221.
15:35:01 | INFO: Draco encoder: Encoding mesh Branch led scale foliage 4222.
15:35:01 | INFO: Draco encoder: Encoding mesh Branch led scale foliage 4223.
15:35:01 | INFO: Draco encoder: Encoding mesh Branch led scale foliage 4224.
15:35:01 | INFO: Draco encoder: Encoding mesh Branch led scale foliage 4225.
15:35:01 | INFO: Draco encoder: Encoding mesh Branch led scale foliage 4226.
15:35:01 | INFO: Draco encoder: Encoding mesh Branch led scale foliage 4227.
15:35:01 | INFO: Draco encoder: Encoding mesh Branch led scale foliage 4228.
15:35:01 | INFO: Draco encoder: Encoding mesh Branch led scale foliage 4229.
15:35:01 | INFO: Draco encoder: Encoding mesh Branch led scale foliage 4230.
15:35:01 | INFO: Draco encoder: Encoding mesh Branch led scale foliage 4231.
15:35:01 | INFO: Draco encoder: Encoding mesh Branch led scale foliage 4232.
15:35:01 | INFO: Draco encoder: Encoding mesh Branch led scale foliage 4233.
15:35:01 | INFO: Draco encoder: Encoding mesh Branch led scale foliage 4234.
15:35:01 | INFO: Draco encoder: Encoding mesh Branch led scale foliage 4235.
15:35:01 | INFO: Draco encoder: Encoding mesh Branch led scale foliage 4236.
15:35:01 | INFO: Draco encoder: Encoding mesh Branch led scale foliage 4237.
15:35:01 | INFO: Draco encoder: Encoding mesh Branch led scale foliage 4238.
15:35:01 | INFO: Draco encoder: Encoding mesh Branch led scale foliage 4239.
15:35:01 | INFO: Draco encoder: Encoding mesh Branch led scale foliage 4240.
15:35:01 | INFO: Draco encoder: Encoding mesh Branch led scale foliage 4241.
15:35:01 | INFO: Draco encoder: Encoding mesh Branch led scale foliage 4242.
15:35:01 | INFO: Draco encoder: Encoding mesh Branch led scale foliage 4243.
15:35:01 | INFO: Draco encoder: Encoding mesh Branch led scale foliage 4244.
15:35:01 | INFO: Draco encoder: Encoding mesh Branch led scale foliage 4245.
15:35:01 | INFO: Draco encoder: Encoding mesh Branch led scale foliage 4246.
15:35:01 | INFO: Draco encoder: Encoding mesh Branch led scale foliage 4247.
15:35:01 | INFO: Draco encoder: Encoding mesh Branch led scale foliage 4248.
15:35:01 | INFO: Draco encoder: Encoding mesh Branch led scale foliage 4249.
15:35:01 | INFO: Draco encoder: Encoding mesh Branch led scale foliage 4250.
15:35:01 | INFO: Draco encoder: Encoding mesh Branch led scale foliage 4251.
15:35:01 | INFO: Draco encoder: Encoding mesh Branch led scale foliage 4252.
15:35:01 | INFO: Draco encoder: Encoding mesh Branch led scale foliage 4253.
15:35:01 | INFO: Draco encoder: Encoding mesh Branch led scale foliage 4254.
15:35:01 | INFO: Draco encoder: Encoding mesh Branch led scale foliage 4255.
15:35:01 | INFO: Draco encoder: Encoding mesh Branch led scale foliage 4256.
15:35:01 | INFO: Draco encoder: Encoding mesh Branch led scale foliage 4257.
15:35:01 | INFO: Draco encoder: Encoding mesh Branch led scale foliage 4258.
15:35:01 | INFO: Draco encoder: Encoding mesh Branch led scale foliage 4259.
15:35:01 | INFO: Draco encoder: Encoding mesh Branch led scale foliage 4260.
15:35:01 | INFO: Draco encoder: Encoding mesh Branch led scale foliage 4261.
15:35:01 | INFO: Draco encoder: Encoding mesh Branch led scale foliage 4262.
15:35:01 | INFO: Draco encoder: Encoding mesh Branch led scale foliage 4263.
15:35:01 | INFO: Draco encoder: Encoding mesh Branch led scale foliage 4264.
15:35:01 | INFO: Draco encoder: Encoding mesh Branch led scale foliage 4265.
15:35:01 | INFO: Draco encoder: Encoding mesh Branch led scale foliage 4266.
15:35:01 | INFO: Draco encoder: Encoding mesh Branch led scale foliage 4267.
15:35:01 | INFO: Draco encoder: Encoding mesh Branch led scale foliage 4268.
15:35:01 | INFO: Draco encoder: Encoding mesh Branch led scale foliage 4269.
15:35:01 | INFO: Draco encoder: Encoding mesh Branch led scale foliage 4270.
15:35:01 | INFO: Draco encoder: Encoding mesh Branch led scale foliage 4271.
15:35:01 | INFO: Draco encoder: Encoding mesh Branch led scale foliage 4272.
15:35:01 | INFO: Draco encoder: Encoding mesh Branch led scale foliage 4273.
15:35:01 | INFO: Draco encoder: Encoding mesh Branch led scale foliage 4274.
15:35:01 | INFO: Draco encoder: Encoding mesh Branch led scale foliage 4275.
15:35:01 | INFO: Draco encoder: Encoding mesh Branch led scale foliage 4276.
15:35:01 | INFO: Draco encoder: Encoding mesh Branch led scale foliage 4277.
15:35:01 | INFO: Draco encoder: Encoding mesh Branch led scale foliage 4278.
15:35:01 | INFO: Draco encoder: Encoding mesh Branch led scale foliage 4279.
15:35:01 | INFO: Draco encoder: Encoding mesh Branch led scale foliage 4280.
15:35:01 | INFO: Draco encoder: Encoding mesh Branch led scale foliage 4281.
15:35:01 | INFO: Draco encoder: Encoding mesh Branch led scale foliage 4282.
15:35:01 | INFO: Draco encoder: Encoding mesh Branch led scale foliage 4283.
15:35:01 | INFO: Draco encoder: Encoding mesh Branch led scale foliage 4284.
15:35:01 | INFO: Draco encoder: Encoding mesh Branch led scale foliage 4285.
15:35:01 | INFO: Draco encoder: Encoding mesh Branch led scale foliage 4286.
15:35:01 | INFO: Draco encoder: Encoding mesh Branch led scale foliage 4287.
15:35:01 | INFO: Draco encoder: Encoding mesh Branch led scale foliage 4288.
15:35:01 | INFO: Draco encoder: Encoding mesh Branch led scale foliage 4289.
15:35:01 | INFO: Draco encoder: Encoding mesh Branch led scale foliage 4290.
15:35:01 | INFO: Draco encoder: Encoding mesh Branch led scale foliage 4291.
15:35:01 | INFO: Draco encoder: Encoding mesh Branch led scale foliage 4292.
15:35:01 | INFO: Draco encoder: Encoding mesh Branch led scale foliage 4293.
15:35:01 | INFO: Draco encoder: Encoding mesh Branch led scale foliage 4294.
15:35:01 | INFO: Draco encoder: Encoding mesh Branch led scale foliage 4295.
15:35:01 | INFO: Draco encoder: Encoding mesh Branch led scale foliage 4296.
15:35:01 | INFO: Draco encoder: Encoding mesh Branch led scale foliage 4297.
15:35:01 | INFO: Draco encoder: Encoding mesh Branch led scale foliage 4298.
15:35:01 | INFO: Draco encoder: Encoding mesh Branch led scale foliage 4299.
15:35:01 | INFO: Draco encoder: Encoding mesh Branch led scale foliage 4300.
15:35:01 | INFO: Draco encoder: Encoding mesh Branch led scale foliage 4301.
15:35:01 | INFO: Draco encoder: Encoding mesh Branch led scale foliage 4302.
15:35:01 | INFO: Draco encoder: Encoding mesh Branch led scale foliage 4303.
15:35:01 | INFO: Draco encoder: Encoding mesh Branch led scale foliage 4304.
15:35:01 | INFO: Draco encoder: Encoding mesh Branch led scale foliage 4305.
15:35:01 | INFO: Draco encoder: Encoding mesh Branch led scale foliage 4306.
15:35:01 | INFO: Draco encoder: Encoding mesh Branch led scale foliage 4307.
15:35:01 | INFO: Draco encoder: Encoding mesh Branch led scale foliage 4308.
15:35:01 | INFO: Draco encoder: Encoding mesh Branch led scale foliage 4309.
15:35:01 | INFO: Draco encoder: Encoding mesh Branch led scale foliage 4310.
15:35:01 | INFO: Draco encoder: Encoding mesh Branch led scale foliage 4311.
15:35:01 | INFO: Draco encoder: Encoding mesh Branch led scale foliage 4312.
15:35:01 | INFO: Draco encoder: Encoding mesh Branch led scale foliage 4313.
15:35:01 | INFO: Draco encoder: Encoding mesh Branch led scale foliage 4314.
15:35:01 | INFO: Draco encoder: Encoding mesh Branch led scale foliage 4315.
15:35:01 | INFO: Draco encoder: Encoding mesh Branch led scale foliage 4316.
15:35:01 | INFO: Draco encoder: Encoding mesh Branch led scale foliage 4317.
15:35:01 | INFO: Draco encoder: Encoding mesh Branch led scale foliage 4318.
15:35:01 | INFO: Draco encoder: Encoding mesh Branch led scale foliage 4319.
15:35:01 | INFO: Draco encoder: Encoding mesh Branch led scale foliage 4320.
15:35:01 | INFO: Draco encoder: Encoding mesh Branch led scale foliage 4321.
15:35:01 | INFO: Draco encoder: Encoding mesh Branch led scale foliage 4322.
15:35:01 | INFO: Draco encoder: Encoding mesh Branch led scale foliage 4323.
15:35:01 | INFO: Draco encoder: Encoding mesh Branch led scale foliage 4324.
15:35:01 | INFO: Draco encoder: Encoding mesh Branch led scale foliage 4325.
15:35:01 | INFO: Draco encoder: Encoding mesh Branch led scale foliage 4326.
15:35:01 | INFO: Draco encoder: Encoding mesh Branch led scale foliage 4327.
15:35:01 | INFO: Draco encoder: Encoding mesh Branch led scale foliage 4328.
15:35:01 | INFO: Draco encoder: Encoding mesh Branch led scale foliage 4329.
15:35:01 | INFO: Draco encoder: Encoding mesh Branch led scale foliage 4330.
15:35:01 | INFO: Draco encoder: Encoding mesh Branch led scale foliage 4331.
15:35:01 | INFO: Draco encoder: Encoding mesh Branch led scale foliage 4332.
15:35:01 | INFO: Draco encoder: Encoding mesh Branch led scale foliage 4333.
15:35:01 | INFO: Draco encoder: Encoding mesh Branch led scale foliage 4334.
15:35:01 | INFO: Draco encoder: Encoding mesh Branch led scale foliage 4335.
15:35:01 | INFO: Draco encoder: Encoding mesh Branch led scale foliage 4336.
15:35:01 | INFO: Draco encoder: Encoding mesh Branch led scale foliage 4337.
15:35:01 | INFO: Draco encoder: Encoding mesh Branch led scale foliage 4338.
15:35:01 | INFO: Draco encoder: Encoding mesh Branch led scale foliage 4339.
15:35:01 | INFO: Draco encoder: Encoding mesh Branch led scale foliage 4340.
15:35:01 | INFO: Draco encoder: Encoding mesh Branch led scale foliage 4341.
15:35:01 | INFO: Draco encoder: Encoding mesh Branch led scale foliage 4342.
15:35:01 | INFO: Draco encoder: Encoding mesh Branch led scale foliage 4343.
15:35:01 | INFO: Draco encoder: Encoding mesh Branch led scale foliage 4344.
15:35:01 | INFO: Draco encoder: Encoding mesh Branch led scale foliage 4345.
15:35:01 | INFO: Draco encoder: Encoding mesh Branch led scale foliage 4346.
15:35:01 | INFO: Draco encoder: Encoding mesh Branch led scale foliage 4347.
15:35:01 | INFO: Draco encoder: Encoding mesh Branch led scale foliage 4348.
15:35:01 | INFO: Draco encoder: Encoding mesh Branch led scale foliage 4349.
15:35:01 | INFO: Draco encoder: Encoding mesh Branch led scale foliage 4350.
15:35:01 | INFO: Draco encoder: Encoding mesh Branch led scale foliage 4351.
15:35:01 | INFO: Draco encoder: Encoding mesh Branch led scale foliage 4352.
15:35:01 | INFO: Draco encoder: Encoding mesh Branch led scale foliage 4353.
15:35:01 | INFO: Draco encoder: Encoding mesh Branch led scale foliage 4354.
15:35:01 | INFO: Draco encoder: Encoding mesh Branch led scale foliage 4355.
15:35:01 | INFO: Draco encoder: Encoding mesh Branch led scale foliage 4356.
15:35:01 | INFO: Draco encoder: Encoding mesh Branch led scale foliage 4357.
15:35:01 | INFO: Draco encoder: Encoding mesh Branch led scale foliage 4358.
15:35:01 | INFO: Draco encoder: Encoding mesh Branch led scale foliage 4359.
15:35:01 | INFO: Draco encoder: Encoding mesh Branch led scale foliage 4360.
15:35:01 | INFO: Draco encoder: Encoding mesh Branch led scale foliage 4361.
15:35:01 | INFO: Draco encoder: Encoding mesh Branch led scale foliage 4362.
15:35:01 | INFO: Draco encoder: Encoding mesh Branch led scale foliage 4363.
15:35:01 | INFO: Draco encoder: Encoding mesh Branch led scale foliage 4364.
15:35:01 | INFO: Draco encoder: Encoding mesh Branch led scale foliage 4365.
15:35:01 | INFO: Draco encoder: Encoding mesh Branch led scale foliage 4366.
15:35:01 | INFO: Draco encoder: Encoding mesh Branch led scale foliage 4367.
15:35:01 | INFO: Draco encoder: Encoding mesh Branch led scale foliage 4368.
15:35:01 | INFO: Draco encoder: Encoding mesh Branch led scale foliage 4369.
15:35:01 | INFO: Draco encoder: Encoding mesh Branch led scale foliage 4370.
15:35:01 | INFO: Draco encoder: Encoding mesh Branch led scale foliage 4371.
15:35:01 | INFO: Draco encoder: Encoding mesh Branch led scale foliage 4372.
15:35:01 | INFO: Draco encoder: Encoding mesh Branch led scale foliage 4373.
15:35:01 | INFO: Draco encoder: Encoding mesh Branch led scale foliage 4374.
15:35:01 | INFO: Draco encoder: Encoding mesh Branch led scale foliage 4375.
15:35:01 | INFO: Draco encoder: Encoding mesh Branch led scale foliage 4376.
15:35:01 | INFO: Draco encoder: Encoding mesh Branch led scale foliage 4377.
15:35:01 | INFO: Draco encoder: Encoding mesh Branch led scale foliage 4378.
15:35:01 | INFO: Draco encoder: Encoding mesh Branch led scale foliage 4379.
15:35:01 | INFO: Draco encoder: Encoding mesh Branch led scale foliage 4380.
15:35:01 | INFO: Draco encoder: Encoding mesh Branch led scale foliage 4381.
15:35:01 | INFO: Draco encoder: Encoding mesh Branch led scale foliage 4382.
15:35:01 | INFO: Draco encoder: Encoding mesh Branch led scale foliage 4383.
15:35:01 | INFO: Draco encoder: Encoding mesh Branch led scale foliage 4384.
15:35:01 | INFO: Draco encoder: Encoding mesh Branch led scale foliage 4385.
15:35:01 | INFO: Draco encoder: Encoding mesh Branch led scale foliage 4386.
15:35:01 | INFO: Draco encoder: Encoding mesh Branch led scale foliage 4387.
15:35:01 | INFO: Draco encoder: Encoding mesh Branch led scale foliage 4388.
15:35:01 | INFO: Draco encoder: Encoding mesh Branch led scale foliage 4389.
15:35:01 | INFO: Draco encoder: Encoding mesh Branch led scale foliage 4390.
15:35:01 | INFO: Draco encoder: Encoding mesh Branch led scale foliage 4391.
15:35:01 | INFO: Draco encoder: Encoding mesh Branch led scale foliage 4392.
15:35:01 | INFO: Draco encoder: Encoding mesh Branch led scale foliage 4393.
15:35:01 | INFO: Draco encoder: Encoding mesh Branch led scale foliage 4394.
15:35:01 | INFO: Draco encoder: Encoding mesh Branch led scale foliage 4395.
15:35:01 | INFO: Draco encoder: Encoding mesh Branch led scale foliage 4396.
15:35:01 | INFO: Draco encoder: Encoding mesh Branch led scale foliage 4397.
15:35:01 | INFO: Draco encoder: Encoding mesh Branch led scale foliage 4398.
15:35:01 | INFO: Draco encoder: Encoding mesh Branch led scale foliage 4399.
15:35:01 | INFO: Draco encoder: Encoding mesh Branch led scale foliage 4400.
15:35:01 | INFO: Draco encoder: Encoding mesh Branch led scale foliage 4401.
15:35:01 | INFO: Draco encoder: Encoding mesh Branch led scale foliage 4402.
15:35:01 | INFO: Draco encoder: Encoding mesh Branch led scale foliage 4403.
15:35:01 | INFO: Draco encoder: Encoding mesh Branch led scale foliage 4404.
15:35:01 | INFO: Draco encoder: Encoding mesh Branch led scale foliage 4405.
15:35:01 | INFO: Draco encoder: Encoding mesh Branch led scale foliage 4406.
15:35:01 | INFO: Draco encoder: Encoding mesh Branch led scale foliage 4407.
15:35:01 | INFO: Draco encoder: Encoding mesh Branch led scale foliage 4408.
15:35:01 | INFO: Draco encoder: Encoding mesh Branch led scale foliage 4409.
15:35:01 | INFO: Draco encoder: Encoding mesh Branch led scale foliage 4410.
15:35:01 | INFO: Draco encoder: Encoding mesh Branch led scale foliage 4411.
15:35:01 | INFO: Draco encoder: Encoding mesh Branch led scale foliage 4412.
15:35:01 | INFO: Draco encoder: Encoding mesh Branch led scale foliage 4413.
15:35:01 | INFO: Draco encoder: Encoding mesh Branch led scale foliage 4414.
15:35:01 | INFO: Draco encoder: Encoding mesh Branch led scale foliage 4415.
15:35:01 | INFO: Draco encoder: Encoding mesh Branch led scale foliage 4416.
15:35:01 | INFO: Draco encoder: Encoding mesh Branch led scale foliage 4417.
15:35:01 | INFO: Draco encoder: Encoding mesh Branch led scale foliage 4418.
15:35:01 | INFO: Draco encoder: Encoding mesh Branch led scale foliage 4419.
15:35:01 | INFO: Draco encoder: Encoding mesh Branch led scale foliage 4420.
15:35:01 | INFO: Draco encoder: Encoding mesh Branch led scale foliage 4421.
15:35:01 | INFO: Draco encoder: Encoding mesh Branch led scale foliage 4422.
15:35:01 | INFO: Draco encoder: Encoding mesh Branch led scale foliage 4423.
15:35:01 | INFO: Draco encoder: Encoding mesh Branch led scale foliage 4424.
15:35:01 | INFO: Draco encoder: Encoding mesh Branch led scale foliage 4425.
15:35:01 | INFO: Draco encoder: Encoding mesh Branch led scale foliage 4426.
15:35:01 | INFO: Draco encoder: Encoding mesh Branch led scale foliage 4427.
15:35:01 | INFO: Draco encoder: Encoding mesh Branch led scale foliage 4428.
15:35:01 | INFO: Draco encoder: Encoding mesh Branch led scale foliage 4429.
15:35:01 | INFO: Draco encoder: Encoding mesh Branch led scale foliage 4430.
15:35:01 | INFO: Draco encoder: Encoding mesh Branch led scale foliage 4431.
15:35:01 | INFO: Draco encoder: Encoding mesh Branch led scale foliage 4432.
15:35:01 | INFO: Draco encoder: Encoding mesh Branch led scale foliage 4433.
15:35:01 | INFO: Draco encoder: Encoding mesh Branch led scale foliage 4434.
15:35:01 | INFO: Draco encoder: Encoding mesh Branch led scale foliage 4435.
15:35:01 | INFO: Draco encoder: Encoding mesh Branch led scale foliage 4436.
15:35:01 | INFO: Draco encoder: Encoding mesh Branch led scale foliage 4437.
15:35:01 | INFO: Draco encoder: Encoding mesh Branch led scale foliage 4438.
15:35:01 | INFO: Draco encoder: Encoding mesh Branch led scale foliage 4439.
15:35:01 | INFO: Draco encoder: Encoding mesh Branch led scale foliage 4440.
15:35:01 | INFO: Draco encoder: Encoding mesh Branch led scale foliage 4441.
15:35:01 | INFO: Draco encoder: Encoding mesh Branch led scale foliage 4442.
15:35:01 | INFO: Draco encoder: Encoding mesh Branch led scale foliage 4443.
15:35:01 | INFO: Draco encoder: Encoding mesh Branch led scale foliage 4444.
15:35:01 | INFO: Draco encoder: Encoding mesh Branch led scale foliage 4445.
15:35:01 | INFO: Draco encoder: Encoding mesh Branch led scale foliage 4446.
15:35:01 | INFO: Draco encoder: Encoding mesh Branch led scale foliage 4447.
15:35:01 | INFO: Draco encoder: Encoding mesh Branch led scale foliage 4448.
15:35:01 | INFO: Draco encoder: Encoding mesh Branch led scale foliage 4449.
15:35:01 | INFO: Draco encoder: Encoding mesh Branch led scale foliage 4450.
15:35:01 | INFO: Draco encoder: Encoding mesh Branch led scale foliage 4451.
15:35:01 | INFO: Draco encoder: Encoding mesh Branch led scale foliage 4452.
15:35:01 | INFO: Draco encoder: Encoding mesh Branch led scale foliage 4453.
15:35:01 | INFO: Draco encoder: Encoding mesh Branch led scale foliage 4454.
15:35:01 | INFO: Draco encoder: Encoding mesh Branch led scale foliage 4455.
15:35:01 | INFO: Draco encoder: Encoding mesh Branch led scale foliage 4456.
15:35:01 | INFO: Draco encoder: Encoding mesh Branch led scale foliage 4457.
15:35:01 | INFO: Draco encoder: Encoding mesh Branch led scale foliage 4458.
15:35:01 | INFO: Draco encoder: Encoding mesh Branch led scale foliage 4459.
15:35:01 | INFO: Draco encoder: Encoding mesh Branch led scale foliage 4460.
15:35:01 | INFO: Draco encoder: Encoding mesh Branch led scale foliage 4461.
15:35:01 | INFO: Draco encoder: Encoding mesh Branch led scale foliage 4462.
15:35:01 | INFO: Draco encoder: Encoding mesh Branch led scale foliage 4463.
15:35:01 | INFO: Draco encoder: Encoding mesh Branch led scale foliage 4464.
15:35:01 | INFO: Draco encoder: Encoding mesh Branch led scale foliage 4465.
15:35:01 | INFO: Draco encoder: Encoding mesh Branch led scale foliage 4466.
15:35:01 | INFO: Draco encoder: Encoding mesh Branch led scale foliage 4467.
15:35:01 | INFO: Draco encoder: Encoding mesh Branch led scale foliage 4468.
15:35:01 | INFO: Draco encoder: Encoding mesh Branch led scale foliage 4469.
15:35:01 | INFO: Draco encoder: Encoding mesh Branch led scale foliage 4470.
15:35:01 | INFO: Draco encoder: Encoding mesh Branch led scale foliage 4471.
15:35:01 | INFO: Draco encoder: Encoding mesh Branch led scale foliage 4472.
15:35:01 | INFO: Draco encoder: Encoding mesh Branch led scale foliage 4473.
15:35:01 | INFO: Draco encoder: Encoding mesh Branch led scale foliage 4474.
15:35:01 | INFO: Draco encoder: Encoding mesh Branch led scale foliage 4475.
15:35:01 | INFO: Draco encoder: Encoding mesh Branch led scale foliage 4476.
15:35:01 | INFO: Draco encoder: Encoding mesh Branch led scale foliage 4477.
15:35:01 | INFO: Draco encoder: Encoding mesh Branch led scale foliage 4478.
15:35:01 | INFO: Draco encoder: Encoding mesh Branch led scale foliage 4479.
15:35:01 | INFO: Draco encoder: Encoding mesh Branch led scale foliage 4480.
15:35:01 | INFO: Draco encoder: Encoding mesh Branch led scale foliage 4481.
15:35:01 | INFO: Draco encoder: Encoding mesh Branch led scale foliage 4482.
15:35:01 | INFO: Draco encoder: Encoding mesh Branch led scale foliage 4483.
15:35:01 | INFO: Draco encoder: Encoding mesh Branch led scale foliage 4484.
15:35:01 | INFO: Draco encoder: Encoding mesh Branch led scale foliage 4485.
15:35:01 | INFO: Draco encoder: Encoding mesh Branch led scale foliage 4486.
15:35:01 | INFO: Draco encoder: Encoding mesh Branch led scale foliage 4487.
15:35:01 | INFO: Draco encoder: Encoding mesh Branch led scale foliage 4488.
15:35:01 | INFO: Draco encoder: Encoding mesh Branch led scale foliage 4489.
15:35:01 | INFO: Draco encoder: Encoding mesh Branch led scale foliage 4490.
15:35:01 | INFO: Draco encoder: Encoding mesh Branch led scale foliage 4491.
15:35:01 | INFO: Draco encoder: Encoding mesh Branch led scale foliage 4492.
15:35:01 | INFO: Draco encoder: Encoding mesh Branch led scale foliage 4493.
15:35:01 | INFO: Draco encoder: Encoding mesh Branch led scale foliage 4494.
15:35:01 | INFO: Draco encoder: Encoding mesh Branch led scale foliage 4495.
15:35:01 | INFO: Draco encoder: Encoding mesh Branch led scale foliage 4496.
15:35:01 | INFO: Draco encoder: Encoding mesh Branch led scale foliage 4497.
15:35:01 | INFO: Draco encoder: Encoding mesh Branch led scale foliage 4498.
15:35:01 | INFO: Draco encoder: Encoding mesh Branch led scale foliage 4499.
15:35:01 | INFO: Draco encoder: Encoding mesh Branch led scale foliage 4500.
15:35:01 | INFO: Draco encoder: Encoding mesh Branch led scale foliage 4501.
15:35:01 | INFO: Draco encoder: Encoding mesh Branch led scale foliage 4502.
15:35:01 | INFO: Draco encoder: Encoding mesh Branch led scale foliage 4503.
15:35:01 | INFO: Draco encoder: Encoding mesh Branch led scale foliage 4504.
15:35:01 | INFO: Draco encoder: Encoding mesh Branch led scale foliage 4505.
15:35:01 | INFO: Draco encoder: Encoding mesh Branch led scale foliage 4506.
15:35:01 | INFO: Draco encoder: Encoding mesh Branch led scale foliage 4507.
15:35:01 | INFO: Draco encoder: Encoding mesh Branch led scale foliage 4508.
15:35:01 | INFO: Draco encoder: Encoding mesh Branch led scale foliage 4509.
15:35:01 | INFO: Draco encoder: Encoding mesh Branch led scale foliage 4510.
15:35:01 | INFO: Draco encoder: Encoding mesh Branch led scale foliage 4511.
15:35:01 | INFO: Draco encoder: Encoding mesh Branch led scale foliage 4512.
15:35:01 | INFO: Draco encoder: Encoding mesh Branch led scale foliage 4513.
15:35:01 | INFO: Draco encoder: Encoding mesh Branch led scale foliage 4514.
15:35:01 | INFO: Draco encoder: Encoding mesh Branch led scale foliage 4515.
15:35:01 | INFO: Draco encoder: Encoding mesh Branch led scale foliage 4516.
15:35:01 | INFO: Draco encoder: Encoding mesh Branch led scale foliage 4517.
15:35:01 | INFO: Draco encoder: Encoding mesh Branch led scale foliage 4518.
15:35:01 | INFO: Draco encoder: Encoding mesh Branch led scale foliage 4519.
15:35:01 | INFO: Draco encoder: Encoding mesh Branch led scale foliage 4520.
15:35:01 | INFO: Draco encoder: Encoding mesh Branch led scale foliage 4521.
15:35:01 | INFO: Draco encoder: Encoding mesh Branch led scale foliage 4522.
15:35:01 | INFO: Draco encoder: Encoding mesh Branch led scale foliage 4523.
15:35:01 | INFO: Draco encoder: Encoding mesh Branch led scale foliage 4524.
15:35:01 | INFO: Draco encoder: Encoding mesh Branch led scale foliage 4525.
15:35:01 | INFO: Draco encoder: Encoding mesh Branch led scale foliage 4526.
15:35:01 | INFO: Draco encoder: Encoding mesh Branch led scale foliage 4527.
15:35:01 | INFO: Draco encoder: Encoding mesh Branch led scale foliage 4528.
15:35:01 | INFO: Draco encoder: Encoding mesh Branch led scale foliage 4529.
15:35:01 | INFO: Draco encoder: Encoding mesh Branch led scale foliage 4530.
15:35:01 | INFO: Draco encoder: Encoding mesh Branch led scale foliage 4531.
15:35:01 | INFO: Draco encoder: Encoding mesh Branch led scale foliage 4532.
15:35:01 | INFO: Draco encoder: Encoding mesh Branch led scale foliage 4533.
15:35:01 | INFO: Draco encoder: Encoding mesh Branch led scale foliage 4534.
15:35:01 | INFO: Draco encoder: Encoding mesh Branch led scale foliage 4535.
15:35:01 | INFO: Draco encoder: Encoding mesh Branch led scale foliage 4536.
15:35:01 | INFO: Draco encoder: Encoding mesh Branch led scale foliage 4537.
15:35:01 | INFO: Draco encoder: Encoding mesh Branch led scale foliage 4538.
15:35:01 | INFO: Draco encoder: Encoding mesh Branch led scale foliage 4539.
15:35:01 | INFO: Draco encoder: Encoding mesh Branch led scale foliage 4540.
15:35:01 | INFO: Draco encoder: Encoding mesh Branch led scale foliage 4541.
15:35:01 | INFO: Draco encoder: Encoding mesh Branch led scale foliage 4542.
15:35:01 | INFO: Draco encoder: Encoding mesh Branch led scale foliage 4543.
15:35:01 | INFO: Draco encoder: Encoding mesh Branch led scale foliage 4544.
15:35:01 | INFO: Draco encoder: Encoding mesh Branch led scale foliage 4545.
15:35:01 | INFO: Draco encoder: Encoding mesh Branch led scale foliage 4546.
15:35:01 | INFO: Draco encoder: Encoding mesh Branch led scale foliage 4547.
15:35:01 | INFO: Draco encoder: Encoding mesh Branch led scale foliage 4548.
15:35:01 | INFO: Draco encoder: Encoding mesh Branch led scale foliage 4549.
15:35:01 | INFO: Draco encoder: Encoding mesh Branch led scale foliage 4550.
15:35:01 | INFO: Draco encoder: Encoding mesh Branch led scale foliage 4551.
15:35:01 | INFO: Draco encoder: Encoding mesh Branch led scale foliage 4552.
15:35:01 | INFO: Draco encoder: Encoding mesh Branch led scale foliage 4553.
15:35:01 | INFO: Draco encoder: Encoding mesh Branch led scale foliage 4554.
15:35:01 | INFO: Draco encoder: Encoding mesh Branch led scale foliage 4555.
15:35:01 | INFO: Draco encoder: Encoding mesh Branch led scale foliage 4556.
15:35:01 | INFO: Draco encoder: Encoding mesh Branch led scale foliage 4557.
15:35:01 | INFO: Draco encoder: Encoding mesh Branch led scale foliage 4558.
15:35:01 | INFO: Draco encoder: Encoding mesh Branch led scale foliage 4559.
15:35:01 | INFO: Draco encoder: Encoding mesh Continuous aged trunk and primary branches.
15:35:01 | INFO: Draco encoder: Encoding mesh Continuous planted soil.
15:35:01 | INFO: Draco encoder: Encoding mesh Loose mineral soil particles.
15:35:01 | INFO: Draco encoder: Encoding mesh Low ceramic foot.
15:35:01 | INFO: Draco encoder: Encoding mesh Low ceramic foot.001.
15:35:01 | INFO: Draco encoder: Encoding mesh Low ceramic foot.002.
15:35:01 | INFO: Draco encoder: Encoding mesh Low ceramic foot.003.
15:35:01 | INFO: Draco encoder: Encoding mesh Low split natural bedding stone.
15:35:01 | INFO: Draco encoder: Encoding mesh Root moss shoots.
15:35:01 | INFO: Draco encoder: Encoding mesh Shallow unglazed pot.
15:35:01 | INFO: Draco encoder: Encoding mesh Terminal branch hierarchy.
15:35:01 | INFO: Finished glTF 2.0 export in 3.851933002471924 s

{"saved": "/Users/kazuki.tanaka/dev0/exfract-bonsai-02/improvement/2026-10-04/runs/sculpt-gate-1329/models/hero-v16.blend", "glb": "/Users/kazuki.tanaka/dev0/exfract-bonsai-02/improvement/2026-10-04/runs/sculpt-gate-1329/models/hero-v16.glb", "vertices": 4528957, "faces": 6188800, "bytes": 3896336}
Blender 5.2.1 LTS (hash 9e2066aef7ef built 2026-08-25 01:35:57)
DracoEncoder | Preserve triangle order: no
DracoEncoder | Encoded 864 vertices, 3672 indices, raw size: 41904, encoded size: 9151, compression ratio: 4.58
DracoEncoder | Preserve triangle order: no
DracoEncoder | Encoded 864 vertices, 3672 indices, raw size: 41904, encoded size: 9120, compression ratio: 4.59
DracoEncoder | Preserve triangle order: no
DracoEncoder | Encoded 864 vertices, 3672 indices, raw size: 41904, encoded size: 9149, compression ratio: 4.58
DracoEncoder | Preserve triangle order: no
DracoEncoder | Encoded 864 vertices, 3672 indices, raw size: 41904, encoded size: 9132, compression ratio: 4.59
DracoEncoder | Preserve triangle order: no
DracoEncoder | Encoded 864 vertices, 3672 indices, raw size: 41904, encoded size: 9142, compression ratio: 4.58
DracoEncoder | Preserve triangle order: no
DracoEncoder | Encoded 864 vertices, 3672 indices, raw size: 41904, encoded size: 9150, compression ratio: 4.58
DracoEncoder | Preserve triangle order: no
DracoEncoder | Encoded 864 vertices, 3672 indices, raw size: 41904, encoded size: 9122, compression ratio: 4.59
DracoEncoder | Preserve triangle order: no
DracoEncoder | Encoded 864 vertices, 3672 indices, raw size: 41904, encoded size: 9145, compression ratio: 4.58
DracoEncoder | Preserve triangle order: no
DracoEncoder | Encoded 864 vertices, 3672 indices, raw size: 41904, encoded size: 9136, compression ratio: 4.59
DracoEncoder | Preserve triangle order: no
DracoEncoder | Encoded 864 vertices, 3672 indices, raw size: 41904, encoded size: 9152, compression ratio: 4.58
DracoEncoder | Preserve triangle order: no
DracoEncoder | Encoded 864 vertices, 3672 indices, raw size: 41904, encoded size: 9131, compression ratio: 4.59
DracoEncoder | Preserve triangle order: no
DracoEncoder | Encoded 864 vertices, 3672 indices, raw size: 41904, encoded size: 9142, compression ratio: 4.58
DracoEncoder | Preserve triangle order: no
DracoEncoder | Encoded 154406 vertices, 925533 indices, raw size: 9878372, encoded size: 1555519, compression ratio: 6.35
DracoEncoder | Preserve triangle order: no
DracoEncoder | Encoded 3936 vertices, 23040 indices, raw size: 203520, encoded size: 25321, compression ratio: 8.04
DracoEncoder | Preserve triangle order: no
DracoEncoder | Encoded 96330 vertices, 96330 indices, raw size: 2697240, encoded size: 425354, compression ratio: 6.34
DracoEncoder | Preserve triangle order: no
DracoEncoder | Encoded 116 vertices, 564 indices, raw size: 4840, encoded size: 1202, compression ratio: 4.03
DracoEncoder | Preserve triangle order: no
DracoEncoder | Encoded 116 vertices, 564 indices, raw size: 4840, encoded size: 1202, compression ratio: 4.03
DracoEncoder | Preserve triangle order: no
DracoEncoder | Encoded 116 vertices, 564 indices, raw size: 4840, encoded size: 1202, compression ratio: 4.03
DracoEncoder | Preserve triangle order: no
DracoEncoder | Encoded 116 vertices, 564 indices, raw size: 4840, encoded size: 1202, compression ratio: 4.03
DracoEncoder | Preserve triangle order: no
DracoEncoder | Encoded 5712 vertices, 8892 indices, raw size: 200568, encoded size: 43781, compression ratio: 4.58
DracoEncoder | Preserve triangle order: no
DracoEncoder | Encoded 156660 vertices, 563976 indices, raw size: 8522304, encoded size: 1253993, compression ratio: 6.80
DracoEncoder | Preserve triangle order: no
DracoEncoder | Encoded 1440 vertices, 8628 indices, raw size: 63336, encoded size: 9336, compression ratio: 6.78
DracoEncoder | Preserve triangle order: no
DracoEncoder | Encoded 43890 vertices, 225720 indices, raw size: 2207040, encoded size: 262110, compression ratio: 8.42

Blender quit
