00:00.110  translation      | WARNING Falling back to standard locale ("C")
/Users/kazuki.tanaka/dev0/exfract-bonsai-02/improvement/2026-10-04/runs/sculpt-gate-1329/sculpt/generate.py:15: DeprecationWarning: 'Material.use_nodes' is expected to be removed in Blender 6.0
  m=bpy.data.materials.new(name);m.use_nodes=True
1.0s Remeshing continuous volume with authored surface coordinates
1.3s Remeshed: 316830 vertices; UV layers ['Wood flow']
4.8s Open root hollow: 316292 vertices
8.1s Irregular deadwood opening: 314394 vertices
8.1s Cavities complete
8.6s Continuous wood verified; removed 20 tiny remeshing fragment vertices
19.7s Surface flow and masks complete
21.0s Root contact: 10404 moss shoots, 6392 mineral particles
21.8s Branch-led foliage: 5700 instanced sprays, 12 volumetric prototypes
Info: Saved as "hero-v23.blend"
22.3s Saved Blender file; exporting GLB
INFO Draco is available, use library at /Applications/Blender.app/Contents/Resources/5.2/scripts/addons_core/io_scene_gltf2/libbf_intern_draco_bridge.dylib
INFO MeshOptimizer is available, use library at /Applications/Blender.app/Contents/Resources/5.2/scripts/addons_core/io_scene_gltf2/libbf_intern_meshopt_bridge.dylib
16:06:48 | INFO: Starting glTF 2.0 export
16:06:48 | INFO: Extracting primitive: Scale shoot prototype 01
16:06:48 | INFO: Primitives created: 1
16:06:48 | INFO: Extracting primitive: Scale shoot prototype 11
16:06:48 | INFO: Primitives created: 1
16:06:48 | INFO: Extracting primitive: Scale shoot prototype 00
16:06:48 | INFO: Primitives created: 1
16:06:48 | INFO: Extracting primitive: Scale shoot prototype 08
16:06:48 | INFO: Primitives created: 1
16:06:48 | INFO: Extracting primitive: Scale shoot prototype 05
16:06:48 | INFO: Primitives created: 1
16:06:48 | INFO: Extracting primitive: Scale shoot prototype 07
16:06:48 | INFO: Primitives created: 1
16:06:48 | INFO: Extracting primitive: Scale shoot prototype 02
16:06:48 | INFO: Primitives created: 1
16:06:48 | INFO: Extracting primitive: Scale shoot prototype 06
16:06:48 | INFO: Primitives created: 1
16:06:48 | INFO: Extracting primitive: Scale shoot prototype 04
16:06:48 | INFO: Primitives created: 1
16:06:48 | INFO: Extracting primitive: Scale shoot prototype 03
16:06:48 | INFO: Primitives created: 1
16:06:48 | INFO: Extracting primitive: Scale shoot prototype 09
16:06:48 | INFO: Primitives created: 1
16:06:48 | INFO: Extracting primitive: Scale shoot prototype 10
16:06:48 | INFO: Primitives created: 1
16:06:50 | INFO: Extracting primitive: Continuous aged trunk and primary branches
16:06:50 | INFO: Primitives created: 1
16:06:50 | INFO: Extracting primitive: Continuous planted soil
16:06:50 | INFO: Primitives created: 1
16:06:50 | INFO: Extracting primitive: Loose mineral soil particles
16:06:50 | INFO: Primitives created: 1
16:06:50 | INFO: Extracting primitive: Cube.001
16:06:50 | INFO: Primitives created: 1
16:06:50 | INFO: Extracting primitive: Cube.002
16:06:50 | INFO: Primitives created: 1
16:06:50 | INFO: Extracting primitive: Cube.003
16:06:50 | INFO: Primitives created: 1
16:06:50 | INFO: Extracting primitive: Cube.004
16:06:50 | INFO: Primitives created: 1
16:06:50 | INFO: Extracting primitive: Low split natural bedding stone
16:06:50 | INFO: Primitives created: 1
16:06:50 | INFO: Extracting primitive: Root moss shoots
16:06:50 | INFO: Primitives created: 1
16:06:50 | INFO: Extracting primitive: Shallow unglazed pot
16:06:50 | INFO: Primitives created: 1
16:06:50 | INFO: Extracting primitive: Terminal branch hierarchy
16:06:50 | INFO: Primitives created: 1
16:06:50 | INFO: Draco encoder: Encoding mesh Branch led scale foliage 0000.
16:06:50 | INFO: Draco encoder: Encoding mesh Branch led scale foliage 0001.
16:06:50 | INFO: Draco encoder: Encoding mesh Branch led scale foliage 0002.
16:06:50 | INFO: Draco encoder: Encoding mesh Branch led scale foliage 0003.
16:06:50 | INFO: Draco encoder: Encoding mesh Branch led scale foliage 0004.
16:06:50 | INFO: Draco encoder: Encoding mesh Branch led scale foliage 0005.
16:06:50 | INFO: Draco encoder: Encoding mesh Branch led scale foliage 0006.
16:06:50 | INFO: Draco encoder: Encoding mesh Branch led scale foliage 0007.
16:06:50 | INFO: Draco encoder: Encoding mesh Branch led scale foliage 0008.
16:06:50 | INFO: Draco encoder: Encoding mesh Branch led scale foliage 0009.
16:06:50 | INFO: Draco encoder: Encoding mesh Branch led scale foliage 0010.
16:06:50 | INFO: Draco encoder: Encoding mesh Branch led scale foliage 0011.
16:06:50 | INFO: Draco encoder: Encoding mesh Branch led scale foliage 0012.
16:06:50 | INFO: Draco encoder: Encoding mesh Branch led scale foliage 0013.
16:06:50 | INFO: Draco encoder: Encoding mesh Branch led scale foliage 0014.
16:06:50 | INFO: Draco encoder: Encoding mesh Branch led scale foliage 0015.
16:06:50 | INFO: Draco encoder: Encoding mesh Branch led scale foliage 0016.
16:06:50 | INFO: Draco encoder: Encoding mesh Branch led scale foliage 0017.
16:06:50 | INFO: Draco encoder: Encoding mesh Branch led scale foliage 0018.
16:06:50 | INFO: Draco encoder: Encoding mesh Branch led scale foliage 0019.
16:06:50 | INFO: Draco encoder: Encoding mesh Branch led scale foliage 0020.
16:06:50 | INFO: Draco encoder: Encoding mesh Branch led scale foliage 0021.
16:06:50 | INFO: Draco encoder: Encoding mesh Branch led scale foliage 0022.
16:06:50 | INFO: Draco encoder: Encoding mesh Branch led scale foliage 0023.
16:06:50 | INFO: Draco encoder: Encoding mesh Branch led scale foliage 0024.
16:06:50 | INFO: Draco encoder: Encoding mesh Branch led scale foliage 0025.
16:06:50 | INFO: Draco encoder: Encoding mesh Branch led scale foliage 0026.
16:06:50 | INFO: Draco encoder: Encoding mesh Branch led scale foliage 0027.
16:06:50 | INFO: Draco encoder: Encoding mesh Branch led scale foliage 0028.
16:06:50 | INFO: Draco encoder: Encoding mesh Branch led scale foliage 0029.
16:06:50 | INFO: Draco encoder: Encoding mesh Branch led scale foliage 0030.
16:06:50 | INFO: Draco encoder: Encoding mesh Branch led scale foliage 0031.
16:06:50 | INFO: Draco encoder: Encoding mesh Branch led scale foliage 0032.
16:06:50 | INFO: Draco encoder: Encoding mesh Branch led scale foliage 0033.
16:06:50 | INFO: Draco encoder: Encoding mesh Branch led scale foliage 0034.
16:06:50 | INFO: Draco encoder: Encoding mesh Branch led scale foliage 0035.
16:06:50 | INFO: Draco encoder: Encoding mesh Branch led scale foliage 0036.
16:06:50 | INFO: Draco encoder: Encoding mesh Branch led scale foliage 0037.
16:06:50 | INFO: Draco encoder: Encoding mesh Branch led scale foliage 0038.
16:06:50 | INFO: Draco encoder: Encoding mesh Branch led scale foliage 0039.
16:06:50 | INFO: Draco encoder: Encoding mesh Branch led scale foliage 0040.
16:06:50 | INFO: Draco encoder: Encoding mesh Branch led scale foliage 0041.
16:06:50 | INFO: Draco encoder: Encoding mesh Branch led scale foliage 0042.
16:06:50 | INFO: Draco encoder: Encoding mesh Branch led scale foliage 0043.
16:06:50 | INFO: Draco encoder: Encoding mesh Branch led scale foliage 0044.
16:06:50 | INFO: Draco encoder: Encoding mesh Branch led scale foliage 0045.
16:06:50 | INFO: Draco encoder: Encoding mesh Branch led scale foliage 0046.
16:06:50 | INFO: Draco encoder: Encoding mesh Branch led scale foliage 0047.
16:06:50 | INFO: Draco encoder: Encoding mesh Branch led scale foliage 0048.
16:06:50 | INFO: Draco encoder: Encoding mesh Branch led scale foliage 0049.
16:06:50 | INFO: Draco encoder: Encoding mesh Branch led scale foliage 0050.
16:06:50 | INFO: Draco encoder: Encoding mesh Branch led scale foliage 0051.
16:06:50 | INFO: Draco encoder: Encoding mesh Branch led scale foliage 0052.
16:06:50 | INFO: Draco encoder: Encoding mesh Branch led scale foliage 0053.
16:06:50 | INFO: Draco encoder: Encoding mesh Branch led scale foliage 0054.
16:06:50 | INFO: Draco encoder: Encoding mesh Branch led scale foliage 0055.
16:06:50 | INFO: Draco encoder: Encoding mesh Branch led scale foliage 0056.
16:06:50 | INFO: Draco encoder: Encoding mesh Branch led scale foliage 0057.
16:06:50 | INFO: Draco encoder: Encoding mesh Branch led scale foliage 0058.
16:06:50 | INFO: Draco encoder: Encoding mesh Branch led scale foliage 0059.
16:06:50 | INFO: Draco encoder: Encoding mesh Branch led scale foliage 0060.
16:06:50 | INFO: Draco encoder: Encoding mesh Branch led scale foliage 0061.
16:06:50 | INFO: Draco encoder: Encoding mesh Branch led scale foliage 0062.
16:06:50 | INFO: Draco encoder: Encoding mesh Branch led scale foliage 0063.
16:06:50 | INFO: Draco encoder: Encoding mesh Branch led scale foliage 0064.
16:06:50 | INFO: Draco encoder: Encoding mesh Branch led scale foliage 0065.
16:06:50 | INFO: Draco encoder: Encoding mesh Branch led scale foliage 0066.
16:06:50 | INFO: Draco encoder: Encoding mesh Branch led scale foliage 0067.
16:06:50 | INFO: Draco encoder: Encoding mesh Branch led scale foliage 0068.
16:06:50 | INFO: Draco encoder: Encoding mesh Branch led scale foliage 0069.
16:06:50 | INFO: Draco encoder: Encoding mesh Branch led scale foliage 0070.
16:06:50 | INFO: Draco encoder: Encoding mesh Branch led scale foliage 0071.
16:06:50 | INFO: Draco encoder: Encoding mesh Branch led scale foliage 0072.
16:06:50 | INFO: Draco encoder: Encoding mesh Branch led scale foliage 0073.
16:06:50 | INFO: Draco encoder: Encoding mesh Branch led scale foliage 0074.
16:06:50 | INFO: Draco encoder: Encoding mesh Branch led scale foliage 0075.
16:06:50 | INFO: Draco encoder: Encoding mesh Branch led scale foliage 0076.
16:06:50 | INFO: Draco encoder: Encoding mesh Branch led scale foliage 0077.
16:06:50 | INFO: Draco encoder: Encoding mesh Branch led scale foliage 0078.
16:06:50 | INFO: Draco encoder: Encoding mesh Branch led scale foliage 0079.
16:06:50 | INFO: Draco encoder: Encoding mesh Branch led scale foliage 0080.
16:06:50 | INFO: Draco encoder: Encoding mesh Branch led scale foliage 0081.
16:06:50 | INFO: Draco encoder: Encoding mesh Branch led scale foliage 0082.
16:06:50 | INFO: Draco encoder: Encoding mesh Branch led scale foliage 0083.
16:06:50 | INFO: Draco encoder: Encoding mesh Branch led scale foliage 0084.
16:06:50 | INFO: Draco encoder: Encoding mesh Branch led scale foliage 0085.
16:06:50 | INFO: Draco encoder: Encoding mesh Branch led scale foliage 0086.
16:06:50 | INFO: Draco encoder: Encoding mesh Branch led scale foliage 0087.
16:06:50 | INFO: Draco encoder: Encoding mesh Branch led scale foliage 0088.
16:06:50 | INFO: Draco encoder: Encoding mesh Branch led scale foliage 0089.
16:06:50 | INFO: Draco encoder: Encoding mesh Branch led scale foliage 0090.
16:06:50 | INFO: Draco encoder: Encoding mesh Branch led scale foliage 0091.
16:06:50 | INFO: Draco encoder: Encoding mesh Branch led scale foliage 0092.
16:06:50 | INFO: Draco encoder: Encoding mesh Branch led scale foliage 0093.
16:06:50 | INFO: Draco encoder: Encoding mesh Branch led scale foliage 0094.
16:06:50 | INFO: Draco encoder: Encoding mesh Branch led scale foliage 0095.
16:06:50 | INFO: Draco encoder: Encoding mesh Branch led scale foliage 0096.
16:06:50 | INFO: Draco encoder: Encoding mesh Branch led scale foliage 0097.
16:06:50 | INFO: Draco encoder: Encoding mesh Branch led scale foliage 0098.
16:06:50 | INFO: Draco encoder: Encoding mesh Branch led scale foliage 0099.
16:06:50 | INFO: Draco encoder: Encoding mesh Branch led scale foliage 0100.
16:06:50 | INFO: Draco encoder: Encoding mesh Branch led scale foliage 0101.
16:06:50 | INFO: Draco encoder: Encoding mesh Branch led scale foliage 0102.
16:06:50 | INFO: Draco encoder: Encoding mesh Branch led scale foliage 0103.
16:06:50 | INFO: Draco encoder: Encoding mesh Branch led scale foliage 0104.
16:06:50 | INFO: Draco encoder: Encoding mesh Branch led scale foliage 0105.
16:06:50 | INFO: Draco encoder: Encoding mesh Branch led scale foliage 0106.
16:06:50 | INFO: Draco encoder: Encoding mesh Branch led scale foliage 0107.
16:06:50 | INFO: Draco encoder: Encoding mesh Branch led scale foliage 0108.
16:06:50 | INFO: Draco encoder: Encoding mesh Branch led scale foliage 0109.
16:06:50 | INFO: Draco encoder: Encoding mesh Branch led scale foliage 0110.
16:06:50 | INFO: Draco encoder: Encoding mesh Branch led scale foliage 0111.
16:06:50 | INFO: Draco encoder: Encoding mesh Branch led scale foliage 0112.
16:06:50 | INFO: Draco encoder: Encoding mesh Branch led scale foliage 0113.
16:06:50 | INFO: Draco encoder: Encoding mesh Branch led scale foliage 0114.
16:06:50 | INFO: Draco encoder: Encoding mesh Branch led scale foliage 0115.
16:06:50 | INFO: Draco encoder: Encoding mesh Branch led scale foliage 0116.
16:06:50 | INFO: Draco encoder: Encoding mesh Branch led scale foliage 0117.
16:06:50 | INFO: Draco encoder: Encoding mesh Branch led scale foliage 0118.
16:06:50 | INFO: Draco encoder: Encoding mesh Branch led scale foliage 0119.
16:06:50 | INFO: Draco encoder: Encoding mesh Branch led scale foliage 0120.
16:06:50 | INFO: Draco encoder: Encoding mesh Branch led scale foliage 0121.
16:06:50 | INFO: Draco encoder: Encoding mesh Branch led scale foliage 0122.
16:06:50 | INFO: Draco encoder: Encoding mesh Branch led scale foliage 0123.
16:06:50 | INFO: Draco encoder: Encoding mesh Branch led scale foliage 0124.
16:06:50 | INFO: Draco encoder: Encoding mesh Branch led scale foliage 0125.
16:06:50 | INFO: Draco encoder: Encoding mesh Branch led scale foliage 0126.
16:06:50 | INFO: Draco encoder: Encoding mesh Branch led scale foliage 0127.
16:06:50 | INFO: Draco encoder: Encoding mesh Branch led scale foliage 0128.
16:06:50 | INFO: Draco encoder: Encoding mesh Branch led scale foliage 0129.
16:06:50 | INFO: Draco encoder: Encoding mesh Branch led scale foliage 0130.
16:06:50 | INFO: Draco encoder: Encoding mesh Branch led scale foliage 0131.
16:06:50 | INFO: Draco encoder: Encoding mesh Branch led scale foliage 0132.
16:06:50 | INFO: Draco encoder: Encoding mesh Branch led scale foliage 0133.
16:06:50 | INFO: Draco encoder: Encoding mesh Branch led scale foliage 0134.
16:06:50 | INFO: Draco encoder: Encoding mesh Branch led scale foliage 0135.
16:06:50 | INFO: Draco encoder: Encoding mesh Branch led scale foliage 0136.
16:06:50 | INFO: Draco encoder: Encoding mesh Branch led scale foliage 0137.
16:06:50 | INFO: Draco encoder: Encoding mesh Branch led scale foliage 0138.
16:06:50 | INFO: Draco encoder: Encoding mesh Branch led scale foliage 0139.
16:06:50 | INFO: Draco encoder: Encoding mesh Branch led scale foliage 0140.
16:06:50 | INFO: Draco encoder: Encoding mesh Branch led scale foliage 0141.
16:06:50 | INFO: Draco encoder: Encoding mesh Branch led scale foliage 0142.
16:06:50 | INFO: Draco encoder: Encoding mesh Branch led scale foliage 0143.
16:06:50 | INFO: Draco encoder: Encoding mesh Branch led scale foliage 0144.
16:06:50 | INFO: Draco encoder: Encoding mesh Branch led scale foliage 0145.
16:06:50 | INFO: Draco encoder: Encoding mesh Branch led scale foliage 0146.
16:06:50 | INFO: Draco encoder: Encoding mesh Branch led scale foliage 0147.
16:06:50 | INFO: Draco encoder: Encoding mesh Branch led scale foliage 0148.
16:06:50 | INFO: Draco encoder: Encoding mesh Branch led scale foliage 0149.
16:06:50 | INFO: Draco encoder: Encoding mesh Branch led scale foliage 0150.
16:06:50 | INFO: Draco encoder: Encoding mesh Branch led scale foliage 0151.
16:06:50 | INFO: Draco encoder: Encoding mesh Branch led scale foliage 0152.
16:06:50 | INFO: Draco encoder: Encoding mesh Branch led scale foliage 0153.
16:06:50 | INFO: Draco encoder: Encoding mesh Branch led scale foliage 0154.
16:06:50 | INFO: Draco encoder: Encoding mesh Branch led scale foliage 0155.
16:06:50 | INFO: Draco encoder: Encoding mesh Branch led scale foliage 0156.
16:06:50 | INFO: Draco encoder: Encoding mesh Branch led scale foliage 0157.
16:06:50 | INFO: Draco encoder: Encoding mesh Branch led scale foliage 0158.
16:06:50 | INFO: Draco encoder: Encoding mesh Branch led scale foliage 0159.
16:06:50 | INFO: Draco encoder: Encoding mesh Branch led scale foliage 0160.
16:06:50 | INFO: Draco encoder: Encoding mesh Branch led scale foliage 0161.
16:06:50 | INFO: Draco encoder: Encoding mesh Branch led scale foliage 0162.
16:06:50 | INFO: Draco encoder: Encoding mesh Branch led scale foliage 0163.
16:06:50 | INFO: Draco encoder: Encoding mesh Branch led scale foliage 0164.
16:06:50 | INFO: Draco encoder: Encoding mesh Branch led scale foliage 0165.
16:06:50 | INFO: Draco encoder: Encoding mesh Branch led scale foliage 0166.
16:06:50 | INFO: Draco encoder: Encoding mesh Branch led scale foliage 0167.
16:06:50 | INFO: Draco encoder: Encoding mesh Branch led scale foliage 0168.
16:06:50 | INFO: Draco encoder: Encoding mesh Branch led scale foliage 0169.
16:06:50 | INFO: Draco encoder: Encoding mesh Branch led scale foliage 0170.
16:06:50 | INFO: Draco encoder: Encoding mesh Branch led scale foliage 0171.
16:06:50 | INFO: Draco encoder: Encoding mesh Branch led scale foliage 0172.
16:06:50 | INFO: Draco encoder: Encoding mesh Branch led scale foliage 0173.
16:06:50 | INFO: Draco encoder: Encoding mesh Branch led scale foliage 0174.
16:06:50 | INFO: Draco encoder: Encoding mesh Branch led scale foliage 0175.
16:06:50 | INFO: Draco encoder: Encoding mesh Branch led scale foliage 0176.
16:06:50 | INFO: Draco encoder: Encoding mesh Branch led scale foliage 0177.
16:06:50 | INFO: Draco encoder: Encoding mesh Branch led scale foliage 0178.
16:06:50 | INFO: Draco encoder: Encoding mesh Branch led scale foliage 0179.
16:06:50 | INFO: Draco encoder: Encoding mesh Branch led scale foliage 0180.
16:06:50 | INFO: Draco encoder: Encoding mesh Branch led scale foliage 0181.
16:06:50 | INFO: Draco encoder: Encoding mesh Branch led scale foliage 0182.
16:06:50 | INFO: Draco encoder: Encoding mesh Branch led scale foliage 0183.
16:06:50 | INFO: Draco encoder: Encoding mesh Branch led scale foliage 0184.
16:06:50 | INFO: Draco encoder: Encoding mesh Branch led scale foliage 0185.
16:06:50 | INFO: Draco encoder: Encoding mesh Branch led scale foliage 0186.
16:06:50 | INFO: Draco encoder: Encoding mesh Branch led scale foliage 0187.
16:06:50 | INFO: Draco encoder: Encoding mesh Branch led scale foliage 0188.
16:06:50 | INFO: Draco encoder: Encoding mesh Branch led scale foliage 0189.
16:06:50 | INFO: Draco encoder: Encoding mesh Branch led scale foliage 0190.
16:06:50 | INFO: Draco encoder: Encoding mesh Branch led scale foliage 0191.
16:06:50 | INFO: Draco encoder: Encoding mesh Branch led scale foliage 0192.
16:06:50 | INFO: Draco encoder: Encoding mesh Branch led scale foliage 0193.
16:06:50 | INFO: Draco encoder: Encoding mesh Branch led scale foliage 0194.
16:06:50 | INFO: Draco encoder: Encoding mesh Branch led scale foliage 0195.
16:06:50 | INFO: Draco encoder: Encoding mesh Branch led scale foliage 0196.
16:06:50 | INFO: Draco encoder: Encoding mesh Branch led scale foliage 0197.
16:06:50 | INFO: Draco encoder: Encoding mesh Branch led scale foliage 0198.
16:06:50 | INFO: Draco encoder: Encoding mesh Branch led scale foliage 0199.
16:06:50 | INFO: Draco encoder: Encoding mesh Branch led scale foliage 0200.
16:06:50 | INFO: Draco encoder: Encoding mesh Branch led scale foliage 0201.
16:06:50 | INFO: Draco encoder: Encoding mesh Branch led scale foliage 0202.
16:06:50 | INFO: Draco encoder: Encoding mesh Branch led scale foliage 0203.
16:06:50 | INFO: Draco encoder: Encoding mesh Branch led scale foliage 0204.
16:06:50 | INFO: Draco encoder: Encoding mesh Branch led scale foliage 0205.
16:06:50 | INFO: Draco encoder: Encoding mesh Branch led scale foliage 0206.
16:06:50 | INFO: Draco encoder: Encoding mesh Branch led scale foliage 0207.
16:06:50 | INFO: Draco encoder: Encoding mesh Branch led scale foliage 0208.
16:06:50 | INFO: Draco encoder: Encoding mesh Branch led scale foliage 0209.
16:06:50 | INFO: Draco encoder: Encoding mesh Branch led scale foliage 0210.
16:06:50 | INFO: Draco encoder: Encoding mesh Branch led scale foliage 0211.
16:06:50 | INFO: Draco encoder: Encoding mesh Branch led scale foliage 0212.
16:06:50 | INFO: Draco encoder: Encoding mesh Branch led scale foliage 0213.
16:06:50 | INFO: Draco encoder: Encoding mesh Branch led scale foliage 0214.
16:06:50 | INFO: Draco encoder: Encoding mesh Branch led scale foliage 0215.
16:06:50 | INFO: Draco encoder: Encoding mesh Branch led scale foliage 0216.
16:06:50 | INFO: Draco encoder: Encoding mesh Branch led scale foliage 0217.
16:06:50 | INFO: Draco encoder: Encoding mesh Branch led scale foliage 0218.
16:06:50 | INFO: Draco encoder: Encoding mesh Branch led scale foliage 0219.
16:06:50 | INFO: Draco encoder: Encoding mesh Branch led scale foliage 0220.
16:06:50 | INFO: Draco encoder: Encoding mesh Branch led scale foliage 0221.
16:06:50 | INFO: Draco encoder: Encoding mesh Branch led scale foliage 0222.
16:06:50 | INFO: Draco encoder: Encoding mesh Branch led scale foliage 0223.
16:06:50 | INFO: Draco encoder: Encoding mesh Branch led scale foliage 0224.
16:06:50 | INFO: Draco encoder: Encoding mesh Branch led scale foliage 0225.
16:06:50 | INFO: Draco encoder: Encoding mesh Branch led scale foliage 0226.
16:06:50 | INFO: Draco encoder: Encoding mesh Branch led scale foliage 0227.
16:06:50 | INFO: Draco encoder: Encoding mesh Branch led scale foliage 0228.
16:06:50 | INFO: Draco encoder: Encoding mesh Branch led scale foliage 0229.
16:06:50 | INFO: Draco encoder: Encoding mesh Branch led scale foliage 0230.
16:06:50 | INFO: Draco encoder: Encoding mesh Branch led scale foliage 0231.
16:06:50 | INFO: Draco encoder: Encoding mesh Branch led scale foliage 0232.
16:06:50 | INFO: Draco encoder: Encoding mesh Branch led scale foliage 0233.
16:06:50 | INFO: Draco encoder: Encoding mesh Branch led scale foliage 0234.
16:06:50 | INFO: Draco encoder: Encoding mesh Branch led scale foliage 0235.
16:06:50 | INFO: Draco encoder: Encoding mesh Branch led scale foliage 0236.
16:06:50 | INFO: Draco encoder: Encoding mesh Branch led scale foliage 0237.
16:06:50 | INFO: Draco encoder: Encoding mesh Branch led scale foliage 0238.
16:06:50 | INFO: Draco encoder: Encoding mesh Branch led scale foliage 0239.
16:06:50 | INFO: Draco encoder: Encoding mesh Branch led scale foliage 0240.
16:06:50 | INFO: Draco encoder: Encoding mesh Branch led scale foliage 0241.
16:06:50 | INFO: Draco encoder: Encoding mesh Branch led scale foliage 0242.
16:06:50 | INFO: Draco encoder: Encoding mesh Branch led scale foliage 0243.
16:06:50 | INFO: Draco encoder: Encoding mesh Branch led scale foliage 0244.
16:06:50 | INFO: Draco encoder: Encoding mesh Branch led scale foliage 0245.
16:06:50 | INFO: Draco encoder: Encoding mesh Branch led scale foliage 0246.
16:06:50 | INFO: Draco encoder: Encoding mesh Branch led scale foliage 0247.
16:06:50 | INFO: Draco encoder: Encoding mesh Branch led scale foliage 0248.
16:06:50 | INFO: Draco encoder: Encoding mesh Branch led scale foliage 0249.
16:06:50 | INFO: Draco encoder: Encoding mesh Branch led scale foliage 0250.
16:06:50 | INFO: Draco encoder: Encoding mesh Branch led scale foliage 0251.
16:06:50 | INFO: Draco encoder: Encoding mesh Branch led scale foliage 0252.
16:06:50 | INFO: Draco encoder: Encoding mesh Branch led scale foliage 0253.
16:06:50 | INFO: Draco encoder: Encoding mesh Branch led scale foliage 0254.
16:06:50 | INFO: Draco encoder: Encoding mesh Branch led scale foliage 0255.
16:06:50 | INFO: Draco encoder: Encoding mesh Branch led scale foliage 0256.
16:06:50 | INFO: Draco encoder: Encoding mesh Branch led scale foliage 0257.
16:06:50 | INFO: Draco encoder: Encoding mesh Branch led scale foliage 0258.
16:06:50 | INFO: Draco encoder: Encoding mesh Branch led scale foliage 0259.
16:06:50 | INFO: Draco encoder: Encoding mesh Branch led scale foliage 0260.
16:06:50 | INFO: Draco encoder: Encoding mesh Branch led scale foliage 0261.
16:06:50 | INFO: Draco encoder: Encoding mesh Branch led scale foliage 0262.
16:06:50 | INFO: Draco encoder: Encoding mesh Branch led scale foliage 0263.
16:06:50 | INFO: Draco encoder: Encoding mesh Branch led scale foliage 0264.
16:06:50 | INFO: Draco encoder: Encoding mesh Branch led scale foliage 0265.
16:06:50 | INFO: Draco encoder: Encoding mesh Branch led scale foliage 0266.
16:06:50 | INFO: Draco encoder: Encoding mesh Branch led scale foliage 0267.
16:06:50 | INFO: Draco encoder: Encoding mesh Branch led scale foliage 0268.
16:06:50 | INFO: Draco encoder: Encoding mesh Branch led scale foliage 0269.
16:06:50 | INFO: Draco encoder: Encoding mesh Branch led scale foliage 0270.
16:06:50 | INFO: Draco encoder: Encoding mesh Branch led scale foliage 0271.
16:06:50 | INFO: Draco encoder: Encoding mesh Branch led scale foliage 0272.
16:06:50 | INFO: Draco encoder: Encoding mesh Branch led scale foliage 0273.
16:06:50 | INFO: Draco encoder: Encoding mesh Branch led scale foliage 0274.
16:06:50 | INFO: Draco encoder: Encoding mesh Branch led scale foliage 0275.
16:06:50 | INFO: Draco encoder: Encoding mesh Branch led scale foliage 0276.
16:06:50 | INFO: Draco encoder: Encoding mesh Branch led scale foliage 0277.
16:06:50 | INFO: Draco encoder: Encoding mesh Branch led scale foliage 0278.
16:06:50 | INFO: Draco encoder: Encoding mesh Branch led scale foliage 0279.
16:06:50 | INFO: Draco encoder: Encoding mesh Branch led scale foliage 0280.
16:06:50 | INFO: Draco encoder: Encoding mesh Branch led scale foliage 0281.
16:06:50 | INFO: Draco encoder: Encoding mesh Branch led scale foliage 0282.
16:06:50 | INFO: Draco encoder: Encoding mesh Branch led scale foliage 0283.
16:06:50 | INFO: Draco encoder: Encoding mesh Branch led scale foliage 0284.
16:06:50 | INFO: Draco encoder: Encoding mesh Branch led scale foliage 0285.
16:06:50 | INFO: Draco encoder: Encoding mesh Branch led scale foliage 0286.
16:06:50 | INFO: Draco encoder: Encoding mesh Branch led scale foliage 0287.
16:06:50 | INFO: Draco encoder: Encoding mesh Branch led scale foliage 0288.
16:06:50 | INFO: Draco encoder: Encoding mesh Branch led scale foliage 0289.
16:06:50 | INFO: Draco encoder: Encoding mesh Branch led scale foliage 0290.
16:06:50 | INFO: Draco encoder: Encoding mesh Branch led scale foliage 0291.
16:06:50 | INFO: Draco encoder: Encoding mesh Branch led scale foliage 0292.
16:06:50 | INFO: Draco encoder: Encoding mesh Branch led scale foliage 0293.
16:06:50 | INFO: Draco encoder: Encoding mesh Branch led scale foliage 0294.
16:06:50 | INFO: Draco encoder: Encoding mesh Branch led scale foliage 0295.
16:06:50 | INFO: Draco encoder: Encoding mesh Branch led scale foliage 0296.
16:06:50 | INFO: Draco encoder: Encoding mesh Branch led scale foliage 0297.
16:06:50 | INFO: Draco encoder: Encoding mesh Branch led scale foliage 0298.
16:06:50 | INFO: Draco encoder: Encoding mesh Branch led scale foliage 0299.
16:06:50 | INFO: Draco encoder: Encoding mesh Branch led scale foliage 0300.
16:06:50 | INFO: Draco encoder: Encoding mesh Branch led scale foliage 0301.
16:06:50 | INFO: Draco encoder: Encoding mesh Branch led scale foliage 0302.
16:06:50 | INFO: Draco encoder: Encoding mesh Branch led scale foliage 0303.
16:06:50 | INFO: Draco encoder: Encoding mesh Branch led scale foliage 0304.
16:06:50 | INFO: Draco encoder: Encoding mesh Branch led scale foliage 0305.
16:06:50 | INFO: Draco encoder: Encoding mesh Branch led scale foliage 0306.
16:06:50 | INFO: Draco encoder: Encoding mesh Branch led scale foliage 0307.
16:06:50 | INFO: Draco encoder: Encoding mesh Branch led scale foliage 0308.
16:06:50 | INFO: Draco encoder: Encoding mesh Branch led scale foliage 0309.
16:06:50 | INFO: Draco encoder: Encoding mesh Branch led scale foliage 0310.
16:06:50 | INFO: Draco encoder: Encoding mesh Branch led scale foliage 0311.
16:06:50 | INFO: Draco encoder: Encoding mesh Branch led scale foliage 0312.
16:06:50 | INFO: Draco encoder: Encoding mesh Branch led scale foliage 0313.
16:06:50 | INFO: Draco encoder: Encoding mesh Branch led scale foliage 0314.
16:06:50 | INFO: Draco encoder: Encoding mesh Branch led scale foliage 0315.
16:06:50 | INFO: Draco encoder: Encoding mesh Branch led scale foliage 0316.
16:06:50 | INFO: Draco encoder: Encoding mesh Branch led scale foliage 0317.
16:06:50 | INFO: Draco encoder: Encoding mesh Branch led scale foliage 0318.
16:06:50 | INFO: Draco encoder: Encoding mesh Branch led scale foliage 0319.
16:06:50 | INFO: Draco encoder: Encoding mesh Branch led scale foliage 0320.
16:06:50 | INFO: Draco encoder: Encoding mesh Branch led scale foliage 0321.
16:06:50 | INFO: Draco encoder: Encoding mesh Branch led scale foliage 0322.
16:06:50 | INFO: Draco encoder: Encoding mesh Branch led scale foliage 0323.
16:06:50 | INFO: Draco encoder: Encoding mesh Branch led scale foliage 0324.
16:06:50 | INFO: Draco encoder: Encoding mesh Branch led scale foliage 0325.
16:06:50 | INFO: Draco encoder: Encoding mesh Branch led scale foliage 0326.
16:06:50 | INFO: Draco encoder: Encoding mesh Branch led scale foliage 0327.
16:06:50 | INFO: Draco encoder: Encoding mesh Branch led scale foliage 0328.
16:06:50 | INFO: Draco encoder: Encoding mesh Branch led scale foliage 0329.
16:06:50 | INFO: Draco encoder: Encoding mesh Branch led scale foliage 0330.
16:06:50 | INFO: Draco encoder: Encoding mesh Branch led scale foliage 0331.
16:06:50 | INFO: Draco encoder: Encoding mesh Branch led scale foliage 0332.
16:06:50 | INFO: Draco encoder: Encoding mesh Branch led scale foliage 0333.
16:06:50 | INFO: Draco encoder: Encoding mesh Branch led scale foliage 0334.
16:06:50 | INFO: Draco encoder: Encoding mesh Branch led scale foliage 0335.
16:06:50 | INFO: Draco encoder: Encoding mesh Branch led scale foliage 0336.
16:06:50 | INFO: Draco encoder: Encoding mesh Branch led scale foliage 0337.
16:06:50 | INFO: Draco encoder: Encoding mesh Branch led scale foliage 0338.
16:06:50 | INFO: Draco encoder: Encoding mesh Branch led scale foliage 0339.
16:06:50 | INFO: Draco encoder: Encoding mesh Branch led scale foliage 0340.
16:06:50 | INFO: Draco encoder: Encoding mesh Branch led scale foliage 0341.
16:06:50 | INFO: Draco encoder: Encoding mesh Branch led scale foliage 0342.
16:06:50 | INFO: Draco encoder: Encoding mesh Branch led scale foliage 0343.
16:06:50 | INFO: Draco encoder: Encoding mesh Branch led scale foliage 0344.
16:06:50 | INFO: Draco encoder: Encoding mesh Branch led scale foliage 0345.
16:06:50 | INFO: Draco encoder: Encoding mesh Branch led scale foliage 0346.
16:06:50 | INFO: Draco encoder: Encoding mesh Branch led scale foliage 0347.
16:06:50 | INFO: Draco encoder: Encoding mesh Branch led scale foliage 0348.
16:06:50 | INFO: Draco encoder: Encoding mesh Branch led scale foliage 0349.
16:06:50 | INFO: Draco encoder: Encoding mesh Branch led scale foliage 0350.
16:06:50 | INFO: Draco encoder: Encoding mesh Branch led scale foliage 0351.
16:06:50 | INFO: Draco encoder: Encoding mesh Branch led scale foliage 0352.
16:06:50 | INFO: Draco encoder: Encoding mesh Branch led scale foliage 0353.
16:06:50 | INFO: Draco encoder: Encoding mesh Branch led scale foliage 0354.
16:06:50 | INFO: Draco encoder: Encoding mesh Branch led scale foliage 0355.
16:06:50 | INFO: Draco encoder: Encoding mesh Branch led scale foliage 0356.
16:06:50 | INFO: Draco encoder: Encoding mesh Branch led scale foliage 0357.
16:06:50 | INFO: Draco encoder: Encoding mesh Branch led scale foliage 0358.
16:06:50 | INFO: Draco encoder: Encoding mesh Branch led scale foliage 0359.
16:06:50 | INFO: Draco encoder: Encoding mesh Branch led scale foliage 0360.
16:06:50 | INFO: Draco encoder: Encoding mesh Branch led scale foliage 0361.
16:06:50 | INFO: Draco encoder: Encoding mesh Branch led scale foliage 0362.
16:06:50 | INFO: Draco encoder: Encoding mesh Branch led scale foliage 0363.
16:06:50 | INFO: Draco encoder: Encoding mesh Branch led scale foliage 0364.
16:06:50 | INFO: Draco encoder: Encoding mesh Branch led scale foliage 0365.
16:06:50 | INFO: Draco encoder: Encoding mesh Branch led scale foliage 0366.
16:06:50 | INFO: Draco encoder: Encoding mesh Branch led scale foliage 0367.
16:06:50 | INFO: Draco encoder: Encoding mesh Branch led scale foliage 0368.
16:06:50 | INFO: Draco encoder: Encoding mesh Branch led scale foliage 0369.
16:06:50 | INFO: Draco encoder: Encoding mesh Branch led scale foliage 0370.
16:06:50 | INFO: Draco encoder: Encoding mesh Branch led scale foliage 0371.
16:06:50 | INFO: Draco encoder: Encoding mesh Branch led scale foliage 0372.
16:06:50 | INFO: Draco encoder: Encoding mesh Branch led scale foliage 0373.
16:06:50 | INFO: Draco encoder: Encoding mesh Branch led scale foliage 0374.
16:06:50 | INFO: Draco encoder: Encoding mesh Branch led scale foliage 0375.
16:06:50 | INFO: Draco encoder: Encoding mesh Branch led scale foliage 0376.
16:06:50 | INFO: Draco encoder: Encoding mesh Branch led scale foliage 0377.
16:06:50 | INFO: Draco encoder: Encoding mesh Branch led scale foliage 0378.
16:06:50 | INFO: Draco encoder: Encoding mesh Branch led scale foliage 0379.
16:06:50 | INFO: Draco encoder: Encoding mesh Branch led scale foliage 0380.
16:06:50 | INFO: Draco encoder: Encoding mesh Branch led scale foliage 0381.
16:06:50 | INFO: Draco encoder: Encoding mesh Branch led scale foliage 0382.
16:06:50 | INFO: Draco encoder: Encoding mesh Branch led scale foliage 0383.
16:06:50 | INFO: Draco encoder: Encoding mesh Branch led scale foliage 0384.
16:06:50 | INFO: Draco encoder: Encoding mesh Branch led scale foliage 0385.
16:06:50 | INFO: Draco encoder: Encoding mesh Branch led scale foliage 0386.
16:06:50 | INFO: Draco encoder: Encoding mesh Branch led scale foliage 0387.
16:06:50 | INFO: Draco encoder: Encoding mesh Branch led scale foliage 0388.
16:06:50 | INFO: Draco encoder: Encoding mesh Branch led scale foliage 0389.
16:06:50 | INFO: Draco encoder: Encoding mesh Branch led scale foliage 0390.
16:06:50 | INFO: Draco encoder: Encoding mesh Branch led scale foliage 0391.
16:06:50 | INFO: Draco encoder: Encoding mesh Branch led scale foliage 0392.
16:06:50 | INFO: Draco encoder: Encoding mesh Branch led scale foliage 0393.
16:06:50 | INFO: Draco encoder: Encoding mesh Branch led scale foliage 0394.
16:06:50 | INFO: Draco encoder: Encoding mesh Branch led scale foliage 0395.
16:06:50 | INFO: Draco encoder: Encoding mesh Branch led scale foliage 0396.
16:06:50 | INFO: Draco encoder: Encoding mesh Branch led scale foliage 0397.
16:06:50 | INFO: Draco encoder: Encoding mesh Branch led scale foliage 0398.
16:06:50 | INFO: Draco encoder: Encoding mesh Branch led scale foliage 0399.
16:06:50 | INFO: Draco encoder: Encoding mesh Branch led scale foliage 0400.
16:06:50 | INFO: Draco encoder: Encoding mesh Branch led scale foliage 0401.
16:06:50 | INFO: Draco encoder: Encoding mesh Branch led scale foliage 0402.
16:06:50 | INFO: Draco encoder: Encoding mesh Branch led scale foliage 0403.
16:06:50 | INFO: Draco encoder: Encoding mesh Branch led scale foliage 0404.
16:06:50 | INFO: Draco encoder: Encoding mesh Branch led scale foliage 0405.
16:06:50 | INFO: Draco encoder: Encoding mesh Branch led scale foliage 0406.
16:06:50 | INFO: Draco encoder: Encoding mesh Branch led scale foliage 0407.
16:06:50 | INFO: Draco encoder: Encoding mesh Branch led scale foliage 0408.
16:06:50 | INFO: Draco encoder: Encoding mesh Branch led scale foliage 0409.
16:06:50 | INFO: Draco encoder: Encoding mesh Branch led scale foliage 0410.
16:06:50 | INFO: Draco encoder: Encoding mesh Branch led scale foliage 0411.
16:06:50 | INFO: Draco encoder: Encoding mesh Branch led scale foliage 0412.
16:06:50 | INFO: Draco encoder: Encoding mesh Branch led scale foliage 0413.
16:06:50 | INFO: Draco encoder: Encoding mesh Branch led scale foliage 0414.
16:06:50 | INFO: Draco encoder: Encoding mesh Branch led scale foliage 0415.
16:06:50 | INFO: Draco encoder: Encoding mesh Branch led scale foliage 0416.
16:06:50 | INFO: Draco encoder: Encoding mesh Branch led scale foliage 0417.
16:06:50 | INFO: Draco encoder: Encoding mesh Branch led scale foliage 0418.
16:06:50 | INFO: Draco encoder: Encoding mesh Branch led scale foliage 0419.
16:06:50 | INFO: Draco encoder: Encoding mesh Branch led scale foliage 0420.
16:06:50 | INFO: Draco encoder: Encoding mesh Branch led scale foliage 0421.
16:06:50 | INFO: Draco encoder: Encoding mesh Branch led scale foliage 0422.
16:06:50 | INFO: Draco encoder: Encoding mesh Branch led scale foliage 0423.
16:06:50 | INFO: Draco encoder: Encoding mesh Branch led scale foliage 0424.
16:06:50 | INFO: Draco encoder: Encoding mesh Branch led scale foliage 0425.
16:06:50 | INFO: Draco encoder: Encoding mesh Branch led scale foliage 0426.
16:06:50 | INFO: Draco encoder: Encoding mesh Branch led scale foliage 0427.
16:06:50 | INFO: Draco encoder: Encoding mesh Branch led scale foliage 0428.
16:06:50 | INFO: Draco encoder: Encoding mesh Branch led scale foliage 0429.
16:06:50 | INFO: Draco encoder: Encoding mesh Branch led scale foliage 0430.
16:06:50 | INFO: Draco encoder: Encoding mesh Branch led scale foliage 0431.
16:06:50 | INFO: Draco encoder: Encoding mesh Branch led scale foliage 0432.
16:06:50 | INFO: Draco encoder: Encoding mesh Branch led scale foliage 0433.
16:06:50 | INFO: Draco encoder: Encoding mesh Branch led scale foliage 0434.
16:06:50 | INFO: Draco encoder: Encoding mesh Branch led scale foliage 0435.
16:06:50 | INFO: Draco encoder: Encoding mesh Branch led scale foliage 0436.
16:06:50 | INFO: Draco encoder: Encoding mesh Branch led scale foliage 0437.
16:06:50 | INFO: Draco encoder: Encoding mesh Branch led scale foliage 0438.
16:06:50 | INFO: Draco encoder: Encoding mesh Branch led scale foliage 0439.
16:06:50 | INFO: Draco encoder: Encoding mesh Branch led scale foliage 0440.
16:06:50 | INFO: Draco encoder: Encoding mesh Branch led scale foliage 0441.
16:06:50 | INFO: Draco encoder: Encoding mesh Branch led scale foliage 0442.
16:06:50 | INFO: Draco encoder: Encoding mesh Branch led scale foliage 0443.
16:06:50 | INFO: Draco encoder: Encoding mesh Branch led scale foliage 0444.
16:06:50 | INFO: Draco encoder: Encoding mesh Branch led scale foliage 0445.
16:06:50 | INFO: Draco encoder: Encoding mesh Branch led scale foliage 0446.
16:06:50 | INFO: Draco encoder: Encoding mesh Branch led scale foliage 0447.
16:06:50 | INFO: Draco encoder: Encoding mesh Branch led scale foliage 0448.
16:06:50 | INFO: Draco encoder: Encoding mesh Branch led scale foliage 0449.
16:06:50 | INFO: Draco encoder: Encoding mesh Branch led scale foliage 0450.
16:06:50 | INFO: Draco encoder: Encoding mesh Branch led scale foliage 0451.
16:06:50 | INFO: Draco encoder: Encoding mesh Branch led scale foliage 0452.
16:06:50 | INFO: Draco encoder: Encoding mesh Branch led scale foliage 0453.
16:06:50 | INFO: Draco encoder: Encoding mesh Branch led scale foliage 0454.
16:06:50 | INFO: Draco encoder: Encoding mesh Branch led scale foliage 0455.
16:06:50 | INFO: Draco encoder: Encoding mesh Branch led scale foliage 0456.
16:06:50 | INFO: Draco encoder: Encoding mesh Branch led scale foliage 0457.
16:06:50 | INFO: Draco encoder: Encoding mesh Branch led scale foliage 0458.
16:06:50 | INFO: Draco encoder: Encoding mesh Branch led scale foliage 0459.
16:06:50 | INFO: Draco encoder: Encoding mesh Branch led scale foliage 0460.
16:06:50 | INFO: Draco encoder: Encoding mesh Branch led scale foliage 0461.
16:06:50 | INFO: Draco encoder: Encoding mesh Branch led scale foliage 0462.
16:06:50 | INFO: Draco encoder: Encoding mesh Branch led scale foliage 0463.
16:06:50 | INFO: Draco encoder: Encoding mesh Branch led scale foliage 0464.
16:06:50 | INFO: Draco encoder: Encoding mesh Branch led scale foliage 0465.
16:06:50 | INFO: Draco encoder: Encoding mesh Branch led scale foliage 0466.
16:06:50 | INFO: Draco encoder: Encoding mesh Branch led scale foliage 0467.
16:06:50 | INFO: Draco encoder: Encoding mesh Branch led scale foliage 0468.
16:06:50 | INFO: Draco encoder: Encoding mesh Branch led scale foliage 0469.
16:06:50 | INFO: Draco encoder: Encoding mesh Branch led scale foliage 0470.
16:06:50 | INFO: Draco encoder: Encoding mesh Branch led scale foliage 0471.
16:06:50 | INFO: Draco encoder: Encoding mesh Branch led scale foliage 0472.
16:06:50 | INFO: Draco encoder: Encoding mesh Branch led scale foliage 0473.
16:06:50 | INFO: Draco encoder: Encoding mesh Branch led scale foliage 0474.
16:06:50 | INFO: Draco encoder: Encoding mesh Branch led scale foliage 0475.
16:06:50 | INFO: Draco encoder: Encoding mesh Branch led scale foliage 0476.
16:06:50 | INFO: Draco encoder: Encoding mesh Branch led scale foliage 0477.
16:06:50 | INFO: Draco encoder: Encoding mesh Branch led scale foliage 0478.
16:06:50 | INFO: Draco encoder: Encoding mesh Branch led scale foliage 0479.
16:06:50 | INFO: Draco encoder: Encoding mesh Branch led scale foliage 0480.
16:06:50 | INFO: Draco encoder: Encoding mesh Branch led scale foliage 0481.
16:06:50 | INFO: Draco encoder: Encoding mesh Branch led scale foliage 0482.
16:06:50 | INFO: Draco encoder: Encoding mesh Branch led scale foliage 0483.
16:06:50 | INFO: Draco encoder: Encoding mesh Branch led scale foliage 0484.
16:06:50 | INFO: Draco encoder: Encoding mesh Branch led scale foliage 0485.
16:06:50 | INFO: Draco encoder: Encoding mesh Branch led scale foliage 0486.
16:06:50 | INFO: Draco encoder: Encoding mesh Branch led scale foliage 0487.
16:06:50 | INFO: Draco encoder: Encoding mesh Branch led scale foliage 0488.
16:06:50 | INFO: Draco encoder: Encoding mesh Branch led scale foliage 0489.
16:06:50 | INFO: Draco encoder: Encoding mesh Branch led scale foliage 0490.
16:06:50 | INFO: Draco encoder: Encoding mesh Branch led scale foliage 0491.
16:06:50 | INFO: Draco encoder: Encoding mesh Branch led scale foliage 0492.
16:06:50 | INFO: Draco encoder: Encoding mesh Branch led scale foliage 0493.
16:06:50 | INFO: Draco encoder: Encoding mesh Branch led scale foliage 0494.
16:06:50 | INFO: Draco encoder: Encoding mesh Branch led scale foliage 0495.
16:06:50 | INFO: Draco encoder: Encoding mesh Branch led scale foliage 0496.
16:06:50 | INFO: Draco encoder: Encoding mesh Branch led scale foliage 0497.
16:06:50 | INFO: Draco encoder: Encoding mesh Branch led scale foliage 0498.
16:06:50 | INFO: Draco encoder: Encoding mesh Branch led scale foliage 0499.
16:06:50 | INFO: Draco encoder: Encoding mesh Branch led scale foliage 0500.
16:06:50 | INFO: Draco encoder: Encoding mesh Branch led scale foliage 0501.
16:06:50 | INFO: Draco encoder: Encoding mesh Branch led scale foliage 0502.
16:06:50 | INFO: Draco encoder: Encoding mesh Branch led scale foliage 0503.
16:06:50 | INFO: Draco encoder: Encoding mesh Branch led scale foliage 0504.
16:06:50 | INFO: Draco encoder: Encoding mesh Branch led scale foliage 0505.
16:06:50 | INFO: Draco encoder: Encoding mesh Branch led scale foliage 0506.
16:06:50 | INFO: Draco encoder: Encoding mesh Branch led scale foliage 0507.
16:06:50 | INFO: Draco encoder: Encoding mesh Branch led scale foliage 0508.
16:06:50 | INFO: Draco encoder: Encoding mesh Branch led scale foliage 0509.
16:06:50 | INFO: Draco encoder: Encoding mesh Branch led scale foliage 0510.
16:06:50 | INFO: Draco encoder: Encoding mesh Branch led scale foliage 0511.
16:06:50 | INFO: Draco encoder: Encoding mesh Branch led scale foliage 0512.
16:06:50 | INFO: Draco encoder: Encoding mesh Branch led scale foliage 0513.
16:06:50 | INFO: Draco encoder: Encoding mesh Branch led scale foliage 0514.
16:06:50 | INFO: Draco encoder: Encoding mesh Branch led scale foliage 0515.
16:06:50 | INFO: Draco encoder: Encoding mesh Branch led scale foliage 0516.
16:06:50 | INFO: Draco encoder: Encoding mesh Branch led scale foliage 0517.
16:06:50 | INFO: Draco encoder: Encoding mesh Branch led scale foliage 0518.
16:06:50 | INFO: Draco encoder: Encoding mesh Branch led scale foliage 0519.
16:06:50 | INFO: Draco encoder: Encoding mesh Branch led scale foliage 0520.
16:06:50 | INFO: Draco encoder: Encoding mesh Branch led scale foliage 0521.
16:06:50 | INFO: Draco encoder: Encoding mesh Branch led scale foliage 0522.
16:06:50 | INFO: Draco encoder: Encoding mesh Branch led scale foliage 0523.
16:06:50 | INFO: Draco encoder: Encoding mesh Branch led scale foliage 0524.
16:06:50 | INFO: Draco encoder: Encoding mesh Branch led scale foliage 0525.
16:06:50 | INFO: Draco encoder: Encoding mesh Branch led scale foliage 0526.
16:06:50 | INFO: Draco encoder: Encoding mesh Branch led scale foliage 0527.
16:06:50 | INFO: Draco encoder: Encoding mesh Branch led scale foliage 0528.
16:06:50 | INFO: Draco encoder: Encoding mesh Branch led scale foliage 0529.
16:06:50 | INFO: Draco encoder: Encoding mesh Branch led scale foliage 0530.
16:06:50 | INFO: Draco encoder: Encoding mesh Branch led scale foliage 0531.
16:06:50 | INFO: Draco encoder: Encoding mesh Branch led scale foliage 0532.
16:06:50 | INFO: Draco encoder: Encoding mesh Branch led scale foliage 0533.
16:06:50 | INFO: Draco encoder: Encoding mesh Branch led scale foliage 0534.
16:06:50 | INFO: Draco encoder: Encoding mesh Branch led scale foliage 0535.
16:06:50 | INFO: Draco encoder: Encoding mesh Branch led scale foliage 0536.
16:06:50 | INFO: Draco encoder: Encoding mesh Branch led scale foliage 0537.
16:06:50 | INFO: Draco encoder: Encoding mesh Branch led scale foliage 0538.
16:06:50 | INFO: Draco encoder: Encoding mesh Branch led scale foliage 0539.
16:06:50 | INFO: Draco encoder: Encoding mesh Branch led scale foliage 0540.
16:06:50 | INFO: Draco encoder: Encoding mesh Branch led scale foliage 0541.
16:06:50 | INFO: Draco encoder: Encoding mesh Branch led scale foliage 0542.
16:06:50 | INFO: Draco encoder: Encoding mesh Branch led scale foliage 0543.
16:06:50 | INFO: Draco encoder: Encoding mesh Branch led scale foliage 0544.
16:06:50 | INFO: Draco encoder: Encoding mesh Branch led scale foliage 0545.
16:06:50 | INFO: Draco encoder: Encoding mesh Branch led scale foliage 0546.
16:06:50 | INFO: Draco encoder: Encoding mesh Branch led scale foliage 0547.
16:06:50 | INFO: Draco encoder: Encoding mesh Branch led scale foliage 0548.
16:06:50 | INFO: Draco encoder: Encoding mesh Branch led scale foliage 0549.
16:06:50 | INFO: Draco encoder: Encoding mesh Branch led scale foliage 0550.
16:06:50 | INFO: Draco encoder: Encoding mesh Branch led scale foliage 0551.
16:06:50 | INFO: Draco encoder: Encoding mesh Branch led scale foliage 0552.
16:06:50 | INFO: Draco encoder: Encoding mesh Branch led scale foliage 0553.
16:06:50 | INFO: Draco encoder: Encoding mesh Branch led scale foliage 0554.
16:06:50 | INFO: Draco encoder: Encoding mesh Branch led scale foliage 0555.
16:06:50 | INFO: Draco encoder: Encoding mesh Branch led scale foliage 0556.
16:06:50 | INFO: Draco encoder: Encoding mesh Branch led scale foliage 0557.
16:06:50 | INFO: Draco encoder: Encoding mesh Branch led scale foliage 0558.
16:06:50 | INFO: Draco encoder: Encoding mesh Branch led scale foliage 0559.
16:06:50 | INFO: Draco encoder: Encoding mesh Branch led scale foliage 0560.
16:06:50 | INFO: Draco encoder: Encoding mesh Branch led scale foliage 0561.
16:06:50 | INFO: Draco encoder: Encoding mesh Branch led scale foliage 0562.
16:06:50 | INFO: Draco encoder: Encoding mesh Branch led scale foliage 0563.
16:06:50 | INFO: Draco encoder: Encoding mesh Branch led scale foliage 0564.
16:06:50 | INFO: Draco encoder: Encoding mesh Branch led scale foliage 0565.
16:06:50 | INFO: Draco encoder: Encoding mesh Branch led scale foliage 0566.
16:06:50 | INFO: Draco encoder: Encoding mesh Branch led scale foliage 0567.
16:06:50 | INFO: Draco encoder: Encoding mesh Branch led scale foliage 0568.
16:06:50 | INFO: Draco encoder: Encoding mesh Branch led scale foliage 0569.
16:06:50 | INFO: Draco encoder: Encoding mesh Branch led scale foliage 0570.
16:06:50 | INFO: Draco encoder: Encoding mesh Branch led scale foliage 0571.
16:06:50 | INFO: Draco encoder: Encoding mesh Branch led scale foliage 0572.
16:06:50 | INFO: Draco encoder: Encoding mesh Branch led scale foliage 0573.
16:06:50 | INFO: Draco encoder: Encoding mesh Branch led scale foliage 0574.
16:06:50 | INFO: Draco encoder: Encoding mesh Branch led scale foliage 0575.
16:06:50 | INFO: Draco encoder: Encoding mesh Branch led scale foliage 0576.
16:06:50 | INFO: Draco encoder: Encoding mesh Branch led scale foliage 0577.
16:06:50 | INFO: Draco encoder: Encoding mesh Branch led scale foliage 0578.
16:06:50 | INFO: Draco encoder: Encoding mesh Branch led scale foliage 0579.
16:06:50 | INFO: Draco encoder: Encoding mesh Branch led scale foliage 0580.
16:06:50 | INFO: Draco encoder: Encoding mesh Branch led scale foliage 0581.
16:06:50 | INFO: Draco encoder: Encoding mesh Branch led scale foliage 0582.
16:06:50 | INFO: Draco encoder: Encoding mesh Branch led scale foliage 0583.
16:06:50 | INFO: Draco encoder: Encoding mesh Branch led scale foliage 0584.
16:06:50 | INFO: Draco encoder: Encoding mesh Branch led scale foliage 0585.
16:06:50 | INFO: Draco encoder: Encoding mesh Branch led scale foliage 0586.
16:06:50 | INFO: Draco encoder: Encoding mesh Branch led scale foliage 0587.
16:06:50 | INFO: Draco encoder: Encoding mesh Branch led scale foliage 0588.
16:06:50 | INFO: Draco encoder: Encoding mesh Branch led scale foliage 0589.
16:06:50 | INFO: Draco encoder: Encoding mesh Branch led scale foliage 0590.
16:06:50 | INFO: Draco encoder: Encoding mesh Branch led scale foliage 0591.
16:06:50 | INFO: Draco encoder: Encoding mesh Branch led scale foliage 0592.
16:06:50 | INFO: Draco encoder: Encoding mesh Branch led scale foliage 0593.
16:06:50 | INFO: Draco encoder: Encoding mesh Branch led scale foliage 0594.
16:06:50 | INFO: Draco encoder: Encoding mesh Branch led scale foliage 0595.
16:06:50 | INFO: Draco encoder: Encoding mesh Branch led scale foliage 0596.
16:06:50 | INFO: Draco encoder: Encoding mesh Branch led scale foliage 0597.
16:06:50 | INFO: Draco encoder: Encoding mesh Branch led scale foliage 0598.
16:06:50 | INFO: Draco encoder: Encoding mesh Branch led scale foliage 0599.
16:06:50 | INFO: Draco encoder: Encoding mesh Branch led scale foliage 0600.
16:06:50 | INFO: Draco encoder: Encoding mesh Branch led scale foliage 0601.
16:06:50 | INFO: Draco encoder: Encoding mesh Branch led scale foliage 0602.
16:06:50 | INFO: Draco encoder: Encoding mesh Branch led scale foliage 0603.
16:06:50 | INFO: Draco encoder: Encoding mesh Branch led scale foliage 0604.
16:06:50 | INFO: Draco encoder: Encoding mesh Branch led scale foliage 0605.
16:06:50 | INFO: Draco encoder: Encoding mesh Branch led scale foliage 0606.
16:06:50 | INFO: Draco encoder: Encoding mesh Branch led scale foliage 0607.
16:06:50 | INFO: Draco encoder: Encoding mesh Branch led scale foliage 0608.
16:06:50 | INFO: Draco encoder: Encoding mesh Branch led scale foliage 0609.
16:06:50 | INFO: Draco encoder: Encoding mesh Branch led scale foliage 0610.
16:06:50 | INFO: Draco encoder: Encoding mesh Branch led scale foliage 0611.
16:06:50 | INFO: Draco encoder: Encoding mesh Branch led scale foliage 0612.
16:06:50 | INFO: Draco encoder: Encoding mesh Branch led scale foliage 0613.
16:06:50 | INFO: Draco encoder: Encoding mesh Branch led scale foliage 0614.
16:06:50 | INFO: Draco encoder: Encoding mesh Branch led scale foliage 0615.
16:06:50 | INFO: Draco encoder: Encoding mesh Branch led scale foliage 0616.
16:06:50 | INFO: Draco encoder: Encoding mesh Branch led scale foliage 0617.
16:06:50 | INFO: Draco encoder: Encoding mesh Branch led scale foliage 0618.
16:06:50 | INFO: Draco encoder: Encoding mesh Branch led scale foliage 0619.
16:06:50 | INFO: Draco encoder: Encoding mesh Branch led scale foliage 0620.
16:06:50 | INFO: Draco encoder: Encoding mesh Branch led scale foliage 0621.
16:06:50 | INFO: Draco encoder: Encoding mesh Branch led scale foliage 0622.
16:06:50 | INFO: Draco encoder: Encoding mesh Branch led scale foliage 0623.
16:06:50 | INFO: Draco encoder: Encoding mesh Branch led scale foliage 0624.
16:06:50 | INFO: Draco encoder: Encoding mesh Branch led scale foliage 0625.
16:06:50 | INFO: Draco encoder: Encoding mesh Branch led scale foliage 0626.
16:06:50 | INFO: Draco encoder: Encoding mesh Branch led scale foliage 0627.
16:06:50 | INFO: Draco encoder: Encoding mesh Branch led scale foliage 0628.
16:06:50 | INFO: Draco encoder: Encoding mesh Branch led scale foliage 0629.
16:06:50 | INFO: Draco encoder: Encoding mesh Branch led scale foliage 0630.
16:06:50 | INFO: Draco encoder: Encoding mesh Branch led scale foliage 0631.
16:06:50 | INFO: Draco encoder: Encoding mesh Branch led scale foliage 0632.
16:06:50 | INFO: Draco encoder: Encoding mesh Branch led scale foliage 0633.
16:06:50 | INFO: Draco encoder: Encoding mesh Branch led scale foliage 0634.
16:06:50 | INFO: Draco encoder: Encoding mesh Branch led scale foliage 0635.
16:06:50 | INFO: Draco encoder: Encoding mesh Branch led scale foliage 0636.
16:06:50 | INFO: Draco encoder: Encoding mesh Branch led scale foliage 0637.
16:06:50 | INFO: Draco encoder: Encoding mesh Branch led scale foliage 0638.
16:06:50 | INFO: Draco encoder: Encoding mesh Branch led scale foliage 0639.
16:06:50 | INFO: Draco encoder: Encoding mesh Branch led scale foliage 0640.
16:06:50 | INFO: Draco encoder: Encoding mesh Branch led scale foliage 0641.
16:06:50 | INFO: Draco encoder: Encoding mesh Branch led scale foliage 0642.
16:06:50 | INFO: Draco encoder: Encoding mesh Branch led scale foliage 0643.
16:06:50 | INFO: Draco encoder: Encoding mesh Branch led scale foliage 0644.
16:06:50 | INFO: Draco encoder: Encoding mesh Branch led scale foliage 0645.
16:06:50 | INFO: Draco encoder: Encoding mesh Branch led scale foliage 0646.
16:06:50 | INFO: Draco encoder: Encoding mesh Branch led scale foliage 0647.
16:06:50 | INFO: Draco encoder: Encoding mesh Branch led scale foliage 0648.
16:06:50 | INFO: Draco encoder: Encoding mesh Branch led scale foliage 0649.
16:06:50 | INFO: Draco encoder: Encoding mesh Branch led scale foliage 0650.
16:06:50 | INFO: Draco encoder: Encoding mesh Branch led scale foliage 0651.
16:06:50 | INFO: Draco encoder: Encoding mesh Branch led scale foliage 0652.
16:06:50 | INFO: Draco encoder: Encoding mesh Branch led scale foliage 0653.
16:06:50 | INFO: Draco encoder: Encoding mesh Branch led scale foliage 0654.
16:06:50 | INFO: Draco encoder: Encoding mesh Branch led scale foliage 0655.
16:06:50 | INFO: Draco encoder: Encoding mesh Branch led scale foliage 0656.
16:06:50 | INFO: Draco encoder: Encoding mesh Branch led scale foliage 0657.
16:06:50 | INFO: Draco encoder: Encoding mesh Branch led scale foliage 0658.
16:06:50 | INFO: Draco encoder: Encoding mesh Branch led scale foliage 0659.
16:06:50 | INFO: Draco encoder: Encoding mesh Branch led scale foliage 0660.
16:06:50 | INFO: Draco encoder: Encoding mesh Branch led scale foliage 0661.
16:06:50 | INFO: Draco encoder: Encoding mesh Branch led scale foliage 0662.
16:06:50 | INFO: Draco encoder: Encoding mesh Branch led scale foliage 0663.
16:06:50 | INFO: Draco encoder: Encoding mesh Branch led scale foliage 0664.
16:06:50 | INFO: Draco encoder: Encoding mesh Branch led scale foliage 0665.
16:06:50 | INFO: Draco encoder: Encoding mesh Branch led scale foliage 0666.
16:06:50 | INFO: Draco encoder: Encoding mesh Branch led scale foliage 0667.
16:06:50 | INFO: Draco encoder: Encoding mesh Branch led scale foliage 0668.
16:06:50 | INFO: Draco encoder: Encoding mesh Branch led scale foliage 0669.
16:06:50 | INFO: Draco encoder: Encoding mesh Branch led scale foliage 0670.
16:06:50 | INFO: Draco encoder: Encoding mesh Branch led scale foliage 0671.
16:06:50 | INFO: Draco encoder: Encoding mesh Branch led scale foliage 0672.
16:06:50 | INFO: Draco encoder: Encoding mesh Branch led scale foliage 0673.
16:06:50 | INFO: Draco encoder: Encoding mesh Branch led scale foliage 0674.
16:06:50 | INFO: Draco encoder: Encoding mesh Branch led scale foliage 0675.
16:06:50 | INFO: Draco encoder: Encoding mesh Branch led scale foliage 0676.
16:06:50 | INFO: Draco encoder: Encoding mesh Branch led scale foliage 0677.
16:06:50 | INFO: Draco encoder: Encoding mesh Branch led scale foliage 0678.
16:06:50 | INFO: Draco encoder: Encoding mesh Branch led scale foliage 0679.
16:06:50 | INFO: Draco encoder: Encoding mesh Branch led scale foliage 0680.
16:06:50 | INFO: Draco encoder: Encoding mesh Branch led scale foliage 0681.
16:06:50 | INFO: Draco encoder: Encoding mesh Branch led scale foliage 0682.
16:06:50 | INFO: Draco encoder: Encoding mesh Branch led scale foliage 0683.
16:06:50 | INFO: Draco encoder: Encoding mesh Branch led scale foliage 0684.
16:06:50 | INFO: Draco encoder: Encoding mesh Branch led scale foliage 0685.
16:06:50 | INFO: Draco encoder: Encoding mesh Branch led scale foliage 0686.
16:06:50 | INFO: Draco encoder: Encoding mesh Branch led scale foliage 0687.
16:06:50 | INFO: Draco encoder: Encoding mesh Branch led scale foliage 0688.
16:06:50 | INFO: Draco encoder: Encoding mesh Branch led scale foliage 0689.
16:06:50 | INFO: Draco encoder: Encoding mesh Branch led scale foliage 0690.
16:06:50 | INFO: Draco encoder: Encoding mesh Branch led scale foliage 0691.
16:06:50 | INFO: Draco encoder: Encoding mesh Branch led scale foliage 0692.
16:06:50 | INFO: Draco encoder: Encoding mesh Branch led scale foliage 0693.
16:06:50 | INFO: Draco encoder: Encoding mesh Branch led scale foliage 0694.
16:06:50 | INFO: Draco encoder: Encoding mesh Branch led scale foliage 0695.
16:06:50 | INFO: Draco encoder: Encoding mesh Branch led scale foliage 0696.
16:06:50 | INFO: Draco encoder: Encoding mesh Branch led scale foliage 0697.
16:06:50 | INFO: Draco encoder: Encoding mesh Branch led scale foliage 0698.
16:06:50 | INFO: Draco encoder: Encoding mesh Branch led scale foliage 0699.
16:06:50 | INFO: Draco encoder: Encoding mesh Branch led scale foliage 0700.
16:06:50 | INFO: Draco encoder: Encoding mesh Branch led scale foliage 0701.
16:06:50 | INFO: Draco encoder: Encoding mesh Branch led scale foliage 0702.
16:06:50 | INFO: Draco encoder: Encoding mesh Branch led scale foliage 0703.
16:06:50 | INFO: Draco encoder: Encoding mesh Branch led scale foliage 0704.
16:06:50 | INFO: Draco encoder: Encoding mesh Branch led scale foliage 0705.
16:06:50 | INFO: Draco encoder: Encoding mesh Branch led scale foliage 0706.
16:06:50 | INFO: Draco encoder: Encoding mesh Branch led scale foliage 0707.
16:06:50 | INFO: Draco encoder: Encoding mesh Branch led scale foliage 0708.
16:06:50 | INFO: Draco encoder: Encoding mesh Branch led scale foliage 0709.
16:06:50 | INFO: Draco encoder: Encoding mesh Branch led scale foliage 0710.
16:06:50 | INFO: Draco encoder: Encoding mesh Branch led scale foliage 0711.
16:06:50 | INFO: Draco encoder: Encoding mesh Branch led scale foliage 0712.
16:06:50 | INFO: Draco encoder: Encoding mesh Branch led scale foliage 0713.
16:06:50 | INFO: Draco encoder: Encoding mesh Branch led scale foliage 0714.
16:06:50 | INFO: Draco encoder: Encoding mesh Branch led scale foliage 0715.
16:06:50 | INFO: Draco encoder: Encoding mesh Branch led scale foliage 0716.
16:06:50 | INFO: Draco encoder: Encoding mesh Branch led scale foliage 0717.
16:06:50 | INFO: Draco encoder: Encoding mesh Branch led scale foliage 0718.
16:06:50 | INFO: Draco encoder: Encoding mesh Branch led scale foliage 0719.
16:06:50 | INFO: Draco encoder: Encoding mesh Branch led scale foliage 0720.
16:06:50 | INFO: Draco encoder: Encoding mesh Branch led scale foliage 0721.
16:06:50 | INFO: Draco encoder: Encoding mesh Branch led scale foliage 0722.
16:06:50 | INFO: Draco encoder: Encoding mesh Branch led scale foliage 0723.
16:06:50 | INFO: Draco encoder: Encoding mesh Branch led scale foliage 0724.
16:06:50 | INFO: Draco encoder: Encoding mesh Branch led scale foliage 0725.
16:06:50 | INFO: Draco encoder: Encoding mesh Branch led scale foliage 0726.
16:06:50 | INFO: Draco encoder: Encoding mesh Branch led scale foliage 0727.
16:06:50 | INFO: Draco encoder: Encoding mesh Branch led scale foliage 0728.
16:06:50 | INFO: Draco encoder: Encoding mesh Branch led scale foliage 0729.
16:06:50 | INFO: Draco encoder: Encoding mesh Branch led scale foliage 0730.
16:06:50 | INFO: Draco encoder: Encoding mesh Branch led scale foliage 0731.
16:06:50 | INFO: Draco encoder: Encoding mesh Branch led scale foliage 0732.
16:06:50 | INFO: Draco encoder: Encoding mesh Branch led scale foliage 0733.
16:06:50 | INFO: Draco encoder: Encoding mesh Branch led scale foliage 0734.
16:06:50 | INFO: Draco encoder: Encoding mesh Branch led scale foliage 0735.
16:06:50 | INFO: Draco encoder: Encoding mesh Branch led scale foliage 0736.
16:06:50 | INFO: Draco encoder: Encoding mesh Branch led scale foliage 0737.
16:06:50 | INFO: Draco encoder: Encoding mesh Branch led scale foliage 0738.
16:06:50 | INFO: Draco encoder: Encoding mesh Branch led scale foliage 0739.
16:06:50 | INFO: Draco encoder: Encoding mesh Branch led scale foliage 0740.
16:06:50 | INFO: Draco encoder: Encoding mesh Branch led scale foliage 0741.
16:06:50 | INFO: Draco encoder: Encoding mesh Branch led scale foliage 0742.
16:06:50 | INFO: Draco encoder: Encoding mesh Branch led scale foliage 0743.
16:06:50 | INFO: Draco encoder: Encoding mesh Branch led scale foliage 0744.
16:06:50 | INFO: Draco encoder: Encoding mesh Branch led scale foliage 0745.
16:06:50 | INFO: Draco encoder: Encoding mesh Branch led scale foliage 0746.
16:06:50 | INFO: Draco encoder: Encoding mesh Branch led scale foliage 0747.
16:06:50 | INFO: Draco encoder: Encoding mesh Branch led scale foliage 0748.
16:06:50 | INFO: Draco encoder: Encoding mesh Branch led scale foliage 0749.
16:06:50 | INFO: Draco encoder: Encoding mesh Branch led scale foliage 0750.
16:06:50 | INFO: Draco encoder: Encoding mesh Branch led scale foliage 0751.
16:06:50 | INFO: Draco encoder: Encoding mesh Branch led scale foliage 0752.
16:06:50 | INFO: Draco encoder: Encoding mesh Branch led scale foliage 0753.
16:06:50 | INFO: Draco encoder: Encoding mesh Branch led scale foliage 0754.
16:06:50 | INFO: Draco encoder: Encoding mesh Branch led scale foliage 0755.
16:06:50 | INFO: Draco encoder: Encoding mesh Branch led scale foliage 0756.
16:06:50 | INFO: Draco encoder: Encoding mesh Branch led scale foliage 0757.
16:06:50 | INFO: Draco encoder: Encoding mesh Branch led scale foliage 0758.
16:06:50 | INFO: Draco encoder: Encoding mesh Branch led scale foliage 0759.
16:06:50 | INFO: Draco encoder: Encoding mesh Branch led scale foliage 0760.
16:06:50 | INFO: Draco encoder: Encoding mesh Branch led scale foliage 0761.
16:06:50 | INFO: Draco encoder: Encoding mesh Branch led scale foliage 0762.
16:06:50 | INFO: Draco encoder: Encoding mesh Branch led scale foliage 0763.
16:06:50 | INFO: Draco encoder: Encoding mesh Branch led scale foliage 0764.
16:06:50 | INFO: Draco encoder: Encoding mesh Branch led scale foliage 0765.
16:06:50 | INFO: Draco encoder: Encoding mesh Branch led scale foliage 0766.
16:06:50 | INFO: Draco encoder: Encoding mesh Branch led scale foliage 0767.
16:06:50 | INFO: Draco encoder: Encoding mesh Branch led scale foliage 0768.
16:06:50 | INFO: Draco encoder: Encoding mesh Branch led scale foliage 0769.
16:06:50 | INFO: Draco encoder: Encoding mesh Branch led scale foliage 0770.
16:06:50 | INFO: Draco encoder: Encoding mesh Branch led scale foliage 0771.
16:06:50 | INFO: Draco encoder: Encoding mesh Branch led scale foliage 0772.
16:06:50 | INFO: Draco encoder: Encoding mesh Branch led scale foliage 0773.
16:06:50 | INFO: Draco encoder: Encoding mesh Branch led scale foliage 0774.
16:06:50 | INFO: Draco encoder: Encoding mesh Branch led scale foliage 0775.
16:06:50 | INFO: Draco encoder: Encoding mesh Branch led scale foliage 0776.
16:06:50 | INFO: Draco encoder: Encoding mesh Branch led scale foliage 0777.
16:06:50 | INFO: Draco encoder: Encoding mesh Branch led scale foliage 0778.
16:06:50 | INFO: Draco encoder: Encoding mesh Branch led scale foliage 0779.
16:06:50 | INFO: Draco encoder: Encoding mesh Branch led scale foliage 0780.
16:06:50 | INFO: Draco encoder: Encoding mesh Branch led scale foliage 0781.
16:06:50 | INFO: Draco encoder: Encoding mesh Branch led scale foliage 0782.
16:06:50 | INFO: Draco encoder: Encoding mesh Branch led scale foliage 0783.
16:06:50 | INFO: Draco encoder: Encoding mesh Branch led scale foliage 0784.
16:06:50 | INFO: Draco encoder: Encoding mesh Branch led scale foliage 0785.
16:06:50 | INFO: Draco encoder: Encoding mesh Branch led scale foliage 0786.
16:06:50 | INFO: Draco encoder: Encoding mesh Branch led scale foliage 0787.
16:06:50 | INFO: Draco encoder: Encoding mesh Branch led scale foliage 0788.
16:06:50 | INFO: Draco encoder: Encoding mesh Branch led scale foliage 0789.
16:06:50 | INFO: Draco encoder: Encoding mesh Branch led scale foliage 0790.
16:06:50 | INFO: Draco encoder: Encoding mesh Branch led scale foliage 0791.
16:06:50 | INFO: Draco encoder: Encoding mesh Branch led scale foliage 0792.
16:06:50 | INFO: Draco encoder: Encoding mesh Branch led scale foliage 0793.
16:06:50 | INFO: Draco encoder: Encoding mesh Branch led scale foliage 0794.
16:06:50 | INFO: Draco encoder: Encoding mesh Branch led scale foliage 0795.
16:06:50 | INFO: Draco encoder: Encoding mesh Branch led scale foliage 0796.
16:06:50 | INFO: Draco encoder: Encoding mesh Branch led scale foliage 0797.
16:06:50 | INFO: Draco encoder: Encoding mesh Branch led scale foliage 0798.
16:06:50 | INFO: Draco encoder: Encoding mesh Branch led scale foliage 0799.
16:06:50 | INFO: Draco encoder: Encoding mesh Branch led scale foliage 0800.
16:06:50 | INFO: Draco encoder: Encoding mesh Branch led scale foliage 0801.
16:06:50 | INFO: Draco encoder: Encoding mesh Branch led scale foliage 0802.
16:06:50 | INFO: Draco encoder: Encoding mesh Branch led scale foliage 0803.
16:06:50 | INFO: Draco encoder: Encoding mesh Branch led scale foliage 0804.
16:06:50 | INFO: Draco encoder: Encoding mesh Branch led scale foliage 0805.
16:06:50 | INFO: Draco encoder: Encoding mesh Branch led scale foliage 0806.
16:06:50 | INFO: Draco encoder: Encoding mesh Branch led scale foliage 0807.
16:06:50 | INFO: Draco encoder: Encoding mesh Branch led scale foliage 0808.
16:06:50 | INFO: Draco encoder: Encoding mesh Branch led scale foliage 0809.
16:06:50 | INFO: Draco encoder: Encoding mesh Branch led scale foliage 0810.
16:06:50 | INFO: Draco encoder: Encoding mesh Branch led scale foliage 0811.
16:06:50 | INFO: Draco encoder: Encoding mesh Branch led scale foliage 0812.
16:06:50 | INFO: Draco encoder: Encoding mesh Branch led scale foliage 0813.
16:06:50 | INFO: Draco encoder: Encoding mesh Branch led scale foliage 0814.
16:06:50 | INFO: Draco encoder: Encoding mesh Branch led scale foliage 0815.
16:06:50 | INFO: Draco encoder: Encoding mesh Branch led scale foliage 0816.
16:06:50 | INFO: Draco encoder: Encoding mesh Branch led scale foliage 0817.
16:06:50 | INFO: Draco encoder: Encoding mesh Branch led scale foliage 0818.
16:06:50 | INFO: Draco encoder: Encoding mesh Branch led scale foliage 0819.
16:06:50 | INFO: Draco encoder: Encoding mesh Branch led scale foliage 0820.
16:06:50 | INFO: Draco encoder: Encoding mesh Branch led scale foliage 0821.
16:06:50 | INFO: Draco encoder: Encoding mesh Branch led scale foliage 0822.
16:06:50 | INFO: Draco encoder: Encoding mesh Branch led scale foliage 0823.
16:06:50 | INFO: Draco encoder: Encoding mesh Branch led scale foliage 0824.
16:06:50 | INFO: Draco encoder: Encoding mesh Branch led scale foliage 0825.
16:06:50 | INFO: Draco encoder: Encoding mesh Branch led scale foliage 0826.
16:06:50 | INFO: Draco encoder: Encoding mesh Branch led scale foliage 0827.
16:06:50 | INFO: Draco encoder: Encoding mesh Branch led scale foliage 0828.
16:06:50 | INFO: Draco encoder: Encoding mesh Branch led scale foliage 0829.
16:06:50 | INFO: Draco encoder: Encoding mesh Branch led scale foliage 0830.
16:06:50 | INFO: Draco encoder: Encoding mesh Branch led scale foliage 0831.
16:06:50 | INFO: Draco encoder: Encoding mesh Branch led scale foliage 0832.
16:06:50 | INFO: Draco encoder: Encoding mesh Branch led scale foliage 0833.
16:06:50 | INFO: Draco encoder: Encoding mesh Branch led scale foliage 0834.
16:06:50 | INFO: Draco encoder: Encoding mesh Branch led scale foliage 0835.
16:06:50 | INFO: Draco encoder: Encoding mesh Branch led scale foliage 0836.
16:06:50 | INFO: Draco encoder: Encoding mesh Branch led scale foliage 0837.
16:06:50 | INFO: Draco encoder: Encoding mesh Branch led scale foliage 0838.
16:06:50 | INFO: Draco encoder: Encoding mesh Branch led scale foliage 0839.
16:06:50 | INFO: Draco encoder: Encoding mesh Branch led scale foliage 0840.
16:06:50 | INFO: Draco encoder: Encoding mesh Branch led scale foliage 0841.
16:06:50 | INFO: Draco encoder: Encoding mesh Branch led scale foliage 0842.
16:06:50 | INFO: Draco encoder: Encoding mesh Branch led scale foliage 0843.
16:06:50 | INFO: Draco encoder: Encoding mesh Branch led scale foliage 0844.
16:06:50 | INFO: Draco encoder: Encoding mesh Branch led scale foliage 0845.
16:06:50 | INFO: Draco encoder: Encoding mesh Branch led scale foliage 0846.
16:06:50 | INFO: Draco encoder: Encoding mesh Branch led scale foliage 0847.
16:06:50 | INFO: Draco encoder: Encoding mesh Branch led scale foliage 0848.
16:06:50 | INFO: Draco encoder: Encoding mesh Branch led scale foliage 0849.
16:06:50 | INFO: Draco encoder: Encoding mesh Branch led scale foliage 0850.
16:06:50 | INFO: Draco encoder: Encoding mesh Branch led scale foliage 0851.
16:06:50 | INFO: Draco encoder: Encoding mesh Branch led scale foliage 0852.
16:06:50 | INFO: Draco encoder: Encoding mesh Branch led scale foliage 0853.
16:06:50 | INFO: Draco encoder: Encoding mesh Branch led scale foliage 0854.
16:06:50 | INFO: Draco encoder: Encoding mesh Branch led scale foliage 0855.
16:06:50 | INFO: Draco encoder: Encoding mesh Branch led scale foliage 0856.
16:06:50 | INFO: Draco encoder: Encoding mesh Branch led scale foliage 0857.
16:06:50 | INFO: Draco encoder: Encoding mesh Branch led scale foliage 0858.
16:06:50 | INFO: Draco encoder: Encoding mesh Branch led scale foliage 0859.
16:06:50 | INFO: Draco encoder: Encoding mesh Branch led scale foliage 0860.
16:06:50 | INFO: Draco encoder: Encoding mesh Branch led scale foliage 0861.
16:06:50 | INFO: Draco encoder: Encoding mesh Branch led scale foliage 0862.
16:06:50 | INFO: Draco encoder: Encoding mesh Branch led scale foliage 0863.
16:06:50 | INFO: Draco encoder: Encoding mesh Branch led scale foliage 0864.
16:06:50 | INFO: Draco encoder: Encoding mesh Branch led scale foliage 0865.
16:06:50 | INFO: Draco encoder: Encoding mesh Branch led scale foliage 0866.
16:06:50 | INFO: Draco encoder: Encoding mesh Branch led scale foliage 0867.
16:06:50 | INFO: Draco encoder: Encoding mesh Branch led scale foliage 0868.
16:06:50 | INFO: Draco encoder: Encoding mesh Branch led scale foliage 0869.
16:06:50 | INFO: Draco encoder: Encoding mesh Branch led scale foliage 0870.
16:06:50 | INFO: Draco encoder: Encoding mesh Branch led scale foliage 0871.
16:06:50 | INFO: Draco encoder: Encoding mesh Branch led scale foliage 0872.
16:06:50 | INFO: Draco encoder: Encoding mesh Branch led scale foliage 0873.
16:06:50 | INFO: Draco encoder: Encoding mesh Branch led scale foliage 0874.
16:06:50 | INFO: Draco encoder: Encoding mesh Branch led scale foliage 0875.
16:06:50 | INFO: Draco encoder: Encoding mesh Branch led scale foliage 0876.
16:06:50 | INFO: Draco encoder: Encoding mesh Branch led scale foliage 0877.
16:06:50 | INFO: Draco encoder: Encoding mesh Branch led scale foliage 0878.
16:06:50 | INFO: Draco encoder: Encoding mesh Branch led scale foliage 0879.
16:06:50 | INFO: Draco encoder: Encoding mesh Branch led scale foliage 0880.
16:06:50 | INFO: Draco encoder: Encoding mesh Branch led scale foliage 0881.
16:06:50 | INFO: Draco encoder: Encoding mesh Branch led scale foliage 0882.
16:06:50 | INFO: Draco encoder: Encoding mesh Branch led scale foliage 0883.
16:06:50 | INFO: Draco encoder: Encoding mesh Branch led scale foliage 0884.
16:06:50 | INFO: Draco encoder: Encoding mesh Branch led scale foliage 0885.
16:06:50 | INFO: Draco encoder: Encoding mesh Branch led scale foliage 0886.
16:06:50 | INFO: Draco encoder: Encoding mesh Branch led scale foliage 0887.
16:06:50 | INFO: Draco encoder: Encoding mesh Branch led scale foliage 0888.
16:06:50 | INFO: Draco encoder: Encoding mesh Branch led scale foliage 0889.
16:06:50 | INFO: Draco encoder: Encoding mesh Branch led scale foliage 0890.
16:06:50 | INFO: Draco encoder: Encoding mesh Branch led scale foliage 0891.
16:06:50 | INFO: Draco encoder: Encoding mesh Branch led scale foliage 0892.
16:06:50 | INFO: Draco encoder: Encoding mesh Branch led scale foliage 0893.
16:06:50 | INFO: Draco encoder: Encoding mesh Branch led scale foliage 0894.
16:06:50 | INFO: Draco encoder: Encoding mesh Branch led scale foliage 0895.
16:06:50 | INFO: Draco encoder: Encoding mesh Branch led scale foliage 0896.
16:06:50 | INFO: Draco encoder: Encoding mesh Branch led scale foliage 0897.
16:06:50 | INFO: Draco encoder: Encoding mesh Branch led scale foliage 0898.
16:06:50 | INFO: Draco encoder: Encoding mesh Branch led scale foliage 0899.
16:06:50 | INFO: Draco encoder: Encoding mesh Branch led scale foliage 0900.
16:06:50 | INFO: Draco encoder: Encoding mesh Branch led scale foliage 0901.
16:06:50 | INFO: Draco encoder: Encoding mesh Branch led scale foliage 0902.
16:06:50 | INFO: Draco encoder: Encoding mesh Branch led scale foliage 0903.
16:06:50 | INFO: Draco encoder: Encoding mesh Branch led scale foliage 0904.
16:06:50 | INFO: Draco encoder: Encoding mesh Branch led scale foliage 0905.
16:06:50 | INFO: Draco encoder: Encoding mesh Branch led scale foliage 0906.
16:06:50 | INFO: Draco encoder: Encoding mesh Branch led scale foliage 0907.
16:06:50 | INFO: Draco encoder: Encoding mesh Branch led scale foliage 0908.
16:06:50 | INFO: Draco encoder: Encoding mesh Branch led scale foliage 0909.
16:06:50 | INFO: Draco encoder: Encoding mesh Branch led scale foliage 0910.
16:06:50 | INFO: Draco encoder: Encoding mesh Branch led scale foliage 0911.
16:06:50 | INFO: Draco encoder: Encoding mesh Branch led scale foliage 0912.
16:06:50 | INFO: Draco encoder: Encoding mesh Branch led scale foliage 0913.
16:06:50 | INFO: Draco encoder: Encoding mesh Branch led scale foliage 0914.
16:06:50 | INFO: Draco encoder: Encoding mesh Branch led scale foliage 0915.
16:06:50 | INFO: Draco encoder: Encoding mesh Branch led scale foliage 0916.
16:06:50 | INFO: Draco encoder: Encoding mesh Branch led scale foliage 0917.
16:06:50 | INFO: Draco encoder: Encoding mesh Branch led scale foliage 0918.
16:06:50 | INFO: Draco encoder: Encoding mesh Branch led scale foliage 0919.
16:06:50 | INFO: Draco encoder: Encoding mesh Branch led scale foliage 0920.
16:06:50 | INFO: Draco encoder: Encoding mesh Branch led scale foliage 0921.
16:06:50 | INFO: Draco encoder: Encoding mesh Branch led scale foliage 0922.
16:06:50 | INFO: Draco encoder: Encoding mesh Branch led scale foliage 0923.
16:06:50 | INFO: Draco encoder: Encoding mesh Branch led scale foliage 0924.
16:06:50 | INFO: Draco encoder: Encoding mesh Branch led scale foliage 0925.
16:06:50 | INFO: Draco encoder: Encoding mesh Branch led scale foliage 0926.
16:06:50 | INFO: Draco encoder: Encoding mesh Branch led scale foliage 0927.
16:06:50 | INFO: Draco encoder: Encoding mesh Branch led scale foliage 0928.
16:06:50 | INFO: Draco encoder: Encoding mesh Branch led scale foliage 0929.
16:06:50 | INFO: Draco encoder: Encoding mesh Branch led scale foliage 0930.
16:06:50 | INFO: Draco encoder: Encoding mesh Branch led scale foliage 0931.
16:06:50 | INFO: Draco encoder: Encoding mesh Branch led scale foliage 0932.
16:06:50 | INFO: Draco encoder: Encoding mesh Branch led scale foliage 0933.
16:06:50 | INFO: Draco encoder: Encoding mesh Branch led scale foliage 0934.
16:06:50 | INFO: Draco encoder: Encoding mesh Branch led scale foliage 0935.
16:06:50 | INFO: Draco encoder: Encoding mesh Branch led scale foliage 0936.
16:06:50 | INFO: Draco encoder: Encoding mesh Branch led scale foliage 0937.
16:06:50 | INFO: Draco encoder: Encoding mesh Branch led scale foliage 0938.
16:06:50 | INFO: Draco encoder: Encoding mesh Branch led scale foliage 0939.
16:06:50 | INFO: Draco encoder: Encoding mesh Branch led scale foliage 0940.
16:06:50 | INFO: Draco encoder: Encoding mesh Branch led scale foliage 0941.
16:06:50 | INFO: Draco encoder: Encoding mesh Branch led scale foliage 0942.
16:06:50 | INFO: Draco encoder: Encoding mesh Branch led scale foliage 0943.
16:06:50 | INFO: Draco encoder: Encoding mesh Branch led scale foliage 0944.
16:06:50 | INFO: Draco encoder: Encoding mesh Branch led scale foliage 0945.
16:06:50 | INFO: Draco encoder: Encoding mesh Branch led scale foliage 0946.
16:06:50 | INFO: Draco encoder: Encoding mesh Branch led scale foliage 0947.
16:06:50 | INFO: Draco encoder: Encoding mesh Branch led scale foliage 0948.
16:06:50 | INFO: Draco encoder: Encoding mesh Branch led scale foliage 0949.
16:06:50 | INFO: Draco encoder: Encoding mesh Branch led scale foliage 0950.
16:06:50 | INFO: Draco encoder: Encoding mesh Branch led scale foliage 0951.
16:06:50 | INFO: Draco encoder: Encoding mesh Branch led scale foliage 0952.
16:06:50 | INFO: Draco encoder: Encoding mesh Branch led scale foliage 0953.
16:06:50 | INFO: Draco encoder: Encoding mesh Branch led scale foliage 0954.
16:06:50 | INFO: Draco encoder: Encoding mesh Branch led scale foliage 0955.
16:06:50 | INFO: Draco encoder: Encoding mesh Branch led scale foliage 0956.
16:06:50 | INFO: Draco encoder: Encoding mesh Branch led scale foliage 0957.
16:06:50 | INFO: Draco encoder: Encoding mesh Branch led scale foliage 0958.
16:06:50 | INFO: Draco encoder: Encoding mesh Branch led scale foliage 0959.
16:06:50 | INFO: Draco encoder: Encoding mesh Branch led scale foliage 0960.
16:06:50 | INFO: Draco encoder: Encoding mesh Branch led scale foliage 0961.
16:06:50 | INFO: Draco encoder: Encoding mesh Branch led scale foliage 0962.
16:06:50 | INFO: Draco encoder: Encoding mesh Branch led scale foliage 0963.
16:06:50 | INFO: Draco encoder: Encoding mesh Branch led scale foliage 0964.
16:06:50 | INFO: Draco encoder: Encoding mesh Branch led scale foliage 0965.
16:06:50 | INFO: Draco encoder: Encoding mesh Branch led scale foliage 0966.
16:06:50 | INFO: Draco encoder: Encoding mesh Branch led scale foliage 0967.
16:06:50 | INFO: Draco encoder: Encoding mesh Branch led scale foliage 0968.
16:06:50 | INFO: Draco encoder: Encoding mesh Branch led scale foliage 0969.
16:06:50 | INFO: Draco encoder: Encoding mesh Branch led scale foliage 0970.
16:06:50 | INFO: Draco encoder: Encoding mesh Branch led scale foliage 0971.
16:06:50 | INFO: Draco encoder: Encoding mesh Branch led scale foliage 0972.
16:06:50 | INFO: Draco encoder: Encoding mesh Branch led scale foliage 0973.
16:06:50 | INFO: Draco encoder: Encoding mesh Branch led scale foliage 0974.
16:06:50 | INFO: Draco encoder: Encoding mesh Branch led scale foliage 0975.
16:06:50 | INFO: Draco encoder: Encoding mesh Branch led scale foliage 0976.
16:06:50 | INFO: Draco encoder: Encoding mesh Branch led scale foliage 0977.
16:06:50 | INFO: Draco encoder: Encoding mesh Branch led scale foliage 0978.
16:06:50 | INFO: Draco encoder: Encoding mesh Branch led scale foliage 0979.
16:06:50 | INFO: Draco encoder: Encoding mesh Branch led scale foliage 0980.
16:06:50 | INFO: Draco encoder: Encoding mesh Branch led scale foliage 0981.
16:06:50 | INFO: Draco encoder: Encoding mesh Branch led scale foliage 0982.
16:06:50 | INFO: Draco encoder: Encoding mesh Branch led scale foliage 0983.
16:06:50 | INFO: Draco encoder: Encoding mesh Branch led scale foliage 0984.
16:06:50 | INFO: Draco encoder: Encoding mesh Branch led scale foliage 0985.
16:06:50 | INFO: Draco encoder: Encoding mesh Branch led scale foliage 0986.
16:06:50 | INFO: Draco encoder: Encoding mesh Branch led scale foliage 0987.
16:06:50 | INFO: Draco encoder: Encoding mesh Branch led scale foliage 0988.
16:06:50 | INFO: Draco encoder: Encoding mesh Branch led scale foliage 0989.
16:06:50 | INFO: Draco encoder: Encoding mesh Branch led scale foliage 0990.
16:06:50 | INFO: Draco encoder: Encoding mesh Branch led scale foliage 0991.
16:06:50 | INFO: Draco encoder: Encoding mesh Branch led scale foliage 0992.
16:06:50 | INFO: Draco encoder: Encoding mesh Branch led scale foliage 0993.
16:06:50 | INFO: Draco encoder: Encoding mesh Branch led scale foliage 0994.
16:06:50 | INFO: Draco encoder: Encoding mesh Branch led scale foliage 0995.
16:06:50 | INFO: Draco encoder: Encoding mesh Branch led scale foliage 0996.
16:06:50 | INFO: Draco encoder: Encoding mesh Branch led scale foliage 0997.
16:06:50 | INFO: Draco encoder: Encoding mesh Branch led scale foliage 0998.
16:06:50 | INFO: Draco encoder: Encoding mesh Branch led scale foliage 0999.
16:06:50 | INFO: Draco encoder: Encoding mesh Branch led scale foliage 1000.
16:06:50 | INFO: Draco encoder: Encoding mesh Branch led scale foliage 1001.
16:06:50 | INFO: Draco encoder: Encoding mesh Branch led scale foliage 1002.
16:06:50 | INFO: Draco encoder: Encoding mesh Branch led scale foliage 1003.
16:06:50 | INFO: Draco encoder: Encoding mesh Branch led scale foliage 1004.
16:06:50 | INFO: Draco encoder: Encoding mesh Branch led scale foliage 1005.
16:06:50 | INFO: Draco encoder: Encoding mesh Branch led scale foliage 1006.
16:06:50 | INFO: Draco encoder: Encoding mesh Branch led scale foliage 1007.
16:06:50 | INFO: Draco encoder: Encoding mesh Branch led scale foliage 1008.
16:06:50 | INFO: Draco encoder: Encoding mesh Branch led scale foliage 1009.
16:06:50 | INFO: Draco encoder: Encoding mesh Branch led scale foliage 1010.
16:06:50 | INFO: Draco encoder: Encoding mesh Branch led scale foliage 1011.
16:06:50 | INFO: Draco encoder: Encoding mesh Branch led scale foliage 1012.
16:06:50 | INFO: Draco encoder: Encoding mesh Branch led scale foliage 1013.
16:06:50 | INFO: Draco encoder: Encoding mesh Branch led scale foliage 1014.
16:06:50 | INFO: Draco encoder: Encoding mesh Branch led scale foliage 1015.
16:06:50 | INFO: Draco encoder: Encoding mesh Branch led scale foliage 1016.
16:06:50 | INFO: Draco encoder: Encoding mesh Branch led scale foliage 1017.
16:06:50 | INFO: Draco encoder: Encoding mesh Branch led scale foliage 1018.
16:06:50 | INFO: Draco encoder: Encoding mesh Branch led scale foliage 1019.
16:06:50 | INFO: Draco encoder: Encoding mesh Branch led scale foliage 1020.
16:06:50 | INFO: Draco encoder: Encoding mesh Branch led scale foliage 1021.
16:06:50 | INFO: Draco encoder: Encoding mesh Branch led scale foliage 1022.
16:06:50 | INFO: Draco encoder: Encoding mesh Branch led scale foliage 1023.
16:06:50 | INFO: Draco encoder: Encoding mesh Branch led scale foliage 1024.
16:06:50 | INFO: Draco encoder: Encoding mesh Branch led scale foliage 1025.
16:06:50 | INFO: Draco encoder: Encoding mesh Branch led scale foliage 1026.
16:06:50 | INFO: Draco encoder: Encoding mesh Branch led scale foliage 1027.
16:06:50 | INFO: Draco encoder: Encoding mesh Branch led scale foliage 1028.
16:06:50 | INFO: Draco encoder: Encoding mesh Branch led scale foliage 1029.
16:06:50 | INFO: Draco encoder: Encoding mesh Branch led scale foliage 1030.
16:06:50 | INFO: Draco encoder: Encoding mesh Branch led scale foliage 1031.
16:06:50 | INFO: Draco encoder: Encoding mesh Branch led scale foliage 1032.
16:06:50 | INFO: Draco encoder: Encoding mesh Branch led scale foliage 1033.
16:06:50 | INFO: Draco encoder: Encoding mesh Branch led scale foliage 1034.
16:06:50 | INFO: Draco encoder: Encoding mesh Branch led scale foliage 1035.
16:06:50 | INFO: Draco encoder: Encoding mesh Branch led scale foliage 1036.
16:06:50 | INFO: Draco encoder: Encoding mesh Branch led scale foliage 1037.
16:06:50 | INFO: Draco encoder: Encoding mesh Branch led scale foliage 1038.
16:06:50 | INFO: Draco encoder: Encoding mesh Branch led scale foliage 1039.
16:06:50 | INFO: Draco encoder: Encoding mesh Branch led scale foliage 1040.
16:06:50 | INFO: Draco encoder: Encoding mesh Branch led scale foliage 1041.
16:06:50 | INFO: Draco encoder: Encoding mesh Branch led scale foliage 1042.
16:06:50 | INFO: Draco encoder: Encoding mesh Branch led scale foliage 1043.
16:06:50 | INFO: Draco encoder: Encoding mesh Branch led scale foliage 1044.
16:06:50 | INFO: Draco encoder: Encoding mesh Branch led scale foliage 1045.
16:06:50 | INFO: Draco encoder: Encoding mesh Branch led scale foliage 1046.
16:06:50 | INFO: Draco encoder: Encoding mesh Branch led scale foliage 1047.
16:06:50 | INFO: Draco encoder: Encoding mesh Branch led scale foliage 1048.
16:06:50 | INFO: Draco encoder: Encoding mesh Branch led scale foliage 1049.
16:06:50 | INFO: Draco encoder: Encoding mesh Branch led scale foliage 1050.
16:06:50 | INFO: Draco encoder: Encoding mesh Branch led scale foliage 1051.
16:06:50 | INFO: Draco encoder: Encoding mesh Branch led scale foliage 1052.
16:06:50 | INFO: Draco encoder: Encoding mesh Branch led scale foliage 1053.
16:06:50 | INFO: Draco encoder: Encoding mesh Branch led scale foliage 1054.
16:06:50 | INFO: Draco encoder: Encoding mesh Branch led scale foliage 1055.
16:06:50 | INFO: Draco encoder: Encoding mesh Branch led scale foliage 1056.
16:06:50 | INFO: Draco encoder: Encoding mesh Branch led scale foliage 1057.
16:06:50 | INFO: Draco encoder: Encoding mesh Branch led scale foliage 1058.
16:06:50 | INFO: Draco encoder: Encoding mesh Branch led scale foliage 1059.
16:06:50 | INFO: Draco encoder: Encoding mesh Branch led scale foliage 1060.
16:06:50 | INFO: Draco encoder: Encoding mesh Branch led scale foliage 1061.
16:06:50 | INFO: Draco encoder: Encoding mesh Branch led scale foliage 1062.
16:06:50 | INFO: Draco encoder: Encoding mesh Branch led scale foliage 1063.
16:06:50 | INFO: Draco encoder: Encoding mesh Branch led scale foliage 1064.
16:06:50 | INFO: Draco encoder: Encoding mesh Branch led scale foliage 1065.
16:06:50 | INFO: Draco encoder: Encoding mesh Branch led scale foliage 1066.
16:06:50 | INFO: Draco encoder: Encoding mesh Branch led scale foliage 1067.
16:06:50 | INFO: Draco encoder: Encoding mesh Branch led scale foliage 1068.
16:06:50 | INFO: Draco encoder: Encoding mesh Branch led scale foliage 1069.
16:06:50 | INFO: Draco encoder: Encoding mesh Branch led scale foliage 1070.
16:06:50 | INFO: Draco encoder: Encoding mesh Branch led scale foliage 1071.
16:06:50 | INFO: Draco encoder: Encoding mesh Branch led scale foliage 1072.
16:06:50 | INFO: Draco encoder: Encoding mesh Branch led scale foliage 1073.
16:06:50 | INFO: Draco encoder: Encoding mesh Branch led scale foliage 1074.
16:06:50 | INFO: Draco encoder: Encoding mesh Branch led scale foliage 1075.
16:06:50 | INFO: Draco encoder: Encoding mesh Branch led scale foliage 1076.
16:06:50 | INFO: Draco encoder: Encoding mesh Branch led scale foliage 1077.
16:06:50 | INFO: Draco encoder: Encoding mesh Branch led scale foliage 1078.
16:06:50 | INFO: Draco encoder: Encoding mesh Branch led scale foliage 1079.
16:06:50 | INFO: Draco encoder: Encoding mesh Branch led scale foliage 1080.
16:06:50 | INFO: Draco encoder: Encoding mesh Branch led scale foliage 1081.
16:06:50 | INFO: Draco encoder: Encoding mesh Branch led scale foliage 1082.
16:06:50 | INFO: Draco encoder: Encoding mesh Branch led scale foliage 1083.
16:06:50 | INFO: Draco encoder: Encoding mesh Branch led scale foliage 1084.
16:06:50 | INFO: Draco encoder: Encoding mesh Branch led scale foliage 1085.
16:06:50 | INFO: Draco encoder: Encoding mesh Branch led scale foliage 1086.
16:06:50 | INFO: Draco encoder: Encoding mesh Branch led scale foliage 1087.
16:06:50 | INFO: Draco encoder: Encoding mesh Branch led scale foliage 1088.
16:06:50 | INFO: Draco encoder: Encoding mesh Branch led scale foliage 1089.
16:06:50 | INFO: Draco encoder: Encoding mesh Branch led scale foliage 1090.
16:06:50 | INFO: Draco encoder: Encoding mesh Branch led scale foliage 1091.
16:06:50 | INFO: Draco encoder: Encoding mesh Branch led scale foliage 1092.
16:06:50 | INFO: Draco encoder: Encoding mesh Branch led scale foliage 1093.
16:06:50 | INFO: Draco encoder: Encoding mesh Branch led scale foliage 1094.
16:06:50 | INFO: Draco encoder: Encoding mesh Branch led scale foliage 1095.
16:06:50 | INFO: Draco encoder: Encoding mesh Branch led scale foliage 1096.
16:06:50 | INFO: Draco encoder: Encoding mesh Branch led scale foliage 1097.
16:06:50 | INFO: Draco encoder: Encoding mesh Branch led scale foliage 1098.
16:06:50 | INFO: Draco encoder: Encoding mesh Branch led scale foliage 1099.
16:06:50 | INFO: Draco encoder: Encoding mesh Branch led scale foliage 1100.
16:06:50 | INFO: Draco encoder: Encoding mesh Branch led scale foliage 1101.
16:06:50 | INFO: Draco encoder: Encoding mesh Branch led scale foliage 1102.
16:06:50 | INFO: Draco encoder: Encoding mesh Branch led scale foliage 1103.
16:06:50 | INFO: Draco encoder: Encoding mesh Branch led scale foliage 1104.
16:06:50 | INFO: Draco encoder: Encoding mesh Branch led scale foliage 1105.
16:06:50 | INFO: Draco encoder: Encoding mesh Branch led scale foliage 1106.
16:06:50 | INFO: Draco encoder: Encoding mesh Branch led scale foliage 1107.
16:06:50 | INFO: Draco encoder: Encoding mesh Branch led scale foliage 1108.
16:06:50 | INFO: Draco encoder: Encoding mesh Branch led scale foliage 1109.
16:06:50 | INFO: Draco encoder: Encoding mesh Branch led scale foliage 1110.
16:06:50 | INFO: Draco encoder: Encoding mesh Branch led scale foliage 1111.
16:06:50 | INFO: Draco encoder: Encoding mesh Branch led scale foliage 1112.
16:06:50 | INFO: Draco encoder: Encoding mesh Branch led scale foliage 1113.
16:06:50 | INFO: Draco encoder: Encoding mesh Branch led scale foliage 1114.
16:06:50 | INFO: Draco encoder: Encoding mesh Branch led scale foliage 1115.
16:06:50 | INFO: Draco encoder: Encoding mesh Branch led scale foliage 1116.
16:06:50 | INFO: Draco encoder: Encoding mesh Branch led scale foliage 1117.
16:06:50 | INFO: Draco encoder: Encoding mesh Branch led scale foliage 1118.
16:06:50 | INFO: Draco encoder: Encoding mesh Branch led scale foliage 1119.
16:06:50 | INFO: Draco encoder: Encoding mesh Branch led scale foliage 1120.
16:06:50 | INFO: Draco encoder: Encoding mesh Branch led scale foliage 1121.
16:06:50 | INFO: Draco encoder: Encoding mesh Branch led scale foliage 1122.
16:06:50 | INFO: Draco encoder: Encoding mesh Branch led scale foliage 1123.
16:06:50 | INFO: Draco encoder: Encoding mesh Branch led scale foliage 1124.
16:06:50 | INFO: Draco encoder: Encoding mesh Branch led scale foliage 1125.
16:06:50 | INFO: Draco encoder: Encoding mesh Branch led scale foliage 1126.
16:06:50 | INFO: Draco encoder: Encoding mesh Branch led scale foliage 1127.
16:06:50 | INFO: Draco encoder: Encoding mesh Branch led scale foliage 1128.
16:06:50 | INFO: Draco encoder: Encoding mesh Branch led scale foliage 1129.
16:06:50 | INFO: Draco encoder: Encoding mesh Branch led scale foliage 1130.
16:06:50 | INFO: Draco encoder: Encoding mesh Branch led scale foliage 1131.
16:06:50 | INFO: Draco encoder: Encoding mesh Branch led scale foliage 1132.
16:06:50 | INFO: Draco encoder: Encoding mesh Branch led scale foliage 1133.
16:06:50 | INFO: Draco encoder: Encoding mesh Branch led scale foliage 1134.
16:06:50 | INFO: Draco encoder: Encoding mesh Branch led scale foliage 1135.
16:06:50 | INFO: Draco encoder: Encoding mesh Branch led scale foliage 1136.
16:06:50 | INFO: Draco encoder: Encoding mesh Branch led scale foliage 1137.
16:06:50 | INFO: Draco encoder: Encoding mesh Branch led scale foliage 1138.
16:06:50 | INFO: Draco encoder: Encoding mesh Branch led scale foliage 1139.
16:06:50 | INFO: Draco encoder: Encoding mesh Branch led scale foliage 1140.
16:06:50 | INFO: Draco encoder: Encoding mesh Branch led scale foliage 1141.
16:06:50 | INFO: Draco encoder: Encoding mesh Branch led scale foliage 1142.
16:06:50 | INFO: Draco encoder: Encoding mesh Branch led scale foliage 1143.
16:06:50 | INFO: Draco encoder: Encoding mesh Branch led scale foliage 1144.
16:06:50 | INFO: Draco encoder: Encoding mesh Branch led scale foliage 1145.
16:06:50 | INFO: Draco encoder: Encoding mesh Branch led scale foliage 1146.
16:06:50 | INFO: Draco encoder: Encoding mesh Branch led scale foliage 1147.
16:06:50 | INFO: Draco encoder: Encoding mesh Branch led scale foliage 1148.
16:06:50 | INFO: Draco encoder: Encoding mesh Branch led scale foliage 1149.
16:06:50 | INFO: Draco encoder: Encoding mesh Branch led scale foliage 1150.
16:06:50 | INFO: Draco encoder: Encoding mesh Branch led scale foliage 1151.
16:06:50 | INFO: Draco encoder: Encoding mesh Branch led scale foliage 1152.
16:06:50 | INFO: Draco encoder: Encoding mesh Branch led scale foliage 1153.
16:06:50 | INFO: Draco encoder: Encoding mesh Branch led scale foliage 1154.
16:06:50 | INFO: Draco encoder: Encoding mesh Branch led scale foliage 1155.
16:06:50 | INFO: Draco encoder: Encoding mesh Branch led scale foliage 1156.
16:06:50 | INFO: Draco encoder: Encoding mesh Branch led scale foliage 1157.
16:06:50 | INFO: Draco encoder: Encoding mesh Branch led scale foliage 1158.
16:06:50 | INFO: Draco encoder: Encoding mesh Branch led scale foliage 1159.
16:06:50 | INFO: Draco encoder: Encoding mesh Branch led scale foliage 1160.
16:06:50 | INFO: Draco encoder: Encoding mesh Branch led scale foliage 1161.
16:06:50 | INFO: Draco encoder: Encoding mesh Branch led scale foliage 1162.
16:06:50 | INFO: Draco encoder: Encoding mesh Branch led scale foliage 1163.
16:06:50 | INFO: Draco encoder: Encoding mesh Branch led scale foliage 1164.
16:06:50 | INFO: Draco encoder: Encoding mesh Branch led scale foliage 1165.
16:06:50 | INFO: Draco encoder: Encoding mesh Branch led scale foliage 1166.
16:06:50 | INFO: Draco encoder: Encoding mesh Branch led scale foliage 1167.
16:06:50 | INFO: Draco encoder: Encoding mesh Branch led scale foliage 1168.
16:06:50 | INFO: Draco encoder: Encoding mesh Branch led scale foliage 1169.
16:06:50 | INFO: Draco encoder: Encoding mesh Branch led scale foliage 1170.
16:06:50 | INFO: Draco encoder: Encoding mesh Branch led scale foliage 1171.
16:06:50 | INFO: Draco encoder: Encoding mesh Branch led scale foliage 1172.
16:06:50 | INFO: Draco encoder: Encoding mesh Branch led scale foliage 1173.
16:06:50 | INFO: Draco encoder: Encoding mesh Branch led scale foliage 1174.
16:06:50 | INFO: Draco encoder: Encoding mesh Branch led scale foliage 1175.
16:06:50 | INFO: Draco encoder: Encoding mesh Branch led scale foliage 1176.
16:06:50 | INFO: Draco encoder: Encoding mesh Branch led scale foliage 1177.
16:06:50 | INFO: Draco encoder: Encoding mesh Branch led scale foliage 1178.
16:06:50 | INFO: Draco encoder: Encoding mesh Branch led scale foliage 1179.
16:06:50 | INFO: Draco encoder: Encoding mesh Branch led scale foliage 1180.
16:06:50 | INFO: Draco encoder: Encoding mesh Branch led scale foliage 1181.
16:06:50 | INFO: Draco encoder: Encoding mesh Branch led scale foliage 1182.
16:06:50 | INFO: Draco encoder: Encoding mesh Branch led scale foliage 1183.
16:06:50 | INFO: Draco encoder: Encoding mesh Branch led scale foliage 1184.
16:06:50 | INFO: Draco encoder: Encoding mesh Branch led scale foliage 1185.
16:06:50 | INFO: Draco encoder: Encoding mesh Branch led scale foliage 1186.
16:06:50 | INFO: Draco encoder: Encoding mesh Branch led scale foliage 1187.
16:06:50 | INFO: Draco encoder: Encoding mesh Branch led scale foliage 1188.
16:06:50 | INFO: Draco encoder: Encoding mesh Branch led scale foliage 1189.
16:06:50 | INFO: Draco encoder: Encoding mesh Branch led scale foliage 1190.
16:06:50 | INFO: Draco encoder: Encoding mesh Branch led scale foliage 1191.
16:06:50 | INFO: Draco encoder: Encoding mesh Branch led scale foliage 1192.
16:06:50 | INFO: Draco encoder: Encoding mesh Branch led scale foliage 1193.
16:06:50 | INFO: Draco encoder: Encoding mesh Branch led scale foliage 1194.
16:06:50 | INFO: Draco encoder: Encoding mesh Branch led scale foliage 1195.
16:06:50 | INFO: Draco encoder: Encoding mesh Branch led scale foliage 1196.
16:06:50 | INFO: Draco encoder: Encoding mesh Branch led scale foliage 1197.
16:06:50 | INFO: Draco encoder: Encoding mesh Branch led scale foliage 1198.
16:06:50 | INFO: Draco encoder: Encoding mesh Branch led scale foliage 1199.
16:06:50 | INFO: Draco encoder: Encoding mesh Branch led scale foliage 1200.
16:06:50 | INFO: Draco encoder: Encoding mesh Branch led scale foliage 1201.
16:06:50 | INFO: Draco encoder: Encoding mesh Branch led scale foliage 1202.
16:06:50 | INFO: Draco encoder: Encoding mesh Branch led scale foliage 1203.
16:06:50 | INFO: Draco encoder: Encoding mesh Branch led scale foliage 1204.
16:06:50 | INFO: Draco encoder: Encoding mesh Branch led scale foliage 1205.
16:06:50 | INFO: Draco encoder: Encoding mesh Branch led scale foliage 1206.
16:06:50 | INFO: Draco encoder: Encoding mesh Branch led scale foliage 1207.
16:06:50 | INFO: Draco encoder: Encoding mesh Branch led scale foliage 1208.
16:06:50 | INFO: Draco encoder: Encoding mesh Branch led scale foliage 1209.
16:06:50 | INFO: Draco encoder: Encoding mesh Branch led scale foliage 1210.
16:06:50 | INFO: Draco encoder: Encoding mesh Branch led scale foliage 1211.
16:06:50 | INFO: Draco encoder: Encoding mesh Branch led scale foliage 1212.
16:06:50 | INFO: Draco encoder: Encoding mesh Branch led scale foliage 1213.
16:06:50 | INFO: Draco encoder: Encoding mesh Branch led scale foliage 1214.
16:06:50 | INFO: Draco encoder: Encoding mesh Branch led scale foliage 1215.
16:06:50 | INFO: Draco encoder: Encoding mesh Branch led scale foliage 1216.
16:06:50 | INFO: Draco encoder: Encoding mesh Branch led scale foliage 1217.
16:06:50 | INFO: Draco encoder: Encoding mesh Branch led scale foliage 1218.
16:06:50 | INFO: Draco encoder: Encoding mesh Branch led scale foliage 1219.
16:06:50 | INFO: Draco encoder: Encoding mesh Branch led scale foliage 1220.
16:06:50 | INFO: Draco encoder: Encoding mesh Branch led scale foliage 1221.
16:06:50 | INFO: Draco encoder: Encoding mesh Branch led scale foliage 1222.
16:06:50 | INFO: Draco encoder: Encoding mesh Branch led scale foliage 1223.
16:06:50 | INFO: Draco encoder: Encoding mesh Branch led scale foliage 1224.
16:06:50 | INFO: Draco encoder: Encoding mesh Branch led scale foliage 1225.
16:06:50 | INFO: Draco encoder: Encoding mesh Branch led scale foliage 1226.
16:06:50 | INFO: Draco encoder: Encoding mesh Branch led scale foliage 1227.
16:06:50 | INFO: Draco encoder: Encoding mesh Branch led scale foliage 1228.
16:06:50 | INFO: Draco encoder: Encoding mesh Branch led scale foliage 1229.
16:06:50 | INFO: Draco encoder: Encoding mesh Branch led scale foliage 1230.
16:06:50 | INFO: Draco encoder: Encoding mesh Branch led scale foliage 1231.
16:06:50 | INFO: Draco encoder: Encoding mesh Branch led scale foliage 1232.
16:06:50 | INFO: Draco encoder: Encoding mesh Branch led scale foliage 1233.
16:06:50 | INFO: Draco encoder: Encoding mesh Branch led scale foliage 1234.
16:06:50 | INFO: Draco encoder: Encoding mesh Branch led scale foliage 1235.
16:06:50 | INFO: Draco encoder: Encoding mesh Branch led scale foliage 1236.
16:06:50 | INFO: Draco encoder: Encoding mesh Branch led scale foliage 1237.
16:06:50 | INFO: Draco encoder: Encoding mesh Branch led scale foliage 1238.
16:06:50 | INFO: Draco encoder: Encoding mesh Branch led scale foliage 1239.
16:06:50 | INFO: Draco encoder: Encoding mesh Branch led scale foliage 1240.
16:06:50 | INFO: Draco encoder: Encoding mesh Branch led scale foliage 1241.
16:06:50 | INFO: Draco encoder: Encoding mesh Branch led scale foliage 1242.
16:06:50 | INFO: Draco encoder: Encoding mesh Branch led scale foliage 1243.
16:06:50 | INFO: Draco encoder: Encoding mesh Branch led scale foliage 1244.
16:06:50 | INFO: Draco encoder: Encoding mesh Branch led scale foliage 1245.
16:06:50 | INFO: Draco encoder: Encoding mesh Branch led scale foliage 1246.
16:06:50 | INFO: Draco encoder: Encoding mesh Branch led scale foliage 1247.
16:06:50 | INFO: Draco encoder: Encoding mesh Branch led scale foliage 1248.
16:06:50 | INFO: Draco encoder: Encoding mesh Branch led scale foliage 1249.
16:06:50 | INFO: Draco encoder: Encoding mesh Branch led scale foliage 1250.
16:06:50 | INFO: Draco encoder: Encoding mesh Branch led scale foliage 1251.
16:06:50 | INFO: Draco encoder: Encoding mesh Branch led scale foliage 1252.
16:06:50 | INFO: Draco encoder: Encoding mesh Branch led scale foliage 1253.
16:06:50 | INFO: Draco encoder: Encoding mesh Branch led scale foliage 1254.
16:06:50 | INFO: Draco encoder: Encoding mesh Branch led scale foliage 1255.
16:06:50 | INFO: Draco encoder: Encoding mesh Branch led scale foliage 1256.
16:06:50 | INFO: Draco encoder: Encoding mesh Branch led scale foliage 1257.
16:06:50 | INFO: Draco encoder: Encoding mesh Branch led scale foliage 1258.
16:06:50 | INFO: Draco encoder: Encoding mesh Branch led scale foliage 1259.
16:06:50 | INFO: Draco encoder: Encoding mesh Branch led scale foliage 1260.
16:06:50 | INFO: Draco encoder: Encoding mesh Branch led scale foliage 1261.
16:06:50 | INFO: Draco encoder: Encoding mesh Branch led scale foliage 1262.
16:06:50 | INFO: Draco encoder: Encoding mesh Branch led scale foliage 1263.
16:06:50 | INFO: Draco encoder: Encoding mesh Branch led scale foliage 1264.
16:06:50 | INFO: Draco encoder: Encoding mesh Branch led scale foliage 1265.
16:06:50 | INFO: Draco encoder: Encoding mesh Branch led scale foliage 1266.
16:06:50 | INFO: Draco encoder: Encoding mesh Branch led scale foliage 1267.
16:06:50 | INFO: Draco encoder: Encoding mesh Branch led scale foliage 1268.
16:06:50 | INFO: Draco encoder: Encoding mesh Branch led scale foliage 1269.
16:06:50 | INFO: Draco encoder: Encoding mesh Branch led scale foliage 1270.
16:06:50 | INFO: Draco encoder: Encoding mesh Branch led scale foliage 1271.
16:06:50 | INFO: Draco encoder: Encoding mesh Branch led scale foliage 1272.
16:06:50 | INFO: Draco encoder: Encoding mesh Branch led scale foliage 1273.
16:06:50 | INFO: Draco encoder: Encoding mesh Branch led scale foliage 1274.
16:06:50 | INFO: Draco encoder: Encoding mesh Branch led scale foliage 1275.
16:06:50 | INFO: Draco encoder: Encoding mesh Branch led scale foliage 1276.
16:06:50 | INFO: Draco encoder: Encoding mesh Branch led scale foliage 1277.
16:06:50 | INFO: Draco encoder: Encoding mesh Branch led scale foliage 1278.
16:06:50 | INFO: Draco encoder: Encoding mesh Branch led scale foliage 1279.
16:06:50 | INFO: Draco encoder: Encoding mesh Branch led scale foliage 1280.
16:06:50 | INFO: Draco encoder: Encoding mesh Branch led scale foliage 1281.
16:06:50 | INFO: Draco encoder: Encoding mesh Branch led scale foliage 1282.
16:06:50 | INFO: Draco encoder: Encoding mesh Branch led scale foliage 1283.
16:06:50 | INFO: Draco encoder: Encoding mesh Branch led scale foliage 1284.
16:06:50 | INFO: Draco encoder: Encoding mesh Branch led scale foliage 1285.
16:06:50 | INFO: Draco encoder: Encoding mesh Branch led scale foliage 1286.
16:06:50 | INFO: Draco encoder: Encoding mesh Branch led scale foliage 1287.
16:06:50 | INFO: Draco encoder: Encoding mesh Branch led scale foliage 1288.
16:06:50 | INFO: Draco encoder: Encoding mesh Branch led scale foliage 1289.
16:06:50 | INFO: Draco encoder: Encoding mesh Branch led scale foliage 1290.
16:06:50 | INFO: Draco encoder: Encoding mesh Branch led scale foliage 1291.
16:06:50 | INFO: Draco encoder: Encoding mesh Branch led scale foliage 1292.
16:06:50 | INFO: Draco encoder: Encoding mesh Branch led scale foliage 1293.
16:06:50 | INFO: Draco encoder: Encoding mesh Branch led scale foliage 1294.
16:06:50 | INFO: Draco encoder: Encoding mesh Branch led scale foliage 1295.
16:06:50 | INFO: Draco encoder: Encoding mesh Branch led scale foliage 1296.
16:06:50 | INFO: Draco encoder: Encoding mesh Branch led scale foliage 1297.
16:06:50 | INFO: Draco encoder: Encoding mesh Branch led scale foliage 1298.
16:06:50 | INFO: Draco encoder: Encoding mesh Branch led scale foliage 1299.
16:06:50 | INFO: Draco encoder: Encoding mesh Branch led scale foliage 1300.
16:06:50 | INFO: Draco encoder: Encoding mesh Branch led scale foliage 1301.
16:06:50 | INFO: Draco encoder: Encoding mesh Branch led scale foliage 1302.
16:06:50 | INFO: Draco encoder: Encoding mesh Branch led scale foliage 1303.
16:06:50 | INFO: Draco encoder: Encoding mesh Branch led scale foliage 1304.
16:06:50 | INFO: Draco encoder: Encoding mesh Branch led scale foliage 1305.
16:06:50 | INFO: Draco encoder: Encoding mesh Branch led scale foliage 1306.
16:06:50 | INFO: Draco encoder: Encoding mesh Branch led scale foliage 1307.
16:06:50 | INFO: Draco encoder: Encoding mesh Branch led scale foliage 1308.
16:06:50 | INFO: Draco encoder: Encoding mesh Branch led scale foliage 1309.
16:06:50 | INFO: Draco encoder: Encoding mesh Branch led scale foliage 1310.
16:06:50 | INFO: Draco encoder: Encoding mesh Branch led scale foliage 1311.
16:06:50 | INFO: Draco encoder: Encoding mesh Branch led scale foliage 1312.
16:06:50 | INFO: Draco encoder: Encoding mesh Branch led scale foliage 1313.
16:06:50 | INFO: Draco encoder: Encoding mesh Branch led scale foliage 1314.
16:06:50 | INFO: Draco encoder: Encoding mesh Branch led scale foliage 1315.
16:06:50 | INFO: Draco encoder: Encoding mesh Branch led scale foliage 1316.
16:06:50 | INFO: Draco encoder: Encoding mesh Branch led scale foliage 1317.
16:06:50 | INFO: Draco encoder: Encoding mesh Branch led scale foliage 1318.
16:06:50 | INFO: Draco encoder: Encoding mesh Branch led scale foliage 1319.
16:06:50 | INFO: Draco encoder: Encoding mesh Branch led scale foliage 1320.
16:06:50 | INFO: Draco encoder: Encoding mesh Branch led scale foliage 1321.
16:06:50 | INFO: Draco encoder: Encoding mesh Branch led scale foliage 1322.
16:06:50 | INFO: Draco encoder: Encoding mesh Branch led scale foliage 1323.
16:06:50 | INFO: Draco encoder: Encoding mesh Branch led scale foliage 1324.
16:06:50 | INFO: Draco encoder: Encoding mesh Branch led scale foliage 1325.
16:06:50 | INFO: Draco encoder: Encoding mesh Branch led scale foliage 1326.
16:06:50 | INFO: Draco encoder: Encoding mesh Branch led scale foliage 1327.
16:06:50 | INFO: Draco encoder: Encoding mesh Branch led scale foliage 1328.
16:06:50 | INFO: Draco encoder: Encoding mesh Branch led scale foliage 1329.
16:06:50 | INFO: Draco encoder: Encoding mesh Branch led scale foliage 1330.
16:06:50 | INFO: Draco encoder: Encoding mesh Branch led scale foliage 1331.
16:06:50 | INFO: Draco encoder: Encoding mesh Branch led scale foliage 1332.
16:06:50 | INFO: Draco encoder: Encoding mesh Branch led scale foliage 1333.
16:06:50 | INFO: Draco encoder: Encoding mesh Branch led scale foliage 1334.
16:06:50 | INFO: Draco encoder: Encoding mesh Branch led scale foliage 1335.
16:06:50 | INFO: Draco encoder: Encoding mesh Branch led scale foliage 1336.
16:06:50 | INFO: Draco encoder: Encoding mesh Branch led scale foliage 1337.
16:06:50 | INFO: Draco encoder: Encoding mesh Branch led scale foliage 1338.
16:06:50 | INFO: Draco encoder: Encoding mesh Branch led scale foliage 1339.
16:06:50 | INFO: Draco encoder: Encoding mesh Branch led scale foliage 1340.
16:06:50 | INFO: Draco encoder: Encoding mesh Branch led scale foliage 1341.
16:06:50 | INFO: Draco encoder: Encoding mesh Branch led scale foliage 1342.
16:06:50 | INFO: Draco encoder: Encoding mesh Branch led scale foliage 1343.
16:06:50 | INFO: Draco encoder: Encoding mesh Branch led scale foliage 1344.
16:06:50 | INFO: Draco encoder: Encoding mesh Branch led scale foliage 1345.
16:06:50 | INFO: Draco encoder: Encoding mesh Branch led scale foliage 1346.
16:06:50 | INFO: Draco encoder: Encoding mesh Branch led scale foliage 1347.
16:06:50 | INFO: Draco encoder: Encoding mesh Branch led scale foliage 1348.
16:06:50 | INFO: Draco encoder: Encoding mesh Branch led scale foliage 1349.
16:06:50 | INFO: Draco encoder: Encoding mesh Branch led scale foliage 1350.
16:06:50 | INFO: Draco encoder: Encoding mesh Branch led scale foliage 1351.
16:06:50 | INFO: Draco encoder: Encoding mesh Branch led scale foliage 1352.
16:06:50 | INFO: Draco encoder: Encoding mesh Branch led scale foliage 1353.
16:06:50 | INFO: Draco encoder: Encoding mesh Branch led scale foliage 1354.
16:06:50 | INFO: Draco encoder: Encoding mesh Branch led scale foliage 1355.
16:06:50 | INFO: Draco encoder: Encoding mesh Branch led scale foliage 1356.
16:06:50 | INFO: Draco encoder: Encoding mesh Branch led scale foliage 1357.
16:06:50 | INFO: Draco encoder: Encoding mesh Branch led scale foliage 1358.
16:06:50 | INFO: Draco encoder: Encoding mesh Branch led scale foliage 1359.
16:06:50 | INFO: Draco encoder: Encoding mesh Branch led scale foliage 1360.
16:06:50 | INFO: Draco encoder: Encoding mesh Branch led scale foliage 1361.
16:06:50 | INFO: Draco encoder: Encoding mesh Branch led scale foliage 1362.
16:06:50 | INFO: Draco encoder: Encoding mesh Branch led scale foliage 1363.
16:06:50 | INFO: Draco encoder: Encoding mesh Branch led scale foliage 1364.
16:06:50 | INFO: Draco encoder: Encoding mesh Branch led scale foliage 1365.
16:06:50 | INFO: Draco encoder: Encoding mesh Branch led scale foliage 1366.
16:06:50 | INFO: Draco encoder: Encoding mesh Branch led scale foliage 1367.
16:06:50 | INFO: Draco encoder: Encoding mesh Branch led scale foliage 1368.
16:06:50 | INFO: Draco encoder: Encoding mesh Branch led scale foliage 1369.
16:06:50 | INFO: Draco encoder: Encoding mesh Branch led scale foliage 1370.
16:06:50 | INFO: Draco encoder: Encoding mesh Branch led scale foliage 1371.
16:06:50 | INFO: Draco encoder: Encoding mesh Branch led scale foliage 1372.
16:06:50 | INFO: Draco encoder: Encoding mesh Branch led scale foliage 1373.
16:06:50 | INFO: Draco encoder: Encoding mesh Branch led scale foliage 1374.
16:06:50 | INFO: Draco encoder: Encoding mesh Branch led scale foliage 1375.
16:06:50 | INFO: Draco encoder: Encoding mesh Branch led scale foliage 1376.
16:06:50 | INFO: Draco encoder: Encoding mesh Branch led scale foliage 1377.
16:06:50 | INFO: Draco encoder: Encoding mesh Branch led scale foliage 1378.
16:06:50 | INFO: Draco encoder: Encoding mesh Branch led scale foliage 1379.
16:06:50 | INFO: Draco encoder: Encoding mesh Branch led scale foliage 1380.
16:06:50 | INFO: Draco encoder: Encoding mesh Branch led scale foliage 1381.
16:06:50 | INFO: Draco encoder: Encoding mesh Branch led scale foliage 1382.
16:06:50 | INFO: Draco encoder: Encoding mesh Branch led scale foliage 1383.
16:06:50 | INFO: Draco encoder: Encoding mesh Branch led scale foliage 1384.
16:06:50 | INFO: Draco encoder: Encoding mesh Branch led scale foliage 1385.
16:06:50 | INFO: Draco encoder: Encoding mesh Branch led scale foliage 1386.
16:06:50 | INFO: Draco encoder: Encoding mesh Branch led scale foliage 1387.
16:06:50 | INFO: Draco encoder: Encoding mesh Branch led scale foliage 1388.
16:06:50 | INFO: Draco encoder: Encoding mesh Branch led scale foliage 1389.
16:06:50 | INFO: Draco encoder: Encoding mesh Branch led scale foliage 1390.
16:06:50 | INFO: Draco encoder: Encoding mesh Branch led scale foliage 1391.
16:06:50 | INFO: Draco encoder: Encoding mesh Branch led scale foliage 1392.
16:06:50 | INFO: Draco encoder: Encoding mesh Branch led scale foliage 1393.
16:06:50 | INFO: Draco encoder: Encoding mesh Branch led scale foliage 1394.
16:06:50 | INFO: Draco encoder: Encoding mesh Branch led scale foliage 1395.
16:06:50 | INFO: Draco encoder: Encoding mesh Branch led scale foliage 1396.
16:06:50 | INFO: Draco encoder: Encoding mesh Branch led scale foliage 1397.
16:06:50 | INFO: Draco encoder: Encoding mesh Branch led scale foliage 1398.
16:06:50 | INFO: Draco encoder: Encoding mesh Branch led scale foliage 1399.
16:06:50 | INFO: Draco encoder: Encoding mesh Branch led scale foliage 1400.
16:06:50 | INFO: Draco encoder: Encoding mesh Branch led scale foliage 1401.
16:06:50 | INFO: Draco encoder: Encoding mesh Branch led scale foliage 1402.
16:06:50 | INFO: Draco encoder: Encoding mesh Branch led scale foliage 1403.
16:06:50 | INFO: Draco encoder: Encoding mesh Branch led scale foliage 1404.
16:06:50 | INFO: Draco encoder: Encoding mesh Branch led scale foliage 1405.
16:06:50 | INFO: Draco encoder: Encoding mesh Branch led scale foliage 1406.
16:06:50 | INFO: Draco encoder: Encoding mesh Branch led scale foliage 1407.
16:06:50 | INFO: Draco encoder: Encoding mesh Branch led scale foliage 1408.
16:06:50 | INFO: Draco encoder: Encoding mesh Branch led scale foliage 1409.
16:06:50 | INFO: Draco encoder: Encoding mesh Branch led scale foliage 1410.
16:06:50 | INFO: Draco encoder: Encoding mesh Branch led scale foliage 1411.
16:06:50 | INFO: Draco encoder: Encoding mesh Branch led scale foliage 1412.
16:06:50 | INFO: Draco encoder: Encoding mesh Branch led scale foliage 1413.
16:06:50 | INFO: Draco encoder: Encoding mesh Branch led scale foliage 1414.
16:06:50 | INFO: Draco encoder: Encoding mesh Branch led scale foliage 1415.
16:06:50 | INFO: Draco encoder: Encoding mesh Branch led scale foliage 1416.
16:06:50 | INFO: Draco encoder: Encoding mesh Branch led scale foliage 1417.
16:06:50 | INFO: Draco encoder: Encoding mesh Branch led scale foliage 1418.
16:06:50 | INFO: Draco encoder: Encoding mesh Branch led scale foliage 1419.
16:06:50 | INFO: Draco encoder: Encoding mesh Branch led scale foliage 1420.
16:06:50 | INFO: Draco encoder: Encoding mesh Branch led scale foliage 1421.
16:06:50 | INFO: Draco encoder: Encoding mesh Branch led scale foliage 1422.
16:06:50 | INFO: Draco encoder: Encoding mesh Branch led scale foliage 1423.
16:06:50 | INFO: Draco encoder: Encoding mesh Branch led scale foliage 1424.
16:06:50 | INFO: Draco encoder: Encoding mesh Branch led scale foliage 1425.
16:06:50 | INFO: Draco encoder: Encoding mesh Branch led scale foliage 1426.
16:06:50 | INFO: Draco encoder: Encoding mesh Branch led scale foliage 1427.
16:06:50 | INFO: Draco encoder: Encoding mesh Branch led scale foliage 1428.
16:06:50 | INFO: Draco encoder: Encoding mesh Branch led scale foliage 1429.
16:06:50 | INFO: Draco encoder: Encoding mesh Branch led scale foliage 1430.
16:06:50 | INFO: Draco encoder: Encoding mesh Branch led scale foliage 1431.
16:06:50 | INFO: Draco encoder: Encoding mesh Branch led scale foliage 1432.
16:06:50 | INFO: Draco encoder: Encoding mesh Branch led scale foliage 1433.
16:06:50 | INFO: Draco encoder: Encoding mesh Branch led scale foliage 1434.
16:06:50 | INFO: Draco encoder: Encoding mesh Branch led scale foliage 1435.
16:06:50 | INFO: Draco encoder: Encoding mesh Branch led scale foliage 1436.
16:06:50 | INFO: Draco encoder: Encoding mesh Branch led scale foliage 1437.
16:06:50 | INFO: Draco encoder: Encoding mesh Branch led scale foliage 1438.
16:06:50 | INFO: Draco encoder: Encoding mesh Branch led scale foliage 1439.
16:06:50 | INFO: Draco encoder: Encoding mesh Branch led scale foliage 1440.
16:06:50 | INFO: Draco encoder: Encoding mesh Branch led scale foliage 1441.
16:06:50 | INFO: Draco encoder: Encoding mesh Branch led scale foliage 1442.
16:06:50 | INFO: Draco encoder: Encoding mesh Branch led scale foliage 1443.
16:06:50 | INFO: Draco encoder: Encoding mesh Branch led scale foliage 1444.
16:06:50 | INFO: Draco encoder: Encoding mesh Branch led scale foliage 1445.
16:06:50 | INFO: Draco encoder: Encoding mesh Branch led scale foliage 1446.
16:06:50 | INFO: Draco encoder: Encoding mesh Branch led scale foliage 1447.
16:06:50 | INFO: Draco encoder: Encoding mesh Branch led scale foliage 1448.
16:06:50 | INFO: Draco encoder: Encoding mesh Branch led scale foliage 1449.
16:06:50 | INFO: Draco encoder: Encoding mesh Branch led scale foliage 1450.
16:06:50 | INFO: Draco encoder: Encoding mesh Branch led scale foliage 1451.
16:06:50 | INFO: Draco encoder: Encoding mesh Branch led scale foliage 1452.
16:06:50 | INFO: Draco encoder: Encoding mesh Branch led scale foliage 1453.
16:06:50 | INFO: Draco encoder: Encoding mesh Branch led scale foliage 1454.
16:06:50 | INFO: Draco encoder: Encoding mesh Branch led scale foliage 1455.
16:06:50 | INFO: Draco encoder: Encoding mesh Branch led scale foliage 1456.
16:06:50 | INFO: Draco encoder: Encoding mesh Branch led scale foliage 1457.
16:06:50 | INFO: Draco encoder: Encoding mesh Branch led scale foliage 1458.
16:06:50 | INFO: Draco encoder: Encoding mesh Branch led scale foliage 1459.
16:06:50 | INFO: Draco encoder: Encoding mesh Branch led scale foliage 1460.
16:06:50 | INFO: Draco encoder: Encoding mesh Branch led scale foliage 1461.
16:06:50 | INFO: Draco encoder: Encoding mesh Branch led scale foliage 1462.
16:06:50 | INFO: Draco encoder: Encoding mesh Branch led scale foliage 1463.
16:06:50 | INFO: Draco encoder: Encoding mesh Branch led scale foliage 1464.
16:06:50 | INFO: Draco encoder: Encoding mesh Branch led scale foliage 1465.
16:06:50 | INFO: Draco encoder: Encoding mesh Branch led scale foliage 1466.
16:06:50 | INFO: Draco encoder: Encoding mesh Branch led scale foliage 1467.
16:06:50 | INFO: Draco encoder: Encoding mesh Branch led scale foliage 1468.
16:06:50 | INFO: Draco encoder: Encoding mesh Branch led scale foliage 1469.
16:06:50 | INFO: Draco encoder: Encoding mesh Branch led scale foliage 1470.
16:06:50 | INFO: Draco encoder: Encoding mesh Branch led scale foliage 1471.
16:06:50 | INFO: Draco encoder: Encoding mesh Branch led scale foliage 1472.
16:06:50 | INFO: Draco encoder: Encoding mesh Branch led scale foliage 1473.
16:06:50 | INFO: Draco encoder: Encoding mesh Branch led scale foliage 1474.
16:06:50 | INFO: Draco encoder: Encoding mesh Branch led scale foliage 1475.
16:06:50 | INFO: Draco encoder: Encoding mesh Branch led scale foliage 1476.
16:06:50 | INFO: Draco encoder: Encoding mesh Branch led scale foliage 1477.
16:06:50 | INFO: Draco encoder: Encoding mesh Branch led scale foliage 1478.
16:06:50 | INFO: Draco encoder: Encoding mesh Branch led scale foliage 1479.
16:06:50 | INFO: Draco encoder: Encoding mesh Branch led scale foliage 1480.
16:06:50 | INFO: Draco encoder: Encoding mesh Branch led scale foliage 1481.
16:06:50 | INFO: Draco encoder: Encoding mesh Branch led scale foliage 1482.
16:06:50 | INFO: Draco encoder: Encoding mesh Branch led scale foliage 1483.
16:06:50 | INFO: Draco encoder: Encoding mesh Branch led scale foliage 1484.
16:06:50 | INFO: Draco encoder: Encoding mesh Branch led scale foliage 1485.
16:06:50 | INFO: Draco encoder: Encoding mesh Branch led scale foliage 1486.
16:06:50 | INFO: Draco encoder: Encoding mesh Branch led scale foliage 1487.
16:06:50 | INFO: Draco encoder: Encoding mesh Branch led scale foliage 1488.
16:06:50 | INFO: Draco encoder: Encoding mesh Branch led scale foliage 1489.
16:06:50 | INFO: Draco encoder: Encoding mesh Branch led scale foliage 1490.
16:06:50 | INFO: Draco encoder: Encoding mesh Branch led scale foliage 1491.
16:06:50 | INFO: Draco encoder: Encoding mesh Branch led scale foliage 1492.
16:06:50 | INFO: Draco encoder: Encoding mesh Branch led scale foliage 1493.
16:06:50 | INFO: Draco encoder: Encoding mesh Branch led scale foliage 1494.
16:06:50 | INFO: Draco encoder: Encoding mesh Branch led scale foliage 1495.
16:06:50 | INFO: Draco encoder: Encoding mesh Branch led scale foliage 1496.
16:06:50 | INFO: Draco encoder: Encoding mesh Branch led scale foliage 1497.
16:06:50 | INFO: Draco encoder: Encoding mesh Branch led scale foliage 1498.
16:06:50 | INFO: Draco encoder: Encoding mesh Branch led scale foliage 1499.
16:06:50 | INFO: Draco encoder: Encoding mesh Branch led scale foliage 1500.
16:06:50 | INFO: Draco encoder: Encoding mesh Branch led scale foliage 1501.
16:06:50 | INFO: Draco encoder: Encoding mesh Branch led scale foliage 1502.
16:06:50 | INFO: Draco encoder: Encoding mesh Branch led scale foliage 1503.
16:06:50 | INFO: Draco encoder: Encoding mesh Branch led scale foliage 1504.
16:06:50 | INFO: Draco encoder: Encoding mesh Branch led scale foliage 1505.
16:06:50 | INFO: Draco encoder: Encoding mesh Branch led scale foliage 1506.
16:06:50 | INFO: Draco encoder: Encoding mesh Branch led scale foliage 1507.
16:06:50 | INFO: Draco encoder: Encoding mesh Branch led scale foliage 1508.
16:06:50 | INFO: Draco encoder: Encoding mesh Branch led scale foliage 1509.
16:06:50 | INFO: Draco encoder: Encoding mesh Branch led scale foliage 1510.
16:06:50 | INFO: Draco encoder: Encoding mesh Branch led scale foliage 1511.
16:06:50 | INFO: Draco encoder: Encoding mesh Branch led scale foliage 1512.
16:06:50 | INFO: Draco encoder: Encoding mesh Branch led scale foliage 1513.
16:06:50 | INFO: Draco encoder: Encoding mesh Branch led scale foliage 1514.
16:06:50 | INFO: Draco encoder: Encoding mesh Branch led scale foliage 1515.
16:06:50 | INFO: Draco encoder: Encoding mesh Branch led scale foliage 1516.
16:06:50 | INFO: Draco encoder: Encoding mesh Branch led scale foliage 1517.
16:06:50 | INFO: Draco encoder: Encoding mesh Branch led scale foliage 1518.
16:06:50 | INFO: Draco encoder: Encoding mesh Branch led scale foliage 1519.
16:06:50 | INFO: Draco encoder: Encoding mesh Branch led scale foliage 1520.
16:06:50 | INFO: Draco encoder: Encoding mesh Branch led scale foliage 1521.
16:06:50 | INFO: Draco encoder: Encoding mesh Branch led scale foliage 1522.
16:06:50 | INFO: Draco encoder: Encoding mesh Branch led scale foliage 1523.
16:06:50 | INFO: Draco encoder: Encoding mesh Branch led scale foliage 1524.
16:06:50 | INFO: Draco encoder: Encoding mesh Branch led scale foliage 1525.
16:06:50 | INFO: Draco encoder: Encoding mesh Branch led scale foliage 1526.
16:06:50 | INFO: Draco encoder: Encoding mesh Branch led scale foliage 1527.
16:06:50 | INFO: Draco encoder: Encoding mesh Branch led scale foliage 1528.
16:06:50 | INFO: Draco encoder: Encoding mesh Branch led scale foliage 1529.
16:06:50 | INFO: Draco encoder: Encoding mesh Branch led scale foliage 1530.
16:06:50 | INFO: Draco encoder: Encoding mesh Branch led scale foliage 1531.
16:06:50 | INFO: Draco encoder: Encoding mesh Branch led scale foliage 1532.
16:06:50 | INFO: Draco encoder: Encoding mesh Branch led scale foliage 1533.
16:06:50 | INFO: Draco encoder: Encoding mesh Branch led scale foliage 1534.
16:06:50 | INFO: Draco encoder: Encoding mesh Branch led scale foliage 1535.
16:06:50 | INFO: Draco encoder: Encoding mesh Branch led scale foliage 1536.
16:06:50 | INFO: Draco encoder: Encoding mesh Branch led scale foliage 1537.
16:06:50 | INFO: Draco encoder: Encoding mesh Branch led scale foliage 1538.
16:06:50 | INFO: Draco encoder: Encoding mesh Branch led scale foliage 1539.
16:06:50 | INFO: Draco encoder: Encoding mesh Branch led scale foliage 1540.
16:06:50 | INFO: Draco encoder: Encoding mesh Branch led scale foliage 1541.
16:06:50 | INFO: Draco encoder: Encoding mesh Branch led scale foliage 1542.
16:06:50 | INFO: Draco encoder: Encoding mesh Branch led scale foliage 1543.
16:06:50 | INFO: Draco encoder: Encoding mesh Branch led scale foliage 1544.
16:06:50 | INFO: Draco encoder: Encoding mesh Branch led scale foliage 1545.
16:06:50 | INFO: Draco encoder: Encoding mesh Branch led scale foliage 1546.
16:06:50 | INFO: Draco encoder: Encoding mesh Branch led scale foliage 1547.
16:06:50 | INFO: Draco encoder: Encoding mesh Branch led scale foliage 1548.
16:06:50 | INFO: Draco encoder: Encoding mesh Branch led scale foliage 1549.
16:06:50 | INFO: Draco encoder: Encoding mesh Branch led scale foliage 1550.
16:06:50 | INFO: Draco encoder: Encoding mesh Branch led scale foliage 1551.
16:06:50 | INFO: Draco encoder: Encoding mesh Branch led scale foliage 1552.
16:06:50 | INFO: Draco encoder: Encoding mesh Branch led scale foliage 1553.
16:06:50 | INFO: Draco encoder: Encoding mesh Branch led scale foliage 1554.
16:06:50 | INFO: Draco encoder: Encoding mesh Branch led scale foliage 1555.
16:06:50 | INFO: Draco encoder: Encoding mesh Branch led scale foliage 1556.
16:06:50 | INFO: Draco encoder: Encoding mesh Branch led scale foliage 1557.
16:06:50 | INFO: Draco encoder: Encoding mesh Branch led scale foliage 1558.
16:06:50 | INFO: Draco encoder: Encoding mesh Branch led scale foliage 1559.
16:06:50 | INFO: Draco encoder: Encoding mesh Branch led scale foliage 1560.
16:06:50 | INFO: Draco encoder: Encoding mesh Branch led scale foliage 1561.
16:06:50 | INFO: Draco encoder: Encoding mesh Branch led scale foliage 1562.
16:06:50 | INFO: Draco encoder: Encoding mesh Branch led scale foliage 1563.
16:06:50 | INFO: Draco encoder: Encoding mesh Branch led scale foliage 1564.
16:06:50 | INFO: Draco encoder: Encoding mesh Branch led scale foliage 1565.
16:06:50 | INFO: Draco encoder: Encoding mesh Branch led scale foliage 1566.
16:06:50 | INFO: Draco encoder: Encoding mesh Branch led scale foliage 1567.
16:06:50 | INFO: Draco encoder: Encoding mesh Branch led scale foliage 1568.
16:06:50 | INFO: Draco encoder: Encoding mesh Branch led scale foliage 1569.
16:06:50 | INFO: Draco encoder: Encoding mesh Branch led scale foliage 1570.
16:06:50 | INFO: Draco encoder: Encoding mesh Branch led scale foliage 1571.
16:06:50 | INFO: Draco encoder: Encoding mesh Branch led scale foliage 1572.
16:06:50 | INFO: Draco encoder: Encoding mesh Branch led scale foliage 1573.
16:06:50 | INFO: Draco encoder: Encoding mesh Branch led scale foliage 1574.
16:06:50 | INFO: Draco encoder: Encoding mesh Branch led scale foliage 1575.
16:06:50 | INFO: Draco encoder: Encoding mesh Branch led scale foliage 1576.
16:06:50 | INFO: Draco encoder: Encoding mesh Branch led scale foliage 1577.
16:06:50 | INFO: Draco encoder: Encoding mesh Branch led scale foliage 1578.
16:06:50 | INFO: Draco encoder: Encoding mesh Branch led scale foliage 1579.
16:06:50 | INFO: Draco encoder: Encoding mesh Branch led scale foliage 1580.
16:06:50 | INFO: Draco encoder: Encoding mesh Branch led scale foliage 1581.
16:06:50 | INFO: Draco encoder: Encoding mesh Branch led scale foliage 1582.
16:06:50 | INFO: Draco encoder: Encoding mesh Branch led scale foliage 1583.
16:06:50 | INFO: Draco encoder: Encoding mesh Branch led scale foliage 1584.
16:06:50 | INFO: Draco encoder: Encoding mesh Branch led scale foliage 1585.
16:06:50 | INFO: Draco encoder: Encoding mesh Branch led scale foliage 1586.
16:06:50 | INFO: Draco encoder: Encoding mesh Branch led scale foliage 1587.
16:06:50 | INFO: Draco encoder: Encoding mesh Branch led scale foliage 1588.
16:06:50 | INFO: Draco encoder: Encoding mesh Branch led scale foliage 1589.
16:06:50 | INFO: Draco encoder: Encoding mesh Branch led scale foliage 1590.
16:06:50 | INFO: Draco encoder: Encoding mesh Branch led scale foliage 1591.
16:06:50 | INFO: Draco encoder: Encoding mesh Branch led scale foliage 1592.
16:06:50 | INFO: Draco encoder: Encoding mesh Branch led scale foliage 1593.
16:06:50 | INFO: Draco encoder: Encoding mesh Branch led scale foliage 1594.
16:06:50 | INFO: Draco encoder: Encoding mesh Branch led scale foliage 1595.
16:06:50 | INFO: Draco encoder: Encoding mesh Branch led scale foliage 1596.
16:06:50 | INFO: Draco encoder: Encoding mesh Branch led scale foliage 1597.
16:06:50 | INFO: Draco encoder: Encoding mesh Branch led scale foliage 1598.
16:06:50 | INFO: Draco encoder: Encoding mesh Branch led scale foliage 1599.
16:06:50 | INFO: Draco encoder: Encoding mesh Branch led scale foliage 1600.
16:06:50 | INFO: Draco encoder: Encoding mesh Branch led scale foliage 1601.
16:06:50 | INFO: Draco encoder: Encoding mesh Branch led scale foliage 1602.
16:06:50 | INFO: Draco encoder: Encoding mesh Branch led scale foliage 1603.
16:06:50 | INFO: Draco encoder: Encoding mesh Branch led scale foliage 1604.
16:06:50 | INFO: Draco encoder: Encoding mesh Branch led scale foliage 1605.
16:06:50 | INFO: Draco encoder: Encoding mesh Branch led scale foliage 1606.
16:06:50 | INFO: Draco encoder: Encoding mesh Branch led scale foliage 1607.
16:06:50 | INFO: Draco encoder: Encoding mesh Branch led scale foliage 1608.
16:06:50 | INFO: Draco encoder: Encoding mesh Branch led scale foliage 1609.
16:06:50 | INFO: Draco encoder: Encoding mesh Branch led scale foliage 1610.
16:06:50 | INFO: Draco encoder: Encoding mesh Branch led scale foliage 1611.
16:06:50 | INFO: Draco encoder: Encoding mesh Branch led scale foliage 1612.
16:06:50 | INFO: Draco encoder: Encoding mesh Branch led scale foliage 1613.
16:06:50 | INFO: Draco encoder: Encoding mesh Branch led scale foliage 1614.
16:06:50 | INFO: Draco encoder: Encoding mesh Branch led scale foliage 1615.
16:06:50 | INFO: Draco encoder: Encoding mesh Branch led scale foliage 1616.
16:06:50 | INFO: Draco encoder: Encoding mesh Branch led scale foliage 1617.
16:06:50 | INFO: Draco encoder: Encoding mesh Branch led scale foliage 1618.
16:06:50 | INFO: Draco encoder: Encoding mesh Branch led scale foliage 1619.
16:06:50 | INFO: Draco encoder: Encoding mesh Branch led scale foliage 1620.
16:06:50 | INFO: Draco encoder: Encoding mesh Branch led scale foliage 1621.
16:06:50 | INFO: Draco encoder: Encoding mesh Branch led scale foliage 1622.
16:06:50 | INFO: Draco encoder: Encoding mesh Branch led scale foliage 1623.
16:06:50 | INFO: Draco encoder: Encoding mesh Branch led scale foliage 1624.
16:06:50 | INFO: Draco encoder: Encoding mesh Branch led scale foliage 1625.
16:06:50 | INFO: Draco encoder: Encoding mesh Branch led scale foliage 1626.
16:06:50 | INFO: Draco encoder: Encoding mesh Branch led scale foliage 1627.
16:06:50 | INFO: Draco encoder: Encoding mesh Branch led scale foliage 1628.
16:06:50 | INFO: Draco encoder: Encoding mesh Branch led scale foliage 1629.
16:06:50 | INFO: Draco encoder: Encoding mesh Branch led scale foliage 1630.
16:06:50 | INFO: Draco encoder: Encoding mesh Branch led scale foliage 1631.
16:06:50 | INFO: Draco encoder: Encoding mesh Branch led scale foliage 1632.
16:06:50 | INFO: Draco encoder: Encoding mesh Branch led scale foliage 1633.
16:06:50 | INFO: Draco encoder: Encoding mesh Branch led scale foliage 1634.
16:06:50 | INFO: Draco encoder: Encoding mesh Branch led scale foliage 1635.
16:06:50 | INFO: Draco encoder: Encoding mesh Branch led scale foliage 1636.
16:06:50 | INFO: Draco encoder: Encoding mesh Branch led scale foliage 1637.
16:06:50 | INFO: Draco encoder: Encoding mesh Branch led scale foliage 1638.
16:06:50 | INFO: Draco encoder: Encoding mesh Branch led scale foliage 1639.
16:06:50 | INFO: Draco encoder: Encoding mesh Branch led scale foliage 1640.
16:06:50 | INFO: Draco encoder: Encoding mesh Branch led scale foliage 1641.
16:06:50 | INFO: Draco encoder: Encoding mesh Branch led scale foliage 1642.
16:06:50 | INFO: Draco encoder: Encoding mesh Branch led scale foliage 1643.
16:06:50 | INFO: Draco encoder: Encoding mesh Branch led scale foliage 1644.
16:06:50 | INFO: Draco encoder: Encoding mesh Branch led scale foliage 1645.
16:06:50 | INFO: Draco encoder: Encoding mesh Branch led scale foliage 1646.
16:06:50 | INFO: Draco encoder: Encoding mesh Branch led scale foliage 1647.
16:06:50 | INFO: Draco encoder: Encoding mesh Branch led scale foliage 1648.
16:06:50 | INFO: Draco encoder: Encoding mesh Branch led scale foliage 1649.
16:06:50 | INFO: Draco encoder: Encoding mesh Branch led scale foliage 1650.
16:06:50 | INFO: Draco encoder: Encoding mesh Branch led scale foliage 1651.
16:06:50 | INFO: Draco encoder: Encoding mesh Branch led scale foliage 1652.
16:06:50 | INFO: Draco encoder: Encoding mesh Branch led scale foliage 1653.
16:06:50 | INFO: Draco encoder: Encoding mesh Branch led scale foliage 1654.
16:06:50 | INFO: Draco encoder: Encoding mesh Branch led scale foliage 1655.
16:06:50 | INFO: Draco encoder: Encoding mesh Branch led scale foliage 1656.
16:06:50 | INFO: Draco encoder: Encoding mesh Branch led scale foliage 1657.
16:06:50 | INFO: Draco encoder: Encoding mesh Branch led scale foliage 1658.
16:06:50 | INFO: Draco encoder: Encoding mesh Branch led scale foliage 1659.
16:06:50 | INFO: Draco encoder: Encoding mesh Branch led scale foliage 1660.
16:06:50 | INFO: Draco encoder: Encoding mesh Branch led scale foliage 1661.
16:06:50 | INFO: Draco encoder: Encoding mesh Branch led scale foliage 1662.
16:06:50 | INFO: Draco encoder: Encoding mesh Branch led scale foliage 1663.
16:06:50 | INFO: Draco encoder: Encoding mesh Branch led scale foliage 1664.
16:06:50 | INFO: Draco encoder: Encoding mesh Branch led scale foliage 1665.
16:06:50 | INFO: Draco encoder: Encoding mesh Branch led scale foliage 1666.
16:06:50 | INFO: Draco encoder: Encoding mesh Branch led scale foliage 1667.
16:06:50 | INFO: Draco encoder: Encoding mesh Branch led scale foliage 1668.
16:06:50 | INFO: Draco encoder: Encoding mesh Branch led scale foliage 1669.
16:06:50 | INFO: Draco encoder: Encoding mesh Branch led scale foliage 1670.
16:06:50 | INFO: Draco encoder: Encoding mesh Branch led scale foliage 1671.
16:06:50 | INFO: Draco encoder: Encoding mesh Branch led scale foliage 1672.
16:06:50 | INFO: Draco encoder: Encoding mesh Branch led scale foliage 1673.
16:06:50 | INFO: Draco encoder: Encoding mesh Branch led scale foliage 1674.
16:06:50 | INFO: Draco encoder: Encoding mesh Branch led scale foliage 1675.
16:06:50 | INFO: Draco encoder: Encoding mesh Branch led scale foliage 1676.
16:06:50 | INFO: Draco encoder: Encoding mesh Branch led scale foliage 1677.
16:06:50 | INFO: Draco encoder: Encoding mesh Branch led scale foliage 1678.
16:06:50 | INFO: Draco encoder: Encoding mesh Branch led scale foliage 1679.
16:06:50 | INFO: Draco encoder: Encoding mesh Branch led scale foliage 1680.
16:06:50 | INFO: Draco encoder: Encoding mesh Branch led scale foliage 1681.
16:06:50 | INFO: Draco encoder: Encoding mesh Branch led scale foliage 1682.
16:06:50 | INFO: Draco encoder: Encoding mesh Branch led scale foliage 1683.
16:06:50 | INFO: Draco encoder: Encoding mesh Branch led scale foliage 1684.
16:06:50 | INFO: Draco encoder: Encoding mesh Branch led scale foliage 1685.
16:06:50 | INFO: Draco encoder: Encoding mesh Branch led scale foliage 1686.
16:06:50 | INFO: Draco encoder: Encoding mesh Branch led scale foliage 1687.
16:06:50 | INFO: Draco encoder: Encoding mesh Branch led scale foliage 1688.
16:06:50 | INFO: Draco encoder: Encoding mesh Branch led scale foliage 1689.
16:06:50 | INFO: Draco encoder: Encoding mesh Branch led scale foliage 1690.
16:06:50 | INFO: Draco encoder: Encoding mesh Branch led scale foliage 1691.
16:06:50 | INFO: Draco encoder: Encoding mesh Branch led scale foliage 1692.
16:06:50 | INFO: Draco encoder: Encoding mesh Branch led scale foliage 1693.
16:06:50 | INFO: Draco encoder: Encoding mesh Branch led scale foliage 1694.
16:06:50 | INFO: Draco encoder: Encoding mesh Branch led scale foliage 1695.
16:06:50 | INFO: Draco encoder: Encoding mesh Branch led scale foliage 1696.
16:06:50 | INFO: Draco encoder: Encoding mesh Branch led scale foliage 1697.
16:06:50 | INFO: Draco encoder: Encoding mesh Branch led scale foliage 1698.
16:06:50 | INFO: Draco encoder: Encoding mesh Branch led scale foliage 1699.
16:06:50 | INFO: Draco encoder: Encoding mesh Branch led scale foliage 1700.
16:06:50 | INFO: Draco encoder: Encoding mesh Branch led scale foliage 1701.
16:06:50 | INFO: Draco encoder: Encoding mesh Branch led scale foliage 1702.
16:06:50 | INFO: Draco encoder: Encoding mesh Branch led scale foliage 1703.
16:06:50 | INFO: Draco encoder: Encoding mesh Branch led scale foliage 1704.
16:06:50 | INFO: Draco encoder: Encoding mesh Branch led scale foliage 1705.
16:06:50 | INFO: Draco encoder: Encoding mesh Branch led scale foliage 1706.
16:06:50 | INFO: Draco encoder: Encoding mesh Branch led scale foliage 1707.
16:06:50 | INFO: Draco encoder: Encoding mesh Branch led scale foliage 1708.
16:06:50 | INFO: Draco encoder: Encoding mesh Branch led scale foliage 1709.
16:06:50 | INFO: Draco encoder: Encoding mesh Branch led scale foliage 1710.
16:06:50 | INFO: Draco encoder: Encoding mesh Branch led scale foliage 1711.
16:06:50 | INFO: Draco encoder: Encoding mesh Branch led scale foliage 1712.
16:06:50 | INFO: Draco encoder: Encoding mesh Branch led scale foliage 1713.
16:06:50 | INFO: Draco encoder: Encoding mesh Branch led scale foliage 1714.
16:06:50 | INFO: Draco encoder: Encoding mesh Branch led scale foliage 1715.
16:06:50 | INFO: Draco encoder: Encoding mesh Branch led scale foliage 1716.
16:06:50 | INFO: Draco encoder: Encoding mesh Branch led scale foliage 1717.
16:06:50 | INFO: Draco encoder: Encoding mesh Branch led scale foliage 1718.
16:06:50 | INFO: Draco encoder: Encoding mesh Branch led scale foliage 1719.
16:06:50 | INFO: Draco encoder: Encoding mesh Branch led scale foliage 1720.
16:06:50 | INFO: Draco encoder: Encoding mesh Branch led scale foliage 1721.
16:06:50 | INFO: Draco encoder: Encoding mesh Branch led scale foliage 1722.
16:06:50 | INFO: Draco encoder: Encoding mesh Branch led scale foliage 1723.
16:06:50 | INFO: Draco encoder: Encoding mesh Branch led scale foliage 1724.
16:06:50 | INFO: Draco encoder: Encoding mesh Branch led scale foliage 1725.
16:06:50 | INFO: Draco encoder: Encoding mesh Branch led scale foliage 1726.
16:06:50 | INFO: Draco encoder: Encoding mesh Branch led scale foliage 1727.
16:06:50 | INFO: Draco encoder: Encoding mesh Branch led scale foliage 1728.
16:06:50 | INFO: Draco encoder: Encoding mesh Branch led scale foliage 1729.
16:06:50 | INFO: Draco encoder: Encoding mesh Branch led scale foliage 1730.
16:06:50 | INFO: Draco encoder: Encoding mesh Branch led scale foliage 1731.
16:06:50 | INFO: Draco encoder: Encoding mesh Branch led scale foliage 1732.
16:06:50 | INFO: Draco encoder: Encoding mesh Branch led scale foliage 1733.
16:06:50 | INFO: Draco encoder: Encoding mesh Branch led scale foliage 1734.
16:06:50 | INFO: Draco encoder: Encoding mesh Branch led scale foliage 1735.
16:06:50 | INFO: Draco encoder: Encoding mesh Branch led scale foliage 1736.
16:06:50 | INFO: Draco encoder: Encoding mesh Branch led scale foliage 1737.
16:06:50 | INFO: Draco encoder: Encoding mesh Branch led scale foliage 1738.
16:06:50 | INFO: Draco encoder: Encoding mesh Branch led scale foliage 1739.
16:06:50 | INFO: Draco encoder: Encoding mesh Branch led scale foliage 1740.
16:06:50 | INFO: Draco encoder: Encoding mesh Branch led scale foliage 1741.
16:06:50 | INFO: Draco encoder: Encoding mesh Branch led scale foliage 1742.
16:06:50 | INFO: Draco encoder: Encoding mesh Branch led scale foliage 1743.
16:06:50 | INFO: Draco encoder: Encoding mesh Branch led scale foliage 1744.
16:06:50 | INFO: Draco encoder: Encoding mesh Branch led scale foliage 1745.
16:06:50 | INFO: Draco encoder: Encoding mesh Branch led scale foliage 1746.
16:06:50 | INFO: Draco encoder: Encoding mesh Branch led scale foliage 1747.
16:06:50 | INFO: Draco encoder: Encoding mesh Branch led scale foliage 1748.
16:06:50 | INFO: Draco encoder: Encoding mesh Branch led scale foliage 1749.
16:06:50 | INFO: Draco encoder: Encoding mesh Branch led scale foliage 1750.
16:06:50 | INFO: Draco encoder: Encoding mesh Branch led scale foliage 1751.
16:06:50 | INFO: Draco encoder: Encoding mesh Branch led scale foliage 1752.
16:06:50 | INFO: Draco encoder: Encoding mesh Branch led scale foliage 1753.
16:06:50 | INFO: Draco encoder: Encoding mesh Branch led scale foliage 1754.
16:06:50 | INFO: Draco encoder: Encoding mesh Branch led scale foliage 1755.
16:06:50 | INFO: Draco encoder: Encoding mesh Branch led scale foliage 1756.
16:06:50 | INFO: Draco encoder: Encoding mesh Branch led scale foliage 1757.
16:06:50 | INFO: Draco encoder: Encoding mesh Branch led scale foliage 1758.
16:06:50 | INFO: Draco encoder: Encoding mesh Branch led scale foliage 1759.
16:06:50 | INFO: Draco encoder: Encoding mesh Branch led scale foliage 1760.
16:06:50 | INFO: Draco encoder: Encoding mesh Branch led scale foliage 1761.
16:06:50 | INFO: Draco encoder: Encoding mesh Branch led scale foliage 1762.
16:06:50 | INFO: Draco encoder: Encoding mesh Branch led scale foliage 1763.
16:06:50 | INFO: Draco encoder: Encoding mesh Branch led scale foliage 1764.
16:06:50 | INFO: Draco encoder: Encoding mesh Branch led scale foliage 1765.
16:06:50 | INFO: Draco encoder: Encoding mesh Branch led scale foliage 1766.
16:06:50 | INFO: Draco encoder: Encoding mesh Branch led scale foliage 1767.
16:06:50 | INFO: Draco encoder: Encoding mesh Branch led scale foliage 1768.
16:06:50 | INFO: Draco encoder: Encoding mesh Branch led scale foliage 1769.
16:06:50 | INFO: Draco encoder: Encoding mesh Branch led scale foliage 1770.
16:06:50 | INFO: Draco encoder: Encoding mesh Branch led scale foliage 1771.
16:06:50 | INFO: Draco encoder: Encoding mesh Branch led scale foliage 1772.
16:06:50 | INFO: Draco encoder: Encoding mesh Branch led scale foliage 1773.
16:06:50 | INFO: Draco encoder: Encoding mesh Branch led scale foliage 1774.
16:06:50 | INFO: Draco encoder: Encoding mesh Branch led scale foliage 1775.
16:06:50 | INFO: Draco encoder: Encoding mesh Branch led scale foliage 1776.
16:06:50 | INFO: Draco encoder: Encoding mesh Branch led scale foliage 1777.
16:06:50 | INFO: Draco encoder: Encoding mesh Branch led scale foliage 1778.
16:06:50 | INFO: Draco encoder: Encoding mesh Branch led scale foliage 1779.
16:06:50 | INFO: Draco encoder: Encoding mesh Branch led scale foliage 1780.
16:06:50 | INFO: Draco encoder: Encoding mesh Branch led scale foliage 1781.
16:06:50 | INFO: Draco encoder: Encoding mesh Branch led scale foliage 1782.
16:06:50 | INFO: Draco encoder: Encoding mesh Branch led scale foliage 1783.
16:06:50 | INFO: Draco encoder: Encoding mesh Branch led scale foliage 1784.
16:06:50 | INFO: Draco encoder: Encoding mesh Branch led scale foliage 1785.
16:06:50 | INFO: Draco encoder: Encoding mesh Branch led scale foliage 1786.
16:06:50 | INFO: Draco encoder: Encoding mesh Branch led scale foliage 1787.
16:06:50 | INFO: Draco encoder: Encoding mesh Branch led scale foliage 1788.
16:06:50 | INFO: Draco encoder: Encoding mesh Branch led scale foliage 1789.
16:06:50 | INFO: Draco encoder: Encoding mesh Branch led scale foliage 1790.
16:06:50 | INFO: Draco encoder: Encoding mesh Branch led scale foliage 1791.
16:06:50 | INFO: Draco encoder: Encoding mesh Branch led scale foliage 1792.
16:06:50 | INFO: Draco encoder: Encoding mesh Branch led scale foliage 1793.
16:06:50 | INFO: Draco encoder: Encoding mesh Branch led scale foliage 1794.
16:06:50 | INFO: Draco encoder: Encoding mesh Branch led scale foliage 1795.
16:06:50 | INFO: Draco encoder: Encoding mesh Branch led scale foliage 1796.
16:06:50 | INFO: Draco encoder: Encoding mesh Branch led scale foliage 1797.
16:06:50 | INFO: Draco encoder: Encoding mesh Branch led scale foliage 1798.
16:06:50 | INFO: Draco encoder: Encoding mesh Branch led scale foliage 1799.
16:06:50 | INFO: Draco encoder: Encoding mesh Branch led scale foliage 1800.
16:06:50 | INFO: Draco encoder: Encoding mesh Branch led scale foliage 1801.
16:06:50 | INFO: Draco encoder: Encoding mesh Branch led scale foliage 1802.
16:06:50 | INFO: Draco encoder: Encoding mesh Branch led scale foliage 1803.
16:06:50 | INFO: Draco encoder: Encoding mesh Branch led scale foliage 1804.
16:06:50 | INFO: Draco encoder: Encoding mesh Branch led scale foliage 1805.
16:06:50 | INFO: Draco encoder: Encoding mesh Branch led scale foliage 1806.
16:06:50 | INFO: Draco encoder: Encoding mesh Branch led scale foliage 1807.
16:06:50 | INFO: Draco encoder: Encoding mesh Branch led scale foliage 1808.
16:06:50 | INFO: Draco encoder: Encoding mesh Branch led scale foliage 1809.
16:06:50 | INFO: Draco encoder: Encoding mesh Branch led scale foliage 1810.
16:06:50 | INFO: Draco encoder: Encoding mesh Branch led scale foliage 1811.
16:06:50 | INFO: Draco encoder: Encoding mesh Branch led scale foliage 1812.
16:06:50 | INFO: Draco encoder: Encoding mesh Branch led scale foliage 1813.
16:06:50 | INFO: Draco encoder: Encoding mesh Branch led scale foliage 1814.
16:06:50 | INFO: Draco encoder: Encoding mesh Branch led scale foliage 1815.
16:06:50 | INFO: Draco encoder: Encoding mesh Branch led scale foliage 1816.
16:06:50 | INFO: Draco encoder: Encoding mesh Branch led scale foliage 1817.
16:06:50 | INFO: Draco encoder: Encoding mesh Branch led scale foliage 1818.
16:06:50 | INFO: Draco encoder: Encoding mesh Branch led scale foliage 1819.
16:06:50 | INFO: Draco encoder: Encoding mesh Branch led scale foliage 1820.
16:06:50 | INFO: Draco encoder: Encoding mesh Branch led scale foliage 1821.
16:06:50 | INFO: Draco encoder: Encoding mesh Branch led scale foliage 1822.
16:06:50 | INFO: Draco encoder: Encoding mesh Branch led scale foliage 1823.
16:06:50 | INFO: Draco encoder: Encoding mesh Branch led scale foliage 1824.
16:06:50 | INFO: Draco encoder: Encoding mesh Branch led scale foliage 1825.
16:06:50 | INFO: Draco encoder: Encoding mesh Branch led scale foliage 1826.
16:06:50 | INFO: Draco encoder: Encoding mesh Branch led scale foliage 1827.
16:06:50 | INFO: Draco encoder: Encoding mesh Branch led scale foliage 1828.
16:06:50 | INFO: Draco encoder: Encoding mesh Branch led scale foliage 1829.
16:06:50 | INFO: Draco encoder: Encoding mesh Branch led scale foliage 1830.
16:06:50 | INFO: Draco encoder: Encoding mesh Branch led scale foliage 1831.
16:06:50 | INFO: Draco encoder: Encoding mesh Branch led scale foliage 1832.
16:06:50 | INFO: Draco encoder: Encoding mesh Branch led scale foliage 1833.
16:06:50 | INFO: Draco encoder: Encoding mesh Branch led scale foliage 1834.
16:06:50 | INFO: Draco encoder: Encoding mesh Branch led scale foliage 1835.
16:06:50 | INFO: Draco encoder: Encoding mesh Branch led scale foliage 1836.
16:06:50 | INFO: Draco encoder: Encoding mesh Branch led scale foliage 1837.
16:06:50 | INFO: Draco encoder: Encoding mesh Branch led scale foliage 1838.
16:06:50 | INFO: Draco encoder: Encoding mesh Branch led scale foliage 1839.
16:06:50 | INFO: Draco encoder: Encoding mesh Branch led scale foliage 1840.
16:06:50 | INFO: Draco encoder: Encoding mesh Branch led scale foliage 1841.
16:06:50 | INFO: Draco encoder: Encoding mesh Branch led scale foliage 1842.
16:06:50 | INFO: Draco encoder: Encoding mesh Branch led scale foliage 1843.
16:06:50 | INFO: Draco encoder: Encoding mesh Branch led scale foliage 1844.
16:06:50 | INFO: Draco encoder: Encoding mesh Branch led scale foliage 1845.
16:06:50 | INFO: Draco encoder: Encoding mesh Branch led scale foliage 1846.
16:06:50 | INFO: Draco encoder: Encoding mesh Branch led scale foliage 1847.
16:06:50 | INFO: Draco encoder: Encoding mesh Branch led scale foliage 1848.
16:06:50 | INFO: Draco encoder: Encoding mesh Branch led scale foliage 1849.
16:06:50 | INFO: Draco encoder: Encoding mesh Branch led scale foliage 1850.
16:06:50 | INFO: Draco encoder: Encoding mesh Branch led scale foliage 1851.
16:06:50 | INFO: Draco encoder: Encoding mesh Branch led scale foliage 1852.
16:06:50 | INFO: Draco encoder: Encoding mesh Branch led scale foliage 1853.
16:06:50 | INFO: Draco encoder: Encoding mesh Branch led scale foliage 1854.
16:06:50 | INFO: Draco encoder: Encoding mesh Branch led scale foliage 1855.
16:06:50 | INFO: Draco encoder: Encoding mesh Branch led scale foliage 1856.
16:06:50 | INFO: Draco encoder: Encoding mesh Branch led scale foliage 1857.
16:06:50 | INFO: Draco encoder: Encoding mesh Branch led scale foliage 1858.
16:06:50 | INFO: Draco encoder: Encoding mesh Branch led scale foliage 1859.
16:06:50 | INFO: Draco encoder: Encoding mesh Branch led scale foliage 1860.
16:06:50 | INFO: Draco encoder: Encoding mesh Branch led scale foliage 1861.
16:06:50 | INFO: Draco encoder: Encoding mesh Branch led scale foliage 1862.
16:06:50 | INFO: Draco encoder: Encoding mesh Branch led scale foliage 1863.
16:06:50 | INFO: Draco encoder: Encoding mesh Branch led scale foliage 1864.
16:06:50 | INFO: Draco encoder: Encoding mesh Branch led scale foliage 1865.
16:06:50 | INFO: Draco encoder: Encoding mesh Branch led scale foliage 1866.
16:06:50 | INFO: Draco encoder: Encoding mesh Branch led scale foliage 1867.
16:06:50 | INFO: Draco encoder: Encoding mesh Branch led scale foliage 1868.
16:06:50 | INFO: Draco encoder: Encoding mesh Branch led scale foliage 1869.
16:06:50 | INFO: Draco encoder: Encoding mesh Branch led scale foliage 1870.
16:06:50 | INFO: Draco encoder: Encoding mesh Branch led scale foliage 1871.
16:06:50 | INFO: Draco encoder: Encoding mesh Branch led scale foliage 1872.
16:06:50 | INFO: Draco encoder: Encoding mesh Branch led scale foliage 1873.
16:06:50 | INFO: Draco encoder: Encoding mesh Branch led scale foliage 1874.
16:06:50 | INFO: Draco encoder: Encoding mesh Branch led scale foliage 1875.
16:06:50 | INFO: Draco encoder: Encoding mesh Branch led scale foliage 1876.
16:06:50 | INFO: Draco encoder: Encoding mesh Branch led scale foliage 1877.
16:06:50 | INFO: Draco encoder: Encoding mesh Branch led scale foliage 1878.
16:06:50 | INFO: Draco encoder: Encoding mesh Branch led scale foliage 1879.
16:06:50 | INFO: Draco encoder: Encoding mesh Branch led scale foliage 1880.
16:06:50 | INFO: Draco encoder: Encoding mesh Branch led scale foliage 1881.
16:06:50 | INFO: Draco encoder: Encoding mesh Branch led scale foliage 1882.
16:06:50 | INFO: Draco encoder: Encoding mesh Branch led scale foliage 1883.
16:06:50 | INFO: Draco encoder: Encoding mesh Branch led scale foliage 1884.
16:06:50 | INFO: Draco encoder: Encoding mesh Branch led scale foliage 1885.
16:06:50 | INFO: Draco encoder: Encoding mesh Branch led scale foliage 1886.
16:06:50 | INFO: Draco encoder: Encoding mesh Branch led scale foliage 1887.
16:06:50 | INFO: Draco encoder: Encoding mesh Branch led scale foliage 1888.
16:06:50 | INFO: Draco encoder: Encoding mesh Branch led scale foliage 1889.
16:06:50 | INFO: Draco encoder: Encoding mesh Branch led scale foliage 1890.
16:06:50 | INFO: Draco encoder: Encoding mesh Branch led scale foliage 1891.
16:06:50 | INFO: Draco encoder: Encoding mesh Branch led scale foliage 1892.
16:06:50 | INFO: Draco encoder: Encoding mesh Branch led scale foliage 1893.
16:06:50 | INFO: Draco encoder: Encoding mesh Branch led scale foliage 1894.
16:06:50 | INFO: Draco encoder: Encoding mesh Branch led scale foliage 1895.
16:06:50 | INFO: Draco encoder: Encoding mesh Branch led scale foliage 1896.
16:06:50 | INFO: Draco encoder: Encoding mesh Branch led scale foliage 1897.
16:06:50 | INFO: Draco encoder: Encoding mesh Branch led scale foliage 1898.
16:06:50 | INFO: Draco encoder: Encoding mesh Branch led scale foliage 1899.
16:06:50 | INFO: Draco encoder: Encoding mesh Branch led scale foliage 1900.
16:06:50 | INFO: Draco encoder: Encoding mesh Branch led scale foliage 1901.
16:06:50 | INFO: Draco encoder: Encoding mesh Branch led scale foliage 1902.
16:06:50 | INFO: Draco encoder: Encoding mesh Branch led scale foliage 1903.
16:06:50 | INFO: Draco encoder: Encoding mesh Branch led scale foliage 1904.
16:06:50 | INFO: Draco encoder: Encoding mesh Branch led scale foliage 1905.
16:06:50 | INFO: Draco encoder: Encoding mesh Branch led scale foliage 1906.
16:06:50 | INFO: Draco encoder: Encoding mesh Branch led scale foliage 1907.
16:06:50 | INFO: Draco encoder: Encoding mesh Branch led scale foliage 1908.
16:06:50 | INFO: Draco encoder: Encoding mesh Branch led scale foliage 1909.
16:06:50 | INFO: Draco encoder: Encoding mesh Branch led scale foliage 1910.
16:06:50 | INFO: Draco encoder: Encoding mesh Branch led scale foliage 1911.
16:06:50 | INFO: Draco encoder: Encoding mesh Branch led scale foliage 1912.
16:06:50 | INFO: Draco encoder: Encoding mesh Branch led scale foliage 1913.
16:06:50 | INFO: Draco encoder: Encoding mesh Branch led scale foliage 1914.
16:06:50 | INFO: Draco encoder: Encoding mesh Branch led scale foliage 1915.
16:06:50 | INFO: Draco encoder: Encoding mesh Branch led scale foliage 1916.
16:06:50 | INFO: Draco encoder: Encoding mesh Branch led scale foliage 1917.
16:06:50 | INFO: Draco encoder: Encoding mesh Branch led scale foliage 1918.
16:06:50 | INFO: Draco encoder: Encoding mesh Branch led scale foliage 1919.
16:06:50 | INFO: Draco encoder: Encoding mesh Branch led scale foliage 1920.
16:06:50 | INFO: Draco encoder: Encoding mesh Branch led scale foliage 1921.
16:06:50 | INFO: Draco encoder: Encoding mesh Branch led scale foliage 1922.
16:06:50 | INFO: Draco encoder: Encoding mesh Branch led scale foliage 1923.
16:06:50 | INFO: Draco encoder: Encoding mesh Branch led scale foliage 1924.
16:06:50 | INFO: Draco encoder: Encoding mesh Branch led scale foliage 1925.
16:06:50 | INFO: Draco encoder: Encoding mesh Branch led scale foliage 1926.
16:06:50 | INFO: Draco encoder: Encoding mesh Branch led scale foliage 1927.
16:06:50 | INFO: Draco encoder: Encoding mesh Branch led scale foliage 1928.
16:06:50 | INFO: Draco encoder: Encoding mesh Branch led scale foliage 1929.
16:06:50 | INFO: Draco encoder: Encoding mesh Branch led scale foliage 1930.
16:06:50 | INFO: Draco encoder: Encoding mesh Branch led scale foliage 1931.
16:06:50 | INFO: Draco encoder: Encoding mesh Branch led scale foliage 1932.
16:06:50 | INFO: Draco encoder: Encoding mesh Branch led scale foliage 1933.
16:06:50 | INFO: Draco encoder: Encoding mesh Branch led scale foliage 1934.
16:06:50 | INFO: Draco encoder: Encoding mesh Branch led scale foliage 1935.
16:06:50 | INFO: Draco encoder: Encoding mesh Branch led scale foliage 1936.
16:06:50 | INFO: Draco encoder: Encoding mesh Branch led scale foliage 1937.
16:06:50 | INFO: Draco encoder: Encoding mesh Branch led scale foliage 1938.
16:06:50 | INFO: Draco encoder: Encoding mesh Branch led scale foliage 1939.
16:06:50 | INFO: Draco encoder: Encoding mesh Branch led scale foliage 1940.
16:06:50 | INFO: Draco encoder: Encoding mesh Branch led scale foliage 1941.
16:06:50 | INFO: Draco encoder: Encoding mesh Branch led scale foliage 1942.
16:06:50 | INFO: Draco encoder: Encoding mesh Branch led scale foliage 1943.
16:06:50 | INFO: Draco encoder: Encoding mesh Branch led scale foliage 1944.
16:06:50 | INFO: Draco encoder: Encoding mesh Branch led scale foliage 1945.
16:06:50 | INFO: Draco encoder: Encoding mesh Branch led scale foliage 1946.
16:06:50 | INFO: Draco encoder: Encoding mesh Branch led scale foliage 1947.
16:06:50 | INFO: Draco encoder: Encoding mesh Branch led scale foliage 1948.
16:06:50 | INFO: Draco encoder: Encoding mesh Branch led scale foliage 1949.
16:06:50 | INFO: Draco encoder: Encoding mesh Branch led scale foliage 1950.
16:06:50 | INFO: Draco encoder: Encoding mesh Branch led scale foliage 1951.
16:06:50 | INFO: Draco encoder: Encoding mesh Branch led scale foliage 1952.
16:06:50 | INFO: Draco encoder: Encoding mesh Branch led scale foliage 1953.
16:06:50 | INFO: Draco encoder: Encoding mesh Branch led scale foliage 1954.
16:06:50 | INFO: Draco encoder: Encoding mesh Branch led scale foliage 1955.
16:06:50 | INFO: Draco encoder: Encoding mesh Branch led scale foliage 1956.
16:06:50 | INFO: Draco encoder: Encoding mesh Branch led scale foliage 1957.
16:06:50 | INFO: Draco encoder: Encoding mesh Branch led scale foliage 1958.
16:06:50 | INFO: Draco encoder: Encoding mesh Branch led scale foliage 1959.
16:06:50 | INFO: Draco encoder: Encoding mesh Branch led scale foliage 1960.
16:06:50 | INFO: Draco encoder: Encoding mesh Branch led scale foliage 1961.
16:06:50 | INFO: Draco encoder: Encoding mesh Branch led scale foliage 1962.
16:06:50 | INFO: Draco encoder: Encoding mesh Branch led scale foliage 1963.
16:06:50 | INFO: Draco encoder: Encoding mesh Branch led scale foliage 1964.
16:06:50 | INFO: Draco encoder: Encoding mesh Branch led scale foliage 1965.
16:06:50 | INFO: Draco encoder: Encoding mesh Branch led scale foliage 1966.
16:06:50 | INFO: Draco encoder: Encoding mesh Branch led scale foliage 1967.
16:06:50 | INFO: Draco encoder: Encoding mesh Branch led scale foliage 1968.
16:06:50 | INFO: Draco encoder: Encoding mesh Branch led scale foliage 1969.
16:06:50 | INFO: Draco encoder: Encoding mesh Branch led scale foliage 1970.
16:06:50 | INFO: Draco encoder: Encoding mesh Branch led scale foliage 1971.
16:06:50 | INFO: Draco encoder: Encoding mesh Branch led scale foliage 1972.
16:06:50 | INFO: Draco encoder: Encoding mesh Branch led scale foliage 1973.
16:06:50 | INFO: Draco encoder: Encoding mesh Branch led scale foliage 1974.
16:06:50 | INFO: Draco encoder: Encoding mesh Branch led scale foliage 1975.
16:06:50 | INFO: Draco encoder: Encoding mesh Branch led scale foliage 1976.
16:06:50 | INFO: Draco encoder: Encoding mesh Branch led scale foliage 1977.
16:06:50 | INFO: Draco encoder: Encoding mesh Branch led scale foliage 1978.
16:06:50 | INFO: Draco encoder: Encoding mesh Branch led scale foliage 1979.
16:06:50 | INFO: Draco encoder: Encoding mesh Branch led scale foliage 1980.
16:06:50 | INFO: Draco encoder: Encoding mesh Branch led scale foliage 1981.
16:06:50 | INFO: Draco encoder: Encoding mesh Branch led scale foliage 1982.
16:06:50 | INFO: Draco encoder: Encoding mesh Branch led scale foliage 1983.
16:06:50 | INFO: Draco encoder: Encoding mesh Branch led scale foliage 1984.
16:06:50 | INFO: Draco encoder: Encoding mesh Branch led scale foliage 1985.
16:06:50 | INFO: Draco encoder: Encoding mesh Branch led scale foliage 1986.
16:06:50 | INFO: Draco encoder: Encoding mesh Branch led scale foliage 1987.
16:06:50 | INFO: Draco encoder: Encoding mesh Branch led scale foliage 1988.
16:06:50 | INFO: Draco encoder: Encoding mesh Branch led scale foliage 1989.
16:06:50 | INFO: Draco encoder: Encoding mesh Branch led scale foliage 1990.
16:06:50 | INFO: Draco encoder: Encoding mesh Branch led scale foliage 1991.
16:06:50 | INFO: Draco encoder: Encoding mesh Branch led scale foliage 1992.
16:06:50 | INFO: Draco encoder: Encoding mesh Branch led scale foliage 1993.
16:06:50 | INFO: Draco encoder: Encoding mesh Branch led scale foliage 1994.
16:06:50 | INFO: Draco encoder: Encoding mesh Branch led scale foliage 1995.
16:06:50 | INFO: Draco encoder: Encoding mesh Branch led scale foliage 1996.
16:06:50 | INFO: Draco encoder: Encoding mesh Branch led scale foliage 1997.
16:06:50 | INFO: Draco encoder: Encoding mesh Branch led scale foliage 1998.
16:06:50 | INFO: Draco encoder: Encoding mesh Branch led scale foliage 1999.
16:06:50 | INFO: Draco encoder: Encoding mesh Branch led scale foliage 2000.
16:06:50 | INFO: Draco encoder: Encoding mesh Branch led scale foliage 2001.
16:06:50 | INFO: Draco encoder: Encoding mesh Branch led scale foliage 2002.
16:06:50 | INFO: Draco encoder: Encoding mesh Branch led scale foliage 2003.
16:06:50 | INFO: Draco encoder: Encoding mesh Branch led scale foliage 2004.
16:06:50 | INFO: Draco encoder: Encoding mesh Branch led scale foliage 2005.
16:06:50 | INFO: Draco encoder: Encoding mesh Branch led scale foliage 2006.
16:06:50 | INFO: Draco encoder: Encoding mesh Branch led scale foliage 2007.
16:06:50 | INFO: Draco encoder: Encoding mesh Branch led scale foliage 2008.
16:06:50 | INFO: Draco encoder: Encoding mesh Branch led scale foliage 2009.
16:06:50 | INFO: Draco encoder: Encoding mesh Branch led scale foliage 2010.
16:06:50 | INFO: Draco encoder: Encoding mesh Branch led scale foliage 2011.
16:06:50 | INFO: Draco encoder: Encoding mesh Branch led scale foliage 2012.
16:06:50 | INFO: Draco encoder: Encoding mesh Branch led scale foliage 2013.
16:06:50 | INFO: Draco encoder: Encoding mesh Branch led scale foliage 2014.
16:06:50 | INFO: Draco encoder: Encoding mesh Branch led scale foliage 2015.
16:06:50 | INFO: Draco encoder: Encoding mesh Branch led scale foliage 2016.
16:06:50 | INFO: Draco encoder: Encoding mesh Branch led scale foliage 2017.
16:06:50 | INFO: Draco encoder: Encoding mesh Branch led scale foliage 2018.
16:06:50 | INFO: Draco encoder: Encoding mesh Branch led scale foliage 2019.
16:06:50 | INFO: Draco encoder: Encoding mesh Branch led scale foliage 2020.
16:06:50 | INFO: Draco encoder: Encoding mesh Branch led scale foliage 2021.
16:06:50 | INFO: Draco encoder: Encoding mesh Branch led scale foliage 2022.
16:06:50 | INFO: Draco encoder: Encoding mesh Branch led scale foliage 2023.
16:06:50 | INFO: Draco encoder: Encoding mesh Branch led scale foliage 2024.
16:06:50 | INFO: Draco encoder: Encoding mesh Branch led scale foliage 2025.
16:06:50 | INFO: Draco encoder: Encoding mesh Branch led scale foliage 2026.
16:06:50 | INFO: Draco encoder: Encoding mesh Branch led scale foliage 2027.
16:06:50 | INFO: Draco encoder: Encoding mesh Branch led scale foliage 2028.
16:06:50 | INFO: Draco encoder: Encoding mesh Branch led scale foliage 2029.
16:06:50 | INFO: Draco encoder: Encoding mesh Branch led scale foliage 2030.
16:06:50 | INFO: Draco encoder: Encoding mesh Branch led scale foliage 2031.
16:06:50 | INFO: Draco encoder: Encoding mesh Branch led scale foliage 2032.
16:06:50 | INFO: Draco encoder: Encoding mesh Branch led scale foliage 2033.
16:06:50 | INFO: Draco encoder: Encoding mesh Branch led scale foliage 2034.
16:06:50 | INFO: Draco encoder: Encoding mesh Branch led scale foliage 2035.
16:06:50 | INFO: Draco encoder: Encoding mesh Branch led scale foliage 2036.
16:06:50 | INFO: Draco encoder: Encoding mesh Branch led scale foliage 2037.
16:06:50 | INFO: Draco encoder: Encoding mesh Branch led scale foliage 2038.
16:06:50 | INFO: Draco encoder: Encoding mesh Branch led scale foliage 2039.
16:06:50 | INFO: Draco encoder: Encoding mesh Branch led scale foliage 2040.
16:06:50 | INFO: Draco encoder: Encoding mesh Branch led scale foliage 2041.
16:06:50 | INFO: Draco encoder: Encoding mesh Branch led scale foliage 2042.
16:06:50 | INFO: Draco encoder: Encoding mesh Branch led scale foliage 2043.
16:06:50 | INFO: Draco encoder: Encoding mesh Branch led scale foliage 2044.
16:06:50 | INFO: Draco encoder: Encoding mesh Branch led scale foliage 2045.
16:06:50 | INFO: Draco encoder: Encoding mesh Branch led scale foliage 2046.
16:06:50 | INFO: Draco encoder: Encoding mesh Branch led scale foliage 2047.
16:06:50 | INFO: Draco encoder: Encoding mesh Branch led scale foliage 2048.
16:06:50 | INFO: Draco encoder: Encoding mesh Branch led scale foliage 2049.
16:06:50 | INFO: Draco encoder: Encoding mesh Branch led scale foliage 2050.
16:06:50 | INFO: Draco encoder: Encoding mesh Branch led scale foliage 2051.
16:06:50 | INFO: Draco encoder: Encoding mesh Branch led scale foliage 2052.
16:06:50 | INFO: Draco encoder: Encoding mesh Branch led scale foliage 2053.
16:06:50 | INFO: Draco encoder: Encoding mesh Branch led scale foliage 2054.
16:06:50 | INFO: Draco encoder: Encoding mesh Branch led scale foliage 2055.
16:06:50 | INFO: Draco encoder: Encoding mesh Branch led scale foliage 2056.
16:06:50 | INFO: Draco encoder: Encoding mesh Branch led scale foliage 2057.
16:06:50 | INFO: Draco encoder: Encoding mesh Branch led scale foliage 2058.
16:06:50 | INFO: Draco encoder: Encoding mesh Branch led scale foliage 2059.
16:06:50 | INFO: Draco encoder: Encoding mesh Branch led scale foliage 2060.
16:06:50 | INFO: Draco encoder: Encoding mesh Branch led scale foliage 2061.
16:06:50 | INFO: Draco encoder: Encoding mesh Branch led scale foliage 2062.
16:06:50 | INFO: Draco encoder: Encoding mesh Branch led scale foliage 2063.
16:06:50 | INFO: Draco encoder: Encoding mesh Branch led scale foliage 2064.
16:06:50 | INFO: Draco encoder: Encoding mesh Branch led scale foliage 2065.
16:06:50 | INFO: Draco encoder: Encoding mesh Branch led scale foliage 2066.
16:06:50 | INFO: Draco encoder: Encoding mesh Branch led scale foliage 2067.
16:06:50 | INFO: Draco encoder: Encoding mesh Branch led scale foliage 2068.
16:06:50 | INFO: Draco encoder: Encoding mesh Branch led scale foliage 2069.
16:06:50 | INFO: Draco encoder: Encoding mesh Branch led scale foliage 2070.
16:06:50 | INFO: Draco encoder: Encoding mesh Branch led scale foliage 2071.
16:06:50 | INFO: Draco encoder: Encoding mesh Branch led scale foliage 2072.
16:06:50 | INFO: Draco encoder: Encoding mesh Branch led scale foliage 2073.
16:06:50 | INFO: Draco encoder: Encoding mesh Branch led scale foliage 2074.
16:06:50 | INFO: Draco encoder: Encoding mesh Branch led scale foliage 2075.
16:06:50 | INFO: Draco encoder: Encoding mesh Branch led scale foliage 2076.
16:06:50 | INFO: Draco encoder: Encoding mesh Branch led scale foliage 2077.
16:06:50 | INFO: Draco encoder: Encoding mesh Branch led scale foliage 2078.
16:06:50 | INFO: Draco encoder: Encoding mesh Branch led scale foliage 2079.
16:06:50 | INFO: Draco encoder: Encoding mesh Branch led scale foliage 2080.
16:06:50 | INFO: Draco encoder: Encoding mesh Branch led scale foliage 2081.
16:06:50 | INFO: Draco encoder: Encoding mesh Branch led scale foliage 2082.
16:06:50 | INFO: Draco encoder: Encoding mesh Branch led scale foliage 2083.
16:06:50 | INFO: Draco encoder: Encoding mesh Branch led scale foliage 2084.
16:06:50 | INFO: Draco encoder: Encoding mesh Branch led scale foliage 2085.
16:06:50 | INFO: Draco encoder: Encoding mesh Branch led scale foliage 2086.
16:06:50 | INFO: Draco encoder: Encoding mesh Branch led scale foliage 2087.
16:06:50 | INFO: Draco encoder: Encoding mesh Branch led scale foliage 2088.
16:06:50 | INFO: Draco encoder: Encoding mesh Branch led scale foliage 2089.
16:06:50 | INFO: Draco encoder: Encoding mesh Branch led scale foliage 2090.
16:06:50 | INFO: Draco encoder: Encoding mesh Branch led scale foliage 2091.
16:06:50 | INFO: Draco encoder: Encoding mesh Branch led scale foliage 2092.
16:06:50 | INFO: Draco encoder: Encoding mesh Branch led scale foliage 2093.
16:06:50 | INFO: Draco encoder: Encoding mesh Branch led scale foliage 2094.
16:06:50 | INFO: Draco encoder: Encoding mesh Branch led scale foliage 2095.
16:06:50 | INFO: Draco encoder: Encoding mesh Branch led scale foliage 2096.
16:06:50 | INFO: Draco encoder: Encoding mesh Branch led scale foliage 2097.
16:06:50 | INFO: Draco encoder: Encoding mesh Branch led scale foliage 2098.
16:06:50 | INFO: Draco encoder: Encoding mesh Branch led scale foliage 2099.
16:06:50 | INFO: Draco encoder: Encoding mesh Branch led scale foliage 2100.
16:06:50 | INFO: Draco encoder: Encoding mesh Branch led scale foliage 2101.
16:06:50 | INFO: Draco encoder: Encoding mesh Branch led scale foliage 2102.
16:06:50 | INFO: Draco encoder: Encoding mesh Branch led scale foliage 2103.
16:06:50 | INFO: Draco encoder: Encoding mesh Branch led scale foliage 2104.
16:06:50 | INFO: Draco encoder: Encoding mesh Branch led scale foliage 2105.
16:06:50 | INFO: Draco encoder: Encoding mesh Branch led scale foliage 2106.
16:06:50 | INFO: Draco encoder: Encoding mesh Branch led scale foliage 2107.
16:06:50 | INFO: Draco encoder: Encoding mesh Branch led scale foliage 2108.
16:06:50 | INFO: Draco encoder: Encoding mesh Branch led scale foliage 2109.
16:06:50 | INFO: Draco encoder: Encoding mesh Branch led scale foliage 2110.
16:06:50 | INFO: Draco encoder: Encoding mesh Branch led scale foliage 2111.
16:06:50 | INFO: Draco encoder: Encoding mesh Branch led scale foliage 2112.
16:06:50 | INFO: Draco encoder: Encoding mesh Branch led scale foliage 2113.
16:06:50 | INFO: Draco encoder: Encoding mesh Branch led scale foliage 2114.
16:06:50 | INFO: Draco encoder: Encoding mesh Branch led scale foliage 2115.
16:06:50 | INFO: Draco encoder: Encoding mesh Branch led scale foliage 2116.
16:06:50 | INFO: Draco encoder: Encoding mesh Branch led scale foliage 2117.
16:06:50 | INFO: Draco encoder: Encoding mesh Branch led scale foliage 2118.
16:06:50 | INFO: Draco encoder: Encoding mesh Branch led scale foliage 2119.
16:06:50 | INFO: Draco encoder: Encoding mesh Branch led scale foliage 2120.
16:06:50 | INFO: Draco encoder: Encoding mesh Branch led scale foliage 2121.
16:06:50 | INFO: Draco encoder: Encoding mesh Branch led scale foliage 2122.
16:06:50 | INFO: Draco encoder: Encoding mesh Branch led scale foliage 2123.
16:06:50 | INFO: Draco encoder: Encoding mesh Branch led scale foliage 2124.
16:06:50 | INFO: Draco encoder: Encoding mesh Branch led scale foliage 2125.
16:06:50 | INFO: Draco encoder: Encoding mesh Branch led scale foliage 2126.
16:06:50 | INFO: Draco encoder: Encoding mesh Branch led scale foliage 2127.
16:06:50 | INFO: Draco encoder: Encoding mesh Branch led scale foliage 2128.
16:06:50 | INFO: Draco encoder: Encoding mesh Branch led scale foliage 2129.
16:06:50 | INFO: Draco encoder: Encoding mesh Branch led scale foliage 2130.
16:06:50 | INFO: Draco encoder: Encoding mesh Branch led scale foliage 2131.
16:06:50 | INFO: Draco encoder: Encoding mesh Branch led scale foliage 2132.
16:06:50 | INFO: Draco encoder: Encoding mesh Branch led scale foliage 2133.
16:06:50 | INFO: Draco encoder: Encoding mesh Branch led scale foliage 2134.
16:06:50 | INFO: Draco encoder: Encoding mesh Branch led scale foliage 2135.
16:06:50 | INFO: Draco encoder: Encoding mesh Branch led scale foliage 2136.
16:06:50 | INFO: Draco encoder: Encoding mesh Branch led scale foliage 2137.
16:06:50 | INFO: Draco encoder: Encoding mesh Branch led scale foliage 2138.
16:06:50 | INFO: Draco encoder: Encoding mesh Branch led scale foliage 2139.
16:06:50 | INFO: Draco encoder: Encoding mesh Branch led scale foliage 2140.
16:06:50 | INFO: Draco encoder: Encoding mesh Branch led scale foliage 2141.
16:06:50 | INFO: Draco encoder: Encoding mesh Branch led scale foliage 2142.
16:06:50 | INFO: Draco encoder: Encoding mesh Branch led scale foliage 2143.
16:06:50 | INFO: Draco encoder: Encoding mesh Branch led scale foliage 2144.
16:06:50 | INFO: Draco encoder: Encoding mesh Branch led scale foliage 2145.
16:06:50 | INFO: Draco encoder: Encoding mesh Branch led scale foliage 2146.
16:06:50 | INFO: Draco encoder: Encoding mesh Branch led scale foliage 2147.
16:06:50 | INFO: Draco encoder: Encoding mesh Branch led scale foliage 2148.
16:06:50 | INFO: Draco encoder: Encoding mesh Branch led scale foliage 2149.
16:06:50 | INFO: Draco encoder: Encoding mesh Branch led scale foliage 2150.
16:06:50 | INFO: Draco encoder: Encoding mesh Branch led scale foliage 2151.
16:06:50 | INFO: Draco encoder: Encoding mesh Branch led scale foliage 2152.
16:06:50 | INFO: Draco encoder: Encoding mesh Branch led scale foliage 2153.
16:06:50 | INFO: Draco encoder: Encoding mesh Branch led scale foliage 2154.
16:06:50 | INFO: Draco encoder: Encoding mesh Branch led scale foliage 2155.
16:06:50 | INFO: Draco encoder: Encoding mesh Branch led scale foliage 2156.
16:06:50 | INFO: Draco encoder: Encoding mesh Branch led scale foliage 2157.
16:06:50 | INFO: Draco encoder: Encoding mesh Branch led scale foliage 2158.
16:06:50 | INFO: Draco encoder: Encoding mesh Branch led scale foliage 2159.
16:06:50 | INFO: Draco encoder: Encoding mesh Branch led scale foliage 2160.
16:06:50 | INFO: Draco encoder: Encoding mesh Branch led scale foliage 2161.
16:06:50 | INFO: Draco encoder: Encoding mesh Branch led scale foliage 2162.
16:06:50 | INFO: Draco encoder: Encoding mesh Branch led scale foliage 2163.
16:06:50 | INFO: Draco encoder: Encoding mesh Branch led scale foliage 2164.
16:06:50 | INFO: Draco encoder: Encoding mesh Branch led scale foliage 2165.
16:06:50 | INFO: Draco encoder: Encoding mesh Branch led scale foliage 2166.
16:06:50 | INFO: Draco encoder: Encoding mesh Branch led scale foliage 2167.
16:06:50 | INFO: Draco encoder: Encoding mesh Branch led scale foliage 2168.
16:06:50 | INFO: Draco encoder: Encoding mesh Branch led scale foliage 2169.
16:06:50 | INFO: Draco encoder: Encoding mesh Branch led scale foliage 2170.
16:06:50 | INFO: Draco encoder: Encoding mesh Branch led scale foliage 2171.
16:06:50 | INFO: Draco encoder: Encoding mesh Branch led scale foliage 2172.
16:06:50 | INFO: Draco encoder: Encoding mesh Branch led scale foliage 2173.
16:06:50 | INFO: Draco encoder: Encoding mesh Branch led scale foliage 2174.
16:06:50 | INFO: Draco encoder: Encoding mesh Branch led scale foliage 2175.
16:06:50 | INFO: Draco encoder: Encoding mesh Branch led scale foliage 2176.
16:06:50 | INFO: Draco encoder: Encoding mesh Branch led scale foliage 2177.
16:06:50 | INFO: Draco encoder: Encoding mesh Branch led scale foliage 2178.
16:06:50 | INFO: Draco encoder: Encoding mesh Branch led scale foliage 2179.
16:06:50 | INFO: Draco encoder: Encoding mesh Branch led scale foliage 2180.
16:06:50 | INFO: Draco encoder: Encoding mesh Branch led scale foliage 2181.
16:06:50 | INFO: Draco encoder: Encoding mesh Branch led scale foliage 2182.
16:06:50 | INFO: Draco encoder: Encoding mesh Branch led scale foliage 2183.
16:06:50 | INFO: Draco encoder: Encoding mesh Branch led scale foliage 2184.
16:06:50 | INFO: Draco encoder: Encoding mesh Branch led scale foliage 2185.
16:06:50 | INFO: Draco encoder: Encoding mesh Branch led scale foliage 2186.
16:06:50 | INFO: Draco encoder: Encoding mesh Branch led scale foliage 2187.
16:06:50 | INFO: Draco encoder: Encoding mesh Branch led scale foliage 2188.
16:06:50 | INFO: Draco encoder: Encoding mesh Branch led scale foliage 2189.
16:06:50 | INFO: Draco encoder: Encoding mesh Branch led scale foliage 2190.
16:06:50 | INFO: Draco encoder: Encoding mesh Branch led scale foliage 2191.
16:06:50 | INFO: Draco encoder: Encoding mesh Branch led scale foliage 2192.
16:06:50 | INFO: Draco encoder: Encoding mesh Branch led scale foliage 2193.
16:06:50 | INFO: Draco encoder: Encoding mesh Branch led scale foliage 2194.
16:06:50 | INFO: Draco encoder: Encoding mesh Branch led scale foliage 2195.
16:06:50 | INFO: Draco encoder: Encoding mesh Branch led scale foliage 2196.
16:06:50 | INFO: Draco encoder: Encoding mesh Branch led scale foliage 2197.
16:06:50 | INFO: Draco encoder: Encoding mesh Branch led scale foliage 2198.
16:06:50 | INFO: Draco encoder: Encoding mesh Branch led scale foliage 2199.
16:06:50 | INFO: Draco encoder: Encoding mesh Branch led scale foliage 2200.
16:06:50 | INFO: Draco encoder: Encoding mesh Branch led scale foliage 2201.
16:06:50 | INFO: Draco encoder: Encoding mesh Branch led scale foliage 2202.
16:06:50 | INFO: Draco encoder: Encoding mesh Branch led scale foliage 2203.
16:06:50 | INFO: Draco encoder: Encoding mesh Branch led scale foliage 2204.
16:06:50 | INFO: Draco encoder: Encoding mesh Branch led scale foliage 2205.
16:06:50 | INFO: Draco encoder: Encoding mesh Branch led scale foliage 2206.
16:06:50 | INFO: Draco encoder: Encoding mesh Branch led scale foliage 2207.
16:06:50 | INFO: Draco encoder: Encoding mesh Branch led scale foliage 2208.
16:06:50 | INFO: Draco encoder: Encoding mesh Branch led scale foliage 2209.
16:06:50 | INFO: Draco encoder: Encoding mesh Branch led scale foliage 2210.
16:06:50 | INFO: Draco encoder: Encoding mesh Branch led scale foliage 2211.
16:06:50 | INFO: Draco encoder: Encoding mesh Branch led scale foliage 2212.
16:06:50 | INFO: Draco encoder: Encoding mesh Branch led scale foliage 2213.
16:06:50 | INFO: Draco encoder: Encoding mesh Branch led scale foliage 2214.
16:06:50 | INFO: Draco encoder: Encoding mesh Branch led scale foliage 2215.
16:06:50 | INFO: Draco encoder: Encoding mesh Branch led scale foliage 2216.
16:06:50 | INFO: Draco encoder: Encoding mesh Branch led scale foliage 2217.
16:06:50 | INFO: Draco encoder: Encoding mesh Branch led scale foliage 2218.
16:06:50 | INFO: Draco encoder: Encoding mesh Branch led scale foliage 2219.
16:06:50 | INFO: Draco encoder: Encoding mesh Branch led scale foliage 2220.
16:06:50 | INFO: Draco encoder: Encoding mesh Branch led scale foliage 2221.
16:06:50 | INFO: Draco encoder: Encoding mesh Branch led scale foliage 2222.
16:06:50 | INFO: Draco encoder: Encoding mesh Branch led scale foliage 2223.
16:06:50 | INFO: Draco encoder: Encoding mesh Branch led scale foliage 2224.
16:06:50 | INFO: Draco encoder: Encoding mesh Branch led scale foliage 2225.
16:06:50 | INFO: Draco encoder: Encoding mesh Branch led scale foliage 2226.
16:06:50 | INFO: Draco encoder: Encoding mesh Branch led scale foliage 2227.
16:06:50 | INFO: Draco encoder: Encoding mesh Branch led scale foliage 2228.
16:06:50 | INFO: Draco encoder: Encoding mesh Branch led scale foliage 2229.
16:06:50 | INFO: Draco encoder: Encoding mesh Branch led scale foliage 2230.
16:06:50 | INFO: Draco encoder: Encoding mesh Branch led scale foliage 2231.
16:06:50 | INFO: Draco encoder: Encoding mesh Branch led scale foliage 2232.
16:06:50 | INFO: Draco encoder: Encoding mesh Branch led scale foliage 2233.
16:06:50 | INFO: Draco encoder: Encoding mesh Branch led scale foliage 2234.
16:06:50 | INFO: Draco encoder: Encoding mesh Branch led scale foliage 2235.
16:06:50 | INFO: Draco encoder: Encoding mesh Branch led scale foliage 2236.
16:06:50 | INFO: Draco encoder: Encoding mesh Branch led scale foliage 2237.
16:06:50 | INFO: Draco encoder: Encoding mesh Branch led scale foliage 2238.
16:06:50 | INFO: Draco encoder: Encoding mesh Branch led scale foliage 2239.
16:06:50 | INFO: Draco encoder: Encoding mesh Branch led scale foliage 2240.
16:06:50 | INFO: Draco encoder: Encoding mesh Branch led scale foliage 2241.
16:06:50 | INFO: Draco encoder: Encoding mesh Branch led scale foliage 2242.
16:06:50 | INFO: Draco encoder: Encoding mesh Branch led scale foliage 2243.
16:06:50 | INFO: Draco encoder: Encoding mesh Branch led scale foliage 2244.
16:06:50 | INFO: Draco encoder: Encoding mesh Branch led scale foliage 2245.
16:06:50 | INFO: Draco encoder: Encoding mesh Branch led scale foliage 2246.
16:06:50 | INFO: Draco encoder: Encoding mesh Branch led scale foliage 2247.
16:06:50 | INFO: Draco encoder: Encoding mesh Branch led scale foliage 2248.
16:06:50 | INFO: Draco encoder: Encoding mesh Branch led scale foliage 2249.
16:06:50 | INFO: Draco encoder: Encoding mesh Branch led scale foliage 2250.
16:06:50 | INFO: Draco encoder: Encoding mesh Branch led scale foliage 2251.
16:06:50 | INFO: Draco encoder: Encoding mesh Branch led scale foliage 2252.
16:06:50 | INFO: Draco encoder: Encoding mesh Branch led scale foliage 2253.
16:06:50 | INFO: Draco encoder: Encoding mesh Branch led scale foliage 2254.
16:06:50 | INFO: Draco encoder: Encoding mesh Branch led scale foliage 2255.
16:06:50 | INFO: Draco encoder: Encoding mesh Branch led scale foliage 2256.
16:06:50 | INFO: Draco encoder: Encoding mesh Branch led scale foliage 2257.
16:06:50 | INFO: Draco encoder: Encoding mesh Branch led scale foliage 2258.
16:06:50 | INFO: Draco encoder: Encoding mesh Branch led scale foliage 2259.
16:06:50 | INFO: Draco encoder: Encoding mesh Branch led scale foliage 2260.
16:06:50 | INFO: Draco encoder: Encoding mesh Branch led scale foliage 2261.
16:06:50 | INFO: Draco encoder: Encoding mesh Branch led scale foliage 2262.
16:06:50 | INFO: Draco encoder: Encoding mesh Branch led scale foliage 2263.
16:06:50 | INFO: Draco encoder: Encoding mesh Branch led scale foliage 2264.
16:06:50 | INFO: Draco encoder: Encoding mesh Branch led scale foliage 2265.
16:06:50 | INFO: Draco encoder: Encoding mesh Branch led scale foliage 2266.
16:06:50 | INFO: Draco encoder: Encoding mesh Branch led scale foliage 2267.
16:06:50 | INFO: Draco encoder: Encoding mesh Branch led scale foliage 2268.
16:06:50 | INFO: Draco encoder: Encoding mesh Branch led scale foliage 2269.
16:06:50 | INFO: Draco encoder: Encoding mesh Branch led scale foliage 2270.
16:06:50 | INFO: Draco encoder: Encoding mesh Branch led scale foliage 2271.
16:06:50 | INFO: Draco encoder: Encoding mesh Branch led scale foliage 2272.
16:06:50 | INFO: Draco encoder: Encoding mesh Branch led scale foliage 2273.
16:06:50 | INFO: Draco encoder: Encoding mesh Branch led scale foliage 2274.
16:06:50 | INFO: Draco encoder: Encoding mesh Branch led scale foliage 2275.
16:06:50 | INFO: Draco encoder: Encoding mesh Branch led scale foliage 2276.
16:06:50 | INFO: Draco encoder: Encoding mesh Branch led scale foliage 2277.
16:06:50 | INFO: Draco encoder: Encoding mesh Branch led scale foliage 2278.
16:06:50 | INFO: Draco encoder: Encoding mesh Branch led scale foliage 2279.
16:06:50 | INFO: Draco encoder: Encoding mesh Branch led scale foliage 2280.
16:06:50 | INFO: Draco encoder: Encoding mesh Branch led scale foliage 2281.
16:06:50 | INFO: Draco encoder: Encoding mesh Branch led scale foliage 2282.
16:06:50 | INFO: Draco encoder: Encoding mesh Branch led scale foliage 2283.
16:06:50 | INFO: Draco encoder: Encoding mesh Branch led scale foliage 2284.
16:06:50 | INFO: Draco encoder: Encoding mesh Branch led scale foliage 2285.
16:06:50 | INFO: Draco encoder: Encoding mesh Branch led scale foliage 2286.
16:06:50 | INFO: Draco encoder: Encoding mesh Branch led scale foliage 2287.
16:06:50 | INFO: Draco encoder: Encoding mesh Branch led scale foliage 2288.
16:06:50 | INFO: Draco encoder: Encoding mesh Branch led scale foliage 2289.
16:06:50 | INFO: Draco encoder: Encoding mesh Branch led scale foliage 2290.
16:06:50 | INFO: Draco encoder: Encoding mesh Branch led scale foliage 2291.
16:06:50 | INFO: Draco encoder: Encoding mesh Branch led scale foliage 2292.
16:06:50 | INFO: Draco encoder: Encoding mesh Branch led scale foliage 2293.
16:06:50 | INFO: Draco encoder: Encoding mesh Branch led scale foliage 2294.
16:06:50 | INFO: Draco encoder: Encoding mesh Branch led scale foliage 2295.
16:06:50 | INFO: Draco encoder: Encoding mesh Branch led scale foliage 2296.
16:06:50 | INFO: Draco encoder: Encoding mesh Branch led scale foliage 2297.
16:06:50 | INFO: Draco encoder: Encoding mesh Branch led scale foliage 2298.
16:06:50 | INFO: Draco encoder: Encoding mesh Branch led scale foliage 2299.
16:06:50 | INFO: Draco encoder: Encoding mesh Branch led scale foliage 2300.
16:06:50 | INFO: Draco encoder: Encoding mesh Branch led scale foliage 2301.
16:06:50 | INFO: Draco encoder: Encoding mesh Branch led scale foliage 2302.
16:06:50 | INFO: Draco encoder: Encoding mesh Branch led scale foliage 2303.
16:06:50 | INFO: Draco encoder: Encoding mesh Branch led scale foliage 2304.
16:06:50 | INFO: Draco encoder: Encoding mesh Branch led scale foliage 2305.
16:06:50 | INFO: Draco encoder: Encoding mesh Branch led scale foliage 2306.
16:06:50 | INFO: Draco encoder: Encoding mesh Branch led scale foliage 2307.
16:06:50 | INFO: Draco encoder: Encoding mesh Branch led scale foliage 2308.
16:06:50 | INFO: Draco encoder: Encoding mesh Branch led scale foliage 2309.
16:06:50 | INFO: Draco encoder: Encoding mesh Branch led scale foliage 2310.
16:06:50 | INFO: Draco encoder: Encoding mesh Branch led scale foliage 2311.
16:06:50 | INFO: Draco encoder: Encoding mesh Branch led scale foliage 2312.
16:06:50 | INFO: Draco encoder: Encoding mesh Branch led scale foliage 2313.
16:06:50 | INFO: Draco encoder: Encoding mesh Branch led scale foliage 2314.
16:06:50 | INFO: Draco encoder: Encoding mesh Branch led scale foliage 2315.
16:06:50 | INFO: Draco encoder: Encoding mesh Branch led scale foliage 2316.
16:06:50 | INFO: Draco encoder: Encoding mesh Branch led scale foliage 2317.
16:06:50 | INFO: Draco encoder: Encoding mesh Branch led scale foliage 2318.
16:06:50 | INFO: Draco encoder: Encoding mesh Branch led scale foliage 2319.
16:06:50 | INFO: Draco encoder: Encoding mesh Branch led scale foliage 2320.
16:06:50 | INFO: Draco encoder: Encoding mesh Branch led scale foliage 2321.
16:06:50 | INFO: Draco encoder: Encoding mesh Branch led scale foliage 2322.
16:06:50 | INFO: Draco encoder: Encoding mesh Branch led scale foliage 2323.
16:06:50 | INFO: Draco encoder: Encoding mesh Branch led scale foliage 2324.
16:06:50 | INFO: Draco encoder: Encoding mesh Branch led scale foliage 2325.
16:06:50 | INFO: Draco encoder: Encoding mesh Branch led scale foliage 2326.
16:06:50 | INFO: Draco encoder: Encoding mesh Branch led scale foliage 2327.
16:06:50 | INFO: Draco encoder: Encoding mesh Branch led scale foliage 2328.
16:06:50 | INFO: Draco encoder: Encoding mesh Branch led scale foliage 2329.
16:06:50 | INFO: Draco encoder: Encoding mesh Branch led scale foliage 2330.
16:06:50 | INFO: Draco encoder: Encoding mesh Branch led scale foliage 2331.
16:06:50 | INFO: Draco encoder: Encoding mesh Branch led scale foliage 2332.
16:06:50 | INFO: Draco encoder: Encoding mesh Branch led scale foliage 2333.
16:06:50 | INFO: Draco encoder: Encoding mesh Branch led scale foliage 2334.
16:06:50 | INFO: Draco encoder: Encoding mesh Branch led scale foliage 2335.
16:06:50 | INFO: Draco encoder: Encoding mesh Branch led scale foliage 2336.
16:06:50 | INFO: Draco encoder: Encoding mesh Branch led scale foliage 2337.
16:06:50 | INFO: Draco encoder: Encoding mesh Branch led scale foliage 2338.
16:06:50 | INFO: Draco encoder: Encoding mesh Branch led scale foliage 2339.
16:06:50 | INFO: Draco encoder: Encoding mesh Branch led scale foliage 2340.
16:06:50 | INFO: Draco encoder: Encoding mesh Branch led scale foliage 2341.
16:06:50 | INFO: Draco encoder: Encoding mesh Branch led scale foliage 2342.
16:06:50 | INFO: Draco encoder: Encoding mesh Branch led scale foliage 2343.
16:06:50 | INFO: Draco encoder: Encoding mesh Branch led scale foliage 2344.
16:06:50 | INFO: Draco encoder: Encoding mesh Branch led scale foliage 2345.
16:06:50 | INFO: Draco encoder: Encoding mesh Branch led scale foliage 2346.
16:06:50 | INFO: Draco encoder: Encoding mesh Branch led scale foliage 2347.
16:06:50 | INFO: Draco encoder: Encoding mesh Branch led scale foliage 2348.
16:06:50 | INFO: Draco encoder: Encoding mesh Branch led scale foliage 2349.
16:06:50 | INFO: Draco encoder: Encoding mesh Branch led scale foliage 2350.
16:06:50 | INFO: Draco encoder: Encoding mesh Branch led scale foliage 2351.
16:06:50 | INFO: Draco encoder: Encoding mesh Branch led scale foliage 2352.
16:06:50 | INFO: Draco encoder: Encoding mesh Branch led scale foliage 2353.
16:06:50 | INFO: Draco encoder: Encoding mesh Branch led scale foliage 2354.
16:06:50 | INFO: Draco encoder: Encoding mesh Branch led scale foliage 2355.
16:06:50 | INFO: Draco encoder: Encoding mesh Branch led scale foliage 2356.
16:06:50 | INFO: Draco encoder: Encoding mesh Branch led scale foliage 2357.
16:06:50 | INFO: Draco encoder: Encoding mesh Branch led scale foliage 2358.
16:06:50 | INFO: Draco encoder: Encoding mesh Branch led scale foliage 2359.
16:06:50 | INFO: Draco encoder: Encoding mesh Branch led scale foliage 2360.
16:06:50 | INFO: Draco encoder: Encoding mesh Branch led scale foliage 2361.
16:06:50 | INFO: Draco encoder: Encoding mesh Branch led scale foliage 2362.
16:06:50 | INFO: Draco encoder: Encoding mesh Branch led scale foliage 2363.
16:06:50 | INFO: Draco encoder: Encoding mesh Branch led scale foliage 2364.
16:06:50 | INFO: Draco encoder: Encoding mesh Branch led scale foliage 2365.
16:06:50 | INFO: Draco encoder: Encoding mesh Branch led scale foliage 2366.
16:06:50 | INFO: Draco encoder: Encoding mesh Branch led scale foliage 2367.
16:06:50 | INFO: Draco encoder: Encoding mesh Branch led scale foliage 2368.
16:06:50 | INFO: Draco encoder: Encoding mesh Branch led scale foliage 2369.
16:06:50 | INFO: Draco encoder: Encoding mesh Branch led scale foliage 2370.
16:06:50 | INFO: Draco encoder: Encoding mesh Branch led scale foliage 2371.
16:06:50 | INFO: Draco encoder: Encoding mesh Branch led scale foliage 2372.
16:06:50 | INFO: Draco encoder: Encoding mesh Branch led scale foliage 2373.
16:06:50 | INFO: Draco encoder: Encoding mesh Branch led scale foliage 2374.
16:06:50 | INFO: Draco encoder: Encoding mesh Branch led scale foliage 2375.
16:06:50 | INFO: Draco encoder: Encoding mesh Branch led scale foliage 2376.
16:06:50 | INFO: Draco encoder: Encoding mesh Branch led scale foliage 2377.
16:06:50 | INFO: Draco encoder: Encoding mesh Branch led scale foliage 2378.
16:06:50 | INFO: Draco encoder: Encoding mesh Branch led scale foliage 2379.
16:06:50 | INFO: Draco encoder: Encoding mesh Branch led scale foliage 2380.
16:06:50 | INFO: Draco encoder: Encoding mesh Branch led scale foliage 2381.
16:06:50 | INFO: Draco encoder: Encoding mesh Branch led scale foliage 2382.
16:06:50 | INFO: Draco encoder: Encoding mesh Branch led scale foliage 2383.
16:06:50 | INFO: Draco encoder: Encoding mesh Branch led scale foliage 2384.
16:06:50 | INFO: Draco encoder: Encoding mesh Branch led scale foliage 2385.
16:06:50 | INFO: Draco encoder: Encoding mesh Branch led scale foliage 2386.
16:06:50 | INFO: Draco encoder: Encoding mesh Branch led scale foliage 2387.
16:06:50 | INFO: Draco encoder: Encoding mesh Branch led scale foliage 2388.
16:06:50 | INFO: Draco encoder: Encoding mesh Branch led scale foliage 2389.
16:06:50 | INFO: Draco encoder: Encoding mesh Branch led scale foliage 2390.
16:06:50 | INFO: Draco encoder: Encoding mesh Branch led scale foliage 2391.
16:06:50 | INFO: Draco encoder: Encoding mesh Branch led scale foliage 2392.
16:06:50 | INFO: Draco encoder: Encoding mesh Branch led scale foliage 2393.
16:06:50 | INFO: Draco encoder: Encoding mesh Branch led scale foliage 2394.
16:06:50 | INFO: Draco encoder: Encoding mesh Branch led scale foliage 2395.
16:06:50 | INFO: Draco encoder: Encoding mesh Branch led scale foliage 2396.
16:06:50 | INFO: Draco encoder: Encoding mesh Branch led scale foliage 2397.
16:06:50 | INFO: Draco encoder: Encoding mesh Branch led scale foliage 2398.
16:06:50 | INFO: Draco encoder: Encoding mesh Branch led scale foliage 2399.
16:06:50 | INFO: Draco encoder: Encoding mesh Branch led scale foliage 2400.
16:06:50 | INFO: Draco encoder: Encoding mesh Branch led scale foliage 2401.
16:06:50 | INFO: Draco encoder: Encoding mesh Branch led scale foliage 2402.
16:06:50 | INFO: Draco encoder: Encoding mesh Branch led scale foliage 2403.
16:06:50 | INFO: Draco encoder: Encoding mesh Branch led scale foliage 2404.
16:06:50 | INFO: Draco encoder: Encoding mesh Branch led scale foliage 2405.
16:06:50 | INFO: Draco encoder: Encoding mesh Branch led scale foliage 2406.
16:06:50 | INFO: Draco encoder: Encoding mesh Branch led scale foliage 2407.
16:06:50 | INFO: Draco encoder: Encoding mesh Branch led scale foliage 2408.
16:06:50 | INFO: Draco encoder: Encoding mesh Branch led scale foliage 2409.
16:06:50 | INFO: Draco encoder: Encoding mesh Branch led scale foliage 2410.
16:06:50 | INFO: Draco encoder: Encoding mesh Branch led scale foliage 2411.
16:06:50 | INFO: Draco encoder: Encoding mesh Branch led scale foliage 2412.
16:06:50 | INFO: Draco encoder: Encoding mesh Branch led scale foliage 2413.
16:06:50 | INFO: Draco encoder: Encoding mesh Branch led scale foliage 2414.
16:06:50 | INFO: Draco encoder: Encoding mesh Branch led scale foliage 2415.
16:06:50 | INFO: Draco encoder: Encoding mesh Branch led scale foliage 2416.
16:06:50 | INFO: Draco encoder: Encoding mesh Branch led scale foliage 2417.
16:06:50 | INFO: Draco encoder: Encoding mesh Branch led scale foliage 2418.
16:06:50 | INFO: Draco encoder: Encoding mesh Branch led scale foliage 2419.
16:06:50 | INFO: Draco encoder: Encoding mesh Branch led scale foliage 2420.
16:06:50 | INFO: Draco encoder: Encoding mesh Branch led scale foliage 2421.
16:06:50 | INFO: Draco encoder: Encoding mesh Branch led scale foliage 2422.
16:06:50 | INFO: Draco encoder: Encoding mesh Branch led scale foliage 2423.
16:06:50 | INFO: Draco encoder: Encoding mesh Branch led scale foliage 2424.
16:06:50 | INFO: Draco encoder: Encoding mesh Branch led scale foliage 2425.
16:06:50 | INFO: Draco encoder: Encoding mesh Branch led scale foliage 2426.
16:06:50 | INFO: Draco encoder: Encoding mesh Branch led scale foliage 2427.
16:06:50 | INFO: Draco encoder: Encoding mesh Branch led scale foliage 2428.
16:06:50 | INFO: Draco encoder: Encoding mesh Branch led scale foliage 2429.
16:06:50 | INFO: Draco encoder: Encoding mesh Branch led scale foliage 2430.
16:06:50 | INFO: Draco encoder: Encoding mesh Branch led scale foliage 2431.
16:06:50 | INFO: Draco encoder: Encoding mesh Branch led scale foliage 2432.
16:06:50 | INFO: Draco encoder: Encoding mesh Branch led scale foliage 2433.
16:06:50 | INFO: Draco encoder: Encoding mesh Branch led scale foliage 2434.
16:06:50 | INFO: Draco encoder: Encoding mesh Branch led scale foliage 2435.
16:06:50 | INFO: Draco encoder: Encoding mesh Branch led scale foliage 2436.
16:06:50 | INFO: Draco encoder: Encoding mesh Branch led scale foliage 2437.
16:06:50 | INFO: Draco encoder: Encoding mesh Branch led scale foliage 2438.
16:06:50 | INFO: Draco encoder: Encoding mesh Branch led scale foliage 2439.
16:06:50 | INFO: Draco encoder: Encoding mesh Branch led scale foliage 2440.
16:06:50 | INFO: Draco encoder: Encoding mesh Branch led scale foliage 2441.
16:06:50 | INFO: Draco encoder: Encoding mesh Branch led scale foliage 2442.
16:06:50 | INFO: Draco encoder: Encoding mesh Branch led scale foliage 2443.
16:06:50 | INFO: Draco encoder: Encoding mesh Branch led scale foliage 2444.
16:06:50 | INFO: Draco encoder: Encoding mesh Branch led scale foliage 2445.
16:06:50 | INFO: Draco encoder: Encoding mesh Branch led scale foliage 2446.
16:06:50 | INFO: Draco encoder: Encoding mesh Branch led scale foliage 2447.
16:06:50 | INFO: Draco encoder: Encoding mesh Branch led scale foliage 2448.
16:06:50 | INFO: Draco encoder: Encoding mesh Branch led scale foliage 2449.
16:06:50 | INFO: Draco encoder: Encoding mesh Branch led scale foliage 2450.
16:06:50 | INFO: Draco encoder: Encoding mesh Branch led scale foliage 2451.
16:06:50 | INFO: Draco encoder: Encoding mesh Branch led scale foliage 2452.
16:06:50 | INFO: Draco encoder: Encoding mesh Branch led scale foliage 2453.
16:06:50 | INFO: Draco encoder: Encoding mesh Branch led scale foliage 2454.
16:06:50 | INFO: Draco encoder: Encoding mesh Branch led scale foliage 2455.
16:06:50 | INFO: Draco encoder: Encoding mesh Branch led scale foliage 2456.
16:06:50 | INFO: Draco encoder: Encoding mesh Branch led scale foliage 2457.
16:06:50 | INFO: Draco encoder: Encoding mesh Branch led scale foliage 2458.
16:06:50 | INFO: Draco encoder: Encoding mesh Branch led scale foliage 2459.
16:06:50 | INFO: Draco encoder: Encoding mesh Branch led scale foliage 2460.
16:06:50 | INFO: Draco encoder: Encoding mesh Branch led scale foliage 2461.
16:06:50 | INFO: Draco encoder: Encoding mesh Branch led scale foliage 2462.
16:06:50 | INFO: Draco encoder: Encoding mesh Branch led scale foliage 2463.
16:06:50 | INFO: Draco encoder: Encoding mesh Branch led scale foliage 2464.
16:06:50 | INFO: Draco encoder: Encoding mesh Branch led scale foliage 2465.
16:06:50 | INFO: Draco encoder: Encoding mesh Branch led scale foliage 2466.
16:06:50 | INFO: Draco encoder: Encoding mesh Branch led scale foliage 2467.
16:06:50 | INFO: Draco encoder: Encoding mesh Branch led scale foliage 2468.
16:06:50 | INFO: Draco encoder: Encoding mesh Branch led scale foliage 2469.
16:06:50 | INFO: Draco encoder: Encoding mesh Branch led scale foliage 2470.
16:06:50 | INFO: Draco encoder: Encoding mesh Branch led scale foliage 2471.
16:06:50 | INFO: Draco encoder: Encoding mesh Branch led scale foliage 2472.
16:06:50 | INFO: Draco encoder: Encoding mesh Branch led scale foliage 2473.
16:06:50 | INFO: Draco encoder: Encoding mesh Branch led scale foliage 2474.
16:06:50 | INFO: Draco encoder: Encoding mesh Branch led scale foliage 2475.
16:06:50 | INFO: Draco encoder: Encoding mesh Branch led scale foliage 2476.
16:06:50 | INFO: Draco encoder: Encoding mesh Branch led scale foliage 2477.
16:06:50 | INFO: Draco encoder: Encoding mesh Branch led scale foliage 2478.
16:06:50 | INFO: Draco encoder: Encoding mesh Branch led scale foliage 2479.
16:06:50 | INFO: Draco encoder: Encoding mesh Branch led scale foliage 2480.
16:06:50 | INFO: Draco encoder: Encoding mesh Branch led scale foliage 2481.
16:06:50 | INFO: Draco encoder: Encoding mesh Branch led scale foliage 2482.
16:06:50 | INFO: Draco encoder: Encoding mesh Branch led scale foliage 2483.
16:06:50 | INFO: Draco encoder: Encoding mesh Branch led scale foliage 2484.
16:06:50 | INFO: Draco encoder: Encoding mesh Branch led scale foliage 2485.
16:06:50 | INFO: Draco encoder: Encoding mesh Branch led scale foliage 2486.
16:06:50 | INFO: Draco encoder: Encoding mesh Branch led scale foliage 2487.
16:06:50 | INFO: Draco encoder: Encoding mesh Branch led scale foliage 2488.
16:06:50 | INFO: Draco encoder: Encoding mesh Branch led scale foliage 2489.
16:06:50 | INFO: Draco encoder: Encoding mesh Branch led scale foliage 2490.
16:06:50 | INFO: Draco encoder: Encoding mesh Branch led scale foliage 2491.
16:06:50 | INFO: Draco encoder: Encoding mesh Branch led scale foliage 2492.
16:06:50 | INFO: Draco encoder: Encoding mesh Branch led scale foliage 2493.
16:06:50 | INFO: Draco encoder: Encoding mesh Branch led scale foliage 2494.
16:06:50 | INFO: Draco encoder: Encoding mesh Branch led scale foliage 2495.
16:06:50 | INFO: Draco encoder: Encoding mesh Branch led scale foliage 2496.
16:06:50 | INFO: Draco encoder: Encoding mesh Branch led scale foliage 2497.
16:06:50 | INFO: Draco encoder: Encoding mesh Branch led scale foliage 2498.
16:06:50 | INFO: Draco encoder: Encoding mesh Branch led scale foliage 2499.
16:06:50 | INFO: Draco encoder: Encoding mesh Branch led scale foliage 2500.
16:06:50 | INFO: Draco encoder: Encoding mesh Branch led scale foliage 2501.
16:06:50 | INFO: Draco encoder: Encoding mesh Branch led scale foliage 2502.
16:06:50 | INFO: Draco encoder: Encoding mesh Branch led scale foliage 2503.
16:06:50 | INFO: Draco encoder: Encoding mesh Branch led scale foliage 2504.
16:06:50 | INFO: Draco encoder: Encoding mesh Branch led scale foliage 2505.
16:06:50 | INFO: Draco encoder: Encoding mesh Branch led scale foliage 2506.
16:06:50 | INFO: Draco encoder: Encoding mesh Branch led scale foliage 2507.
16:06:50 | INFO: Draco encoder: Encoding mesh Branch led scale foliage 2508.
16:06:50 | INFO: Draco encoder: Encoding mesh Branch led scale foliage 2509.
16:06:50 | INFO: Draco encoder: Encoding mesh Branch led scale foliage 2510.
16:06:50 | INFO: Draco encoder: Encoding mesh Branch led scale foliage 2511.
16:06:50 | INFO: Draco encoder: Encoding mesh Branch led scale foliage 2512.
16:06:50 | INFO: Draco encoder: Encoding mesh Branch led scale foliage 2513.
16:06:50 | INFO: Draco encoder: Encoding mesh Branch led scale foliage 2514.
16:06:50 | INFO: Draco encoder: Encoding mesh Branch led scale foliage 2515.
16:06:50 | INFO: Draco encoder: Encoding mesh Branch led scale foliage 2516.
16:06:50 | INFO: Draco encoder: Encoding mesh Branch led scale foliage 2517.
16:06:50 | INFO: Draco encoder: Encoding mesh Branch led scale foliage 2518.
16:06:50 | INFO: Draco encoder: Encoding mesh Branch led scale foliage 2519.
16:06:50 | INFO: Draco encoder: Encoding mesh Branch led scale foliage 2520.
16:06:50 | INFO: Draco encoder: Encoding mesh Branch led scale foliage 2521.
16:06:50 | INFO: Draco encoder: Encoding mesh Branch led scale foliage 2522.
16:06:50 | INFO: Draco encoder: Encoding mesh Branch led scale foliage 2523.
16:06:50 | INFO: Draco encoder: Encoding mesh Branch led scale foliage 2524.
16:06:50 | INFO: Draco encoder: Encoding mesh Branch led scale foliage 2525.
16:06:50 | INFO: Draco encoder: Encoding mesh Branch led scale foliage 2526.
16:06:50 | INFO: Draco encoder: Encoding mesh Branch led scale foliage 2527.
16:06:50 | INFO: Draco encoder: Encoding mesh Branch led scale foliage 2528.
16:06:50 | INFO: Draco encoder: Encoding mesh Branch led scale foliage 2529.
16:06:50 | INFO: Draco encoder: Encoding mesh Branch led scale foliage 2530.
16:06:50 | INFO: Draco encoder: Encoding mesh Branch led scale foliage 2531.
16:06:50 | INFO: Draco encoder: Encoding mesh Branch led scale foliage 2532.
16:06:50 | INFO: Draco encoder: Encoding mesh Branch led scale foliage 2533.
16:06:50 | INFO: Draco encoder: Encoding mesh Branch led scale foliage 2534.
16:06:50 | INFO: Draco encoder: Encoding mesh Branch led scale foliage 2535.
16:06:50 | INFO: Draco encoder: Encoding mesh Branch led scale foliage 2536.
16:06:50 | INFO: Draco encoder: Encoding mesh Branch led scale foliage 2537.
16:06:50 | INFO: Draco encoder: Encoding mesh Branch led scale foliage 2538.
16:06:50 | INFO: Draco encoder: Encoding mesh Branch led scale foliage 2539.
16:06:50 | INFO: Draco encoder: Encoding mesh Branch led scale foliage 2540.
16:06:50 | INFO: Draco encoder: Encoding mesh Branch led scale foliage 2541.
16:06:50 | INFO: Draco encoder: Encoding mesh Branch led scale foliage 2542.
16:06:50 | INFO: Draco encoder: Encoding mesh Branch led scale foliage 2543.
16:06:50 | INFO: Draco encoder: Encoding mesh Branch led scale foliage 2544.
16:06:50 | INFO: Draco encoder: Encoding mesh Branch led scale foliage 2545.
16:06:50 | INFO: Draco encoder: Encoding mesh Branch led scale foliage 2546.
16:06:50 | INFO: Draco encoder: Encoding mesh Branch led scale foliage 2547.
16:06:50 | INFO: Draco encoder: Encoding mesh Branch led scale foliage 2548.
16:06:50 | INFO: Draco encoder: Encoding mesh Branch led scale foliage 2549.
16:06:50 | INFO: Draco encoder: Encoding mesh Branch led scale foliage 2550.
16:06:50 | INFO: Draco encoder: Encoding mesh Branch led scale foliage 2551.
16:06:50 | INFO: Draco encoder: Encoding mesh Branch led scale foliage 2552.
16:06:50 | INFO: Draco encoder: Encoding mesh Branch led scale foliage 2553.
16:06:50 | INFO: Draco encoder: Encoding mesh Branch led scale foliage 2554.
16:06:50 | INFO: Draco encoder: Encoding mesh Branch led scale foliage 2555.
16:06:50 | INFO: Draco encoder: Encoding mesh Branch led scale foliage 2556.
16:06:50 | INFO: Draco encoder: Encoding mesh Branch led scale foliage 2557.
16:06:50 | INFO: Draco encoder: Encoding mesh Branch led scale foliage 2558.
16:06:50 | INFO: Draco encoder: Encoding mesh Branch led scale foliage 2559.
16:06:50 | INFO: Draco encoder: Encoding mesh Branch led scale foliage 2560.
16:06:50 | INFO: Draco encoder: Encoding mesh Branch led scale foliage 2561.
16:06:50 | INFO: Draco encoder: Encoding mesh Branch led scale foliage 2562.
16:06:50 | INFO: Draco encoder: Encoding mesh Branch led scale foliage 2563.
16:06:50 | INFO: Draco encoder: Encoding mesh Branch led scale foliage 2564.
16:06:50 | INFO: Draco encoder: Encoding mesh Branch led scale foliage 2565.
16:06:50 | INFO: Draco encoder: Encoding mesh Branch led scale foliage 2566.
16:06:50 | INFO: Draco encoder: Encoding mesh Branch led scale foliage 2567.
16:06:50 | INFO: Draco encoder: Encoding mesh Branch led scale foliage 2568.
16:06:50 | INFO: Draco encoder: Encoding mesh Branch led scale foliage 2569.
16:06:50 | INFO: Draco encoder: Encoding mesh Branch led scale foliage 2570.
16:06:50 | INFO: Draco encoder: Encoding mesh Branch led scale foliage 2571.
16:06:50 | INFO: Draco encoder: Encoding mesh Branch led scale foliage 2572.
16:06:50 | INFO: Draco encoder: Encoding mesh Branch led scale foliage 2573.
16:06:50 | INFO: Draco encoder: Encoding mesh Branch led scale foliage 2574.
16:06:50 | INFO: Draco encoder: Encoding mesh Branch led scale foliage 2575.
16:06:50 | INFO: Draco encoder: Encoding mesh Branch led scale foliage 2576.
16:06:50 | INFO: Draco encoder: Encoding mesh Branch led scale foliage 2577.
16:06:50 | INFO: Draco encoder: Encoding mesh Branch led scale foliage 2578.
16:06:50 | INFO: Draco encoder: Encoding mesh Branch led scale foliage 2579.
16:06:50 | INFO: Draco encoder: Encoding mesh Branch led scale foliage 2580.
16:06:50 | INFO: Draco encoder: Encoding mesh Branch led scale foliage 2581.
16:06:50 | INFO: Draco encoder: Encoding mesh Branch led scale foliage 2582.
16:06:50 | INFO: Draco encoder: Encoding mesh Branch led scale foliage 2583.
16:06:50 | INFO: Draco encoder: Encoding mesh Branch led scale foliage 2584.
16:06:50 | INFO: Draco encoder: Encoding mesh Branch led scale foliage 2585.
16:06:50 | INFO: Draco encoder: Encoding mesh Branch led scale foliage 2586.
16:06:50 | INFO: Draco encoder: Encoding mesh Branch led scale foliage 2587.
16:06:50 | INFO: Draco encoder: Encoding mesh Branch led scale foliage 2588.
16:06:50 | INFO: Draco encoder: Encoding mesh Branch led scale foliage 2589.
16:06:50 | INFO: Draco encoder: Encoding mesh Branch led scale foliage 2590.
16:06:50 | INFO: Draco encoder: Encoding mesh Branch led scale foliage 2591.
16:06:50 | INFO: Draco encoder: Encoding mesh Branch led scale foliage 2592.
16:06:50 | INFO: Draco encoder: Encoding mesh Branch led scale foliage 2593.
16:06:50 | INFO: Draco encoder: Encoding mesh Branch led scale foliage 2594.
16:06:50 | INFO: Draco encoder: Encoding mesh Branch led scale foliage 2595.
16:06:50 | INFO: Draco encoder: Encoding mesh Branch led scale foliage 2596.
16:06:50 | INFO: Draco encoder: Encoding mesh Branch led scale foliage 2597.
16:06:50 | INFO: Draco encoder: Encoding mesh Branch led scale foliage 2598.
16:06:50 | INFO: Draco encoder: Encoding mesh Branch led scale foliage 2599.
16:06:50 | INFO: Draco encoder: Encoding mesh Branch led scale foliage 2600.
16:06:50 | INFO: Draco encoder: Encoding mesh Branch led scale foliage 2601.
16:06:50 | INFO: Draco encoder: Encoding mesh Branch led scale foliage 2602.
16:06:50 | INFO: Draco encoder: Encoding mesh Branch led scale foliage 2603.
16:06:50 | INFO: Draco encoder: Encoding mesh Branch led scale foliage 2604.
16:06:50 | INFO: Draco encoder: Encoding mesh Branch led scale foliage 2605.
16:06:50 | INFO: Draco encoder: Encoding mesh Branch led scale foliage 2606.
16:06:50 | INFO: Draco encoder: Encoding mesh Branch led scale foliage 2607.
16:06:50 | INFO: Draco encoder: Encoding mesh Branch led scale foliage 2608.
16:06:50 | INFO: Draco encoder: Encoding mesh Branch led scale foliage 2609.
16:06:50 | INFO: Draco encoder: Encoding mesh Branch led scale foliage 2610.
16:06:50 | INFO: Draco encoder: Encoding mesh Branch led scale foliage 2611.
16:06:50 | INFO: Draco encoder: Encoding mesh Branch led scale foliage 2612.
16:06:50 | INFO: Draco encoder: Encoding mesh Branch led scale foliage 2613.
16:06:50 | INFO: Draco encoder: Encoding mesh Branch led scale foliage 2614.
16:06:50 | INFO: Draco encoder: Encoding mesh Branch led scale foliage 2615.
16:06:50 | INFO: Draco encoder: Encoding mesh Branch led scale foliage 2616.
16:06:50 | INFO: Draco encoder: Encoding mesh Branch led scale foliage 2617.
16:06:50 | INFO: Draco encoder: Encoding mesh Branch led scale foliage 2618.
16:06:50 | INFO: Draco encoder: Encoding mesh Branch led scale foliage 2619.
16:06:50 | INFO: Draco encoder: Encoding mesh Branch led scale foliage 2620.
16:06:50 | INFO: Draco encoder: Encoding mesh Branch led scale foliage 2621.
16:06:50 | INFO: Draco encoder: Encoding mesh Branch led scale foliage 2622.
16:06:50 | INFO: Draco encoder: Encoding mesh Branch led scale foliage 2623.
16:06:50 | INFO: Draco encoder: Encoding mesh Branch led scale foliage 2624.
16:06:50 | INFO: Draco encoder: Encoding mesh Branch led scale foliage 2625.
16:06:50 | INFO: Draco encoder: Encoding mesh Branch led scale foliage 2626.
16:06:50 | INFO: Draco encoder: Encoding mesh Branch led scale foliage 2627.
16:06:50 | INFO: Draco encoder: Encoding mesh Branch led scale foliage 2628.
16:06:50 | INFO: Draco encoder: Encoding mesh Branch led scale foliage 2629.
16:06:50 | INFO: Draco encoder: Encoding mesh Branch led scale foliage 2630.
16:06:50 | INFO: Draco encoder: Encoding mesh Branch led scale foliage 2631.
16:06:50 | INFO: Draco encoder: Encoding mesh Branch led scale foliage 2632.
16:06:50 | INFO: Draco encoder: Encoding mesh Branch led scale foliage 2633.
16:06:50 | INFO: Draco encoder: Encoding mesh Branch led scale foliage 2634.
16:06:50 | INFO: Draco encoder: Encoding mesh Branch led scale foliage 2635.
16:06:50 | INFO: Draco encoder: Encoding mesh Branch led scale foliage 2636.
16:06:50 | INFO: Draco encoder: Encoding mesh Branch led scale foliage 2637.
16:06:50 | INFO: Draco encoder: Encoding mesh Branch led scale foliage 2638.
16:06:50 | INFO: Draco encoder: Encoding mesh Branch led scale foliage 2639.
16:06:50 | INFO: Draco encoder: Encoding mesh Branch led scale foliage 2640.
16:06:50 | INFO: Draco encoder: Encoding mesh Branch led scale foliage 2641.
16:06:50 | INFO: Draco encoder: Encoding mesh Branch led scale foliage 2642.
16:06:50 | INFO: Draco encoder: Encoding mesh Branch led scale foliage 2643.
16:06:50 | INFO: Draco encoder: Encoding mesh Branch led scale foliage 2644.
16:06:50 | INFO: Draco encoder: Encoding mesh Branch led scale foliage 2645.
16:06:50 | INFO: Draco encoder: Encoding mesh Branch led scale foliage 2646.
16:06:50 | INFO: Draco encoder: Encoding mesh Branch led scale foliage 2647.
16:06:50 | INFO: Draco encoder: Encoding mesh Branch led scale foliage 2648.
16:06:50 | INFO: Draco encoder: Encoding mesh Branch led scale foliage 2649.
16:06:50 | INFO: Draco encoder: Encoding mesh Branch led scale foliage 2650.
16:06:50 | INFO: Draco encoder: Encoding mesh Branch led scale foliage 2651.
16:06:50 | INFO: Draco encoder: Encoding mesh Branch led scale foliage 2652.
16:06:50 | INFO: Draco encoder: Encoding mesh Branch led scale foliage 2653.
16:06:50 | INFO: Draco encoder: Encoding mesh Branch led scale foliage 2654.
16:06:50 | INFO: Draco encoder: Encoding mesh Branch led scale foliage 2655.
16:06:50 | INFO: Draco encoder: Encoding mesh Branch led scale foliage 2656.
16:06:50 | INFO: Draco encoder: Encoding mesh Branch led scale foliage 2657.
16:06:50 | INFO: Draco encoder: Encoding mesh Branch led scale foliage 2658.
16:06:50 | INFO: Draco encoder: Encoding mesh Branch led scale foliage 2659.
16:06:50 | INFO: Draco encoder: Encoding mesh Branch led scale foliage 2660.
16:06:50 | INFO: Draco encoder: Encoding mesh Branch led scale foliage 2661.
16:06:50 | INFO: Draco encoder: Encoding mesh Branch led scale foliage 2662.
16:06:50 | INFO: Draco encoder: Encoding mesh Branch led scale foliage 2663.
16:06:50 | INFO: Draco encoder: Encoding mesh Branch led scale foliage 2664.
16:06:50 | INFO: Draco encoder: Encoding mesh Branch led scale foliage 2665.
16:06:50 | INFO: Draco encoder: Encoding mesh Branch led scale foliage 2666.
16:06:50 | INFO: Draco encoder: Encoding mesh Branch led scale foliage 2667.
16:06:50 | INFO: Draco encoder: Encoding mesh Branch led scale foliage 2668.
16:06:50 | INFO: Draco encoder: Encoding mesh Branch led scale foliage 2669.
16:06:50 | INFO: Draco encoder: Encoding mesh Branch led scale foliage 2670.
16:06:50 | INFO: Draco encoder: Encoding mesh Branch led scale foliage 2671.
16:06:50 | INFO: Draco encoder: Encoding mesh Branch led scale foliage 2672.
16:06:50 | INFO: Draco encoder: Encoding mesh Branch led scale foliage 2673.
16:06:50 | INFO: Draco encoder: Encoding mesh Branch led scale foliage 2674.
16:06:50 | INFO: Draco encoder: Encoding mesh Branch led scale foliage 2675.
16:06:50 | INFO: Draco encoder: Encoding mesh Branch led scale foliage 2676.
16:06:50 | INFO: Draco encoder: Encoding mesh Branch led scale foliage 2677.
16:06:50 | INFO: Draco encoder: Encoding mesh Branch led scale foliage 2678.
16:06:50 | INFO: Draco encoder: Encoding mesh Branch led scale foliage 2679.
16:06:50 | INFO: Draco encoder: Encoding mesh Branch led scale foliage 2680.
16:06:50 | INFO: Draco encoder: Encoding mesh Branch led scale foliage 2681.
16:06:50 | INFO: Draco encoder: Encoding mesh Branch led scale foliage 2682.
16:06:50 | INFO: Draco encoder: Encoding mesh Branch led scale foliage 2683.
16:06:50 | INFO: Draco encoder: Encoding mesh Branch led scale foliage 2684.
16:06:50 | INFO: Draco encoder: Encoding mesh Branch led scale foliage 2685.
16:06:50 | INFO: Draco encoder: Encoding mesh Branch led scale foliage 2686.
16:06:50 | INFO: Draco encoder: Encoding mesh Branch led scale foliage 2687.
16:06:50 | INFO: Draco encoder: Encoding mesh Branch led scale foliage 2688.
16:06:50 | INFO: Draco encoder: Encoding mesh Branch led scale foliage 2689.
16:06:50 | INFO: Draco encoder: Encoding mesh Branch led scale foliage 2690.
16:06:50 | INFO: Draco encoder: Encoding mesh Branch led scale foliage 2691.
16:06:50 | INFO: Draco encoder: Encoding mesh Branch led scale foliage 2692.
16:06:50 | INFO: Draco encoder: Encoding mesh Branch led scale foliage 2693.
16:06:50 | INFO: Draco encoder: Encoding mesh Branch led scale foliage 2694.
16:06:50 | INFO: Draco encoder: Encoding mesh Branch led scale foliage 2695.
16:06:50 | INFO: Draco encoder: Encoding mesh Branch led scale foliage 2696.
16:06:50 | INFO: Draco encoder: Encoding mesh Branch led scale foliage 2697.
16:06:50 | INFO: Draco encoder: Encoding mesh Branch led scale foliage 2698.
16:06:50 | INFO: Draco encoder: Encoding mesh Branch led scale foliage 2699.
16:06:50 | INFO: Draco encoder: Encoding mesh Branch led scale foliage 2700.
16:06:50 | INFO: Draco encoder: Encoding mesh Branch led scale foliage 2701.
16:06:50 | INFO: Draco encoder: Encoding mesh Branch led scale foliage 2702.
16:06:50 | INFO: Draco encoder: Encoding mesh Branch led scale foliage 2703.
16:06:50 | INFO: Draco encoder: Encoding mesh Branch led scale foliage 2704.
16:06:50 | INFO: Draco encoder: Encoding mesh Branch led scale foliage 2705.
16:06:50 | INFO: Draco encoder: Encoding mesh Branch led scale foliage 2706.
16:06:50 | INFO: Draco encoder: Encoding mesh Branch led scale foliage 2707.
16:06:50 | INFO: Draco encoder: Encoding mesh Branch led scale foliage 2708.
16:06:50 | INFO: Draco encoder: Encoding mesh Branch led scale foliage 2709.
16:06:50 | INFO: Draco encoder: Encoding mesh Branch led scale foliage 2710.
16:06:50 | INFO: Draco encoder: Encoding mesh Branch led scale foliage 2711.
16:06:50 | INFO: Draco encoder: Encoding mesh Branch led scale foliage 2712.
16:06:50 | INFO: Draco encoder: Encoding mesh Branch led scale foliage 2713.
16:06:50 | INFO: Draco encoder: Encoding mesh Branch led scale foliage 2714.
16:06:50 | INFO: Draco encoder: Encoding mesh Branch led scale foliage 2715.
16:06:50 | INFO: Draco encoder: Encoding mesh Branch led scale foliage 2716.
16:06:50 | INFO: Draco encoder: Encoding mesh Branch led scale foliage 2717.
16:06:50 | INFO: Draco encoder: Encoding mesh Branch led scale foliage 2718.
16:06:50 | INFO: Draco encoder: Encoding mesh Branch led scale foliage 2719.
16:06:50 | INFO: Draco encoder: Encoding mesh Branch led scale foliage 2720.
16:06:50 | INFO: Draco encoder: Encoding mesh Branch led scale foliage 2721.
16:06:50 | INFO: Draco encoder: Encoding mesh Branch led scale foliage 2722.
16:06:50 | INFO: Draco encoder: Encoding mesh Branch led scale foliage 2723.
16:06:50 | INFO: Draco encoder: Encoding mesh Branch led scale foliage 2724.
16:06:50 | INFO: Draco encoder: Encoding mesh Branch led scale foliage 2725.
16:06:50 | INFO: Draco encoder: Encoding mesh Branch led scale foliage 2726.
16:06:50 | INFO: Draco encoder: Encoding mesh Branch led scale foliage 2727.
16:06:50 | INFO: Draco encoder: Encoding mesh Branch led scale foliage 2728.
16:06:50 | INFO: Draco encoder: Encoding mesh Branch led scale foliage 2729.
16:06:50 | INFO: Draco encoder: Encoding mesh Branch led scale foliage 2730.
16:06:50 | INFO: Draco encoder: Encoding mesh Branch led scale foliage 2731.
16:06:50 | INFO: Draco encoder: Encoding mesh Branch led scale foliage 2732.
16:06:50 | INFO: Draco encoder: Encoding mesh Branch led scale foliage 2733.
16:06:50 | INFO: Draco encoder: Encoding mesh Branch led scale foliage 2734.
16:06:50 | INFO: Draco encoder: Encoding mesh Branch led scale foliage 2735.
16:06:50 | INFO: Draco encoder: Encoding mesh Branch led scale foliage 2736.
16:06:50 | INFO: Draco encoder: Encoding mesh Branch led scale foliage 2737.
16:06:50 | INFO: Draco encoder: Encoding mesh Branch led scale foliage 2738.
16:06:50 | INFO: Draco encoder: Encoding mesh Branch led scale foliage 2739.
16:06:50 | INFO: Draco encoder: Encoding mesh Branch led scale foliage 2740.
16:06:50 | INFO: Draco encoder: Encoding mesh Branch led scale foliage 2741.
16:06:50 | INFO: Draco encoder: Encoding mesh Branch led scale foliage 2742.
16:06:50 | INFO: Draco encoder: Encoding mesh Branch led scale foliage 2743.
16:06:50 | INFO: Draco encoder: Encoding mesh Branch led scale foliage 2744.
16:06:50 | INFO: Draco encoder: Encoding mesh Branch led scale foliage 2745.
16:06:50 | INFO: Draco encoder: Encoding mesh Branch led scale foliage 2746.
16:06:50 | INFO: Draco encoder: Encoding mesh Branch led scale foliage 2747.
16:06:50 | INFO: Draco encoder: Encoding mesh Branch led scale foliage 2748.
16:06:50 | INFO: Draco encoder: Encoding mesh Branch led scale foliage 2749.
16:06:50 | INFO: Draco encoder: Encoding mesh Branch led scale foliage 2750.
16:06:50 | INFO: Draco encoder: Encoding mesh Branch led scale foliage 2751.
16:06:50 | INFO: Draco encoder: Encoding mesh Branch led scale foliage 2752.
16:06:50 | INFO: Draco encoder: Encoding mesh Branch led scale foliage 2753.
16:06:50 | INFO: Draco encoder: Encoding mesh Branch led scale foliage 2754.
16:06:50 | INFO: Draco encoder: Encoding mesh Branch led scale foliage 2755.
16:06:50 | INFO: Draco encoder: Encoding mesh Branch led scale foliage 2756.
16:06:50 | INFO: Draco encoder: Encoding mesh Branch led scale foliage 2757.
16:06:50 | INFO: Draco encoder: Encoding mesh Branch led scale foliage 2758.
16:06:50 | INFO: Draco encoder: Encoding mesh Branch led scale foliage 2759.
16:06:50 | INFO: Draco encoder: Encoding mesh Branch led scale foliage 2760.
16:06:50 | INFO: Draco encoder: Encoding mesh Branch led scale foliage 2761.
16:06:50 | INFO: Draco encoder: Encoding mesh Branch led scale foliage 2762.
16:06:50 | INFO: Draco encoder: Encoding mesh Branch led scale foliage 2763.
16:06:50 | INFO: Draco encoder: Encoding mesh Branch led scale foliage 2764.
16:06:50 | INFO: Draco encoder: Encoding mesh Branch led scale foliage 2765.
16:06:50 | INFO: Draco encoder: Encoding mesh Branch led scale foliage 2766.
16:06:50 | INFO: Draco encoder: Encoding mesh Branch led scale foliage 2767.
16:06:50 | INFO: Draco encoder: Encoding mesh Branch led scale foliage 2768.
16:06:50 | INFO: Draco encoder: Encoding mesh Branch led scale foliage 2769.
16:06:50 | INFO: Draco encoder: Encoding mesh Branch led scale foliage 2770.
16:06:50 | INFO: Draco encoder: Encoding mesh Branch led scale foliage 2771.
16:06:50 | INFO: Draco encoder: Encoding mesh Branch led scale foliage 2772.
16:06:50 | INFO: Draco encoder: Encoding mesh Branch led scale foliage 2773.
16:06:50 | INFO: Draco encoder: Encoding mesh Branch led scale foliage 2774.
16:06:50 | INFO: Draco encoder: Encoding mesh Branch led scale foliage 2775.
16:06:50 | INFO: Draco encoder: Encoding mesh Branch led scale foliage 2776.
16:06:50 | INFO: Draco encoder: Encoding mesh Branch led scale foliage 2777.
16:06:50 | INFO: Draco encoder: Encoding mesh Branch led scale foliage 2778.
16:06:50 | INFO: Draco encoder: Encoding mesh Branch led scale foliage 2779.
16:06:50 | INFO: Draco encoder: Encoding mesh Branch led scale foliage 2780.
16:06:50 | INFO: Draco encoder: Encoding mesh Branch led scale foliage 2781.
16:06:50 | INFO: Draco encoder: Encoding mesh Branch led scale foliage 2782.
16:06:50 | INFO: Draco encoder: Encoding mesh Branch led scale foliage 2783.
16:06:50 | INFO: Draco encoder: Encoding mesh Branch led scale foliage 2784.
16:06:50 | INFO: Draco encoder: Encoding mesh Branch led scale foliage 2785.
16:06:50 | INFO: Draco encoder: Encoding mesh Branch led scale foliage 2786.
16:06:50 | INFO: Draco encoder: Encoding mesh Branch led scale foliage 2787.
16:06:50 | INFO: Draco encoder: Encoding mesh Branch led scale foliage 2788.
16:06:50 | INFO: Draco encoder: Encoding mesh Branch led scale foliage 2789.
16:06:50 | INFO: Draco encoder: Encoding mesh Branch led scale foliage 2790.
16:06:50 | INFO: Draco encoder: Encoding mesh Branch led scale foliage 2791.
16:06:50 | INFO: Draco encoder: Encoding mesh Branch led scale foliage 2792.
16:06:50 | INFO: Draco encoder: Encoding mesh Branch led scale foliage 2793.
16:06:50 | INFO: Draco encoder: Encoding mesh Branch led scale foliage 2794.
16:06:50 | INFO: Draco encoder: Encoding mesh Branch led scale foliage 2795.
16:06:50 | INFO: Draco encoder: Encoding mesh Branch led scale foliage 2796.
16:06:50 | INFO: Draco encoder: Encoding mesh Branch led scale foliage 2797.
16:06:50 | INFO: Draco encoder: Encoding mesh Branch led scale foliage 2798.
16:06:50 | INFO: Draco encoder: Encoding mesh Branch led scale foliage 2799.
16:06:50 | INFO: Draco encoder: Encoding mesh Branch led scale foliage 2800.
16:06:50 | INFO: Draco encoder: Encoding mesh Branch led scale foliage 2801.
16:06:50 | INFO: Draco encoder: Encoding mesh Branch led scale foliage 2802.
16:06:50 | INFO: Draco encoder: Encoding mesh Branch led scale foliage 2803.
16:06:50 | INFO: Draco encoder: Encoding mesh Branch led scale foliage 2804.
16:06:50 | INFO: Draco encoder: Encoding mesh Branch led scale foliage 2805.
16:06:50 | INFO: Draco encoder: Encoding mesh Branch led scale foliage 2806.
16:06:50 | INFO: Draco encoder: Encoding mesh Branch led scale foliage 2807.
16:06:50 | INFO: Draco encoder: Encoding mesh Branch led scale foliage 2808.
16:06:50 | INFO: Draco encoder: Encoding mesh Branch led scale foliage 2809.
16:06:50 | INFO: Draco encoder: Encoding mesh Branch led scale foliage 2810.
16:06:50 | INFO: Draco encoder: Encoding mesh Branch led scale foliage 2811.
16:06:50 | INFO: Draco encoder: Encoding mesh Branch led scale foliage 2812.
16:06:50 | INFO: Draco encoder: Encoding mesh Branch led scale foliage 2813.
16:06:50 | INFO: Draco encoder: Encoding mesh Branch led scale foliage 2814.
16:06:50 | INFO: Draco encoder: Encoding mesh Branch led scale foliage 2815.
16:06:50 | INFO: Draco encoder: Encoding mesh Branch led scale foliage 2816.
16:06:50 | INFO: Draco encoder: Encoding mesh Branch led scale foliage 2817.
16:06:50 | INFO: Draco encoder: Encoding mesh Branch led scale foliage 2818.
16:06:50 | INFO: Draco encoder: Encoding mesh Branch led scale foliage 2819.
16:06:50 | INFO: Draco encoder: Encoding mesh Branch led scale foliage 2820.
16:06:50 | INFO: Draco encoder: Encoding mesh Branch led scale foliage 2821.
16:06:50 | INFO: Draco encoder: Encoding mesh Branch led scale foliage 2822.
16:06:50 | INFO: Draco encoder: Encoding mesh Branch led scale foliage 2823.
16:06:50 | INFO: Draco encoder: Encoding mesh Branch led scale foliage 2824.
16:06:50 | INFO: Draco encoder: Encoding mesh Branch led scale foliage 2825.
16:06:50 | INFO: Draco encoder: Encoding mesh Branch led scale foliage 2826.
16:06:50 | INFO: Draco encoder: Encoding mesh Branch led scale foliage 2827.
16:06:50 | INFO: Draco encoder: Encoding mesh Branch led scale foliage 2828.
16:06:50 | INFO: Draco encoder: Encoding mesh Branch led scale foliage 2829.
16:06:50 | INFO: Draco encoder: Encoding mesh Branch led scale foliage 2830.
16:06:50 | INFO: Draco encoder: Encoding mesh Branch led scale foliage 2831.
16:06:50 | INFO: Draco encoder: Encoding mesh Branch led scale foliage 2832.
16:06:50 | INFO: Draco encoder: Encoding mesh Branch led scale foliage 2833.
16:06:50 | INFO: Draco encoder: Encoding mesh Branch led scale foliage 2834.
16:06:50 | INFO: Draco encoder: Encoding mesh Branch led scale foliage 2835.
16:06:50 | INFO: Draco encoder: Encoding mesh Branch led scale foliage 2836.
16:06:50 | INFO: Draco encoder: Encoding mesh Branch led scale foliage 2837.
16:06:50 | INFO: Draco encoder: Encoding mesh Branch led scale foliage 2838.
16:06:50 | INFO: Draco encoder: Encoding mesh Branch led scale foliage 2839.
16:06:50 | INFO: Draco encoder: Encoding mesh Branch led scale foliage 2840.
16:06:50 | INFO: Draco encoder: Encoding mesh Branch led scale foliage 2841.
16:06:50 | INFO: Draco encoder: Encoding mesh Branch led scale foliage 2842.
16:06:50 | INFO: Draco encoder: Encoding mesh Branch led scale foliage 2843.
16:06:50 | INFO: Draco encoder: Encoding mesh Branch led scale foliage 2844.
16:06:50 | INFO: Draco encoder: Encoding mesh Branch led scale foliage 2845.
16:06:50 | INFO: Draco encoder: Encoding mesh Branch led scale foliage 2846.
16:06:50 | INFO: Draco encoder: Encoding mesh Branch led scale foliage 2847.
16:06:50 | INFO: Draco encoder: Encoding mesh Branch led scale foliage 2848.
16:06:50 | INFO: Draco encoder: Encoding mesh Branch led scale foliage 2849.
16:06:50 | INFO: Draco encoder: Encoding mesh Branch led scale foliage 2850.
16:06:50 | INFO: Draco encoder: Encoding mesh Branch led scale foliage 2851.
16:06:50 | INFO: Draco encoder: Encoding mesh Branch led scale foliage 2852.
16:06:50 | INFO: Draco encoder: Encoding mesh Branch led scale foliage 2853.
16:06:50 | INFO: Draco encoder: Encoding mesh Branch led scale foliage 2854.
16:06:50 | INFO: Draco encoder: Encoding mesh Branch led scale foliage 2855.
16:06:50 | INFO: Draco encoder: Encoding mesh Branch led scale foliage 2856.
16:06:50 | INFO: Draco encoder: Encoding mesh Branch led scale foliage 2857.
16:06:50 | INFO: Draco encoder: Encoding mesh Branch led scale foliage 2858.
16:06:50 | INFO: Draco encoder: Encoding mesh Branch led scale foliage 2859.
16:06:50 | INFO: Draco encoder: Encoding mesh Branch led scale foliage 2860.
16:06:50 | INFO: Draco encoder: Encoding mesh Branch led scale foliage 2861.
16:06:50 | INFO: Draco encoder: Encoding mesh Branch led scale foliage 2862.
16:06:50 | INFO: Draco encoder: Encoding mesh Branch led scale foliage 2863.
16:06:50 | INFO: Draco encoder: Encoding mesh Branch led scale foliage 2864.
16:06:50 | INFO: Draco encoder: Encoding mesh Branch led scale foliage 2865.
16:06:50 | INFO: Draco encoder: Encoding mesh Branch led scale foliage 2866.
16:06:50 | INFO: Draco encoder: Encoding mesh Branch led scale foliage 2867.
16:06:50 | INFO: Draco encoder: Encoding mesh Branch led scale foliage 2868.
16:06:50 | INFO: Draco encoder: Encoding mesh Branch led scale foliage 2869.
16:06:50 | INFO: Draco encoder: Encoding mesh Branch led scale foliage 2870.
16:06:50 | INFO: Draco encoder: Encoding mesh Branch led scale foliage 2871.
16:06:50 | INFO: Draco encoder: Encoding mesh Branch led scale foliage 2872.
16:06:50 | INFO: Draco encoder: Encoding mesh Branch led scale foliage 2873.
16:06:50 | INFO: Draco encoder: Encoding mesh Branch led scale foliage 2874.
16:06:50 | INFO: Draco encoder: Encoding mesh Branch led scale foliage 2875.
16:06:50 | INFO: Draco encoder: Encoding mesh Branch led scale foliage 2876.
16:06:50 | INFO: Draco encoder: Encoding mesh Branch led scale foliage 2877.
16:06:50 | INFO: Draco encoder: Encoding mesh Branch led scale foliage 2878.
16:06:50 | INFO: Draco encoder: Encoding mesh Branch led scale foliage 2879.
16:06:50 | INFO: Draco encoder: Encoding mesh Branch led scale foliage 2880.
16:06:50 | INFO: Draco encoder: Encoding mesh Branch led scale foliage 2881.
16:06:50 | INFO: Draco encoder: Encoding mesh Branch led scale foliage 2882.
16:06:50 | INFO: Draco encoder: Encoding mesh Branch led scale foliage 2883.
16:06:50 | INFO: Draco encoder: Encoding mesh Branch led scale foliage 2884.
16:06:50 | INFO: Draco encoder: Encoding mesh Branch led scale foliage 2885.
16:06:50 | INFO: Draco encoder: Encoding mesh Branch led scale foliage 2886.
16:06:50 | INFO: Draco encoder: Encoding mesh Branch led scale foliage 2887.
16:06:50 | INFO: Draco encoder: Encoding mesh Branch led scale foliage 2888.
16:06:50 | INFO: Draco encoder: Encoding mesh Branch led scale foliage 2889.
16:06:50 | INFO: Draco encoder: Encoding mesh Branch led scale foliage 2890.
16:06:50 | INFO: Draco encoder: Encoding mesh Branch led scale foliage 2891.
16:06:50 | INFO: Draco encoder: Encoding mesh Branch led scale foliage 2892.
16:06:50 | INFO: Draco encoder: Encoding mesh Branch led scale foliage 2893.
16:06:50 | INFO: Draco encoder: Encoding mesh Branch led scale foliage 2894.
16:06:50 | INFO: Draco encoder: Encoding mesh Branch led scale foliage 2895.
16:06:50 | INFO: Draco encoder: Encoding mesh Branch led scale foliage 2896.
16:06:50 | INFO: Draco encoder: Encoding mesh Branch led scale foliage 2897.
16:06:50 | INFO: Draco encoder: Encoding mesh Branch led scale foliage 2898.
16:06:50 | INFO: Draco encoder: Encoding mesh Branch led scale foliage 2899.
16:06:50 | INFO: Draco encoder: Encoding mesh Branch led scale foliage 2900.
16:06:50 | INFO: Draco encoder: Encoding mesh Branch led scale foliage 2901.
16:06:50 | INFO: Draco encoder: Encoding mesh Branch led scale foliage 2902.
16:06:50 | INFO: Draco encoder: Encoding mesh Branch led scale foliage 2903.
16:06:50 | INFO: Draco encoder: Encoding mesh Branch led scale foliage 2904.
16:06:50 | INFO: Draco encoder: Encoding mesh Branch led scale foliage 2905.
16:06:50 | INFO: Draco encoder: Encoding mesh Branch led scale foliage 2906.
16:06:50 | INFO: Draco encoder: Encoding mesh Branch led scale foliage 2907.
16:06:50 | INFO: Draco encoder: Encoding mesh Branch led scale foliage 2908.
16:06:50 | INFO: Draco encoder: Encoding mesh Branch led scale foliage 2909.
16:06:50 | INFO: Draco encoder: Encoding mesh Branch led scale foliage 2910.
16:06:50 | INFO: Draco encoder: Encoding mesh Branch led scale foliage 2911.
16:06:50 | INFO: Draco encoder: Encoding mesh Branch led scale foliage 2912.
16:06:50 | INFO: Draco encoder: Encoding mesh Branch led scale foliage 2913.
16:06:50 | INFO: Draco encoder: Encoding mesh Branch led scale foliage 2914.
16:06:50 | INFO: Draco encoder: Encoding mesh Branch led scale foliage 2915.
16:06:50 | INFO: Draco encoder: Encoding mesh Branch led scale foliage 2916.
16:06:50 | INFO: Draco encoder: Encoding mesh Branch led scale foliage 2917.
16:06:50 | INFO: Draco encoder: Encoding mesh Branch led scale foliage 2918.
16:06:50 | INFO: Draco encoder: Encoding mesh Branch led scale foliage 2919.
16:06:50 | INFO: Draco encoder: Encoding mesh Branch led scale foliage 2920.
16:06:50 | INFO: Draco encoder: Encoding mesh Branch led scale foliage 2921.
16:06:50 | INFO: Draco encoder: Encoding mesh Branch led scale foliage 2922.
16:06:50 | INFO: Draco encoder: Encoding mesh Branch led scale foliage 2923.
16:06:50 | INFO: Draco encoder: Encoding mesh Branch led scale foliage 2924.
16:06:50 | INFO: Draco encoder: Encoding mesh Branch led scale foliage 2925.
16:06:50 | INFO: Draco encoder: Encoding mesh Branch led scale foliage 2926.
16:06:50 | INFO: Draco encoder: Encoding mesh Branch led scale foliage 2927.
16:06:50 | INFO: Draco encoder: Encoding mesh Branch led scale foliage 2928.
16:06:50 | INFO: Draco encoder: Encoding mesh Branch led scale foliage 2929.
16:06:50 | INFO: Draco encoder: Encoding mesh Branch led scale foliage 2930.
16:06:50 | INFO: Draco encoder: Encoding mesh Branch led scale foliage 2931.
16:06:50 | INFO: Draco encoder: Encoding mesh Branch led scale foliage 2932.
16:06:50 | INFO: Draco encoder: Encoding mesh Branch led scale foliage 2933.
16:06:50 | INFO: Draco encoder: Encoding mesh Branch led scale foliage 2934.
16:06:50 | INFO: Draco encoder: Encoding mesh Branch led scale foliage 2935.
16:06:50 | INFO: Draco encoder: Encoding mesh Branch led scale foliage 2936.
16:06:50 | INFO: Draco encoder: Encoding mesh Branch led scale foliage 2937.
16:06:50 | INFO: Draco encoder: Encoding mesh Branch led scale foliage 2938.
16:06:50 | INFO: Draco encoder: Encoding mesh Branch led scale foliage 2939.
16:06:50 | INFO: Draco encoder: Encoding mesh Branch led scale foliage 2940.
16:06:50 | INFO: Draco encoder: Encoding mesh Branch led scale foliage 2941.
16:06:50 | INFO: Draco encoder: Encoding mesh Branch led scale foliage 2942.
16:06:50 | INFO: Draco encoder: Encoding mesh Branch led scale foliage 2943.
16:06:50 | INFO: Draco encoder: Encoding mesh Branch led scale foliage 2944.
16:06:50 | INFO: Draco encoder: Encoding mesh Branch led scale foliage 2945.
16:06:50 | INFO: Draco encoder: Encoding mesh Branch led scale foliage 2946.
16:06:50 | INFO: Draco encoder: Encoding mesh Branch led scale foliage 2947.
16:06:50 | INFO: Draco encoder: Encoding mesh Branch led scale foliage 2948.
16:06:50 | INFO: Draco encoder: Encoding mesh Branch led scale foliage 2949.
16:06:50 | INFO: Draco encoder: Encoding mesh Branch led scale foliage 2950.
16:06:50 | INFO: Draco encoder: Encoding mesh Branch led scale foliage 2951.
16:06:50 | INFO: Draco encoder: Encoding mesh Branch led scale foliage 2952.
16:06:50 | INFO: Draco encoder: Encoding mesh Branch led scale foliage 2953.
16:06:50 | INFO: Draco encoder: Encoding mesh Branch led scale foliage 2954.
16:06:50 | INFO: Draco encoder: Encoding mesh Branch led scale foliage 2955.
16:06:50 | INFO: Draco encoder: Encoding mesh Branch led scale foliage 2956.
16:06:50 | INFO: Draco encoder: Encoding mesh Branch led scale foliage 2957.
16:06:50 | INFO: Draco encoder: Encoding mesh Branch led scale foliage 2958.
16:06:50 | INFO: Draco encoder: Encoding mesh Branch led scale foliage 2959.
16:06:50 | INFO: Draco encoder: Encoding mesh Branch led scale foliage 2960.
16:06:50 | INFO: Draco encoder: Encoding mesh Branch led scale foliage 2961.
16:06:50 | INFO: Draco encoder: Encoding mesh Branch led scale foliage 2962.
16:06:50 | INFO: Draco encoder: Encoding mesh Branch led scale foliage 2963.
16:06:50 | INFO: Draco encoder: Encoding mesh Branch led scale foliage 2964.
16:06:50 | INFO: Draco encoder: Encoding mesh Branch led scale foliage 2965.
16:06:50 | INFO: Draco encoder: Encoding mesh Branch led scale foliage 2966.
16:06:50 | INFO: Draco encoder: Encoding mesh Branch led scale foliage 2967.
16:06:50 | INFO: Draco encoder: Encoding mesh Branch led scale foliage 2968.
16:06:50 | INFO: Draco encoder: Encoding mesh Branch led scale foliage 2969.
16:06:50 | INFO: Draco encoder: Encoding mesh Branch led scale foliage 2970.
16:06:50 | INFO: Draco encoder: Encoding mesh Branch led scale foliage 2971.
16:06:50 | INFO: Draco encoder: Encoding mesh Branch led scale foliage 2972.
16:06:50 | INFO: Draco encoder: Encoding mesh Branch led scale foliage 2973.
16:06:50 | INFO: Draco encoder: Encoding mesh Branch led scale foliage 2974.
16:06:50 | INFO: Draco encoder: Encoding mesh Branch led scale foliage 2975.
16:06:50 | INFO: Draco encoder: Encoding mesh Branch led scale foliage 2976.
16:06:50 | INFO: Draco encoder: Encoding mesh Branch led scale foliage 2977.
16:06:50 | INFO: Draco encoder: Encoding mesh Branch led scale foliage 2978.
16:06:50 | INFO: Draco encoder: Encoding mesh Branch led scale foliage 2979.
16:06:50 | INFO: Draco encoder: Encoding mesh Branch led scale foliage 2980.
16:06:50 | INFO: Draco encoder: Encoding mesh Branch led scale foliage 2981.
16:06:50 | INFO: Draco encoder: Encoding mesh Branch led scale foliage 2982.
16:06:50 | INFO: Draco encoder: Encoding mesh Branch led scale foliage 2983.
16:06:50 | INFO: Draco encoder: Encoding mesh Branch led scale foliage 2984.
16:06:50 | INFO: Draco encoder: Encoding mesh Branch led scale foliage 2985.
16:06:50 | INFO: Draco encoder: Encoding mesh Branch led scale foliage 2986.
16:06:50 | INFO: Draco encoder: Encoding mesh Branch led scale foliage 2987.
16:06:50 | INFO: Draco encoder: Encoding mesh Branch led scale foliage 2988.
16:06:50 | INFO: Draco encoder: Encoding mesh Branch led scale foliage 2989.
16:06:50 | INFO: Draco encoder: Encoding mesh Branch led scale foliage 2990.
16:06:50 | INFO: Draco encoder: Encoding mesh Branch led scale foliage 2991.
16:06:50 | INFO: Draco encoder: Encoding mesh Branch led scale foliage 2992.
16:06:50 | INFO: Draco encoder: Encoding mesh Branch led scale foliage 2993.
16:06:50 | INFO: Draco encoder: Encoding mesh Branch led scale foliage 2994.
16:06:50 | INFO: Draco encoder: Encoding mesh Branch led scale foliage 2995.
16:06:50 | INFO: Draco encoder: Encoding mesh Branch led scale foliage 2996.
16:06:50 | INFO: Draco encoder: Encoding mesh Branch led scale foliage 2997.
16:06:50 | INFO: Draco encoder: Encoding mesh Branch led scale foliage 2998.
16:06:50 | INFO: Draco encoder: Encoding mesh Branch led scale foliage 2999.
16:06:50 | INFO: Draco encoder: Encoding mesh Branch led scale foliage 3000.
16:06:50 | INFO: Draco encoder: Encoding mesh Branch led scale foliage 3001.
16:06:50 | INFO: Draco encoder: Encoding mesh Branch led scale foliage 3002.
16:06:50 | INFO: Draco encoder: Encoding mesh Branch led scale foliage 3003.
16:06:50 | INFO: Draco encoder: Encoding mesh Branch led scale foliage 3004.
16:06:50 | INFO: Draco encoder: Encoding mesh Branch led scale foliage 3005.
16:06:50 | INFO: Draco encoder: Encoding mesh Branch led scale foliage 3006.
16:06:50 | INFO: Draco encoder: Encoding mesh Branch led scale foliage 3007.
16:06:50 | INFO: Draco encoder: Encoding mesh Branch led scale foliage 3008.
16:06:50 | INFO: Draco encoder: Encoding mesh Branch led scale foliage 3009.
16:06:50 | INFO: Draco encoder: Encoding mesh Branch led scale foliage 3010.
16:06:50 | INFO: Draco encoder: Encoding mesh Branch led scale foliage 3011.
16:06:50 | INFO: Draco encoder: Encoding mesh Branch led scale foliage 3012.
16:06:50 | INFO: Draco encoder: Encoding mesh Branch led scale foliage 3013.
16:06:50 | INFO: Draco encoder: Encoding mesh Branch led scale foliage 3014.
16:06:50 | INFO: Draco encoder: Encoding mesh Branch led scale foliage 3015.
16:06:50 | INFO: Draco encoder: Encoding mesh Branch led scale foliage 3016.
16:06:50 | INFO: Draco encoder: Encoding mesh Branch led scale foliage 3017.
16:06:50 | INFO: Draco encoder: Encoding mesh Branch led scale foliage 3018.
16:06:50 | INFO: Draco encoder: Encoding mesh Branch led scale foliage 3019.
16:06:50 | INFO: Draco encoder: Encoding mesh Branch led scale foliage 3020.
16:06:50 | INFO: Draco encoder: Encoding mesh Branch led scale foliage 3021.
16:06:50 | INFO: Draco encoder: Encoding mesh Branch led scale foliage 3022.
16:06:50 | INFO: Draco encoder: Encoding mesh Branch led scale foliage 3023.
16:06:50 | INFO: Draco encoder: Encoding mesh Branch led scale foliage 3024.
16:06:50 | INFO: Draco encoder: Encoding mesh Branch led scale foliage 3025.
16:06:50 | INFO: Draco encoder: Encoding mesh Branch led scale foliage 3026.
16:06:50 | INFO: Draco encoder: Encoding mesh Branch led scale foliage 3027.
16:06:50 | INFO: Draco encoder: Encoding mesh Branch led scale foliage 3028.
16:06:50 | INFO: Draco encoder: Encoding mesh Branch led scale foliage 3029.
16:06:50 | INFO: Draco encoder: Encoding mesh Branch led scale foliage 3030.
16:06:50 | INFO: Draco encoder: Encoding mesh Branch led scale foliage 3031.
16:06:50 | INFO: Draco encoder: Encoding mesh Branch led scale foliage 3032.
16:06:50 | INFO: Draco encoder: Encoding mesh Branch led scale foliage 3033.
16:06:50 | INFO: Draco encoder: Encoding mesh Branch led scale foliage 3034.
16:06:50 | INFO: Draco encoder: Encoding mesh Branch led scale foliage 3035.
16:06:50 | INFO: Draco encoder: Encoding mesh Branch led scale foliage 3036.
16:06:50 | INFO: Draco encoder: Encoding mesh Branch led scale foliage 3037.
16:06:50 | INFO: Draco encoder: Encoding mesh Branch led scale foliage 3038.
16:06:50 | INFO: Draco encoder: Encoding mesh Branch led scale foliage 3039.
16:06:50 | INFO: Draco encoder: Encoding mesh Branch led scale foliage 3040.
16:06:50 | INFO: Draco encoder: Encoding mesh Branch led scale foliage 3041.
16:06:50 | INFO: Draco encoder: Encoding mesh Branch led scale foliage 3042.
16:06:50 | INFO: Draco encoder: Encoding mesh Branch led scale foliage 3043.
16:06:50 | INFO: Draco encoder: Encoding mesh Branch led scale foliage 3044.
16:06:50 | INFO: Draco encoder: Encoding mesh Branch led scale foliage 3045.
16:06:50 | INFO: Draco encoder: Encoding mesh Branch led scale foliage 3046.
16:06:50 | INFO: Draco encoder: Encoding mesh Branch led scale foliage 3047.
16:06:50 | INFO: Draco encoder: Encoding mesh Branch led scale foliage 3048.
16:06:50 | INFO: Draco encoder: Encoding mesh Branch led scale foliage 3049.
16:06:50 | INFO: Draco encoder: Encoding mesh Branch led scale foliage 3050.
16:06:50 | INFO: Draco encoder: Encoding mesh Branch led scale foliage 3051.
16:06:50 | INFO: Draco encoder: Encoding mesh Branch led scale foliage 3052.
16:06:50 | INFO: Draco encoder: Encoding mesh Branch led scale foliage 3053.
16:06:50 | INFO: Draco encoder: Encoding mesh Branch led scale foliage 3054.
16:06:50 | INFO: Draco encoder: Encoding mesh Branch led scale foliage 3055.
16:06:50 | INFO: Draco encoder: Encoding mesh Branch led scale foliage 3056.
16:06:50 | INFO: Draco encoder: Encoding mesh Branch led scale foliage 3057.
16:06:50 | INFO: Draco encoder: Encoding mesh Branch led scale foliage 3058.
16:06:50 | INFO: Draco encoder: Encoding mesh Branch led scale foliage 3059.
16:06:50 | INFO: Draco encoder: Encoding mesh Branch led scale foliage 3060.
16:06:50 | INFO: Draco encoder: Encoding mesh Branch led scale foliage 3061.
16:06:50 | INFO: Draco encoder: Encoding mesh Branch led scale foliage 3062.
16:06:50 | INFO: Draco encoder: Encoding mesh Branch led scale foliage 3063.
16:06:50 | INFO: Draco encoder: Encoding mesh Branch led scale foliage 3064.
16:06:50 | INFO: Draco encoder: Encoding mesh Branch led scale foliage 3065.
16:06:50 | INFO: Draco encoder: Encoding mesh Branch led scale foliage 3066.
16:06:50 | INFO: Draco encoder: Encoding mesh Branch led scale foliage 3067.
16:06:50 | INFO: Draco encoder: Encoding mesh Branch led scale foliage 3068.
16:06:50 | INFO: Draco encoder: Encoding mesh Branch led scale foliage 3069.
16:06:50 | INFO: Draco encoder: Encoding mesh Branch led scale foliage 3070.
16:06:50 | INFO: Draco encoder: Encoding mesh Branch led scale foliage 3071.
16:06:50 | INFO: Draco encoder: Encoding mesh Branch led scale foliage 3072.
16:06:50 | INFO: Draco encoder: Encoding mesh Branch led scale foliage 3073.
16:06:50 | INFO: Draco encoder: Encoding mesh Branch led scale foliage 3074.
16:06:50 | INFO: Draco encoder: Encoding mesh Branch led scale foliage 3075.
16:06:50 | INFO: Draco encoder: Encoding mesh Branch led scale foliage 3076.
16:06:50 | INFO: Draco encoder: Encoding mesh Branch led scale foliage 3077.
16:06:50 | INFO: Draco encoder: Encoding mesh Branch led scale foliage 3078.
16:06:50 | INFO: Draco encoder: Encoding mesh Branch led scale foliage 3079.
16:06:50 | INFO: Draco encoder: Encoding mesh Branch led scale foliage 3080.
16:06:50 | INFO: Draco encoder: Encoding mesh Branch led scale foliage 3081.
16:06:50 | INFO: Draco encoder: Encoding mesh Branch led scale foliage 3082.
16:06:50 | INFO: Draco encoder: Encoding mesh Branch led scale foliage 3083.
16:06:50 | INFO: Draco encoder: Encoding mesh Branch led scale foliage 3084.
16:06:50 | INFO: Draco encoder: Encoding mesh Branch led scale foliage 3085.
16:06:50 | INFO: Draco encoder: Encoding mesh Branch led scale foliage 3086.
16:06:50 | INFO: Draco encoder: Encoding mesh Branch led scale foliage 3087.
16:06:50 | INFO: Draco encoder: Encoding mesh Branch led scale foliage 3088.
16:06:50 | INFO: Draco encoder: Encoding mesh Branch led scale foliage 3089.
16:06:50 | INFO: Draco encoder: Encoding mesh Branch led scale foliage 3090.
16:06:50 | INFO: Draco encoder: Encoding mesh Branch led scale foliage 3091.
16:06:50 | INFO: Draco encoder: Encoding mesh Branch led scale foliage 3092.
16:06:50 | INFO: Draco encoder: Encoding mesh Branch led scale foliage 3093.
16:06:50 | INFO: Draco encoder: Encoding mesh Branch led scale foliage 3094.
16:06:50 | INFO: Draco encoder: Encoding mesh Branch led scale foliage 3095.
16:06:50 | INFO: Draco encoder: Encoding mesh Branch led scale foliage 3096.
16:06:50 | INFO: Draco encoder: Encoding mesh Branch led scale foliage 3097.
16:06:50 | INFO: Draco encoder: Encoding mesh Branch led scale foliage 3098.
16:06:50 | INFO: Draco encoder: Encoding mesh Branch led scale foliage 3099.
16:06:50 | INFO: Draco encoder: Encoding mesh Branch led scale foliage 3100.
16:06:50 | INFO: Draco encoder: Encoding mesh Branch led scale foliage 3101.
16:06:50 | INFO: Draco encoder: Encoding mesh Branch led scale foliage 3102.
16:06:50 | INFO: Draco encoder: Encoding mesh Branch led scale foliage 3103.
16:06:50 | INFO: Draco encoder: Encoding mesh Branch led scale foliage 3104.
16:06:50 | INFO: Draco encoder: Encoding mesh Branch led scale foliage 3105.
16:06:50 | INFO: Draco encoder: Encoding mesh Branch led scale foliage 3106.
16:06:50 | INFO: Draco encoder: Encoding mesh Branch led scale foliage 3107.
16:06:50 | INFO: Draco encoder: Encoding mesh Branch led scale foliage 3108.
16:06:50 | INFO: Draco encoder: Encoding mesh Branch led scale foliage 3109.
16:06:50 | INFO: Draco encoder: Encoding mesh Branch led scale foliage 3110.
16:06:50 | INFO: Draco encoder: Encoding mesh Branch led scale foliage 3111.
16:06:50 | INFO: Draco encoder: Encoding mesh Branch led scale foliage 3112.
16:06:50 | INFO: Draco encoder: Encoding mesh Branch led scale foliage 3113.
16:06:50 | INFO: Draco encoder: Encoding mesh Branch led scale foliage 3114.
16:06:50 | INFO: Draco encoder: Encoding mesh Branch led scale foliage 3115.
16:06:50 | INFO: Draco encoder: Encoding mesh Branch led scale foliage 3116.
16:06:50 | INFO: Draco encoder: Encoding mesh Branch led scale foliage 3117.
16:06:50 | INFO: Draco encoder: Encoding mesh Branch led scale foliage 3118.
16:06:50 | INFO: Draco encoder: Encoding mesh Branch led scale foliage 3119.
16:06:50 | INFO: Draco encoder: Encoding mesh Branch led scale foliage 3120.
16:06:50 | INFO: Draco encoder: Encoding mesh Branch led scale foliage 3121.
16:06:50 | INFO: Draco encoder: Encoding mesh Branch led scale foliage 3122.
16:06:50 | INFO: Draco encoder: Encoding mesh Branch led scale foliage 3123.
16:06:50 | INFO: Draco encoder: Encoding mesh Branch led scale foliage 3124.
16:06:50 | INFO: Draco encoder: Encoding mesh Branch led scale foliage 3125.
16:06:50 | INFO: Draco encoder: Encoding mesh Branch led scale foliage 3126.
16:06:50 | INFO: Draco encoder: Encoding mesh Branch led scale foliage 3127.
16:06:50 | INFO: Draco encoder: Encoding mesh Branch led scale foliage 3128.
16:06:50 | INFO: Draco encoder: Encoding mesh Branch led scale foliage 3129.
16:06:50 | INFO: Draco encoder: Encoding mesh Branch led scale foliage 3130.
16:06:50 | INFO: Draco encoder: Encoding mesh Branch led scale foliage 3131.
16:06:50 | INFO: Draco encoder: Encoding mesh Branch led scale foliage 3132.
16:06:50 | INFO: Draco encoder: Encoding mesh Branch led scale foliage 3133.
16:06:50 | INFO: Draco encoder: Encoding mesh Branch led scale foliage 3134.
16:06:50 | INFO: Draco encoder: Encoding mesh Branch led scale foliage 3135.
16:06:50 | INFO: Draco encoder: Encoding mesh Branch led scale foliage 3136.
16:06:50 | INFO: Draco encoder: Encoding mesh Branch led scale foliage 3137.
16:06:50 | INFO: Draco encoder: Encoding mesh Branch led scale foliage 3138.
16:06:50 | INFO: Draco encoder: Encoding mesh Branch led scale foliage 3139.
16:06:50 | INFO: Draco encoder: Encoding mesh Branch led scale foliage 3140.
16:06:50 | INFO: Draco encoder: Encoding mesh Branch led scale foliage 3141.
16:06:50 | INFO: Draco encoder: Encoding mesh Branch led scale foliage 3142.
16:06:50 | INFO: Draco encoder: Encoding mesh Branch led scale foliage 3143.
16:06:50 | INFO: Draco encoder: Encoding mesh Branch led scale foliage 3144.
16:06:50 | INFO: Draco encoder: Encoding mesh Branch led scale foliage 3145.
16:06:50 | INFO: Draco encoder: Encoding mesh Branch led scale foliage 3146.
16:06:50 | INFO: Draco encoder: Encoding mesh Branch led scale foliage 3147.
16:06:50 | INFO: Draco encoder: Encoding mesh Branch led scale foliage 3148.
16:06:50 | INFO: Draco encoder: Encoding mesh Branch led scale foliage 3149.
16:06:50 | INFO: Draco encoder: Encoding mesh Branch led scale foliage 3150.
16:06:50 | INFO: Draco encoder: Encoding mesh Branch led scale foliage 3151.
16:06:50 | INFO: Draco encoder: Encoding mesh Branch led scale foliage 3152.
16:06:50 | INFO: Draco encoder: Encoding mesh Branch led scale foliage 3153.
16:06:50 | INFO: Draco encoder: Encoding mesh Branch led scale foliage 3154.
16:06:50 | INFO: Draco encoder: Encoding mesh Branch led scale foliage 3155.
16:06:50 | INFO: Draco encoder: Encoding mesh Branch led scale foliage 3156.
16:06:50 | INFO: Draco encoder: Encoding mesh Branch led scale foliage 3157.
16:06:50 | INFO: Draco encoder: Encoding mesh Branch led scale foliage 3158.
16:06:50 | INFO: Draco encoder: Encoding mesh Branch led scale foliage 3159.
16:06:50 | INFO: Draco encoder: Encoding mesh Branch led scale foliage 3160.
16:06:50 | INFO: Draco encoder: Encoding mesh Branch led scale foliage 3161.
16:06:50 | INFO: Draco encoder: Encoding mesh Branch led scale foliage 3162.
16:06:50 | INFO: Draco encoder: Encoding mesh Branch led scale foliage 3163.
16:06:50 | INFO: Draco encoder: Encoding mesh Branch led scale foliage 3164.
16:06:50 | INFO: Draco encoder: Encoding mesh Branch led scale foliage 3165.
16:06:50 | INFO: Draco encoder: Encoding mesh Branch led scale foliage 3166.
16:06:50 | INFO: Draco encoder: Encoding mesh Branch led scale foliage 3167.
16:06:50 | INFO: Draco encoder: Encoding mesh Branch led scale foliage 3168.
16:06:50 | INFO: Draco encoder: Encoding mesh Branch led scale foliage 3169.
16:06:50 | INFO: Draco encoder: Encoding mesh Branch led scale foliage 3170.
16:06:50 | INFO: Draco encoder: Encoding mesh Branch led scale foliage 3171.
16:06:50 | INFO: Draco encoder: Encoding mesh Branch led scale foliage 3172.
16:06:50 | INFO: Draco encoder: Encoding mesh Branch led scale foliage 3173.
16:06:50 | INFO: Draco encoder: Encoding mesh Branch led scale foliage 3174.
16:06:50 | INFO: Draco encoder: Encoding mesh Branch led scale foliage 3175.
16:06:50 | INFO: Draco encoder: Encoding mesh Branch led scale foliage 3176.
16:06:50 | INFO: Draco encoder: Encoding mesh Branch led scale foliage 3177.
16:06:50 | INFO: Draco encoder: Encoding mesh Branch led scale foliage 3178.
16:06:50 | INFO: Draco encoder: Encoding mesh Branch led scale foliage 3179.
16:06:50 | INFO: Draco encoder: Encoding mesh Branch led scale foliage 3180.
16:06:50 | INFO: Draco encoder: Encoding mesh Branch led scale foliage 3181.
16:06:50 | INFO: Draco encoder: Encoding mesh Branch led scale foliage 3182.
16:06:50 | INFO: Draco encoder: Encoding mesh Branch led scale foliage 3183.
16:06:50 | INFO: Draco encoder: Encoding mesh Branch led scale foliage 3184.
16:06:50 | INFO: Draco encoder: Encoding mesh Branch led scale foliage 3185.
16:06:50 | INFO: Draco encoder: Encoding mesh Branch led scale foliage 3186.
16:06:50 | INFO: Draco encoder: Encoding mesh Branch led scale foliage 3187.
16:06:50 | INFO: Draco encoder: Encoding mesh Branch led scale foliage 3188.
16:06:50 | INFO: Draco encoder: Encoding mesh Branch led scale foliage 3189.
16:06:50 | INFO: Draco encoder: Encoding mesh Branch led scale foliage 3190.
16:06:50 | INFO: Draco encoder: Encoding mesh Branch led scale foliage 3191.
16:06:50 | INFO: Draco encoder: Encoding mesh Branch led scale foliage 3192.
16:06:50 | INFO: Draco encoder: Encoding mesh Branch led scale foliage 3193.
16:06:50 | INFO: Draco encoder: Encoding mesh Branch led scale foliage 3194.
16:06:50 | INFO: Draco encoder: Encoding mesh Branch led scale foliage 3195.
16:06:50 | INFO: Draco encoder: Encoding mesh Branch led scale foliage 3196.
16:06:50 | INFO: Draco encoder: Encoding mesh Branch led scale foliage 3197.
16:06:50 | INFO: Draco encoder: Encoding mesh Branch led scale foliage 3198.
16:06:50 | INFO: Draco encoder: Encoding mesh Branch led scale foliage 3199.
16:06:50 | INFO: Draco encoder: Encoding mesh Branch led scale foliage 3200.
16:06:50 | INFO: Draco encoder: Encoding mesh Branch led scale foliage 3201.
16:06:50 | INFO: Draco encoder: Encoding mesh Branch led scale foliage 3202.
16:06:50 | INFO: Draco encoder: Encoding mesh Branch led scale foliage 3203.
16:06:50 | INFO: Draco encoder: Encoding mesh Branch led scale foliage 3204.
16:06:50 | INFO: Draco encoder: Encoding mesh Branch led scale foliage 3205.
16:06:50 | INFO: Draco encoder: Encoding mesh Branch led scale foliage 3206.
16:06:50 | INFO: Draco encoder: Encoding mesh Branch led scale foliage 3207.
16:06:50 | INFO: Draco encoder: Encoding mesh Branch led scale foliage 3208.
16:06:50 | INFO: Draco encoder: Encoding mesh Branch led scale foliage 3209.
16:06:50 | INFO: Draco encoder: Encoding mesh Branch led scale foliage 3210.
16:06:50 | INFO: Draco encoder: Encoding mesh Branch led scale foliage 3211.
16:06:50 | INFO: Draco encoder: Encoding mesh Branch led scale foliage 3212.
16:06:50 | INFO: Draco encoder: Encoding mesh Branch led scale foliage 3213.
16:06:50 | INFO: Draco encoder: Encoding mesh Branch led scale foliage 3214.
16:06:50 | INFO: Draco encoder: Encoding mesh Branch led scale foliage 3215.
16:06:50 | INFO: Draco encoder: Encoding mesh Branch led scale foliage 3216.
16:06:50 | INFO: Draco encoder: Encoding mesh Branch led scale foliage 3217.
16:06:50 | INFO: Draco encoder: Encoding mesh Branch led scale foliage 3218.
16:06:50 | INFO: Draco encoder: Encoding mesh Branch led scale foliage 3219.
16:06:50 | INFO: Draco encoder: Encoding mesh Branch led scale foliage 3220.
16:06:50 | INFO: Draco encoder: Encoding mesh Branch led scale foliage 3221.
16:06:50 | INFO: Draco encoder: Encoding mesh Branch led scale foliage 3222.
16:06:50 | INFO: Draco encoder: Encoding mesh Branch led scale foliage 3223.
16:06:50 | INFO: Draco encoder: Encoding mesh Branch led scale foliage 3224.
16:06:50 | INFO: Draco encoder: Encoding mesh Branch led scale foliage 3225.
16:06:50 | INFO: Draco encoder: Encoding mesh Branch led scale foliage 3226.
16:06:50 | INFO: Draco encoder: Encoding mesh Branch led scale foliage 3227.
16:06:50 | INFO: Draco encoder: Encoding mesh Branch led scale foliage 3228.
16:06:50 | INFO: Draco encoder: Encoding mesh Branch led scale foliage 3229.
16:06:50 | INFO: Draco encoder: Encoding mesh Branch led scale foliage 3230.
16:06:50 | INFO: Draco encoder: Encoding mesh Branch led scale foliage 3231.
16:06:50 | INFO: Draco encoder: Encoding mesh Branch led scale foliage 3232.
16:06:50 | INFO: Draco encoder: Encoding mesh Branch led scale foliage 3233.
16:06:50 | INFO: Draco encoder: Encoding mesh Branch led scale foliage 3234.
16:06:50 | INFO: Draco encoder: Encoding mesh Branch led scale foliage 3235.
16:06:50 | INFO: Draco encoder: Encoding mesh Branch led scale foliage 3236.
16:06:50 | INFO: Draco encoder: Encoding mesh Branch led scale foliage 3237.
16:06:50 | INFO: Draco encoder: Encoding mesh Branch led scale foliage 3238.
16:06:50 | INFO: Draco encoder: Encoding mesh Branch led scale foliage 3239.
16:06:50 | INFO: Draco encoder: Encoding mesh Branch led scale foliage 3240.
16:06:50 | INFO: Draco encoder: Encoding mesh Branch led scale foliage 3241.
16:06:50 | INFO: Draco encoder: Encoding mesh Branch led scale foliage 3242.
16:06:50 | INFO: Draco encoder: Encoding mesh Branch led scale foliage 3243.
16:06:50 | INFO: Draco encoder: Encoding mesh Branch led scale foliage 3244.
16:06:50 | INFO: Draco encoder: Encoding mesh Branch led scale foliage 3245.
16:06:50 | INFO: Draco encoder: Encoding mesh Branch led scale foliage 3246.
16:06:50 | INFO: Draco encoder: Encoding mesh Branch led scale foliage 3247.
16:06:50 | INFO: Draco encoder: Encoding mesh Branch led scale foliage 3248.
16:06:50 | INFO: Draco encoder: Encoding mesh Branch led scale foliage 3249.
16:06:50 | INFO: Draco encoder: Encoding mesh Branch led scale foliage 3250.
16:06:50 | INFO: Draco encoder: Encoding mesh Branch led scale foliage 3251.
16:06:50 | INFO: Draco encoder: Encoding mesh Branch led scale foliage 3252.
16:06:50 | INFO: Draco encoder: Encoding mesh Branch led scale foliage 3253.
16:06:50 | INFO: Draco encoder: Encoding mesh Branch led scale foliage 3254.
16:06:50 | INFO: Draco encoder: Encoding mesh Branch led scale foliage 3255.
16:06:50 | INFO: Draco encoder: Encoding mesh Branch led scale foliage 3256.
16:06:50 | INFO: Draco encoder: Encoding mesh Branch led scale foliage 3257.
16:06:50 | INFO: Draco encoder: Encoding mesh Branch led scale foliage 3258.
16:06:50 | INFO: Draco encoder: Encoding mesh Branch led scale foliage 3259.
16:06:50 | INFO: Draco encoder: Encoding mesh Branch led scale foliage 3260.
16:06:50 | INFO: Draco encoder: Encoding mesh Branch led scale foliage 3261.
16:06:50 | INFO: Draco encoder: Encoding mesh Branch led scale foliage 3262.
16:06:50 | INFO: Draco encoder: Encoding mesh Branch led scale foliage 3263.
16:06:50 | INFO: Draco encoder: Encoding mesh Branch led scale foliage 3264.
16:06:50 | INFO: Draco encoder: Encoding mesh Branch led scale foliage 3265.
16:06:50 | INFO: Draco encoder: Encoding mesh Branch led scale foliage 3266.
16:06:50 | INFO: Draco encoder: Encoding mesh Branch led scale foliage 3267.
16:06:50 | INFO: Draco encoder: Encoding mesh Branch led scale foliage 3268.
16:06:50 | INFO: Draco encoder: Encoding mesh Branch led scale foliage 3269.
16:06:50 | INFO: Draco encoder: Encoding mesh Branch led scale foliage 3270.
16:06:50 | INFO: Draco encoder: Encoding mesh Branch led scale foliage 3271.
16:06:50 | INFO: Draco encoder: Encoding mesh Branch led scale foliage 3272.
16:06:50 | INFO: Draco encoder: Encoding mesh Branch led scale foliage 3273.
16:06:50 | INFO: Draco encoder: Encoding mesh Branch led scale foliage 3274.
16:06:50 | INFO: Draco encoder: Encoding mesh Branch led scale foliage 3275.
16:06:50 | INFO: Draco encoder: Encoding mesh Branch led scale foliage 3276.
16:06:50 | INFO: Draco encoder: Encoding mesh Branch led scale foliage 3277.
16:06:50 | INFO: Draco encoder: Encoding mesh Branch led scale foliage 3278.
16:06:50 | INFO: Draco encoder: Encoding mesh Branch led scale foliage 3279.
16:06:50 | INFO: Draco encoder: Encoding mesh Branch led scale foliage 3280.
16:06:50 | INFO: Draco encoder: Encoding mesh Branch led scale foliage 3281.
16:06:50 | INFO: Draco encoder: Encoding mesh Branch led scale foliage 3282.
16:06:50 | INFO: Draco encoder: Encoding mesh Branch led scale foliage 3283.
16:06:50 | INFO: Draco encoder: Encoding mesh Branch led scale foliage 3284.
16:06:50 | INFO: Draco encoder: Encoding mesh Branch led scale foliage 3285.
16:06:50 | INFO: Draco encoder: Encoding mesh Branch led scale foliage 3286.
16:06:50 | INFO: Draco encoder: Encoding mesh Branch led scale foliage 3287.
16:06:50 | INFO: Draco encoder: Encoding mesh Branch led scale foliage 3288.
16:06:50 | INFO: Draco encoder: Encoding mesh Branch led scale foliage 3289.
16:06:50 | INFO: Draco encoder: Encoding mesh Branch led scale foliage 3290.
16:06:50 | INFO: Draco encoder: Encoding mesh Branch led scale foliage 3291.
16:06:50 | INFO: Draco encoder: Encoding mesh Branch led scale foliage 3292.
16:06:50 | INFO: Draco encoder: Encoding mesh Branch led scale foliage 3293.
16:06:50 | INFO: Draco encoder: Encoding mesh Branch led scale foliage 3294.
16:06:50 | INFO: Draco encoder: Encoding mesh Branch led scale foliage 3295.
16:06:50 | INFO: Draco encoder: Encoding mesh Branch led scale foliage 3296.
16:06:50 | INFO: Draco encoder: Encoding mesh Branch led scale foliage 3297.
16:06:50 | INFO: Draco encoder: Encoding mesh Branch led scale foliage 3298.
16:06:50 | INFO: Draco encoder: Encoding mesh Branch led scale foliage 3299.
16:06:50 | INFO: Draco encoder: Encoding mesh Branch led scale foliage 3300.
16:06:50 | INFO: Draco encoder: Encoding mesh Branch led scale foliage 3301.
16:06:50 | INFO: Draco encoder: Encoding mesh Branch led scale foliage 3302.
16:06:50 | INFO: Draco encoder: Encoding mesh Branch led scale foliage 3303.
16:06:50 | INFO: Draco encoder: Encoding mesh Branch led scale foliage 3304.
16:06:50 | INFO: Draco encoder: Encoding mesh Branch led scale foliage 3305.
16:06:50 | INFO: Draco encoder: Encoding mesh Branch led scale foliage 3306.
16:06:50 | INFO: Draco encoder: Encoding mesh Branch led scale foliage 3307.
16:06:50 | INFO: Draco encoder: Encoding mesh Branch led scale foliage 3308.
16:06:50 | INFO: Draco encoder: Encoding mesh Branch led scale foliage 3309.
16:06:50 | INFO: Draco encoder: Encoding mesh Branch led scale foliage 3310.
16:06:50 | INFO: Draco encoder: Encoding mesh Branch led scale foliage 3311.
16:06:50 | INFO: Draco encoder: Encoding mesh Branch led scale foliage 3312.
16:06:50 | INFO: Draco encoder: Encoding mesh Branch led scale foliage 3313.
16:06:50 | INFO: Draco encoder: Encoding mesh Branch led scale foliage 3314.
16:06:50 | INFO: Draco encoder: Encoding mesh Branch led scale foliage 3315.
16:06:50 | INFO: Draco encoder: Encoding mesh Branch led scale foliage 3316.
16:06:50 | INFO: Draco encoder: Encoding mesh Branch led scale foliage 3317.
16:06:50 | INFO: Draco encoder: Encoding mesh Branch led scale foliage 3318.
16:06:50 | INFO: Draco encoder: Encoding mesh Branch led scale foliage 3319.
16:06:50 | INFO: Draco encoder: Encoding mesh Branch led scale foliage 3320.
16:06:50 | INFO: Draco encoder: Encoding mesh Branch led scale foliage 3321.
16:06:50 | INFO: Draco encoder: Encoding mesh Branch led scale foliage 3322.
16:06:50 | INFO: Draco encoder: Encoding mesh Branch led scale foliage 3323.
16:06:50 | INFO: Draco encoder: Encoding mesh Branch led scale foliage 3324.
16:06:50 | INFO: Draco encoder: Encoding mesh Branch led scale foliage 3325.
16:06:50 | INFO: Draco encoder: Encoding mesh Branch led scale foliage 3326.
16:06:50 | INFO: Draco encoder: Encoding mesh Branch led scale foliage 3327.
16:06:50 | INFO: Draco encoder: Encoding mesh Branch led scale foliage 3328.
16:06:50 | INFO: Draco encoder: Encoding mesh Branch led scale foliage 3329.
16:06:50 | INFO: Draco encoder: Encoding mesh Branch led scale foliage 3330.
16:06:50 | INFO: Draco encoder: Encoding mesh Branch led scale foliage 3331.
16:06:50 | INFO: Draco encoder: Encoding mesh Branch led scale foliage 3332.
16:06:50 | INFO: Draco encoder: Encoding mesh Branch led scale foliage 3333.
16:06:50 | INFO: Draco encoder: Encoding mesh Branch led scale foliage 3334.
16:06:50 | INFO: Draco encoder: Encoding mesh Branch led scale foliage 3335.
16:06:50 | INFO: Draco encoder: Encoding mesh Branch led scale foliage 3336.
16:06:50 | INFO: Draco encoder: Encoding mesh Branch led scale foliage 3337.
16:06:50 | INFO: Draco encoder: Encoding mesh Branch led scale foliage 3338.
16:06:50 | INFO: Draco encoder: Encoding mesh Branch led scale foliage 3339.
16:06:50 | INFO: Draco encoder: Encoding mesh Branch led scale foliage 3340.
16:06:50 | INFO: Draco encoder: Encoding mesh Branch led scale foliage 3341.
16:06:50 | INFO: Draco encoder: Encoding mesh Branch led scale foliage 3342.
16:06:50 | INFO: Draco encoder: Encoding mesh Branch led scale foliage 3343.
16:06:50 | INFO: Draco encoder: Encoding mesh Branch led scale foliage 3344.
16:06:50 | INFO: Draco encoder: Encoding mesh Branch led scale foliage 3345.
16:06:50 | INFO: Draco encoder: Encoding mesh Branch led scale foliage 3346.
16:06:50 | INFO: Draco encoder: Encoding mesh Branch led scale foliage 3347.
16:06:50 | INFO: Draco encoder: Encoding mesh Branch led scale foliage 3348.
16:06:50 | INFO: Draco encoder: Encoding mesh Branch led scale foliage 3349.
16:06:50 | INFO: Draco encoder: Encoding mesh Branch led scale foliage 3350.
16:06:50 | INFO: Draco encoder: Encoding mesh Branch led scale foliage 3351.
16:06:50 | INFO: Draco encoder: Encoding mesh Branch led scale foliage 3352.
16:06:50 | INFO: Draco encoder: Encoding mesh Branch led scale foliage 3353.
16:06:50 | INFO: Draco encoder: Encoding mesh Branch led scale foliage 3354.
16:06:50 | INFO: Draco encoder: Encoding mesh Branch led scale foliage 3355.
16:06:50 | INFO: Draco encoder: Encoding mesh Branch led scale foliage 3356.
16:06:50 | INFO: Draco encoder: Encoding mesh Branch led scale foliage 3357.
16:06:50 | INFO: Draco encoder: Encoding mesh Branch led scale foliage 3358.
16:06:50 | INFO: Draco encoder: Encoding mesh Branch led scale foliage 3359.
16:06:50 | INFO: Draco encoder: Encoding mesh Branch led scale foliage 3360.
16:06:50 | INFO: Draco encoder: Encoding mesh Branch led scale foliage 3361.
16:06:50 | INFO: Draco encoder: Encoding mesh Branch led scale foliage 3362.
16:06:50 | INFO: Draco encoder: Encoding mesh Branch led scale foliage 3363.
16:06:50 | INFO: Draco encoder: Encoding mesh Branch led scale foliage 3364.
16:06:50 | INFO: Draco encoder: Encoding mesh Branch led scale foliage 3365.
16:06:50 | INFO: Draco encoder: Encoding mesh Branch led scale foliage 3366.
16:06:50 | INFO: Draco encoder: Encoding mesh Branch led scale foliage 3367.
16:06:50 | INFO: Draco encoder: Encoding mesh Branch led scale foliage 3368.
16:06:50 | INFO: Draco encoder: Encoding mesh Branch led scale foliage 3369.
16:06:50 | INFO: Draco encoder: Encoding mesh Branch led scale foliage 3370.
16:06:50 | INFO: Draco encoder: Encoding mesh Branch led scale foliage 3371.
16:06:50 | INFO: Draco encoder: Encoding mesh Branch led scale foliage 3372.
16:06:50 | INFO: Draco encoder: Encoding mesh Branch led scale foliage 3373.
16:06:50 | INFO: Draco encoder: Encoding mesh Branch led scale foliage 3374.
16:06:50 | INFO: Draco encoder: Encoding mesh Branch led scale foliage 3375.
16:06:50 | INFO: Draco encoder: Encoding mesh Branch led scale foliage 3376.
16:06:50 | INFO: Draco encoder: Encoding mesh Branch led scale foliage 3377.
16:06:50 | INFO: Draco encoder: Encoding mesh Branch led scale foliage 3378.
16:06:50 | INFO: Draco encoder: Encoding mesh Branch led scale foliage 3379.
16:06:50 | INFO: Draco encoder: Encoding mesh Branch led scale foliage 3380.
16:06:50 | INFO: Draco encoder: Encoding mesh Branch led scale foliage 3381.
16:06:50 | INFO: Draco encoder: Encoding mesh Branch led scale foliage 3382.
16:06:50 | INFO: Draco encoder: Encoding mesh Branch led scale foliage 3383.
16:06:50 | INFO: Draco encoder: Encoding mesh Branch led scale foliage 3384.
16:06:50 | INFO: Draco encoder: Encoding mesh Branch led scale foliage 3385.
16:06:50 | INFO: Draco encoder: Encoding mesh Branch led scale foliage 3386.
16:06:50 | INFO: Draco encoder: Encoding mesh Branch led scale foliage 3387.
16:06:50 | INFO: Draco encoder: Encoding mesh Branch led scale foliage 3388.
16:06:50 | INFO: Draco encoder: Encoding mesh Branch led scale foliage 3389.
16:06:50 | INFO: Draco encoder: Encoding mesh Branch led scale foliage 3390.
16:06:50 | INFO: Draco encoder: Encoding mesh Branch led scale foliage 3391.
16:06:50 | INFO: Draco encoder: Encoding mesh Branch led scale foliage 3392.
16:06:50 | INFO: Draco encoder: Encoding mesh Branch led scale foliage 3393.
16:06:50 | INFO: Draco encoder: Encoding mesh Branch led scale foliage 3394.
16:06:50 | INFO: Draco encoder: Encoding mesh Branch led scale foliage 3395.
16:06:50 | INFO: Draco encoder: Encoding mesh Branch led scale foliage 3396.
16:06:50 | INFO: Draco encoder: Encoding mesh Branch led scale foliage 3397.
16:06:50 | INFO: Draco encoder: Encoding mesh Branch led scale foliage 3398.
16:06:50 | INFO: Draco encoder: Encoding mesh Branch led scale foliage 3399.
16:06:50 | INFO: Draco encoder: Encoding mesh Branch led scale foliage 3400.
16:06:50 | INFO: Draco encoder: Encoding mesh Branch led scale foliage 3401.
16:06:50 | INFO: Draco encoder: Encoding mesh Branch led scale foliage 3402.
16:06:50 | INFO: Draco encoder: Encoding mesh Branch led scale foliage 3403.
16:06:50 | INFO: Draco encoder: Encoding mesh Branch led scale foliage 3404.
16:06:50 | INFO: Draco encoder: Encoding mesh Branch led scale foliage 3405.
16:06:50 | INFO: Draco encoder: Encoding mesh Branch led scale foliage 3406.
16:06:50 | INFO: Draco encoder: Encoding mesh Branch led scale foliage 3407.
16:06:50 | INFO: Draco encoder: Encoding mesh Branch led scale foliage 3408.
16:06:50 | INFO: Draco encoder: Encoding mesh Branch led scale foliage 3409.
16:06:50 | INFO: Draco encoder: Encoding mesh Branch led scale foliage 3410.
16:06:50 | INFO: Draco encoder: Encoding mesh Branch led scale foliage 3411.
16:06:50 | INFO: Draco encoder: Encoding mesh Branch led scale foliage 3412.
16:06:50 | INFO: Draco encoder: Encoding mesh Branch led scale foliage 3413.
16:06:50 | INFO: Draco encoder: Encoding mesh Branch led scale foliage 3414.
16:06:50 | INFO: Draco encoder: Encoding mesh Branch led scale foliage 3415.
16:06:50 | INFO: Draco encoder: Encoding mesh Branch led scale foliage 3416.
16:06:50 | INFO: Draco encoder: Encoding mesh Branch led scale foliage 3417.
16:06:50 | INFO: Draco encoder: Encoding mesh Branch led scale foliage 3418.
16:06:50 | INFO: Draco encoder: Encoding mesh Branch led scale foliage 3419.
16:06:50 | INFO: Draco encoder: Encoding mesh Branch led scale foliage 3420.
16:06:50 | INFO: Draco encoder: Encoding mesh Branch led scale foliage 3421.
16:06:50 | INFO: Draco encoder: Encoding mesh Branch led scale foliage 3422.
16:06:50 | INFO: Draco encoder: Encoding mesh Branch led scale foliage 3423.
16:06:50 | INFO: Draco encoder: Encoding mesh Branch led scale foliage 3424.
16:06:50 | INFO: Draco encoder: Encoding mesh Branch led scale foliage 3425.
16:06:50 | INFO: Draco encoder: Encoding mesh Branch led scale foliage 3426.
16:06:50 | INFO: Draco encoder: Encoding mesh Branch led scale foliage 3427.
16:06:50 | INFO: Draco encoder: Encoding mesh Branch led scale foliage 3428.
16:06:50 | INFO: Draco encoder: Encoding mesh Branch led scale foliage 3429.
16:06:50 | INFO: Draco encoder: Encoding mesh Branch led scale foliage 3430.
16:06:50 | INFO: Draco encoder: Encoding mesh Branch led scale foliage 3431.
16:06:50 | INFO: Draco encoder: Encoding mesh Branch led scale foliage 3432.
16:06:50 | INFO: Draco encoder: Encoding mesh Branch led scale foliage 3433.
16:06:50 | INFO: Draco encoder: Encoding mesh Branch led scale foliage 3434.
16:06:50 | INFO: Draco encoder: Encoding mesh Branch led scale foliage 3435.
16:06:50 | INFO: Draco encoder: Encoding mesh Branch led scale foliage 3436.
16:06:50 | INFO: Draco encoder: Encoding mesh Branch led scale foliage 3437.
16:06:50 | INFO: Draco encoder: Encoding mesh Branch led scale foliage 3438.
16:06:50 | INFO: Draco encoder: Encoding mesh Branch led scale foliage 3439.
16:06:50 | INFO: Draco encoder: Encoding mesh Branch led scale foliage 3440.
16:06:50 | INFO: Draco encoder: Encoding mesh Branch led scale foliage 3441.
16:06:50 | INFO: Draco encoder: Encoding mesh Branch led scale foliage 3442.
16:06:50 | INFO: Draco encoder: Encoding mesh Branch led scale foliage 3443.
16:06:50 | INFO: Draco encoder: Encoding mesh Branch led scale foliage 3444.
16:06:50 | INFO: Draco encoder: Encoding mesh Branch led scale foliage 3445.
16:06:50 | INFO: Draco encoder: Encoding mesh Branch led scale foliage 3446.
16:06:50 | INFO: Draco encoder: Encoding mesh Branch led scale foliage 3447.
16:06:50 | INFO: Draco encoder: Encoding mesh Branch led scale foliage 3448.
16:06:50 | INFO: Draco encoder: Encoding mesh Branch led scale foliage 3449.
16:06:50 | INFO: Draco encoder: Encoding mesh Branch led scale foliage 3450.
16:06:50 | INFO: Draco encoder: Encoding mesh Branch led scale foliage 3451.
16:06:50 | INFO: Draco encoder: Encoding mesh Branch led scale foliage 3452.
16:06:50 | INFO: Draco encoder: Encoding mesh Branch led scale foliage 3453.
16:06:50 | INFO: Draco encoder: Encoding mesh Branch led scale foliage 3454.
16:06:50 | INFO: Draco encoder: Encoding mesh Branch led scale foliage 3455.
16:06:50 | INFO: Draco encoder: Encoding mesh Branch led scale foliage 3456.
16:06:50 | INFO: Draco encoder: Encoding mesh Branch led scale foliage 3457.
16:06:50 | INFO: Draco encoder: Encoding mesh Branch led scale foliage 3458.
16:06:50 | INFO: Draco encoder: Encoding mesh Branch led scale foliage 3459.
16:06:50 | INFO: Draco encoder: Encoding mesh Branch led scale foliage 3460.
16:06:50 | INFO: Draco encoder: Encoding mesh Branch led scale foliage 3461.
16:06:50 | INFO: Draco encoder: Encoding mesh Branch led scale foliage 3462.
16:06:50 | INFO: Draco encoder: Encoding mesh Branch led scale foliage 3463.
16:06:50 | INFO: Draco encoder: Encoding mesh Branch led scale foliage 3464.
16:06:50 | INFO: Draco encoder: Encoding mesh Branch led scale foliage 3465.
16:06:50 | INFO: Draco encoder: Encoding mesh Branch led scale foliage 3466.
16:06:50 | INFO: Draco encoder: Encoding mesh Branch led scale foliage 3467.
16:06:50 | INFO: Draco encoder: Encoding mesh Branch led scale foliage 3468.
16:06:50 | INFO: Draco encoder: Encoding mesh Branch led scale foliage 3469.
16:06:50 | INFO: Draco encoder: Encoding mesh Branch led scale foliage 3470.
16:06:50 | INFO: Draco encoder: Encoding mesh Branch led scale foliage 3471.
16:06:50 | INFO: Draco encoder: Encoding mesh Branch led scale foliage 3472.
16:06:50 | INFO: Draco encoder: Encoding mesh Branch led scale foliage 3473.
16:06:50 | INFO: Draco encoder: Encoding mesh Branch led scale foliage 3474.
16:06:50 | INFO: Draco encoder: Encoding mesh Branch led scale foliage 3475.
16:06:50 | INFO: Draco encoder: Encoding mesh Branch led scale foliage 3476.
16:06:50 | INFO: Draco encoder: Encoding mesh Branch led scale foliage 3477.
16:06:50 | INFO: Draco encoder: Encoding mesh Branch led scale foliage 3478.
16:06:50 | INFO: Draco encoder: Encoding mesh Branch led scale foliage 3479.
16:06:50 | INFO: Draco encoder: Encoding mesh Branch led scale foliage 3480.
16:06:50 | INFO: Draco encoder: Encoding mesh Branch led scale foliage 3481.
16:06:50 | INFO: Draco encoder: Encoding mesh Branch led scale foliage 3482.
16:06:50 | INFO: Draco encoder: Encoding mesh Branch led scale foliage 3483.
16:06:50 | INFO: Draco encoder: Encoding mesh Branch led scale foliage 3484.
16:06:50 | INFO: Draco encoder: Encoding mesh Branch led scale foliage 3485.
16:06:50 | INFO: Draco encoder: Encoding mesh Branch led scale foliage 3486.
16:06:50 | INFO: Draco encoder: Encoding mesh Branch led scale foliage 3487.
16:06:50 | INFO: Draco encoder: Encoding mesh Branch led scale foliage 3488.
16:06:50 | INFO: Draco encoder: Encoding mesh Branch led scale foliage 3489.
16:06:50 | INFO: Draco encoder: Encoding mesh Branch led scale foliage 3490.
16:06:50 | INFO: Draco encoder: Encoding mesh Branch led scale foliage 3491.
16:06:50 | INFO: Draco encoder: Encoding mesh Branch led scale foliage 3492.
16:06:50 | INFO: Draco encoder: Encoding mesh Branch led scale foliage 3493.
16:06:50 | INFO: Draco encoder: Encoding mesh Branch led scale foliage 3494.
16:06:50 | INFO: Draco encoder: Encoding mesh Branch led scale foliage 3495.
16:06:50 | INFO: Draco encoder: Encoding mesh Branch led scale foliage 3496.
16:06:50 | INFO: Draco encoder: Encoding mesh Branch led scale foliage 3497.
16:06:50 | INFO: Draco encoder: Encoding mesh Branch led scale foliage 3498.
16:06:50 | INFO: Draco encoder: Encoding mesh Branch led scale foliage 3499.
16:06:50 | INFO: Draco encoder: Encoding mesh Branch led scale foliage 3500.
16:06:50 | INFO: Draco encoder: Encoding mesh Branch led scale foliage 3501.
16:06:50 | INFO: Draco encoder: Encoding mesh Branch led scale foliage 3502.
16:06:50 | INFO: Draco encoder: Encoding mesh Branch led scale foliage 3503.
16:06:50 | INFO: Draco encoder: Encoding mesh Branch led scale foliage 3504.
16:06:50 | INFO: Draco encoder: Encoding mesh Branch led scale foliage 3505.
16:06:50 | INFO: Draco encoder: Encoding mesh Branch led scale foliage 3506.
16:06:50 | INFO: Draco encoder: Encoding mesh Branch led scale foliage 3507.
16:06:50 | INFO: Draco encoder: Encoding mesh Branch led scale foliage 3508.
16:06:50 | INFO: Draco encoder: Encoding mesh Branch led scale foliage 3509.
16:06:50 | INFO: Draco encoder: Encoding mesh Branch led scale foliage 3510.
16:06:50 | INFO: Draco encoder: Encoding mesh Branch led scale foliage 3511.
16:06:50 | INFO: Draco encoder: Encoding mesh Branch led scale foliage 3512.
16:06:50 | INFO: Draco encoder: Encoding mesh Branch led scale foliage 3513.
16:06:50 | INFO: Draco encoder: Encoding mesh Branch led scale foliage 3514.
16:06:50 | INFO: Draco encoder: Encoding mesh Branch led scale foliage 3515.
16:06:50 | INFO: Draco encoder: Encoding mesh Branch led scale foliage 3516.
16:06:50 | INFO: Draco encoder: Encoding mesh Branch led scale foliage 3517.
16:06:50 | INFO: Draco encoder: Encoding mesh Branch led scale foliage 3518.
16:06:50 | INFO: Draco encoder: Encoding mesh Branch led scale foliage 3519.
16:06:50 | INFO: Draco encoder: Encoding mesh Branch led scale foliage 3520.
16:06:50 | INFO: Draco encoder: Encoding mesh Branch led scale foliage 3521.
16:06:50 | INFO: Draco encoder: Encoding mesh Branch led scale foliage 3522.
16:06:50 | INFO: Draco encoder: Encoding mesh Branch led scale foliage 3523.
16:06:50 | INFO: Draco encoder: Encoding mesh Branch led scale foliage 3524.
16:06:50 | INFO: Draco encoder: Encoding mesh Branch led scale foliage 3525.
16:06:50 | INFO: Draco encoder: Encoding mesh Branch led scale foliage 3526.
16:06:50 | INFO: Draco encoder: Encoding mesh Branch led scale foliage 3527.
16:06:50 | INFO: Draco encoder: Encoding mesh Branch led scale foliage 3528.
16:06:50 | INFO: Draco encoder: Encoding mesh Branch led scale foliage 3529.
16:06:50 | INFO: Draco encoder: Encoding mesh Branch led scale foliage 3530.
16:06:50 | INFO: Draco encoder: Encoding mesh Branch led scale foliage 3531.
16:06:50 | INFO: Draco encoder: Encoding mesh Branch led scale foliage 3532.
16:06:50 | INFO: Draco encoder: Encoding mesh Branch led scale foliage 3533.
16:06:50 | INFO: Draco encoder: Encoding mesh Branch led scale foliage 3534.
16:06:50 | INFO: Draco encoder: Encoding mesh Branch led scale foliage 3535.
16:06:50 | INFO: Draco encoder: Encoding mesh Branch led scale foliage 3536.
16:06:50 | INFO: Draco encoder: Encoding mesh Branch led scale foliage 3537.
16:06:50 | INFO: Draco encoder: Encoding mesh Branch led scale foliage 3538.
16:06:50 | INFO: Draco encoder: Encoding mesh Branch led scale foliage 3539.
16:06:50 | INFO: Draco encoder: Encoding mesh Branch led scale foliage 3540.
16:06:50 | INFO: Draco encoder: Encoding mesh Branch led scale foliage 3541.
16:06:50 | INFO: Draco encoder: Encoding mesh Branch led scale foliage 3542.
16:06:50 | INFO: Draco encoder: Encoding mesh Branch led scale foliage 3543.
16:06:50 | INFO: Draco encoder: Encoding mesh Branch led scale foliage 3544.
16:06:50 | INFO: Draco encoder: Encoding mesh Branch led scale foliage 3545.
16:06:50 | INFO: Draco encoder: Encoding mesh Branch led scale foliage 3546.
16:06:50 | INFO: Draco encoder: Encoding mesh Branch led scale foliage 3547.
16:06:50 | INFO: Draco encoder: Encoding mesh Branch led scale foliage 3548.
16:06:50 | INFO: Draco encoder: Encoding mesh Branch led scale foliage 3549.
16:06:50 | INFO: Draco encoder: Encoding mesh Branch led scale foliage 3550.
16:06:50 | INFO: Draco encoder: Encoding mesh Branch led scale foliage 3551.
16:06:50 | INFO: Draco encoder: Encoding mesh Branch led scale foliage 3552.
16:06:50 | INFO: Draco encoder: Encoding mesh Branch led scale foliage 3553.
16:06:50 | INFO: Draco encoder: Encoding mesh Branch led scale foliage 3554.
16:06:50 | INFO: Draco encoder: Encoding mesh Branch led scale foliage 3555.
16:06:50 | INFO: Draco encoder: Encoding mesh Branch led scale foliage 3556.
16:06:50 | INFO: Draco encoder: Encoding mesh Branch led scale foliage 3557.
16:06:50 | INFO: Draco encoder: Encoding mesh Branch led scale foliage 3558.
16:06:50 | INFO: Draco encoder: Encoding mesh Branch led scale foliage 3559.
16:06:50 | INFO: Draco encoder: Encoding mesh Branch led scale foliage 3560.
16:06:50 | INFO: Draco encoder: Encoding mesh Branch led scale foliage 3561.
16:06:50 | INFO: Draco encoder: Encoding mesh Branch led scale foliage 3562.
16:06:50 | INFO: Draco encoder: Encoding mesh Branch led scale foliage 3563.
16:06:50 | INFO: Draco encoder: Encoding mesh Branch led scale foliage 3564.
16:06:50 | INFO: Draco encoder: Encoding mesh Branch led scale foliage 3565.
16:06:50 | INFO: Draco encoder: Encoding mesh Branch led scale foliage 3566.
16:06:50 | INFO: Draco encoder: Encoding mesh Branch led scale foliage 3567.
16:06:50 | INFO: Draco encoder: Encoding mesh Branch led scale foliage 3568.
16:06:50 | INFO: Draco encoder: Encoding mesh Branch led scale foliage 3569.
16:06:50 | INFO: Draco encoder: Encoding mesh Branch led scale foliage 3570.
16:06:50 | INFO: Draco encoder: Encoding mesh Branch led scale foliage 3571.
16:06:50 | INFO: Draco encoder: Encoding mesh Branch led scale foliage 3572.
16:06:50 | INFO: Draco encoder: Encoding mesh Branch led scale foliage 3573.
16:06:50 | INFO: Draco encoder: Encoding mesh Branch led scale foliage 3574.
16:06:50 | INFO: Draco encoder: Encoding mesh Branch led scale foliage 3575.
16:06:50 | INFO: Draco encoder: Encoding mesh Branch led scale foliage 3576.
16:06:50 | INFO: Draco encoder: Encoding mesh Branch led scale foliage 3577.
16:06:50 | INFO: Draco encoder: Encoding mesh Branch led scale foliage 3578.
16:06:50 | INFO: Draco encoder: Encoding mesh Branch led scale foliage 3579.
16:06:50 | INFO: Draco encoder: Encoding mesh Branch led scale foliage 3580.
16:06:50 | INFO: Draco encoder: Encoding mesh Branch led scale foliage 3581.
16:06:50 | INFO: Draco encoder: Encoding mesh Branch led scale foliage 3582.
16:06:50 | INFO: Draco encoder: Encoding mesh Branch led scale foliage 3583.
16:06:50 | INFO: Draco encoder: Encoding mesh Branch led scale foliage 3584.
16:06:50 | INFO: Draco encoder: Encoding mesh Branch led scale foliage 3585.
16:06:50 | INFO: Draco encoder: Encoding mesh Branch led scale foliage 3586.
16:06:50 | INFO: Draco encoder: Encoding mesh Branch led scale foliage 3587.
16:06:50 | INFO: Draco encoder: Encoding mesh Branch led scale foliage 3588.
16:06:50 | INFO: Draco encoder: Encoding mesh Branch led scale foliage 3589.
16:06:50 | INFO: Draco encoder: Encoding mesh Branch led scale foliage 3590.
16:06:50 | INFO: Draco encoder: Encoding mesh Branch led scale foliage 3591.
16:06:50 | INFO: Draco encoder: Encoding mesh Branch led scale foliage 3592.
16:06:50 | INFO: Draco encoder: Encoding mesh Branch led scale foliage 3593.
16:06:50 | INFO: Draco encoder: Encoding mesh Branch led scale foliage 3594.
16:06:50 | INFO: Draco encoder: Encoding mesh Branch led scale foliage 3595.
16:06:50 | INFO: Draco encoder: Encoding mesh Branch led scale foliage 3596.
16:06:50 | INFO: Draco encoder: Encoding mesh Branch led scale foliage 3597.
16:06:50 | INFO: Draco encoder: Encoding mesh Branch led scale foliage 3598.
16:06:50 | INFO: Draco encoder: Encoding mesh Branch led scale foliage 3599.
16:06:50 | INFO: Draco encoder: Encoding mesh Branch led scale foliage 3600.
16:06:50 | INFO: Draco encoder: Encoding mesh Branch led scale foliage 3601.
16:06:50 | INFO: Draco encoder: Encoding mesh Branch led scale foliage 3602.
16:06:50 | INFO: Draco encoder: Encoding mesh Branch led scale foliage 3603.
16:06:50 | INFO: Draco encoder: Encoding mesh Branch led scale foliage 3604.
16:06:50 | INFO: Draco encoder: Encoding mesh Branch led scale foliage 3605.
16:06:50 | INFO: Draco encoder: Encoding mesh Branch led scale foliage 3606.
16:06:50 | INFO: Draco encoder: Encoding mesh Branch led scale foliage 3607.
16:06:50 | INFO: Draco encoder: Encoding mesh Branch led scale foliage 3608.
16:06:50 | INFO: Draco encoder: Encoding mesh Branch led scale foliage 3609.
16:06:50 | INFO: Draco encoder: Encoding mesh Branch led scale foliage 3610.
16:06:50 | INFO: Draco encoder: Encoding mesh Branch led scale foliage 3611.
16:06:50 | INFO: Draco encoder: Encoding mesh Branch led scale foliage 3612.
16:06:50 | INFO: Draco encoder: Encoding mesh Branch led scale foliage 3613.
16:06:50 | INFO: Draco encoder: Encoding mesh Branch led scale foliage 3614.
16:06:50 | INFO: Draco encoder: Encoding mesh Branch led scale foliage 3615.
16:06:50 | INFO: Draco encoder: Encoding mesh Branch led scale foliage 3616.
16:06:50 | INFO: Draco encoder: Encoding mesh Branch led scale foliage 3617.
16:06:50 | INFO: Draco encoder: Encoding mesh Branch led scale foliage 3618.
16:06:50 | INFO: Draco encoder: Encoding mesh Branch led scale foliage 3619.
16:06:50 | INFO: Draco encoder: Encoding mesh Branch led scale foliage 3620.
16:06:50 | INFO: Draco encoder: Encoding mesh Branch led scale foliage 3621.
16:06:50 | INFO: Draco encoder: Encoding mesh Branch led scale foliage 3622.
16:06:50 | INFO: Draco encoder: Encoding mesh Branch led scale foliage 3623.
16:06:50 | INFO: Draco encoder: Encoding mesh Branch led scale foliage 3624.
16:06:50 | INFO: Draco encoder: Encoding mesh Branch led scale foliage 3625.
16:06:50 | INFO: Draco encoder: Encoding mesh Branch led scale foliage 3626.
16:06:50 | INFO: Draco encoder: Encoding mesh Branch led scale foliage 3627.
16:06:50 | INFO: Draco encoder: Encoding mesh Branch led scale foliage 3628.
16:06:50 | INFO: Draco encoder: Encoding mesh Branch led scale foliage 3629.
16:06:50 | INFO: Draco encoder: Encoding mesh Branch led scale foliage 3630.
16:06:50 | INFO: Draco encoder: Encoding mesh Branch led scale foliage 3631.
16:06:50 | INFO: Draco encoder: Encoding mesh Branch led scale foliage 3632.
16:06:50 | INFO: Draco encoder: Encoding mesh Branch led scale foliage 3633.
16:06:50 | INFO: Draco encoder: Encoding mesh Branch led scale foliage 3634.
16:06:50 | INFO: Draco encoder: Encoding mesh Branch led scale foliage 3635.
16:06:50 | INFO: Draco encoder: Encoding mesh Branch led scale foliage 3636.
16:06:50 | INFO: Draco encoder: Encoding mesh Branch led scale foliage 3637.
16:06:50 | INFO: Draco encoder: Encoding mesh Branch led scale foliage 3638.
16:06:50 | INFO: Draco encoder: Encoding mesh Branch led scale foliage 3639.
16:06:50 | INFO: Draco encoder: Encoding mesh Branch led scale foliage 3640.
16:06:50 | INFO: Draco encoder: Encoding mesh Branch led scale foliage 3641.
16:06:50 | INFO: Draco encoder: Encoding mesh Branch led scale foliage 3642.
16:06:50 | INFO: Draco encoder: Encoding mesh Branch led scale foliage 3643.
16:06:50 | INFO: Draco encoder: Encoding mesh Branch led scale foliage 3644.
16:06:50 | INFO: Draco encoder: Encoding mesh Branch led scale foliage 3645.
16:06:50 | INFO: Draco encoder: Encoding mesh Branch led scale foliage 3646.
16:06:50 | INFO: Draco encoder: Encoding mesh Branch led scale foliage 3647.
16:06:50 | INFO: Draco encoder: Encoding mesh Branch led scale foliage 3648.
16:06:50 | INFO: Draco encoder: Encoding mesh Branch led scale foliage 3649.
16:06:50 | INFO: Draco encoder: Encoding mesh Branch led scale foliage 3650.
16:06:50 | INFO: Draco encoder: Encoding mesh Branch led scale foliage 3651.
16:06:50 | INFO: Draco encoder: Encoding mesh Branch led scale foliage 3652.
16:06:50 | INFO: Draco encoder: Encoding mesh Branch led scale foliage 3653.
16:06:50 | INFO: Draco encoder: Encoding mesh Branch led scale foliage 3654.
16:06:50 | INFO: Draco encoder: Encoding mesh Branch led scale foliage 3655.
16:06:50 | INFO: Draco encoder: Encoding mesh Branch led scale foliage 3656.
16:06:50 | INFO: Draco encoder: Encoding mesh Branch led scale foliage 3657.
16:06:50 | INFO: Draco encoder: Encoding mesh Branch led scale foliage 3658.
16:06:50 | INFO: Draco encoder: Encoding mesh Branch led scale foliage 3659.
16:06:50 | INFO: Draco encoder: Encoding mesh Branch led scale foliage 3660.
16:06:50 | INFO: Draco encoder: Encoding mesh Branch led scale foliage 3661.
16:06:50 | INFO: Draco encoder: Encoding mesh Branch led scale foliage 3662.
16:06:50 | INFO: Draco encoder: Encoding mesh Branch led scale foliage 3663.
16:06:50 | INFO: Draco encoder: Encoding mesh Branch led scale foliage 3664.
16:06:50 | INFO: Draco encoder: Encoding mesh Branch led scale foliage 3665.
16:06:50 | INFO: Draco encoder: Encoding mesh Branch led scale foliage 3666.
16:06:50 | INFO: Draco encoder: Encoding mesh Branch led scale foliage 3667.
16:06:50 | INFO: Draco encoder: Encoding mesh Branch led scale foliage 3668.
16:06:50 | INFO: Draco encoder: Encoding mesh Branch led scale foliage 3669.
16:06:50 | INFO: Draco encoder: Encoding mesh Branch led scale foliage 3670.
16:06:50 | INFO: Draco encoder: Encoding mesh Branch led scale foliage 3671.
16:06:50 | INFO: Draco encoder: Encoding mesh Branch led scale foliage 3672.
16:06:50 | INFO: Draco encoder: Encoding mesh Branch led scale foliage 3673.
16:06:50 | INFO: Draco encoder: Encoding mesh Branch led scale foliage 3674.
16:06:50 | INFO: Draco encoder: Encoding mesh Branch led scale foliage 3675.
16:06:50 | INFO: Draco encoder: Encoding mesh Branch led scale foliage 3676.
16:06:50 | INFO: Draco encoder: Encoding mesh Branch led scale foliage 3677.
16:06:50 | INFO: Draco encoder: Encoding mesh Branch led scale foliage 3678.
16:06:50 | INFO: Draco encoder: Encoding mesh Branch led scale foliage 3679.
16:06:50 | INFO: Draco encoder: Encoding mesh Branch led scale foliage 3680.
16:06:50 | INFO: Draco encoder: Encoding mesh Branch led scale foliage 3681.
16:06:50 | INFO: Draco encoder: Encoding mesh Branch led scale foliage 3682.
16:06:50 | INFO: Draco encoder: Encoding mesh Branch led scale foliage 3683.
16:06:50 | INFO: Draco encoder: Encoding mesh Branch led scale foliage 3684.
16:06:50 | INFO: Draco encoder: Encoding mesh Branch led scale foliage 3685.
16:06:50 | INFO: Draco encoder: Encoding mesh Branch led scale foliage 3686.
16:06:50 | INFO: Draco encoder: Encoding mesh Branch led scale foliage 3687.
16:06:50 | INFO: Draco encoder: Encoding mesh Branch led scale foliage 3688.
16:06:50 | INFO: Draco encoder: Encoding mesh Branch led scale foliage 3689.
16:06:50 | INFO: Draco encoder: Encoding mesh Branch led scale foliage 3690.
16:06:50 | INFO: Draco encoder: Encoding mesh Branch led scale foliage 3691.
16:06:50 | INFO: Draco encoder: Encoding mesh Branch led scale foliage 3692.
16:06:50 | INFO: Draco encoder: Encoding mesh Branch led scale foliage 3693.
16:06:50 | INFO: Draco encoder: Encoding mesh Branch led scale foliage 3694.
16:06:50 | INFO: Draco encoder: Encoding mesh Branch led scale foliage 3695.
16:06:50 | INFO: Draco encoder: Encoding mesh Branch led scale foliage 3696.
16:06:50 | INFO: Draco encoder: Encoding mesh Branch led scale foliage 3697.
16:06:50 | INFO: Draco encoder: Encoding mesh Branch led scale foliage 3698.
16:06:50 | INFO: Draco encoder: Encoding mesh Branch led scale foliage 3699.
16:06:50 | INFO: Draco encoder: Encoding mesh Branch led scale foliage 3700.
16:06:50 | INFO: Draco encoder: Encoding mesh Branch led scale foliage 3701.
16:06:50 | INFO: Draco encoder: Encoding mesh Branch led scale foliage 3702.
16:06:50 | INFO: Draco encoder: Encoding mesh Branch led scale foliage 3703.
16:06:50 | INFO: Draco encoder: Encoding mesh Branch led scale foliage 3704.
16:06:50 | INFO: Draco encoder: Encoding mesh Branch led scale foliage 3705.
16:06:50 | INFO: Draco encoder: Encoding mesh Branch led scale foliage 3706.
16:06:50 | INFO: Draco encoder: Encoding mesh Branch led scale foliage 3707.
16:06:50 | INFO: Draco encoder: Encoding mesh Branch led scale foliage 3708.
16:06:50 | INFO: Draco encoder: Encoding mesh Branch led scale foliage 3709.
16:06:50 | INFO: Draco encoder: Encoding mesh Branch led scale foliage 3710.
16:06:50 | INFO: Draco encoder: Encoding mesh Branch led scale foliage 3711.
16:06:50 | INFO: Draco encoder: Encoding mesh Branch led scale foliage 3712.
16:06:50 | INFO: Draco encoder: Encoding mesh Branch led scale foliage 3713.
16:06:50 | INFO: Draco encoder: Encoding mesh Branch led scale foliage 3714.
16:06:50 | INFO: Draco encoder: Encoding mesh Branch led scale foliage 3715.
16:06:50 | INFO: Draco encoder: Encoding mesh Branch led scale foliage 3716.
16:06:50 | INFO: Draco encoder: Encoding mesh Branch led scale foliage 3717.
16:06:50 | INFO: Draco encoder: Encoding mesh Branch led scale foliage 3718.
16:06:50 | INFO: Draco encoder: Encoding mesh Branch led scale foliage 3719.
16:06:50 | INFO: Draco encoder: Encoding mesh Branch led scale foliage 3720.
16:06:50 | INFO: Draco encoder: Encoding mesh Branch led scale foliage 3721.
16:06:50 | INFO: Draco encoder: Encoding mesh Branch led scale foliage 3722.
16:06:50 | INFO: Draco encoder: Encoding mesh Branch led scale foliage 3723.
16:06:50 | INFO: Draco encoder: Encoding mesh Branch led scale foliage 3724.
16:06:50 | INFO: Draco encoder: Encoding mesh Branch led scale foliage 3725.
16:06:50 | INFO: Draco encoder: Encoding mesh Branch led scale foliage 3726.
16:06:50 | INFO: Draco encoder: Encoding mesh Branch led scale foliage 3727.
16:06:50 | INFO: Draco encoder: Encoding mesh Branch led scale foliage 3728.
16:06:50 | INFO: Draco encoder: Encoding mesh Branch led scale foliage 3729.
16:06:50 | INFO: Draco encoder: Encoding mesh Branch led scale foliage 3730.
16:06:50 | INFO: Draco encoder: Encoding mesh Branch led scale foliage 3731.
16:06:50 | INFO: Draco encoder: Encoding mesh Branch led scale foliage 3732.
16:06:50 | INFO: Draco encoder: Encoding mesh Branch led scale foliage 3733.
16:06:50 | INFO: Draco encoder: Encoding mesh Branch led scale foliage 3734.
16:06:50 | INFO: Draco encoder: Encoding mesh Branch led scale foliage 3735.
16:06:50 | INFO: Draco encoder: Encoding mesh Branch led scale foliage 3736.
16:06:50 | INFO: Draco encoder: Encoding mesh Branch led scale foliage 3737.
16:06:50 | INFO: Draco encoder: Encoding mesh Branch led scale foliage 3738.
16:06:50 | INFO: Draco encoder: Encoding mesh Branch led scale foliage 3739.
16:06:50 | INFO: Draco encoder: Encoding mesh Branch led scale foliage 3740.
16:06:50 | INFO: Draco encoder: Encoding mesh Branch led scale foliage 3741.
16:06:50 | INFO: Draco encoder: Encoding mesh Branch led scale foliage 3742.
16:06:50 | INFO: Draco encoder: Encoding mesh Branch led scale foliage 3743.
16:06:50 | INFO: Draco encoder: Encoding mesh Branch led scale foliage 3744.
16:06:50 | INFO: Draco encoder: Encoding mesh Branch led scale foliage 3745.
16:06:50 | INFO: Draco encoder: Encoding mesh Branch led scale foliage 3746.
16:06:50 | INFO: Draco encoder: Encoding mesh Branch led scale foliage 3747.
16:06:50 | INFO: Draco encoder: Encoding mesh Branch led scale foliage 3748.
16:06:50 | INFO: Draco encoder: Encoding mesh Branch led scale foliage 3749.
16:06:50 | INFO: Draco encoder: Encoding mesh Branch led scale foliage 3750.
16:06:50 | INFO: Draco encoder: Encoding mesh Branch led scale foliage 3751.
16:06:50 | INFO: Draco encoder: Encoding mesh Branch led scale foliage 3752.
16:06:50 | INFO: Draco encoder: Encoding mesh Branch led scale foliage 3753.
16:06:50 | INFO: Draco encoder: Encoding mesh Branch led scale foliage 3754.
16:06:50 | INFO: Draco encoder: Encoding mesh Branch led scale foliage 3755.
16:06:50 | INFO: Draco encoder: Encoding mesh Branch led scale foliage 3756.
16:06:50 | INFO: Draco encoder: Encoding mesh Branch led scale foliage 3757.
16:06:50 | INFO: Draco encoder: Encoding mesh Branch led scale foliage 3758.
16:06:50 | INFO: Draco encoder: Encoding mesh Branch led scale foliage 3759.
16:06:50 | INFO: Draco encoder: Encoding mesh Branch led scale foliage 3760.
16:06:50 | INFO: Draco encoder: Encoding mesh Branch led scale foliage 3761.
16:06:50 | INFO: Draco encoder: Encoding mesh Branch led scale foliage 3762.
16:06:50 | INFO: Draco encoder: Encoding mesh Branch led scale foliage 3763.
16:06:50 | INFO: Draco encoder: Encoding mesh Branch led scale foliage 3764.
16:06:50 | INFO: Draco encoder: Encoding mesh Branch led scale foliage 3765.
16:06:50 | INFO: Draco encoder: Encoding mesh Branch led scale foliage 3766.
16:06:50 | INFO: Draco encoder: Encoding mesh Branch led scale foliage 3767.
16:06:50 | INFO: Draco encoder: Encoding mesh Branch led scale foliage 3768.
16:06:50 | INFO: Draco encoder: Encoding mesh Branch led scale foliage 3769.
16:06:50 | INFO: Draco encoder: Encoding mesh Branch led scale foliage 3770.
16:06:50 | INFO: Draco encoder: Encoding mesh Branch led scale foliage 3771.
16:06:50 | INFO: Draco encoder: Encoding mesh Branch led scale foliage 3772.
16:06:50 | INFO: Draco encoder: Encoding mesh Branch led scale foliage 3773.
16:06:50 | INFO: Draco encoder: Encoding mesh Branch led scale foliage 3774.
16:06:50 | INFO: Draco encoder: Encoding mesh Branch led scale foliage 3775.
16:06:50 | INFO: Draco encoder: Encoding mesh Branch led scale foliage 3776.
16:06:50 | INFO: Draco encoder: Encoding mesh Branch led scale foliage 3777.
16:06:50 | INFO: Draco encoder: Encoding mesh Branch led scale foliage 3778.
16:06:50 | INFO: Draco encoder: Encoding mesh Branch led scale foliage 3779.
16:06:50 | INFO: Draco encoder: Encoding mesh Branch led scale foliage 3780.
16:06:50 | INFO: Draco encoder: Encoding mesh Branch led scale foliage 3781.
16:06:50 | INFO: Draco encoder: Encoding mesh Branch led scale foliage 3782.
16:06:50 | INFO: Draco encoder: Encoding mesh Branch led scale foliage 3783.
16:06:50 | INFO: Draco encoder: Encoding mesh Branch led scale foliage 3784.
16:06:50 | INFO: Draco encoder: Encoding mesh Branch led scale foliage 3785.
16:06:50 | INFO: Draco encoder: Encoding mesh Branch led scale foliage 3786.
16:06:50 | INFO: Draco encoder: Encoding mesh Branch led scale foliage 3787.
16:06:50 | INFO: Draco encoder: Encoding mesh Branch led scale foliage 3788.
16:06:50 | INFO: Draco encoder: Encoding mesh Branch led scale foliage 3789.
16:06:50 | INFO: Draco encoder: Encoding mesh Branch led scale foliage 3790.
16:06:50 | INFO: Draco encoder: Encoding mesh Branch led scale foliage 3791.
16:06:50 | INFO: Draco encoder: Encoding mesh Branch led scale foliage 3792.
16:06:50 | INFO: Draco encoder: Encoding mesh Branch led scale foliage 3793.
16:06:50 | INFO: Draco encoder: Encoding mesh Branch led scale foliage 3794.
16:06:50 | INFO: Draco encoder: Encoding mesh Branch led scale foliage 3795.
16:06:50 | INFO: Draco encoder: Encoding mesh Branch led scale foliage 3796.
16:06:50 | INFO: Draco encoder: Encoding mesh Branch led scale foliage 3797.
16:06:50 | INFO: Draco encoder: Encoding mesh Branch led scale foliage 3798.
16:06:50 | INFO: Draco encoder: Encoding mesh Branch led scale foliage 3799.
16:06:50 | INFO: Draco encoder: Encoding mesh Branch led scale foliage 3800.
16:06:50 | INFO: Draco encoder: Encoding mesh Branch led scale foliage 3801.
16:06:50 | INFO: Draco encoder: Encoding mesh Branch led scale foliage 3802.
16:06:50 | INFO: Draco encoder: Encoding mesh Branch led scale foliage 3803.
16:06:50 | INFO: Draco encoder: Encoding mesh Branch led scale foliage 3804.
16:06:50 | INFO: Draco encoder: Encoding mesh Branch led scale foliage 3805.
16:06:50 | INFO: Draco encoder: Encoding mesh Branch led scale foliage 3806.
16:06:50 | INFO: Draco encoder: Encoding mesh Branch led scale foliage 3807.
16:06:50 | INFO: Draco encoder: Encoding mesh Branch led scale foliage 3808.
16:06:50 | INFO: Draco encoder: Encoding mesh Branch led scale foliage 3809.
16:06:50 | INFO: Draco encoder: Encoding mesh Branch led scale foliage 3810.
16:06:50 | INFO: Draco encoder: Encoding mesh Branch led scale foliage 3811.
16:06:50 | INFO: Draco encoder: Encoding mesh Branch led scale foliage 3812.
16:06:50 | INFO: Draco encoder: Encoding mesh Branch led scale foliage 3813.
16:06:50 | INFO: Draco encoder: Encoding mesh Branch led scale foliage 3814.
16:06:50 | INFO: Draco encoder: Encoding mesh Branch led scale foliage 3815.
16:06:50 | INFO: Draco encoder: Encoding mesh Branch led scale foliage 3816.
16:06:50 | INFO: Draco encoder: Encoding mesh Branch led scale foliage 3817.
16:06:50 | INFO: Draco encoder: Encoding mesh Branch led scale foliage 3818.
16:06:50 | INFO: Draco encoder: Encoding mesh Branch led scale foliage 3819.
16:06:50 | INFO: Draco encoder: Encoding mesh Branch led scale foliage 3820.
16:06:50 | INFO: Draco encoder: Encoding mesh Branch led scale foliage 3821.
16:06:50 | INFO: Draco encoder: Encoding mesh Branch led scale foliage 3822.
16:06:50 | INFO: Draco encoder: Encoding mesh Branch led scale foliage 3823.
16:06:50 | INFO: Draco encoder: Encoding mesh Branch led scale foliage 3824.
16:06:50 | INFO: Draco encoder: Encoding mesh Branch led scale foliage 3825.
16:06:50 | INFO: Draco encoder: Encoding mesh Branch led scale foliage 3826.
16:06:50 | INFO: Draco encoder: Encoding mesh Branch led scale foliage 3827.
16:06:50 | INFO: Draco encoder: Encoding mesh Branch led scale foliage 3828.
16:06:50 | INFO: Draco encoder: Encoding mesh Branch led scale foliage 3829.
16:06:50 | INFO: Draco encoder: Encoding mesh Branch led scale foliage 3830.
16:06:50 | INFO: Draco encoder: Encoding mesh Branch led scale foliage 3831.
16:06:50 | INFO: Draco encoder: Encoding mesh Branch led scale foliage 3832.
16:06:50 | INFO: Draco encoder: Encoding mesh Branch led scale foliage 3833.
16:06:50 | INFO: Draco encoder: Encoding mesh Branch led scale foliage 3834.
16:06:50 | INFO: Draco encoder: Encoding mesh Branch led scale foliage 3835.
16:06:50 | INFO: Draco encoder: Encoding mesh Branch led scale foliage 3836.
16:06:50 | INFO: Draco encoder: Encoding mesh Branch led scale foliage 3837.
16:06:50 | INFO: Draco encoder: Encoding mesh Branch led scale foliage 3838.
16:06:50 | INFO: Draco encoder: Encoding mesh Branch led scale foliage 3839.
16:06:50 | INFO: Draco encoder: Encoding mesh Branch led scale foliage 3840.
16:06:50 | INFO: Draco encoder: Encoding mesh Branch led scale foliage 3841.
16:06:50 | INFO: Draco encoder: Encoding mesh Branch led scale foliage 3842.
16:06:50 | INFO: Draco encoder: Encoding mesh Branch led scale foliage 3843.
16:06:50 | INFO: Draco encoder: Encoding mesh Branch led scale foliage 3844.
16:06:50 | INFO: Draco encoder: Encoding mesh Branch led scale foliage 3845.
16:06:50 | INFO: Draco encoder: Encoding mesh Branch led scale foliage 3846.
16:06:50 | INFO: Draco encoder: Encoding mesh Branch led scale foliage 3847.
16:06:50 | INFO: Draco encoder: Encoding mesh Branch led scale foliage 3848.
16:06:50 | INFO: Draco encoder: Encoding mesh Branch led scale foliage 3849.
16:06:50 | INFO: Draco encoder: Encoding mesh Branch led scale foliage 3850.
16:06:50 | INFO: Draco encoder: Encoding mesh Branch led scale foliage 3851.
16:06:50 | INFO: Draco encoder: Encoding mesh Branch led scale foliage 3852.
16:06:50 | INFO: Draco encoder: Encoding mesh Branch led scale foliage 3853.
16:06:50 | INFO: Draco encoder: Encoding mesh Branch led scale foliage 3854.
16:06:50 | INFO: Draco encoder: Encoding mesh Branch led scale foliage 3855.
16:06:50 | INFO: Draco encoder: Encoding mesh Branch led scale foliage 3856.
16:06:50 | INFO: Draco encoder: Encoding mesh Branch led scale foliage 3857.
16:06:50 | INFO: Draco encoder: Encoding mesh Branch led scale foliage 3858.
16:06:50 | INFO: Draco encoder: Encoding mesh Branch led scale foliage 3859.
16:06:50 | INFO: Draco encoder: Encoding mesh Branch led scale foliage 3860.
16:06:50 | INFO: Draco encoder: Encoding mesh Branch led scale foliage 3861.
16:06:50 | INFO: Draco encoder: Encoding mesh Branch led scale foliage 3862.
16:06:50 | INFO: Draco encoder: Encoding mesh Branch led scale foliage 3863.
16:06:50 | INFO: Draco encoder: Encoding mesh Branch led scale foliage 3864.
16:06:50 | INFO: Draco encoder: Encoding mesh Branch led scale foliage 3865.
16:06:50 | INFO: Draco encoder: Encoding mesh Branch led scale foliage 3866.
16:06:50 | INFO: Draco encoder: Encoding mesh Branch led scale foliage 3867.
16:06:50 | INFO: Draco encoder: Encoding mesh Branch led scale foliage 3868.
16:06:50 | INFO: Draco encoder: Encoding mesh Branch led scale foliage 3869.
16:06:50 | INFO: Draco encoder: Encoding mesh Branch led scale foliage 3870.
16:06:50 | INFO: Draco encoder: Encoding mesh Branch led scale foliage 3871.
16:06:50 | INFO: Draco encoder: Encoding mesh Branch led scale foliage 3872.
16:06:50 | INFO: Draco encoder: Encoding mesh Branch led scale foliage 3873.
16:06:50 | INFO: Draco encoder: Encoding mesh Branch led scale foliage 3874.
16:06:50 | INFO: Draco encoder: Encoding mesh Branch led scale foliage 3875.
16:06:50 | INFO: Draco encoder: Encoding mesh Branch led scale foliage 3876.
16:06:50 | INFO: Draco encoder: Encoding mesh Branch led scale foliage 3877.
16:06:50 | INFO: Draco encoder: Encoding mesh Branch led scale foliage 3878.
16:06:50 | INFO: Draco encoder: Encoding mesh Branch led scale foliage 3879.
16:06:50 | INFO: Draco encoder: Encoding mesh Branch led scale foliage 3880.
16:06:50 | INFO: Draco encoder: Encoding mesh Branch led scale foliage 3881.
16:06:50 | INFO: Draco encoder: Encoding mesh Branch led scale foliage 3882.
16:06:50 | INFO: Draco encoder: Encoding mesh Branch led scale foliage 3883.
16:06:50 | INFO: Draco encoder: Encoding mesh Branch led scale foliage 3884.
16:06:50 | INFO: Draco encoder: Encoding mesh Branch led scale foliage 3885.
16:06:50 | INFO: Draco encoder: Encoding mesh Branch led scale foliage 3886.
16:06:50 | INFO: Draco encoder: Encoding mesh Branch led scale foliage 3887.
16:06:50 | INFO: Draco encoder: Encoding mesh Branch led scale foliage 3888.
16:06:50 | INFO: Draco encoder: Encoding mesh Branch led scale foliage 3889.
16:06:50 | INFO: Draco encoder: Encoding mesh Branch led scale foliage 3890.
16:06:50 | INFO: Draco encoder: Encoding mesh Branch led scale foliage 3891.
16:06:50 | INFO: Draco encoder: Encoding mesh Branch led scale foliage 3892.
16:06:50 | INFO: Draco encoder: Encoding mesh Branch led scale foliage 3893.
16:06:50 | INFO: Draco encoder: Encoding mesh Branch led scale foliage 3894.
16:06:50 | INFO: Draco encoder: Encoding mesh Branch led scale foliage 3895.
16:06:50 | INFO: Draco encoder: Encoding mesh Branch led scale foliage 3896.
16:06:50 | INFO: Draco encoder: Encoding mesh Branch led scale foliage 3897.
16:06:50 | INFO: Draco encoder: Encoding mesh Branch led scale foliage 3898.
16:06:50 | INFO: Draco encoder: Encoding mesh Branch led scale foliage 3899.
16:06:50 | INFO: Draco encoder: Encoding mesh Branch led scale foliage 3900.
16:06:50 | INFO: Draco encoder: Encoding mesh Branch led scale foliage 3901.
16:06:50 | INFO: Draco encoder: Encoding mesh Branch led scale foliage 3902.
16:06:50 | INFO: Draco encoder: Encoding mesh Branch led scale foliage 3903.
16:06:50 | INFO: Draco encoder: Encoding mesh Branch led scale foliage 3904.
16:06:50 | INFO: Draco encoder: Encoding mesh Branch led scale foliage 3905.
16:06:50 | INFO: Draco encoder: Encoding mesh Branch led scale foliage 3906.
16:06:50 | INFO: Draco encoder: Encoding mesh Branch led scale foliage 3907.
16:06:50 | INFO: Draco encoder: Encoding mesh Branch led scale foliage 3908.
16:06:50 | INFO: Draco encoder: Encoding mesh Branch led scale foliage 3909.
16:06:50 | INFO: Draco encoder: Encoding mesh Branch led scale foliage 3910.
16:06:50 | INFO: Draco encoder: Encoding mesh Branch led scale foliage 3911.
16:06:50 | INFO: Draco encoder: Encoding mesh Branch led scale foliage 3912.
16:06:50 | INFO: Draco encoder: Encoding mesh Branch led scale foliage 3913.
16:06:50 | INFO: Draco encoder: Encoding mesh Branch led scale foliage 3914.
16:06:50 | INFO: Draco encoder: Encoding mesh Branch led scale foliage 3915.
16:06:50 | INFO: Draco encoder: Encoding mesh Branch led scale foliage 3916.
16:06:50 | INFO: Draco encoder: Encoding mesh Branch led scale foliage 3917.
16:06:50 | INFO: Draco encoder: Encoding mesh Branch led scale foliage 3918.
16:06:50 | INFO: Draco encoder: Encoding mesh Branch led scale foliage 3919.
16:06:50 | INFO: Draco encoder: Encoding mesh Branch led scale foliage 3920.
16:06:50 | INFO: Draco encoder: Encoding mesh Branch led scale foliage 3921.
16:06:50 | INFO: Draco encoder: Encoding mesh Branch led scale foliage 3922.
16:06:50 | INFO: Draco encoder: Encoding mesh Branch led scale foliage 3923.
16:06:50 | INFO: Draco encoder: Encoding mesh Branch led scale foliage 3924.
16:06:50 | INFO: Draco encoder: Encoding mesh Branch led scale foliage 3925.
16:06:50 | INFO: Draco encoder: Encoding mesh Branch led scale foliage 3926.
16:06:50 | INFO: Draco encoder: Encoding mesh Branch led scale foliage 3927.
16:06:50 | INFO: Draco encoder: Encoding mesh Branch led scale foliage 3928.
16:06:50 | INFO: Draco encoder: Encoding mesh Branch led scale foliage 3929.
16:06:50 | INFO: Draco encoder: Encoding mesh Branch led scale foliage 3930.
16:06:50 | INFO: Draco encoder: Encoding mesh Branch led scale foliage 3931.
16:06:50 | INFO: Draco encoder: Encoding mesh Branch led scale foliage 3932.
16:06:50 | INFO: Draco encoder: Encoding mesh Branch led scale foliage 3933.
16:06:50 | INFO: Draco encoder: Encoding mesh Branch led scale foliage 3934.
16:06:50 | INFO: Draco encoder: Encoding mesh Branch led scale foliage 3935.
16:06:50 | INFO: Draco encoder: Encoding mesh Branch led scale foliage 3936.
16:06:50 | INFO: Draco encoder: Encoding mesh Branch led scale foliage 3937.
16:06:50 | INFO: Draco encoder: Encoding mesh Branch led scale foliage 3938.
16:06:50 | INFO: Draco encoder: Encoding mesh Branch led scale foliage 3939.
16:06:50 | INFO: Draco encoder: Encoding mesh Branch led scale foliage 3940.
16:06:50 | INFO: Draco encoder: Encoding mesh Branch led scale foliage 3941.
16:06:50 | INFO: Draco encoder: Encoding mesh Branch led scale foliage 3942.
16:06:50 | INFO: Draco encoder: Encoding mesh Branch led scale foliage 3943.
16:06:50 | INFO: Draco encoder: Encoding mesh Branch led scale foliage 3944.
16:06:50 | INFO: Draco encoder: Encoding mesh Branch led scale foliage 3945.
16:06:50 | INFO: Draco encoder: Encoding mesh Branch led scale foliage 3946.
16:06:50 | INFO: Draco encoder: Encoding mesh Branch led scale foliage 3947.
16:06:50 | INFO: Draco encoder: Encoding mesh Branch led scale foliage 3948.
16:06:50 | INFO: Draco encoder: Encoding mesh Branch led scale foliage 3949.
16:06:50 | INFO: Draco encoder: Encoding mesh Branch led scale foliage 3950.
16:06:50 | INFO: Draco encoder: Encoding mesh Branch led scale foliage 3951.
16:06:50 | INFO: Draco encoder: Encoding mesh Branch led scale foliage 3952.
16:06:50 | INFO: Draco encoder: Encoding mesh Branch led scale foliage 3953.
16:06:50 | INFO: Draco encoder: Encoding mesh Branch led scale foliage 3954.
16:06:50 | INFO: Draco encoder: Encoding mesh Branch led scale foliage 3955.
16:06:50 | INFO: Draco encoder: Encoding mesh Branch led scale foliage 3956.
16:06:50 | INFO: Draco encoder: Encoding mesh Branch led scale foliage 3957.
16:06:50 | INFO: Draco encoder: Encoding mesh Branch led scale foliage 3958.
16:06:50 | INFO: Draco encoder: Encoding mesh Branch led scale foliage 3959.
16:06:50 | INFO: Draco encoder: Encoding mesh Branch led scale foliage 3960.
16:06:50 | INFO: Draco encoder: Encoding mesh Branch led scale foliage 3961.
16:06:50 | INFO: Draco encoder: Encoding mesh Branch led scale foliage 3962.
16:06:50 | INFO: Draco encoder: Encoding mesh Branch led scale foliage 3963.
16:06:50 | INFO: Draco encoder: Encoding mesh Branch led scale foliage 3964.
16:06:50 | INFO: Draco encoder: Encoding mesh Branch led scale foliage 3965.
16:06:50 | INFO: Draco encoder: Encoding mesh Branch led scale foliage 3966.
16:06:50 | INFO: Draco encoder: Encoding mesh Branch led scale foliage 3967.
16:06:50 | INFO: Draco encoder: Encoding mesh Branch led scale foliage 3968.
16:06:50 | INFO: Draco encoder: Encoding mesh Branch led scale foliage 3969.
16:06:50 | INFO: Draco encoder: Encoding mesh Branch led scale foliage 3970.
16:06:50 | INFO: Draco encoder: Encoding mesh Branch led scale foliage 3971.
16:06:50 | INFO: Draco encoder: Encoding mesh Branch led scale foliage 3972.
16:06:50 | INFO: Draco encoder: Encoding mesh Branch led scale foliage 3973.
16:06:50 | INFO: Draco encoder: Encoding mesh Branch led scale foliage 3974.
16:06:50 | INFO: Draco encoder: Encoding mesh Branch led scale foliage 3975.
16:06:50 | INFO: Draco encoder: Encoding mesh Branch led scale foliage 3976.
16:06:50 | INFO: Draco encoder: Encoding mesh Branch led scale foliage 3977.
16:06:50 | INFO: Draco encoder: Encoding mesh Branch led scale foliage 3978.
16:06:50 | INFO: Draco encoder: Encoding mesh Branch led scale foliage 3979.
16:06:50 | INFO: Draco encoder: Encoding mesh Branch led scale foliage 3980.
16:06:50 | INFO: Draco encoder: Encoding mesh Branch led scale foliage 3981.
16:06:50 | INFO: Draco encoder: Encoding mesh Branch led scale foliage 3982.
16:06:50 | INFO: Draco encoder: Encoding mesh Branch led scale foliage 3983.
16:06:50 | INFO: Draco encoder: Encoding mesh Branch led scale foliage 3984.
16:06:50 | INFO: Draco encoder: Encoding mesh Branch led scale foliage 3985.
16:06:50 | INFO: Draco encoder: Encoding mesh Branch led scale foliage 3986.
16:06:50 | INFO: Draco encoder: Encoding mesh Branch led scale foliage 3987.
16:06:50 | INFO: Draco encoder: Encoding mesh Branch led scale foliage 3988.
16:06:50 | INFO: Draco encoder: Encoding mesh Branch led scale foliage 3989.
16:06:50 | INFO: Draco encoder: Encoding mesh Branch led scale foliage 3990.
16:06:50 | INFO: Draco encoder: Encoding mesh Branch led scale foliage 3991.
16:06:50 | INFO: Draco encoder: Encoding mesh Branch led scale foliage 3992.
16:06:50 | INFO: Draco encoder: Encoding mesh Branch led scale foliage 3993.
16:06:50 | INFO: Draco encoder: Encoding mesh Branch led scale foliage 3994.
16:06:50 | INFO: Draco encoder: Encoding mesh Branch led scale foliage 3995.
16:06:50 | INFO: Draco encoder: Encoding mesh Branch led scale foliage 3996.
16:06:50 | INFO: Draco encoder: Encoding mesh Branch led scale foliage 3997.
16:06:50 | INFO: Draco encoder: Encoding mesh Branch led scale foliage 3998.
16:06:50 | INFO: Draco encoder: Encoding mesh Branch led scale foliage 3999.
16:06:50 | INFO: Draco encoder: Encoding mesh Branch led scale foliage 4000.
16:06:50 | INFO: Draco encoder: Encoding mesh Branch led scale foliage 4001.
16:06:50 | INFO: Draco encoder: Encoding mesh Branch led scale foliage 4002.
16:06:50 | INFO: Draco encoder: Encoding mesh Branch led scale foliage 4003.
16:06:50 | INFO: Draco encoder: Encoding mesh Branch led scale foliage 4004.
16:06:50 | INFO: Draco encoder: Encoding mesh Branch led scale foliage 4005.
16:06:50 | INFO: Draco encoder: Encoding mesh Branch led scale foliage 4006.
16:06:50 | INFO: Draco encoder: Encoding mesh Branch led scale foliage 4007.
16:06:50 | INFO: Draco encoder: Encoding mesh Branch led scale foliage 4008.
16:06:50 | INFO: Draco encoder: Encoding mesh Branch led scale foliage 4009.
16:06:50 | INFO: Draco encoder: Encoding mesh Branch led scale foliage 4010.
16:06:50 | INFO: Draco encoder: Encoding mesh Branch led scale foliage 4011.
16:06:50 | INFO: Draco encoder: Encoding mesh Branch led scale foliage 4012.
16:06:50 | INFO: Draco encoder: Encoding mesh Branch led scale foliage 4013.
16:06:50 | INFO: Draco encoder: Encoding mesh Branch led scale foliage 4014.
16:06:50 | INFO: Draco encoder: Encoding mesh Branch led scale foliage 4015.
16:06:50 | INFO: Draco encoder: Encoding mesh Branch led scale foliage 4016.
16:06:50 | INFO: Draco encoder: Encoding mesh Branch led scale foliage 4017.
16:06:50 | INFO: Draco encoder: Encoding mesh Branch led scale foliage 4018.
16:06:50 | INFO: Draco encoder: Encoding mesh Branch led scale foliage 4019.
16:06:50 | INFO: Draco encoder: Encoding mesh Branch led scale foliage 4020.
16:06:50 | INFO: Draco encoder: Encoding mesh Branch led scale foliage 4021.
16:06:50 | INFO: Draco encoder: Encoding mesh Branch led scale foliage 4022.
16:06:50 | INFO: Draco encoder: Encoding mesh Branch led scale foliage 4023.
16:06:50 | INFO: Draco encoder: Encoding mesh Branch led scale foliage 4024.
16:06:50 | INFO: Draco encoder: Encoding mesh Branch led scale foliage 4025.
16:06:50 | INFO: Draco encoder: Encoding mesh Branch led scale foliage 4026.
16:06:50 | INFO: Draco encoder: Encoding mesh Branch led scale foliage 4027.
16:06:50 | INFO: Draco encoder: Encoding mesh Branch led scale foliage 4028.
16:06:50 | INFO: Draco encoder: Encoding mesh Branch led scale foliage 4029.
16:06:50 | INFO: Draco encoder: Encoding mesh Branch led scale foliage 4030.
16:06:50 | INFO: Draco encoder: Encoding mesh Branch led scale foliage 4031.
16:06:50 | INFO: Draco encoder: Encoding mesh Branch led scale foliage 4032.
16:06:50 | INFO: Draco encoder: Encoding mesh Branch led scale foliage 4033.
16:06:50 | INFO: Draco encoder: Encoding mesh Branch led scale foliage 4034.
16:06:50 | INFO: Draco encoder: Encoding mesh Branch led scale foliage 4035.
16:06:50 | INFO: Draco encoder: Encoding mesh Branch led scale foliage 4036.
16:06:50 | INFO: Draco encoder: Encoding mesh Branch led scale foliage 4037.
16:06:50 | INFO: Draco encoder: Encoding mesh Branch led scale foliage 4038.
16:06:50 | INFO: Draco encoder: Encoding mesh Branch led scale foliage 4039.
16:06:50 | INFO: Draco encoder: Encoding mesh Branch led scale foliage 4040.
16:06:50 | INFO: Draco encoder: Encoding mesh Branch led scale foliage 4041.
16:06:50 | INFO: Draco encoder: Encoding mesh Branch led scale foliage 4042.
16:06:50 | INFO: Draco encoder: Encoding mesh Branch led scale foliage 4043.
16:06:50 | INFO: Draco encoder: Encoding mesh Branch led scale foliage 4044.
16:06:50 | INFO: Draco encoder: Encoding mesh Branch led scale foliage 4045.
16:06:50 | INFO: Draco encoder: Encoding mesh Branch led scale foliage 4046.
16:06:50 | INFO: Draco encoder: Encoding mesh Branch led scale foliage 4047.
16:06:50 | INFO: Draco encoder: Encoding mesh Branch led scale foliage 4048.
16:06:50 | INFO: Draco encoder: Encoding mesh Branch led scale foliage 4049.
16:06:50 | INFO: Draco encoder: Encoding mesh Branch led scale foliage 4050.
16:06:50 | INFO: Draco encoder: Encoding mesh Branch led scale foliage 4051.
16:06:50 | INFO: Draco encoder: Encoding mesh Branch led scale foliage 4052.
16:06:50 | INFO: Draco encoder: Encoding mesh Branch led scale foliage 4053.
16:06:50 | INFO: Draco encoder: Encoding mesh Branch led scale foliage 4054.
16:06:50 | INFO: Draco encoder: Encoding mesh Branch led scale foliage 4055.
16:06:50 | INFO: Draco encoder: Encoding mesh Branch led scale foliage 4056.
16:06:50 | INFO: Draco encoder: Encoding mesh Branch led scale foliage 4057.
16:06:50 | INFO: Draco encoder: Encoding mesh Branch led scale foliage 4058.
16:06:50 | INFO: Draco encoder: Encoding mesh Branch led scale foliage 4059.
16:06:50 | INFO: Draco encoder: Encoding mesh Branch led scale foliage 4060.
16:06:50 | INFO: Draco encoder: Encoding mesh Branch led scale foliage 4061.
16:06:50 | INFO: Draco encoder: Encoding mesh Branch led scale foliage 4062.
16:06:50 | INFO: Draco encoder: Encoding mesh Branch led scale foliage 4063.
16:06:50 | INFO: Draco encoder: Encoding mesh Branch led scale foliage 4064.
16:06:50 | INFO: Draco encoder: Encoding mesh Branch led scale foliage 4065.
16:06:50 | INFO: Draco encoder: Encoding mesh Branch led scale foliage 4066.
16:06:50 | INFO: Draco encoder: Encoding mesh Branch led scale foliage 4067.
16:06:50 | INFO: Draco encoder: Encoding mesh Branch led scale foliage 4068.
16:06:50 | INFO: Draco encoder: Encoding mesh Branch led scale foliage 4069.
16:06:50 | INFO: Draco encoder: Encoding mesh Branch led scale foliage 4070.
16:06:50 | INFO: Draco encoder: Encoding mesh Branch led scale foliage 4071.
16:06:50 | INFO: Draco encoder: Encoding mesh Branch led scale foliage 4072.
16:06:50 | INFO: Draco encoder: Encoding mesh Branch led scale foliage 4073.
16:06:50 | INFO: Draco encoder: Encoding mesh Branch led scale foliage 4074.
16:06:50 | INFO: Draco encoder: Encoding mesh Branch led scale foliage 4075.
16:06:50 | INFO: Draco encoder: Encoding mesh Branch led scale foliage 4076.
16:06:50 | INFO: Draco encoder: Encoding mesh Branch led scale foliage 4077.
16:06:50 | INFO: Draco encoder: Encoding mesh Branch led scale foliage 4078.
16:06:50 | INFO: Draco encoder: Encoding mesh Branch led scale foliage 4079.
16:06:50 | INFO: Draco encoder: Encoding mesh Branch led scale foliage 4080.
16:06:50 | INFO: Draco encoder: Encoding mesh Branch led scale foliage 4081.
16:06:50 | INFO: Draco encoder: Encoding mesh Branch led scale foliage 4082.
16:06:50 | INFO: Draco encoder: Encoding mesh Branch led scale foliage 4083.
16:06:50 | INFO: Draco encoder: Encoding mesh Branch led scale foliage 4084.
16:06:50 | INFO: Draco encoder: Encoding mesh Branch led scale foliage 4085.
16:06:50 | INFO: Draco encoder: Encoding mesh Branch led scale foliage 4086.
16:06:50 | INFO: Draco encoder: Encoding mesh Branch led scale foliage 4087.
16:06:50 | INFO: Draco encoder: Encoding mesh Branch led scale foliage 4088.
16:06:50 | INFO: Draco encoder: Encoding mesh Branch led scale foliage 4089.
16:06:50 | INFO: Draco encoder: Encoding mesh Branch led scale foliage 4090.
16:06:50 | INFO: Draco encoder: Encoding mesh Branch led scale foliage 4091.
16:06:50 | INFO: Draco encoder: Encoding mesh Branch led scale foliage 4092.
16:06:50 | INFO: Draco encoder: Encoding mesh Branch led scale foliage 4093.
16:06:50 | INFO: Draco encoder: Encoding mesh Branch led scale foliage 4094.
16:06:50 | INFO: Draco encoder: Encoding mesh Branch led scale foliage 4095.
16:06:50 | INFO: Draco encoder: Encoding mesh Branch led scale foliage 4096.
16:06:50 | INFO: Draco encoder: Encoding mesh Branch led scale foliage 4097.
16:06:50 | INFO: Draco encoder: Encoding mesh Branch led scale foliage 4098.
16:06:50 | INFO: Draco encoder: Encoding mesh Branch led scale foliage 4099.
16:06:50 | INFO: Draco encoder: Encoding mesh Branch led scale foliage 4100.
16:06:50 | INFO: Draco encoder: Encoding mesh Branch led scale foliage 4101.
16:06:50 | INFO: Draco encoder: Encoding mesh Branch led scale foliage 4102.
16:06:50 | INFO: Draco encoder: Encoding mesh Branch led scale foliage 4103.
16:06:50 | INFO: Draco encoder: Encoding mesh Branch led scale foliage 4104.
16:06:50 | INFO: Draco encoder: Encoding mesh Branch led scale foliage 4105.
16:06:50 | INFO: Draco encoder: Encoding mesh Branch led scale foliage 4106.
16:06:50 | INFO: Draco encoder: Encoding mesh Branch led scale foliage 4107.
16:06:50 | INFO: Draco encoder: Encoding mesh Branch led scale foliage 4108.
16:06:50 | INFO: Draco encoder: Encoding mesh Branch led scale foliage 4109.
16:06:50 | INFO: Draco encoder: Encoding mesh Branch led scale foliage 4110.
16:06:50 | INFO: Draco encoder: Encoding mesh Branch led scale foliage 4111.
16:06:50 | INFO: Draco encoder: Encoding mesh Branch led scale foliage 4112.
16:06:50 | INFO: Draco encoder: Encoding mesh Branch led scale foliage 4113.
16:06:50 | INFO: Draco encoder: Encoding mesh Branch led scale foliage 4114.
16:06:50 | INFO: Draco encoder: Encoding mesh Branch led scale foliage 4115.
16:06:50 | INFO: Draco encoder: Encoding mesh Branch led scale foliage 4116.
16:06:50 | INFO: Draco encoder: Encoding mesh Branch led scale foliage 4117.
16:06:50 | INFO: Draco encoder: Encoding mesh Branch led scale foliage 4118.
16:06:50 | INFO: Draco encoder: Encoding mesh Branch led scale foliage 4119.
16:06:50 | INFO: Draco encoder: Encoding mesh Branch led scale foliage 4120.
16:06:50 | INFO: Draco encoder: Encoding mesh Branch led scale foliage 4121.
16:06:50 | INFO: Draco encoder: Encoding mesh Branch led scale foliage 4122.
16:06:50 | INFO: Draco encoder: Encoding mesh Branch led scale foliage 4123.
16:06:50 | INFO: Draco encoder: Encoding mesh Branch led scale foliage 4124.
16:06:50 | INFO: Draco encoder: Encoding mesh Branch led scale foliage 4125.
16:06:50 | INFO: Draco encoder: Encoding mesh Branch led scale foliage 4126.
16:06:50 | INFO: Draco encoder: Encoding mesh Branch led scale foliage 4127.
16:06:50 | INFO: Draco encoder: Encoding mesh Branch led scale foliage 4128.
16:06:50 | INFO: Draco encoder: Encoding mesh Branch led scale foliage 4129.
16:06:50 | INFO: Draco encoder: Encoding mesh Branch led scale foliage 4130.
16:06:50 | INFO: Draco encoder: Encoding mesh Branch led scale foliage 4131.
16:06:50 | INFO: Draco encoder: Encoding mesh Branch led scale foliage 4132.
16:06:50 | INFO: Draco encoder: Encoding mesh Branch led scale foliage 4133.
16:06:50 | INFO: Draco encoder: Encoding mesh Branch led scale foliage 4134.
16:06:50 | INFO: Draco encoder: Encoding mesh Branch led scale foliage 4135.
16:06:50 | INFO: Draco encoder: Encoding mesh Branch led scale foliage 4136.
16:06:50 | INFO: Draco encoder: Encoding mesh Branch led scale foliage 4137.
16:06:50 | INFO: Draco encoder: Encoding mesh Branch led scale foliage 4138.
16:06:50 | INFO: Draco encoder: Encoding mesh Branch led scale foliage 4139.
16:06:50 | INFO: Draco encoder: Encoding mesh Branch led scale foliage 4140.
16:06:50 | INFO: Draco encoder: Encoding mesh Branch led scale foliage 4141.
16:06:50 | INFO: Draco encoder: Encoding mesh Branch led scale foliage 4142.
16:06:50 | INFO: Draco encoder: Encoding mesh Branch led scale foliage 4143.
16:06:50 | INFO: Draco encoder: Encoding mesh Branch led scale foliage 4144.
16:06:50 | INFO: Draco encoder: Encoding mesh Branch led scale foliage 4145.
16:06:50 | INFO: Draco encoder: Encoding mesh Branch led scale foliage 4146.
16:06:50 | INFO: Draco encoder: Encoding mesh Branch led scale foliage 4147.
16:06:50 | INFO: Draco encoder: Encoding mesh Branch led scale foliage 4148.
16:06:50 | INFO: Draco encoder: Encoding mesh Branch led scale foliage 4149.
16:06:50 | INFO: Draco encoder: Encoding mesh Branch led scale foliage 4150.
16:06:50 | INFO: Draco encoder: Encoding mesh Branch led scale foliage 4151.
16:06:50 | INFO: Draco encoder: Encoding mesh Branch led scale foliage 4152.
16:06:50 | INFO: Draco encoder: Encoding mesh Branch led scale foliage 4153.
16:06:50 | INFO: Draco encoder: Encoding mesh Branch led scale foliage 4154.
16:06:50 | INFO: Draco encoder: Encoding mesh Branch led scale foliage 4155.
16:06:50 | INFO: Draco encoder: Encoding mesh Branch led scale foliage 4156.
16:06:50 | INFO: Draco encoder: Encoding mesh Branch led scale foliage 4157.
16:06:50 | INFO: Draco encoder: Encoding mesh Branch led scale foliage 4158.
16:06:50 | INFO: Draco encoder: Encoding mesh Branch led scale foliage 4159.
16:06:50 | INFO: Draco encoder: Encoding mesh Branch led scale foliage 4160.
16:06:50 | INFO: Draco encoder: Encoding mesh Branch led scale foliage 4161.
16:06:50 | INFO: Draco encoder: Encoding mesh Branch led scale foliage 4162.
16:06:50 | INFO: Draco encoder: Encoding mesh Branch led scale foliage 4163.
16:06:50 | INFO: Draco encoder: Encoding mesh Branch led scale foliage 4164.
16:06:50 | INFO: Draco encoder: Encoding mesh Branch led scale foliage 4165.
16:06:50 | INFO: Draco encoder: Encoding mesh Branch led scale foliage 4166.
16:06:50 | INFO: Draco encoder: Encoding mesh Branch led scale foliage 4167.
16:06:50 | INFO: Draco encoder: Encoding mesh Branch led scale foliage 4168.
16:06:50 | INFO: Draco encoder: Encoding mesh Branch led scale foliage 4169.
16:06:50 | INFO: Draco encoder: Encoding mesh Branch led scale foliage 4170.
16:06:50 | INFO: Draco encoder: Encoding mesh Branch led scale foliage 4171.
16:06:50 | INFO: Draco encoder: Encoding mesh Branch led scale foliage 4172.
16:06:50 | INFO: Draco encoder: Encoding mesh Branch led scale foliage 4173.
16:06:50 | INFO: Draco encoder: Encoding mesh Branch led scale foliage 4174.
16:06:50 | INFO: Draco encoder: Encoding mesh Branch led scale foliage 4175.
16:06:50 | INFO: Draco encoder: Encoding mesh Branch led scale foliage 4176.
16:06:50 | INFO: Draco encoder: Encoding mesh Branch led scale foliage 4177.
16:06:50 | INFO: Draco encoder: Encoding mesh Branch led scale foliage 4178.
16:06:50 | INFO: Draco encoder: Encoding mesh Branch led scale foliage 4179.
16:06:50 | INFO: Draco encoder: Encoding mesh Branch led scale foliage 4180.
16:06:50 | INFO: Draco encoder: Encoding mesh Branch led scale foliage 4181.
16:06:50 | INFO: Draco encoder: Encoding mesh Branch led scale foliage 4182.
16:06:50 | INFO: Draco encoder: Encoding mesh Branch led scale foliage 4183.
16:06:50 | INFO: Draco encoder: Encoding mesh Branch led scale foliage 4184.
16:06:50 | INFO: Draco encoder: Encoding mesh Branch led scale foliage 4185.
16:06:50 | INFO: Draco encoder: Encoding mesh Branch led scale foliage 4186.
16:06:50 | INFO: Draco encoder: Encoding mesh Branch led scale foliage 4187.
16:06:50 | INFO: Draco encoder: Encoding mesh Branch led scale foliage 4188.
16:06:50 | INFO: Draco encoder: Encoding mesh Branch led scale foliage 4189.
16:06:50 | INFO: Draco encoder: Encoding mesh Branch led scale foliage 4190.
16:06:50 | INFO: Draco encoder: Encoding mesh Branch led scale foliage 4191.
16:06:50 | INFO: Draco encoder: Encoding mesh Branch led scale foliage 4192.
16:06:50 | INFO: Draco encoder: Encoding mesh Branch led scale foliage 4193.
16:06:50 | INFO: Draco encoder: Encoding mesh Branch led scale foliage 4194.
16:06:50 | INFO: Draco encoder: Encoding mesh Branch led scale foliage 4195.
16:06:50 | INFO: Draco encoder: Encoding mesh Branch led scale foliage 4196.
16:06:50 | INFO: Draco encoder: Encoding mesh Branch led scale foliage 4197.
16:06:50 | INFO: Draco encoder: Encoding mesh Branch led scale foliage 4198.
16:06:50 | INFO: Draco encoder: Encoding mesh Branch led scale foliage 4199.
16:06:50 | INFO: Draco encoder: Encoding mesh Branch led scale foliage 4200.
16:06:50 | INFO: Draco encoder: Encoding mesh Branch led scale foliage 4201.
16:06:50 | INFO: Draco encoder: Encoding mesh Branch led scale foliage 4202.
16:06:50 | INFO: Draco encoder: Encoding mesh Branch led scale foliage 4203.
16:06:50 | INFO: Draco encoder: Encoding mesh Branch led scale foliage 4204.
16:06:50 | INFO: Draco encoder: Encoding mesh Branch led scale foliage 4205.
16:06:50 | INFO: Draco encoder: Encoding mesh Branch led scale foliage 4206.
16:06:50 | INFO: Draco encoder: Encoding mesh Branch led scale foliage 4207.
16:06:50 | INFO: Draco encoder: Encoding mesh Branch led scale foliage 4208.
16:06:50 | INFO: Draco encoder: Encoding mesh Branch led scale foliage 4209.
16:06:50 | INFO: Draco encoder: Encoding mesh Branch led scale foliage 4210.
16:06:50 | INFO: Draco encoder: Encoding mesh Branch led scale foliage 4211.
16:06:50 | INFO: Draco encoder: Encoding mesh Branch led scale foliage 4212.
16:06:50 | INFO: Draco encoder: Encoding mesh Branch led scale foliage 4213.
16:06:50 | INFO: Draco encoder: Encoding mesh Branch led scale foliage 4214.
16:06:50 | INFO: Draco encoder: Encoding mesh Branch led scale foliage 4215.
16:06:50 | INFO: Draco encoder: Encoding mesh Branch led scale foliage 4216.
16:06:50 | INFO: Draco encoder: Encoding mesh Branch led scale foliage 4217.
16:06:50 | INFO: Draco encoder: Encoding mesh Branch led scale foliage 4218.
16:06:50 | INFO: Draco encoder: Encoding mesh Branch led scale foliage 4219.
16:06:50 | INFO: Draco encoder: Encoding mesh Branch led scale foliage 4220.
16:06:50 | INFO: Draco encoder: Encoding mesh Branch led scale foliage 4221.
16:06:50 | INFO: Draco encoder: Encoding mesh Branch led scale foliage 4222.
16:06:50 | INFO: Draco encoder: Encoding mesh Branch led scale foliage 4223.
16:06:50 | INFO: Draco encoder: Encoding mesh Branch led scale foliage 4224.
16:06:50 | INFO: Draco encoder: Encoding mesh Branch led scale foliage 4225.
16:06:50 | INFO: Draco encoder: Encoding mesh Branch led scale foliage 4226.
16:06:50 | INFO: Draco encoder: Encoding mesh Branch led scale foliage 4227.
16:06:50 | INFO: Draco encoder: Encoding mesh Branch led scale foliage 4228.
16:06:50 | INFO: Draco encoder: Encoding mesh Branch led scale foliage 4229.
16:06:50 | INFO: Draco encoder: Encoding mesh Branch led scale foliage 4230.
16:06:50 | INFO: Draco encoder: Encoding mesh Branch led scale foliage 4231.
16:06:50 | INFO: Draco encoder: Encoding mesh Branch led scale foliage 4232.
16:06:50 | INFO: Draco encoder: Encoding mesh Branch led scale foliage 4233.
16:06:50 | INFO: Draco encoder: Encoding mesh Branch led scale foliage 4234.
16:06:50 | INFO: Draco encoder: Encoding mesh Branch led scale foliage 4235.
16:06:50 | INFO: Draco encoder: Encoding mesh Branch led scale foliage 4236.
16:06:50 | INFO: Draco encoder: Encoding mesh Branch led scale foliage 4237.
16:06:50 | INFO: Draco encoder: Encoding mesh Branch led scale foliage 4238.
16:06:50 | INFO: Draco encoder: Encoding mesh Branch led scale foliage 4239.
16:06:50 | INFO: Draco encoder: Encoding mesh Branch led scale foliage 4240.
16:06:50 | INFO: Draco encoder: Encoding mesh Branch led scale foliage 4241.
16:06:50 | INFO: Draco encoder: Encoding mesh Branch led scale foliage 4242.
16:06:50 | INFO: Draco encoder: Encoding mesh Branch led scale foliage 4243.
16:06:50 | INFO: Draco encoder: Encoding mesh Branch led scale foliage 4244.
16:06:50 | INFO: Draco encoder: Encoding mesh Branch led scale foliage 4245.
16:06:50 | INFO: Draco encoder: Encoding mesh Branch led scale foliage 4246.
16:06:50 | INFO: Draco encoder: Encoding mesh Branch led scale foliage 4247.
16:06:50 | INFO: Draco encoder: Encoding mesh Branch led scale foliage 4248.
16:06:50 | INFO: Draco encoder: Encoding mesh Branch led scale foliage 4249.
16:06:50 | INFO: Draco encoder: Encoding mesh Branch led scale foliage 4250.
16:06:50 | INFO: Draco encoder: Encoding mesh Branch led scale foliage 4251.
16:06:50 | INFO: Draco encoder: Encoding mesh Branch led scale foliage 4252.
16:06:50 | INFO: Draco encoder: Encoding mesh Branch led scale foliage 4253.
16:06:50 | INFO: Draco encoder: Encoding mesh Branch led scale foliage 4254.
16:06:50 | INFO: Draco encoder: Encoding mesh Branch led scale foliage 4255.
16:06:50 | INFO: Draco encoder: Encoding mesh Branch led scale foliage 4256.
16:06:50 | INFO: Draco encoder: Encoding mesh Branch led scale foliage 4257.
16:06:50 | INFO: Draco encoder: Encoding mesh Branch led scale foliage 4258.
16:06:50 | INFO: Draco encoder: Encoding mesh Branch led scale foliage 4259.
16:06:50 | INFO: Draco encoder: Encoding mesh Branch led scale foliage 4260.
16:06:50 | INFO: Draco encoder: Encoding mesh Branch led scale foliage 4261.
16:06:50 | INFO: Draco encoder: Encoding mesh Branch led scale foliage 4262.
16:06:50 | INFO: Draco encoder: Encoding mesh Branch led scale foliage 4263.
16:06:50 | INFO: Draco encoder: Encoding mesh Branch led scale foliage 4264.
16:06:50 | INFO: Draco encoder: Encoding mesh Branch led scale foliage 4265.
16:06:50 | INFO: Draco encoder: Encoding mesh Branch led scale foliage 4266.
16:06:50 | INFO: Draco encoder: Encoding mesh Branch led scale foliage 4267.
16:06:50 | INFO: Draco encoder: Encoding mesh Branch led scale foliage 4268.
16:06:50 | INFO: Draco encoder: Encoding mesh Branch led scale foliage 4269.
16:06:50 | INFO: Draco encoder: Encoding mesh Branch led scale foliage 4270.
16:06:50 | INFO: Draco encoder: Encoding mesh Branch led scale foliage 4271.
16:06:50 | INFO: Draco encoder: Encoding mesh Branch led scale foliage 4272.
16:06:50 | INFO: Draco encoder: Encoding mesh Branch led scale foliage 4273.
16:06:50 | INFO: Draco encoder: Encoding mesh Branch led scale foliage 4274.
16:06:50 | INFO: Draco encoder: Encoding mesh Branch led scale foliage 4275.
16:06:50 | INFO: Draco encoder: Encoding mesh Branch led scale foliage 4276.
16:06:50 | INFO: Draco encoder: Encoding mesh Branch led scale foliage 4277.
16:06:50 | INFO: Draco encoder: Encoding mesh Branch led scale foliage 4278.
16:06:50 | INFO: Draco encoder: Encoding mesh Branch led scale foliage 4279.
16:06:50 | INFO: Draco encoder: Encoding mesh Branch led scale foliage 4280.
16:06:50 | INFO: Draco encoder: Encoding mesh Branch led scale foliage 4281.
16:06:50 | INFO: Draco encoder: Encoding mesh Branch led scale foliage 4282.
16:06:50 | INFO: Draco encoder: Encoding mesh Branch led scale foliage 4283.
16:06:50 | INFO: Draco encoder: Encoding mesh Branch led scale foliage 4284.
16:06:50 | INFO: Draco encoder: Encoding mesh Branch led scale foliage 4285.
16:06:50 | INFO: Draco encoder: Encoding mesh Branch led scale foliage 4286.
16:06:50 | INFO: Draco encoder: Encoding mesh Branch led scale foliage 4287.
16:06:50 | INFO: Draco encoder: Encoding mesh Branch led scale foliage 4288.
16:06:50 | INFO: Draco encoder: Encoding mesh Branch led scale foliage 4289.
16:06:50 | INFO: Draco encoder: Encoding mesh Branch led scale foliage 4290.
16:06:50 | INFO: Draco encoder: Encoding mesh Branch led scale foliage 4291.
16:06:50 | INFO: Draco encoder: Encoding mesh Branch led scale foliage 4292.
16:06:50 | INFO: Draco encoder: Encoding mesh Branch led scale foliage 4293.
16:06:50 | INFO: Draco encoder: Encoding mesh Branch led scale foliage 4294.
16:06:50 | INFO: Draco encoder: Encoding mesh Branch led scale foliage 4295.
16:06:50 | INFO: Draco encoder: Encoding mesh Branch led scale foliage 4296.
16:06:50 | INFO: Draco encoder: Encoding mesh Branch led scale foliage 4297.
16:06:50 | INFO: Draco encoder: Encoding mesh Branch led scale foliage 4298.
16:06:50 | INFO: Draco encoder: Encoding mesh Branch led scale foliage 4299.
16:06:50 | INFO: Draco encoder: Encoding mesh Branch led scale foliage 4300.
16:06:50 | INFO: Draco encoder: Encoding mesh Branch led scale foliage 4301.
16:06:50 | INFO: Draco encoder: Encoding mesh Branch led scale foliage 4302.
16:06:50 | INFO: Draco encoder: Encoding mesh Branch led scale foliage 4303.
16:06:50 | INFO: Draco encoder: Encoding mesh Branch led scale foliage 4304.
16:06:50 | INFO: Draco encoder: Encoding mesh Branch led scale foliage 4305.
16:06:50 | INFO: Draco encoder: Encoding mesh Branch led scale foliage 4306.
16:06:50 | INFO: Draco encoder: Encoding mesh Branch led scale foliage 4307.
16:06:50 | INFO: Draco encoder: Encoding mesh Branch led scale foliage 4308.
16:06:50 | INFO: Draco encoder: Encoding mesh Branch led scale foliage 4309.
16:06:50 | INFO: Draco encoder: Encoding mesh Branch led scale foliage 4310.
16:06:50 | INFO: Draco encoder: Encoding mesh Branch led scale foliage 4311.
16:06:50 | INFO: Draco encoder: Encoding mesh Branch led scale foliage 4312.
16:06:50 | INFO: Draco encoder: Encoding mesh Branch led scale foliage 4313.
16:06:50 | INFO: Draco encoder: Encoding mesh Branch led scale foliage 4314.
16:06:50 | INFO: Draco encoder: Encoding mesh Branch led scale foliage 4315.
16:06:50 | INFO: Draco encoder: Encoding mesh Branch led scale foliage 4316.
16:06:50 | INFO: Draco encoder: Encoding mesh Branch led scale foliage 4317.
16:06:50 | INFO: Draco encoder: Encoding mesh Branch led scale foliage 4318.
16:06:50 | INFO: Draco encoder: Encoding mesh Branch led scale foliage 4319.
16:06:50 | INFO: Draco encoder: Encoding mesh Branch led scale foliage 4320.
16:06:50 | INFO: Draco encoder: Encoding mesh Branch led scale foliage 4321.
16:06:50 | INFO: Draco encoder: Encoding mesh Branch led scale foliage 4322.
16:06:50 | INFO: Draco encoder: Encoding mesh Branch led scale foliage 4323.
16:06:50 | INFO: Draco encoder: Encoding mesh Branch led scale foliage 4324.
16:06:50 | INFO: Draco encoder: Encoding mesh Branch led scale foliage 4325.
16:06:50 | INFO: Draco encoder: Encoding mesh Branch led scale foliage 4326.
16:06:50 | INFO: Draco encoder: Encoding mesh Branch led scale foliage 4327.
16:06:50 | INFO: Draco encoder: Encoding mesh Branch led scale foliage 4328.
16:06:50 | INFO: Draco encoder: Encoding mesh Branch led scale foliage 4329.
16:06:50 | INFO: Draco encoder: Encoding mesh Branch led scale foliage 4330.
16:06:50 | INFO: Draco encoder: Encoding mesh Branch led scale foliage 4331.
16:06:50 | INFO: Draco encoder: Encoding mesh Branch led scale foliage 4332.
16:06:50 | INFO: Draco encoder: Encoding mesh Branch led scale foliage 4333.
16:06:50 | INFO: Draco encoder: Encoding mesh Branch led scale foliage 4334.
16:06:50 | INFO: Draco encoder: Encoding mesh Branch led scale foliage 4335.
16:06:50 | INFO: Draco encoder: Encoding mesh Branch led scale foliage 4336.
16:06:50 | INFO: Draco encoder: Encoding mesh Branch led scale foliage 4337.
16:06:50 | INFO: Draco encoder: Encoding mesh Branch led scale foliage 4338.
16:06:50 | INFO: Draco encoder: Encoding mesh Branch led scale foliage 4339.
16:06:50 | INFO: Draco encoder: Encoding mesh Branch led scale foliage 4340.
16:06:50 | INFO: Draco encoder: Encoding mesh Branch led scale foliage 4341.
16:06:50 | INFO: Draco encoder: Encoding mesh Branch led scale foliage 4342.
16:06:50 | INFO: Draco encoder: Encoding mesh Branch led scale foliage 4343.
16:06:50 | INFO: Draco encoder: Encoding mesh Branch led scale foliage 4344.
16:06:50 | INFO: Draco encoder: Encoding mesh Branch led scale foliage 4345.
16:06:50 | INFO: Draco encoder: Encoding mesh Branch led scale foliage 4346.
16:06:50 | INFO: Draco encoder: Encoding mesh Branch led scale foliage 4347.
16:06:50 | INFO: Draco encoder: Encoding mesh Branch led scale foliage 4348.
16:06:50 | INFO: Draco encoder: Encoding mesh Branch led scale foliage 4349.
16:06:50 | INFO: Draco encoder: Encoding mesh Branch led scale foliage 4350.
16:06:50 | INFO: Draco encoder: Encoding mesh Branch led scale foliage 4351.
16:06:50 | INFO: Draco encoder: Encoding mesh Branch led scale foliage 4352.
16:06:50 | INFO: Draco encoder: Encoding mesh Branch led scale foliage 4353.
16:06:50 | INFO: Draco encoder: Encoding mesh Branch led scale foliage 4354.
16:06:50 | INFO: Draco encoder: Encoding mesh Branch led scale foliage 4355.
16:06:50 | INFO: Draco encoder: Encoding mesh Branch led scale foliage 4356.
16:06:50 | INFO: Draco encoder: Encoding mesh Branch led scale foliage 4357.
16:06:50 | INFO: Draco encoder: Encoding mesh Branch led scale foliage 4358.
16:06:50 | INFO: Draco encoder: Encoding mesh Branch led scale foliage 4359.
16:06:50 | INFO: Draco encoder: Encoding mesh Branch led scale foliage 4360.
16:06:50 | INFO: Draco encoder: Encoding mesh Branch led scale foliage 4361.
16:06:50 | INFO: Draco encoder: Encoding mesh Branch led scale foliage 4362.
16:06:50 | INFO: Draco encoder: Encoding mesh Branch led scale foliage 4363.
16:06:50 | INFO: Draco encoder: Encoding mesh Branch led scale foliage 4364.
16:06:50 | INFO: Draco encoder: Encoding mesh Branch led scale foliage 4365.
16:06:50 | INFO: Draco encoder: Encoding mesh Branch led scale foliage 4366.
16:06:50 | INFO: Draco encoder: Encoding mesh Branch led scale foliage 4367.
16:06:50 | INFO: Draco encoder: Encoding mesh Branch led scale foliage 4368.
16:06:50 | INFO: Draco encoder: Encoding mesh Branch led scale foliage 4369.
16:06:50 | INFO: Draco encoder: Encoding mesh Branch led scale foliage 4370.
16:06:50 | INFO: Draco encoder: Encoding mesh Branch led scale foliage 4371.
16:06:50 | INFO: Draco encoder: Encoding mesh Branch led scale foliage 4372.
16:06:50 | INFO: Draco encoder: Encoding mesh Branch led scale foliage 4373.
16:06:50 | INFO: Draco encoder: Encoding mesh Branch led scale foliage 4374.
16:06:50 | INFO: Draco encoder: Encoding mesh Branch led scale foliage 4375.
16:06:50 | INFO: Draco encoder: Encoding mesh Branch led scale foliage 4376.
16:06:50 | INFO: Draco encoder: Encoding mesh Branch led scale foliage 4377.
16:06:50 | INFO: Draco encoder: Encoding mesh Branch led scale foliage 4378.
16:06:50 | INFO: Draco encoder: Encoding mesh Branch led scale foliage 4379.
16:06:50 | INFO: Draco encoder: Encoding mesh Branch led scale foliage 4380.
16:06:50 | INFO: Draco encoder: Encoding mesh Branch led scale foliage 4381.
16:06:50 | INFO: Draco encoder: Encoding mesh Branch led scale foliage 4382.
16:06:50 | INFO: Draco encoder: Encoding mesh Branch led scale foliage 4383.
16:06:50 | INFO: Draco encoder: Encoding mesh Branch led scale foliage 4384.
16:06:50 | INFO: Draco encoder: Encoding mesh Branch led scale foliage 4385.
16:06:50 | INFO: Draco encoder: Encoding mesh Branch led scale foliage 4386.
16:06:50 | INFO: Draco encoder: Encoding mesh Branch led scale foliage 4387.
16:06:50 | INFO: Draco encoder: Encoding mesh Branch led scale foliage 4388.
16:06:50 | INFO: Draco encoder: Encoding mesh Branch led scale foliage 4389.
16:06:50 | INFO: Draco encoder: Encoding mesh Branch led scale foliage 4390.
16:06:50 | INFO: Draco encoder: Encoding mesh Branch led scale foliage 4391.
16:06:50 | INFO: Draco encoder: Encoding mesh Branch led scale foliage 4392.
16:06:50 | INFO: Draco encoder: Encoding mesh Branch led scale foliage 4393.
16:06:50 | INFO: Draco encoder: Encoding mesh Branch led scale foliage 4394.
16:06:50 | INFO: Draco encoder: Encoding mesh Branch led scale foliage 4395.
16:06:50 | INFO: Draco encoder: Encoding mesh Branch led scale foliage 4396.
16:06:50 | INFO: Draco encoder: Encoding mesh Branch led scale foliage 4397.
16:06:50 | INFO: Draco encoder: Encoding mesh Branch led scale foliage 4398.
16:06:50 | INFO: Draco encoder: Encoding mesh Branch led scale foliage 4399.
16:06:50 | INFO: Draco encoder: Encoding mesh Branch led scale foliage 4400.
16:06:50 | INFO: Draco encoder: Encoding mesh Branch led scale foliage 4401.
16:06:50 | INFO: Draco encoder: Encoding mesh Branch led scale foliage 4402.
16:06:50 | INFO: Draco encoder: Encoding mesh Branch led scale foliage 4403.
16:06:50 | INFO: Draco encoder: Encoding mesh Branch led scale foliage 4404.
16:06:50 | INFO: Draco encoder: Encoding mesh Branch led scale foliage 4405.
16:06:50 | INFO: Draco encoder: Encoding mesh Branch led scale foliage 4406.
16:06:50 | INFO: Draco encoder: Encoding mesh Branch led scale foliage 4407.
16:06:50 | INFO: Draco encoder: Encoding mesh Branch led scale foliage 4408.
16:06:50 | INFO: Draco encoder: Encoding mesh Branch led scale foliage 4409.
16:06:50 | INFO: Draco encoder: Encoding mesh Branch led scale foliage 4410.
16:06:50 | INFO: Draco encoder: Encoding mesh Branch led scale foliage 4411.
16:06:50 | INFO: Draco encoder: Encoding mesh Branch led scale foliage 4412.
16:06:50 | INFO: Draco encoder: Encoding mesh Branch led scale foliage 4413.
16:06:50 | INFO: Draco encoder: Encoding mesh Branch led scale foliage 4414.
16:06:50 | INFO: Draco encoder: Encoding mesh Branch led scale foliage 4415.
16:06:50 | INFO: Draco encoder: Encoding mesh Branch led scale foliage 4416.
16:06:50 | INFO: Draco encoder: Encoding mesh Branch led scale foliage 4417.
16:06:50 | INFO: Draco encoder: Encoding mesh Branch led scale foliage 4418.
16:06:50 | INFO: Draco encoder: Encoding mesh Branch led scale foliage 4419.
16:06:50 | INFO: Draco encoder: Encoding mesh Branch led scale foliage 4420.
16:06:50 | INFO: Draco encoder: Encoding mesh Branch led scale foliage 4421.
16:06:50 | INFO: Draco encoder: Encoding mesh Branch led scale foliage 4422.
16:06:50 | INFO: Draco encoder: Encoding mesh Branch led scale foliage 4423.
16:06:50 | INFO: Draco encoder: Encoding mesh Branch led scale foliage 4424.
16:06:50 | INFO: Draco encoder: Encoding mesh Branch led scale foliage 4425.
16:06:50 | INFO: Draco encoder: Encoding mesh Branch led scale foliage 4426.
16:06:50 | INFO: Draco encoder: Encoding mesh Branch led scale foliage 4427.
16:06:50 | INFO: Draco encoder: Encoding mesh Branch led scale foliage 4428.
16:06:50 | INFO: Draco encoder: Encoding mesh Branch led scale foliage 4429.
16:06:50 | INFO: Draco encoder: Encoding mesh Branch led scale foliage 4430.
16:06:50 | INFO: Draco encoder: Encoding mesh Branch led scale foliage 4431.
16:06:50 | INFO: Draco encoder: Encoding mesh Branch led scale foliage 4432.
16:06:50 | INFO: Draco encoder: Encoding mesh Branch led scale foliage 4433.
16:06:50 | INFO: Draco encoder: Encoding mesh Branch led scale foliage 4434.
16:06:50 | INFO: Draco encoder: Encoding mesh Branch led scale foliage 4435.
16:06:50 | INFO: Draco encoder: Encoding mesh Branch led scale foliage 4436.
16:06:50 | INFO: Draco encoder: Encoding mesh Branch led scale foliage 4437.
16:06:50 | INFO: Draco encoder: Encoding mesh Branch led scale foliage 4438.
16:06:50 | INFO: Draco encoder: Encoding mesh Branch led scale foliage 4439.
16:06:50 | INFO: Draco encoder: Encoding mesh Branch led scale foliage 4440.
16:06:50 | INFO: Draco encoder: Encoding mesh Branch led scale foliage 4441.
16:06:50 | INFO: Draco encoder: Encoding mesh Branch led scale foliage 4442.
16:06:50 | INFO: Draco encoder: Encoding mesh Branch led scale foliage 4443.
16:06:50 | INFO: Draco encoder: Encoding mesh Branch led scale foliage 4444.
16:06:50 | INFO: Draco encoder: Encoding mesh Branch led scale foliage 4445.
16:06:50 | INFO: Draco encoder: Encoding mesh Branch led scale foliage 4446.
16:06:50 | INFO: Draco encoder: Encoding mesh Branch led scale foliage 4447.
16:06:50 | INFO: Draco encoder: Encoding mesh Branch led scale foliage 4448.
16:06:50 | INFO: Draco encoder: Encoding mesh Branch led scale foliage 4449.
16:06:50 | INFO: Draco encoder: Encoding mesh Branch led scale foliage 4450.
16:06:50 | INFO: Draco encoder: Encoding mesh Branch led scale foliage 4451.
16:06:50 | INFO: Draco encoder: Encoding mesh Branch led scale foliage 4452.
16:06:50 | INFO: Draco encoder: Encoding mesh Branch led scale foliage 4453.
16:06:50 | INFO: Draco encoder: Encoding mesh Branch led scale foliage 4454.
16:06:50 | INFO: Draco encoder: Encoding mesh Branch led scale foliage 4455.
16:06:50 | INFO: Draco encoder: Encoding mesh Branch led scale foliage 4456.
16:06:50 | INFO: Draco encoder: Encoding mesh Branch led scale foliage 4457.
16:06:50 | INFO: Draco encoder: Encoding mesh Branch led scale foliage 4458.
16:06:50 | INFO: Draco encoder: Encoding mesh Branch led scale foliage 4459.
16:06:50 | INFO: Draco encoder: Encoding mesh Branch led scale foliage 4460.
16:06:50 | INFO: Draco encoder: Encoding mesh Branch led scale foliage 4461.
16:06:50 | INFO: Draco encoder: Encoding mesh Branch led scale foliage 4462.
16:06:50 | INFO: Draco encoder: Encoding mesh Branch led scale foliage 4463.
16:06:50 | INFO: Draco encoder: Encoding mesh Branch led scale foliage 4464.
16:06:50 | INFO: Draco encoder: Encoding mesh Branch led scale foliage 4465.
16:06:50 | INFO: Draco encoder: Encoding mesh Branch led scale foliage 4466.
16:06:50 | INFO: Draco encoder: Encoding mesh Branch led scale foliage 4467.
16:06:50 | INFO: Draco encoder: Encoding mesh Branch led scale foliage 4468.
16:06:50 | INFO: Draco encoder: Encoding mesh Branch led scale foliage 4469.
16:06:50 | INFO: Draco encoder: Encoding mesh Branch led scale foliage 4470.
16:06:50 | INFO: Draco encoder: Encoding mesh Branch led scale foliage 4471.
16:06:50 | INFO: Draco encoder: Encoding mesh Branch led scale foliage 4472.
16:06:50 | INFO: Draco encoder: Encoding mesh Branch led scale foliage 4473.
16:06:50 | INFO: Draco encoder: Encoding mesh Branch led scale foliage 4474.
16:06:50 | INFO: Draco encoder: Encoding mesh Branch led scale foliage 4475.
16:06:50 | INFO: Draco encoder: Encoding mesh Branch led scale foliage 4476.
16:06:50 | INFO: Draco encoder: Encoding mesh Branch led scale foliage 4477.
16:06:50 | INFO: Draco encoder: Encoding mesh Branch led scale foliage 4478.
16:06:50 | INFO: Draco encoder: Encoding mesh Branch led scale foliage 4479.
16:06:50 | INFO: Draco encoder: Encoding mesh Branch led scale foliage 4480.
16:06:50 | INFO: Draco encoder: Encoding mesh Branch led scale foliage 4481.
16:06:50 | INFO: Draco encoder: Encoding mesh Branch led scale foliage 4482.
16:06:50 | INFO: Draco encoder: Encoding mesh Branch led scale foliage 4483.
16:06:50 | INFO: Draco encoder: Encoding mesh Branch led scale foliage 4484.
16:06:50 | INFO: Draco encoder: Encoding mesh Branch led scale foliage 4485.
16:06:50 | INFO: Draco encoder: Encoding mesh Branch led scale foliage 4486.
16:06:50 | INFO: Draco encoder: Encoding mesh Branch led scale foliage 4487.
16:06:50 | INFO: Draco encoder: Encoding mesh Branch led scale foliage 4488.
16:06:50 | INFO: Draco encoder: Encoding mesh Branch led scale foliage 4489.
16:06:50 | INFO: Draco encoder: Encoding mesh Branch led scale foliage 4490.
16:06:50 | INFO: Draco encoder: Encoding mesh Branch led scale foliage 4491.
16:06:50 | INFO: Draco encoder: Encoding mesh Branch led scale foliage 4492.
16:06:50 | INFO: Draco encoder: Encoding mesh Branch led scale foliage 4493.
16:06:50 | INFO: Draco encoder: Encoding mesh Branch led scale foliage 4494.
16:06:50 | INFO: Draco encoder: Encoding mesh Branch led scale foliage 4495.
16:06:50 | INFO: Draco encoder: Encoding mesh Branch led scale foliage 4496.
16:06:50 | INFO: Draco encoder: Encoding mesh Branch led scale foliage 4497.
16:06:50 | INFO: Draco encoder: Encoding mesh Branch led scale foliage 4498.
16:06:50 | INFO: Draco encoder: Encoding mesh Branch led scale foliage 4499.
16:06:50 | INFO: Draco encoder: Encoding mesh Branch led scale foliage 4500.
16:06:50 | INFO: Draco encoder: Encoding mesh Branch led scale foliage 4501.
16:06:50 | INFO: Draco encoder: Encoding mesh Branch led scale foliage 4502.
16:06:50 | INFO: Draco encoder: Encoding mesh Branch led scale foliage 4503.
16:06:50 | INFO: Draco encoder: Encoding mesh Branch led scale foliage 4504.
16:06:50 | INFO: Draco encoder: Encoding mesh Branch led scale foliage 4505.
16:06:50 | INFO: Draco encoder: Encoding mesh Branch led scale foliage 4506.
16:06:50 | INFO: Draco encoder: Encoding mesh Branch led scale foliage 4507.
16:06:50 | INFO: Draco encoder: Encoding mesh Branch led scale foliage 4508.
16:06:50 | INFO: Draco encoder: Encoding mesh Branch led scale foliage 4509.
16:06:50 | INFO: Draco encoder: Encoding mesh Branch led scale foliage 4510.
16:06:50 | INFO: Draco encoder: Encoding mesh Branch led scale foliage 4511.
16:06:50 | INFO: Draco encoder: Encoding mesh Branch led scale foliage 4512.
16:06:50 | INFO: Draco encoder: Encoding mesh Branch led scale foliage 4513.
16:06:50 | INFO: Draco encoder: Encoding mesh Branch led scale foliage 4514.
16:06:50 | INFO: Draco encoder: Encoding mesh Branch led scale foliage 4515.
16:06:50 | INFO: Draco encoder: Encoding mesh Branch led scale foliage 4516.
16:06:50 | INFO: Draco encoder: Encoding mesh Branch led scale foliage 4517.
16:06:50 | INFO: Draco encoder: Encoding mesh Branch led scale foliage 4518.
16:06:50 | INFO: Draco encoder: Encoding mesh Branch led scale foliage 4519.
16:06:50 | INFO: Draco encoder: Encoding mesh Branch led scale foliage 4520.
16:06:50 | INFO: Draco encoder: Encoding mesh Branch led scale foliage 4521.
16:06:50 | INFO: Draco encoder: Encoding mesh Branch led scale foliage 4522.
16:06:50 | INFO: Draco encoder: Encoding mesh Branch led scale foliage 4523.
16:06:50 | INFO: Draco encoder: Encoding mesh Branch led scale foliage 4524.
16:06:50 | INFO: Draco encoder: Encoding mesh Branch led scale foliage 4525.
16:06:50 | INFO: Draco encoder: Encoding mesh Branch led scale foliage 4526.
16:06:50 | INFO: Draco encoder: Encoding mesh Branch led scale foliage 4527.
16:06:50 | INFO: Draco encoder: Encoding mesh Branch led scale foliage 4528.
16:06:50 | INFO: Draco encoder: Encoding mesh Branch led scale foliage 4529.
16:06:50 | INFO: Draco encoder: Encoding mesh Branch led scale foliage 4530.
16:06:50 | INFO: Draco encoder: Encoding mesh Branch led scale foliage 4531.
16:06:50 | INFO: Draco encoder: Encoding mesh Branch led scale foliage 4532.
16:06:50 | INFO: Draco encoder: Encoding mesh Branch led scale foliage 4533.
16:06:50 | INFO: Draco encoder: Encoding mesh Branch led scale foliage 4534.
16:06:50 | INFO: Draco encoder: Encoding mesh Branch led scale foliage 4535.
16:06:50 | INFO: Draco encoder: Encoding mesh Branch led scale foliage 4536.
16:06:50 | INFO: Draco encoder: Encoding mesh Branch led scale foliage 4537.
16:06:50 | INFO: Draco encoder: Encoding mesh Branch led scale foliage 4538.
16:06:50 | INFO: Draco encoder: Encoding mesh Branch led scale foliage 4539.
16:06:50 | INFO: Draco encoder: Encoding mesh Branch led scale foliage 4540.
16:06:50 | INFO: Draco encoder: Encoding mesh Branch led scale foliage 4541.
16:06:50 | INFO: Draco encoder: Encoding mesh Branch led scale foliage 4542.
16:06:50 | INFO: Draco encoder: Encoding mesh Branch led scale foliage 4543.
16:06:50 | INFO: Draco encoder: Encoding mesh Branch led scale foliage 4544.
16:06:50 | INFO: Draco encoder: Encoding mesh Branch led scale foliage 4545.
16:06:50 | INFO: Draco encoder: Encoding mesh Branch led scale foliage 4546.
16:06:50 | INFO: Draco encoder: Encoding mesh Branch led scale foliage 4547.
16:06:50 | INFO: Draco encoder: Encoding mesh Branch led scale foliage 4548.
16:06:50 | INFO: Draco encoder: Encoding mesh Branch led scale foliage 4549.
16:06:50 | INFO: Draco encoder: Encoding mesh Branch led scale foliage 4550.
16:06:50 | INFO: Draco encoder: Encoding mesh Branch led scale foliage 4551.
16:06:50 | INFO: Draco encoder: Encoding mesh Branch led scale foliage 4552.
16:06:50 | INFO: Draco encoder: Encoding mesh Branch led scale foliage 4553.
16:06:50 | INFO: Draco encoder: Encoding mesh Branch led scale foliage 4554.
16:06:50 | INFO: Draco encoder: Encoding mesh Branch led scale foliage 4555.
16:06:50 | INFO: Draco encoder: Encoding mesh Branch led scale foliage 4556.
16:06:50 | INFO: Draco encoder: Encoding mesh Branch led scale foliage 4557.
16:06:50 | INFO: Draco encoder: Encoding mesh Branch led scale foliage 4558.
16:06:50 | INFO: Draco encoder: Encoding mesh Branch led scale foliage 4559.
16:06:50 | INFO: Draco encoder: Encoding mesh Branch led scale foliage 4560.
16:06:50 | INFO: Draco encoder: Encoding mesh Branch led scale foliage 4561.
16:06:50 | INFO: Draco encoder: Encoding mesh Branch led scale foliage 4562.
16:06:50 | INFO: Draco encoder: Encoding mesh Branch led scale foliage 4563.
16:06:50 | INFO: Draco encoder: Encoding mesh Branch led scale foliage 4564.
16:06:50 | INFO: Draco encoder: Encoding mesh Branch led scale foliage 4565.
16:06:50 | INFO: Draco encoder: Encoding mesh Branch led scale foliage 4566.
16:06:50 | INFO: Draco encoder: Encoding mesh Branch led scale foliage 4567.
16:06:50 | INFO: Draco encoder: Encoding mesh Branch led scale foliage 4568.
16:06:50 | INFO: Draco encoder: Encoding mesh Branch led scale foliage 4569.
16:06:50 | INFO: Draco encoder: Encoding mesh Branch led scale foliage 4570.
16:06:50 | INFO: Draco encoder: Encoding mesh Branch led scale foliage 4571.
16:06:50 | INFO: Draco encoder: Encoding mesh Branch led scale foliage 4572.
16:06:50 | INFO: Draco encoder: Encoding mesh Branch led scale foliage 4573.
16:06:50 | INFO: Draco encoder: Encoding mesh Branch led scale foliage 4574.
16:06:50 | INFO: Draco encoder: Encoding mesh Branch led scale foliage 4575.
16:06:50 | INFO: Draco encoder: Encoding mesh Branch led scale foliage 4576.
16:06:50 | INFO: Draco encoder: Encoding mesh Branch led scale foliage 4577.
16:06:50 | INFO: Draco encoder: Encoding mesh Branch led scale foliage 4578.
16:06:50 | INFO: Draco encoder: Encoding mesh Branch led scale foliage 4579.
16:06:50 | INFO: Draco encoder: Encoding mesh Branch led scale foliage 4580.
16:06:50 | INFO: Draco encoder: Encoding mesh Branch led scale foliage 4581.
16:06:50 | INFO: Draco encoder: Encoding mesh Branch led scale foliage 4582.
16:06:50 | INFO: Draco encoder: Encoding mesh Branch led scale foliage 4583.
16:06:50 | INFO: Draco encoder: Encoding mesh Branch led scale foliage 4584.
16:06:50 | INFO: Draco encoder: Encoding mesh Branch led scale foliage 4585.
16:06:50 | INFO: Draco encoder: Encoding mesh Branch led scale foliage 4586.
16:06:50 | INFO: Draco encoder: Encoding mesh Branch led scale foliage 4587.
16:06:50 | INFO: Draco encoder: Encoding mesh Branch led scale foliage 4588.
16:06:50 | INFO: Draco encoder: Encoding mesh Branch led scale foliage 4589.
16:06:50 | INFO: Draco encoder: Encoding mesh Branch led scale foliage 4590.
16:06:50 | INFO: Draco encoder: Encoding mesh Branch led scale foliage 4591.
16:06:50 | INFO: Draco encoder: Encoding mesh Branch led scale foliage 4592.
16:06:50 | INFO: Draco encoder: Encoding mesh Branch led scale foliage 4593.
16:06:50 | INFO: Draco encoder: Encoding mesh Branch led scale foliage 4594.
16:06:50 | INFO: Draco encoder: Encoding mesh Branch led scale foliage 4595.
16:06:50 | INFO: Draco encoder: Encoding mesh Branch led scale foliage 4596.
16:06:50 | INFO: Draco encoder: Encoding mesh Branch led scale foliage 4597.
16:06:50 | INFO: Draco encoder: Encoding mesh Branch led scale foliage 4598.
16:06:50 | INFO: Draco encoder: Encoding mesh Branch led scale foliage 4599.
16:06:50 | INFO: Draco encoder: Encoding mesh Branch led scale foliage 4600.
16:06:50 | INFO: Draco encoder: Encoding mesh Branch led scale foliage 4601.
16:06:50 | INFO: Draco encoder: Encoding mesh Branch led scale foliage 4602.
16:06:50 | INFO: Draco encoder: Encoding mesh Branch led scale foliage 4603.
16:06:50 | INFO: Draco encoder: Encoding mesh Branch led scale foliage 4604.
16:06:50 | INFO: Draco encoder: Encoding mesh Branch led scale foliage 4605.
16:06:50 | INFO: Draco encoder: Encoding mesh Branch led scale foliage 4606.
16:06:50 | INFO: Draco encoder: Encoding mesh Branch led scale foliage 4607.
16:06:50 | INFO: Draco encoder: Encoding mesh Branch led scale foliage 4608.
16:06:50 | INFO: Draco encoder: Encoding mesh Branch led scale foliage 4609.
16:06:50 | INFO: Draco encoder: Encoding mesh Branch led scale foliage 4610.
16:06:50 | INFO: Draco encoder: Encoding mesh Branch led scale foliage 4611.
16:06:50 | INFO: Draco encoder: Encoding mesh Branch led scale foliage 4612.
16:06:50 | INFO: Draco encoder: Encoding mesh Branch led scale foliage 4613.
16:06:50 | INFO: Draco encoder: Encoding mesh Branch led scale foliage 4614.
16:06:50 | INFO: Draco encoder: Encoding mesh Branch led scale foliage 4615.
16:06:50 | INFO: Draco encoder: Encoding mesh Branch led scale foliage 4616.
16:06:50 | INFO: Draco encoder: Encoding mesh Branch led scale foliage 4617.
16:06:50 | INFO: Draco encoder: Encoding mesh Branch led scale foliage 4618.
16:06:50 | INFO: Draco encoder: Encoding mesh Branch led scale foliage 4619.
16:06:50 | INFO: Draco encoder: Encoding mesh Branch led scale foliage 4620.
16:06:50 | INFO: Draco encoder: Encoding mesh Branch led scale foliage 4621.
16:06:50 | INFO: Draco encoder: Encoding mesh Branch led scale foliage 4622.
16:06:50 | INFO: Draco encoder: Encoding mesh Branch led scale foliage 4623.
16:06:50 | INFO: Draco encoder: Encoding mesh Branch led scale foliage 4624.
16:06:50 | INFO: Draco encoder: Encoding mesh Branch led scale foliage 4625.
16:06:50 | INFO: Draco encoder: Encoding mesh Branch led scale foliage 4626.
16:06:50 | INFO: Draco encoder: Encoding mesh Branch led scale foliage 4627.
16:06:50 | INFO: Draco encoder: Encoding mesh Branch led scale foliage 4628.
16:06:50 | INFO: Draco encoder: Encoding mesh Branch led scale foliage 4629.
16:06:50 | INFO: Draco encoder: Encoding mesh Branch led scale foliage 4630.
16:06:50 | INFO: Draco encoder: Encoding mesh Branch led scale foliage 4631.
16:06:50 | INFO: Draco encoder: Encoding mesh Branch led scale foliage 4632.
16:06:50 | INFO: Draco encoder: Encoding mesh Branch led scale foliage 4633.
16:06:50 | INFO: Draco encoder: Encoding mesh Branch led scale foliage 4634.
16:06:50 | INFO: Draco encoder: Encoding mesh Branch led scale foliage 4635.
16:06:50 | INFO: Draco encoder: Encoding mesh Branch led scale foliage 4636.
16:06:50 | INFO: Draco encoder: Encoding mesh Branch led scale foliage 4637.
16:06:50 | INFO: Draco encoder: Encoding mesh Branch led scale foliage 4638.
16:06:50 | INFO: Draco encoder: Encoding mesh Branch led scale foliage 4639.
16:06:50 | INFO: Draco encoder: Encoding mesh Branch led scale foliage 4640.
16:06:50 | INFO: Draco encoder: Encoding mesh Branch led scale foliage 4641.
16:06:50 | INFO: Draco encoder: Encoding mesh Branch led scale foliage 4642.
16:06:50 | INFO: Draco encoder: Encoding mesh Branch led scale foliage 4643.
16:06:50 | INFO: Draco encoder: Encoding mesh Branch led scale foliage 4644.
16:06:50 | INFO: Draco encoder: Encoding mesh Branch led scale foliage 4645.
16:06:50 | INFO: Draco encoder: Encoding mesh Branch led scale foliage 4646.
16:06:50 | INFO: Draco encoder: Encoding mesh Branch led scale foliage 4647.
16:06:50 | INFO: Draco encoder: Encoding mesh Branch led scale foliage 4648.
16:06:50 | INFO: Draco encoder: Encoding mesh Branch led scale foliage 4649.
16:06:50 | INFO: Draco encoder: Encoding mesh Branch led scale foliage 4650.
16:06:50 | INFO: Draco encoder: Encoding mesh Branch led scale foliage 4651.
16:06:50 | INFO: Draco encoder: Encoding mesh Branch led scale foliage 4652.
16:06:50 | INFO: Draco encoder: Encoding mesh Branch led scale foliage 4653.
16:06:50 | INFO: Draco encoder: Encoding mesh Branch led scale foliage 4654.
16:06:50 | INFO: Draco encoder: Encoding mesh Branch led scale foliage 4655.
16:06:50 | INFO: Draco encoder: Encoding mesh Branch led scale foliage 4656.
16:06:50 | INFO: Draco encoder: Encoding mesh Branch led scale foliage 4657.
16:06:50 | INFO: Draco encoder: Encoding mesh Branch led scale foliage 4658.
16:06:50 | INFO: Draco encoder: Encoding mesh Branch led scale foliage 4659.
16:06:50 | INFO: Draco encoder: Encoding mesh Branch led scale foliage 4660.
16:06:50 | INFO: Draco encoder: Encoding mesh Branch led scale foliage 4661.
16:06:50 | INFO: Draco encoder: Encoding mesh Branch led scale foliage 4662.
16:06:50 | INFO: Draco encoder: Encoding mesh Branch led scale foliage 4663.
16:06:50 | INFO: Draco encoder: Encoding mesh Branch led scale foliage 4664.
16:06:50 | INFO: Draco encoder: Encoding mesh Branch led scale foliage 4665.
16:06:50 | INFO: Draco encoder: Encoding mesh Branch led scale foliage 4666.
16:06:50 | INFO: Draco encoder: Encoding mesh Branch led scale foliage 4667.
16:06:50 | INFO: Draco encoder: Encoding mesh Branch led scale foliage 4668.
16:06:50 | INFO: Draco encoder: Encoding mesh Branch led scale foliage 4669.
16:06:50 | INFO: Draco encoder: Encoding mesh Branch led scale foliage 4670.
16:06:50 | INFO: Draco encoder: Encoding mesh Branch led scale foliage 4671.
16:06:50 | INFO: Draco encoder: Encoding mesh Branch led scale foliage 4672.
16:06:50 | INFO: Draco encoder: Encoding mesh Branch led scale foliage 4673.
16:06:50 | INFO: Draco encoder: Encoding mesh Branch led scale foliage 4674.
16:06:50 | INFO: Draco encoder: Encoding mesh Branch led scale foliage 4675.
16:06:50 | INFO: Draco encoder: Encoding mesh Branch led scale foliage 4676.
16:06:50 | INFO: Draco encoder: Encoding mesh Branch led scale foliage 4677.
16:06:50 | INFO: Draco encoder: Encoding mesh Branch led scale foliage 4678.
16:06:50 | INFO: Draco encoder: Encoding mesh Branch led scale foliage 4679.
16:06:50 | INFO: Draco encoder: Encoding mesh Branch led scale foliage 4680.
16:06:50 | INFO: Draco encoder: Encoding mesh Branch led scale foliage 4681.
16:06:50 | INFO: Draco encoder: Encoding mesh Branch led scale foliage 4682.
16:06:50 | INFO: Draco encoder: Encoding mesh Branch led scale foliage 4683.
16:06:50 | INFO: Draco encoder: Encoding mesh Branch led scale foliage 4684.
16:06:50 | INFO: Draco encoder: Encoding mesh Branch led scale foliage 4685.
16:06:50 | INFO: Draco encoder: Encoding mesh Branch led scale foliage 4686.
16:06:50 | INFO: Draco encoder: Encoding mesh Branch led scale foliage 4687.
16:06:50 | INFO: Draco encoder: Encoding mesh Branch led scale foliage 4688.
16:06:50 | INFO: Draco encoder: Encoding mesh Branch led scale foliage 4689.
16:06:50 | INFO: Draco encoder: Encoding mesh Branch led scale foliage 4690.
16:06:50 | INFO: Draco encoder: Encoding mesh Branch led scale foliage 4691.
16:06:50 | INFO: Draco encoder: Encoding mesh Branch led scale foliage 4692.
16:06:50 | INFO: Draco encoder: Encoding mesh Branch led scale foliage 4693.
16:06:50 | INFO: Draco encoder: Encoding mesh Branch led scale foliage 4694.
16:06:50 | INFO: Draco encoder: Encoding mesh Branch led scale foliage 4695.
16:06:50 | INFO: Draco encoder: Encoding mesh Branch led scale foliage 4696.
16:06:50 | INFO: Draco encoder: Encoding mesh Branch led scale foliage 4697.
16:06:50 | INFO: Draco encoder: Encoding mesh Branch led scale foliage 4698.
16:06:50 | INFO: Draco encoder: Encoding mesh Branch led scale foliage 4699.
16:06:50 | INFO: Draco encoder: Encoding mesh Branch led scale foliage 4700.
16:06:50 | INFO: Draco encoder: Encoding mesh Branch led scale foliage 4701.
16:06:50 | INFO: Draco encoder: Encoding mesh Branch led scale foliage 4702.
16:06:50 | INFO: Draco encoder: Encoding mesh Branch led scale foliage 4703.
16:06:50 | INFO: Draco encoder: Encoding mesh Branch led scale foliage 4704.
16:06:50 | INFO: Draco encoder: Encoding mesh Branch led scale foliage 4705.
16:06:50 | INFO: Draco encoder: Encoding mesh Branch led scale foliage 4706.
16:06:50 | INFO: Draco encoder: Encoding mesh Branch led scale foliage 4707.
16:06:50 | INFO: Draco encoder: Encoding mesh Branch led scale foliage 4708.
16:06:50 | INFO: Draco encoder: Encoding mesh Branch led scale foliage 4709.
16:06:50 | INFO: Draco encoder: Encoding mesh Branch led scale foliage 4710.
16:06:50 | INFO: Draco encoder: Encoding mesh Branch led scale foliage 4711.
16:06:50 | INFO: Draco encoder: Encoding mesh Branch led scale foliage 4712.
16:06:50 | INFO: Draco encoder: Encoding mesh Branch led scale foliage 4713.
16:06:50 | INFO: Draco encoder: Encoding mesh Branch led scale foliage 4714.
16:06:50 | INFO: Draco encoder: Encoding mesh Branch led scale foliage 4715.
16:06:50 | INFO: Draco encoder: Encoding mesh Branch led scale foliage 4716.
16:06:50 | INFO: Draco encoder: Encoding mesh Branch led scale foliage 4717.
16:06:50 | INFO: Draco encoder: Encoding mesh Branch led scale foliage 4718.
16:06:50 | INFO: Draco encoder: Encoding mesh Branch led scale foliage 4719.
16:06:50 | INFO: Draco encoder: Encoding mesh Branch led scale foliage 4720.
16:06:50 | INFO: Draco encoder: Encoding mesh Branch led scale foliage 4721.
16:06:50 | INFO: Draco encoder: Encoding mesh Branch led scale foliage 4722.
16:06:50 | INFO: Draco encoder: Encoding mesh Branch led scale foliage 4723.
16:06:50 | INFO: Draco encoder: Encoding mesh Branch led scale foliage 4724.
16:06:50 | INFO: Draco encoder: Encoding mesh Branch led scale foliage 4725.
16:06:50 | INFO: Draco encoder: Encoding mesh Branch led scale foliage 4726.
16:06:50 | INFO: Draco encoder: Encoding mesh Branch led scale foliage 4727.
16:06:50 | INFO: Draco encoder: Encoding mesh Branch led scale foliage 4728.
16:06:50 | INFO: Draco encoder: Encoding mesh Branch led scale foliage 4729.
16:06:50 | INFO: Draco encoder: Encoding mesh Branch led scale foliage 4730.
16:06:50 | INFO: Draco encoder: Encoding mesh Branch led scale foliage 4731.
16:06:50 | INFO: Draco encoder: Encoding mesh Branch led scale foliage 4732.
16:06:50 | INFO: Draco encoder: Encoding mesh Branch led scale foliage 4733.
16:06:50 | INFO: Draco encoder: Encoding mesh Branch led scale foliage 4734.
16:06:50 | INFO: Draco encoder: Encoding mesh Branch led scale foliage 4735.
16:06:50 | INFO: Draco encoder: Encoding mesh Branch led scale foliage 4736.
16:06:50 | INFO: Draco encoder: Encoding mesh Branch led scale foliage 4737.
16:06:50 | INFO: Draco encoder: Encoding mesh Branch led scale foliage 4738.
16:06:50 | INFO: Draco encoder: Encoding mesh Branch led scale foliage 4739.
16:06:50 | INFO: Draco encoder: Encoding mesh Branch led scale foliage 4740.
16:06:50 | INFO: Draco encoder: Encoding mesh Branch led scale foliage 4741.
16:06:50 | INFO: Draco encoder: Encoding mesh Branch led scale foliage 4742.
16:06:50 | INFO: Draco encoder: Encoding mesh Branch led scale foliage 4743.
16:06:50 | INFO: Draco encoder: Encoding mesh Branch led scale foliage 4744.
16:06:50 | INFO: Draco encoder: Encoding mesh Branch led scale foliage 4745.
16:06:50 | INFO: Draco encoder: Encoding mesh Branch led scale foliage 4746.
16:06:50 | INFO: Draco encoder: Encoding mesh Branch led scale foliage 4747.
16:06:50 | INFO: Draco encoder: Encoding mesh Branch led scale foliage 4748.
16:06:50 | INFO: Draco encoder: Encoding mesh Branch led scale foliage 4749.
16:06:50 | INFO: Draco encoder: Encoding mesh Branch led scale foliage 4750.
16:06:50 | INFO: Draco encoder: Encoding mesh Branch led scale foliage 4751.
16:06:50 | INFO: Draco encoder: Encoding mesh Branch led scale foliage 4752.
16:06:50 | INFO: Draco encoder: Encoding mesh Branch led scale foliage 4753.
16:06:50 | INFO: Draco encoder: Encoding mesh Branch led scale foliage 4754.
16:06:50 | INFO: Draco encoder: Encoding mesh Branch led scale foliage 4755.
16:06:50 | INFO: Draco encoder: Encoding mesh Branch led scale foliage 4756.
16:06:50 | INFO: Draco encoder: Encoding mesh Branch led scale foliage 4757.
16:06:50 | INFO: Draco encoder: Encoding mesh Branch led scale foliage 4758.
16:06:50 | INFO: Draco encoder: Encoding mesh Branch led scale foliage 4759.
16:06:50 | INFO: Draco encoder: Encoding mesh Branch led scale foliage 4760.
16:06:50 | INFO: Draco encoder: Encoding mesh Branch led scale foliage 4761.
16:06:50 | INFO: Draco encoder: Encoding mesh Branch led scale foliage 4762.
16:06:50 | INFO: Draco encoder: Encoding mesh Branch led scale foliage 4763.
16:06:50 | INFO: Draco encoder: Encoding mesh Branch led scale foliage 4764.
16:06:50 | INFO: Draco encoder: Encoding mesh Branch led scale foliage 4765.
16:06:50 | INFO: Draco encoder: Encoding mesh Branch led scale foliage 4766.
16:06:50 | INFO: Draco encoder: Encoding mesh Branch led scale foliage 4767.
16:06:50 | INFO: Draco encoder: Encoding mesh Branch led scale foliage 4768.
16:06:50 | INFO: Draco encoder: Encoding mesh Branch led scale foliage 4769.
16:06:50 | INFO: Draco encoder: Encoding mesh Branch led scale foliage 4770.
16:06:50 | INFO: Draco encoder: Encoding mesh Branch led scale foliage 4771.
16:06:50 | INFO: Draco encoder: Encoding mesh Branch led scale foliage 4772.
16:06:50 | INFO: Draco encoder: Encoding mesh Branch led scale foliage 4773.
16:06:50 | INFO: Draco encoder: Encoding mesh Branch led scale foliage 4774.
16:06:50 | INFO: Draco encoder: Encoding mesh Branch led scale foliage 4775.
16:06:50 | INFO: Draco encoder: Encoding mesh Branch led scale foliage 4776.
16:06:50 | INFO: Draco encoder: Encoding mesh Branch led scale foliage 4777.
16:06:50 | INFO: Draco encoder: Encoding mesh Branch led scale foliage 4778.
16:06:50 | INFO: Draco encoder: Encoding mesh Branch led scale foliage 4779.
16:06:50 | INFO: Draco encoder: Encoding mesh Branch led scale foliage 4780.
16:06:50 | INFO: Draco encoder: Encoding mesh Branch led scale foliage 4781.
16:06:50 | INFO: Draco encoder: Encoding mesh Branch led scale foliage 4782.
16:06:50 | INFO: Draco encoder: Encoding mesh Branch led scale foliage 4783.
16:06:50 | INFO: Draco encoder: Encoding mesh Branch led scale foliage 4784.
16:06:50 | INFO: Draco encoder: Encoding mesh Branch led scale foliage 4785.
16:06:50 | INFO: Draco encoder: Encoding mesh Branch led scale foliage 4786.
16:06:50 | INFO: Draco encoder: Encoding mesh Branch led scale foliage 4787.
16:06:50 | INFO: Draco encoder: Encoding mesh Branch led scale foliage 4788.
16:06:50 | INFO: Draco encoder: Encoding mesh Branch led scale foliage 4789.
16:06:50 | INFO: Draco encoder: Encoding mesh Branch led scale foliage 4790.
16:06:50 | INFO: Draco encoder: Encoding mesh Branch led scale foliage 4791.
16:06:50 | INFO: Draco encoder: Encoding mesh Branch led scale foliage 4792.
16:06:50 | INFO: Draco encoder: Encoding mesh Branch led scale foliage 4793.
16:06:50 | INFO: Draco encoder: Encoding mesh Branch led scale foliage 4794.
16:06:50 | INFO: Draco encoder: Encoding mesh Branch led scale foliage 4795.
16:06:50 | INFO: Draco encoder: Encoding mesh Branch led scale foliage 4796.
16:06:50 | INFO: Draco encoder: Encoding mesh Branch led scale foliage 4797.
16:06:50 | INFO: Draco encoder: Encoding mesh Branch led scale foliage 4798.
16:06:50 | INFO: Draco encoder: Encoding mesh Branch led scale foliage 4799.
16:06:50 | INFO: Draco encoder: Encoding mesh Branch led scale foliage 4800.
16:06:50 | INFO: Draco encoder: Encoding mesh Branch led scale foliage 4801.
16:06:50 | INFO: Draco encoder: Encoding mesh Branch led scale foliage 4802.
16:06:50 | INFO: Draco encoder: Encoding mesh Branch led scale foliage 4803.
16:06:50 | INFO: Draco encoder: Encoding mesh Branch led scale foliage 4804.
16:06:50 | INFO: Draco encoder: Encoding mesh Branch led scale foliage 4805.
16:06:50 | INFO: Draco encoder: Encoding mesh Branch led scale foliage 4806.
16:06:50 | INFO: Draco encoder: Encoding mesh Branch led scale foliage 4807.
16:06:50 | INFO: Draco encoder: Encoding mesh Branch led scale foliage 4808.
16:06:50 | INFO: Draco encoder: Encoding mesh Branch led scale foliage 4809.
16:06:50 | INFO: Draco encoder: Encoding mesh Branch led scale foliage 4810.
16:06:50 | INFO: Draco encoder: Encoding mesh Branch led scale foliage 4811.
16:06:50 | INFO: Draco encoder: Encoding mesh Branch led scale foliage 4812.
16:06:50 | INFO: Draco encoder: Encoding mesh Branch led scale foliage 4813.
16:06:50 | INFO: Draco encoder: Encoding mesh Branch led scale foliage 4814.
16:06:50 | INFO: Draco encoder: Encoding mesh Branch led scale foliage 4815.
16:06:50 | INFO: Draco encoder: Encoding mesh Branch led scale foliage 4816.
16:06:50 | INFO: Draco encoder: Encoding mesh Branch led scale foliage 4817.
16:06:50 | INFO: Draco encoder: Encoding mesh Branch led scale foliage 4818.
16:06:50 | INFO: Draco encoder: Encoding mesh Branch led scale foliage 4819.
16:06:50 | INFO: Draco encoder: Encoding mesh Branch led scale foliage 4820.
16:06:50 | INFO: Draco encoder: Encoding mesh Branch led scale foliage 4821.
16:06:50 | INFO: Draco encoder: Encoding mesh Branch led scale foliage 4822.
16:06:50 | INFO: Draco encoder: Encoding mesh Branch led scale foliage 4823.
16:06:50 | INFO: Draco encoder: Encoding mesh Branch led scale foliage 4824.
16:06:50 | INFO: Draco encoder: Encoding mesh Branch led scale foliage 4825.
16:06:50 | INFO: Draco encoder: Encoding mesh Branch led scale foliage 4826.
16:06:50 | INFO: Draco encoder: Encoding mesh Branch led scale foliage 4827.
16:06:50 | INFO: Draco encoder: Encoding mesh Branch led scale foliage 4828.
16:06:50 | INFO: Draco encoder: Encoding mesh Branch led scale foliage 4829.
16:06:50 | INFO: Draco encoder: Encoding mesh Branch led scale foliage 4830.
16:06:50 | INFO: Draco encoder: Encoding mesh Branch led scale foliage 4831.
16:06:50 | INFO: Draco encoder: Encoding mesh Branch led scale foliage 4832.
16:06:50 | INFO: Draco encoder: Encoding mesh Branch led scale foliage 4833.
16:06:50 | INFO: Draco encoder: Encoding mesh Branch led scale foliage 4834.
16:06:50 | INFO: Draco encoder: Encoding mesh Branch led scale foliage 4835.
16:06:50 | INFO: Draco encoder: Encoding mesh Branch led scale foliage 4836.
16:06:50 | INFO: Draco encoder: Encoding mesh Branch led scale foliage 4837.
16:06:50 | INFO: Draco encoder: Encoding mesh Branch led scale foliage 4838.
16:06:50 | INFO: Draco encoder: Encoding mesh Branch led scale foliage 4839.
16:06:50 | INFO: Draco encoder: Encoding mesh Branch led scale foliage 4840.
16:06:50 | INFO: Draco encoder: Encoding mesh Branch led scale foliage 4841.
16:06:50 | INFO: Draco encoder: Encoding mesh Branch led scale foliage 4842.
16:06:50 | INFO: Draco encoder: Encoding mesh Branch led scale foliage 4843.
16:06:50 | INFO: Draco encoder: Encoding mesh Branch led scale foliage 4844.
16:06:50 | INFO: Draco encoder: Encoding mesh Branch led scale foliage 4845.
16:06:50 | INFO: Draco encoder: Encoding mesh Branch led scale foliage 4846.
16:06:50 | INFO: Draco encoder: Encoding mesh Branch led scale foliage 4847.
16:06:50 | INFO: Draco encoder: Encoding mesh Branch led scale foliage 4848.
16:06:50 | INFO: Draco encoder: Encoding mesh Branch led scale foliage 4849.
16:06:50 | INFO: Draco encoder: Encoding mesh Branch led scale foliage 4850.
16:06:50 | INFO: Draco encoder: Encoding mesh Branch led scale foliage 4851.
16:06:50 | INFO: Draco encoder: Encoding mesh Branch led scale foliage 4852.
16:06:50 | INFO: Draco encoder: Encoding mesh Branch led scale foliage 4853.
16:06:50 | INFO: Draco encoder: Encoding mesh Branch led scale foliage 4854.
16:06:50 | INFO: Draco encoder: Encoding mesh Branch led scale foliage 4855.
16:06:50 | INFO: Draco encoder: Encoding mesh Branch led scale foliage 4856.
16:06:50 | INFO: Draco encoder: Encoding mesh Branch led scale foliage 4857.
16:06:50 | INFO: Draco encoder: Encoding mesh Branch led scale foliage 4858.
16:06:50 | INFO: Draco encoder: Encoding mesh Branch led scale foliage 4859.
16:06:50 | INFO: Draco encoder: Encoding mesh Branch led scale foliage 4860.
16:06:50 | INFO: Draco encoder: Encoding mesh Branch led scale foliage 4861.
16:06:50 | INFO: Draco encoder: Encoding mesh Branch led scale foliage 4862.
16:06:50 | INFO: Draco encoder: Encoding mesh Branch led scale foliage 4863.
16:06:50 | INFO: Draco encoder: Encoding mesh Branch led scale foliage 4864.
16:06:50 | INFO: Draco encoder: Encoding mesh Branch led scale foliage 4865.
16:06:50 | INFO: Draco encoder: Encoding mesh Branch led scale foliage 4866.
16:06:50 | INFO: Draco encoder: Encoding mesh Branch led scale foliage 4867.
16:06:50 | INFO: Draco encoder: Encoding mesh Branch led scale foliage 4868.
16:06:50 | INFO: Draco encoder: Encoding mesh Branch led scale foliage 4869.
16:06:50 | INFO: Draco encoder: Encoding mesh Branch led scale foliage 4870.
16:06:50 | INFO: Draco encoder: Encoding mesh Branch led scale foliage 4871.
16:06:50 | INFO: Draco encoder: Encoding mesh Branch led scale foliage 4872.
16:06:50 | INFO: Draco encoder: Encoding mesh Branch led scale foliage 4873.
16:06:50 | INFO: Draco encoder: Encoding mesh Branch led scale foliage 4874.
16:06:50 | INFO: Draco encoder: Encoding mesh Branch led scale foliage 4875.
16:06:50 | INFO: Draco encoder: Encoding mesh Branch led scale foliage 4876.
16:06:50 | INFO: Draco encoder: Encoding mesh Branch led scale foliage 4877.
16:06:50 | INFO: Draco encoder: Encoding mesh Branch led scale foliage 4878.
16:06:50 | INFO: Draco encoder: Encoding mesh Branch led scale foliage 4879.
16:06:50 | INFO: Draco encoder: Encoding mesh Branch led scale foliage 4880.
16:06:50 | INFO: Draco encoder: Encoding mesh Branch led scale foliage 4881.
16:06:50 | INFO: Draco encoder: Encoding mesh Branch led scale foliage 4882.
16:06:50 | INFO: Draco encoder: Encoding mesh Branch led scale foliage 4883.
16:06:50 | INFO: Draco encoder: Encoding mesh Branch led scale foliage 4884.
16:06:50 | INFO: Draco encoder: Encoding mesh Branch led scale foliage 4885.
16:06:50 | INFO: Draco encoder: Encoding mesh Branch led scale foliage 4886.
16:06:50 | INFO: Draco encoder: Encoding mesh Branch led scale foliage 4887.
16:06:50 | INFO: Draco encoder: Encoding mesh Branch led scale foliage 4888.
16:06:50 | INFO: Draco encoder: Encoding mesh Branch led scale foliage 4889.
16:06:50 | INFO: Draco encoder: Encoding mesh Branch led scale foliage 4890.
16:06:50 | INFO: Draco encoder: Encoding mesh Branch led scale foliage 4891.
16:06:50 | INFO: Draco encoder: Encoding mesh Branch led scale foliage 4892.
16:06:50 | INFO: Draco encoder: Encoding mesh Branch led scale foliage 4893.
16:06:50 | INFO: Draco encoder: Encoding mesh Branch led scale foliage 4894.
16:06:50 | INFO: Draco encoder: Encoding mesh Branch led scale foliage 4895.
16:06:50 | INFO: Draco encoder: Encoding mesh Branch led scale foliage 4896.
16:06:50 | INFO: Draco encoder: Encoding mesh Branch led scale foliage 4897.
16:06:50 | INFO: Draco encoder: Encoding mesh Branch led scale foliage 4898.
16:06:50 | INFO: Draco encoder: Encoding mesh Branch led scale foliage 4899.
16:06:50 | INFO: Draco encoder: Encoding mesh Branch led scale foliage 4900.
16:06:50 | INFO: Draco encoder: Encoding mesh Branch led scale foliage 4901.
16:06:50 | INFO: Draco encoder: Encoding mesh Branch led scale foliage 4902.
16:06:50 | INFO: Draco encoder: Encoding mesh Branch led scale foliage 4903.
16:06:50 | INFO: Draco encoder: Encoding mesh Branch led scale foliage 4904.
16:06:50 | INFO: Draco encoder: Encoding mesh Branch led scale foliage 4905.
16:06:50 | INFO: Draco encoder: Encoding mesh Branch led scale foliage 4906.
16:06:50 | INFO: Draco encoder: Encoding mesh Branch led scale foliage 4907.
16:06:50 | INFO: Draco encoder: Encoding mesh Branch led scale foliage 4908.
16:06:50 | INFO: Draco encoder: Encoding mesh Branch led scale foliage 4909.
16:06:50 | INFO: Draco encoder: Encoding mesh Branch led scale foliage 4910.
16:06:50 | INFO: Draco encoder: Encoding mesh Branch led scale foliage 4911.
16:06:50 | INFO: Draco encoder: Encoding mesh Branch led scale foliage 4912.
16:06:50 | INFO: Draco encoder: Encoding mesh Branch led scale foliage 4913.
16:06:50 | INFO: Draco encoder: Encoding mesh Branch led scale foliage 4914.
16:06:50 | INFO: Draco encoder: Encoding mesh Branch led scale foliage 4915.
16:06:50 | INFO: Draco encoder: Encoding mesh Branch led scale foliage 4916.
16:06:50 | INFO: Draco encoder: Encoding mesh Branch led scale foliage 4917.
16:06:50 | INFO: Draco encoder: Encoding mesh Branch led scale foliage 4918.
16:06:50 | INFO: Draco encoder: Encoding mesh Branch led scale foliage 4919.
16:06:50 | INFO: Draco encoder: Encoding mesh Branch led scale foliage 4920.
16:06:50 | INFO: Draco encoder: Encoding mesh Branch led scale foliage 4921.
16:06:50 | INFO: Draco encoder: Encoding mesh Branch led scale foliage 4922.
16:06:50 | INFO: Draco encoder: Encoding mesh Branch led scale foliage 4923.
16:06:50 | INFO: Draco encoder: Encoding mesh Branch led scale foliage 4924.
16:06:50 | INFO: Draco encoder: Encoding mesh Branch led scale foliage 4925.
16:06:50 | INFO: Draco encoder: Encoding mesh Branch led scale foliage 4926.
16:06:50 | INFO: Draco encoder: Encoding mesh Branch led scale foliage 4927.
16:06:50 | INFO: Draco encoder: Encoding mesh Branch led scale foliage 4928.
16:06:50 | INFO: Draco encoder: Encoding mesh Branch led scale foliage 4929.
16:06:50 | INFO: Draco encoder: Encoding mesh Branch led scale foliage 4930.
16:06:50 | INFO: Draco encoder: Encoding mesh Branch led scale foliage 4931.
16:06:50 | INFO: Draco encoder: Encoding mesh Branch led scale foliage 4932.
16:06:50 | INFO: Draco encoder: Encoding mesh Branch led scale foliage 4933.
16:06:50 | INFO: Draco encoder: Encoding mesh Branch led scale foliage 4934.
16:06:50 | INFO: Draco encoder: Encoding mesh Branch led scale foliage 4935.
16:06:50 | INFO: Draco encoder: Encoding mesh Branch led scale foliage 4936.
16:06:50 | INFO: Draco encoder: Encoding mesh Branch led scale foliage 4937.
16:06:50 | INFO: Draco encoder: Encoding mesh Branch led scale foliage 4938.
16:06:50 | INFO: Draco encoder: Encoding mesh Branch led scale foliage 4939.
16:06:50 | INFO: Draco encoder: Encoding mesh Branch led scale foliage 4940.
16:06:50 | INFO: Draco encoder: Encoding mesh Branch led scale foliage 4941.
16:06:50 | INFO: Draco encoder: Encoding mesh Branch led scale foliage 4942.
16:06:50 | INFO: Draco encoder: Encoding mesh Branch led scale foliage 4943.
16:06:50 | INFO: Draco encoder: Encoding mesh Branch led scale foliage 4944.
16:06:50 | INFO: Draco encoder: Encoding mesh Branch led scale foliage 4945.
16:06:50 | INFO: Draco encoder: Encoding mesh Branch led scale foliage 4946.
16:06:50 | INFO: Draco encoder: Encoding mesh Branch led scale foliage 4947.
16:06:50 | INFO: Draco encoder: Encoding mesh Branch led scale foliage 4948.
16:06:50 | INFO: Draco encoder: Encoding mesh Branch led scale foliage 4949.
16:06:50 | INFO: Draco encoder: Encoding mesh Branch led scale foliage 4950.
16:06:50 | INFO: Draco encoder: Encoding mesh Branch led scale foliage 4951.
16:06:50 | INFO: Draco encoder: Encoding mesh Branch led scale foliage 4952.
16:06:50 | INFO: Draco encoder: Encoding mesh Branch led scale foliage 4953.
16:06:50 | INFO: Draco encoder: Encoding mesh Branch led scale foliage 4954.
16:06:50 | INFO: Draco encoder: Encoding mesh Branch led scale foliage 4955.
16:06:50 | INFO: Draco encoder: Encoding mesh Branch led scale foliage 4956.
16:06:50 | INFO: Draco encoder: Encoding mesh Branch led scale foliage 4957.
16:06:50 | INFO: Draco encoder: Encoding mesh Branch led scale foliage 4958.
16:06:50 | INFO: Draco encoder: Encoding mesh Branch led scale foliage 4959.
16:06:50 | INFO: Draco encoder: Encoding mesh Branch led scale foliage 4960.
16:06:50 | INFO: Draco encoder: Encoding mesh Branch led scale foliage 4961.
16:06:50 | INFO: Draco encoder: Encoding mesh Branch led scale foliage 4962.
16:06:50 | INFO: Draco encoder: Encoding mesh Branch led scale foliage 4963.
16:06:50 | INFO: Draco encoder: Encoding mesh Branch led scale foliage 4964.
16:06:50 | INFO: Draco encoder: Encoding mesh Branch led scale foliage 4965.
16:06:50 | INFO: Draco encoder: Encoding mesh Branch led scale foliage 4966.
16:06:50 | INFO: Draco encoder: Encoding mesh Branch led scale foliage 4967.
16:06:50 | INFO: Draco encoder: Encoding mesh Branch led scale foliage 4968.
16:06:50 | INFO: Draco encoder: Encoding mesh Branch led scale foliage 4969.
16:06:50 | INFO: Draco encoder: Encoding mesh Branch led scale foliage 4970.
16:06:50 | INFO: Draco encoder: Encoding mesh Branch led scale foliage 4971.
16:06:50 | INFO: Draco encoder: Encoding mesh Branch led scale foliage 4972.
16:06:50 | INFO: Draco encoder: Encoding mesh Branch led scale foliage 4973.
16:06:50 | INFO: Draco encoder: Encoding mesh Branch led scale foliage 4974.
16:06:50 | INFO: Draco encoder: Encoding mesh Branch led scale foliage 4975.
16:06:50 | INFO: Draco encoder: Encoding mesh Branch led scale foliage 4976.
16:06:50 | INFO: Draco encoder: Encoding mesh Branch led scale foliage 4977.
16:06:50 | INFO: Draco encoder: Encoding mesh Branch led scale foliage 4978.
16:06:50 | INFO: Draco encoder: Encoding mesh Branch led scale foliage 4979.
16:06:50 | INFO: Draco encoder: Encoding mesh Branch led scale foliage 4980.
16:06:50 | INFO: Draco encoder: Encoding mesh Branch led scale foliage 4981.
16:06:50 | INFO: Draco encoder: Encoding mesh Branch led scale foliage 4982.
16:06:50 | INFO: Draco encoder: Encoding mesh Branch led scale foliage 4983.
16:06:50 | INFO: Draco encoder: Encoding mesh Branch led scale foliage 4984.
16:06:50 | INFO: Draco encoder: Encoding mesh Branch led scale foliage 4985.
16:06:50 | INFO: Draco encoder: Encoding mesh Branch led scale foliage 4986.
16:06:50 | INFO: Draco encoder: Encoding mesh Branch led scale foliage 4987.
16:06:50 | INFO: Draco encoder: Encoding mesh Branch led scale foliage 4988.
16:06:50 | INFO: Draco encoder: Encoding mesh Branch led scale foliage 4989.
16:06:50 | INFO: Draco encoder: Encoding mesh Branch led scale foliage 4990.
16:06:50 | INFO: Draco encoder: Encoding mesh Branch led scale foliage 4991.
16:06:50 | INFO: Draco encoder: Encoding mesh Branch led scale foliage 4992.
16:06:50 | INFO: Draco encoder: Encoding mesh Branch led scale foliage 4993.
16:06:50 | INFO: Draco encoder: Encoding mesh Branch led scale foliage 4994.
16:06:50 | INFO: Draco encoder: Encoding mesh Branch led scale foliage 4995.
16:06:50 | INFO: Draco encoder: Encoding mesh Branch led scale foliage 4996.
16:06:50 | INFO: Draco encoder: Encoding mesh Branch led scale foliage 4997.
16:06:50 | INFO: Draco encoder: Encoding mesh Branch led scale foliage 4998.
16:06:50 | INFO: Draco encoder: Encoding mesh Branch led scale foliage 4999.
16:06:50 | INFO: Draco encoder: Encoding mesh Branch led scale foliage 5000.
16:06:50 | INFO: Draco encoder: Encoding mesh Branch led scale foliage 5001.
16:06:50 | INFO: Draco encoder: Encoding mesh Branch led scale foliage 5002.
16:06:50 | INFO: Draco encoder: Encoding mesh Branch led scale foliage 5003.
16:06:50 | INFO: Draco encoder: Encoding mesh Branch led scale foliage 5004.
16:06:50 | INFO: Draco encoder: Encoding mesh Branch led scale foliage 5005.
16:06:50 | INFO: Draco encoder: Encoding mesh Branch led scale foliage 5006.
16:06:50 | INFO: Draco encoder: Encoding mesh Branch led scale foliage 5007.
16:06:50 | INFO: Draco encoder: Encoding mesh Branch led scale foliage 5008.
16:06:50 | INFO: Draco encoder: Encoding mesh Branch led scale foliage 5009.
16:06:50 | INFO: Draco encoder: Encoding mesh Branch led scale foliage 5010.
16:06:50 | INFO: Draco encoder: Encoding mesh Branch led scale foliage 5011.
16:06:50 | INFO: Draco encoder: Encoding mesh Branch led scale foliage 5012.
16:06:50 | INFO: Draco encoder: Encoding mesh Branch led scale foliage 5013.
16:06:50 | INFO: Draco encoder: Encoding mesh Branch led scale foliage 5014.
16:06:50 | INFO: Draco encoder: Encoding mesh Branch led scale foliage 5015.
16:06:50 | INFO: Draco encoder: Encoding mesh Branch led scale foliage 5016.
16:06:50 | INFO: Draco encoder: Encoding mesh Branch led scale foliage 5017.
16:06:50 | INFO: Draco encoder: Encoding mesh Branch led scale foliage 5018.
16:06:50 | INFO: Draco encoder: Encoding mesh Branch led scale foliage 5019.
16:06:50 | INFO: Draco encoder: Encoding mesh Branch led scale foliage 5020.
16:06:50 | INFO: Draco encoder: Encoding mesh Branch led scale foliage 5021.
16:06:50 | INFO: Draco encoder: Encoding mesh Branch led scale foliage 5022.
16:06:50 | INFO: Draco encoder: Encoding mesh Branch led scale foliage 5023.
16:06:50 | INFO: Draco encoder: Encoding mesh Branch led scale foliage 5024.
16:06:50 | INFO: Draco encoder: Encoding mesh Branch led scale foliage 5025.
16:06:50 | INFO: Draco encoder: Encoding mesh Branch led scale foliage 5026.
16:06:50 | INFO: Draco encoder: Encoding mesh Branch led scale foliage 5027.
16:06:50 | INFO: Draco encoder: Encoding mesh Branch led scale foliage 5028.
16:06:50 | INFO: Draco encoder: Encoding mesh Branch led scale foliage 5029.
16:06:50 | INFO: Draco encoder: Encoding mesh Branch led scale foliage 5030.
16:06:50 | INFO: Draco encoder: Encoding mesh Branch led scale foliage 5031.
16:06:50 | INFO: Draco encoder: Encoding mesh Branch led scale foliage 5032.
16:06:50 | INFO: Draco encoder: Encoding mesh Branch led scale foliage 5033.
16:06:50 | INFO: Draco encoder: Encoding mesh Branch led scale foliage 5034.
16:06:50 | INFO: Draco encoder: Encoding mesh Branch led scale foliage 5035.
16:06:50 | INFO: Draco encoder: Encoding mesh Branch led scale foliage 5036.
16:06:50 | INFO: Draco encoder: Encoding mesh Branch led scale foliage 5037.
16:06:50 | INFO: Draco encoder: Encoding mesh Branch led scale foliage 5038.
16:06:50 | INFO: Draco encoder: Encoding mesh Branch led scale foliage 5039.
16:06:50 | INFO: Draco encoder: Encoding mesh Branch led scale foliage 5040.
16:06:50 | INFO: Draco encoder: Encoding mesh Branch led scale foliage 5041.
16:06:50 | INFO: Draco encoder: Encoding mesh Branch led scale foliage 5042.
16:06:50 | INFO: Draco encoder: Encoding mesh Branch led scale foliage 5043.
16:06:50 | INFO: Draco encoder: Encoding mesh Branch led scale foliage 5044.
16:06:50 | INFO: Draco encoder: Encoding mesh Branch led scale foliage 5045.
16:06:50 | INFO: Draco encoder: Encoding mesh Branch led scale foliage 5046.
16:06:50 | INFO: Draco encoder: Encoding mesh Branch led scale foliage 5047.
16:06:50 | INFO: Draco encoder: Encoding mesh Branch led scale foliage 5048.
16:06:50 | INFO: Draco encoder: Encoding mesh Branch led scale foliage 5049.
16:06:50 | INFO: Draco encoder: Encoding mesh Branch led scale foliage 5050.
16:06:50 | INFO: Draco encoder: Encoding mesh Branch led scale foliage 5051.
16:06:50 | INFO: Draco encoder: Encoding mesh Branch led scale foliage 5052.
16:06:50 | INFO: Draco encoder: Encoding mesh Branch led scale foliage 5053.
16:06:50 | INFO: Draco encoder: Encoding mesh Branch led scale foliage 5054.
16:06:50 | INFO: Draco encoder: Encoding mesh Branch led scale foliage 5055.
16:06:50 | INFO: Draco encoder: Encoding mesh Branch led scale foliage 5056.
16:06:50 | INFO: Draco encoder: Encoding mesh Branch led scale foliage 5057.
16:06:50 | INFO: Draco encoder: Encoding mesh Branch led scale foliage 5058.
16:06:50 | INFO: Draco encoder: Encoding mesh Branch led scale foliage 5059.
16:06:50 | INFO: Draco encoder: Encoding mesh Branch led scale foliage 5060.
16:06:50 | INFO: Draco encoder: Encoding mesh Branch led scale foliage 5061.
16:06:50 | INFO: Draco encoder: Encoding mesh Branch led scale foliage 5062.
16:06:50 | INFO: Draco encoder: Encoding mesh Branch led scale foliage 5063.
16:06:50 | INFO: Draco encoder: Encoding mesh Branch led scale foliage 5064.
16:06:50 | INFO: Draco encoder: Encoding mesh Branch led scale foliage 5065.
16:06:50 | INFO: Draco encoder: Encoding mesh Branch led scale foliage 5066.
16:06:50 | INFO: Draco encoder: Encoding mesh Branch led scale foliage 5067.
16:06:50 | INFO: Draco encoder: Encoding mesh Branch led scale foliage 5068.
16:06:50 | INFO: Draco encoder: Encoding mesh Branch led scale foliage 5069.
16:06:50 | INFO: Draco encoder: Encoding mesh Branch led scale foliage 5070.
16:06:50 | INFO: Draco encoder: Encoding mesh Branch led scale foliage 5071.
16:06:50 | INFO: Draco encoder: Encoding mesh Branch led scale foliage 5072.
16:06:50 | INFO: Draco encoder: Encoding mesh Branch led scale foliage 5073.
16:06:50 | INFO: Draco encoder: Encoding mesh Branch led scale foliage 5074.
16:06:50 | INFO: Draco encoder: Encoding mesh Branch led scale foliage 5075.
16:06:50 | INFO: Draco encoder: Encoding mesh Branch led scale foliage 5076.
16:06:50 | INFO: Draco encoder: Encoding mesh Branch led scale foliage 5077.
16:06:50 | INFO: Draco encoder: Encoding mesh Branch led scale foliage 5078.
16:06:50 | INFO: Draco encoder: Encoding mesh Branch led scale foliage 5079.
16:06:50 | INFO: Draco encoder: Encoding mesh Branch led scale foliage 5080.
16:06:50 | INFO: Draco encoder: Encoding mesh Branch led scale foliage 5081.
16:06:50 | INFO: Draco encoder: Encoding mesh Branch led scale foliage 5082.
16:06:50 | INFO: Draco encoder: Encoding mesh Branch led scale foliage 5083.
16:06:50 | INFO: Draco encoder: Encoding mesh Branch led scale foliage 5084.
16:06:50 | INFO: Draco encoder: Encoding mesh Branch led scale foliage 5085.
16:06:50 | INFO: Draco encoder: Encoding mesh Branch led scale foliage 5086.
16:06:50 | INFO: Draco encoder: Encoding mesh Branch led scale foliage 5087.
16:06:50 | INFO: Draco encoder: Encoding mesh Branch led scale foliage 5088.
16:06:50 | INFO: Draco encoder: Encoding mesh Branch led scale foliage 5089.
16:06:50 | INFO: Draco encoder: Encoding mesh Branch led scale foliage 5090.
16:06:50 | INFO: Draco encoder: Encoding mesh Branch led scale foliage 5091.
16:06:50 | INFO: Draco encoder: Encoding mesh Branch led scale foliage 5092.
16:06:50 | INFO: Draco encoder: Encoding mesh Branch led scale foliage 5093.
16:06:50 | INFO: Draco encoder: Encoding mesh Branch led scale foliage 5094.
16:06:50 | INFO: Draco encoder: Encoding mesh Branch led scale foliage 5095.
16:06:50 | INFO: Draco encoder: Encoding mesh Branch led scale foliage 5096.
16:06:50 | INFO: Draco encoder: Encoding mesh Branch led scale foliage 5097.
16:06:50 | INFO: Draco encoder: Encoding mesh Branch led scale foliage 5098.
16:06:50 | INFO: Draco encoder: Encoding mesh Branch led scale foliage 5099.
16:06:50 | INFO: Draco encoder: Encoding mesh Branch led scale foliage 5100.
16:06:50 | INFO: Draco encoder: Encoding mesh Branch led scale foliage 5101.
16:06:50 | INFO: Draco encoder: Encoding mesh Branch led scale foliage 5102.
16:06:50 | INFO: Draco encoder: Encoding mesh Branch led scale foliage 5103.
16:06:50 | INFO: Draco encoder: Encoding mesh Branch led scale foliage 5104.
16:06:50 | INFO: Draco encoder: Encoding mesh Branch led scale foliage 5105.
16:06:50 | INFO: Draco encoder: Encoding mesh Branch led scale foliage 5106.
16:06:50 | INFO: Draco encoder: Encoding mesh Branch led scale foliage 5107.
16:06:50 | INFO: Draco encoder: Encoding mesh Branch led scale foliage 5108.
16:06:50 | INFO: Draco encoder: Encoding mesh Branch led scale foliage 5109.
16:06:50 | INFO: Draco encoder: Encoding mesh Branch led scale foliage 5110.
16:06:50 | INFO: Draco encoder: Encoding mesh Branch led scale foliage 5111.
16:06:50 | INFO: Draco encoder: Encoding mesh Branch led scale foliage 5112.
16:06:50 | INFO: Draco encoder: Encoding mesh Branch led scale foliage 5113.
16:06:50 | INFO: Draco encoder: Encoding mesh Branch led scale foliage 5114.
16:06:50 | INFO: Draco encoder: Encoding mesh Branch led scale foliage 5115.
16:06:50 | INFO: Draco encoder: Encoding mesh Branch led scale foliage 5116.
16:06:50 | INFO: Draco encoder: Encoding mesh Branch led scale foliage 5117.
16:06:50 | INFO: Draco encoder: Encoding mesh Branch led scale foliage 5118.
16:06:50 | INFO: Draco encoder: Encoding mesh Branch led scale foliage 5119.
16:06:50 | INFO: Draco encoder: Encoding mesh Branch led scale foliage 5120.
16:06:50 | INFO: Draco encoder: Encoding mesh Branch led scale foliage 5121.
16:06:50 | INFO: Draco encoder: Encoding mesh Branch led scale foliage 5122.
16:06:50 | INFO: Draco encoder: Encoding mesh Branch led scale foliage 5123.
16:06:50 | INFO: Draco encoder: Encoding mesh Branch led scale foliage 5124.
16:06:50 | INFO: Draco encoder: Encoding mesh Branch led scale foliage 5125.
16:06:50 | INFO: Draco encoder: Encoding mesh Branch led scale foliage 5126.
16:06:50 | INFO: Draco encoder: Encoding mesh Branch led scale foliage 5127.
16:06:50 | INFO: Draco encoder: Encoding mesh Branch led scale foliage 5128.
16:06:50 | INFO: Draco encoder: Encoding mesh Branch led scale foliage 5129.
16:06:50 | INFO: Draco encoder: Encoding mesh Branch led scale foliage 5130.
16:06:50 | INFO: Draco encoder: Encoding mesh Branch led scale foliage 5131.
16:06:50 | INFO: Draco encoder: Encoding mesh Branch led scale foliage 5132.
16:06:50 | INFO: Draco encoder: Encoding mesh Branch led scale foliage 5133.
16:06:50 | INFO: Draco encoder: Encoding mesh Branch led scale foliage 5134.
16:06:50 | INFO: Draco encoder: Encoding mesh Branch led scale foliage 5135.
16:06:50 | INFO: Draco encoder: Encoding mesh Branch led scale foliage 5136.
16:06:50 | INFO: Draco encoder: Encoding mesh Branch led scale foliage 5137.
16:06:50 | INFO: Draco encoder: Encoding mesh Branch led scale foliage 5138.
16:06:50 | INFO: Draco encoder: Encoding mesh Branch led scale foliage 5139.
16:06:50 | INFO: Draco encoder: Encoding mesh Branch led scale foliage 5140.
16:06:50 | INFO: Draco encoder: Encoding mesh Branch led scale foliage 5141.
16:06:50 | INFO: Draco encoder: Encoding mesh Branch led scale foliage 5142.
16:06:50 | INFO: Draco encoder: Encoding mesh Branch led scale foliage 5143.
16:06:50 | INFO: Draco encoder: Encoding mesh Branch led scale foliage 5144.
16:06:50 | INFO: Draco encoder: Encoding mesh Branch led scale foliage 5145.
16:06:50 | INFO: Draco encoder: Encoding mesh Branch led scale foliage 5146.
16:06:50 | INFO: Draco encoder: Encoding mesh Branch led scale foliage 5147.
16:06:50 | INFO: Draco encoder: Encoding mesh Branch led scale foliage 5148.
16:06:50 | INFO: Draco encoder: Encoding mesh Branch led scale foliage 5149.
16:06:50 | INFO: Draco encoder: Encoding mesh Branch led scale foliage 5150.
16:06:50 | INFO: Draco encoder: Encoding mesh Branch led scale foliage 5151.
16:06:50 | INFO: Draco encoder: Encoding mesh Branch led scale foliage 5152.
16:06:50 | INFO: Draco encoder: Encoding mesh Branch led scale foliage 5153.
16:06:50 | INFO: Draco encoder: Encoding mesh Branch led scale foliage 5154.
16:06:50 | INFO: Draco encoder: Encoding mesh Branch led scale foliage 5155.
16:06:50 | INFO: Draco encoder: Encoding mesh Branch led scale foliage 5156.
16:06:50 | INFO: Draco encoder: Encoding mesh Branch led scale foliage 5157.
16:06:50 | INFO: Draco encoder: Encoding mesh Branch led scale foliage 5158.
16:06:50 | INFO: Draco encoder: Encoding mesh Branch led scale foliage 5159.
16:06:50 | INFO: Draco encoder: Encoding mesh Branch led scale foliage 5160.
16:06:50 | INFO: Draco encoder: Encoding mesh Branch led scale foliage 5161.
16:06:50 | INFO: Draco encoder: Encoding mesh Branch led scale foliage 5162.
16:06:50 | INFO: Draco encoder: Encoding mesh Branch led scale foliage 5163.
16:06:50 | INFO: Draco encoder: Encoding mesh Branch led scale foliage 5164.
16:06:50 | INFO: Draco encoder: Encoding mesh Branch led scale foliage 5165.
16:06:50 | INFO: Draco encoder: Encoding mesh Branch led scale foliage 5166.
16:06:50 | INFO: Draco encoder: Encoding mesh Branch led scale foliage 5167.
16:06:50 | INFO: Draco encoder: Encoding mesh Branch led scale foliage 5168.
16:06:50 | INFO: Draco encoder: Encoding mesh Branch led scale foliage 5169.
16:06:50 | INFO: Draco encoder: Encoding mesh Branch led scale foliage 5170.
16:06:50 | INFO: Draco encoder: Encoding mesh Branch led scale foliage 5171.
16:06:50 | INFO: Draco encoder: Encoding mesh Branch led scale foliage 5172.
16:06:50 | INFO: Draco encoder: Encoding mesh Branch led scale foliage 5173.
16:06:50 | INFO: Draco encoder: Encoding mesh Branch led scale foliage 5174.
16:06:50 | INFO: Draco encoder: Encoding mesh Branch led scale foliage 5175.
16:06:50 | INFO: Draco encoder: Encoding mesh Branch led scale foliage 5176.
16:06:50 | INFO: Draco encoder: Encoding mesh Branch led scale foliage 5177.
16:06:50 | INFO: Draco encoder: Encoding mesh Branch led scale foliage 5178.
16:06:50 | INFO: Draco encoder: Encoding mesh Branch led scale foliage 5179.
16:06:50 | INFO: Draco encoder: Encoding mesh Branch led scale foliage 5180.
16:06:50 | INFO: Draco encoder: Encoding mesh Branch led scale foliage 5181.
16:06:50 | INFO: Draco encoder: Encoding mesh Branch led scale foliage 5182.
16:06:50 | INFO: Draco encoder: Encoding mesh Branch led scale foliage 5183.
16:06:50 | INFO: Draco encoder: Encoding mesh Branch led scale foliage 5184.
16:06:50 | INFO: Draco encoder: Encoding mesh Branch led scale foliage 5185.
16:06:50 | INFO: Draco encoder: Encoding mesh Branch led scale foliage 5186.
16:06:50 | INFO: Draco encoder: Encoding mesh Branch led scale foliage 5187.
16:06:50 | INFO: Draco encoder: Encoding mesh Branch led scale foliage 5188.
16:06:50 | INFO: Draco encoder: Encoding mesh Branch led scale foliage 5189.
16:06:50 | INFO: Draco encoder: Encoding mesh Branch led scale foliage 5190.
16:06:50 | INFO: Draco encoder: Encoding mesh Branch led scale foliage 5191.
16:06:50 | INFO: Draco encoder: Encoding mesh Branch led scale foliage 5192.
16:06:50 | INFO: Draco encoder: Encoding mesh Branch led scale foliage 5193.
16:06:50 | INFO: Draco encoder: Encoding mesh Branch led scale foliage 5194.
16:06:50 | INFO: Draco encoder: Encoding mesh Branch led scale foliage 5195.
16:06:50 | INFO: Draco encoder: Encoding mesh Branch led scale foliage 5196.
16:06:50 | INFO: Draco encoder: Encoding mesh Branch led scale foliage 5197.
16:06:50 | INFO: Draco encoder: Encoding mesh Branch led scale foliage 5198.
16:06:50 | INFO: Draco encoder: Encoding mesh Branch led scale foliage 5199.
16:06:50 | INFO: Draco encoder: Encoding mesh Branch led scale foliage 5200.
16:06:50 | INFO: Draco encoder: Encoding mesh Branch led scale foliage 5201.
16:06:50 | INFO: Draco encoder: Encoding mesh Branch led scale foliage 5202.
16:06:50 | INFO: Draco encoder: Encoding mesh Branch led scale foliage 5203.
16:06:50 | INFO: Draco encoder: Encoding mesh Branch led scale foliage 5204.
16:06:50 | INFO: Draco encoder: Encoding mesh Branch led scale foliage 5205.
16:06:50 | INFO: Draco encoder: Encoding mesh Branch led scale foliage 5206.
16:06:50 | INFO: Draco encoder: Encoding mesh Branch led scale foliage 5207.
16:06:50 | INFO: Draco encoder: Encoding mesh Branch led scale foliage 5208.
16:06:50 | INFO: Draco encoder: Encoding mesh Branch led scale foliage 5209.
16:06:50 | INFO: Draco encoder: Encoding mesh Branch led scale foliage 5210.
16:06:50 | INFO: Draco encoder: Encoding mesh Branch led scale foliage 5211.
16:06:50 | INFO: Draco encoder: Encoding mesh Branch led scale foliage 5212.
16:06:50 | INFO: Draco encoder: Encoding mesh Branch led scale foliage 5213.
16:06:50 | INFO: Draco encoder: Encoding mesh Branch led scale foliage 5214.
16:06:50 | INFO: Draco encoder: Encoding mesh Branch led scale foliage 5215.
16:06:50 | INFO: Draco encoder: Encoding mesh Branch led scale foliage 5216.
16:06:50 | INFO: Draco encoder: Encoding mesh Branch led scale foliage 5217.
16:06:50 | INFO: Draco encoder: Encoding mesh Branch led scale foliage 5218.
16:06:50 | INFO: Draco encoder: Encoding mesh Branch led scale foliage 5219.
16:06:50 | INFO: Draco encoder: Encoding mesh Branch led scale foliage 5220.
16:06:50 | INFO: Draco encoder: Encoding mesh Branch led scale foliage 5221.
16:06:50 | INFO: Draco encoder: Encoding mesh Branch led scale foliage 5222.
16:06:50 | INFO: Draco encoder: Encoding mesh Branch led scale foliage 5223.
16:06:50 | INFO: Draco encoder: Encoding mesh Branch led scale foliage 5224.
16:06:50 | INFO: Draco encoder: Encoding mesh Branch led scale foliage 5225.
16:06:50 | INFO: Draco encoder: Encoding mesh Branch led scale foliage 5226.
16:06:50 | INFO: Draco encoder: Encoding mesh Branch led scale foliage 5227.
16:06:50 | INFO: Draco encoder: Encoding mesh Branch led scale foliage 5228.
16:06:50 | INFO: Draco encoder: Encoding mesh Branch led scale foliage 5229.
16:06:50 | INFO: Draco encoder: Encoding mesh Branch led scale foliage 5230.
16:06:50 | INFO: Draco encoder: Encoding mesh Branch led scale foliage 5231.
16:06:50 | INFO: Draco encoder: Encoding mesh Branch led scale foliage 5232.
16:06:50 | INFO: Draco encoder: Encoding mesh Branch led scale foliage 5233.
16:06:50 | INFO: Draco encoder: Encoding mesh Branch led scale foliage 5234.
16:06:50 | INFO: Draco encoder: Encoding mesh Branch led scale foliage 5235.
16:06:50 | INFO: Draco encoder: Encoding mesh Branch led scale foliage 5236.
16:06:50 | INFO: Draco encoder: Encoding mesh Branch led scale foliage 5237.
16:06:50 | INFO: Draco encoder: Encoding mesh Branch led scale foliage 5238.
16:06:50 | INFO: Draco encoder: Encoding mesh Branch led scale foliage 5239.
16:06:50 | INFO: Draco encoder: Encoding mesh Branch led scale foliage 5240.
16:06:50 | INFO: Draco encoder: Encoding mesh Branch led scale foliage 5241.
16:06:50 | INFO: Draco encoder: Encoding mesh Branch led scale foliage 5242.
16:06:50 | INFO: Draco encoder: Encoding mesh Branch led scale foliage 5243.
16:06:50 | INFO: Draco encoder: Encoding mesh Branch led scale foliage 5244.
16:06:50 | INFO: Draco encoder: Encoding mesh Branch led scale foliage 5245.
16:06:50 | INFO: Draco encoder: Encoding mesh Branch led scale foliage 5246.
16:06:50 | INFO: Draco encoder: Encoding mesh Branch led scale foliage 5247.
16:06:50 | INFO: Draco encoder: Encoding mesh Branch led scale foliage 5248.
16:06:50 | INFO: Draco encoder: Encoding mesh Branch led scale foliage 5249.
16:06:50 | INFO: Draco encoder: Encoding mesh Branch led scale foliage 5250.
16:06:50 | INFO: Draco encoder: Encoding mesh Branch led scale foliage 5251.
16:06:50 | INFO: Draco encoder: Encoding mesh Branch led scale foliage 5252.
16:06:50 | INFO: Draco encoder: Encoding mesh Branch led scale foliage 5253.
16:06:50 | INFO: Draco encoder: Encoding mesh Branch led scale foliage 5254.
16:06:50 | INFO: Draco encoder: Encoding mesh Branch led scale foliage 5255.
16:06:50 | INFO: Draco encoder: Encoding mesh Branch led scale foliage 5256.
16:06:50 | INFO: Draco encoder: Encoding mesh Branch led scale foliage 5257.
16:06:50 | INFO: Draco encoder: Encoding mesh Branch led scale foliage 5258.
16:06:50 | INFO: Draco encoder: Encoding mesh Branch led scale foliage 5259.
16:06:50 | INFO: Draco encoder: Encoding mesh Branch led scale foliage 5260.
16:06:50 | INFO: Draco encoder: Encoding mesh Branch led scale foliage 5261.
16:06:50 | INFO: Draco encoder: Encoding mesh Branch led scale foliage 5262.
16:06:50 | INFO: Draco encoder: Encoding mesh Branch led scale foliage 5263.
16:06:50 | INFO: Draco encoder: Encoding mesh Branch led scale foliage 5264.
16:06:50 | INFO: Draco encoder: Encoding mesh Branch led scale foliage 5265.
16:06:50 | INFO: Draco encoder: Encoding mesh Branch led scale foliage 5266.
16:06:50 | INFO: Draco encoder: Encoding mesh Branch led scale foliage 5267.
16:06:50 | INFO: Draco encoder: Encoding mesh Branch led scale foliage 5268.
16:06:50 | INFO: Draco encoder: Encoding mesh Branch led scale foliage 5269.
16:06:50 | INFO: Draco encoder: Encoding mesh Branch led scale foliage 5270.
16:06:50 | INFO: Draco encoder: Encoding mesh Branch led scale foliage 5271.
16:06:50 | INFO: Draco encoder: Encoding mesh Branch led scale foliage 5272.
16:06:50 | INFO: Draco encoder: Encoding mesh Branch led scale foliage 5273.
16:06:50 | INFO: Draco encoder: Encoding mesh Branch led scale foliage 5274.
16:06:50 | INFO: Draco encoder: Encoding mesh Branch led scale foliage 5275.
16:06:50 | INFO: Draco encoder: Encoding mesh Branch led scale foliage 5276.
16:06:50 | INFO: Draco encoder: Encoding mesh Branch led scale foliage 5277.
16:06:50 | INFO: Draco encoder: Encoding mesh Branch led scale foliage 5278.
16:06:50 | INFO: Draco encoder: Encoding mesh Branch led scale foliage 5279.
16:06:50 | INFO: Draco encoder: Encoding mesh Branch led scale foliage 5280.
16:06:50 | INFO: Draco encoder: Encoding mesh Branch led scale foliage 5281.
16:06:50 | INFO: Draco encoder: Encoding mesh Branch led scale foliage 5282.
16:06:50 | INFO: Draco encoder: Encoding mesh Branch led scale foliage 5283.
16:06:50 | INFO: Draco encoder: Encoding mesh Branch led scale foliage 5284.
16:06:50 | INFO: Draco encoder: Encoding mesh Branch led scale foliage 5285.
16:06:50 | INFO: Draco encoder: Encoding mesh Branch led scale foliage 5286.
16:06:50 | INFO: Draco encoder: Encoding mesh Branch led scale foliage 5287.
16:06:50 | INFO: Draco encoder: Encoding mesh Branch led scale foliage 5288.
16:06:50 | INFO: Draco encoder: Encoding mesh Branch led scale foliage 5289.
16:06:50 | INFO: Draco encoder: Encoding mesh Branch led scale foliage 5290.
16:06:50 | INFO: Draco encoder: Encoding mesh Branch led scale foliage 5291.
16:06:50 | INFO: Draco encoder: Encoding mesh Branch led scale foliage 5292.
16:06:50 | INFO: Draco encoder: Encoding mesh Branch led scale foliage 5293.
16:06:50 | INFO: Draco encoder: Encoding mesh Branch led scale foliage 5294.
16:06:50 | INFO: Draco encoder: Encoding mesh Branch led scale foliage 5295.
16:06:50 | INFO: Draco encoder: Encoding mesh Branch led scale foliage 5296.
16:06:50 | INFO: Draco encoder: Encoding mesh Branch led scale foliage 5297.
16:06:50 | INFO: Draco encoder: Encoding mesh Branch led scale foliage 5298.
16:06:50 | INFO: Draco encoder: Encoding mesh Branch led scale foliage 5299.
16:06:50 | INFO: Draco encoder: Encoding mesh Branch led scale foliage 5300.
16:06:50 | INFO: Draco encoder: Encoding mesh Branch led scale foliage 5301.
16:06:50 | INFO: Draco encoder: Encoding mesh Branch led scale foliage 5302.
16:06:50 | INFO: Draco encoder: Encoding mesh Branch led scale foliage 5303.
16:06:50 | INFO: Draco encoder: Encoding mesh Branch led scale foliage 5304.
16:06:50 | INFO: Draco encoder: Encoding mesh Branch led scale foliage 5305.
16:06:50 | INFO: Draco encoder: Encoding mesh Branch led scale foliage 5306.
16:06:50 | INFO: Draco encoder: Encoding mesh Branch led scale foliage 5307.
16:06:50 | INFO: Draco encoder: Encoding mesh Branch led scale foliage 5308.
16:06:50 | INFO: Draco encoder: Encoding mesh Branch led scale foliage 5309.
16:06:50 | INFO: Draco encoder: Encoding mesh Branch led scale foliage 5310.
16:06:50 | INFO: Draco encoder: Encoding mesh Branch led scale foliage 5311.
16:06:50 | INFO: Draco encoder: Encoding mesh Branch led scale foliage 5312.
16:06:50 | INFO: Draco encoder: Encoding mesh Branch led scale foliage 5313.
16:06:50 | INFO: Draco encoder: Encoding mesh Branch led scale foliage 5314.
16:06:50 | INFO: Draco encoder: Encoding mesh Branch led scale foliage 5315.
16:06:50 | INFO: Draco encoder: Encoding mesh Branch led scale foliage 5316.
16:06:50 | INFO: Draco encoder: Encoding mesh Branch led scale foliage 5317.
16:06:50 | INFO: Draco encoder: Encoding mesh Branch led scale foliage 5318.
16:06:50 | INFO: Draco encoder: Encoding mesh Branch led scale foliage 5319.
16:06:50 | INFO: Draco encoder: Encoding mesh Branch led scale foliage 5320.
16:06:50 | INFO: Draco encoder: Encoding mesh Branch led scale foliage 5321.
16:06:50 | INFO: Draco encoder: Encoding mesh Branch led scale foliage 5322.
16:06:50 | INFO: Draco encoder: Encoding mesh Branch led scale foliage 5323.
16:06:50 | INFO: Draco encoder: Encoding mesh Branch led scale foliage 5324.
16:06:50 | INFO: Draco encoder: Encoding mesh Branch led scale foliage 5325.
16:06:50 | INFO: Draco encoder: Encoding mesh Branch led scale foliage 5326.
16:06:50 | INFO: Draco encoder: Encoding mesh Branch led scale foliage 5327.
16:06:50 | INFO: Draco encoder: Encoding mesh Branch led scale foliage 5328.
16:06:50 | INFO: Draco encoder: Encoding mesh Branch led scale foliage 5329.
16:06:50 | INFO: Draco encoder: Encoding mesh Branch led scale foliage 5330.
16:06:50 | INFO: Draco encoder: Encoding mesh Branch led scale foliage 5331.
16:06:50 | INFO: Draco encoder: Encoding mesh Branch led scale foliage 5332.
16:06:50 | INFO: Draco encoder: Encoding mesh Branch led scale foliage 5333.
16:06:50 | INFO: Draco encoder: Encoding mesh Branch led scale foliage 5334.
16:06:50 | INFO: Draco encoder: Encoding mesh Branch led scale foliage 5335.
16:06:50 | INFO: Draco encoder: Encoding mesh Branch led scale foliage 5336.
16:06:50 | INFO: Draco encoder: Encoding mesh Branch led scale foliage 5337.
16:06:50 | INFO: Draco encoder: Encoding mesh Branch led scale foliage 5338.
16:06:50 | INFO: Draco encoder: Encoding mesh Branch led scale foliage 5339.
16:06:50 | INFO: Draco encoder: Encoding mesh Branch led scale foliage 5340.
16:06:50 | INFO: Draco encoder: Encoding mesh Branch led scale foliage 5341.
16:06:50 | INFO: Draco encoder: Encoding mesh Branch led scale foliage 5342.
16:06:50 | INFO: Draco encoder: Encoding mesh Branch led scale foliage 5343.
16:06:50 | INFO: Draco encoder: Encoding mesh Branch led scale foliage 5344.
16:06:50 | INFO: Draco encoder: Encoding mesh Branch led scale foliage 5345.
16:06:50 | INFO: Draco encoder: Encoding mesh Branch led scale foliage 5346.
16:06:50 | INFO: Draco encoder: Encoding mesh Branch led scale foliage 5347.
16:06:50 | INFO: Draco encoder: Encoding mesh Branch led scale foliage 5348.
16:06:50 | INFO: Draco encoder: Encoding mesh Branch led scale foliage 5349.
16:06:50 | INFO: Draco encoder: Encoding mesh Branch led scale foliage 5350.
16:06:50 | INFO: Draco encoder: Encoding mesh Branch led scale foliage 5351.
16:06:50 | INFO: Draco encoder: Encoding mesh Branch led scale foliage 5352.
16:06:50 | INFO: Draco encoder: Encoding mesh Branch led scale foliage 5353.
16:06:50 | INFO: Draco encoder: Encoding mesh Branch led scale foliage 5354.
16:06:50 | INFO: Draco encoder: Encoding mesh Branch led scale foliage 5355.
16:06:50 | INFO: Draco encoder: Encoding mesh Branch led scale foliage 5356.
16:06:50 | INFO: Draco encoder: Encoding mesh Branch led scale foliage 5357.
16:06:50 | INFO: Draco encoder: Encoding mesh Branch led scale foliage 5358.
16:06:50 | INFO: Draco encoder: Encoding mesh Branch led scale foliage 5359.
16:06:50 | INFO: Draco encoder: Encoding mesh Branch led scale foliage 5360.
16:06:50 | INFO: Draco encoder: Encoding mesh Branch led scale foliage 5361.
16:06:50 | INFO: Draco encoder: Encoding mesh Branch led scale foliage 5362.
16:06:50 | INFO: Draco encoder: Encoding mesh Branch led scale foliage 5363.
16:06:50 | INFO: Draco encoder: Encoding mesh Branch led scale foliage 5364.
16:06:50 | INFO: Draco encoder: Encoding mesh Branch led scale foliage 5365.
16:06:50 | INFO: Draco encoder: Encoding mesh Branch led scale foliage 5366.
16:06:50 | INFO: Draco encoder: Encoding mesh Branch led scale foliage 5367.
16:06:50 | INFO: Draco encoder: Encoding mesh Branch led scale foliage 5368.
16:06:50 | INFO: Draco encoder: Encoding mesh Branch led scale foliage 5369.
16:06:50 | INFO: Draco encoder: Encoding mesh Branch led scale foliage 5370.
16:06:50 | INFO: Draco encoder: Encoding mesh Branch led scale foliage 5371.
16:06:50 | INFO: Draco encoder: Encoding mesh Branch led scale foliage 5372.
16:06:50 | INFO: Draco encoder: Encoding mesh Branch led scale foliage 5373.
16:06:50 | INFO: Draco encoder: Encoding mesh Branch led scale foliage 5374.
16:06:50 | INFO: Draco encoder: Encoding mesh Branch led scale foliage 5375.
16:06:50 | INFO: Draco encoder: Encoding mesh Branch led scale foliage 5376.
16:06:50 | INFO: Draco encoder: Encoding mesh Branch led scale foliage 5377.
16:06:50 | INFO: Draco encoder: Encoding mesh Branch led scale foliage 5378.
16:06:50 | INFO: Draco encoder: Encoding mesh Branch led scale foliage 5379.
16:06:50 | INFO: Draco encoder: Encoding mesh Branch led scale foliage 5380.
16:06:50 | INFO: Draco encoder: Encoding mesh Branch led scale foliage 5381.
16:06:50 | INFO: Draco encoder: Encoding mesh Branch led scale foliage 5382.
16:06:50 | INFO: Draco encoder: Encoding mesh Branch led scale foliage 5383.
16:06:50 | INFO: Draco encoder: Encoding mesh Branch led scale foliage 5384.
16:06:50 | INFO: Draco encoder: Encoding mesh Branch led scale foliage 5385.
16:06:50 | INFO: Draco encoder: Encoding mesh Branch led scale foliage 5386.
16:06:50 | INFO: Draco encoder: Encoding mesh Branch led scale foliage 5387.
16:06:50 | INFO: Draco encoder: Encoding mesh Branch led scale foliage 5388.
16:06:50 | INFO: Draco encoder: Encoding mesh Branch led scale foliage 5389.
16:06:50 | INFO: Draco encoder: Encoding mesh Branch led scale foliage 5390.
16:06:50 | INFO: Draco encoder: Encoding mesh Branch led scale foliage 5391.
16:06:50 | INFO: Draco encoder: Encoding mesh Branch led scale foliage 5392.
16:06:50 | INFO: Draco encoder: Encoding mesh Branch led scale foliage 5393.
16:06:50 | INFO: Draco encoder: Encoding mesh Branch led scale foliage 5394.
16:06:50 | INFO: Draco encoder: Encoding mesh Branch led scale foliage 5395.
16:06:50 | INFO: Draco encoder: Encoding mesh Branch led scale foliage 5396.
16:06:50 | INFO: Draco encoder: Encoding mesh Branch led scale foliage 5397.
16:06:50 | INFO: Draco encoder: Encoding mesh Branch led scale foliage 5398.
16:06:50 | INFO: Draco encoder: Encoding mesh Branch led scale foliage 5399.
16:06:50 | INFO: Draco encoder: Encoding mesh Branch led scale foliage 5400.
16:06:50 | INFO: Draco encoder: Encoding mesh Branch led scale foliage 5401.
16:06:50 | INFO: Draco encoder: Encoding mesh Branch led scale foliage 5402.
16:06:50 | INFO: Draco encoder: Encoding mesh Branch led scale foliage 5403.
16:06:50 | INFO: Draco encoder: Encoding mesh Branch led scale foliage 5404.
16:06:50 | INFO: Draco encoder: Encoding mesh Branch led scale foliage 5405.
16:06:50 | INFO: Draco encoder: Encoding mesh Branch led scale foliage 5406.
16:06:50 | INFO: Draco encoder: Encoding mesh Branch led scale foliage 5407.
16:06:50 | INFO: Draco encoder: Encoding mesh Branch led scale foliage 5408.
16:06:50 | INFO: Draco encoder: Encoding mesh Branch led scale foliage 5409.
16:06:50 | INFO: Draco encoder: Encoding mesh Branch led scale foliage 5410.
16:06:50 | INFO: Draco encoder: Encoding mesh Branch led scale foliage 5411.
16:06:50 | INFO: Draco encoder: Encoding mesh Branch led scale foliage 5412.
16:06:50 | INFO: Draco encoder: Encoding mesh Branch led scale foliage 5413.
16:06:50 | INFO: Draco encoder: Encoding mesh Branch led scale foliage 5414.
16:06:50 | INFO: Draco encoder: Encoding mesh Branch led scale foliage 5415.
16:06:50 | INFO: Draco encoder: Encoding mesh Branch led scale foliage 5416.
16:06:50 | INFO: Draco encoder: Encoding mesh Branch led scale foliage 5417.
16:06:50 | INFO: Draco encoder: Encoding mesh Branch led scale foliage 5418.
16:06:50 | INFO: Draco encoder: Encoding mesh Branch led scale foliage 5419.
16:06:50 | INFO: Draco encoder: Encoding mesh Branch led scale foliage 5420.
16:06:50 | INFO: Draco encoder: Encoding mesh Branch led scale foliage 5421.
16:06:50 | INFO: Draco encoder: Encoding mesh Branch led scale foliage 5422.
16:06:50 | INFO: Draco encoder: Encoding mesh Branch led scale foliage 5423.
16:06:50 | INFO: Draco encoder: Encoding mesh Branch led scale foliage 5424.
16:06:50 | INFO: Draco encoder: Encoding mesh Branch led scale foliage 5425.
16:06:50 | INFO: Draco encoder: Encoding mesh Branch led scale foliage 5426.
16:06:50 | INFO: Draco encoder: Encoding mesh Branch led scale foliage 5427.
16:06:50 | INFO: Draco encoder: Encoding mesh Branch led scale foliage 5428.
16:06:50 | INFO: Draco encoder: Encoding mesh Branch led scale foliage 5429.
16:06:50 | INFO: Draco encoder: Encoding mesh Branch led scale foliage 5430.
16:06:50 | INFO: Draco encoder: Encoding mesh Branch led scale foliage 5431.
16:06:50 | INFO: Draco encoder: Encoding mesh Branch led scale foliage 5432.
16:06:50 | INFO: Draco encoder: Encoding mesh Branch led scale foliage 5433.
16:06:50 | INFO: Draco encoder: Encoding mesh Branch led scale foliage 5434.
16:06:50 | INFO: Draco encoder: Encoding mesh Branch led scale foliage 5435.
16:06:50 | INFO: Draco encoder: Encoding mesh Branch led scale foliage 5436.
16:06:50 | INFO: Draco encoder: Encoding mesh Branch led scale foliage 5437.
16:06:50 | INFO: Draco encoder: Encoding mesh Branch led scale foliage 5438.
16:06:50 | INFO: Draco encoder: Encoding mesh Branch led scale foliage 5439.
16:06:50 | INFO: Draco encoder: Encoding mesh Branch led scale foliage 5440.
16:06:50 | INFO: Draco encoder: Encoding mesh Branch led scale foliage 5441.
16:06:50 | INFO: Draco encoder: Encoding mesh Branch led scale foliage 5442.
16:06:50 | INFO: Draco encoder: Encoding mesh Branch led scale foliage 5443.
16:06:50 | INFO: Draco encoder: Encoding mesh Branch led scale foliage 5444.
16:06:50 | INFO: Draco encoder: Encoding mesh Branch led scale foliage 5445.
16:06:50 | INFO: Draco encoder: Encoding mesh Branch led scale foliage 5446.
16:06:50 | INFO: Draco encoder: Encoding mesh Branch led scale foliage 5447.
16:06:50 | INFO: Draco encoder: Encoding mesh Branch led scale foliage 5448.
16:06:50 | INFO: Draco encoder: Encoding mesh Branch led scale foliage 5449.
16:06:50 | INFO: Draco encoder: Encoding mesh Branch led scale foliage 5450.
16:06:50 | INFO: Draco encoder: Encoding mesh Branch led scale foliage 5451.
16:06:50 | INFO: Draco encoder: Encoding mesh Branch led scale foliage 5452.
16:06:50 | INFO: Draco encoder: Encoding mesh Branch led scale foliage 5453.
16:06:50 | INFO: Draco encoder: Encoding mesh Branch led scale foliage 5454.
16:06:50 | INFO: Draco encoder: Encoding mesh Branch led scale foliage 5455.
16:06:50 | INFO: Draco encoder: Encoding mesh Branch led scale foliage 5456.
16:06:50 | INFO: Draco encoder: Encoding mesh Branch led scale foliage 5457.
16:06:50 | INFO: Draco encoder: Encoding mesh Branch led scale foliage 5458.
16:06:50 | INFO: Draco encoder: Encoding mesh Branch led scale foliage 5459.
16:06:50 | INFO: Draco encoder: Encoding mesh Branch led scale foliage 5460.
16:06:50 | INFO: Draco encoder: Encoding mesh Branch led scale foliage 5461.
16:06:50 | INFO: Draco encoder: Encoding mesh Branch led scale foliage 5462.
16:06:50 | INFO: Draco encoder: Encoding mesh Branch led scale foliage 5463.
16:06:50 | INFO: Draco encoder: Encoding mesh Branch led scale foliage 5464.
16:06:50 | INFO: Draco encoder: Encoding mesh Branch led scale foliage 5465.
16:06:50 | INFO: Draco encoder: Encoding mesh Branch led scale foliage 5466.
16:06:50 | INFO: Draco encoder: Encoding mesh Branch led scale foliage 5467.
16:06:50 | INFO: Draco encoder: Encoding mesh Branch led scale foliage 5468.
16:06:50 | INFO: Draco encoder: Encoding mesh Branch led scale foliage 5469.
16:06:50 | INFO: Draco encoder: Encoding mesh Branch led scale foliage 5470.
16:06:50 | INFO: Draco encoder: Encoding mesh Branch led scale foliage 5471.
16:06:50 | INFO: Draco encoder: Encoding mesh Branch led scale foliage 5472.
16:06:50 | INFO: Draco encoder: Encoding mesh Branch led scale foliage 5473.
16:06:50 | INFO: Draco encoder: Encoding mesh Branch led scale foliage 5474.
16:06:50 | INFO: Draco encoder: Encoding mesh Branch led scale foliage 5475.
16:06:50 | INFO: Draco encoder: Encoding mesh Branch led scale foliage 5476.
16:06:50 | INFO: Draco encoder: Encoding mesh Branch led scale foliage 5477.
16:06:50 | INFO: Draco encoder: Encoding mesh Branch led scale foliage 5478.
16:06:50 | INFO: Draco encoder: Encoding mesh Branch led scale foliage 5479.
16:06:50 | INFO: Draco encoder: Encoding mesh Branch led scale foliage 5480.
16:06:50 | INFO: Draco encoder: Encoding mesh Branch led scale foliage 5481.
16:06:50 | INFO: Draco encoder: Encoding mesh Branch led scale foliage 5482.
16:06:50 | INFO: Draco encoder: Encoding mesh Branch led scale foliage 5483.
16:06:50 | INFO: Draco encoder: Encoding mesh Branch led scale foliage 5484.
16:06:50 | INFO: Draco encoder: Encoding mesh Branch led scale foliage 5485.
16:06:50 | INFO: Draco encoder: Encoding mesh Branch led scale foliage 5486.
16:06:50 | INFO: Draco encoder: Encoding mesh Branch led scale foliage 5487.
16:06:50 | INFO: Draco encoder: Encoding mesh Branch led scale foliage 5488.
16:06:50 | INFO: Draco encoder: Encoding mesh Branch led scale foliage 5489.
16:06:50 | INFO: Draco encoder: Encoding mesh Branch led scale foliage 5490.
16:06:50 | INFO: Draco encoder: Encoding mesh Branch led scale foliage 5491.
16:06:50 | INFO: Draco encoder: Encoding mesh Branch led scale foliage 5492.
16:06:50 | INFO: Draco encoder: Encoding mesh Branch led scale foliage 5493.
16:06:50 | INFO: Draco encoder: Encoding mesh Branch led scale foliage 5494.
16:06:50 | INFO: Draco encoder: Encoding mesh Branch led scale foliage 5495.
16:06:50 | INFO: Draco encoder: Encoding mesh Branch led scale foliage 5496.
16:06:50 | INFO: Draco encoder: Encoding mesh Branch led scale foliage 5497.
16:06:50 | INFO: Draco encoder: Encoding mesh Branch led scale foliage 5498.
16:06:50 | INFO: Draco encoder: Encoding mesh Branch led scale foliage 5499.
16:06:50 | INFO: Draco encoder: Encoding mesh Branch led scale foliage 5500.
16:06:50 | INFO: Draco encoder: Encoding mesh Branch led scale foliage 5501.
16:06:50 | INFO: Draco encoder: Encoding mesh Branch led scale foliage 5502.
16:06:50 | INFO: Draco encoder: Encoding mesh Branch led scale foliage 5503.
16:06:50 | INFO: Draco encoder: Encoding mesh Branch led scale foliage 5504.
16:06:50 | INFO: Draco encoder: Encoding mesh Branch led scale foliage 5505.
16:06:50 | INFO: Draco encoder: Encoding mesh Branch led scale foliage 5506.
16:06:50 | INFO: Draco encoder: Encoding mesh Branch led scale foliage 5507.
16:06:50 | INFO: Draco encoder: Encoding mesh Branch led scale foliage 5508.
16:06:50 | INFO: Draco encoder: Encoding mesh Branch led scale foliage 5509.
16:06:50 | INFO: Draco encoder: Encoding mesh Branch led scale foliage 5510.
16:06:50 | INFO: Draco encoder: Encoding mesh Branch led scale foliage 5511.
16:06:50 | INFO: Draco encoder: Encoding mesh Branch led scale foliage 5512.
16:06:50 | INFO: Draco encoder: Encoding mesh Branch led scale foliage 5513.
16:06:50 | INFO: Draco encoder: Encoding mesh Branch led scale foliage 5514.
16:06:50 | INFO: Draco encoder: Encoding mesh Branch led scale foliage 5515.
16:06:50 | INFO: Draco encoder: Encoding mesh Branch led scale foliage 5516.
16:06:50 | INFO: Draco encoder: Encoding mesh Branch led scale foliage 5517.
16:06:50 | INFO: Draco encoder: Encoding mesh Branch led scale foliage 5518.
16:06:50 | INFO: Draco encoder: Encoding mesh Branch led scale foliage 5519.
16:06:50 | INFO: Draco encoder: Encoding mesh Branch led scale foliage 5520.
16:06:50 | INFO: Draco encoder: Encoding mesh Branch led scale foliage 5521.
16:06:50 | INFO: Draco encoder: Encoding mesh Branch led scale foliage 5522.
16:06:50 | INFO: Draco encoder: Encoding mesh Branch led scale foliage 5523.
16:06:50 | INFO: Draco encoder: Encoding mesh Branch led scale foliage 5524.
16:06:50 | INFO: Draco encoder: Encoding mesh Branch led scale foliage 5525.
16:06:50 | INFO: Draco encoder: Encoding mesh Branch led scale foliage 5526.
16:06:50 | INFO: Draco encoder: Encoding mesh Branch led scale foliage 5527.
16:06:50 | INFO: Draco encoder: Encoding mesh Branch led scale foliage 5528.
16:06:50 | INFO: Draco encoder: Encoding mesh Branch led scale foliage 5529.
16:06:50 | INFO: Draco encoder: Encoding mesh Branch led scale foliage 5530.
16:06:50 | INFO: Draco encoder: Encoding mesh Branch led scale foliage 5531.
16:06:50 | INFO: Draco encoder: Encoding mesh Branch led scale foliage 5532.
16:06:50 | INFO: Draco encoder: Encoding mesh Branch led scale foliage 5533.
16:06:50 | INFO: Draco encoder: Encoding mesh Branch led scale foliage 5534.
16:06:50 | INFO: Draco encoder: Encoding mesh Branch led scale foliage 5535.
16:06:50 | INFO: Draco encoder: Encoding mesh Branch led scale foliage 5536.
16:06:50 | INFO: Draco encoder: Encoding mesh Branch led scale foliage 5537.
16:06:50 | INFO: Draco encoder: Encoding mesh Branch led scale foliage 5538.
16:06:50 | INFO: Draco encoder: Encoding mesh Branch led scale foliage 5539.
16:06:50 | INFO: Draco encoder: Encoding mesh Branch led scale foliage 5540.
16:06:50 | INFO: Draco encoder: Encoding mesh Branch led scale foliage 5541.
16:06:50 | INFO: Draco encoder: Encoding mesh Branch led scale foliage 5542.
16:06:50 | INFO: Draco encoder: Encoding mesh Branch led scale foliage 5543.
16:06:50 | INFO: Draco encoder: Encoding mesh Branch led scale foliage 5544.
16:06:50 | INFO: Draco encoder: Encoding mesh Branch led scale foliage 5545.
16:06:50 | INFO: Draco encoder: Encoding mesh Branch led scale foliage 5546.
16:06:50 | INFO: Draco encoder: Encoding mesh Branch led scale foliage 5547.
16:06:50 | INFO: Draco encoder: Encoding mesh Branch led scale foliage 5548.
16:06:50 | INFO: Draco encoder: Encoding mesh Branch led scale foliage 5549.
16:06:50 | INFO: Draco encoder: Encoding mesh Branch led scale foliage 5550.
16:06:50 | INFO: Draco encoder: Encoding mesh Branch led scale foliage 5551.
16:06:50 | INFO: Draco encoder: Encoding mesh Branch led scale foliage 5552.
16:06:50 | INFO: Draco encoder: Encoding mesh Branch led scale foliage 5553.
16:06:50 | INFO: Draco encoder: Encoding mesh Branch led scale foliage 5554.
16:06:50 | INFO: Draco encoder: Encoding mesh Branch led scale foliage 5555.
16:06:50 | INFO: Draco encoder: Encoding mesh Branch led scale foliage 5556.
16:06:50 | INFO: Draco encoder: Encoding mesh Branch led scale foliage 5557.
16:06:50 | INFO: Draco encoder: Encoding mesh Branch led scale foliage 5558.
16:06:50 | INFO: Draco encoder: Encoding mesh Branch led scale foliage 5559.
16:06:50 | INFO: Draco encoder: Encoding mesh Branch led scale foliage 5560.
16:06:50 | INFO: Draco encoder: Encoding mesh Branch led scale foliage 5561.
16:06:50 | INFO: Draco encoder: Encoding mesh Branch led scale foliage 5562.
16:06:50 | INFO: Draco encoder: Encoding mesh Branch led scale foliage 5563.
16:06:50 | INFO: Draco encoder: Encoding mesh Branch led scale foliage 5564.
16:06:50 | INFO: Draco encoder: Encoding mesh Branch led scale foliage 5565.
16:06:50 | INFO: Draco encoder: Encoding mesh Branch led scale foliage 5566.
16:06:50 | INFO: Draco encoder: Encoding mesh Branch led scale foliage 5567.
16:06:50 | INFO: Draco encoder: Encoding mesh Branch led scale foliage 5568.
16:06:50 | INFO: Draco encoder: Encoding mesh Branch led scale foliage 5569.
16:06:50 | INFO: Draco encoder: Encoding mesh Branch led scale foliage 5570.
16:06:50 | INFO: Draco encoder: Encoding mesh Branch led scale foliage 5571.
16:06:50 | INFO: Draco encoder: Encoding mesh Branch led scale foliage 5572.
16:06:50 | INFO: Draco encoder: Encoding mesh Branch led scale foliage 5573.
16:06:50 | INFO: Draco encoder: Encoding mesh Branch led scale foliage 5574.
16:06:50 | INFO: Draco encoder: Encoding mesh Branch led scale foliage 5575.
16:06:50 | INFO: Draco encoder: Encoding mesh Branch led scale foliage 5576.
16:06:50 | INFO: Draco encoder: Encoding mesh Branch led scale foliage 5577.
16:06:50 | INFO: Draco encoder: Encoding mesh Branch led scale foliage 5578.
16:06:50 | INFO: Draco encoder: Encoding mesh Branch led scale foliage 5579.
16:06:50 | INFO: Draco encoder: Encoding mesh Branch led scale foliage 5580.
16:06:50 | INFO: Draco encoder: Encoding mesh Branch led scale foliage 5581.
16:06:50 | INFO: Draco encoder: Encoding mesh Branch led scale foliage 5582.
16:06:50 | INFO: Draco encoder: Encoding mesh Branch led scale foliage 5583.
16:06:50 | INFO: Draco encoder: Encoding mesh Branch led scale foliage 5584.
16:06:50 | INFO: Draco encoder: Encoding mesh Branch led scale foliage 5585.
16:06:50 | INFO: Draco encoder: Encoding mesh Branch led scale foliage 5586.
16:06:50 | INFO: Draco encoder: Encoding mesh Branch led scale foliage 5587.
16:06:50 | INFO: Draco encoder: Encoding mesh Branch led scale foliage 5588.
16:06:50 | INFO: Draco encoder: Encoding mesh Branch led scale foliage 5589.
16:06:50 | INFO: Draco encoder: Encoding mesh Branch led scale foliage 5590.
16:06:50 | INFO: Draco encoder: Encoding mesh Branch led scale foliage 5591.
16:06:50 | INFO: Draco encoder: Encoding mesh Branch led scale foliage 5592.
16:06:50 | INFO: Draco encoder: Encoding mesh Branch led scale foliage 5593.
16:06:50 | INFO: Draco encoder: Encoding mesh Branch led scale foliage 5594.
16:06:50 | INFO: Draco encoder: Encoding mesh Branch led scale foliage 5595.
16:06:50 | INFO: Draco encoder: Encoding mesh Branch led scale foliage 5596.
16:06:50 | INFO: Draco encoder: Encoding mesh Branch led scale foliage 5597.
16:06:50 | INFO: Draco encoder: Encoding mesh Branch led scale foliage 5598.
16:06:50 | INFO: Draco encoder: Encoding mesh Branch led scale foliage 5599.
16:06:50 | INFO: Draco encoder: Encoding mesh Branch led scale foliage 5600.
16:06:50 | INFO: Draco encoder: Encoding mesh Branch led scale foliage 5601.
16:06:50 | INFO: Draco encoder: Encoding mesh Branch led scale foliage 5602.
16:06:50 | INFO: Draco encoder: Encoding mesh Branch led scale foliage 5603.
16:06:50 | INFO: Draco encoder: Encoding mesh Branch led scale foliage 5604.
16:06:50 | INFO: Draco encoder: Encoding mesh Branch led scale foliage 5605.
16:06:50 | INFO: Draco encoder: Encoding mesh Branch led scale foliage 5606.
16:06:50 | INFO: Draco encoder: Encoding mesh Branch led scale foliage 5607.
16:06:50 | INFO: Draco encoder: Encoding mesh Branch led scale foliage 5608.
16:06:50 | INFO: Draco encoder: Encoding mesh Branch led scale foliage 5609.
16:06:50 | INFO: Draco encoder: Encoding mesh Branch led scale foliage 5610.
16:06:50 | INFO: Draco encoder: Encoding mesh Branch led scale foliage 5611.
16:06:50 | INFO: Draco encoder: Encoding mesh Branch led scale foliage 5612.
16:06:50 | INFO: Draco encoder: Encoding mesh Branch led scale foliage 5613.
16:06:50 | INFO: Draco encoder: Encoding mesh Branch led scale foliage 5614.
16:06:50 | INFO: Draco encoder: Encoding mesh Branch led scale foliage 5615.
16:06:50 | INFO: Draco encoder: Encoding mesh Branch led scale foliage 5616.
16:06:50 | INFO: Draco encoder: Encoding mesh Branch led scale foliage 5617.
16:06:50 | INFO: Draco encoder: Encoding mesh Branch led scale foliage 5618.
16:06:50 | INFO: Draco encoder: Encoding mesh Branch led scale foliage 5619.
16:06:50 | INFO: Draco encoder: Encoding mesh Branch led scale foliage 5620.
16:06:50 | INFO: Draco encoder: Encoding mesh Branch led scale foliage 5621.
16:06:50 | INFO: Draco encoder: Encoding mesh Branch led scale foliage 5622.
16:06:50 | INFO: Draco encoder: Encoding mesh Branch led scale foliage 5623.
16:06:50 | INFO: Draco encoder: Encoding mesh Branch led scale foliage 5624.
16:06:50 | INFO: Draco encoder: Encoding mesh Branch led scale foliage 5625.
16:06:50 | INFO: Draco encoder: Encoding mesh Branch led scale foliage 5626.
16:06:50 | INFO: Draco encoder: Encoding mesh Branch led scale foliage 5627.
16:06:50 | INFO: Draco encoder: Encoding mesh Branch led scale foliage 5628.
16:06:50 | INFO: Draco encoder: Encoding mesh Branch led scale foliage 5629.
16:06:50 | INFO: Draco encoder: Encoding mesh Branch led scale foliage 5630.
16:06:50 | INFO: Draco encoder: Encoding mesh Branch led scale foliage 5631.
16:06:50 | INFO: Draco encoder: Encoding mesh Branch led scale foliage 5632.
16:06:50 | INFO: Draco encoder: Encoding mesh Branch led scale foliage 5633.
16:06:50 | INFO: Draco encoder: Encoding mesh Branch led scale foliage 5634.
16:06:50 | INFO: Draco encoder: Encoding mesh Branch led scale foliage 5635.
16:06:50 | INFO: Draco encoder: Encoding mesh Branch led scale foliage 5636.
16:06:50 | INFO: Draco encoder: Encoding mesh Branch led scale foliage 5637.
16:06:50 | INFO: Draco encoder: Encoding mesh Branch led scale foliage 5638.
16:06:50 | INFO: Draco encoder: Encoding mesh Branch led scale foliage 5639.
16:06:50 | INFO: Draco encoder: Encoding mesh Branch led scale foliage 5640.
16:06:50 | INFO: Draco encoder: Encoding mesh Branch led scale foliage 5641.
16:06:50 | INFO: Draco encoder: Encoding mesh Branch led scale foliage 5642.
16:06:50 | INFO: Draco encoder: Encoding mesh Branch led scale foliage 5643.
16:06:50 | INFO: Draco encoder: Encoding mesh Branch led scale foliage 5644.
16:06:50 | INFO: Draco encoder: Encoding mesh Branch led scale foliage 5645.
16:06:50 | INFO: Draco encoder: Encoding mesh Branch led scale foliage 5646.
16:06:50 | INFO: Draco encoder: Encoding mesh Branch led scale foliage 5647.
16:06:50 | INFO: Draco encoder: Encoding mesh Branch led scale foliage 5648.
16:06:50 | INFO: Draco encoder: Encoding mesh Branch led scale foliage 5649.
16:06:50 | INFO: Draco encoder: Encoding mesh Branch led scale foliage 5650.
16:06:50 | INFO: Draco encoder: Encoding mesh Branch led scale foliage 5651.
16:06:50 | INFO: Draco encoder: Encoding mesh Branch led scale foliage 5652.
16:06:50 | INFO: Draco encoder: Encoding mesh Branch led scale foliage 5653.
16:06:50 | INFO: Draco encoder: Encoding mesh Branch led scale foliage 5654.
16:06:50 | INFO: Draco encoder: Encoding mesh Branch led scale foliage 5655.
16:06:50 | INFO: Draco encoder: Encoding mesh Branch led scale foliage 5656.
16:06:50 | INFO: Draco encoder: Encoding mesh Branch led scale foliage 5657.
16:06:50 | INFO: Draco encoder: Encoding mesh Branch led scale foliage 5658.
16:06:50 | INFO: Draco encoder: Encoding mesh Branch led scale foliage 5659.
16:06:50 | INFO: Draco encoder: Encoding mesh Branch led scale foliage 5660.
16:06:50 | INFO: Draco encoder: Encoding mesh Branch led scale foliage 5661.
16:06:50 | INFO: Draco encoder: Encoding mesh Branch led scale foliage 5662.
16:06:50 | INFO: Draco encoder: Encoding mesh Branch led scale foliage 5663.
16:06:50 | INFO: Draco encoder: Encoding mesh Branch led scale foliage 5664.
16:06:50 | INFO: Draco encoder: Encoding mesh Branch led scale foliage 5665.
16:06:50 | INFO: Draco encoder: Encoding mesh Branch led scale foliage 5666.
16:06:50 | INFO: Draco encoder: Encoding mesh Branch led scale foliage 5667.
16:06:50 | INFO: Draco encoder: Encoding mesh Branch led scale foliage 5668.
16:06:50 | INFO: Draco encoder: Encoding mesh Branch led scale foliage 5669.
16:06:50 | INFO: Draco encoder: Encoding mesh Branch led scale foliage 5670.
16:06:50 | INFO: Draco encoder: Encoding mesh Branch led scale foliage 5671.
16:06:50 | INFO: Draco encoder: Encoding mesh Branch led scale foliage 5672.
16:06:50 | INFO: Draco encoder: Encoding mesh Branch led scale foliage 5673.
16:06:50 | INFO: Draco encoder: Encoding mesh Branch led scale foliage 5674.
16:06:50 | INFO: Draco encoder: Encoding mesh Branch led scale foliage 5675.
16:06:50 | INFO: Draco encoder: Encoding mesh Branch led scale foliage 5676.
16:06:50 | INFO: Draco encoder: Encoding mesh Branch led scale foliage 5677.
16:06:50 | INFO: Draco encoder: Encoding mesh Branch led scale foliage 5678.
16:06:50 | INFO: Draco encoder: Encoding mesh Branch led scale foliage 5679.
16:06:50 | INFO: Draco encoder: Encoding mesh Branch led scale foliage 5680.
16:06:50 | INFO: Draco encoder: Encoding mesh Branch led scale foliage 5681.
16:06:50 | INFO: Draco encoder: Encoding mesh Branch led scale foliage 5682.
16:06:50 | INFO: Draco encoder: Encoding mesh Branch led scale foliage 5683.
16:06:50 | INFO: Draco encoder: Encoding mesh Branch led scale foliage 5684.
16:06:50 | INFO: Draco encoder: Encoding mesh Branch led scale foliage 5685.
16:06:50 | INFO: Draco encoder: Encoding mesh Branch led scale foliage 5686.
16:06:50 | INFO: Draco encoder: Encoding mesh Branch led scale foliage 5687.
16:06:50 | INFO: Draco encoder: Encoding mesh Branch led scale foliage 5688.
16:06:50 | INFO: Draco encoder: Encoding mesh Branch led scale foliage 5689.
16:06:50 | INFO: Draco encoder: Encoding mesh Branch led scale foliage 5690.
16:06:50 | INFO: Draco encoder: Encoding mesh Branch led scale foliage 5691.
16:06:50 | INFO: Draco encoder: Encoding mesh Branch led scale foliage 5692.
16:06:50 | INFO: Draco encoder: Encoding mesh Branch led scale foliage 5693.
16:06:50 | INFO: Draco encoder: Encoding mesh Branch led scale foliage 5694.
16:06:50 | INFO: Draco encoder: Encoding mesh Branch led scale foliage 5695.
16:06:50 | INFO: Draco encoder: Encoding mesh Branch led scale foliage 5696.
16:06:50 | INFO: Draco encoder: Encoding mesh Branch led scale foliage 5697.
16:06:50 | INFO: Draco encoder: Encoding mesh Branch led scale foliage 5698.
16:06:50 | INFO: Draco encoder: Encoding mesh Branch led scale foliage 5699.
16:06:50 | INFO: Draco encoder: Encoding mesh Continuous aged trunk and primary branches.
16:06:51 | INFO: Draco encoder: Encoding mesh Continuous planted soil.
16:06:51 | INFO: Draco encoder: Encoding mesh Loose mineral soil particles.
16:06:51 | INFO: Draco encoder: Encoding mesh Low ceramic foot.
16:06:51 | INFO: Draco encoder: Encoding mesh Low ceramic foot.001.
16:06:51 | INFO: Draco encoder: Encoding mesh Low ceramic foot.002.
16:06:51 | INFO: Draco encoder: Encoding mesh Low ceramic foot.003.
16:06:51 | INFO: Draco encoder: Encoding mesh Low split natural bedding stone.
16:06:51 | INFO: Draco encoder: Encoding mesh Root moss shoots.
16:06:51 | INFO: Draco encoder: Encoding mesh Shallow unglazed pot.
16:06:51 | INFO: Draco encoder: Encoding mesh Terminal branch hierarchy.
16:06:51 | INFO: Finished glTF 2.0 export in 3.7241299152374268 s

{"saved": "/Users/kazuki.tanaka/dev0/exfract-bonsai-02/improvement/2026-10-04/runs/sculpt-gate-1329/models/hero-v23.blend", "glb": "/Users/kazuki.tanaka/dev0/exfract-bonsai-02/improvement/2026-10-04/runs/sculpt-gate-1329/models/hero-v23.glb", "vertices": 3535833, "faces": 4579135, "bytes": 3778296}
Blender 5.2.1 LTS (hash 9e2066aef7ef built 2026-08-25 01:35:57)
DracoEncoder | Preserve triangle order: no
DracoEncoder | Encoded 522 vertices, 2106 indices, raw size: 25092, encoded size: 6277, compression ratio: 4.00
DracoEncoder | Preserve triangle order: no
DracoEncoder | Encoded 522 vertices, 2106 indices, raw size: 25092, encoded size: 6268, compression ratio: 4.00
DracoEncoder | Preserve triangle order: no
DracoEncoder | Encoded 522 vertices, 2106 indices, raw size: 25092, encoded size: 6280, compression ratio: 4.00
DracoEncoder | Preserve triangle order: no
DracoEncoder | Encoded 522 vertices, 2106 indices, raw size: 25092, encoded size: 6270, compression ratio: 4.00
DracoEncoder | Preserve triangle order: no
DracoEncoder | Encoded 522 vertices, 2106 indices, raw size: 25092, encoded size: 6274, compression ratio: 4.00
DracoEncoder | Preserve triangle order: no
DracoEncoder | Encoded 522 vertices, 2106 indices, raw size: 25092, encoded size: 6273, compression ratio: 4.00
DracoEncoder | Preserve triangle order: no
DracoEncoder | Encoded 522 vertices, 2106 indices, raw size: 25092, encoded size: 6282, compression ratio: 3.99
DracoEncoder | Preserve triangle order: no
DracoEncoder | Encoded 522 vertices, 2106 indices, raw size: 25092, encoded size: 6272, compression ratio: 4.00
DracoEncoder | Preserve triangle order: no
DracoEncoder | Encoded 522 vertices, 2106 indices, raw size: 25092, encoded size: 6280, compression ratio: 4.00
DracoEncoder | Preserve triangle order: no
DracoEncoder | Encoded 522 vertices, 2106 indices, raw size: 25092, encoded size: 6277, compression ratio: 4.00
DracoEncoder | Preserve triangle order: no
DracoEncoder | Encoded 522 vertices, 2106 indices, raw size: 25092, encoded size: 6273, compression ratio: 4.00
DracoEncoder | Preserve triangle order: no
DracoEncoder | Encoded 522 vertices, 2106 indices, raw size: 25092, encoded size: 6274, compression ratio: 4.00
DracoEncoder | Preserve triangle order: no
DracoEncoder | Encoded 142137 vertices, 848811 indices, raw size: 9080684, encoded size: 1437194, compression ratio: 6.32
DracoEncoder | Preserve triangle order: no
DracoEncoder | Encoded 3936 vertices, 23040 indices, raw size: 203520, encoded size: 24969, compression ratio: 8.15
DracoEncoder | Preserve triangle order: no
DracoEncoder | Encoded 95880 vertices, 95880 indices, raw size: 2684640, encoded size: 423355, compression ratio: 6.34
DracoEncoder | Preserve triangle order: no
DracoEncoder | Encoded 116 vertices, 564 indices, raw size: 4840, encoded size: 1202, compression ratio: 4.03
DracoEncoder | Preserve triangle order: no
DracoEncoder | Encoded 116 vertices, 564 indices, raw size: 4840, encoded size: 1202, compression ratio: 4.03
DracoEncoder | Preserve triangle order: no
DracoEncoder | Encoded 116 vertices, 564 indices, raw size: 4840, encoded size: 1202, compression ratio: 4.03
DracoEncoder | Preserve triangle order: no
DracoEncoder | Encoded 116 vertices, 564 indices, raw size: 4840, encoded size: 1202, compression ratio: 4.03
DracoEncoder | Preserve triangle order: no
DracoEncoder | Encoded 5320 vertices, 11970 indices, raw size: 194180, encoded size: 41440, compression ratio: 4.69
DracoEncoder | Preserve triangle order: no
DracoEncoder | Encoded 156060 vertices, 561816 indices, raw size: 8489664, encoded size: 1247717, compression ratio: 6.80
DracoEncoder | Preserve triangle order: no
DracoEncoder | Encoded 1440 vertices, 8628 indices, raw size: 63336, encoded size: 9336, compression ratio: 6.78
DracoEncoder | Preserve triangle order: no
DracoEncoder | Encoded 43890 vertices, 225720 indices, raw size: 2207040, encoded size: 262139, compression ratio: 8.42

Blender quit
