00:00.172  translation      | WARNING Falling back to standard locale ("C")
00:00.844  blend            | Read blend: "/Users/kazuki.tanaka/dev0/exfract-bonsai-02/improvement/2026-10-04/runs/wood-surface-0000/models/wood-v02-editable.blend"
/Users/kazuki.tanaka/dev0/exfract-bonsai-02/improvement/2026-10-04/runs/local-edges-0056/sculpt/patch.py:113: DeprecationWarning: 'Material.use_nodes' is expected to be removed in Blender 6.0
  material=bpy.data.materials.new('Continuous grey brown wood');material.use_nodes=True;bs=material.node_tree.nodes.get('Principled BSDF');bs.inputs['Base Color'].default_value=(.16,.115,.077,1);bs.inputs['Roughness'].default_value=.94;mesh.materials.append(material)
INFO Draco is available, use library at /Applications/Blender.app/Contents/Resources/5.2/scripts/addons_core/io_scene_gltf2/libbf_intern_draco_bridge.dylib
INFO MeshOptimizer is available, use library at /Applications/Blender.app/Contents/Resources/5.2/scripts/addons_core/io_scene_gltf2/libbf_intern_meshopt_bridge.dylib
01:07:34 | INFO: Starting glTF 2.0 export
01:07:34 | INFO: Extracting primitive: Volumetric scale shoot 01
01:07:34 | INFO: Primitives created: 1
01:07:34 | INFO: Extracting primitive: Volumetric scale shoot 05
01:07:34 | INFO: Primitives created: 1
01:07:34 | INFO: Extracting primitive: Volumetric scale shoot 08
01:07:34 | INFO: Primitives created: 1
01:07:34 | INFO: Extracting primitive: Volumetric scale shoot 07
01:07:34 | INFO: Primitives created: 1
01:07:34 | INFO: Extracting primitive: Volumetric scale shoot 03
01:07:34 | INFO: Primitives created: 1
01:07:34 | INFO: Extracting primitive: Volumetric scale shoot 06
01:07:34 | INFO: Primitives created: 1
01:07:34 | INFO: Extracting primitive: Volumetric scale shoot 10
01:07:34 | INFO: Primitives created: 1
01:07:34 | INFO: Extracting primitive: Volumetric scale shoot 11
01:07:34 | INFO: Primitives created: 1
01:07:34 | INFO: Extracting primitive: Volumetric scale shoot 04
01:07:34 | INFO: Primitives created: 1
01:07:34 | INFO: Extracting primitive: Volumetric scale shoot 09
01:07:34 | INFO: Primitives created: 1
01:07:34 | INFO: Extracting primitive: Volumetric scale shoot 00
01:07:34 | INFO: Primitives created: 1
01:07:34 | INFO: Extracting primitive: Volumetric scale shoot 02
01:07:34 | INFO: Primitives created: 1
01:07:34 | INFO: Extracting primitive: Embedded mineral grain 02
01:07:34 | INFO: Primitives created: 1
01:07:34 | INFO: Extracting primitive: Embedded mineral grain 05
01:07:34 | INFO: Primitives created: 1
01:07:34 | INFO: Extracting primitive: Embedded mineral grain 03
01:07:34 | INFO: Primitives created: 1
01:07:34 | INFO: Extracting primitive: Embedded mineral grain 04
01:07:34 | INFO: Primitives created: 1
01:07:34 | INFO: Extracting primitive: Embedded mineral grain 00
01:07:34 | INFO: Primitives created: 1
01:07:34 | INFO: Extracting primitive: Embedded mineral grain 01
01:07:34 | INFO: Primitives created: 1
01:07:34 | INFO: Extracting primitive: Root moss tuft 05
01:07:34 | INFO: Primitives created: 1
01:07:34 | INFO: Extracting primitive: Root moss tuft 04
01:07:34 | INFO: Primitives created: 1
01:07:34 | INFO: Extracting primitive: Root moss tuft 01
01:07:34 | INFO: Primitives created: 1
01:07:34 | INFO: Extracting primitive: Root moss tuft 02
01:07:34 | INFO: Primitives created: 1
01:07:34 | INFO: Extracting primitive: Root moss tuft 03
01:07:34 | INFO: Primitives created: 1
01:07:34 | INFO: Extracting primitive: Root moss tuft 00
01:07:34 | INFO: Primitives created: 1
01:07:34 | INFO: Extracting primitive: Terminal branch hierarchy
01:07:34 | INFO: Primitives created: 1
01:07:34 | INFO: Extracting primitive: Locally reflowed front control net
01:07:34 | INFO: Primitives created: 1
01:07:34 | INFO: Extracting primitive: Continuous planted soil
01:07:34 | INFO: Primitives created: 1
01:07:34 | INFO: Extracting primitive: Volumetric scale shoot low 00
01:07:34 | INFO: Primitives created: 1
01:07:34 | INFO: Extracting primitive: Volumetric scale shoot low 01
01:07:34 | INFO: Primitives created: 1
01:07:34 | INFO: Extracting primitive: Volumetric scale shoot low 02
01:07:34 | INFO: Primitives created: 1
01:07:34 | INFO: Extracting primitive: Volumetric scale shoot low 03
01:07:34 | INFO: Primitives created: 1
01:07:34 | INFO: Extracting primitive: Volumetric scale shoot low 04
01:07:34 | INFO: Primitives created: 1
01:07:34 | INFO: Extracting primitive: Volumetric scale shoot low 05
01:07:34 | INFO: Primitives created: 1
01:07:34 | INFO: Extracting primitive: Volumetric scale shoot low 06
01:07:34 | INFO: Primitives created: 1
01:07:34 | INFO: Extracting primitive: Volumetric scale shoot low 07
01:07:34 | INFO: Primitives created: 1
01:07:34 | INFO: Extracting primitive: Volumetric scale shoot low 08
01:07:34 | INFO: Primitives created: 1
01:07:34 | INFO: Extracting primitive: Volumetric scale shoot low 09
01:07:34 | INFO: Primitives created: 1
01:07:34 | INFO: Extracting primitive: Volumetric scale shoot low 10
01:07:34 | INFO: Primitives created: 1
01:07:34 | INFO: Extracting primitive: Volumetric scale shoot low 11
01:07:34 | INFO: Primitives created: 1
01:07:34 | INFO: Extracting primitive: Cube.001
01:07:34 | INFO: Primitives created: 1
01:07:34 | INFO: Extracting primitive: Cube.002
01:07:34 | INFO: Primitives created: 1
01:07:34 | INFO: Extracting primitive: Cube.003
01:07:34 | INFO: Primitives created: 1
01:07:34 | INFO: Extracting primitive: Cube.004
01:07:34 | INFO: Primitives created: 1
01:07:34 | INFO: Extracting primitive: Low split natural bedding stone
01:07:34 | INFO: Primitives created: 1
01:07:34 | INFO: Extracting primitive: Shallow unglazed pot
01:07:34 | INFO: Primitives created: 1
01:07:34 | INFO: Draco encoder: Encoding mesh Canopy sprays 0000.
01:07:34 | INFO: Draco encoder: Encoding mesh Canopy sprays 0001.
01:07:34 | INFO: Draco encoder: Encoding mesh Canopy sprays 0002.
01:07:34 | INFO: Draco encoder: Encoding mesh Canopy sprays 0003.
01:07:35 | INFO: Draco encoder: Encoding mesh Canopy sprays 0004.
01:07:35 | INFO: Draco encoder: Encoding mesh Canopy sprays 0005.
01:07:35 | INFO: Draco encoder: Encoding mesh Canopy sprays 0006.
01:07:35 | INFO: Draco encoder: Encoding mesh Canopy sprays 0007.
01:07:35 | INFO: Draco encoder: Encoding mesh Canopy sprays 0008.
01:07:35 | INFO: Draco encoder: Encoding mesh Canopy sprays 0009.
01:07:35 | INFO: Draco encoder: Encoding mesh Canopy sprays 0010.
01:07:35 | INFO: Draco encoder: Encoding mesh Canopy sprays 0011.
01:07:35 | INFO: Draco encoder: Encoding mesh Canopy sprays 0012.
01:07:35 | INFO: Draco encoder: Encoding mesh Canopy sprays 0013.
01:07:35 | INFO: Draco encoder: Encoding mesh Canopy sprays 0014.
01:07:35 | INFO: Draco encoder: Encoding mesh Canopy sprays 0015.
01:07:35 | INFO: Draco encoder: Encoding mesh Canopy sprays 0016.
01:07:35 | INFO: Draco encoder: Encoding mesh Canopy sprays 0017.
01:07:35 | INFO: Draco encoder: Encoding mesh Canopy sprays 0018.
01:07:35 | INFO: Draco encoder: Encoding mesh Canopy sprays 0019.
01:07:35 | INFO: Draco encoder: Encoding mesh Canopy sprays 0020.
01:07:35 | INFO: Draco encoder: Encoding mesh Canopy sprays 0021.
01:07:35 | INFO: Draco encoder: Encoding mesh Canopy sprays 0022.
01:07:35 | INFO: Draco encoder: Encoding mesh Canopy sprays 0023.
01:07:35 | INFO: Draco encoder: Encoding mesh Canopy sprays 0024.
01:07:35 | INFO: Draco encoder: Encoding mesh Canopy sprays 0025.
01:07:35 | INFO: Draco encoder: Encoding mesh Canopy sprays 0026.
01:07:35 | INFO: Draco encoder: Encoding mesh Canopy sprays 0027.
01:07:35 | INFO: Draco encoder: Encoding mesh Canopy sprays 0028.
01:07:35 | INFO: Draco encoder: Encoding mesh Canopy sprays 0029.
01:07:35 | INFO: Draco encoder: Encoding mesh Canopy sprays 0030.
01:07:35 | INFO: Draco encoder: Encoding mesh Canopy sprays 0031.
01:07:35 | INFO: Draco encoder: Encoding mesh Canopy sprays 0032.
01:07:35 | INFO: Draco encoder: Encoding mesh Canopy sprays 0033.
01:07:35 | INFO: Draco encoder: Encoding mesh Canopy sprays 0034.
01:07:35 | INFO: Draco encoder: Encoding mesh Canopy sprays 0035.
01:07:35 | INFO: Draco encoder: Encoding mesh Canopy sprays 0036.
01:07:35 | INFO: Draco encoder: Encoding mesh Canopy sprays 0037.
01:07:35 | INFO: Draco encoder: Encoding mesh Canopy sprays 0038.
01:07:35 | INFO: Draco encoder: Encoding mesh Canopy sprays 0039.
01:07:35 | INFO: Draco encoder: Encoding mesh Canopy sprays 0040.
01:07:35 | INFO: Draco encoder: Encoding mesh Canopy sprays 0041.
01:07:35 | INFO: Draco encoder: Encoding mesh Canopy sprays 0042.
01:07:35 | INFO: Draco encoder: Encoding mesh Canopy sprays 0043.
01:07:35 | INFO: Draco encoder: Encoding mesh Canopy sprays 0044.
01:07:35 | INFO: Draco encoder: Encoding mesh Canopy sprays 0045.
01:07:35 | INFO: Draco encoder: Encoding mesh Canopy sprays 0046.
01:07:35 | INFO: Draco encoder: Encoding mesh Canopy sprays 0047.
01:07:35 | INFO: Draco encoder: Encoding mesh Canopy sprays 0048.
01:07:35 | INFO: Draco encoder: Encoding mesh Canopy sprays 0049.
01:07:35 | INFO: Draco encoder: Encoding mesh Canopy sprays 0050.
01:07:35 | INFO: Draco encoder: Encoding mesh Canopy sprays 0051.
01:07:35 | INFO: Draco encoder: Encoding mesh Canopy sprays 0052.
01:07:35 | INFO: Draco encoder: Encoding mesh Canopy sprays 0053.
01:07:35 | INFO: Draco encoder: Encoding mesh Canopy sprays 0054.
01:07:35 | INFO: Draco encoder: Encoding mesh Canopy sprays 0055.
01:07:35 | INFO: Draco encoder: Encoding mesh Canopy sprays 0056.
01:07:35 | INFO: Draco encoder: Encoding mesh Canopy sprays 0057.
01:07:35 | INFO: Draco encoder: Encoding mesh Canopy sprays 0058.
01:07:35 | INFO: Draco encoder: Encoding mesh Canopy sprays 0059.
01:07:35 | INFO: Draco encoder: Encoding mesh Canopy sprays 0060.
01:07:35 | INFO: Draco encoder: Encoding mesh Canopy sprays 0061.
01:07:35 | INFO: Draco encoder: Encoding mesh Canopy sprays 0062.
01:07:35 | INFO: Draco encoder: Encoding mesh Canopy sprays 0063.
01:07:35 | INFO: Draco encoder: Encoding mesh Canopy sprays 0064.
01:07:35 | INFO: Draco encoder: Encoding mesh Canopy sprays 0065.
01:07:35 | INFO: Draco encoder: Encoding mesh Canopy sprays 0066.
01:07:35 | INFO: Draco encoder: Encoding mesh Canopy sprays 0067.
01:07:35 | INFO: Draco encoder: Encoding mesh Canopy sprays 0068.
01:07:35 | INFO: Draco encoder: Encoding mesh Canopy sprays 0069.
01:07:35 | INFO: Draco encoder: Encoding mesh Canopy sprays 0070.
01:07:35 | INFO: Draco encoder: Encoding mesh Canopy sprays 0071.
01:07:35 | INFO: Draco encoder: Encoding mesh Canopy sprays 0072.
01:07:35 | INFO: Draco encoder: Encoding mesh Canopy sprays 0073.
01:07:35 | INFO: Draco encoder: Encoding mesh Canopy sprays 0074.
01:07:35 | INFO: Draco encoder: Encoding mesh Canopy sprays 0075.
01:07:35 | INFO: Draco encoder: Encoding mesh Canopy sprays 0076.
01:07:35 | INFO: Draco encoder: Encoding mesh Canopy sprays 0077.
01:07:35 | INFO: Draco encoder: Encoding mesh Canopy sprays 0078.
01:07:35 | INFO: Draco encoder: Encoding mesh Canopy sprays 0079.
01:07:35 | INFO: Draco encoder: Encoding mesh Canopy sprays 0080.
01:07:35 | INFO: Draco encoder: Encoding mesh Canopy sprays 0081.
01:07:35 | INFO: Draco encoder: Encoding mesh Canopy sprays 0082.
01:07:35 | INFO: Draco encoder: Encoding mesh Canopy sprays 0083.
01:07:35 | INFO: Draco encoder: Encoding mesh Canopy sprays 0084.
01:07:35 | INFO: Draco encoder: Encoding mesh Canopy sprays 0085.
01:07:35 | INFO: Draco encoder: Encoding mesh Canopy sprays 0086.
01:07:35 | INFO: Draco encoder: Encoding mesh Canopy sprays 0087.
01:07:35 | INFO: Draco encoder: Encoding mesh Canopy sprays 0088.
01:07:35 | INFO: Draco encoder: Encoding mesh Canopy sprays 0089.
01:07:35 | INFO: Draco encoder: Encoding mesh Canopy sprays 0090.
01:07:35 | INFO: Draco encoder: Encoding mesh Canopy sprays 0091.
01:07:35 | INFO: Draco encoder: Encoding mesh Canopy sprays 0092.
01:07:35 | INFO: Draco encoder: Encoding mesh Canopy sprays 0093.
01:07:35 | INFO: Draco encoder: Encoding mesh Canopy sprays 0094.
01:07:35 | INFO: Draco encoder: Encoding mesh Canopy sprays 0095.
01:07:35 | INFO: Draco encoder: Encoding mesh Canopy sprays 0096.
01:07:35 | INFO: Draco encoder: Encoding mesh Canopy sprays 0097.
01:07:35 | INFO: Draco encoder: Encoding mesh Canopy sprays 0098.
01:07:35 | INFO: Draco encoder: Encoding mesh Canopy sprays 0099.
01:07:35 | INFO: Draco encoder: Encoding mesh Canopy sprays 0100.
01:07:35 | INFO: Draco encoder: Encoding mesh Canopy sprays 0101.
01:07:35 | INFO: Draco encoder: Encoding mesh Canopy sprays 0102.
01:07:35 | INFO: Draco encoder: Encoding mesh Canopy sprays 0103.
01:07:35 | INFO: Draco encoder: Encoding mesh Canopy sprays 0104.
01:07:35 | INFO: Draco encoder: Encoding mesh Canopy sprays 0105.
01:07:35 | INFO: Draco encoder: Encoding mesh Canopy sprays 0106.
01:07:35 | INFO: Draco encoder: Encoding mesh Canopy sprays 0107.
01:07:35 | INFO: Draco encoder: Encoding mesh Canopy sprays 0108.
01:07:35 | INFO: Draco encoder: Encoding mesh Canopy sprays 0109.
01:07:35 | INFO: Draco encoder: Encoding mesh Canopy sprays 0110.
01:07:35 | INFO: Draco encoder: Encoding mesh Canopy sprays 0111.
01:07:35 | INFO: Draco encoder: Encoding mesh Canopy sprays 0112.
01:07:35 | INFO: Draco encoder: Encoding mesh Canopy sprays 0113.
01:07:35 | INFO: Draco encoder: Encoding mesh Canopy sprays 0114.
01:07:35 | INFO: Draco encoder: Encoding mesh Canopy sprays 0115.
01:07:35 | INFO: Draco encoder: Encoding mesh Canopy sprays 0116.
01:07:35 | INFO: Draco encoder: Encoding mesh Canopy sprays 0117.
01:07:35 | INFO: Draco encoder: Encoding mesh Canopy sprays 0118.
01:07:35 | INFO: Draco encoder: Encoding mesh Canopy sprays 0119.
01:07:35 | INFO: Draco encoder: Encoding mesh Canopy sprays 0120.
01:07:35 | INFO: Draco encoder: Encoding mesh Canopy sprays 0121.
01:07:35 | INFO: Draco encoder: Encoding mesh Canopy sprays 0122.
01:07:35 | INFO: Draco encoder: Encoding mesh Canopy sprays 0123.
01:07:35 | INFO: Draco encoder: Encoding mesh Canopy sprays 0124.
01:07:35 | INFO: Draco encoder: Encoding mesh Canopy sprays 0125.
01:07:35 | INFO: Draco encoder: Encoding mesh Canopy sprays 0126.
01:07:35 | INFO: Draco encoder: Encoding mesh Canopy sprays 0127.
01:07:35 | INFO: Draco encoder: Encoding mesh Canopy sprays 0128.
01:07:35 | INFO: Draco encoder: Encoding mesh Canopy sprays 0129.
01:07:35 | INFO: Draco encoder: Encoding mesh Canopy sprays 0130.
01:07:35 | INFO: Draco encoder: Encoding mesh Canopy sprays 0131.
01:07:35 | INFO: Draco encoder: Encoding mesh Canopy sprays 0132.
01:07:35 | INFO: Draco encoder: Encoding mesh Canopy sprays 0133.
01:07:35 | INFO: Draco encoder: Encoding mesh Canopy sprays 0134.
01:07:35 | INFO: Draco encoder: Encoding mesh Canopy sprays 0135.
01:07:35 | INFO: Draco encoder: Encoding mesh Canopy sprays 0136.
01:07:35 | INFO: Draco encoder: Encoding mesh Canopy sprays 0137.
01:07:35 | INFO: Draco encoder: Encoding mesh Canopy sprays 0138.
01:07:35 | INFO: Draco encoder: Encoding mesh Canopy sprays 0139.
01:07:35 | INFO: Draco encoder: Encoding mesh Canopy sprays 0140.
01:07:35 | INFO: Draco encoder: Encoding mesh Canopy sprays 0141.
01:07:35 | INFO: Draco encoder: Encoding mesh Canopy sprays 0142.
01:07:35 | INFO: Draco encoder: Encoding mesh Canopy sprays 0143.
01:07:35 | INFO: Draco encoder: Encoding mesh Canopy sprays 0144.
01:07:35 | INFO: Draco encoder: Encoding mesh Canopy sprays 0145.
01:07:35 | INFO: Draco encoder: Encoding mesh Canopy sprays 0146.
01:07:35 | INFO: Draco encoder: Encoding mesh Canopy sprays 0147.
01:07:35 | INFO: Draco encoder: Encoding mesh Canopy sprays 0148.
01:07:35 | INFO: Draco encoder: Encoding mesh Canopy sprays 0149.
01:07:35 | INFO: Draco encoder: Encoding mesh Canopy sprays 0150.
01:07:35 | INFO: Draco encoder: Encoding mesh Canopy sprays 0151.
01:07:35 | INFO: Draco encoder: Encoding mesh Canopy sprays 0152.
01:07:35 | INFO: Draco encoder: Encoding mesh Canopy sprays 0153.
01:07:35 | INFO: Draco encoder: Encoding mesh Canopy sprays 0154.
01:07:35 | INFO: Draco encoder: Encoding mesh Canopy sprays 0155.
01:07:35 | INFO: Draco encoder: Encoding mesh Canopy sprays 0156.
01:07:35 | INFO: Draco encoder: Encoding mesh Canopy sprays 0157.
01:07:35 | INFO: Draco encoder: Encoding mesh Canopy sprays 0158.
01:07:35 | INFO: Draco encoder: Encoding mesh Canopy sprays 0159.
01:07:35 | INFO: Draco encoder: Encoding mesh Canopy sprays 0160.
01:07:35 | INFO: Draco encoder: Encoding mesh Canopy sprays 0161.
01:07:35 | INFO: Draco encoder: Encoding mesh Canopy sprays 0162.
01:07:35 | INFO: Draco encoder: Encoding mesh Canopy sprays 0163.
01:07:35 | INFO: Draco encoder: Encoding mesh Canopy sprays 0164.
01:07:35 | INFO: Draco encoder: Encoding mesh Canopy sprays 0165.
01:07:35 | INFO: Draco encoder: Encoding mesh Canopy sprays 0166.
01:07:35 | INFO: Draco encoder: Encoding mesh Canopy sprays 0167.
01:07:35 | INFO: Draco encoder: Encoding mesh Canopy sprays 0168.
01:07:35 | INFO: Draco encoder: Encoding mesh Canopy sprays 0169.
01:07:35 | INFO: Draco encoder: Encoding mesh Canopy sprays 0170.
01:07:35 | INFO: Draco encoder: Encoding mesh Canopy sprays 0171.
01:07:35 | INFO: Draco encoder: Encoding mesh Canopy sprays 0172.
01:07:35 | INFO: Draco encoder: Encoding mesh Canopy sprays 0173.
01:07:35 | INFO: Draco encoder: Encoding mesh Canopy sprays 0174.
01:07:35 | INFO: Draco encoder: Encoding mesh Canopy sprays 0175.
01:07:35 | INFO: Draco encoder: Encoding mesh Canopy sprays 0176.
01:07:35 | INFO: Draco encoder: Encoding mesh Canopy sprays 0177.
01:07:35 | INFO: Draco encoder: Encoding mesh Canopy sprays 0178.
01:07:35 | INFO: Draco encoder: Encoding mesh Canopy sprays 0179.
01:07:35 | INFO: Draco encoder: Encoding mesh Canopy sprays 0180.
01:07:35 | INFO: Draco encoder: Encoding mesh Canopy sprays 0181.
01:07:35 | INFO: Draco encoder: Encoding mesh Canopy sprays 0182.
01:07:35 | INFO: Draco encoder: Encoding mesh Canopy sprays 0183.
01:07:35 | INFO: Draco encoder: Encoding mesh Canopy sprays 0184.
01:07:35 | INFO: Draco encoder: Encoding mesh Canopy sprays 0185.
01:07:35 | INFO: Draco encoder: Encoding mesh Canopy sprays 0186.
01:07:35 | INFO: Draco encoder: Encoding mesh Canopy sprays 0187.
01:07:35 | INFO: Draco encoder: Encoding mesh Canopy sprays 0188.
01:07:35 | INFO: Draco encoder: Encoding mesh Canopy sprays 0189.
01:07:35 | INFO: Draco encoder: Encoding mesh Canopy sprays 0190.
01:07:35 | INFO: Draco encoder: Encoding mesh Canopy sprays 0191.
01:07:35 | INFO: Draco encoder: Encoding mesh Canopy sprays 0192.
01:07:35 | INFO: Draco encoder: Encoding mesh Canopy sprays 0193.
01:07:35 | INFO: Draco encoder: Encoding mesh Canopy sprays 0194.
01:07:35 | INFO: Draco encoder: Encoding mesh Canopy sprays 0195.
01:07:35 | INFO: Draco encoder: Encoding mesh Canopy sprays 0196.
01:07:35 | INFO: Draco encoder: Encoding mesh Canopy sprays 0197.
01:07:35 | INFO: Draco encoder: Encoding mesh Canopy sprays 0198.
01:07:35 | INFO: Draco encoder: Encoding mesh Canopy sprays 0199.
01:07:35 | INFO: Draco encoder: Encoding mesh Canopy sprays 0200.
01:07:35 | INFO: Draco encoder: Encoding mesh Canopy sprays 0201.
01:07:35 | INFO: Draco encoder: Encoding mesh Canopy sprays 0202.
01:07:35 | INFO: Draco encoder: Encoding mesh Canopy sprays 0203.
01:07:35 | INFO: Draco encoder: Encoding mesh Canopy sprays 0204.
01:07:35 | INFO: Draco encoder: Encoding mesh Canopy sprays 0205.
01:07:35 | INFO: Draco encoder: Encoding mesh Canopy sprays 0206.
01:07:35 | INFO: Draco encoder: Encoding mesh Canopy sprays 0207.
01:07:35 | INFO: Draco encoder: Encoding mesh Canopy sprays 0208.
01:07:35 | INFO: Draco encoder: Encoding mesh Canopy sprays 0209.
01:07:35 | INFO: Draco encoder: Encoding mesh Canopy sprays 0210.
01:07:35 | INFO: Draco encoder: Encoding mesh Canopy sprays 0211.
01:07:35 | INFO: Draco encoder: Encoding mesh Canopy sprays 0212.
01:07:35 | INFO: Draco encoder: Encoding mesh Canopy sprays 0213.
01:07:35 | INFO: Draco encoder: Encoding mesh Canopy sprays 0214.
01:07:35 | INFO: Draco encoder: Encoding mesh Canopy sprays 0215.
01:07:35 | INFO: Draco encoder: Encoding mesh Canopy sprays 0216.
01:07:35 | INFO: Draco encoder: Encoding mesh Canopy sprays 0217.
01:07:35 | INFO: Draco encoder: Encoding mesh Canopy sprays 0218.
01:07:35 | INFO: Draco encoder: Encoding mesh Canopy sprays 0219.
01:07:35 | INFO: Draco encoder: Encoding mesh Canopy sprays 0220.
01:07:35 | INFO: Draco encoder: Encoding mesh Canopy sprays 0221.
01:07:35 | INFO: Draco encoder: Encoding mesh Canopy sprays 0222.
01:07:35 | INFO: Draco encoder: Encoding mesh Canopy sprays 0223.
01:07:35 | INFO: Draco encoder: Encoding mesh Canopy sprays 0224.
01:07:35 | INFO: Draco encoder: Encoding mesh Canopy sprays 0225.
01:07:35 | INFO: Draco encoder: Encoding mesh Canopy sprays 0226.
01:07:35 | INFO: Draco encoder: Encoding mesh Canopy sprays 0227.
01:07:35 | INFO: Draco encoder: Encoding mesh Canopy sprays 0228.
01:07:35 | INFO: Draco encoder: Encoding mesh Canopy sprays 0229.
01:07:35 | INFO: Draco encoder: Encoding mesh Canopy sprays 0230.
01:07:35 | INFO: Draco encoder: Encoding mesh Canopy sprays 0231.
01:07:35 | INFO: Draco encoder: Encoding mesh Canopy sprays 0232.
01:07:35 | INFO: Draco encoder: Encoding mesh Canopy sprays 0233.
01:07:35 | INFO: Draco encoder: Encoding mesh Canopy sprays 0234.
01:07:35 | INFO: Draco encoder: Encoding mesh Canopy sprays 0235.
01:07:35 | INFO: Draco encoder: Encoding mesh Canopy sprays 0236.
01:07:35 | INFO: Draco encoder: Encoding mesh Canopy sprays 0237.
01:07:35 | INFO: Draco encoder: Encoding mesh Canopy sprays 0238.
01:07:35 | INFO: Draco encoder: Encoding mesh Canopy sprays 0239.
01:07:35 | INFO: Draco encoder: Encoding mesh Canopy sprays 0240.
01:07:35 | INFO: Draco encoder: Encoding mesh Canopy sprays 0241.
01:07:35 | INFO: Draco encoder: Encoding mesh Canopy sprays 0242.
01:07:35 | INFO: Draco encoder: Encoding mesh Canopy sprays 0243.
01:07:35 | INFO: Draco encoder: Encoding mesh Canopy sprays 0244.
01:07:35 | INFO: Draco encoder: Encoding mesh Canopy sprays 0245.
01:07:35 | INFO: Draco encoder: Encoding mesh Canopy sprays 0246.
01:07:35 | INFO: Draco encoder: Encoding mesh Canopy sprays 0247.
01:07:35 | INFO: Draco encoder: Encoding mesh Canopy sprays 0248.
01:07:35 | INFO: Draco encoder: Encoding mesh Canopy sprays 0249.
01:07:35 | INFO: Draco encoder: Encoding mesh Canopy sprays 0250.
01:07:35 | INFO: Draco encoder: Encoding mesh Canopy sprays 0251.
01:07:35 | INFO: Draco encoder: Encoding mesh Canopy sprays 0252.
01:07:35 | INFO: Draco encoder: Encoding mesh Canopy sprays 0253.
01:07:35 | INFO: Draco encoder: Encoding mesh Canopy sprays 0254.
01:07:35 | INFO: Draco encoder: Encoding mesh Canopy sprays 0255.
01:07:35 | INFO: Draco encoder: Encoding mesh Canopy sprays 0256.
01:07:35 | INFO: Draco encoder: Encoding mesh Canopy sprays 0257.
01:07:35 | INFO: Draco encoder: Encoding mesh Canopy sprays 0258.
01:07:35 | INFO: Draco encoder: Encoding mesh Canopy sprays 0259.
01:07:35 | INFO: Draco encoder: Encoding mesh Canopy sprays 0260.
01:07:35 | INFO: Draco encoder: Encoding mesh Canopy sprays 0261.
01:07:35 | INFO: Draco encoder: Encoding mesh Canopy sprays 0262.
01:07:35 | INFO: Draco encoder: Encoding mesh Canopy sprays 0263.
01:07:35 | INFO: Draco encoder: Encoding mesh Canopy sprays 0264.
01:07:35 | INFO: Draco encoder: Encoding mesh Canopy sprays 0265.
01:07:35 | INFO: Draco encoder: Encoding mesh Canopy sprays 0266.
01:07:35 | INFO: Draco encoder: Encoding mesh Canopy sprays 0267.
01:07:35 | INFO: Draco encoder: Encoding mesh Canopy sprays 0268.
01:07:35 | INFO: Draco encoder: Encoding mesh Canopy sprays 0269.
01:07:35 | INFO: Draco encoder: Encoding mesh Canopy sprays 0270.
01:07:35 | INFO: Draco encoder: Encoding mesh Canopy sprays 0271.
01:07:35 | INFO: Draco encoder: Encoding mesh Canopy sprays 0272.
01:07:35 | INFO: Draco encoder: Encoding mesh Canopy sprays 0273.
01:07:35 | INFO: Draco encoder: Encoding mesh Canopy sprays 0274.
01:07:35 | INFO: Draco encoder: Encoding mesh Canopy sprays 0275.
01:07:35 | INFO: Draco encoder: Encoding mesh Canopy sprays 0276.
01:07:35 | INFO: Draco encoder: Encoding mesh Canopy sprays 0277.
01:07:35 | INFO: Draco encoder: Encoding mesh Canopy sprays 0278.
01:07:35 | INFO: Draco encoder: Encoding mesh Canopy sprays 0279.
01:07:35 | INFO: Draco encoder: Encoding mesh Canopy sprays 0280.
01:07:35 | INFO: Draco encoder: Encoding mesh Canopy sprays 0281.
01:07:35 | INFO: Draco encoder: Encoding mesh Canopy sprays 0282.
01:07:35 | INFO: Draco encoder: Encoding mesh Canopy sprays 0283.
01:07:35 | INFO: Draco encoder: Encoding mesh Canopy sprays 0284.
01:07:35 | INFO: Draco encoder: Encoding mesh Canopy sprays 0285.
01:07:35 | INFO: Draco encoder: Encoding mesh Canopy sprays 0286.
01:07:35 | INFO: Draco encoder: Encoding mesh Canopy sprays 0287.
01:07:35 | INFO: Draco encoder: Encoding mesh Canopy sprays 0288.
01:07:35 | INFO: Draco encoder: Encoding mesh Canopy sprays 0289.
01:07:35 | INFO: Draco encoder: Encoding mesh Canopy sprays 0290.
01:07:35 | INFO: Draco encoder: Encoding mesh Canopy sprays 0291.
01:07:35 | INFO: Draco encoder: Encoding mesh Canopy sprays 0292.
01:07:35 | INFO: Draco encoder: Encoding mesh Canopy sprays 0293.
01:07:35 | INFO: Draco encoder: Encoding mesh Canopy sprays 0294.
01:07:35 | INFO: Draco encoder: Encoding mesh Canopy sprays 0295.
01:07:35 | INFO: Draco encoder: Encoding mesh Canopy sprays 0296.
01:07:35 | INFO: Draco encoder: Encoding mesh Canopy sprays 0297.
01:07:35 | INFO: Draco encoder: Encoding mesh Canopy sprays 0298.
01:07:35 | INFO: Draco encoder: Encoding mesh Canopy sprays 0299.
01:07:35 | INFO: Draco encoder: Encoding mesh Canopy sprays 0300.
01:07:35 | INFO: Draco encoder: Encoding mesh Canopy sprays 0301.
01:07:35 | INFO: Draco encoder: Encoding mesh Canopy sprays 0302.
01:07:35 | INFO: Draco encoder: Encoding mesh Canopy sprays 0303.
01:07:35 | INFO: Draco encoder: Encoding mesh Canopy sprays 0304.
01:07:35 | INFO: Draco encoder: Encoding mesh Canopy sprays 0305.
01:07:35 | INFO: Draco encoder: Encoding mesh Canopy sprays 0306.
01:07:35 | INFO: Draco encoder: Encoding mesh Canopy sprays 0307.
01:07:35 | INFO: Draco encoder: Encoding mesh Canopy sprays 0308.
01:07:35 | INFO: Draco encoder: Encoding mesh Canopy sprays 0309.
01:07:35 | INFO: Draco encoder: Encoding mesh Canopy sprays 0310.
01:07:35 | INFO: Draco encoder: Encoding mesh Canopy sprays 0311.
01:07:35 | INFO: Draco encoder: Encoding mesh Canopy sprays 0312.
01:07:35 | INFO: Draco encoder: Encoding mesh Canopy sprays 0313.
01:07:35 | INFO: Draco encoder: Encoding mesh Canopy sprays 0314.
01:07:35 | INFO: Draco encoder: Encoding mesh Canopy sprays 0315.
01:07:35 | INFO: Draco encoder: Encoding mesh Canopy sprays 0316.
01:07:35 | INFO: Draco encoder: Encoding mesh Canopy sprays 0317.
01:07:35 | INFO: Draco encoder: Encoding mesh Canopy sprays 0318.
01:07:35 | INFO: Draco encoder: Encoding mesh Canopy sprays 0319.
01:07:35 | INFO: Draco encoder: Encoding mesh Canopy sprays 0320.
01:07:35 | INFO: Draco encoder: Encoding mesh Canopy sprays 0321.
01:07:35 | INFO: Draco encoder: Encoding mesh Canopy sprays 0322.
01:07:35 | INFO: Draco encoder: Encoding mesh Canopy sprays 0323.
01:07:35 | INFO: Draco encoder: Encoding mesh Canopy sprays 0324.
01:07:35 | INFO: Draco encoder: Encoding mesh Canopy sprays 0325.
01:07:35 | INFO: Draco encoder: Encoding mesh Canopy sprays 0326.
01:07:35 | INFO: Draco encoder: Encoding mesh Canopy sprays 0327.
01:07:35 | INFO: Draco encoder: Encoding mesh Canopy sprays 0328.
01:07:35 | INFO: Draco encoder: Encoding mesh Canopy sprays 0329.
01:07:35 | INFO: Draco encoder: Encoding mesh Canopy sprays 0330.
01:07:35 | INFO: Draco encoder: Encoding mesh Canopy sprays 0331.
01:07:35 | INFO: Draco encoder: Encoding mesh Canopy sprays 0332.
01:07:35 | INFO: Draco encoder: Encoding mesh Canopy sprays 0333.
01:07:35 | INFO: Draco encoder: Encoding mesh Canopy sprays 0334.
01:07:35 | INFO: Draco encoder: Encoding mesh Canopy sprays 0335.
01:07:35 | INFO: Draco encoder: Encoding mesh Canopy sprays 0336.
01:07:35 | INFO: Draco encoder: Encoding mesh Canopy sprays 0337.
01:07:35 | INFO: Draco encoder: Encoding mesh Canopy sprays 0338.
01:07:35 | INFO: Draco encoder: Encoding mesh Canopy sprays 0339.
01:07:35 | INFO: Draco encoder: Encoding mesh Canopy sprays 0340.
01:07:35 | INFO: Draco encoder: Encoding mesh Canopy sprays 0341.
01:07:35 | INFO: Draco encoder: Encoding mesh Canopy sprays 0342.
01:07:35 | INFO: Draco encoder: Encoding mesh Canopy sprays 0343.
01:07:35 | INFO: Draco encoder: Encoding mesh Canopy sprays 0344.
01:07:35 | INFO: Draco encoder: Encoding mesh Canopy sprays 0345.
01:07:35 | INFO: Draco encoder: Encoding mesh Canopy sprays 0346.
01:07:35 | INFO: Draco encoder: Encoding mesh Canopy sprays 0347.
01:07:35 | INFO: Draco encoder: Encoding mesh Canopy sprays 0348.
01:07:35 | INFO: Draco encoder: Encoding mesh Canopy sprays 0349.
01:07:35 | INFO: Draco encoder: Encoding mesh Canopy sprays 0350.
01:07:35 | INFO: Draco encoder: Encoding mesh Canopy sprays 0351.
01:07:35 | INFO: Draco encoder: Encoding mesh Canopy sprays 0352.
01:07:35 | INFO: Draco encoder: Encoding mesh Canopy sprays 0353.
01:07:35 | INFO: Draco encoder: Encoding mesh Canopy sprays 0354.
01:07:35 | INFO: Draco encoder: Encoding mesh Canopy sprays 0355.
01:07:35 | INFO: Draco encoder: Encoding mesh Canopy sprays 0356.
01:07:35 | INFO: Draco encoder: Encoding mesh Canopy sprays 0357.
01:07:35 | INFO: Draco encoder: Encoding mesh Canopy sprays 0358.
01:07:35 | INFO: Draco encoder: Encoding mesh Canopy sprays 0359.
01:07:35 | INFO: Draco encoder: Encoding mesh Canopy sprays 0360.
01:07:35 | INFO: Draco encoder: Encoding mesh Canopy sprays 0361.
01:07:35 | INFO: Draco encoder: Encoding mesh Canopy sprays 0362.
01:07:35 | INFO: Draco encoder: Encoding mesh Canopy sprays 0363.
01:07:35 | INFO: Draco encoder: Encoding mesh Canopy sprays 0364.
01:07:35 | INFO: Draco encoder: Encoding mesh Canopy sprays 0365.
01:07:35 | INFO: Draco encoder: Encoding mesh Canopy sprays 0366.
01:07:35 | INFO: Draco encoder: Encoding mesh Canopy sprays 0367.
01:07:35 | INFO: Draco encoder: Encoding mesh Canopy sprays 0368.
01:07:35 | INFO: Draco encoder: Encoding mesh Canopy sprays 0369.
01:07:35 | INFO: Draco encoder: Encoding mesh Canopy sprays 0370.
01:07:35 | INFO: Draco encoder: Encoding mesh Canopy sprays 0371.
01:07:35 | INFO: Draco encoder: Encoding mesh Canopy sprays 0372.
01:07:35 | INFO: Draco encoder: Encoding mesh Canopy sprays 0373.
01:07:35 | INFO: Draco encoder: Encoding mesh Canopy sprays 0374.
01:07:35 | INFO: Draco encoder: Encoding mesh Canopy sprays 0375.
01:07:35 | INFO: Draco encoder: Encoding mesh Canopy sprays 0376.
01:07:35 | INFO: Draco encoder: Encoding mesh Canopy sprays 0377.
01:07:35 | INFO: Draco encoder: Encoding mesh Canopy sprays 0378.
01:07:35 | INFO: Draco encoder: Encoding mesh Canopy sprays 0379.
01:07:35 | INFO: Draco encoder: Encoding mesh Canopy sprays 0380.
01:07:35 | INFO: Draco encoder: Encoding mesh Canopy sprays 0381.
01:07:35 | INFO: Draco encoder: Encoding mesh Canopy sprays 0382.
01:07:35 | INFO: Draco encoder: Encoding mesh Canopy sprays 0383.
01:07:35 | INFO: Draco encoder: Encoding mesh Canopy sprays 0384.
01:07:35 | INFO: Draco encoder: Encoding mesh Canopy sprays 0385.
01:07:35 | INFO: Draco encoder: Encoding mesh Canopy sprays 0386.
01:07:35 | INFO: Draco encoder: Encoding mesh Canopy sprays 0387.
01:07:35 | INFO: Draco encoder: Encoding mesh Canopy sprays 0388.
01:07:35 | INFO: Draco encoder: Encoding mesh Canopy sprays 0389.
01:07:35 | INFO: Draco encoder: Encoding mesh Canopy sprays 0390.
01:07:35 | INFO: Draco encoder: Encoding mesh Canopy sprays 0391.
01:07:35 | INFO: Draco encoder: Encoding mesh Canopy sprays 0392.
01:07:35 | INFO: Draco encoder: Encoding mesh Canopy sprays 0393.
01:07:35 | INFO: Draco encoder: Encoding mesh Canopy sprays 0394.
01:07:35 | INFO: Draco encoder: Encoding mesh Canopy sprays 0395.
01:07:35 | INFO: Draco encoder: Encoding mesh Canopy sprays 0396.
01:07:35 | INFO: Draco encoder: Encoding mesh Canopy sprays 0397.
01:07:35 | INFO: Draco encoder: Encoding mesh Canopy sprays 0398.
01:07:35 | INFO: Draco encoder: Encoding mesh Canopy sprays 0399.
01:07:35 | INFO: Draco encoder: Encoding mesh Canopy sprays 0400.
01:07:35 | INFO: Draco encoder: Encoding mesh Canopy sprays 0401.
01:07:35 | INFO: Draco encoder: Encoding mesh Canopy sprays 0402.
01:07:35 | INFO: Draco encoder: Encoding mesh Canopy sprays 0403.
01:07:35 | INFO: Draco encoder: Encoding mesh Canopy sprays 0404.
01:07:35 | INFO: Draco encoder: Encoding mesh Canopy sprays 0405.
01:07:35 | INFO: Draco encoder: Encoding mesh Canopy sprays 0406.
01:07:35 | INFO: Draco encoder: Encoding mesh Canopy sprays 0407.
01:07:35 | INFO: Draco encoder: Encoding mesh Canopy sprays 0408.
01:07:35 | INFO: Draco encoder: Encoding mesh Canopy sprays 0409.
01:07:35 | INFO: Draco encoder: Encoding mesh Canopy sprays 0410.
01:07:35 | INFO: Draco encoder: Encoding mesh Canopy sprays 0411.
01:07:35 | INFO: Draco encoder: Encoding mesh Canopy sprays 0412.
01:07:35 | INFO: Draco encoder: Encoding mesh Canopy sprays 0413.
01:07:35 | INFO: Draco encoder: Encoding mesh Canopy sprays 0414.
01:07:35 | INFO: Draco encoder: Encoding mesh Canopy sprays 0415.
01:07:35 | INFO: Draco encoder: Encoding mesh Canopy sprays 0416.
01:07:35 | INFO: Draco encoder: Encoding mesh Canopy sprays 0417.
01:07:35 | INFO: Draco encoder: Encoding mesh Canopy sprays 0418.
01:07:35 | INFO: Draco encoder: Encoding mesh Canopy sprays 0419.
01:07:35 | INFO: Draco encoder: Encoding mesh Canopy sprays 0420.
01:07:35 | INFO: Draco encoder: Encoding mesh Canopy sprays 0421.
01:07:35 | INFO: Draco encoder: Encoding mesh Canopy sprays 0422.
01:07:35 | INFO: Draco encoder: Encoding mesh Canopy sprays 0423.
01:07:35 | INFO: Draco encoder: Encoding mesh Canopy sprays 0424.
01:07:35 | INFO: Draco encoder: Encoding mesh Canopy sprays 0425.
01:07:35 | INFO: Draco encoder: Encoding mesh Canopy sprays 0426.
01:07:35 | INFO: Draco encoder: Encoding mesh Canopy sprays 0427.
01:07:35 | INFO: Draco encoder: Encoding mesh Canopy sprays 0428.
01:07:35 | INFO: Draco encoder: Encoding mesh Canopy sprays 0429.
01:07:35 | INFO: Draco encoder: Encoding mesh Canopy sprays 0430.
01:07:35 | INFO: Draco encoder: Encoding mesh Canopy sprays 0431.
01:07:35 | INFO: Draco encoder: Encoding mesh Canopy sprays 0432.
01:07:35 | INFO: Draco encoder: Encoding mesh Canopy sprays 0433.
01:07:35 | INFO: Draco encoder: Encoding mesh Canopy sprays 0434.
01:07:35 | INFO: Draco encoder: Encoding mesh Canopy sprays 0435.
01:07:35 | INFO: Draco encoder: Encoding mesh Canopy sprays 0436.
01:07:35 | INFO: Draco encoder: Encoding mesh Canopy sprays 0437.
01:07:35 | INFO: Draco encoder: Encoding mesh Canopy sprays 0438.
01:07:35 | INFO: Draco encoder: Encoding mesh Canopy sprays 0439.
01:07:35 | INFO: Draco encoder: Encoding mesh Canopy sprays 0440.
01:07:35 | INFO: Draco encoder: Encoding mesh Canopy sprays 0441.
01:07:35 | INFO: Draco encoder: Encoding mesh Canopy sprays 0442.
01:07:35 | INFO: Draco encoder: Encoding mesh Canopy sprays 0443.
01:07:35 | INFO: Draco encoder: Encoding mesh Canopy sprays 0444.
01:07:35 | INFO: Draco encoder: Encoding mesh Canopy sprays 0445.
01:07:35 | INFO: Draco encoder: Encoding mesh Canopy sprays 0446.
01:07:35 | INFO: Draco encoder: Encoding mesh Canopy sprays 0447.
01:07:35 | INFO: Draco encoder: Encoding mesh Canopy sprays 0448.
01:07:35 | INFO: Draco encoder: Encoding mesh Canopy sprays 0449.
01:07:35 | INFO: Draco encoder: Encoding mesh Canopy sprays 0450.
01:07:35 | INFO: Draco encoder: Encoding mesh Canopy sprays 0451.
01:07:35 | INFO: Draco encoder: Encoding mesh Canopy sprays 0452.
01:07:35 | INFO: Draco encoder: Encoding mesh Canopy sprays 0453.
01:07:35 | INFO: Draco encoder: Encoding mesh Canopy sprays 0454.
01:07:35 | INFO: Draco encoder: Encoding mesh Canopy sprays 0455.
01:07:35 | INFO: Draco encoder: Encoding mesh Canopy sprays 0456.
01:07:35 | INFO: Draco encoder: Encoding mesh Canopy sprays 0457.
01:07:35 | INFO: Draco encoder: Encoding mesh Canopy sprays 0458.
01:07:35 | INFO: Draco encoder: Encoding mesh Canopy sprays 0459.
01:07:35 | INFO: Draco encoder: Encoding mesh Canopy sprays 0460.
01:07:35 | INFO: Draco encoder: Encoding mesh Canopy sprays 0461.
01:07:35 | INFO: Draco encoder: Encoding mesh Canopy sprays 0462.
01:07:35 | INFO: Draco encoder: Encoding mesh Canopy sprays 0463.
01:07:35 | INFO: Draco encoder: Encoding mesh Canopy sprays 0464.
01:07:35 | INFO: Draco encoder: Encoding mesh Canopy sprays 0465.
01:07:35 | INFO: Draco encoder: Encoding mesh Canopy sprays 0466.
01:07:35 | INFO: Draco encoder: Encoding mesh Canopy sprays 0467.
01:07:35 | INFO: Draco encoder: Encoding mesh Canopy sprays 0468.
01:07:35 | INFO: Draco encoder: Encoding mesh Canopy sprays 0469.
01:07:35 | INFO: Draco encoder: Encoding mesh Canopy sprays 0470.
01:07:35 | INFO: Draco encoder: Encoding mesh Canopy sprays 0471.
01:07:35 | INFO: Draco encoder: Encoding mesh Canopy sprays 0472.
01:07:35 | INFO: Draco encoder: Encoding mesh Canopy sprays 0473.
01:07:35 | INFO: Draco encoder: Encoding mesh Canopy sprays 0474.
01:07:35 | INFO: Draco encoder: Encoding mesh Canopy sprays 0475.
01:07:35 | INFO: Draco encoder: Encoding mesh Canopy sprays 0476.
01:07:35 | INFO: Draco encoder: Encoding mesh Canopy sprays 0477.
01:07:35 | INFO: Draco encoder: Encoding mesh Canopy sprays 0478.
01:07:35 | INFO: Draco encoder: Encoding mesh Canopy sprays 0479.
01:07:35 | INFO: Draco encoder: Encoding mesh Canopy sprays 0480.
01:07:35 | INFO: Draco encoder: Encoding mesh Canopy sprays 0481.
01:07:35 | INFO: Draco encoder: Encoding mesh Canopy sprays 0482.
01:07:35 | INFO: Draco encoder: Encoding mesh Canopy sprays 0483.
01:07:35 | INFO: Draco encoder: Encoding mesh Canopy sprays 0484.
01:07:35 | INFO: Draco encoder: Encoding mesh Canopy sprays 0485.
01:07:35 | INFO: Draco encoder: Encoding mesh Canopy sprays 0486.
01:07:35 | INFO: Draco encoder: Encoding mesh Canopy sprays 0487.
01:07:35 | INFO: Draco encoder: Encoding mesh Canopy sprays 0488.
01:07:35 | INFO: Draco encoder: Encoding mesh Canopy sprays 0489.
01:07:35 | INFO: Draco encoder: Encoding mesh Canopy sprays 0490.
01:07:35 | INFO: Draco encoder: Encoding mesh Canopy sprays 0491.
01:07:35 | INFO: Draco encoder: Encoding mesh Canopy sprays 0492.
01:07:35 | INFO: Draco encoder: Encoding mesh Canopy sprays 0493.
01:07:35 | INFO: Draco encoder: Encoding mesh Canopy sprays 0494.
01:07:35 | INFO: Draco encoder: Encoding mesh Canopy sprays 0495.
01:07:35 | INFO: Draco encoder: Encoding mesh Canopy sprays 0496.
01:07:35 | INFO: Draco encoder: Encoding mesh Canopy sprays 0497.
01:07:35 | INFO: Draco encoder: Encoding mesh Canopy sprays 0498.
01:07:35 | INFO: Draco encoder: Encoding mesh Canopy sprays 0499.
01:07:35 | INFO: Draco encoder: Encoding mesh Canopy sprays 0500.
01:07:35 | INFO: Draco encoder: Encoding mesh Canopy sprays 0501.
01:07:35 | INFO: Draco encoder: Encoding mesh Canopy sprays 0502.
01:07:35 | INFO: Draco encoder: Encoding mesh Canopy sprays 0503.
01:07:35 | INFO: Draco encoder: Encoding mesh Canopy sprays 0504.
01:07:35 | INFO: Draco encoder: Encoding mesh Canopy sprays 0505.
01:07:35 | INFO: Draco encoder: Encoding mesh Canopy sprays 0506.
01:07:35 | INFO: Draco encoder: Encoding mesh Canopy sprays 0507.
01:07:35 | INFO: Draco encoder: Encoding mesh Canopy sprays 0508.
01:07:35 | INFO: Draco encoder: Encoding mesh Canopy sprays 0509.
01:07:35 | INFO: Draco encoder: Encoding mesh Canopy sprays 0510.
01:07:35 | INFO: Draco encoder: Encoding mesh Canopy sprays 0511.
01:07:35 | INFO: Draco encoder: Encoding mesh Canopy sprays 0512.
01:07:35 | INFO: Draco encoder: Encoding mesh Canopy sprays 0513.
01:07:35 | INFO: Draco encoder: Encoding mesh Canopy sprays 0514.
01:07:35 | INFO: Draco encoder: Encoding mesh Canopy sprays 0515.
01:07:35 | INFO: Draco encoder: Encoding mesh Canopy sprays 0516.
01:07:35 | INFO: Draco encoder: Encoding mesh Canopy sprays 0517.
01:07:35 | INFO: Draco encoder: Encoding mesh Canopy sprays 0518.
01:07:35 | INFO: Draco encoder: Encoding mesh Canopy sprays 0519.
01:07:35 | INFO: Draco encoder: Encoding mesh Canopy sprays 0520.
01:07:35 | INFO: Draco encoder: Encoding mesh Canopy sprays 0521.
01:07:35 | INFO: Draco encoder: Encoding mesh Canopy sprays 0522.
01:07:35 | INFO: Draco encoder: Encoding mesh Canopy sprays 0523.
01:07:35 | INFO: Draco encoder: Encoding mesh Canopy sprays 0524.
01:07:35 | INFO: Draco encoder: Encoding mesh Canopy sprays 0525.
01:07:35 | INFO: Draco encoder: Encoding mesh Canopy sprays 0526.
01:07:35 | INFO: Draco encoder: Encoding mesh Canopy sprays 0527.
01:07:35 | INFO: Draco encoder: Encoding mesh Canopy sprays 0528.
01:07:35 | INFO: Draco encoder: Encoding mesh Canopy sprays 0529.
01:07:35 | INFO: Draco encoder: Encoding mesh Canopy sprays 0530.
01:07:35 | INFO: Draco encoder: Encoding mesh Canopy sprays 0531.
01:07:35 | INFO: Draco encoder: Encoding mesh Canopy sprays 0532.
01:07:35 | INFO: Draco encoder: Encoding mesh Canopy sprays 0533.
01:07:35 | INFO: Draco encoder: Encoding mesh Canopy sprays 0534.
01:07:35 | INFO: Draco encoder: Encoding mesh Canopy sprays 0535.
01:07:35 | INFO: Draco encoder: Encoding mesh Canopy sprays 0536.
01:07:35 | INFO: Draco encoder: Encoding mesh Canopy sprays 0537.
01:07:35 | INFO: Draco encoder: Encoding mesh Canopy sprays 0538.
01:07:35 | INFO: Draco encoder: Encoding mesh Canopy sprays 0539.
01:07:35 | INFO: Draco encoder: Encoding mesh Canopy sprays 0540.
01:07:35 | INFO: Draco encoder: Encoding mesh Canopy sprays 0541.
01:07:35 | INFO: Draco encoder: Encoding mesh Canopy sprays 0542.
01:07:35 | INFO: Draco encoder: Encoding mesh Canopy sprays 0543.
01:07:35 | INFO: Draco encoder: Encoding mesh Canopy sprays 0544.
01:07:35 | INFO: Draco encoder: Encoding mesh Canopy sprays 0545.
01:07:35 | INFO: Draco encoder: Encoding mesh Canopy sprays 0546.
01:07:35 | INFO: Draco encoder: Encoding mesh Canopy sprays 0547.
01:07:35 | INFO: Draco encoder: Encoding mesh Canopy sprays 0548.
01:07:35 | INFO: Draco encoder: Encoding mesh Canopy sprays 0549.
01:07:35 | INFO: Draco encoder: Encoding mesh Canopy sprays 0550.
01:07:35 | INFO: Draco encoder: Encoding mesh Canopy sprays 0551.
01:07:35 | INFO: Draco encoder: Encoding mesh Canopy sprays 0552.
01:07:35 | INFO: Draco encoder: Encoding mesh Canopy sprays 0553.
01:07:35 | INFO: Draco encoder: Encoding mesh Canopy sprays 0554.
01:07:35 | INFO: Draco encoder: Encoding mesh Canopy sprays 0555.
01:07:35 | INFO: Draco encoder: Encoding mesh Canopy sprays 0556.
01:07:35 | INFO: Draco encoder: Encoding mesh Canopy sprays 0557.
01:07:35 | INFO: Draco encoder: Encoding mesh Canopy sprays 0558.
01:07:35 | INFO: Draco encoder: Encoding mesh Canopy sprays 0559.
01:07:35 | INFO: Draco encoder: Encoding mesh Canopy sprays 0560.
01:07:35 | INFO: Draco encoder: Encoding mesh Canopy sprays 0561.
01:07:35 | INFO: Draco encoder: Encoding mesh Canopy sprays 0562.
01:07:35 | INFO: Draco encoder: Encoding mesh Canopy sprays 0563.
01:07:35 | INFO: Draco encoder: Encoding mesh Canopy sprays 0564.
01:07:35 | INFO: Draco encoder: Encoding mesh Canopy sprays 0565.
01:07:35 | INFO: Draco encoder: Encoding mesh Canopy sprays 0566.
01:07:35 | INFO: Draco encoder: Encoding mesh Canopy sprays 0567.
01:07:35 | INFO: Draco encoder: Encoding mesh Canopy sprays 0568.
01:07:35 | INFO: Draco encoder: Encoding mesh Canopy sprays 0569.
01:07:35 | INFO: Draco encoder: Encoding mesh Canopy sprays 0570.
01:07:35 | INFO: Draco encoder: Encoding mesh Canopy sprays 0571.
01:07:35 | INFO: Draco encoder: Encoding mesh Canopy sprays 0572.
01:07:35 | INFO: Draco encoder: Encoding mesh Canopy sprays 0573.
01:07:35 | INFO: Draco encoder: Encoding mesh Canopy sprays 0574.
01:07:35 | INFO: Draco encoder: Encoding mesh Canopy sprays 0575.
01:07:35 | INFO: Draco encoder: Encoding mesh Canopy sprays 0576.
01:07:35 | INFO: Draco encoder: Encoding mesh Canopy sprays 0577.
01:07:35 | INFO: Draco encoder: Encoding mesh Canopy sprays 0578.
01:07:35 | INFO: Draco encoder: Encoding mesh Canopy sprays 0579.
01:07:35 | INFO: Draco encoder: Encoding mesh Canopy sprays 0580.
01:07:35 | INFO: Draco encoder: Encoding mesh Canopy sprays 0581.
01:07:35 | INFO: Draco encoder: Encoding mesh Canopy sprays 0582.
01:07:35 | INFO: Draco encoder: Encoding mesh Canopy sprays 0583.
01:07:35 | INFO: Draco encoder: Encoding mesh Canopy sprays 0584.
01:07:35 | INFO: Draco encoder: Encoding mesh Canopy sprays 0585.
01:07:35 | INFO: Draco encoder: Encoding mesh Canopy sprays 0586.
01:07:35 | INFO: Draco encoder: Encoding mesh Canopy sprays 0587.
01:07:35 | INFO: Draco encoder: Encoding mesh Canopy sprays 0588.
01:07:35 | INFO: Draco encoder: Encoding mesh Canopy sprays 0589.
01:07:35 | INFO: Draco encoder: Encoding mesh Canopy sprays 0590.
01:07:35 | INFO: Draco encoder: Encoding mesh Canopy sprays 0591.
01:07:35 | INFO: Draco encoder: Encoding mesh Canopy sprays 0592.
01:07:35 | INFO: Draco encoder: Encoding mesh Canopy sprays 0593.
01:07:35 | INFO: Draco encoder: Encoding mesh Canopy sprays 0594.
01:07:35 | INFO: Draco encoder: Encoding mesh Canopy sprays 0595.
01:07:35 | INFO: Draco encoder: Encoding mesh Canopy sprays 0596.
01:07:35 | INFO: Draco encoder: Encoding mesh Canopy sprays 0597.
01:07:35 | INFO: Draco encoder: Encoding mesh Canopy sprays 0598.
01:07:35 | INFO: Draco encoder: Encoding mesh Canopy sprays 0599.
01:07:35 | INFO: Draco encoder: Encoding mesh Canopy sprays 0600.
01:07:35 | INFO: Draco encoder: Encoding mesh Canopy sprays 0601.
01:07:35 | INFO: Draco encoder: Encoding mesh Canopy sprays 0602.
01:07:35 | INFO: Draco encoder: Encoding mesh Canopy sprays 0603.
01:07:35 | INFO: Draco encoder: Encoding mesh Canopy sprays 0604.
01:07:35 | INFO: Draco encoder: Encoding mesh Canopy sprays 0605.
01:07:35 | INFO: Draco encoder: Encoding mesh Canopy sprays 0606.
01:07:35 | INFO: Draco encoder: Encoding mesh Canopy sprays 0607.
01:07:35 | INFO: Draco encoder: Encoding mesh Canopy sprays 0608.
01:07:35 | INFO: Draco encoder: Encoding mesh Canopy sprays 0609.
01:07:35 | INFO: Draco encoder: Encoding mesh Canopy sprays 0610.
01:07:35 | INFO: Draco encoder: Encoding mesh Canopy sprays 0611.
01:07:35 | INFO: Draco encoder: Encoding mesh Canopy sprays 0612.
01:07:35 | INFO: Draco encoder: Encoding mesh Canopy sprays 0613.
01:07:35 | INFO: Draco encoder: Encoding mesh Canopy sprays 0614.
01:07:35 | INFO: Draco encoder: Encoding mesh Canopy sprays 0615.
01:07:35 | INFO: Draco encoder: Encoding mesh Canopy sprays 0616.
01:07:35 | INFO: Draco encoder: Encoding mesh Canopy sprays 0617.
01:07:35 | INFO: Draco encoder: Encoding mesh Canopy sprays 0618.
01:07:35 | INFO: Draco encoder: Encoding mesh Canopy sprays 0619.
01:07:35 | INFO: Draco encoder: Encoding mesh Canopy sprays 0620.
01:07:35 | INFO: Draco encoder: Encoding mesh Canopy sprays 0621.
01:07:35 | INFO: Draco encoder: Encoding mesh Canopy sprays 0622.
01:07:35 | INFO: Draco encoder: Encoding mesh Canopy sprays 0623.
01:07:35 | INFO: Draco encoder: Encoding mesh Canopy sprays 0624.
01:07:35 | INFO: Draco encoder: Encoding mesh Canopy sprays 0625.
01:07:35 | INFO: Draco encoder: Encoding mesh Canopy sprays 0626.
01:07:35 | INFO: Draco encoder: Encoding mesh Canopy sprays 0627.
01:07:35 | INFO: Draco encoder: Encoding mesh Canopy sprays 0628.
01:07:35 | INFO: Draco encoder: Encoding mesh Canopy sprays 0629.
01:07:35 | INFO: Draco encoder: Encoding mesh Canopy sprays 0630.
01:07:35 | INFO: Draco encoder: Encoding mesh Canopy sprays 0631.
01:07:35 | INFO: Draco encoder: Encoding mesh Canopy sprays 0632.
01:07:35 | INFO: Draco encoder: Encoding mesh Canopy sprays 0633.
01:07:35 | INFO: Draco encoder: Encoding mesh Canopy sprays 0634.
01:07:35 | INFO: Draco encoder: Encoding mesh Canopy sprays 0635.
01:07:35 | INFO: Draco encoder: Encoding mesh Canopy sprays 0636.
01:07:35 | INFO: Draco encoder: Encoding mesh Canopy sprays 0637.
01:07:35 | INFO: Draco encoder: Encoding mesh Canopy sprays 0638.
01:07:35 | INFO: Draco encoder: Encoding mesh Canopy sprays 0639.
01:07:35 | INFO: Draco encoder: Encoding mesh Canopy sprays 0640.
01:07:35 | INFO: Draco encoder: Encoding mesh Canopy sprays 0641.
01:07:35 | INFO: Draco encoder: Encoding mesh Canopy sprays 0642.
01:07:35 | INFO: Draco encoder: Encoding mesh Canopy sprays 0643.
01:07:35 | INFO: Draco encoder: Encoding mesh Canopy sprays 0644.
01:07:35 | INFO: Draco encoder: Encoding mesh Canopy sprays 0645.
01:07:35 | INFO: Draco encoder: Encoding mesh Canopy sprays 0646.
01:07:35 | INFO: Draco encoder: Encoding mesh Canopy sprays 0647.
01:07:35 | INFO: Draco encoder: Encoding mesh Canopy sprays 0648.
01:07:35 | INFO: Draco encoder: Encoding mesh Canopy sprays 0649.
01:07:35 | INFO: Draco encoder: Encoding mesh Canopy sprays 0650.
01:07:35 | INFO: Draco encoder: Encoding mesh Canopy sprays 0651.
01:07:35 | INFO: Draco encoder: Encoding mesh Canopy sprays 0652.
01:07:35 | INFO: Draco encoder: Encoding mesh Canopy sprays 0653.
01:07:35 | INFO: Draco encoder: Encoding mesh Canopy sprays 0654.
01:07:35 | INFO: Draco encoder: Encoding mesh Canopy sprays 0655.
01:07:35 | INFO: Draco encoder: Encoding mesh Canopy sprays 0656.
01:07:35 | INFO: Draco encoder: Encoding mesh Canopy sprays 0657.
01:07:35 | INFO: Draco encoder: Encoding mesh Canopy sprays 0658.
01:07:35 | INFO: Draco encoder: Encoding mesh Canopy sprays 0659.
01:07:35 | INFO: Draco encoder: Encoding mesh Canopy sprays 0660.
01:07:35 | INFO: Draco encoder: Encoding mesh Canopy sprays 0661.
01:07:35 | INFO: Draco encoder: Encoding mesh Canopy sprays 0662.
01:07:35 | INFO: Draco encoder: Encoding mesh Canopy sprays 0663.
01:07:35 | INFO: Draco encoder: Encoding mesh Canopy sprays 0664.
01:07:35 | INFO: Draco encoder: Encoding mesh Canopy sprays 0665.
01:07:35 | INFO: Draco encoder: Encoding mesh Canopy sprays 0666.
01:07:35 | INFO: Draco encoder: Encoding mesh Canopy sprays 0667.
01:07:35 | INFO: Draco encoder: Encoding mesh Canopy sprays 0668.
01:07:35 | INFO: Draco encoder: Encoding mesh Canopy sprays 0669.
01:07:35 | INFO: Draco encoder: Encoding mesh Canopy sprays 0670.
01:07:35 | INFO: Draco encoder: Encoding mesh Canopy sprays 0671.
01:07:35 | INFO: Draco encoder: Encoding mesh Canopy sprays 0672.
01:07:35 | INFO: Draco encoder: Encoding mesh Canopy sprays 0673.
01:07:35 | INFO: Draco encoder: Encoding mesh Canopy sprays 0674.
01:07:35 | INFO: Draco encoder: Encoding mesh Canopy sprays 0675.
01:07:35 | INFO: Draco encoder: Encoding mesh Canopy sprays 0676.
01:07:35 | INFO: Draco encoder: Encoding mesh Canopy sprays 0677.
01:07:35 | INFO: Draco encoder: Encoding mesh Canopy sprays 0678.
01:07:35 | INFO: Draco encoder: Encoding mesh Canopy sprays 0679.
01:07:35 | INFO: Draco encoder: Encoding mesh Canopy sprays 0680.
01:07:35 | INFO: Draco encoder: Encoding mesh Canopy sprays 0681.
01:07:35 | INFO: Draco encoder: Encoding mesh Canopy sprays 0682.
01:07:35 | INFO: Draco encoder: Encoding mesh Canopy sprays 0683.
01:07:35 | INFO: Draco encoder: Encoding mesh Canopy sprays 0684.
01:07:35 | INFO: Draco encoder: Encoding mesh Canopy sprays 0685.
01:07:35 | INFO: Draco encoder: Encoding mesh Canopy sprays 0686.
01:07:35 | INFO: Draco encoder: Encoding mesh Canopy sprays 0687.
01:07:35 | INFO: Draco encoder: Encoding mesh Canopy sprays 0688.
01:07:35 | INFO: Draco encoder: Encoding mesh Canopy sprays 0689.
01:07:35 | INFO: Draco encoder: Encoding mesh Canopy sprays 0690.
01:07:35 | INFO: Draco encoder: Encoding mesh Canopy sprays 0691.
01:07:35 | INFO: Draco encoder: Encoding mesh Canopy sprays 0692.
01:07:35 | INFO: Draco encoder: Encoding mesh Canopy sprays 0693.
01:07:35 | INFO: Draco encoder: Encoding mesh Canopy sprays 0694.
01:07:35 | INFO: Draco encoder: Encoding mesh Canopy sprays 0695.
01:07:35 | INFO: Draco encoder: Encoding mesh Canopy sprays 0696.
01:07:35 | INFO: Draco encoder: Encoding mesh Canopy sprays 0697.
01:07:35 | INFO: Draco encoder: Encoding mesh Canopy sprays 0698.
01:07:35 | INFO: Draco encoder: Encoding mesh Canopy sprays 0699.
01:07:35 | INFO: Draco encoder: Encoding mesh Canopy sprays 0700.
01:07:35 | INFO: Draco encoder: Encoding mesh Canopy sprays 0701.
01:07:35 | INFO: Draco encoder: Encoding mesh Canopy sprays 0702.
01:07:35 | INFO: Draco encoder: Encoding mesh Canopy sprays 0703.
01:07:35 | INFO: Draco encoder: Encoding mesh Canopy sprays 0704.
01:07:35 | INFO: Draco encoder: Encoding mesh Canopy sprays 0705.
01:07:35 | INFO: Draco encoder: Encoding mesh Canopy sprays 0706.
01:07:35 | INFO: Draco encoder: Encoding mesh Canopy sprays 0707.
01:07:35 | INFO: Draco encoder: Encoding mesh Canopy sprays 0708.
01:07:35 | INFO: Draco encoder: Encoding mesh Canopy sprays 0709.
01:07:35 | INFO: Draco encoder: Encoding mesh Canopy sprays 0710.
01:07:35 | INFO: Draco encoder: Encoding mesh Canopy sprays 0711.
01:07:35 | INFO: Draco encoder: Encoding mesh Canopy sprays 0712.
01:07:35 | INFO: Draco encoder: Encoding mesh Canopy sprays 0713.
01:07:35 | INFO: Draco encoder: Encoding mesh Canopy sprays 0714.
01:07:35 | INFO: Draco encoder: Encoding mesh Canopy sprays 0715.
01:07:35 | INFO: Draco encoder: Encoding mesh Canopy sprays 0716.
01:07:35 | INFO: Draco encoder: Encoding mesh Canopy sprays 0717.
01:07:35 | INFO: Draco encoder: Encoding mesh Canopy sprays 0718.
01:07:35 | INFO: Draco encoder: Encoding mesh Canopy sprays 0719.
01:07:35 | INFO: Draco encoder: Encoding mesh Canopy sprays 0720.
01:07:35 | INFO: Draco encoder: Encoding mesh Canopy sprays 0721.
01:07:35 | INFO: Draco encoder: Encoding mesh Canopy sprays 0722.
01:07:35 | INFO: Draco encoder: Encoding mesh Canopy sprays 0723.
01:07:35 | INFO: Draco encoder: Encoding mesh Canopy sprays 0724.
01:07:35 | INFO: Draco encoder: Encoding mesh Canopy sprays 0725.
01:07:35 | INFO: Draco encoder: Encoding mesh Canopy sprays 0726.
01:07:35 | INFO: Draco encoder: Encoding mesh Canopy sprays 0727.
01:07:35 | INFO: Draco encoder: Encoding mesh Canopy sprays 0728.
01:07:35 | INFO: Draco encoder: Encoding mesh Canopy sprays 0729.
01:07:35 | INFO: Draco encoder: Encoding mesh Canopy sprays 0730.
01:07:35 | INFO: Draco encoder: Encoding mesh Canopy sprays 0731.
01:07:35 | INFO: Draco encoder: Encoding mesh Canopy sprays 0732.
01:07:35 | INFO: Draco encoder: Encoding mesh Canopy sprays 0733.
01:07:35 | INFO: Draco encoder: Encoding mesh Canopy sprays 0734.
01:07:35 | INFO: Draco encoder: Encoding mesh Canopy sprays 0735.
01:07:35 | INFO: Draco encoder: Encoding mesh Canopy sprays 0736.
01:07:35 | INFO: Draco encoder: Encoding mesh Canopy sprays 0737.
01:07:35 | INFO: Draco encoder: Encoding mesh Canopy sprays 0738.
01:07:35 | INFO: Draco encoder: Encoding mesh Canopy sprays 0739.
01:07:35 | INFO: Draco encoder: Encoding mesh Canopy sprays 0740.
01:07:35 | INFO: Draco encoder: Encoding mesh Canopy sprays 0741.
01:07:35 | INFO: Draco encoder: Encoding mesh Canopy sprays 0742.
01:07:35 | INFO: Draco encoder: Encoding mesh Canopy sprays 0743.
01:07:35 | INFO: Draco encoder: Encoding mesh Canopy sprays 0744.
01:07:35 | INFO: Draco encoder: Encoding mesh Canopy sprays 0745.
01:07:35 | INFO: Draco encoder: Encoding mesh Canopy sprays 0746.
01:07:35 | INFO: Draco encoder: Encoding mesh Canopy sprays 0747.
01:07:35 | INFO: Draco encoder: Encoding mesh Canopy sprays 0748.
01:07:35 | INFO: Draco encoder: Encoding mesh Canopy sprays 0749.
01:07:35 | INFO: Draco encoder: Encoding mesh Canopy sprays 0750.
01:07:35 | INFO: Draco encoder: Encoding mesh Canopy sprays 0751.
01:07:35 | INFO: Draco encoder: Encoding mesh Canopy sprays 0752.
01:07:35 | INFO: Draco encoder: Encoding mesh Canopy sprays 0753.
01:07:35 | INFO: Draco encoder: Encoding mesh Canopy sprays 0754.
01:07:35 | INFO: Draco encoder: Encoding mesh Canopy sprays 0755.
01:07:35 | INFO: Draco encoder: Encoding mesh Canopy sprays 0756.
01:07:35 | INFO: Draco encoder: Encoding mesh Canopy sprays 0757.
01:07:35 | INFO: Draco encoder: Encoding mesh Canopy sprays 0758.
01:07:35 | INFO: Draco encoder: Encoding mesh Canopy sprays 0759.
01:07:35 | INFO: Draco encoder: Encoding mesh Canopy sprays 0760.
01:07:35 | INFO: Draco encoder: Encoding mesh Canopy sprays 0761.
01:07:35 | INFO: Draco encoder: Encoding mesh Canopy sprays 0762.
01:07:35 | INFO: Draco encoder: Encoding mesh Canopy sprays 0763.
01:07:35 | INFO: Draco encoder: Encoding mesh Canopy sprays 0764.
01:07:35 | INFO: Draco encoder: Encoding mesh Canopy sprays 0765.
01:07:35 | INFO: Draco encoder: Encoding mesh Canopy sprays 0766.
01:07:35 | INFO: Draco encoder: Encoding mesh Canopy sprays 0767.
01:07:35 | INFO: Draco encoder: Encoding mesh Canopy sprays 0768.
01:07:35 | INFO: Draco encoder: Encoding mesh Canopy sprays 0769.
01:07:35 | INFO: Draco encoder: Encoding mesh Canopy sprays 0770.
01:07:35 | INFO: Draco encoder: Encoding mesh Canopy sprays 0771.
01:07:35 | INFO: Draco encoder: Encoding mesh Canopy sprays 0772.
01:07:35 | INFO: Draco encoder: Encoding mesh Canopy sprays 0773.
01:07:35 | INFO: Draco encoder: Encoding mesh Canopy sprays 0774.
01:07:35 | INFO: Draco encoder: Encoding mesh Canopy sprays 0775.
01:07:35 | INFO: Draco encoder: Encoding mesh Canopy sprays 0776.
01:07:35 | INFO: Draco encoder: Encoding mesh Canopy sprays 0777.
01:07:35 | INFO: Draco encoder: Encoding mesh Canopy sprays 0778.
01:07:35 | INFO: Draco encoder: Encoding mesh Canopy sprays 0779.
01:07:35 | INFO: Draco encoder: Encoding mesh Canopy sprays 0780.
01:07:35 | INFO: Draco encoder: Encoding mesh Canopy sprays 0781.
01:07:35 | INFO: Draco encoder: Encoding mesh Canopy sprays 0782.
01:07:35 | INFO: Draco encoder: Encoding mesh Canopy sprays 0783.
01:07:35 | INFO: Draco encoder: Encoding mesh Canopy sprays 0784.
01:07:35 | INFO: Draco encoder: Encoding mesh Canopy sprays 0785.
01:07:35 | INFO: Draco encoder: Encoding mesh Canopy sprays 0786.
01:07:35 | INFO: Draco encoder: Encoding mesh Canopy sprays 0787.
01:07:35 | INFO: Draco encoder: Encoding mesh Canopy sprays 0788.
01:07:35 | INFO: Draco encoder: Encoding mesh Canopy sprays 0789.
01:07:35 | INFO: Draco encoder: Encoding mesh Canopy sprays 0790.
01:07:35 | INFO: Draco encoder: Encoding mesh Canopy sprays 0791.
01:07:35 | INFO: Draco encoder: Encoding mesh Canopy sprays 0792.
01:07:35 | INFO: Draco encoder: Encoding mesh Canopy sprays 0793.
01:07:35 | INFO: Draco encoder: Encoding mesh Canopy sprays 0794.
01:07:35 | INFO: Draco encoder: Encoding mesh Canopy sprays 0795.
01:07:35 | INFO: Draco encoder: Encoding mesh Canopy sprays 0796.
01:07:35 | INFO: Draco encoder: Encoding mesh Canopy sprays 0797.
01:07:35 | INFO: Draco encoder: Encoding mesh Canopy sprays 0798.
01:07:35 | INFO: Draco encoder: Encoding mesh Canopy sprays 0799.
01:07:35 | INFO: Draco encoder: Encoding mesh Canopy sprays 0800.
01:07:35 | INFO: Draco encoder: Encoding mesh Canopy sprays 0801.
01:07:35 | INFO: Draco encoder: Encoding mesh Canopy sprays 0802.
01:07:35 | INFO: Draco encoder: Encoding mesh Canopy sprays 0803.
01:07:35 | INFO: Draco encoder: Encoding mesh Canopy sprays 0804.
01:07:35 | INFO: Draco encoder: Encoding mesh Canopy sprays 0805.
01:07:35 | INFO: Draco encoder: Encoding mesh Canopy sprays 0806.
01:07:35 | INFO: Draco encoder: Encoding mesh Canopy sprays 0807.
01:07:35 | INFO: Draco encoder: Encoding mesh Canopy sprays 0808.
01:07:35 | INFO: Draco encoder: Encoding mesh Canopy sprays 0809.
01:07:35 | INFO: Draco encoder: Encoding mesh Canopy sprays 0810.
01:07:35 | INFO: Draco encoder: Encoding mesh Canopy sprays 0811.
01:07:35 | INFO: Draco encoder: Encoding mesh Canopy sprays 0812.
01:07:35 | INFO: Draco encoder: Encoding mesh Canopy sprays 0813.
01:07:35 | INFO: Draco encoder: Encoding mesh Canopy sprays 0814.
01:07:35 | INFO: Draco encoder: Encoding mesh Canopy sprays 0815.
01:07:35 | INFO: Draco encoder: Encoding mesh Canopy sprays 0816.
01:07:35 | INFO: Draco encoder: Encoding mesh Canopy sprays 0817.
01:07:35 | INFO: Draco encoder: Encoding mesh Canopy sprays 0818.
01:07:35 | INFO: Draco encoder: Encoding mesh Canopy sprays 0819.
01:07:35 | INFO: Draco encoder: Encoding mesh Canopy sprays 0820.
01:07:35 | INFO: Draco encoder: Encoding mesh Canopy sprays 0821.
01:07:35 | INFO: Draco encoder: Encoding mesh Canopy sprays 0822.
01:07:35 | INFO: Draco encoder: Encoding mesh Canopy sprays 0823.
01:07:35 | INFO: Draco encoder: Encoding mesh Canopy sprays 0824.
01:07:35 | INFO: Draco encoder: Encoding mesh Canopy sprays 0825.
01:07:35 | INFO: Draco encoder: Encoding mesh Canopy sprays 0826.
01:07:35 | INFO: Draco encoder: Encoding mesh Canopy sprays 0827.
01:07:35 | INFO: Draco encoder: Encoding mesh Canopy sprays 0828.
01:07:35 | INFO: Draco encoder: Encoding mesh Canopy sprays 0829.
01:07:35 | INFO: Draco encoder: Encoding mesh Canopy sprays 0830.
01:07:35 | INFO: Draco encoder: Encoding mesh Canopy sprays 0831.
01:07:35 | INFO: Draco encoder: Encoding mesh Canopy sprays 0832.
01:07:35 | INFO: Draco encoder: Encoding mesh Canopy sprays 0833.
01:07:35 | INFO: Draco encoder: Encoding mesh Canopy sprays 0834.
01:07:35 | INFO: Draco encoder: Encoding mesh Canopy sprays 0835.
01:07:35 | INFO: Draco encoder: Encoding mesh Canopy sprays 0836.
01:07:35 | INFO: Draco encoder: Encoding mesh Canopy sprays 0837.
01:07:35 | INFO: Draco encoder: Encoding mesh Canopy sprays 0838.
01:07:35 | INFO: Draco encoder: Encoding mesh Canopy sprays 0839.
01:07:35 | INFO: Draco encoder: Encoding mesh Canopy sprays 0840.
01:07:35 | INFO: Draco encoder: Encoding mesh Canopy sprays 0841.
01:07:35 | INFO: Draco encoder: Encoding mesh Canopy sprays 0842.
01:07:35 | INFO: Draco encoder: Encoding mesh Canopy sprays 0843.
01:07:35 | INFO: Draco encoder: Encoding mesh Canopy sprays 0844.
01:07:35 | INFO: Draco encoder: Encoding mesh Canopy sprays 0845.
01:07:35 | INFO: Draco encoder: Encoding mesh Canopy sprays 0846.
01:07:35 | INFO: Draco encoder: Encoding mesh Canopy sprays 0847.
01:07:35 | INFO: Draco encoder: Encoding mesh Canopy sprays 0848.
01:07:35 | INFO: Draco encoder: Encoding mesh Canopy sprays 0849.
01:07:35 | INFO: Draco encoder: Encoding mesh Canopy sprays 0850.
01:07:35 | INFO: Draco encoder: Encoding mesh Canopy sprays 0851.
01:07:35 | INFO: Draco encoder: Encoding mesh Canopy sprays 0852.
01:07:35 | INFO: Draco encoder: Encoding mesh Canopy sprays 0853.
01:07:35 | INFO: Draco encoder: Encoding mesh Canopy sprays 0854.
01:07:35 | INFO: Draco encoder: Encoding mesh Canopy sprays 0855.
01:07:35 | INFO: Draco encoder: Encoding mesh Canopy sprays 0856.
01:07:35 | INFO: Draco encoder: Encoding mesh Canopy sprays 0857.
01:07:35 | INFO: Draco encoder: Encoding mesh Canopy sprays 0858.
01:07:35 | INFO: Draco encoder: Encoding mesh Canopy sprays 0859.
01:07:35 | INFO: Draco encoder: Encoding mesh Canopy sprays 0860.
01:07:35 | INFO: Draco encoder: Encoding mesh Canopy sprays 0861.
01:07:35 | INFO: Draco encoder: Encoding mesh Canopy sprays 0862.
01:07:35 | INFO: Draco encoder: Encoding mesh Canopy sprays 0863.
01:07:35 | INFO: Draco encoder: Encoding mesh Canopy sprays 0864.
01:07:35 | INFO: Draco encoder: Encoding mesh Canopy sprays 0865.
01:07:35 | INFO: Draco encoder: Encoding mesh Canopy sprays 0866.
01:07:35 | INFO: Draco encoder: Encoding mesh Canopy sprays 0867.
01:07:35 | INFO: Draco encoder: Encoding mesh Canopy sprays 0868.
01:07:35 | INFO: Draco encoder: Encoding mesh Canopy sprays 0869.
01:07:35 | INFO: Draco encoder: Encoding mesh Canopy sprays 0870.
01:07:35 | INFO: Draco encoder: Encoding mesh Canopy sprays 0871.
01:07:35 | INFO: Draco encoder: Encoding mesh Canopy sprays 0872.
01:07:35 | INFO: Draco encoder: Encoding mesh Canopy sprays 0873.
01:07:35 | INFO: Draco encoder: Encoding mesh Canopy sprays 0874.
01:07:35 | INFO: Draco encoder: Encoding mesh Canopy sprays 0875.
01:07:35 | INFO: Draco encoder: Encoding mesh Canopy sprays 0876.
01:07:35 | INFO: Draco encoder: Encoding mesh Canopy sprays 0877.
01:07:35 | INFO: Draco encoder: Encoding mesh Canopy sprays 0878.
01:07:35 | INFO: Draco encoder: Encoding mesh Canopy sprays 0879.
01:07:35 | INFO: Draco encoder: Encoding mesh Canopy sprays 0880.
01:07:35 | INFO: Draco encoder: Encoding mesh Canopy sprays 0881.
01:07:35 | INFO: Draco encoder: Encoding mesh Canopy sprays 0882.
01:07:35 | INFO: Draco encoder: Encoding mesh Canopy sprays 0883.
01:07:35 | INFO: Draco encoder: Encoding mesh Canopy sprays 0884.
01:07:35 | INFO: Draco encoder: Encoding mesh Canopy sprays 0885.
01:07:35 | INFO: Draco encoder: Encoding mesh Canopy sprays 0886.
01:07:35 | INFO: Draco encoder: Encoding mesh Canopy sprays 0887.
01:07:35 | INFO: Draco encoder: Encoding mesh Canopy sprays 0888.
01:07:35 | INFO: Draco encoder: Encoding mesh Canopy sprays 0889.
01:07:35 | INFO: Draco encoder: Encoding mesh Canopy sprays 0890.
01:07:35 | INFO: Draco encoder: Encoding mesh Canopy sprays 0891.
01:07:35 | INFO: Draco encoder: Encoding mesh Canopy sprays 0892.
01:07:35 | INFO: Draco encoder: Encoding mesh Canopy sprays 0893.
01:07:35 | INFO: Draco encoder: Encoding mesh Canopy sprays 0894.
01:07:35 | INFO: Draco encoder: Encoding mesh Canopy sprays 0895.
01:07:35 | INFO: Draco encoder: Encoding mesh Canopy sprays 0896.
01:07:35 | INFO: Draco encoder: Encoding mesh Canopy sprays 0897.
01:07:35 | INFO: Draco encoder: Encoding mesh Canopy sprays 0898.
01:07:35 | INFO: Draco encoder: Encoding mesh Canopy sprays 0899.
01:07:35 | INFO: Draco encoder: Encoding mesh Canopy sprays 0900.
01:07:35 | INFO: Draco encoder: Encoding mesh Canopy sprays 0901.
01:07:35 | INFO: Draco encoder: Encoding mesh Canopy sprays 0902.
01:07:35 | INFO: Draco encoder: Encoding mesh Canopy sprays 0903.
01:07:35 | INFO: Draco encoder: Encoding mesh Canopy sprays 0904.
01:07:35 | INFO: Draco encoder: Encoding mesh Canopy sprays 0905.
01:07:35 | INFO: Draco encoder: Encoding mesh Canopy sprays 0906.
01:07:35 | INFO: Draco encoder: Encoding mesh Canopy sprays 0907.
01:07:35 | INFO: Draco encoder: Encoding mesh Canopy sprays 0908.
01:07:35 | INFO: Draco encoder: Encoding mesh Canopy sprays 0909.
01:07:35 | INFO: Draco encoder: Encoding mesh Canopy sprays 0910.
01:07:35 | INFO: Draco encoder: Encoding mesh Canopy sprays 0911.
01:07:35 | INFO: Draco encoder: Encoding mesh Canopy sprays 0912.
01:07:35 | INFO: Draco encoder: Encoding mesh Canopy sprays 0913.
01:07:35 | INFO: Draco encoder: Encoding mesh Canopy sprays 0914.
01:07:35 | INFO: Draco encoder: Encoding mesh Canopy sprays 0915.
01:07:35 | INFO: Draco encoder: Encoding mesh Canopy sprays 0916.
01:07:35 | INFO: Draco encoder: Encoding mesh Canopy sprays 0917.
01:07:35 | INFO: Draco encoder: Encoding mesh Canopy sprays 0918.
01:07:35 | INFO: Draco encoder: Encoding mesh Canopy sprays 0919.
01:07:35 | INFO: Draco encoder: Encoding mesh Canopy sprays 0920.
01:07:35 | INFO: Draco encoder: Encoding mesh Canopy sprays 0921.
01:07:35 | INFO: Draco encoder: Encoding mesh Canopy sprays 0922.
01:07:35 | INFO: Draco encoder: Encoding mesh Canopy sprays 0923.
01:07:35 | INFO: Draco encoder: Encoding mesh Canopy sprays 0924.
01:07:35 | INFO: Draco encoder: Encoding mesh Canopy sprays 0925.
01:07:35 | INFO: Draco encoder: Encoding mesh Canopy sprays 0926.
01:07:35 | INFO: Draco encoder: Encoding mesh Canopy sprays 0927.
01:07:35 | INFO: Draco encoder: Encoding mesh Canopy sprays 0928.
01:07:35 | INFO: Draco encoder: Encoding mesh Canopy sprays 0929.
01:07:35 | INFO: Draco encoder: Encoding mesh Canopy sprays 0930.
01:07:35 | INFO: Draco encoder: Encoding mesh Canopy sprays 0931.
01:07:35 | INFO: Draco encoder: Encoding mesh Canopy sprays 0932.
01:07:35 | INFO: Draco encoder: Encoding mesh Canopy sprays 0933.
01:07:35 | INFO: Draco encoder: Encoding mesh Canopy sprays 0934.
01:07:35 | INFO: Draco encoder: Encoding mesh Canopy sprays 0935.
01:07:35 | INFO: Draco encoder: Encoding mesh Canopy sprays 0936.
01:07:35 | INFO: Draco encoder: Encoding mesh Canopy sprays 0937.
01:07:35 | INFO: Draco encoder: Encoding mesh Canopy sprays 0938.
01:07:35 | INFO: Draco encoder: Encoding mesh Canopy sprays 0939.
01:07:35 | INFO: Draco encoder: Encoding mesh Canopy sprays 0940.
01:07:35 | INFO: Draco encoder: Encoding mesh Canopy sprays 0941.
01:07:35 | INFO: Draco encoder: Encoding mesh Canopy sprays 0942.
01:07:35 | INFO: Draco encoder: Encoding mesh Canopy sprays 0943.
01:07:35 | INFO: Draco encoder: Encoding mesh Canopy sprays 0944.
01:07:35 | INFO: Draco encoder: Encoding mesh Canopy sprays 0945.
01:07:35 | INFO: Draco encoder: Encoding mesh Canopy sprays 0946.
01:07:35 | INFO: Draco encoder: Encoding mesh Canopy sprays 0947.
01:07:35 | INFO: Draco encoder: Encoding mesh Canopy sprays 0948.
01:07:35 | INFO: Draco encoder: Encoding mesh Canopy sprays 0949.
01:07:35 | INFO: Draco encoder: Encoding mesh Canopy sprays 0950.
01:07:35 | INFO: Draco encoder: Encoding mesh Canopy sprays 0951.
01:07:35 | INFO: Draco encoder: Encoding mesh Canopy sprays 0952.
01:07:35 | INFO: Draco encoder: Encoding mesh Canopy sprays 0953.
01:07:35 | INFO: Draco encoder: Encoding mesh Canopy sprays 0954.
01:07:35 | INFO: Draco encoder: Encoding mesh Canopy sprays 0955.
01:07:35 | INFO: Draco encoder: Encoding mesh Canopy sprays 0956.
01:07:35 | INFO: Draco encoder: Encoding mesh Canopy sprays 0957.
01:07:35 | INFO: Draco encoder: Encoding mesh Canopy sprays 0958.
01:07:35 | INFO: Draco encoder: Encoding mesh Canopy sprays 0959.
01:07:35 | INFO: Draco encoder: Encoding mesh Canopy sprays 0960.
01:07:35 | INFO: Draco encoder: Encoding mesh Canopy sprays 0961.
01:07:35 | INFO: Draco encoder: Encoding mesh Canopy sprays 0962.
01:07:35 | INFO: Draco encoder: Encoding mesh Canopy sprays 0963.
01:07:35 | INFO: Draco encoder: Encoding mesh Canopy sprays 0964.
01:07:35 | INFO: Draco encoder: Encoding mesh Canopy sprays 0965.
01:07:35 | INFO: Draco encoder: Encoding mesh Canopy sprays 0966.
01:07:35 | INFO: Draco encoder: Encoding mesh Canopy sprays 0967.
01:07:35 | INFO: Draco encoder: Encoding mesh Canopy sprays 0968.
01:07:35 | INFO: Draco encoder: Encoding mesh Canopy sprays 0969.
01:07:35 | INFO: Draco encoder: Encoding mesh Canopy sprays 0970.
01:07:35 | INFO: Draco encoder: Encoding mesh Canopy sprays 0971.
01:07:35 | INFO: Draco encoder: Encoding mesh Canopy sprays 0972.
01:07:35 | INFO: Draco encoder: Encoding mesh Canopy sprays 0973.
01:07:35 | INFO: Draco encoder: Encoding mesh Canopy sprays 0974.
01:07:35 | INFO: Draco encoder: Encoding mesh Canopy sprays 0975.
01:07:35 | INFO: Draco encoder: Encoding mesh Canopy sprays 0976.
01:07:35 | INFO: Draco encoder: Encoding mesh Canopy sprays 0977.
01:07:35 | INFO: Draco encoder: Encoding mesh Canopy sprays 0978.
01:07:35 | INFO: Draco encoder: Encoding mesh Canopy sprays 0979.
01:07:35 | INFO: Draco encoder: Encoding mesh Canopy sprays 0980.
01:07:35 | INFO: Draco encoder: Encoding mesh Canopy sprays 0981.
01:07:35 | INFO: Draco encoder: Encoding mesh Canopy sprays 0982.
01:07:35 | INFO: Draco encoder: Encoding mesh Canopy sprays 0983.
01:07:35 | INFO: Draco encoder: Encoding mesh Canopy sprays 0984.
01:07:35 | INFO: Draco encoder: Encoding mesh Canopy sprays 0985.
01:07:35 | INFO: Draco encoder: Encoding mesh Canopy sprays 0986.
01:07:35 | INFO: Draco encoder: Encoding mesh Canopy sprays 0987.
01:07:35 | INFO: Draco encoder: Encoding mesh Canopy sprays 0988.
01:07:35 | INFO: Draco encoder: Encoding mesh Canopy sprays 0989.
01:07:35 | INFO: Draco encoder: Encoding mesh Canopy sprays 0990.
01:07:35 | INFO: Draco encoder: Encoding mesh Canopy sprays 0991.
01:07:35 | INFO: Draco encoder: Encoding mesh Canopy sprays 0992.
01:07:35 | INFO: Draco encoder: Encoding mesh Canopy sprays 0993.
01:07:35 | INFO: Draco encoder: Encoding mesh Canopy sprays 0994.
01:07:35 | INFO: Draco encoder: Encoding mesh Canopy sprays 0995.
01:07:35 | INFO: Draco encoder: Encoding mesh Canopy sprays 0996.
01:07:35 | INFO: Draco encoder: Encoding mesh Canopy sprays 0997.
01:07:35 | INFO: Draco encoder: Encoding mesh Canopy sprays 0998.
01:07:35 | INFO: Draco encoder: Encoding mesh Canopy sprays 0999.
01:07:35 | INFO: Draco encoder: Encoding mesh Canopy sprays 1000.
01:07:35 | INFO: Draco encoder: Encoding mesh Canopy sprays 1001.
01:07:35 | INFO: Draco encoder: Encoding mesh Canopy sprays 1002.
01:07:35 | INFO: Draco encoder: Encoding mesh Canopy sprays 1003.
01:07:35 | INFO: Draco encoder: Encoding mesh Canopy sprays 1004.
01:07:35 | INFO: Draco encoder: Encoding mesh Canopy sprays 1005.
01:07:35 | INFO: Draco encoder: Encoding mesh Canopy sprays 1006.
01:07:35 | INFO: Draco encoder: Encoding mesh Canopy sprays 1007.
01:07:35 | INFO: Draco encoder: Encoding mesh Canopy sprays 1008.
01:07:35 | INFO: Draco encoder: Encoding mesh Canopy sprays 1009.
01:07:35 | INFO: Draco encoder: Encoding mesh Canopy sprays 1010.
01:07:35 | INFO: Draco encoder: Encoding mesh Canopy sprays 1011.
01:07:35 | INFO: Draco encoder: Encoding mesh Canopy sprays 1012.
01:07:35 | INFO: Draco encoder: Encoding mesh Canopy sprays 1013.
01:07:35 | INFO: Draco encoder: Encoding mesh Canopy sprays 1014.
01:07:35 | INFO: Draco encoder: Encoding mesh Canopy sprays 1015.
01:07:35 | INFO: Draco encoder: Encoding mesh Canopy sprays 1016.
01:07:35 | INFO: Draco encoder: Encoding mesh Canopy sprays 1017.
01:07:35 | INFO: Draco encoder: Encoding mesh Canopy sprays 1018.
01:07:35 | INFO: Draco encoder: Encoding mesh Canopy sprays 1019.
01:07:35 | INFO: Draco encoder: Encoding mesh Canopy sprays 1020.
01:07:35 | INFO: Draco encoder: Encoding mesh Canopy sprays 1021.
01:07:35 | INFO: Draco encoder: Encoding mesh Canopy sprays 1022.
01:07:35 | INFO: Draco encoder: Encoding mesh Canopy sprays 1023.
01:07:35 | INFO: Draco encoder: Encoding mesh Canopy sprays 1024.
01:07:35 | INFO: Draco encoder: Encoding mesh Canopy sprays 1025.
01:07:35 | INFO: Draco encoder: Encoding mesh Canopy sprays 1026.
01:07:35 | INFO: Draco encoder: Encoding mesh Canopy sprays 1027.
01:07:35 | INFO: Draco encoder: Encoding mesh Canopy sprays 1028.
01:07:35 | INFO: Draco encoder: Encoding mesh Canopy sprays 1029.
01:07:35 | INFO: Draco encoder: Encoding mesh Canopy sprays 1030.
01:07:35 | INFO: Draco encoder: Encoding mesh Canopy sprays 1031.
01:07:35 | INFO: Draco encoder: Encoding mesh Canopy sprays 1032.
01:07:35 | INFO: Draco encoder: Encoding mesh Canopy sprays 1033.
01:07:35 | INFO: Draco encoder: Encoding mesh Canopy sprays 1034.
01:07:35 | INFO: Draco encoder: Encoding mesh Canopy sprays 1035.
01:07:35 | INFO: Draco encoder: Encoding mesh Canopy sprays 1036.
01:07:35 | INFO: Draco encoder: Encoding mesh Canopy sprays 1037.
01:07:35 | INFO: Draco encoder: Encoding mesh Canopy sprays 1038.
01:07:35 | INFO: Draco encoder: Encoding mesh Canopy sprays 1039.
01:07:35 | INFO: Draco encoder: Encoding mesh Canopy sprays 1040.
01:07:35 | INFO: Draco encoder: Encoding mesh Canopy sprays 1041.
01:07:35 | INFO: Draco encoder: Encoding mesh Canopy sprays 1042.
01:07:35 | INFO: Draco encoder: Encoding mesh Canopy sprays 1043.
01:07:35 | INFO: Draco encoder: Encoding mesh Canopy sprays 1044.
01:07:35 | INFO: Draco encoder: Encoding mesh Canopy sprays 1045.
01:07:35 | INFO: Draco encoder: Encoding mesh Canopy sprays 1046.
01:07:35 | INFO: Draco encoder: Encoding mesh Canopy sprays 1047.
01:07:35 | INFO: Draco encoder: Encoding mesh Canopy sprays 1048.
01:07:35 | INFO: Draco encoder: Encoding mesh Canopy sprays 1049.
01:07:35 | INFO: Draco encoder: Encoding mesh Canopy sprays 1050.
01:07:35 | INFO: Draco encoder: Encoding mesh Canopy sprays 1051.
01:07:35 | INFO: Draco encoder: Encoding mesh Canopy sprays 1052.
01:07:35 | INFO: Draco encoder: Encoding mesh Canopy sprays 1053.
01:07:35 | INFO: Draco encoder: Encoding mesh Canopy sprays 1054.
01:07:35 | INFO: Draco encoder: Encoding mesh Canopy sprays 1055.
01:07:35 | INFO: Draco encoder: Encoding mesh Canopy sprays 1056.
01:07:35 | INFO: Draco encoder: Encoding mesh Canopy sprays 1057.
01:07:35 | INFO: Draco encoder: Encoding mesh Canopy sprays 1058.
01:07:35 | INFO: Draco encoder: Encoding mesh Canopy sprays 1059.
01:07:35 | INFO: Draco encoder: Encoding mesh Canopy sprays 1060.
01:07:35 | INFO: Draco encoder: Encoding mesh Canopy sprays 1061.
01:07:35 | INFO: Draco encoder: Encoding mesh Canopy sprays 1062.
01:07:35 | INFO: Draco encoder: Encoding mesh Canopy sprays 1063.
01:07:35 | INFO: Draco encoder: Encoding mesh Canopy sprays 1064.
01:07:35 | INFO: Draco encoder: Encoding mesh Canopy sprays 1065.
01:07:35 | INFO: Draco encoder: Encoding mesh Canopy sprays 1066.
01:07:35 | INFO: Draco encoder: Encoding mesh Canopy sprays 1067.
01:07:35 | INFO: Draco encoder: Encoding mesh Canopy sprays 1068.
01:07:35 | INFO: Draco encoder: Encoding mesh Canopy sprays 1069.
01:07:35 | INFO: Draco encoder: Encoding mesh Canopy sprays 1070.
01:07:35 | INFO: Draco encoder: Encoding mesh Canopy sprays 1071.
01:07:35 | INFO: Draco encoder: Encoding mesh Canopy sprays 1072.
01:07:35 | INFO: Draco encoder: Encoding mesh Canopy sprays 1073.
01:07:35 | INFO: Draco encoder: Encoding mesh Canopy sprays 1074.
01:07:35 | INFO: Draco encoder: Encoding mesh Canopy sprays 1075.
01:07:35 | INFO: Draco encoder: Encoding mesh Canopy sprays 1076.
01:07:35 | INFO: Draco encoder: Encoding mesh Canopy sprays 1077.
01:07:35 | INFO: Draco encoder: Encoding mesh Canopy sprays 1078.
01:07:35 | INFO: Draco encoder: Encoding mesh Canopy sprays 1079.
01:07:35 | INFO: Draco encoder: Encoding mesh Canopy sprays 1080.
01:07:35 | INFO: Draco encoder: Encoding mesh Canopy sprays 1081.
01:07:35 | INFO: Draco encoder: Encoding mesh Canopy sprays 1082.
01:07:35 | INFO: Draco encoder: Encoding mesh Canopy sprays 1083.
01:07:35 | INFO: Draco encoder: Encoding mesh Canopy sprays 1084.
01:07:35 | INFO: Draco encoder: Encoding mesh Canopy sprays 1085.
01:07:35 | INFO: Draco encoder: Encoding mesh Canopy sprays 1086.
01:07:35 | INFO: Draco encoder: Encoding mesh Canopy sprays 1087.
01:07:35 | INFO: Draco encoder: Encoding mesh Canopy sprays 1088.
01:07:35 | INFO: Draco encoder: Encoding mesh Canopy sprays 1089.
01:07:35 | INFO: Draco encoder: Encoding mesh Canopy sprays 1090.
01:07:35 | INFO: Draco encoder: Encoding mesh Canopy sprays 1091.
01:07:35 | INFO: Draco encoder: Encoding mesh Canopy sprays 1092.
01:07:35 | INFO: Draco encoder: Encoding mesh Canopy sprays 1093.
01:07:35 | INFO: Draco encoder: Encoding mesh Canopy sprays 1094.
01:07:35 | INFO: Draco encoder: Encoding mesh Canopy sprays 1095.
01:07:35 | INFO: Draco encoder: Encoding mesh Canopy sprays 1096.
01:07:35 | INFO: Draco encoder: Encoding mesh Canopy sprays 1097.
01:07:35 | INFO: Draco encoder: Encoding mesh Canopy sprays 1098.
01:07:35 | INFO: Draco encoder: Encoding mesh Canopy sprays 1099.
01:07:35 | INFO: Draco encoder: Encoding mesh Canopy sprays 1100.
01:07:35 | INFO: Draco encoder: Encoding mesh Canopy sprays 1101.
01:07:35 | INFO: Draco encoder: Encoding mesh Canopy sprays 1102.
01:07:35 | INFO: Draco encoder: Encoding mesh Canopy sprays 1103.
01:07:35 | INFO: Draco encoder: Encoding mesh Canopy sprays 1104.
01:07:35 | INFO: Draco encoder: Encoding mesh Canopy sprays 1105.
01:07:35 | INFO: Draco encoder: Encoding mesh Canopy sprays 1106.
01:07:35 | INFO: Draco encoder: Encoding mesh Canopy sprays 1107.
01:07:35 | INFO: Draco encoder: Encoding mesh Canopy sprays 1108.
01:07:35 | INFO: Draco encoder: Encoding mesh Canopy sprays 1109.
01:07:35 | INFO: Draco encoder: Encoding mesh Canopy sprays 1110.
01:07:35 | INFO: Draco encoder: Encoding mesh Canopy sprays 1111.
01:07:35 | INFO: Draco encoder: Encoding mesh Canopy sprays 1112.
01:07:35 | INFO: Draco encoder: Encoding mesh Canopy sprays 1113.
01:07:35 | INFO: Draco encoder: Encoding mesh Canopy sprays 1114.
01:07:35 | INFO: Draco encoder: Encoding mesh Canopy sprays 1115.
01:07:35 | INFO: Draco encoder: Encoding mesh Canopy sprays 1116.
01:07:35 | INFO: Draco encoder: Encoding mesh Canopy sprays 1117.
01:07:35 | INFO: Draco encoder: Encoding mesh Canopy sprays 1118.
01:07:35 | INFO: Draco encoder: Encoding mesh Canopy sprays 1119.
01:07:35 | INFO: Draco encoder: Encoding mesh Canopy sprays 1120.
01:07:35 | INFO: Draco encoder: Encoding mesh Canopy sprays 1121.
01:07:35 | INFO: Draco encoder: Encoding mesh Canopy sprays 1122.
01:07:35 | INFO: Draco encoder: Encoding mesh Canopy sprays 1123.
01:07:35 | INFO: Draco encoder: Encoding mesh Canopy sprays 1124.
01:07:35 | INFO: Draco encoder: Encoding mesh Canopy sprays 1125.
01:07:35 | INFO: Draco encoder: Encoding mesh Canopy sprays 1126.
01:07:35 | INFO: Draco encoder: Encoding mesh Canopy sprays 1127.
01:07:35 | INFO: Draco encoder: Encoding mesh Canopy sprays 1128.
01:07:35 | INFO: Draco encoder: Encoding mesh Canopy sprays 1129.
01:07:35 | INFO: Draco encoder: Encoding mesh Canopy sprays 1130.
01:07:35 | INFO: Draco encoder: Encoding mesh Canopy sprays 1131.
01:07:35 | INFO: Draco encoder: Encoding mesh Canopy sprays 1132.
01:07:35 | INFO: Draco encoder: Encoding mesh Canopy sprays 1133.
01:07:35 | INFO: Draco encoder: Encoding mesh Canopy sprays 1134.
01:07:35 | INFO: Draco encoder: Encoding mesh Canopy sprays 1135.
01:07:35 | INFO: Draco encoder: Encoding mesh Canopy sprays 1136.
01:07:35 | INFO: Draco encoder: Encoding mesh Canopy sprays 1137.
01:07:35 | INFO: Draco encoder: Encoding mesh Canopy sprays 1138.
01:07:35 | INFO: Draco encoder: Encoding mesh Canopy sprays 1139.
01:07:35 | INFO: Draco encoder: Encoding mesh Canopy sprays 1140.
01:07:35 | INFO: Draco encoder: Encoding mesh Canopy sprays 1141.
01:07:35 | INFO: Draco encoder: Encoding mesh Canopy sprays 1142.
01:07:35 | INFO: Draco encoder: Encoding mesh Canopy sprays 1143.
01:07:35 | INFO: Draco encoder: Encoding mesh Canopy sprays 1144.
01:07:35 | INFO: Draco encoder: Encoding mesh Canopy sprays 1145.
01:07:35 | INFO: Draco encoder: Encoding mesh Canopy sprays 1146.
01:07:35 | INFO: Draco encoder: Encoding mesh Canopy sprays 1147.
01:07:35 | INFO: Draco encoder: Encoding mesh Canopy sprays 1148.
01:07:35 | INFO: Draco encoder: Encoding mesh Canopy sprays 1149.
01:07:35 | INFO: Draco encoder: Encoding mesh Canopy sprays 1150.
01:07:35 | INFO: Draco encoder: Encoding mesh Canopy sprays 1151.
01:07:35 | INFO: Draco encoder: Encoding mesh Canopy sprays 1152.
01:07:35 | INFO: Draco encoder: Encoding mesh Canopy sprays 1153.
01:07:35 | INFO: Draco encoder: Encoding mesh Canopy sprays 1154.
01:07:35 | INFO: Draco encoder: Encoding mesh Canopy sprays 1155.
01:07:35 | INFO: Draco encoder: Encoding mesh Canopy sprays 1156.
01:07:35 | INFO: Draco encoder: Encoding mesh Canopy sprays 1157.
01:07:35 | INFO: Draco encoder: Encoding mesh Canopy sprays 1158.
01:07:35 | INFO: Draco encoder: Encoding mesh Canopy sprays 1159.
01:07:35 | INFO: Draco encoder: Encoding mesh Canopy sprays 1160.
01:07:35 | INFO: Draco encoder: Encoding mesh Canopy sprays 1161.
01:07:35 | INFO: Draco encoder: Encoding mesh Canopy sprays 1162.
01:07:35 | INFO: Draco encoder: Encoding mesh Canopy sprays 1163.
01:07:35 | INFO: Draco encoder: Encoding mesh Canopy sprays 1164.
01:07:35 | INFO: Draco encoder: Encoding mesh Canopy sprays 1165.
01:07:35 | INFO: Draco encoder: Encoding mesh Canopy sprays 1166.
01:07:35 | INFO: Draco encoder: Encoding mesh Canopy sprays 1167.
01:07:35 | INFO: Draco encoder: Encoding mesh Canopy sprays 1168.
01:07:35 | INFO: Draco encoder: Encoding mesh Canopy sprays 1169.
01:07:35 | INFO: Draco encoder: Encoding mesh Canopy sprays 1170.
01:07:35 | INFO: Draco encoder: Encoding mesh Canopy sprays 1171.
01:07:35 | INFO: Draco encoder: Encoding mesh Canopy sprays 1172.
01:07:35 | INFO: Draco encoder: Encoding mesh Canopy sprays 1173.
01:07:35 | INFO: Draco encoder: Encoding mesh Canopy sprays 1174.
01:07:35 | INFO: Draco encoder: Encoding mesh Canopy sprays 1175.
01:07:35 | INFO: Draco encoder: Encoding mesh Canopy sprays 1176.
01:07:35 | INFO: Draco encoder: Encoding mesh Canopy sprays 1177.
01:07:35 | INFO: Draco encoder: Encoding mesh Canopy sprays 1178.
01:07:35 | INFO: Draco encoder: Encoding mesh Canopy sprays 1179.
01:07:35 | INFO: Draco encoder: Encoding mesh Canopy sprays 1180.
01:07:35 | INFO: Draco encoder: Encoding mesh Canopy sprays 1181.
01:07:35 | INFO: Draco encoder: Encoding mesh Canopy sprays 1182.
01:07:35 | INFO: Draco encoder: Encoding mesh Canopy sprays 1183.
01:07:35 | INFO: Draco encoder: Encoding mesh Canopy sprays 1184.
01:07:35 | INFO: Draco encoder: Encoding mesh Canopy sprays 1185.
01:07:35 | INFO: Draco encoder: Encoding mesh Canopy sprays 1186.
01:07:35 | INFO: Draco encoder: Encoding mesh Canopy sprays 1187.
01:07:35 | INFO: Draco encoder: Encoding mesh Canopy sprays 1188.
01:07:35 | INFO: Draco encoder: Encoding mesh Canopy sprays 1189.
01:07:35 | INFO: Draco encoder: Encoding mesh Canopy sprays 1190.
01:07:35 | INFO: Draco encoder: Encoding mesh Canopy sprays 1191.
01:07:35 | INFO: Draco encoder: Encoding mesh Canopy sprays 1192.
01:07:35 | INFO: Draco encoder: Encoding mesh Canopy sprays 1193.
01:07:35 | INFO: Draco encoder: Encoding mesh Canopy sprays 1194.
01:07:35 | INFO: Draco encoder: Encoding mesh Canopy sprays 1195.
01:07:35 | INFO: Draco encoder: Encoding mesh Canopy sprays 1196.
01:07:35 | INFO: Draco encoder: Encoding mesh Canopy sprays 1197.
01:07:35 | INFO: Draco encoder: Encoding mesh Canopy sprays 1198.
01:07:35 | INFO: Draco encoder: Encoding mesh Canopy sprays 1199.
01:07:35 | INFO: Draco encoder: Encoding mesh Canopy sprays 1200.
01:07:35 | INFO: Draco encoder: Encoding mesh Canopy sprays 1201.
01:07:35 | INFO: Draco encoder: Encoding mesh Canopy sprays 1202.
01:07:35 | INFO: Draco encoder: Encoding mesh Canopy sprays 1203.
01:07:35 | INFO: Draco encoder: Encoding mesh Canopy sprays 1204.
01:07:35 | INFO: Draco encoder: Encoding mesh Canopy sprays 1205.
01:07:35 | INFO: Draco encoder: Encoding mesh Canopy sprays 1206.
01:07:35 | INFO: Draco encoder: Encoding mesh Canopy sprays 1207.
01:07:35 | INFO: Draco encoder: Encoding mesh Canopy sprays 1208.
01:07:35 | INFO: Draco encoder: Encoding mesh Canopy sprays 1209.
01:07:35 | INFO: Draco encoder: Encoding mesh Canopy sprays 1210.
01:07:35 | INFO: Draco encoder: Encoding mesh Canopy sprays 1211.
01:07:35 | INFO: Draco encoder: Encoding mesh Canopy sprays 1212.
01:07:35 | INFO: Draco encoder: Encoding mesh Canopy sprays 1213.
01:07:35 | INFO: Draco encoder: Encoding mesh Canopy sprays 1214.
01:07:35 | INFO: Draco encoder: Encoding mesh Canopy sprays 1215.
01:07:35 | INFO: Draco encoder: Encoding mesh Canopy sprays 1216.
01:07:35 | INFO: Draco encoder: Encoding mesh Canopy sprays 1217.
01:07:35 | INFO: Draco encoder: Encoding mesh Canopy sprays 1218.
01:07:35 | INFO: Draco encoder: Encoding mesh Canopy sprays 1219.
01:07:35 | INFO: Draco encoder: Encoding mesh Canopy sprays 1220.
01:07:35 | INFO: Draco encoder: Encoding mesh Canopy sprays 1221.
01:07:35 | INFO: Draco encoder: Encoding mesh Canopy sprays 1222.
01:07:35 | INFO: Draco encoder: Encoding mesh Canopy sprays 1223.
01:07:35 | INFO: Draco encoder: Encoding mesh Canopy sprays 1224.
01:07:35 | INFO: Draco encoder: Encoding mesh Canopy sprays 1225.
01:07:35 | INFO: Draco encoder: Encoding mesh Canopy sprays 1226.
01:07:35 | INFO: Draco encoder: Encoding mesh Canopy sprays 1227.
01:07:35 | INFO: Draco encoder: Encoding mesh Canopy sprays 1228.
01:07:35 | INFO: Draco encoder: Encoding mesh Canopy sprays 1229.
01:07:35 | INFO: Draco encoder: Encoding mesh Canopy sprays 1230.
01:07:35 | INFO: Draco encoder: Encoding mesh Canopy sprays 1231.
01:07:35 | INFO: Draco encoder: Encoding mesh Canopy sprays 1232.
01:07:35 | INFO: Draco encoder: Encoding mesh Canopy sprays 1233.
01:07:35 | INFO: Draco encoder: Encoding mesh Canopy sprays 1234.
01:07:35 | INFO: Draco encoder: Encoding mesh Canopy sprays 1235.
01:07:35 | INFO: Draco encoder: Encoding mesh Canopy sprays 1236.
01:07:35 | INFO: Draco encoder: Encoding mesh Canopy sprays 1237.
01:07:35 | INFO: Draco encoder: Encoding mesh Canopy sprays 1238.
01:07:35 | INFO: Draco encoder: Encoding mesh Canopy sprays 1239.
01:07:35 | INFO: Draco encoder: Encoding mesh Canopy sprays 1240.
01:07:35 | INFO: Draco encoder: Encoding mesh Canopy sprays 1241.
01:07:35 | INFO: Draco encoder: Encoding mesh Canopy sprays 1242.
01:07:35 | INFO: Draco encoder: Encoding mesh Canopy sprays 1243.
01:07:35 | INFO: Draco encoder: Encoding mesh Canopy sprays 1244.
01:07:35 | INFO: Draco encoder: Encoding mesh Canopy sprays 1245.
01:07:35 | INFO: Draco encoder: Encoding mesh Canopy sprays 1246.
01:07:35 | INFO: Draco encoder: Encoding mesh Canopy sprays 1247.
01:07:35 | INFO: Draco encoder: Encoding mesh Canopy sprays 1248.
01:07:35 | INFO: Draco encoder: Encoding mesh Canopy sprays 1249.
01:07:35 | INFO: Draco encoder: Encoding mesh Canopy sprays 1250.
01:07:35 | INFO: Draco encoder: Encoding mesh Canopy sprays 1251.
01:07:35 | INFO: Draco encoder: Encoding mesh Canopy sprays 1252.
01:07:35 | INFO: Draco encoder: Encoding mesh Canopy sprays 1253.
01:07:35 | INFO: Draco encoder: Encoding mesh Canopy sprays 1254.
01:07:35 | INFO: Draco encoder: Encoding mesh Canopy sprays 1255.
01:07:35 | INFO: Draco encoder: Encoding mesh Canopy sprays 1256.
01:07:35 | INFO: Draco encoder: Encoding mesh Canopy sprays 1257.
01:07:35 | INFO: Draco encoder: Encoding mesh Canopy sprays 1258.
01:07:35 | INFO: Draco encoder: Encoding mesh Canopy sprays 1259.
01:07:35 | INFO: Draco encoder: Encoding mesh Canopy sprays 1260.
01:07:35 | INFO: Draco encoder: Encoding mesh Canopy sprays 1261.
01:07:35 | INFO: Draco encoder: Encoding mesh Canopy sprays 1262.
01:07:35 | INFO: Draco encoder: Encoding mesh Canopy sprays 1263.
01:07:35 | INFO: Draco encoder: Encoding mesh Canopy sprays 1264.
01:07:35 | INFO: Draco encoder: Encoding mesh Canopy sprays 1265.
01:07:35 | INFO: Draco encoder: Encoding mesh Canopy sprays 1266.
01:07:35 | INFO: Draco encoder: Encoding mesh Canopy sprays 1267.
01:07:35 | INFO: Draco encoder: Encoding mesh Canopy sprays 1268.
01:07:35 | INFO: Draco encoder: Encoding mesh Canopy sprays 1269.
01:07:35 | INFO: Draco encoder: Encoding mesh Canopy sprays 1270.
01:07:35 | INFO: Draco encoder: Encoding mesh Canopy sprays 1271.
01:07:35 | INFO: Draco encoder: Encoding mesh Canopy sprays 1272.
01:07:35 | INFO: Draco encoder: Encoding mesh Canopy sprays 1273.
01:07:35 | INFO: Draco encoder: Encoding mesh Canopy sprays 1274.
01:07:35 | INFO: Draco encoder: Encoding mesh Canopy sprays 1275.
01:07:35 | INFO: Draco encoder: Encoding mesh Canopy sprays 1276.
01:07:35 | INFO: Draco encoder: Encoding mesh Canopy sprays 1277.
01:07:35 | INFO: Draco encoder: Encoding mesh Canopy sprays 1278.
01:07:35 | INFO: Draco encoder: Encoding mesh Canopy sprays 1279.
01:07:35 | INFO: Draco encoder: Encoding mesh Canopy sprays 1280.
01:07:35 | INFO: Draco encoder: Encoding mesh Canopy sprays 1281.
01:07:35 | INFO: Draco encoder: Encoding mesh Canopy sprays 1282.
01:07:35 | INFO: Draco encoder: Encoding mesh Canopy sprays 1283.
01:07:35 | INFO: Draco encoder: Encoding mesh Canopy sprays 1284.
01:07:35 | INFO: Draco encoder: Encoding mesh Canopy sprays 1285.
01:07:35 | INFO: Draco encoder: Encoding mesh Canopy sprays 1286.
01:07:35 | INFO: Draco encoder: Encoding mesh Canopy sprays 1287.
01:07:35 | INFO: Draco encoder: Encoding mesh Canopy sprays 1288.
01:07:35 | INFO: Draco encoder: Encoding mesh Canopy sprays 1289.
01:07:35 | INFO: Draco encoder: Encoding mesh Canopy sprays 1290.
01:07:35 | INFO: Draco encoder: Encoding mesh Canopy sprays 1291.
01:07:35 | INFO: Draco encoder: Encoding mesh Canopy sprays 1292.
01:07:35 | INFO: Draco encoder: Encoding mesh Canopy sprays 1293.
01:07:35 | INFO: Draco encoder: Encoding mesh Canopy sprays 1294.
01:07:35 | INFO: Draco encoder: Encoding mesh Canopy sprays 1295.
01:07:35 | INFO: Draco encoder: Encoding mesh Canopy sprays 1296.
01:07:35 | INFO: Draco encoder: Encoding mesh Canopy sprays 1297.
01:07:35 | INFO: Draco encoder: Encoding mesh Canopy sprays 1298.
01:07:35 | INFO: Draco encoder: Encoding mesh Canopy sprays 1299.
01:07:35 | INFO: Draco encoder: Encoding mesh Canopy sprays 1300.
01:07:35 | INFO: Draco encoder: Encoding mesh Canopy sprays 1301.
01:07:35 | INFO: Draco encoder: Encoding mesh Canopy sprays 1302.
01:07:35 | INFO: Draco encoder: Encoding mesh Canopy sprays 1303.
01:07:35 | INFO: Draco encoder: Encoding mesh Canopy sprays 1304.
01:07:35 | INFO: Draco encoder: Encoding mesh Canopy sprays 1305.
01:07:35 | INFO: Draco encoder: Encoding mesh Canopy sprays 1306.
01:07:35 | INFO: Draco encoder: Encoding mesh Canopy sprays 1307.
01:07:35 | INFO: Draco encoder: Encoding mesh Canopy sprays 1308.
01:07:35 | INFO: Draco encoder: Encoding mesh Canopy sprays 1309.
01:07:35 | INFO: Draco encoder: Encoding mesh Canopy sprays 1310.
01:07:35 | INFO: Draco encoder: Encoding mesh Canopy sprays 1311.
01:07:35 | INFO: Draco encoder: Encoding mesh Canopy sprays 1312.
01:07:35 | INFO: Draco encoder: Encoding mesh Canopy sprays 1313.
01:07:35 | INFO: Draco encoder: Encoding mesh Canopy sprays 1314.
01:07:35 | INFO: Draco encoder: Encoding mesh Canopy sprays 1315.
01:07:35 | INFO: Draco encoder: Encoding mesh Canopy sprays 1316.
01:07:35 | INFO: Draco encoder: Encoding mesh Canopy sprays 1317.
01:07:35 | INFO: Draco encoder: Encoding mesh Canopy sprays 1318.
01:07:35 | INFO: Draco encoder: Encoding mesh Canopy sprays 1319.
01:07:35 | INFO: Draco encoder: Encoding mesh Canopy sprays 1320.
01:07:35 | INFO: Draco encoder: Encoding mesh Canopy sprays 1321.
01:07:35 | INFO: Draco encoder: Encoding mesh Canopy sprays 1322.
01:07:35 | INFO: Draco encoder: Encoding mesh Canopy sprays 1323.
01:07:35 | INFO: Draco encoder: Encoding mesh Canopy sprays 1324.
01:07:35 | INFO: Draco encoder: Encoding mesh Canopy sprays 1325.
01:07:35 | INFO: Draco encoder: Encoding mesh Canopy sprays 1326.
01:07:35 | INFO: Draco encoder: Encoding mesh Canopy sprays 1327.
01:07:35 | INFO: Draco encoder: Encoding mesh Canopy sprays 1328.
01:07:35 | INFO: Draco encoder: Encoding mesh Canopy sprays 1329.
01:07:35 | INFO: Draco encoder: Encoding mesh Canopy sprays 1330.
01:07:35 | INFO: Draco encoder: Encoding mesh Canopy sprays 1331.
01:07:35 | INFO: Draco encoder: Encoding mesh Canopy sprays 1332.
01:07:35 | INFO: Draco encoder: Encoding mesh Canopy sprays 1333.
01:07:35 | INFO: Draco encoder: Encoding mesh Canopy sprays 1334.
01:07:35 | INFO: Draco encoder: Encoding mesh Canopy sprays 1335.
01:07:35 | INFO: Draco encoder: Encoding mesh Canopy sprays 1336.
01:07:35 | INFO: Draco encoder: Encoding mesh Canopy sprays 1337.
01:07:35 | INFO: Draco encoder: Encoding mesh Canopy sprays 1338.
01:07:35 | INFO: Draco encoder: Encoding mesh Canopy sprays 1339.
01:07:35 | INFO: Draco encoder: Encoding mesh Canopy sprays 1340.
01:07:35 | INFO: Draco encoder: Encoding mesh Canopy sprays 1341.
01:07:35 | INFO: Draco encoder: Encoding mesh Canopy sprays 1342.
01:07:35 | INFO: Draco encoder: Encoding mesh Canopy sprays 1343.
01:07:35 | INFO: Draco encoder: Encoding mesh Canopy sprays 1344.
01:07:35 | INFO: Draco encoder: Encoding mesh Canopy sprays 1345.
01:07:35 | INFO: Draco encoder: Encoding mesh Canopy sprays 1346.
01:07:35 | INFO: Draco encoder: Encoding mesh Canopy sprays 1347.
01:07:35 | INFO: Draco encoder: Encoding mesh Canopy sprays 1348.
01:07:35 | INFO: Draco encoder: Encoding mesh Canopy sprays 1349.
01:07:35 | INFO: Draco encoder: Encoding mesh Canopy sprays 1350.
01:07:35 | INFO: Draco encoder: Encoding mesh Canopy sprays 1351.
01:07:35 | INFO: Draco encoder: Encoding mesh Canopy sprays 1352.
01:07:35 | INFO: Draco encoder: Encoding mesh Canopy sprays 1353.
01:07:35 | INFO: Draco encoder: Encoding mesh Canopy sprays 1354.
01:07:35 | INFO: Draco encoder: Encoding mesh Canopy sprays 1355.
01:07:35 | INFO: Draco encoder: Encoding mesh Canopy sprays 1356.
01:07:35 | INFO: Draco encoder: Encoding mesh Canopy sprays 1357.
01:07:35 | INFO: Draco encoder: Encoding mesh Canopy sprays 1358.
01:07:35 | INFO: Draco encoder: Encoding mesh Canopy sprays 1359.
01:07:35 | INFO: Draco encoder: Encoding mesh Canopy sprays 1360.
01:07:35 | INFO: Draco encoder: Encoding mesh Canopy sprays 1361.
01:07:35 | INFO: Draco encoder: Encoding mesh Canopy sprays 1362.
01:07:35 | INFO: Draco encoder: Encoding mesh Canopy sprays 1363.
01:07:35 | INFO: Draco encoder: Encoding mesh Canopy sprays 1364.
01:07:35 | INFO: Draco encoder: Encoding mesh Canopy sprays 1365.
01:07:35 | INFO: Draco encoder: Encoding mesh Canopy sprays 1366.
01:07:35 | INFO: Draco encoder: Encoding mesh Canopy sprays 1367.
01:07:35 | INFO: Draco encoder: Encoding mesh Canopy sprays 1368.
01:07:35 | INFO: Draco encoder: Encoding mesh Canopy sprays 1369.
01:07:35 | INFO: Draco encoder: Encoding mesh Canopy sprays 1370.
01:07:35 | INFO: Draco encoder: Encoding mesh Canopy sprays 1371.
01:07:35 | INFO: Draco encoder: Encoding mesh Canopy sprays 1372.
01:07:35 | INFO: Draco encoder: Encoding mesh Canopy sprays 1373.
01:07:35 | INFO: Draco encoder: Encoding mesh Canopy sprays 1374.
01:07:35 | INFO: Draco encoder: Encoding mesh Canopy sprays 1375.
01:07:35 | INFO: Draco encoder: Encoding mesh Canopy sprays 1376.
01:07:35 | INFO: Draco encoder: Encoding mesh Canopy sprays 1377.
01:07:35 | INFO: Draco encoder: Encoding mesh Canopy sprays 1378.
01:07:35 | INFO: Draco encoder: Encoding mesh Canopy sprays 1379.
01:07:35 | INFO: Draco encoder: Encoding mesh Canopy sprays 1380.
01:07:35 | INFO: Draco encoder: Encoding mesh Canopy sprays 1381.
01:07:35 | INFO: Draco encoder: Encoding mesh Canopy sprays 1382.
01:07:35 | INFO: Draco encoder: Encoding mesh Canopy sprays 1383.
01:07:35 | INFO: Draco encoder: Encoding mesh Canopy sprays 1384.
01:07:35 | INFO: Draco encoder: Encoding mesh Canopy sprays 1385.
01:07:35 | INFO: Draco encoder: Encoding mesh Canopy sprays 1386.
01:07:35 | INFO: Draco encoder: Encoding mesh Canopy sprays 1387.
01:07:35 | INFO: Draco encoder: Encoding mesh Canopy sprays 1388.
01:07:35 | INFO: Draco encoder: Encoding mesh Canopy sprays 1389.
01:07:35 | INFO: Draco encoder: Encoding mesh Canopy sprays 1390.
01:07:35 | INFO: Draco encoder: Encoding mesh Canopy sprays 1391.
01:07:35 | INFO: Draco encoder: Encoding mesh Canopy sprays 1392.
01:07:35 | INFO: Draco encoder: Encoding mesh Canopy sprays 1393.
01:07:35 | INFO: Draco encoder: Encoding mesh Canopy sprays 1394.
01:07:35 | INFO: Draco encoder: Encoding mesh Canopy sprays 1395.
01:07:35 | INFO: Draco encoder: Encoding mesh Canopy sprays 1396.
01:07:35 | INFO: Draco encoder: Encoding mesh Canopy sprays 1397.
01:07:35 | INFO: Draco encoder: Encoding mesh Canopy sprays 1398.
01:07:35 | INFO: Draco encoder: Encoding mesh Canopy sprays 1399.
01:07:35 | INFO: Draco encoder: Encoding mesh Canopy sprays 1400.
01:07:35 | INFO: Draco encoder: Encoding mesh Canopy sprays 1401.
01:07:35 | INFO: Draco encoder: Encoding mesh Canopy sprays 1402.
01:07:35 | INFO: Draco encoder: Encoding mesh Canopy sprays 1403.
01:07:35 | INFO: Draco encoder: Encoding mesh Canopy sprays 1404.
01:07:35 | INFO: Draco encoder: Encoding mesh Canopy sprays 1405.
01:07:35 | INFO: Draco encoder: Encoding mesh Canopy sprays 1406.
01:07:35 | INFO: Draco encoder: Encoding mesh Canopy sprays 1407.
01:07:35 | INFO: Draco encoder: Encoding mesh Canopy sprays 1408.
01:07:35 | INFO: Draco encoder: Encoding mesh Canopy sprays 1409.
01:07:35 | INFO: Draco encoder: Encoding mesh Canopy sprays 1410.
01:07:35 | INFO: Draco encoder: Encoding mesh Canopy sprays 1411.
01:07:35 | INFO: Draco encoder: Encoding mesh Canopy sprays 1412.
01:07:35 | INFO: Draco encoder: Encoding mesh Canopy sprays 1413.
01:07:35 | INFO: Draco encoder: Encoding mesh Canopy sprays 1414.
01:07:35 | INFO: Draco encoder: Encoding mesh Canopy sprays 1415.
01:07:35 | INFO: Draco encoder: Encoding mesh Canopy sprays 1416.
01:07:35 | INFO: Draco encoder: Encoding mesh Canopy sprays 1417.
01:07:35 | INFO: Draco encoder: Encoding mesh Canopy sprays 1418.
01:07:35 | INFO: Draco encoder: Encoding mesh Canopy sprays 1419.
01:07:35 | INFO: Draco encoder: Encoding mesh Canopy sprays 1420.
01:07:35 | INFO: Draco encoder: Encoding mesh Canopy sprays 1421.
01:07:35 | INFO: Draco encoder: Encoding mesh Canopy sprays 1422.
01:07:35 | INFO: Draco encoder: Encoding mesh Canopy sprays 1423.
01:07:35 | INFO: Draco encoder: Encoding mesh Canopy sprays 1424.
01:07:35 | INFO: Draco encoder: Encoding mesh Canopy sprays 1425.
01:07:35 | INFO: Draco encoder: Encoding mesh Canopy sprays 1426.
01:07:35 | INFO: Draco encoder: Encoding mesh Canopy sprays 1427.
01:07:35 | INFO: Draco encoder: Encoding mesh Canopy sprays 1428.
01:07:35 | INFO: Draco encoder: Encoding mesh Canopy sprays 1429.
01:07:35 | INFO: Draco encoder: Encoding mesh Canopy sprays 1430.
01:07:35 | INFO: Draco encoder: Encoding mesh Canopy sprays 1431.
01:07:35 | INFO: Draco encoder: Encoding mesh Canopy sprays 1432.
01:07:35 | INFO: Draco encoder: Encoding mesh Canopy sprays 1433.
01:07:35 | INFO: Draco encoder: Encoding mesh Canopy sprays 1434.
01:07:35 | INFO: Draco encoder: Encoding mesh Canopy sprays 1435.
01:07:35 | INFO: Draco encoder: Encoding mesh Canopy sprays 1436.
01:07:35 | INFO: Draco encoder: Encoding mesh Canopy sprays 1437.
01:07:35 | INFO: Draco encoder: Encoding mesh Canopy sprays 1438.
01:07:35 | INFO: Draco encoder: Encoding mesh Canopy sprays 1439.
01:07:35 | INFO: Draco encoder: Encoding mesh Canopy sprays 1440.
01:07:35 | INFO: Draco encoder: Encoding mesh Canopy sprays 1441.
01:07:35 | INFO: Draco encoder: Encoding mesh Canopy sprays 1442.
01:07:35 | INFO: Draco encoder: Encoding mesh Canopy sprays 1443.
01:07:35 | INFO: Draco encoder: Encoding mesh Canopy sprays 1444.
01:07:35 | INFO: Draco encoder: Encoding mesh Canopy sprays 1445.
01:07:35 | INFO: Draco encoder: Encoding mesh Canopy sprays 1446.
01:07:35 | INFO: Draco encoder: Encoding mesh Canopy sprays 1447.
01:07:35 | INFO: Draco encoder: Encoding mesh Canopy sprays 1448.
01:07:35 | INFO: Draco encoder: Encoding mesh Canopy sprays 1449.
01:07:35 | INFO: Draco encoder: Encoding mesh Canopy sprays 1450.
01:07:35 | INFO: Draco encoder: Encoding mesh Canopy sprays 1451.
01:07:35 | INFO: Draco encoder: Encoding mesh Canopy sprays 1452.
01:07:35 | INFO: Draco encoder: Encoding mesh Canopy sprays 1453.
01:07:35 | INFO: Draco encoder: Encoding mesh Canopy sprays 1454.
01:07:35 | INFO: Draco encoder: Encoding mesh Canopy sprays 1455.
01:07:35 | INFO: Draco encoder: Encoding mesh Canopy sprays 1456.
01:07:35 | INFO: Draco encoder: Encoding mesh Canopy sprays 1457.
01:07:35 | INFO: Draco encoder: Encoding mesh Canopy sprays 1458.
01:07:35 | INFO: Draco encoder: Encoding mesh Canopy sprays 1459.
01:07:35 | INFO: Draco encoder: Encoding mesh Canopy sprays 1460.
01:07:35 | INFO: Draco encoder: Encoding mesh Canopy sprays 1461.
01:07:35 | INFO: Draco encoder: Encoding mesh Canopy sprays 1462.
01:07:35 | INFO: Draco encoder: Encoding mesh Canopy sprays 1463.
01:07:35 | INFO: Draco encoder: Encoding mesh Canopy sprays 1464.
01:07:35 | INFO: Draco encoder: Encoding mesh Canopy sprays 1465.
01:07:35 | INFO: Draco encoder: Encoding mesh Canopy sprays 1466.
01:07:35 | INFO: Draco encoder: Encoding mesh Canopy sprays 1467.
01:07:35 | INFO: Draco encoder: Encoding mesh Canopy sprays 1468.
01:07:35 | INFO: Draco encoder: Encoding mesh Canopy sprays 1469.
01:07:35 | INFO: Draco encoder: Encoding mesh Canopy sprays 1470.
01:07:35 | INFO: Draco encoder: Encoding mesh Canopy sprays 1471.
01:07:35 | INFO: Draco encoder: Encoding mesh Canopy sprays 1472.
01:07:35 | INFO: Draco encoder: Encoding mesh Canopy sprays 1473.
01:07:35 | INFO: Draco encoder: Encoding mesh Canopy sprays 1474.
01:07:35 | INFO: Draco encoder: Encoding mesh Canopy sprays 1475.
01:07:35 | INFO: Draco encoder: Encoding mesh Canopy sprays 1476.
01:07:35 | INFO: Draco encoder: Encoding mesh Canopy sprays 1477.
01:07:35 | INFO: Draco encoder: Encoding mesh Canopy sprays 1478.
01:07:35 | INFO: Draco encoder: Encoding mesh Canopy sprays 1479.
01:07:35 | INFO: Draco encoder: Encoding mesh Canopy sprays 1480.
01:07:35 | INFO: Draco encoder: Encoding mesh Canopy sprays 1481.
01:07:35 | INFO: Draco encoder: Encoding mesh Canopy sprays 1482.
01:07:35 | INFO: Draco encoder: Encoding mesh Canopy sprays 1483.
01:07:35 | INFO: Draco encoder: Encoding mesh Canopy sprays 1484.
01:07:35 | INFO: Draco encoder: Encoding mesh Canopy sprays 1485.
01:07:35 | INFO: Draco encoder: Encoding mesh Canopy sprays 1486.
01:07:35 | INFO: Draco encoder: Encoding mesh Canopy sprays 1487.
01:07:35 | INFO: Draco encoder: Encoding mesh Canopy sprays 1488.
01:07:35 | INFO: Draco encoder: Encoding mesh Canopy sprays 1489.
01:07:35 | INFO: Draco encoder: Encoding mesh Canopy sprays 1490.
01:07:35 | INFO: Draco encoder: Encoding mesh Canopy sprays 1491.
01:07:35 | INFO: Draco encoder: Encoding mesh Canopy sprays 1492.
01:07:35 | INFO: Draco encoder: Encoding mesh Canopy sprays 1493.
01:07:35 | INFO: Draco encoder: Encoding mesh Canopy sprays 1494.
01:07:35 | INFO: Draco encoder: Encoding mesh Canopy sprays 1495.
01:07:35 | INFO: Draco encoder: Encoding mesh Canopy sprays 1496.
01:07:35 | INFO: Draco encoder: Encoding mesh Canopy sprays 1497.
01:07:35 | INFO: Draco encoder: Encoding mesh Canopy sprays 1498.
01:07:35 | INFO: Draco encoder: Encoding mesh Canopy sprays 1499.
01:07:35 | INFO: Draco encoder: Encoding mesh Canopy sprays 1500.
01:07:35 | INFO: Draco encoder: Encoding mesh Canopy sprays 1501.
01:07:35 | INFO: Draco encoder: Encoding mesh Canopy sprays 1502.
01:07:35 | INFO: Draco encoder: Encoding mesh Canopy sprays 1503.
01:07:35 | INFO: Draco encoder: Encoding mesh Canopy sprays 1504.
01:07:35 | INFO: Draco encoder: Encoding mesh Canopy sprays 1505.
01:07:35 | INFO: Draco encoder: Encoding mesh Canopy sprays 1506.
01:07:35 | INFO: Draco encoder: Encoding mesh Canopy sprays 1507.
01:07:35 | INFO: Draco encoder: Encoding mesh Canopy sprays 1508.
01:07:35 | INFO: Draco encoder: Encoding mesh Canopy sprays 1509.
01:07:35 | INFO: Draco encoder: Encoding mesh Canopy sprays 1510.
01:07:35 | INFO: Draco encoder: Encoding mesh Canopy sprays 1511.
01:07:35 | INFO: Draco encoder: Encoding mesh Canopy sprays 1512.
01:07:35 | INFO: Draco encoder: Encoding mesh Canopy sprays 1513.
01:07:35 | INFO: Draco encoder: Encoding mesh Canopy sprays 1514.
01:07:35 | INFO: Draco encoder: Encoding mesh Canopy sprays 1515.
01:07:35 | INFO: Draco encoder: Encoding mesh Canopy sprays 1516.
01:07:35 | INFO: Draco encoder: Encoding mesh Canopy sprays 1517.
01:07:35 | INFO: Draco encoder: Encoding mesh Canopy sprays 1518.
01:07:35 | INFO: Draco encoder: Encoding mesh Canopy sprays 1519.
01:07:35 | INFO: Draco encoder: Encoding mesh Canopy sprays 1520.
01:07:35 | INFO: Draco encoder: Encoding mesh Canopy sprays 1521.
01:07:35 | INFO: Draco encoder: Encoding mesh Canopy sprays 1522.
01:07:35 | INFO: Draco encoder: Encoding mesh Canopy sprays 1523.
01:07:35 | INFO: Draco encoder: Encoding mesh Canopy sprays 1524.
01:07:35 | INFO: Draco encoder: Encoding mesh Canopy sprays 1525.
01:07:35 | INFO: Draco encoder: Encoding mesh Canopy sprays 1526.
01:07:35 | INFO: Draco encoder: Encoding mesh Canopy sprays 1527.
01:07:35 | INFO: Draco encoder: Encoding mesh Canopy sprays 1528.
01:07:35 | INFO: Draco encoder: Encoding mesh Canopy sprays 1529.
01:07:35 | INFO: Draco encoder: Encoding mesh Canopy sprays 1530.
01:07:35 | INFO: Draco encoder: Encoding mesh Canopy sprays 1531.
01:07:35 | INFO: Draco encoder: Encoding mesh Canopy sprays 1532.
01:07:35 | INFO: Draco encoder: Encoding mesh Canopy sprays 1533.
01:07:35 | INFO: Draco encoder: Encoding mesh Canopy sprays 1534.
01:07:35 | INFO: Draco encoder: Encoding mesh Canopy sprays 1535.
01:07:35 | INFO: Draco encoder: Encoding mesh Canopy sprays 1536.
01:07:35 | INFO: Draco encoder: Encoding mesh Canopy sprays 1537.
01:07:35 | INFO: Draco encoder: Encoding mesh Canopy sprays 1538.
01:07:35 | INFO: Draco encoder: Encoding mesh Canopy sprays 1539.
01:07:35 | INFO: Draco encoder: Encoding mesh Canopy sprays 1540.
01:07:35 | INFO: Draco encoder: Encoding mesh Canopy sprays 1541.
01:07:35 | INFO: Draco encoder: Encoding mesh Canopy sprays 1542.
01:07:35 | INFO: Draco encoder: Encoding mesh Canopy sprays 1543.
01:07:35 | INFO: Draco encoder: Encoding mesh Canopy sprays 1544.
01:07:35 | INFO: Draco encoder: Encoding mesh Canopy sprays 1545.
01:07:35 | INFO: Draco encoder: Encoding mesh Canopy sprays 1546.
01:07:35 | INFO: Draco encoder: Encoding mesh Canopy sprays 1547.
01:07:35 | INFO: Draco encoder: Encoding mesh Canopy sprays 1548.
01:07:35 | INFO: Draco encoder: Encoding mesh Canopy sprays 1549.
01:07:35 | INFO: Draco encoder: Encoding mesh Canopy sprays 1550.
01:07:35 | INFO: Draco encoder: Encoding mesh Canopy sprays 1551.
01:07:35 | INFO: Draco encoder: Encoding mesh Canopy sprays 1552.
01:07:35 | INFO: Draco encoder: Encoding mesh Canopy sprays 1553.
01:07:35 | INFO: Draco encoder: Encoding mesh Canopy sprays 1554.
01:07:35 | INFO: Draco encoder: Encoding mesh Canopy sprays 1555.
01:07:35 | INFO: Draco encoder: Encoding mesh Canopy sprays 1556.
01:07:35 | INFO: Draco encoder: Encoding mesh Canopy sprays 1557.
01:07:35 | INFO: Draco encoder: Encoding mesh Canopy sprays 1558.
01:07:35 | INFO: Draco encoder: Encoding mesh Canopy sprays 1559.
01:07:35 | INFO: Draco encoder: Encoding mesh Canopy sprays 1560.
01:07:35 | INFO: Draco encoder: Encoding mesh Canopy sprays 1561.
01:07:35 | INFO: Draco encoder: Encoding mesh Canopy sprays 1562.
01:07:35 | INFO: Draco encoder: Encoding mesh Canopy sprays 1563.
01:07:35 | INFO: Draco encoder: Encoding mesh Canopy sprays 1564.
01:07:35 | INFO: Draco encoder: Encoding mesh Canopy sprays 1565.
01:07:35 | INFO: Draco encoder: Encoding mesh Canopy sprays 1566.
01:07:35 | INFO: Draco encoder: Encoding mesh Canopy sprays 1567.
01:07:35 | INFO: Draco encoder: Encoding mesh Canopy sprays 1568.
01:07:35 | INFO: Draco encoder: Encoding mesh Canopy sprays 1569.
01:07:35 | INFO: Draco encoder: Encoding mesh Canopy sprays 1570.
01:07:35 | INFO: Draco encoder: Encoding mesh Canopy sprays 1571.
01:07:35 | INFO: Draco encoder: Encoding mesh Canopy sprays 1572.
01:07:35 | INFO: Draco encoder: Encoding mesh Canopy sprays 1573.
01:07:35 | INFO: Draco encoder: Encoding mesh Canopy sprays 1574.
01:07:35 | INFO: Draco encoder: Encoding mesh Canopy sprays 1575.
01:07:35 | INFO: Draco encoder: Encoding mesh Canopy sprays 1576.
01:07:35 | INFO: Draco encoder: Encoding mesh Canopy sprays 1577.
01:07:35 | INFO: Draco encoder: Encoding mesh Canopy sprays 1578.
01:07:35 | INFO: Draco encoder: Encoding mesh Canopy sprays 1579.
01:07:35 | INFO: Draco encoder: Encoding mesh Canopy sprays 1580.
01:07:35 | INFO: Draco encoder: Encoding mesh Canopy sprays 1581.
01:07:35 | INFO: Draco encoder: Encoding mesh Canopy sprays 1582.
01:07:35 | INFO: Draco encoder: Encoding mesh Canopy sprays 1583.
01:07:35 | INFO: Draco encoder: Encoding mesh Canopy sprays 1584.
01:07:35 | INFO: Draco encoder: Encoding mesh Canopy sprays 1585.
01:07:35 | INFO: Draco encoder: Encoding mesh Canopy sprays 1586.
01:07:35 | INFO: Draco encoder: Encoding mesh Canopy sprays 1587.
01:07:35 | INFO: Draco encoder: Encoding mesh Canopy sprays 1588.
01:07:35 | INFO: Draco encoder: Encoding mesh Canopy sprays 1589.
01:07:35 | INFO: Draco encoder: Encoding mesh Canopy sprays 1590.
01:07:35 | INFO: Draco encoder: Encoding mesh Canopy sprays 1591.
01:07:35 | INFO: Draco encoder: Encoding mesh Canopy sprays 1592.
01:07:35 | INFO: Draco encoder: Encoding mesh Canopy sprays 1593.
01:07:35 | INFO: Draco encoder: Encoding mesh Canopy sprays 1594.
01:07:35 | INFO: Draco encoder: Encoding mesh Canopy sprays 1595.
01:07:35 | INFO: Draco encoder: Encoding mesh Canopy sprays 1596.
01:07:35 | INFO: Draco encoder: Encoding mesh Canopy sprays 1597.
01:07:35 | INFO: Draco encoder: Encoding mesh Canopy sprays 1598.
01:07:35 | INFO: Draco encoder: Encoding mesh Canopy sprays 1599.
01:07:35 | INFO: Draco encoder: Encoding mesh Canopy sprays 1600.
01:07:35 | INFO: Draco encoder: Encoding mesh Canopy sprays 1601.
01:07:35 | INFO: Draco encoder: Encoding mesh Canopy sprays 1602.
01:07:35 | INFO: Draco encoder: Encoding mesh Canopy sprays 1603.
01:07:35 | INFO: Draco encoder: Encoding mesh Canopy sprays 1604.
01:07:35 | INFO: Draco encoder: Encoding mesh Canopy sprays 1605.
01:07:35 | INFO: Draco encoder: Encoding mesh Canopy sprays 1606.
01:07:35 | INFO: Draco encoder: Encoding mesh Canopy sprays 1607.
01:07:35 | INFO: Draco encoder: Encoding mesh Canopy sprays 1608.
01:07:35 | INFO: Draco encoder: Encoding mesh Canopy sprays 1609.
01:07:35 | INFO: Draco encoder: Encoding mesh Canopy sprays 1610.
01:07:35 | INFO: Draco encoder: Encoding mesh Canopy sprays 1611.
01:07:35 | INFO: Draco encoder: Encoding mesh Canopy sprays 1612.
01:07:35 | INFO: Draco encoder: Encoding mesh Canopy sprays 1613.
01:07:35 | INFO: Draco encoder: Encoding mesh Canopy sprays 1614.
01:07:35 | INFO: Draco encoder: Encoding mesh Canopy sprays 1615.
01:07:35 | INFO: Draco encoder: Encoding mesh Canopy sprays 1616.
01:07:35 | INFO: Draco encoder: Encoding mesh Canopy sprays 1617.
01:07:35 | INFO: Draco encoder: Encoding mesh Canopy sprays 1618.
01:07:35 | INFO: Draco encoder: Encoding mesh Canopy sprays 1619.
01:07:35 | INFO: Draco encoder: Encoding mesh Canopy sprays 1620.
01:07:35 | INFO: Draco encoder: Encoding mesh Canopy sprays 1621.
01:07:35 | INFO: Draco encoder: Encoding mesh Canopy sprays 1622.
01:07:35 | INFO: Draco encoder: Encoding mesh Canopy sprays 1623.
01:07:35 | INFO: Draco encoder: Encoding mesh Canopy sprays 1624.
01:07:35 | INFO: Draco encoder: Encoding mesh Canopy sprays 1625.
01:07:35 | INFO: Draco encoder: Encoding mesh Canopy sprays 1626.
01:07:35 | INFO: Draco encoder: Encoding mesh Canopy sprays 1627.
01:07:35 | INFO: Draco encoder: Encoding mesh Canopy sprays 1628.
01:07:35 | INFO: Draco encoder: Encoding mesh Canopy sprays 1629.
01:07:35 | INFO: Draco encoder: Encoding mesh Canopy sprays 1630.
01:07:35 | INFO: Draco encoder: Encoding mesh Canopy sprays 1631.
01:07:35 | INFO: Draco encoder: Encoding mesh Canopy sprays 1632.
01:07:35 | INFO: Draco encoder: Encoding mesh Canopy sprays 1633.
01:07:35 | INFO: Draco encoder: Encoding mesh Canopy sprays 1634.
01:07:35 | INFO: Draco encoder: Encoding mesh Canopy sprays 1635.
01:07:35 | INFO: Draco encoder: Encoding mesh Canopy sprays 1636.
01:07:35 | INFO: Draco encoder: Encoding mesh Canopy sprays 1637.
01:07:35 | INFO: Draco encoder: Encoding mesh Canopy sprays 1638.
01:07:35 | INFO: Draco encoder: Encoding mesh Canopy sprays 1639.
01:07:35 | INFO: Draco encoder: Encoding mesh Canopy sprays 1640.
01:07:35 | INFO: Draco encoder: Encoding mesh Canopy sprays 1641.
01:07:35 | INFO: Draco encoder: Encoding mesh Canopy sprays 1642.
01:07:35 | INFO: Draco encoder: Encoding mesh Canopy sprays 1643.
01:07:35 | INFO: Draco encoder: Encoding mesh Canopy sprays 1644.
01:07:35 | INFO: Draco encoder: Encoding mesh Canopy sprays 1645.
01:07:35 | INFO: Draco encoder: Encoding mesh Canopy sprays 1646.
01:07:35 | INFO: Draco encoder: Encoding mesh Canopy sprays 1647.
01:07:35 | INFO: Draco encoder: Encoding mesh Canopy sprays 1648.
01:07:35 | INFO: Draco encoder: Encoding mesh Canopy sprays 1649.
01:07:35 | INFO: Draco encoder: Encoding mesh Canopy sprays 1650.
01:07:35 | INFO: Draco encoder: Encoding mesh Canopy sprays 1651.
01:07:35 | INFO: Draco encoder: Encoding mesh Canopy sprays 1652.
01:07:35 | INFO: Draco encoder: Encoding mesh Canopy sprays 1653.
01:07:35 | INFO: Draco encoder: Encoding mesh Canopy sprays 1654.
01:07:35 | INFO: Draco encoder: Encoding mesh Canopy sprays 1655.
01:07:35 | INFO: Draco encoder: Encoding mesh Canopy sprays 1656.
01:07:35 | INFO: Draco encoder: Encoding mesh Canopy sprays 1657.
01:07:35 | INFO: Draco encoder: Encoding mesh Canopy sprays 1658.
01:07:35 | INFO: Draco encoder: Encoding mesh Canopy sprays 1659.
01:07:35 | INFO: Draco encoder: Encoding mesh Canopy sprays 1660.
01:07:35 | INFO: Draco encoder: Encoding mesh Canopy sprays 1661.
01:07:35 | INFO: Draco encoder: Encoding mesh Canopy sprays 1662.
01:07:35 | INFO: Draco encoder: Encoding mesh Canopy sprays 1663.
01:07:35 | INFO: Draco encoder: Encoding mesh Canopy sprays 1664.
01:07:35 | INFO: Draco encoder: Encoding mesh Canopy sprays 1665.
01:07:35 | INFO: Draco encoder: Encoding mesh Canopy sprays 1666.
01:07:35 | INFO: Draco encoder: Encoding mesh Canopy sprays 1667.
01:07:35 | INFO: Draco encoder: Encoding mesh Canopy sprays 1668.
01:07:35 | INFO: Draco encoder: Encoding mesh Canopy sprays 1669.
01:07:35 | INFO: Draco encoder: Encoding mesh Canopy sprays 1670.
01:07:35 | INFO: Draco encoder: Encoding mesh Canopy sprays 1671.
01:07:35 | INFO: Draco encoder: Encoding mesh Canopy sprays 1672.
01:07:35 | INFO: Draco encoder: Encoding mesh Canopy sprays 1673.
01:07:35 | INFO: Draco encoder: Encoding mesh Canopy sprays 1674.
01:07:35 | INFO: Draco encoder: Encoding mesh Canopy sprays 1675.
01:07:35 | INFO: Draco encoder: Encoding mesh Canopy sprays 1676.
01:07:35 | INFO: Draco encoder: Encoding mesh Canopy sprays 1677.
01:07:35 | INFO: Draco encoder: Encoding mesh Canopy sprays 1678.
01:07:35 | INFO: Draco encoder: Encoding mesh Canopy sprays 1679.
01:07:35 | INFO: Draco encoder: Encoding mesh Canopy sprays 1680.
01:07:35 | INFO: Draco encoder: Encoding mesh Canopy sprays 1681.
01:07:35 | INFO: Draco encoder: Encoding mesh Canopy sprays 1682.
01:07:35 | INFO: Draco encoder: Encoding mesh Canopy sprays 1683.
01:07:35 | INFO: Draco encoder: Encoding mesh Canopy sprays 1684.
01:07:35 | INFO: Draco encoder: Encoding mesh Canopy sprays 1685.
01:07:35 | INFO: Draco encoder: Encoding mesh Canopy sprays 1686.
01:07:35 | INFO: Draco encoder: Encoding mesh Canopy sprays 1687.
01:07:35 | INFO: Draco encoder: Encoding mesh Canopy sprays 1688.
01:07:35 | INFO: Draco encoder: Encoding mesh Canopy sprays 1689.
01:07:35 | INFO: Draco encoder: Encoding mesh Canopy sprays 1690.
01:07:35 | INFO: Draco encoder: Encoding mesh Canopy sprays 1691.
01:07:35 | INFO: Draco encoder: Encoding mesh Canopy sprays 1692.
01:07:35 | INFO: Draco encoder: Encoding mesh Canopy sprays 1693.
01:07:35 | INFO: Draco encoder: Encoding mesh Canopy sprays 1694.
01:07:35 | INFO: Draco encoder: Encoding mesh Canopy sprays 1695.
01:07:35 | INFO: Draco encoder: Encoding mesh Canopy sprays 1696.
01:07:35 | INFO: Draco encoder: Encoding mesh Canopy sprays 1697.
01:07:35 | INFO: Draco encoder: Encoding mesh Canopy sprays 1698.
01:07:35 | INFO: Draco encoder: Encoding mesh Canopy sprays 1699.
01:07:35 | INFO: Draco encoder: Encoding mesh Canopy sprays 1700.
01:07:35 | INFO: Draco encoder: Encoding mesh Canopy sprays 1701.
01:07:35 | INFO: Draco encoder: Encoding mesh Canopy sprays 1702.
01:07:35 | INFO: Draco encoder: Encoding mesh Canopy sprays 1703.
01:07:35 | INFO: Draco encoder: Encoding mesh Canopy sprays 1704.
01:07:35 | INFO: Draco encoder: Encoding mesh Canopy sprays 1705.
01:07:35 | INFO: Draco encoder: Encoding mesh Canopy sprays 1706.
01:07:35 | INFO: Draco encoder: Encoding mesh Canopy sprays 1707.
01:07:35 | INFO: Draco encoder: Encoding mesh Canopy sprays 1708.
01:07:35 | INFO: Draco encoder: Encoding mesh Canopy sprays 1709.
01:07:35 | INFO: Draco encoder: Encoding mesh Canopy sprays 1710.
01:07:35 | INFO: Draco encoder: Encoding mesh Canopy sprays 1711.
01:07:35 | INFO: Draco encoder: Encoding mesh Canopy sprays 1712.
01:07:35 | INFO: Draco encoder: Encoding mesh Canopy sprays 1713.
01:07:35 | INFO: Draco encoder: Encoding mesh Canopy sprays 1714.
01:07:35 | INFO: Draco encoder: Encoding mesh Canopy sprays 1715.
01:07:35 | INFO: Draco encoder: Encoding mesh Canopy sprays 1716.
01:07:35 | INFO: Draco encoder: Encoding mesh Canopy sprays 1717.
01:07:35 | INFO: Draco encoder: Encoding mesh Canopy sprays 1718.
01:07:35 | INFO: Draco encoder: Encoding mesh Canopy sprays 1719.
01:07:35 | INFO: Draco encoder: Encoding mesh Canopy sprays 1720.
01:07:35 | INFO: Draco encoder: Encoding mesh Canopy sprays 1721.
01:07:35 | INFO: Draco encoder: Encoding mesh Canopy sprays 1722.
01:07:35 | INFO: Draco encoder: Encoding mesh Canopy sprays 1723.
01:07:35 | INFO: Draco encoder: Encoding mesh Canopy sprays 1724.
01:07:35 | INFO: Draco encoder: Encoding mesh Canopy sprays 1725.
01:07:35 | INFO: Draco encoder: Encoding mesh Canopy sprays 1726.
01:07:35 | INFO: Draco encoder: Encoding mesh Canopy sprays 1727.
01:07:35 | INFO: Draco encoder: Encoding mesh Canopy sprays 1728.
01:07:35 | INFO: Draco encoder: Encoding mesh Canopy sprays 1729.
01:07:35 | INFO: Draco encoder: Encoding mesh Canopy sprays 1730.
01:07:35 | INFO: Draco encoder: Encoding mesh Canopy sprays 1731.
01:07:35 | INFO: Draco encoder: Encoding mesh Canopy sprays 1732.
01:07:35 | INFO: Draco encoder: Encoding mesh Canopy sprays 1733.
01:07:35 | INFO: Draco encoder: Encoding mesh Canopy sprays 1734.
01:07:35 | INFO: Draco encoder: Encoding mesh Canopy sprays 1735.
01:07:35 | INFO: Draco encoder: Encoding mesh Canopy sprays 1736.
01:07:35 | INFO: Draco encoder: Encoding mesh Canopy sprays 1737.
01:07:35 | INFO: Draco encoder: Encoding mesh Canopy sprays 1738.
01:07:35 | INFO: Draco encoder: Encoding mesh Canopy sprays 1739.
01:07:35 | INFO: Draco encoder: Encoding mesh Canopy sprays 1740.
01:07:35 | INFO: Draco encoder: Encoding mesh Canopy sprays 1741.
01:07:35 | INFO: Draco encoder: Encoding mesh Canopy sprays 1742.
01:07:35 | INFO: Draco encoder: Encoding mesh Canopy sprays 1743.
01:07:35 | INFO: Draco encoder: Encoding mesh Canopy sprays 1744.
01:07:35 | INFO: Draco encoder: Encoding mesh Canopy sprays 1745.
01:07:35 | INFO: Draco encoder: Encoding mesh Canopy sprays 1746.
01:07:35 | INFO: Draco encoder: Encoding mesh Canopy sprays 1747.
01:07:35 | INFO: Draco encoder: Encoding mesh Canopy sprays 1748.
01:07:35 | INFO: Draco encoder: Encoding mesh Canopy sprays 1749.
01:07:35 | INFO: Draco encoder: Encoding mesh Canopy sprays 1750.
01:07:35 | INFO: Draco encoder: Encoding mesh Canopy sprays 1751.
01:07:35 | INFO: Draco encoder: Encoding mesh Canopy sprays 1752.
01:07:35 | INFO: Draco encoder: Encoding mesh Canopy sprays 1753.
01:07:35 | INFO: Draco encoder: Encoding mesh Canopy sprays 1754.
01:07:35 | INFO: Draco encoder: Encoding mesh Canopy sprays 1755.
01:07:35 | INFO: Draco encoder: Encoding mesh Canopy sprays 1756.
01:07:35 | INFO: Draco encoder: Encoding mesh Canopy sprays 1757.
01:07:35 | INFO: Draco encoder: Encoding mesh Canopy sprays 1758.
01:07:35 | INFO: Draco encoder: Encoding mesh Canopy sprays 1759.
01:07:35 | INFO: Draco encoder: Encoding mesh Canopy sprays 1760.
01:07:35 | INFO: Draco encoder: Encoding mesh Canopy sprays 1761.
01:07:35 | INFO: Draco encoder: Encoding mesh Canopy sprays 1762.
01:07:35 | INFO: Draco encoder: Encoding mesh Canopy sprays 1763.
01:07:35 | INFO: Draco encoder: Encoding mesh Canopy sprays 1764.
01:07:35 | INFO: Draco encoder: Encoding mesh Canopy sprays 1765.
01:07:35 | INFO: Draco encoder: Encoding mesh Canopy sprays 1766.
01:07:35 | INFO: Draco encoder: Encoding mesh Canopy sprays 1767.
01:07:35 | INFO: Draco encoder: Encoding mesh Canopy sprays 1768.
01:07:35 | INFO: Draco encoder: Encoding mesh Canopy sprays 1769.
01:07:35 | INFO: Draco encoder: Encoding mesh Canopy sprays 1770.
01:07:35 | INFO: Draco encoder: Encoding mesh Canopy sprays 1771.
01:07:35 | INFO: Draco encoder: Encoding mesh Canopy sprays 1772.
01:07:35 | INFO: Draco encoder: Encoding mesh Canopy sprays 1773.
01:07:35 | INFO: Draco encoder: Encoding mesh Canopy sprays 1774.
01:07:35 | INFO: Draco encoder: Encoding mesh Canopy sprays 1775.
01:07:35 | INFO: Draco encoder: Encoding mesh Canopy sprays 1776.
01:07:35 | INFO: Draco encoder: Encoding mesh Canopy sprays 1777.
01:07:35 | INFO: Draco encoder: Encoding mesh Canopy sprays 1778.
01:07:35 | INFO: Draco encoder: Encoding mesh Canopy sprays 1779.
01:07:35 | INFO: Draco encoder: Encoding mesh Canopy sprays 1780.
01:07:35 | INFO: Draco encoder: Encoding mesh Canopy sprays 1781.
01:07:35 | INFO: Draco encoder: Encoding mesh Canopy sprays 1782.
01:07:35 | INFO: Draco encoder: Encoding mesh Canopy sprays 1783.
01:07:35 | INFO: Draco encoder: Encoding mesh Canopy sprays 1784.
01:07:35 | INFO: Draco encoder: Encoding mesh Canopy sprays 1785.
01:07:35 | INFO: Draco encoder: Encoding mesh Canopy sprays 1786.
01:07:35 | INFO: Draco encoder: Encoding mesh Canopy sprays 1787.
01:07:35 | INFO: Draco encoder: Encoding mesh Canopy sprays 1788.
01:07:35 | INFO: Draco encoder: Encoding mesh Canopy sprays 1789.
01:07:35 | INFO: Draco encoder: Encoding mesh Canopy sprays 1790.
01:07:35 | INFO: Draco encoder: Encoding mesh Canopy sprays 1791.
01:07:35 | INFO: Draco encoder: Encoding mesh Canopy sprays 1792.
01:07:35 | INFO: Draco encoder: Encoding mesh Canopy sprays 1793.
01:07:35 | INFO: Draco encoder: Encoding mesh Canopy sprays 1794.
01:07:35 | INFO: Draco encoder: Encoding mesh Canopy sprays 1795.
01:07:35 | INFO: Draco encoder: Encoding mesh Canopy sprays 1796.
01:07:35 | INFO: Draco encoder: Encoding mesh Canopy sprays 1797.
01:07:35 | INFO: Draco encoder: Encoding mesh Canopy sprays 1798.
01:07:35 | INFO: Draco encoder: Encoding mesh Canopy sprays 1799.
01:07:35 | INFO: Draco encoder: Encoding mesh Canopy sprays 1800.
01:07:35 | INFO: Draco encoder: Encoding mesh Canopy sprays 1801.
01:07:35 | INFO: Draco encoder: Encoding mesh Canopy sprays 1802.
01:07:35 | INFO: Draco encoder: Encoding mesh Canopy sprays 1803.
01:07:35 | INFO: Draco encoder: Encoding mesh Canopy sprays 1804.
01:07:35 | INFO: Draco encoder: Encoding mesh Canopy sprays 1805.
01:07:35 | INFO: Draco encoder: Encoding mesh Canopy sprays 1806.
01:07:35 | INFO: Draco encoder: Encoding mesh Canopy sprays 1807.
01:07:35 | INFO: Draco encoder: Encoding mesh Canopy sprays 1808.
01:07:35 | INFO: Draco encoder: Encoding mesh Canopy sprays 1809.
01:07:35 | INFO: Draco encoder: Encoding mesh Canopy sprays 1810.
01:07:35 | INFO: Draco encoder: Encoding mesh Canopy sprays 1811.
01:07:35 | INFO: Draco encoder: Encoding mesh Canopy sprays 1812.
01:07:35 | INFO: Draco encoder: Encoding mesh Canopy sprays 1813.
01:07:35 | INFO: Draco encoder: Encoding mesh Canopy sprays 1814.
01:07:35 | INFO: Draco encoder: Encoding mesh Canopy sprays 1815.
01:07:35 | INFO: Draco encoder: Encoding mesh Canopy sprays 1816.
01:07:35 | INFO: Draco encoder: Encoding mesh Canopy sprays 1817.
01:07:35 | INFO: Draco encoder: Encoding mesh Canopy sprays 1818.
01:07:35 | INFO: Draco encoder: Encoding mesh Canopy sprays 1819.
01:07:35 | INFO: Draco encoder: Encoding mesh Canopy sprays 1820.
01:07:35 | INFO: Draco encoder: Encoding mesh Canopy sprays 1821.
01:07:35 | INFO: Draco encoder: Encoding mesh Canopy sprays 1822.
01:07:35 | INFO: Draco encoder: Encoding mesh Canopy sprays 1823.
01:07:35 | INFO: Draco encoder: Encoding mesh Canopy sprays 1824.
01:07:35 | INFO: Draco encoder: Encoding mesh Canopy sprays 1825.
01:07:35 | INFO: Draco encoder: Encoding mesh Canopy sprays 1826.
01:07:35 | INFO: Draco encoder: Encoding mesh Canopy sprays 1827.
01:07:35 | INFO: Draco encoder: Encoding mesh Canopy sprays 1828.
01:07:35 | INFO: Draco encoder: Encoding mesh Canopy sprays 1829.
01:07:35 | INFO: Draco encoder: Encoding mesh Canopy sprays 1830.
01:07:35 | INFO: Draco encoder: Encoding mesh Canopy sprays 1831.
01:07:35 | INFO: Draco encoder: Encoding mesh Canopy sprays 1832.
01:07:35 | INFO: Draco encoder: Encoding mesh Canopy sprays 1833.
01:07:35 | INFO: Draco encoder: Encoding mesh Canopy sprays 1834.
01:07:35 | INFO: Draco encoder: Encoding mesh Canopy sprays 1835.
01:07:35 | INFO: Draco encoder: Encoding mesh Canopy sprays 1836.
01:07:35 | INFO: Draco encoder: Encoding mesh Canopy sprays 1837.
01:07:35 | INFO: Draco encoder: Encoding mesh Canopy sprays 1838.
01:07:35 | INFO: Draco encoder: Encoding mesh Canopy sprays 1839.
01:07:35 | INFO: Draco encoder: Encoding mesh Canopy sprays 1840.
01:07:35 | INFO: Draco encoder: Encoding mesh Canopy sprays 1841.
01:07:35 | INFO: Draco encoder: Encoding mesh Canopy sprays 1842.
01:07:35 | INFO: Draco encoder: Encoding mesh Canopy sprays 1843.
01:07:35 | INFO: Draco encoder: Encoding mesh Canopy sprays 1844.
01:07:35 | INFO: Draco encoder: Encoding mesh Canopy sprays 1845.
01:07:35 | INFO: Draco encoder: Encoding mesh Canopy sprays 1846.
01:07:35 | INFO: Draco encoder: Encoding mesh Canopy sprays 1847.
01:07:35 | INFO: Draco encoder: Encoding mesh Canopy sprays 1848.
01:07:35 | INFO: Draco encoder: Encoding mesh Canopy sprays 1849.
01:07:35 | INFO: Draco encoder: Encoding mesh Canopy sprays 1850.
01:07:35 | INFO: Draco encoder: Encoding mesh Canopy sprays 1851.
01:07:35 | INFO: Draco encoder: Encoding mesh Canopy sprays 1852.
01:07:35 | INFO: Draco encoder: Encoding mesh Canopy sprays 1853.
01:07:35 | INFO: Draco encoder: Encoding mesh Canopy sprays 1854.
01:07:35 | INFO: Draco encoder: Encoding mesh Canopy sprays 1855.
01:07:35 | INFO: Draco encoder: Encoding mesh Canopy sprays 1856.
01:07:35 | INFO: Draco encoder: Encoding mesh Canopy sprays 1857.
01:07:35 | INFO: Draco encoder: Encoding mesh Canopy sprays 1858.
01:07:35 | INFO: Draco encoder: Encoding mesh Canopy sprays 1859.
01:07:35 | INFO: Draco encoder: Encoding mesh Canopy sprays 1860.
01:07:35 | INFO: Draco encoder: Encoding mesh Canopy sprays 1861.
01:07:35 | INFO: Draco encoder: Encoding mesh Canopy sprays 1862.
01:07:35 | INFO: Draco encoder: Encoding mesh Canopy sprays 1863.
01:07:35 | INFO: Draco encoder: Encoding mesh Canopy sprays 1864.
01:07:35 | INFO: Draco encoder: Encoding mesh Canopy sprays 1865.
01:07:35 | INFO: Draco encoder: Encoding mesh Canopy sprays 1866.
01:07:35 | INFO: Draco encoder: Encoding mesh Canopy sprays 1867.
01:07:35 | INFO: Draco encoder: Encoding mesh Canopy sprays 1868.
01:07:35 | INFO: Draco encoder: Encoding mesh Canopy sprays 1869.
01:07:35 | INFO: Draco encoder: Encoding mesh Canopy sprays 1870.
01:07:35 | INFO: Draco encoder: Encoding mesh Canopy sprays 1871.
01:07:35 | INFO: Draco encoder: Encoding mesh Canopy sprays 1872.
01:07:35 | INFO: Draco encoder: Encoding mesh Canopy sprays 1873.
01:07:35 | INFO: Draco encoder: Encoding mesh Canopy sprays 1874.
01:07:35 | INFO: Draco encoder: Encoding mesh Canopy sprays 1875.
01:07:35 | INFO: Draco encoder: Encoding mesh Canopy sprays 1876.
01:07:35 | INFO: Draco encoder: Encoding mesh Canopy sprays 1877.
01:07:35 | INFO: Draco encoder: Encoding mesh Canopy sprays 1878.
01:07:35 | INFO: Draco encoder: Encoding mesh Canopy sprays 1879.
01:07:35 | INFO: Draco encoder: Encoding mesh Canopy sprays 1880.
01:07:35 | INFO: Draco encoder: Encoding mesh Canopy sprays 1881.
01:07:35 | INFO: Draco encoder: Encoding mesh Canopy sprays 1882.
01:07:35 | INFO: Draco encoder: Encoding mesh Canopy sprays 1883.
01:07:35 | INFO: Draco encoder: Encoding mesh Canopy sprays 1884.
01:07:35 | INFO: Draco encoder: Encoding mesh Canopy sprays 1885.
01:07:35 | INFO: Draco encoder: Encoding mesh Canopy sprays 1886.
01:07:35 | INFO: Draco encoder: Encoding mesh Canopy sprays 1887.
01:07:35 | INFO: Draco encoder: Encoding mesh Canopy sprays 1888.
01:07:35 | INFO: Draco encoder: Encoding mesh Canopy sprays 1889.
01:07:35 | INFO: Draco encoder: Encoding mesh Canopy sprays 1890.
01:07:35 | INFO: Draco encoder: Encoding mesh Canopy sprays 1891.
01:07:35 | INFO: Draco encoder: Encoding mesh Canopy sprays 1892.
01:07:35 | INFO: Draco encoder: Encoding mesh Canopy sprays 1893.
01:07:35 | INFO: Draco encoder: Encoding mesh Canopy sprays 1894.
01:07:35 | INFO: Draco encoder: Encoding mesh Canopy sprays 1895.
01:07:35 | INFO: Draco encoder: Encoding mesh Canopy sprays 1896.
01:07:35 | INFO: Draco encoder: Encoding mesh Canopy sprays 1897.
01:07:35 | INFO: Draco encoder: Encoding mesh Canopy sprays 1898.
01:07:35 | INFO: Draco encoder: Encoding mesh Canopy sprays 1899.
01:07:35 | INFO: Draco encoder: Encoding mesh Canopy sprays 1900.
01:07:35 | INFO: Draco encoder: Encoding mesh Canopy sprays 1901.
01:07:35 | INFO: Draco encoder: Encoding mesh Canopy sprays 1902.
01:07:35 | INFO: Draco encoder: Encoding mesh Canopy sprays 1903.
01:07:35 | INFO: Draco encoder: Encoding mesh Canopy sprays 1904.
01:07:35 | INFO: Draco encoder: Encoding mesh Canopy sprays 1905.
01:07:35 | INFO: Draco encoder: Encoding mesh Canopy sprays 1906.
01:07:35 | INFO: Draco encoder: Encoding mesh Canopy sprays 1907.
01:07:35 | INFO: Draco encoder: Encoding mesh Canopy sprays 1908.
01:07:35 | INFO: Draco encoder: Encoding mesh Canopy sprays 1909.
01:07:35 | INFO: Draco encoder: Encoding mesh Canopy sprays 1910.
01:07:35 | INFO: Draco encoder: Encoding mesh Canopy sprays 1911.
01:07:35 | INFO: Draco encoder: Encoding mesh Canopy sprays 1912.
01:07:35 | INFO: Draco encoder: Encoding mesh Canopy sprays 1913.
01:07:35 | INFO: Draco encoder: Encoding mesh Canopy sprays 1914.
01:07:35 | INFO: Draco encoder: Encoding mesh Canopy sprays 1915.
01:07:35 | INFO: Draco encoder: Encoding mesh Canopy sprays 1916.
01:07:35 | INFO: Draco encoder: Encoding mesh Canopy sprays 1917.
01:07:35 | INFO: Draco encoder: Encoding mesh Canopy sprays 1918.
01:07:35 | INFO: Draco encoder: Encoding mesh Canopy sprays 1919.
01:07:35 | INFO: Draco encoder: Encoding mesh Canopy sprays 2590.
01:07:35 | INFO: Draco encoder: Encoding mesh Canopy sprays 2591.
01:07:35 | INFO: Draco encoder: Encoding mesh Canopy sprays 2592.
01:07:35 | INFO: Draco encoder: Encoding mesh Canopy sprays 2593.
01:07:35 | INFO: Draco encoder: Encoding mesh Canopy sprays 2594.
01:07:35 | INFO: Draco encoder: Encoding mesh Canopy sprays 2595.
01:07:35 | INFO: Draco encoder: Encoding mesh Canopy sprays 2596.
01:07:35 | INFO: Draco encoder: Encoding mesh Canopy sprays 2597.
01:07:35 | INFO: Draco encoder: Encoding mesh Canopy sprays 2598.
01:07:35 | INFO: Draco encoder: Encoding mesh Canopy sprays 2599.
01:07:35 | INFO: Draco encoder: Encoding mesh Canopy sprays 2600.
01:07:35 | INFO: Draco encoder: Encoding mesh Canopy sprays 2601.
01:07:35 | INFO: Draco encoder: Encoding mesh Canopy sprays 2602.
01:07:35 | INFO: Draco encoder: Encoding mesh Canopy sprays 2603.
01:07:35 | INFO: Draco encoder: Encoding mesh Canopy sprays 2604.
01:07:35 | INFO: Draco encoder: Encoding mesh Canopy sprays 2605.
01:07:35 | INFO: Draco encoder: Encoding mesh Canopy sprays 2606.
01:07:35 | INFO: Draco encoder: Encoding mesh Canopy sprays 2607.
01:07:35 | INFO: Draco encoder: Encoding mesh Canopy sprays 2608.
01:07:35 | INFO: Draco encoder: Encoding mesh Canopy sprays 2609.
01:07:35 | INFO: Draco encoder: Encoding mesh Canopy sprays 2610.
01:07:35 | INFO: Draco encoder: Encoding mesh Canopy sprays 2611.
01:07:35 | INFO: Draco encoder: Encoding mesh Canopy sprays 2612.
01:07:35 | INFO: Draco encoder: Encoding mesh Canopy sprays 2613.
01:07:35 | INFO: Draco encoder: Encoding mesh Canopy sprays 2614.
01:07:35 | INFO: Draco encoder: Encoding mesh Canopy sprays 2615.
01:07:35 | INFO: Draco encoder: Encoding mesh Canopy sprays 2616.
01:07:35 | INFO: Draco encoder: Encoding mesh Canopy sprays 2617.
01:07:35 | INFO: Draco encoder: Encoding mesh Canopy sprays 2618.
01:07:35 | INFO: Draco encoder: Encoding mesh Canopy sprays 2619.
01:07:35 | INFO: Draco encoder: Encoding mesh Canopy sprays 2620.
01:07:35 | INFO: Draco encoder: Encoding mesh Canopy sprays 2621.
01:07:35 | INFO: Draco encoder: Encoding mesh Canopy sprays 2622.
01:07:35 | INFO: Draco encoder: Encoding mesh Canopy sprays 2623.
01:07:35 | INFO: Draco encoder: Encoding mesh Canopy sprays 2624.
01:07:35 | INFO: Draco encoder: Encoding mesh Canopy sprays 2625.
01:07:35 | INFO: Draco encoder: Encoding mesh Canopy sprays 2626.
01:07:35 | INFO: Draco encoder: Encoding mesh Canopy sprays 2627.
01:07:35 | INFO: Draco encoder: Encoding mesh Canopy sprays 2628.
01:07:35 | INFO: Draco encoder: Encoding mesh Canopy sprays 2629.
01:07:35 | INFO: Draco encoder: Encoding mesh Canopy sprays 2630.
01:07:35 | INFO: Draco encoder: Encoding mesh Canopy sprays 2631.
01:07:35 | INFO: Draco encoder: Encoding mesh Canopy sprays 2632.
01:07:35 | INFO: Draco encoder: Encoding mesh Canopy sprays 2633.
01:07:35 | INFO: Draco encoder: Encoding mesh Canopy sprays 2634.
01:07:35 | INFO: Draco encoder: Encoding mesh Canopy sprays 2635.
01:07:35 | INFO: Draco encoder: Encoding mesh Canopy sprays 2636.
01:07:35 | INFO: Draco encoder: Encoding mesh Canopy sprays 2637.
01:07:35 | INFO: Draco encoder: Encoding mesh Canopy sprays 2638.
01:07:35 | INFO: Draco encoder: Encoding mesh Canopy sprays 2639.
01:07:35 | INFO: Draco encoder: Encoding mesh Canopy sprays 2640.
01:07:35 | INFO: Draco encoder: Encoding mesh Canopy sprays 2641.
01:07:35 | INFO: Draco encoder: Encoding mesh Canopy sprays 2642.
01:07:35 | INFO: Draco encoder: Encoding mesh Canopy sprays 2643.
01:07:35 | INFO: Draco encoder: Encoding mesh Canopy sprays 2644.
01:07:35 | INFO: Draco encoder: Encoding mesh Canopy sprays 2645.
01:07:35 | INFO: Draco encoder: Encoding mesh Canopy sprays 2646.
01:07:35 | INFO: Draco encoder: Encoding mesh Canopy sprays 2647.
01:07:35 | INFO: Draco encoder: Encoding mesh Canopy sprays 2648.
01:07:35 | INFO: Draco encoder: Encoding mesh Canopy sprays 2649.
01:07:35 | INFO: Draco encoder: Encoding mesh Canopy sprays 2650.
01:07:35 | INFO: Draco encoder: Encoding mesh Canopy sprays 2651.
01:07:35 | INFO: Draco encoder: Encoding mesh Canopy sprays 2652.
01:07:35 | INFO: Draco encoder: Encoding mesh Canopy sprays 2653.
01:07:35 | INFO: Draco encoder: Encoding mesh Canopy sprays 2654.
01:07:35 | INFO: Draco encoder: Encoding mesh Canopy sprays 2655.
01:07:35 | INFO: Draco encoder: Encoding mesh Canopy sprays 2656.
01:07:35 | INFO: Draco encoder: Encoding mesh Canopy sprays 2657.
01:07:35 | INFO: Draco encoder: Encoding mesh Canopy sprays 2658.
01:07:35 | INFO: Draco encoder: Encoding mesh Canopy sprays 2659.
01:07:35 | INFO: Draco encoder: Encoding mesh Canopy sprays 2660.
01:07:35 | INFO: Draco encoder: Encoding mesh Canopy sprays 2661.
01:07:35 | INFO: Draco encoder: Encoding mesh Canopy sprays 2662.
01:07:35 | INFO: Draco encoder: Encoding mesh Canopy sprays 2663.
01:07:35 | INFO: Draco encoder: Encoding mesh Canopy sprays 2664.
01:07:35 | INFO: Draco encoder: Encoding mesh Canopy sprays 2665.
01:07:35 | INFO: Draco encoder: Encoding mesh Canopy sprays 2666.
01:07:35 | INFO: Draco encoder: Encoding mesh Canopy sprays 2667.
01:07:35 | INFO: Draco encoder: Encoding mesh Canopy sprays 2668.
01:07:35 | INFO: Draco encoder: Encoding mesh Canopy sprays 2669.
01:07:35 | INFO: Draco encoder: Encoding mesh Canopy sprays 2670.
01:07:35 | INFO: Draco encoder: Encoding mesh Canopy sprays 2671.
01:07:35 | INFO: Draco encoder: Encoding mesh Canopy sprays 2672.
01:07:35 | INFO: Draco encoder: Encoding mesh Canopy sprays 2673.
01:07:35 | INFO: Draco encoder: Encoding mesh Canopy sprays 2674.
01:07:35 | INFO: Draco encoder: Encoding mesh Canopy sprays 2675.
01:07:35 | INFO: Draco encoder: Encoding mesh Canopy sprays 2676.
01:07:35 | INFO: Draco encoder: Encoding mesh Canopy sprays 2677.
01:07:35 | INFO: Draco encoder: Encoding mesh Canopy sprays 2678.
01:07:35 | INFO: Draco encoder: Encoding mesh Canopy sprays 2679.
01:07:35 | INFO: Draco encoder: Encoding mesh Canopy sprays 2680.
01:07:35 | INFO: Draco encoder: Encoding mesh Canopy sprays 2681.
01:07:35 | INFO: Draco encoder: Encoding mesh Canopy sprays 2682.
01:07:35 | INFO: Draco encoder: Encoding mesh Canopy sprays 2683.
01:07:35 | INFO: Draco encoder: Encoding mesh Canopy sprays 2684.
01:07:35 | INFO: Draco encoder: Encoding mesh Canopy sprays 2685.
01:07:35 | INFO: Draco encoder: Encoding mesh Canopy sprays 2686.
01:07:35 | INFO: Draco encoder: Encoding mesh Canopy sprays 2687.
01:07:35 | INFO: Draco encoder: Encoding mesh Canopy sprays 2688.
01:07:35 | INFO: Draco encoder: Encoding mesh Canopy sprays 2689.
01:07:35 | INFO: Draco encoder: Encoding mesh Canopy sprays 2690.
01:07:35 | INFO: Draco encoder: Encoding mesh Canopy sprays 2691.
01:07:35 | INFO: Draco encoder: Encoding mesh Canopy sprays 2692.
01:07:35 | INFO: Draco encoder: Encoding mesh Canopy sprays 2693.
01:07:35 | INFO: Draco encoder: Encoding mesh Canopy sprays 2694.
01:07:35 | INFO: Draco encoder: Encoding mesh Canopy sprays 2695.
01:07:35 | INFO: Draco encoder: Encoding mesh Canopy sprays 2696.
01:07:35 | INFO: Draco encoder: Encoding mesh Canopy sprays 2697.
01:07:35 | INFO: Draco encoder: Encoding mesh Canopy sprays 2698.
01:07:35 | INFO: Draco encoder: Encoding mesh Canopy sprays 2699.
01:07:35 | INFO: Draco encoder: Encoding mesh Canopy sprays 2700.
01:07:35 | INFO: Draco encoder: Encoding mesh Canopy sprays 2701.
01:07:35 | INFO: Draco encoder: Encoding mesh Canopy sprays 2702.
01:07:35 | INFO: Draco encoder: Encoding mesh Canopy sprays 2703.
01:07:35 | INFO: Draco encoder: Encoding mesh Canopy sprays 2704.
01:07:35 | INFO: Draco encoder: Encoding mesh Canopy sprays 2705.
01:07:35 | INFO: Draco encoder: Encoding mesh Canopy sprays 2706.
01:07:35 | INFO: Draco encoder: Encoding mesh Canopy sprays 2707.
01:07:35 | INFO: Draco encoder: Encoding mesh Canopy sprays 2708.
01:07:35 | INFO: Draco encoder: Encoding mesh Canopy sprays 2709.
01:07:35 | INFO: Draco encoder: Encoding mesh Canopy sprays 2710.
01:07:35 | INFO: Draco encoder: Encoding mesh Canopy sprays 2711.
01:07:35 | INFO: Draco encoder: Encoding mesh Canopy sprays 2712.
01:07:35 | INFO: Draco encoder: Encoding mesh Canopy sprays 2713.
01:07:35 | INFO: Draco encoder: Encoding mesh Canopy sprays 2714.
01:07:35 | INFO: Draco encoder: Encoding mesh Canopy sprays 2715.
01:07:35 | INFO: Draco encoder: Encoding mesh Canopy sprays 2716.
01:07:35 | INFO: Draco encoder: Encoding mesh Canopy sprays 2717.
01:07:35 | INFO: Draco encoder: Encoding mesh Canopy sprays 2718.
01:07:35 | INFO: Draco encoder: Encoding mesh Canopy sprays 2719.
01:07:35 | INFO: Draco encoder: Encoding mesh Canopy sprays 2720.
01:07:35 | INFO: Draco encoder: Encoding mesh Canopy sprays 2721.
01:07:35 | INFO: Draco encoder: Encoding mesh Canopy sprays 2722.
01:07:35 | INFO: Draco encoder: Encoding mesh Canopy sprays 2723.
01:07:35 | INFO: Draco encoder: Encoding mesh Canopy sprays 2724.
01:07:35 | INFO: Draco encoder: Encoding mesh Canopy sprays 2725.
01:07:35 | INFO: Draco encoder: Encoding mesh Canopy sprays 2726.
01:07:35 | INFO: Draco encoder: Encoding mesh Canopy sprays 2727.
01:07:35 | INFO: Draco encoder: Encoding mesh Canopy sprays 2728.
01:07:35 | INFO: Draco encoder: Encoding mesh Canopy sprays 2729.
01:07:35 | INFO: Draco encoder: Encoding mesh Canopy sprays 2730.
01:07:35 | INFO: Draco encoder: Encoding mesh Canopy sprays 2731.
01:07:35 | INFO: Draco encoder: Encoding mesh Canopy sprays 2732.
01:07:35 | INFO: Draco encoder: Encoding mesh Canopy sprays 2733.
01:07:35 | INFO: Draco encoder: Encoding mesh Canopy sprays 2734.
01:07:35 | INFO: Draco encoder: Encoding mesh Canopy sprays 2735.
01:07:35 | INFO: Draco encoder: Encoding mesh Canopy sprays 2736.
01:07:35 | INFO: Draco encoder: Encoding mesh Canopy sprays 2737.
01:07:35 | INFO: Draco encoder: Encoding mesh Canopy sprays 2738.
01:07:35 | INFO: Draco encoder: Encoding mesh Canopy sprays 2739.
01:07:35 | INFO: Draco encoder: Encoding mesh Canopy sprays 2740.
01:07:35 | INFO: Draco encoder: Encoding mesh Canopy sprays 2741.
01:07:35 | INFO: Draco encoder: Encoding mesh Canopy sprays 2742.
01:07:35 | INFO: Draco encoder: Encoding mesh Canopy sprays 2743.
01:07:35 | INFO: Draco encoder: Encoding mesh Canopy sprays 2744.
01:07:35 | INFO: Draco encoder: Encoding mesh Canopy sprays 2745.
01:07:35 | INFO: Draco encoder: Encoding mesh Canopy sprays 2746.
01:07:35 | INFO: Draco encoder: Encoding mesh Canopy sprays 2747.
01:07:35 | INFO: Draco encoder: Encoding mesh Canopy sprays 2748.
01:07:35 | INFO: Draco encoder: Encoding mesh Canopy sprays 2749.
01:07:35 | INFO: Draco encoder: Encoding mesh Canopy sprays 2750.
01:07:35 | INFO: Draco encoder: Encoding mesh Canopy sprays 2751.
01:07:35 | INFO: Draco encoder: Encoding mesh Canopy sprays 2752.
01:07:35 | INFO: Draco encoder: Encoding mesh Canopy sprays 2753.
01:07:35 | INFO: Draco encoder: Encoding mesh Canopy sprays 2754.
01:07:35 | INFO: Draco encoder: Encoding mesh Canopy sprays 2755.
01:07:35 | INFO: Draco encoder: Encoding mesh Canopy sprays 2756.
01:07:35 | INFO: Draco encoder: Encoding mesh Canopy sprays 2757.
01:07:35 | INFO: Draco encoder: Encoding mesh Canopy sprays 2758.
01:07:35 | INFO: Draco encoder: Encoding mesh Canopy sprays 2759.
01:07:35 | INFO: Draco encoder: Encoding mesh Canopy sprays 2760.
01:07:35 | INFO: Draco encoder: Encoding mesh Canopy sprays 2761.
01:07:35 | INFO: Draco encoder: Encoding mesh Canopy sprays 2762.
01:07:35 | INFO: Draco encoder: Encoding mesh Canopy sprays 2763.
01:07:35 | INFO: Draco encoder: Encoding mesh Canopy sprays 2764.
01:07:35 | INFO: Draco encoder: Encoding mesh Canopy sprays 2765.
01:07:35 | INFO: Draco encoder: Encoding mesh Canopy sprays 2766.
01:07:35 | INFO: Draco encoder: Encoding mesh Canopy sprays 2767.
01:07:35 | INFO: Draco encoder: Encoding mesh Canopy sprays 2768.
01:07:35 | INFO: Draco encoder: Encoding mesh Canopy sprays 2769.
01:07:35 | INFO: Draco encoder: Encoding mesh Canopy sprays 2770.
01:07:35 | INFO: Draco encoder: Encoding mesh Canopy sprays 2771.
01:07:35 | INFO: Draco encoder: Encoding mesh Canopy sprays 2772.
01:07:35 | INFO: Draco encoder: Encoding mesh Canopy sprays 2773.
01:07:35 | INFO: Draco encoder: Encoding mesh Canopy sprays 2774.
01:07:35 | INFO: Draco encoder: Encoding mesh Canopy sprays 2775.
01:07:35 | INFO: Draco encoder: Encoding mesh Canopy sprays 2776.
01:07:35 | INFO: Draco encoder: Encoding mesh Canopy sprays 2777.
01:07:35 | INFO: Draco encoder: Encoding mesh Canopy sprays 2778.
01:07:35 | INFO: Draco encoder: Encoding mesh Canopy sprays 2779.
01:07:35 | INFO: Draco encoder: Encoding mesh Canopy sprays 2780.
01:07:35 | INFO: Draco encoder: Encoding mesh Canopy sprays 2781.
01:07:35 | INFO: Draco encoder: Encoding mesh Canopy sprays 2782.
01:07:35 | INFO: Draco encoder: Encoding mesh Canopy sprays 2783.
01:07:35 | INFO: Draco encoder: Encoding mesh Canopy sprays 2784.
01:07:35 | INFO: Draco encoder: Encoding mesh Canopy sprays 2785.
01:07:35 | INFO: Draco encoder: Encoding mesh Canopy sprays 2786.
01:07:35 | INFO: Draco encoder: Encoding mesh Canopy sprays 2787.
01:07:35 | INFO: Draco encoder: Encoding mesh Canopy sprays 2788.
01:07:35 | INFO: Draco encoder: Encoding mesh Canopy sprays 2789.
01:07:35 | INFO: Draco encoder: Encoding mesh Canopy sprays 2790.
01:07:35 | INFO: Draco encoder: Encoding mesh Canopy sprays 2791.
01:07:35 | INFO: Draco encoder: Encoding mesh Canopy sprays 2792.
01:07:35 | INFO: Draco encoder: Encoding mesh Canopy sprays 2793.
01:07:35 | INFO: Draco encoder: Encoding mesh Canopy sprays 2794.
01:07:35 | INFO: Draco encoder: Encoding mesh Canopy sprays 2795.
01:07:35 | INFO: Draco encoder: Encoding mesh Canopy sprays 2796.
01:07:35 | INFO: Draco encoder: Encoding mesh Canopy sprays 2797.
01:07:35 | INFO: Draco encoder: Encoding mesh Canopy sprays 2798.
01:07:35 | INFO: Draco encoder: Encoding mesh Canopy sprays 2799.
01:07:35 | INFO: Draco encoder: Encoding mesh Canopy sprays 1920.
01:07:35 | INFO: Draco encoder: Encoding mesh Canopy sprays 1921.
01:07:35 | INFO: Draco encoder: Encoding mesh Canopy sprays 1922.
01:07:35 | INFO: Draco encoder: Encoding mesh Canopy sprays 1923.
01:07:35 | INFO: Draco encoder: Encoding mesh Canopy sprays 1924.
01:07:35 | INFO: Draco encoder: Encoding mesh Canopy sprays 1925.
01:07:35 | INFO: Draco encoder: Encoding mesh Canopy sprays 1926.
01:07:35 | INFO: Draco encoder: Encoding mesh Canopy sprays 1927.
01:07:35 | INFO: Draco encoder: Encoding mesh Canopy sprays 1928.
01:07:35 | INFO: Draco encoder: Encoding mesh Canopy sprays 1929.
01:07:35 | INFO: Draco encoder: Encoding mesh Canopy sprays 1930.
01:07:35 | INFO: Draco encoder: Encoding mesh Canopy sprays 1931.
01:07:35 | INFO: Draco encoder: Encoding mesh Canopy sprays 1932.
01:07:35 | INFO: Draco encoder: Encoding mesh Canopy sprays 1933.
01:07:35 | INFO: Draco encoder: Encoding mesh Canopy sprays 1934.
01:07:35 | INFO: Draco encoder: Encoding mesh Canopy sprays 1935.
01:07:35 | INFO: Draco encoder: Encoding mesh Canopy sprays 1936.
01:07:35 | INFO: Draco encoder: Encoding mesh Canopy sprays 1937.
01:07:35 | INFO: Draco encoder: Encoding mesh Canopy sprays 1938.
01:07:35 | INFO: Draco encoder: Encoding mesh Canopy sprays 1939.
01:07:35 | INFO: Draco encoder: Encoding mesh Canopy sprays 1940.
01:07:35 | INFO: Draco encoder: Encoding mesh Canopy sprays 1941.
01:07:35 | INFO: Draco encoder: Encoding mesh Canopy sprays 1942.
01:07:35 | INFO: Draco encoder: Encoding mesh Canopy sprays 1943.
01:07:35 | INFO: Draco encoder: Encoding mesh Canopy sprays 1944.
01:07:35 | INFO: Draco encoder: Encoding mesh Canopy sprays 1945.
01:07:35 | INFO: Draco encoder: Encoding mesh Canopy sprays 1946.
01:07:35 | INFO: Draco encoder: Encoding mesh Canopy sprays 1947.
01:07:35 | INFO: Draco encoder: Encoding mesh Canopy sprays 1948.
01:07:35 | INFO: Draco encoder: Encoding mesh Canopy sprays 1949.
01:07:35 | INFO: Draco encoder: Encoding mesh Canopy sprays 1950.
01:07:35 | INFO: Draco encoder: Encoding mesh Canopy sprays 1951.
01:07:35 | INFO: Draco encoder: Encoding mesh Canopy sprays 1952.
01:07:35 | INFO: Draco encoder: Encoding mesh Canopy sprays 1953.
01:07:35 | INFO: Draco encoder: Encoding mesh Canopy sprays 1954.
01:07:35 | INFO: Draco encoder: Encoding mesh Canopy sprays 1955.
01:07:35 | INFO: Draco encoder: Encoding mesh Canopy sprays 1956.
01:07:35 | INFO: Draco encoder: Encoding mesh Canopy sprays 1957.
01:07:35 | INFO: Draco encoder: Encoding mesh Canopy sprays 1958.
01:07:35 | INFO: Draco encoder: Encoding mesh Canopy sprays 1959.
01:07:35 | INFO: Draco encoder: Encoding mesh Canopy sprays 1960.
01:07:35 | INFO: Draco encoder: Encoding mesh Canopy sprays 1961.
01:07:35 | INFO: Draco encoder: Encoding mesh Canopy sprays 1962.
01:07:35 | INFO: Draco encoder: Encoding mesh Canopy sprays 1963.
01:07:35 | INFO: Draco encoder: Encoding mesh Canopy sprays 1964.
01:07:35 | INFO: Draco encoder: Encoding mesh Canopy sprays 1965.
01:07:35 | INFO: Draco encoder: Encoding mesh Canopy sprays 1966.
01:07:35 | INFO: Draco encoder: Encoding mesh Canopy sprays 1967.
01:07:35 | INFO: Draco encoder: Encoding mesh Canopy sprays 1968.
01:07:35 | INFO: Draco encoder: Encoding mesh Canopy sprays 1969.
01:07:35 | INFO: Draco encoder: Encoding mesh Canopy sprays 1970.
01:07:35 | INFO: Draco encoder: Encoding mesh Canopy sprays 1971.
01:07:35 | INFO: Draco encoder: Encoding mesh Canopy sprays 1972.
01:07:35 | INFO: Draco encoder: Encoding mesh Canopy sprays 1973.
01:07:35 | INFO: Draco encoder: Encoding mesh Canopy sprays 1974.
01:07:35 | INFO: Draco encoder: Encoding mesh Canopy sprays 1975.
01:07:35 | INFO: Draco encoder: Encoding mesh Canopy sprays 1976.
01:07:35 | INFO: Draco encoder: Encoding mesh Canopy sprays 1977.
01:07:35 | INFO: Draco encoder: Encoding mesh Canopy sprays 1978.
01:07:35 | INFO: Draco encoder: Encoding mesh Canopy sprays 1979.
01:07:35 | INFO: Draco encoder: Encoding mesh Canopy sprays 1980.
01:07:35 | INFO: Draco encoder: Encoding mesh Canopy sprays 1981.
01:07:35 | INFO: Draco encoder: Encoding mesh Canopy sprays 1982.
01:07:35 | INFO: Draco encoder: Encoding mesh Canopy sprays 1983.
01:07:35 | INFO: Draco encoder: Encoding mesh Canopy sprays 1984.
01:07:35 | INFO: Draco encoder: Encoding mesh Canopy sprays 1985.
01:07:35 | INFO: Draco encoder: Encoding mesh Canopy sprays 1986.
01:07:35 | INFO: Draco encoder: Encoding mesh Canopy sprays 1987.
01:07:35 | INFO: Draco encoder: Encoding mesh Canopy sprays 1988.
01:07:35 | INFO: Draco encoder: Encoding mesh Canopy sprays 1989.
01:07:35 | INFO: Draco encoder: Encoding mesh Canopy sprays 1990.
01:07:35 | INFO: Draco encoder: Encoding mesh Canopy sprays 1991.
01:07:35 | INFO: Draco encoder: Encoding mesh Canopy sprays 1992.
01:07:35 | INFO: Draco encoder: Encoding mesh Canopy sprays 1993.
01:07:35 | INFO: Draco encoder: Encoding mesh Canopy sprays 1994.
01:07:35 | INFO: Draco encoder: Encoding mesh Canopy sprays 1995.
01:07:35 | INFO: Draco encoder: Encoding mesh Canopy sprays 1996.
01:07:35 | INFO: Draco encoder: Encoding mesh Canopy sprays 1997.
01:07:35 | INFO: Draco encoder: Encoding mesh Canopy sprays 1998.
01:07:35 | INFO: Draco encoder: Encoding mesh Canopy sprays 1999.
01:07:35 | INFO: Draco encoder: Encoding mesh Canopy sprays 2000.
01:07:35 | INFO: Draco encoder: Encoding mesh Canopy sprays 2001.
01:07:35 | INFO: Draco encoder: Encoding mesh Canopy sprays 2002.
01:07:35 | INFO: Draco encoder: Encoding mesh Canopy sprays 2003.
01:07:35 | INFO: Draco encoder: Encoding mesh Canopy sprays 2004.
01:07:35 | INFO: Draco encoder: Encoding mesh Canopy sprays 2005.
01:07:35 | INFO: Draco encoder: Encoding mesh Canopy sprays 2006.
01:07:35 | INFO: Draco encoder: Encoding mesh Canopy sprays 2007.
01:07:35 | INFO: Draco encoder: Encoding mesh Canopy sprays 2008.
01:07:35 | INFO: Draco encoder: Encoding mesh Canopy sprays 2009.
01:07:35 | INFO: Draco encoder: Encoding mesh Canopy sprays 2010.
01:07:35 | INFO: Draco encoder: Encoding mesh Canopy sprays 2011.
01:07:35 | INFO: Draco encoder: Encoding mesh Canopy sprays 2012.
01:07:35 | INFO: Draco encoder: Encoding mesh Canopy sprays 2013.
01:07:35 | INFO: Draco encoder: Encoding mesh Canopy sprays 2014.
01:07:35 | INFO: Draco encoder: Encoding mesh Canopy sprays 2015.
01:07:35 | INFO: Draco encoder: Encoding mesh Canopy sprays 2016.
01:07:35 | INFO: Draco encoder: Encoding mesh Canopy sprays 2017.
01:07:35 | INFO: Draco encoder: Encoding mesh Canopy sprays 2018.
01:07:35 | INFO: Draco encoder: Encoding mesh Canopy sprays 2019.
01:07:35 | INFO: Draco encoder: Encoding mesh Canopy sprays 2020.
01:07:35 | INFO: Draco encoder: Encoding mesh Canopy sprays 2021.
01:07:35 | INFO: Draco encoder: Encoding mesh Canopy sprays 2022.
01:07:35 | INFO: Draco encoder: Encoding mesh Canopy sprays 2023.
01:07:35 | INFO: Draco encoder: Encoding mesh Canopy sprays 2024.
01:07:35 | INFO: Draco encoder: Encoding mesh Canopy sprays 2025.
01:07:35 | INFO: Draco encoder: Encoding mesh Canopy sprays 2026.
01:07:35 | INFO: Draco encoder: Encoding mesh Canopy sprays 2027.
01:07:35 | INFO: Draco encoder: Encoding mesh Canopy sprays 2028.
01:07:35 | INFO: Draco encoder: Encoding mesh Canopy sprays 2029.
01:07:35 | INFO: Draco encoder: Encoding mesh Canopy sprays 2030.
01:07:35 | INFO: Draco encoder: Encoding mesh Canopy sprays 2031.
01:07:35 | INFO: Draco encoder: Encoding mesh Canopy sprays 2032.
01:07:35 | INFO: Draco encoder: Encoding mesh Canopy sprays 2033.
01:07:35 | INFO: Draco encoder: Encoding mesh Canopy sprays 2034.
01:07:35 | INFO: Draco encoder: Encoding mesh Canopy sprays 2035.
01:07:35 | INFO: Draco encoder: Encoding mesh Canopy sprays 2036.
01:07:35 | INFO: Draco encoder: Encoding mesh Canopy sprays 2037.
01:07:35 | INFO: Draco encoder: Encoding mesh Canopy sprays 2038.
01:07:35 | INFO: Draco encoder: Encoding mesh Canopy sprays 2039.
01:07:35 | INFO: Draco encoder: Encoding mesh Canopy sprays 2040.
01:07:35 | INFO: Draco encoder: Encoding mesh Canopy sprays 2041.
01:07:35 | INFO: Draco encoder: Encoding mesh Canopy sprays 2042.
01:07:35 | INFO: Draco encoder: Encoding mesh Canopy sprays 2043.
01:07:35 | INFO: Draco encoder: Encoding mesh Canopy sprays 2044.
01:07:35 | INFO: Draco encoder: Encoding mesh Canopy sprays 2045.
01:07:35 | INFO: Draco encoder: Encoding mesh Canopy sprays 2046.
01:07:35 | INFO: Draco encoder: Encoding mesh Canopy sprays 2047.
01:07:35 | INFO: Draco encoder: Encoding mesh Canopy sprays 2048.
01:07:35 | INFO: Draco encoder: Encoding mesh Canopy sprays 2049.
01:07:35 | INFO: Draco encoder: Encoding mesh Canopy sprays 2050.
01:07:35 | INFO: Draco encoder: Encoding mesh Canopy sprays 2051.
01:07:35 | INFO: Draco encoder: Encoding mesh Canopy sprays 2052.
01:07:35 | INFO: Draco encoder: Encoding mesh Canopy sprays 2053.
01:07:35 | INFO: Draco encoder: Encoding mesh Canopy sprays 2054.
01:07:35 | INFO: Draco encoder: Encoding mesh Canopy sprays 2055.
01:07:35 | INFO: Draco encoder: Encoding mesh Canopy sprays 2056.
01:07:35 | INFO: Draco encoder: Encoding mesh Canopy sprays 2057.
01:07:35 | INFO: Draco encoder: Encoding mesh Canopy sprays 2058.
01:07:35 | INFO: Draco encoder: Encoding mesh Canopy sprays 2059.
01:07:35 | INFO: Draco encoder: Encoding mesh Canopy sprays 2060.
01:07:35 | INFO: Draco encoder: Encoding mesh Canopy sprays 2061.
01:07:35 | INFO: Draco encoder: Encoding mesh Canopy sprays 2062.
01:07:35 | INFO: Draco encoder: Encoding mesh Canopy sprays 2063.
01:07:35 | INFO: Draco encoder: Encoding mesh Canopy sprays 2064.
01:07:35 | INFO: Draco encoder: Encoding mesh Canopy sprays 2065.
01:07:35 | INFO: Draco encoder: Encoding mesh Canopy sprays 2066.
01:07:35 | INFO: Draco encoder: Encoding mesh Canopy sprays 2067.
01:07:35 | INFO: Draco encoder: Encoding mesh Canopy sprays 2068.
01:07:35 | INFO: Draco encoder: Encoding mesh Canopy sprays 2069.
01:07:35 | INFO: Draco encoder: Encoding mesh Canopy sprays 2070.
01:07:35 | INFO: Draco encoder: Encoding mesh Canopy sprays 2071.
01:07:35 | INFO: Draco encoder: Encoding mesh Canopy sprays 2072.
01:07:35 | INFO: Draco encoder: Encoding mesh Canopy sprays 2073.
01:07:35 | INFO: Draco encoder: Encoding mesh Canopy sprays 2074.
01:07:35 | INFO: Draco encoder: Encoding mesh Canopy sprays 2075.
01:07:35 | INFO: Draco encoder: Encoding mesh Canopy sprays 2076.
01:07:35 | INFO: Draco encoder: Encoding mesh Canopy sprays 2077.
01:07:35 | INFO: Draco encoder: Encoding mesh Canopy sprays 2078.
01:07:35 | INFO: Draco encoder: Encoding mesh Canopy sprays 2079.
01:07:35 | INFO: Draco encoder: Encoding mesh Canopy sprays 2080.
01:07:35 | INFO: Draco encoder: Encoding mesh Canopy sprays 2081.
01:07:35 | INFO: Draco encoder: Encoding mesh Canopy sprays 2082.
01:07:35 | INFO: Draco encoder: Encoding mesh Canopy sprays 2083.
01:07:35 | INFO: Draco encoder: Encoding mesh Canopy sprays 2084.
01:07:35 | INFO: Draco encoder: Encoding mesh Canopy sprays 2085.
01:07:35 | INFO: Draco encoder: Encoding mesh Canopy sprays 2086.
01:07:35 | INFO: Draco encoder: Encoding mesh Canopy sprays 2087.
01:07:35 | INFO: Draco encoder: Encoding mesh Canopy sprays 2088.
01:07:35 | INFO: Draco encoder: Encoding mesh Canopy sprays 2089.
01:07:35 | INFO: Draco encoder: Encoding mesh Canopy sprays 2090.
01:07:35 | INFO: Draco encoder: Encoding mesh Canopy sprays 2091.
01:07:35 | INFO: Draco encoder: Encoding mesh Canopy sprays 2092.
01:07:35 | INFO: Draco encoder: Encoding mesh Canopy sprays 2093.
01:07:35 | INFO: Draco encoder: Encoding mesh Canopy sprays 2094.
01:07:35 | INFO: Draco encoder: Encoding mesh Canopy sprays 2095.
01:07:35 | INFO: Draco encoder: Encoding mesh Canopy sprays 2096.
01:07:35 | INFO: Draco encoder: Encoding mesh Canopy sprays 2097.
01:07:35 | INFO: Draco encoder: Encoding mesh Canopy sprays 2098.
01:07:35 | INFO: Draco encoder: Encoding mesh Canopy sprays 2099.
01:07:35 | INFO: Draco encoder: Encoding mesh Canopy sprays 2100.
01:07:35 | INFO: Draco encoder: Encoding mesh Canopy sprays 2101.
01:07:35 | INFO: Draco encoder: Encoding mesh Canopy sprays 2102.
01:07:35 | INFO: Draco encoder: Encoding mesh Canopy sprays 2103.
01:07:35 | INFO: Draco encoder: Encoding mesh Canopy sprays 2104.
01:07:35 | INFO: Draco encoder: Encoding mesh Canopy sprays 2105.
01:07:35 | INFO: Draco encoder: Encoding mesh Canopy sprays 2106.
01:07:35 | INFO: Draco encoder: Encoding mesh Canopy sprays 2107.
01:07:35 | INFO: Draco encoder: Encoding mesh Canopy sprays 2108.
01:07:35 | INFO: Draco encoder: Encoding mesh Canopy sprays 2109.
01:07:35 | INFO: Draco encoder: Encoding mesh Canopy sprays 2110.
01:07:35 | INFO: Draco encoder: Encoding mesh Canopy sprays 2111.
01:07:35 | INFO: Draco encoder: Encoding mesh Canopy sprays 2112.
01:07:35 | INFO: Draco encoder: Encoding mesh Canopy sprays 2113.
01:07:35 | INFO: Draco encoder: Encoding mesh Canopy sprays 2114.
01:07:35 | INFO: Draco encoder: Encoding mesh Canopy sprays 2115.
01:07:35 | INFO: Draco encoder: Encoding mesh Canopy sprays 2116.
01:07:35 | INFO: Draco encoder: Encoding mesh Canopy sprays 2117.
01:07:35 | INFO: Draco encoder: Encoding mesh Canopy sprays 2118.
01:07:35 | INFO: Draco encoder: Encoding mesh Canopy sprays 2119.
01:07:35 | INFO: Draco encoder: Encoding mesh Canopy sprays 2120.
01:07:35 | INFO: Draco encoder: Encoding mesh Canopy sprays 2121.
01:07:35 | INFO: Draco encoder: Encoding mesh Canopy sprays 2122.
01:07:35 | INFO: Draco encoder: Encoding mesh Canopy sprays 2123.
01:07:35 | INFO: Draco encoder: Encoding mesh Canopy sprays 2124.
01:07:35 | INFO: Draco encoder: Encoding mesh Canopy sprays 2125.
01:07:35 | INFO: Draco encoder: Encoding mesh Canopy sprays 2126.
01:07:35 | INFO: Draco encoder: Encoding mesh Canopy sprays 2127.
01:07:35 | INFO: Draco encoder: Encoding mesh Canopy sprays 2128.
01:07:35 | INFO: Draco encoder: Encoding mesh Canopy sprays 2129.
01:07:35 | INFO: Draco encoder: Encoding mesh Canopy sprays 2130.
01:07:35 | INFO: Draco encoder: Encoding mesh Canopy sprays 2131.
01:07:35 | INFO: Draco encoder: Encoding mesh Canopy sprays 2132.
01:07:35 | INFO: Draco encoder: Encoding mesh Canopy sprays 2133.
01:07:35 | INFO: Draco encoder: Encoding mesh Canopy sprays 2134.
01:07:35 | INFO: Draco encoder: Encoding mesh Canopy sprays 2135.
01:07:35 | INFO: Draco encoder: Encoding mesh Canopy sprays 2136.
01:07:35 | INFO: Draco encoder: Encoding mesh Canopy sprays 2137.
01:07:35 | INFO: Draco encoder: Encoding mesh Canopy sprays 2138.
01:07:35 | INFO: Draco encoder: Encoding mesh Canopy sprays 2139.
01:07:35 | INFO: Draco encoder: Encoding mesh Canopy sprays 2140.
01:07:35 | INFO: Draco encoder: Encoding mesh Canopy sprays 2141.
01:07:35 | INFO: Draco encoder: Encoding mesh Canopy sprays 2142.
01:07:35 | INFO: Draco encoder: Encoding mesh Canopy sprays 2143.
01:07:35 | INFO: Draco encoder: Encoding mesh Canopy sprays 2144.
01:07:35 | INFO: Draco encoder: Encoding mesh Canopy sprays 2145.
01:07:35 | INFO: Draco encoder: Encoding mesh Canopy sprays 2146.
01:07:35 | INFO: Draco encoder: Encoding mesh Canopy sprays 2147.
01:07:35 | INFO: Draco encoder: Encoding mesh Canopy sprays 2148.
01:07:35 | INFO: Draco encoder: Encoding mesh Canopy sprays 2149.
01:07:35 | INFO: Draco encoder: Encoding mesh Canopy sprays 2150.
01:07:35 | INFO: Draco encoder: Encoding mesh Canopy sprays 2151.
01:07:35 | INFO: Draco encoder: Encoding mesh Canopy sprays 2152.
01:07:35 | INFO: Draco encoder: Encoding mesh Canopy sprays 2153.
01:07:35 | INFO: Draco encoder: Encoding mesh Canopy sprays 2154.
01:07:35 | INFO: Draco encoder: Encoding mesh Canopy sprays 2155.
01:07:35 | INFO: Draco encoder: Encoding mesh Canopy sprays 2156.
01:07:35 | INFO: Draco encoder: Encoding mesh Canopy sprays 2157.
01:07:35 | INFO: Draco encoder: Encoding mesh Canopy sprays 2158.
01:07:35 | INFO: Draco encoder: Encoding mesh Canopy sprays 2159.
01:07:35 | INFO: Draco encoder: Encoding mesh Canopy sprays 2160.
01:07:35 | INFO: Draco encoder: Encoding mesh Canopy sprays 2161.
01:07:35 | INFO: Draco encoder: Encoding mesh Canopy sprays 2162.
01:07:35 | INFO: Draco encoder: Encoding mesh Canopy sprays 2163.
01:07:35 | INFO: Draco encoder: Encoding mesh Canopy sprays 2164.
01:07:35 | INFO: Draco encoder: Encoding mesh Canopy sprays 2165.
01:07:35 | INFO: Draco encoder: Encoding mesh Canopy sprays 2166.
01:07:35 | INFO: Draco encoder: Encoding mesh Canopy sprays 2167.
01:07:35 | INFO: Draco encoder: Encoding mesh Canopy sprays 2168.
01:07:35 | INFO: Draco encoder: Encoding mesh Canopy sprays 2169.
01:07:35 | INFO: Draco encoder: Encoding mesh Canopy sprays 2170.
01:07:35 | INFO: Draco encoder: Encoding mesh Canopy sprays 2171.
01:07:35 | INFO: Draco encoder: Encoding mesh Canopy sprays 2172.
01:07:35 | INFO: Draco encoder: Encoding mesh Canopy sprays 2173.
01:07:35 | INFO: Draco encoder: Encoding mesh Canopy sprays 2174.
01:07:35 | INFO: Draco encoder: Encoding mesh Canopy sprays 2175.
01:07:35 | INFO: Draco encoder: Encoding mesh Canopy sprays 2176.
01:07:35 | INFO: Draco encoder: Encoding mesh Canopy sprays 2177.
01:07:35 | INFO: Draco encoder: Encoding mesh Canopy sprays 2178.
01:07:35 | INFO: Draco encoder: Encoding mesh Canopy sprays 2179.
01:07:35 | INFO: Draco encoder: Encoding mesh Canopy sprays 2180.
01:07:35 | INFO: Draco encoder: Encoding mesh Canopy sprays 2181.
01:07:35 | INFO: Draco encoder: Encoding mesh Canopy sprays 2182.
01:07:35 | INFO: Draco encoder: Encoding mesh Canopy sprays 2183.
01:07:35 | INFO: Draco encoder: Encoding mesh Canopy sprays 2184.
01:07:35 | INFO: Draco encoder: Encoding mesh Canopy sprays 2185.
01:07:35 | INFO: Draco encoder: Encoding mesh Canopy sprays 2186.
01:07:35 | INFO: Draco encoder: Encoding mesh Canopy sprays 2187.
01:07:35 | INFO: Draco encoder: Encoding mesh Canopy sprays 2188.
01:07:35 | INFO: Draco encoder: Encoding mesh Canopy sprays 2189.
01:07:35 | INFO: Draco encoder: Encoding mesh Canopy sprays 2190.
01:07:35 | INFO: Draco encoder: Encoding mesh Canopy sprays 2191.
01:07:35 | INFO: Draco encoder: Encoding mesh Canopy sprays 2192.
01:07:35 | INFO: Draco encoder: Encoding mesh Canopy sprays 2193.
01:07:35 | INFO: Draco encoder: Encoding mesh Canopy sprays 2194.
01:07:35 | INFO: Draco encoder: Encoding mesh Canopy sprays 2195.
01:07:35 | INFO: Draco encoder: Encoding mesh Canopy sprays 2196.
01:07:35 | INFO: Draco encoder: Encoding mesh Canopy sprays 2197.
01:07:35 | INFO: Draco encoder: Encoding mesh Canopy sprays 2198.
01:07:35 | INFO: Draco encoder: Encoding mesh Canopy sprays 2199.
01:07:35 | INFO: Draco encoder: Encoding mesh Canopy sprays 2200.
01:07:35 | INFO: Draco encoder: Encoding mesh Canopy sprays 2201.
01:07:35 | INFO: Draco encoder: Encoding mesh Canopy sprays 2202.
01:07:35 | INFO: Draco encoder: Encoding mesh Canopy sprays 2203.
01:07:35 | INFO: Draco encoder: Encoding mesh Canopy sprays 2204.
01:07:35 | INFO: Draco encoder: Encoding mesh Canopy sprays 2205.
01:07:35 | INFO: Draco encoder: Encoding mesh Canopy sprays 2206.
01:07:35 | INFO: Draco encoder: Encoding mesh Canopy sprays 2207.
01:07:35 | INFO: Draco encoder: Encoding mesh Canopy sprays 2208.
01:07:35 | INFO: Draco encoder: Encoding mesh Canopy sprays 2209.
01:07:35 | INFO: Draco encoder: Encoding mesh Canopy sprays 2210.
01:07:35 | INFO: Draco encoder: Encoding mesh Canopy sprays 2211.
01:07:35 | INFO: Draco encoder: Encoding mesh Canopy sprays 2212.
01:07:35 | INFO: Draco encoder: Encoding mesh Canopy sprays 2213.
01:07:35 | INFO: Draco encoder: Encoding mesh Canopy sprays 2214.
01:07:35 | INFO: Draco encoder: Encoding mesh Canopy sprays 2215.
01:07:35 | INFO: Draco encoder: Encoding mesh Canopy sprays 2216.
01:07:35 | INFO: Draco encoder: Encoding mesh Canopy sprays 2217.
01:07:35 | INFO: Draco encoder: Encoding mesh Canopy sprays 2218.
01:07:35 | INFO: Draco encoder: Encoding mesh Canopy sprays 2219.
01:07:35 | INFO: Draco encoder: Encoding mesh Canopy sprays 2220.
01:07:35 | INFO: Draco encoder: Encoding mesh Canopy sprays 2221.
01:07:35 | INFO: Draco encoder: Encoding mesh Canopy sprays 2222.
01:07:35 | INFO: Draco encoder: Encoding mesh Canopy sprays 2223.
01:07:35 | INFO: Draco encoder: Encoding mesh Canopy sprays 2224.
01:07:35 | INFO: Draco encoder: Encoding mesh Canopy sprays 2225.
01:07:35 | INFO: Draco encoder: Encoding mesh Canopy sprays 2226.
01:07:35 | INFO: Draco encoder: Encoding mesh Canopy sprays 2227.
01:07:35 | INFO: Draco encoder: Encoding mesh Canopy sprays 2228.
01:07:35 | INFO: Draco encoder: Encoding mesh Canopy sprays 2229.
01:07:35 | INFO: Draco encoder: Encoding mesh Canopy sprays 2230.
01:07:35 | INFO: Draco encoder: Encoding mesh Canopy sprays 2231.
01:07:35 | INFO: Draco encoder: Encoding mesh Canopy sprays 2232.
01:07:35 | INFO: Draco encoder: Encoding mesh Canopy sprays 2233.
01:07:35 | INFO: Draco encoder: Encoding mesh Canopy sprays 2234.
01:07:35 | INFO: Draco encoder: Encoding mesh Canopy sprays 2235.
01:07:35 | INFO: Draco encoder: Encoding mesh Canopy sprays 2236.
01:07:35 | INFO: Draco encoder: Encoding mesh Canopy sprays 2237.
01:07:35 | INFO: Draco encoder: Encoding mesh Canopy sprays 2238.
01:07:35 | INFO: Draco encoder: Encoding mesh Canopy sprays 2239.
01:07:35 | INFO: Draco encoder: Encoding mesh Canopy sprays 2240.
01:07:35 | INFO: Draco encoder: Encoding mesh Canopy sprays 2241.
01:07:35 | INFO: Draco encoder: Encoding mesh Canopy sprays 2242.
01:07:35 | INFO: Draco encoder: Encoding mesh Canopy sprays 2243.
01:07:35 | INFO: Draco encoder: Encoding mesh Canopy sprays 2244.
01:07:35 | INFO: Draco encoder: Encoding mesh Canopy sprays 2245.
01:07:35 | INFO: Draco encoder: Encoding mesh Canopy sprays 2246.
01:07:35 | INFO: Draco encoder: Encoding mesh Canopy sprays 2247.
01:07:35 | INFO: Draco encoder: Encoding mesh Canopy sprays 2248.
01:07:35 | INFO: Draco encoder: Encoding mesh Canopy sprays 2249.
01:07:35 | INFO: Draco encoder: Encoding mesh Canopy sprays 2250.
01:07:35 | INFO: Draco encoder: Encoding mesh Canopy sprays 2251.
01:07:35 | INFO: Draco encoder: Encoding mesh Canopy sprays 2252.
01:07:35 | INFO: Draco encoder: Encoding mesh Canopy sprays 2253.
01:07:35 | INFO: Draco encoder: Encoding mesh Canopy sprays 2254.
01:07:35 | INFO: Draco encoder: Encoding mesh Canopy sprays 2255.
01:07:35 | INFO: Draco encoder: Encoding mesh Canopy sprays 2256.
01:07:35 | INFO: Draco encoder: Encoding mesh Canopy sprays 2257.
01:07:35 | INFO: Draco encoder: Encoding mesh Canopy sprays 2258.
01:07:35 | INFO: Draco encoder: Encoding mesh Canopy sprays 2259.
01:07:35 | INFO: Draco encoder: Encoding mesh Canopy sprays 2260.
01:07:35 | INFO: Draco encoder: Encoding mesh Canopy sprays 2261.
01:07:35 | INFO: Draco encoder: Encoding mesh Canopy sprays 2262.
01:07:35 | INFO: Draco encoder: Encoding mesh Canopy sprays 2263.
01:07:35 | INFO: Draco encoder: Encoding mesh Canopy sprays 2264.
01:07:35 | INFO: Draco encoder: Encoding mesh Canopy sprays 2265.
01:07:35 | INFO: Draco encoder: Encoding mesh Canopy sprays 2266.
01:07:35 | INFO: Draco encoder: Encoding mesh Canopy sprays 2267.
01:07:35 | INFO: Draco encoder: Encoding mesh Canopy sprays 2268.
01:07:35 | INFO: Draco encoder: Encoding mesh Canopy sprays 2269.
01:07:35 | INFO: Draco encoder: Encoding mesh Canopy sprays 2270.
01:07:35 | INFO: Draco encoder: Encoding mesh Canopy sprays 2271.
01:07:35 | INFO: Draco encoder: Encoding mesh Canopy sprays 2272.
01:07:35 | INFO: Draco encoder: Encoding mesh Canopy sprays 2273.
01:07:35 | INFO: Draco encoder: Encoding mesh Canopy sprays 2274.
01:07:35 | INFO: Draco encoder: Encoding mesh Canopy sprays 2275.
01:07:35 | INFO: Draco encoder: Encoding mesh Canopy sprays 2276.
01:07:35 | INFO: Draco encoder: Encoding mesh Canopy sprays 2277.
01:07:35 | INFO: Draco encoder: Encoding mesh Canopy sprays 2278.
01:07:35 | INFO: Draco encoder: Encoding mesh Canopy sprays 2279.
01:07:35 | INFO: Draco encoder: Encoding mesh Canopy sprays 2280.
01:07:35 | INFO: Draco encoder: Encoding mesh Canopy sprays 2281.
01:07:35 | INFO: Draco encoder: Encoding mesh Canopy sprays 2282.
01:07:35 | INFO: Draco encoder: Encoding mesh Canopy sprays 2283.
01:07:35 | INFO: Draco encoder: Encoding mesh Canopy sprays 2284.
01:07:35 | INFO: Draco encoder: Encoding mesh Canopy sprays 2285.
01:07:35 | INFO: Draco encoder: Encoding mesh Canopy sprays 2286.
01:07:35 | INFO: Draco encoder: Encoding mesh Canopy sprays 2287.
01:07:35 | INFO: Draco encoder: Encoding mesh Canopy sprays 2288.
01:07:35 | INFO: Draco encoder: Encoding mesh Canopy sprays 2289.
01:07:35 | INFO: Draco encoder: Encoding mesh Canopy sprays 2290.
01:07:35 | INFO: Draco encoder: Encoding mesh Canopy sprays 2291.
01:07:35 | INFO: Draco encoder: Encoding mesh Canopy sprays 2292.
01:07:35 | INFO: Draco encoder: Encoding mesh Canopy sprays 2293.
01:07:35 | INFO: Draco encoder: Encoding mesh Canopy sprays 2294.
01:07:35 | INFO: Draco encoder: Encoding mesh Canopy sprays 2295.
01:07:35 | INFO: Draco encoder: Encoding mesh Canopy sprays 2296.
01:07:35 | INFO: Draco encoder: Encoding mesh Canopy sprays 2297.
01:07:35 | INFO: Draco encoder: Encoding mesh Canopy sprays 2298.
01:07:35 | INFO: Draco encoder: Encoding mesh Canopy sprays 2299.
01:07:35 | INFO: Draco encoder: Encoding mesh Canopy sprays 2300.
01:07:35 | INFO: Draco encoder: Encoding mesh Canopy sprays 2301.
01:07:35 | INFO: Draco encoder: Encoding mesh Canopy sprays 2302.
01:07:35 | INFO: Draco encoder: Encoding mesh Canopy sprays 2303.
01:07:35 | INFO: Draco encoder: Encoding mesh Canopy sprays 2304.
01:07:35 | INFO: Draco encoder: Encoding mesh Canopy sprays 2305.
01:07:35 | INFO: Draco encoder: Encoding mesh Canopy sprays 2306.
01:07:35 | INFO: Draco encoder: Encoding mesh Canopy sprays 2307.
01:07:35 | INFO: Draco encoder: Encoding mesh Canopy sprays 2308.
01:07:35 | INFO: Draco encoder: Encoding mesh Canopy sprays 2309.
01:07:35 | INFO: Draco encoder: Encoding mesh Canopy sprays 2310.
01:07:35 | INFO: Draco encoder: Encoding mesh Canopy sprays 2311.
01:07:35 | INFO: Draco encoder: Encoding mesh Canopy sprays 2312.
01:07:35 | INFO: Draco encoder: Encoding mesh Canopy sprays 2313.
01:07:35 | INFO: Draco encoder: Encoding mesh Canopy sprays 2314.
01:07:35 | INFO: Draco encoder: Encoding mesh Canopy sprays 2315.
01:07:35 | INFO: Draco encoder: Encoding mesh Canopy sprays 2316.
01:07:35 | INFO: Draco encoder: Encoding mesh Canopy sprays 2317.
01:07:35 | INFO: Draco encoder: Encoding mesh Canopy sprays 2318.
01:07:35 | INFO: Draco encoder: Encoding mesh Canopy sprays 2319.
01:07:35 | INFO: Draco encoder: Encoding mesh Canopy sprays 2320.
01:07:35 | INFO: Draco encoder: Encoding mesh Canopy sprays 2321.
01:07:35 | INFO: Draco encoder: Encoding mesh Canopy sprays 2322.
01:07:35 | INFO: Draco encoder: Encoding mesh Canopy sprays 2323.
01:07:35 | INFO: Draco encoder: Encoding mesh Canopy sprays 2324.
01:07:35 | INFO: Draco encoder: Encoding mesh Canopy sprays 2325.
01:07:35 | INFO: Draco encoder: Encoding mesh Canopy sprays 2326.
01:07:35 | INFO: Draco encoder: Encoding mesh Canopy sprays 2327.
01:07:35 | INFO: Draco encoder: Encoding mesh Canopy sprays 2328.
01:07:35 | INFO: Draco encoder: Encoding mesh Canopy sprays 2329.
01:07:35 | INFO: Draco encoder: Encoding mesh Canopy sprays 2330.
01:07:35 | INFO: Draco encoder: Encoding mesh Canopy sprays 2331.
01:07:35 | INFO: Draco encoder: Encoding mesh Canopy sprays 2332.
01:07:35 | INFO: Draco encoder: Encoding mesh Canopy sprays 2333.
01:07:35 | INFO: Draco encoder: Encoding mesh Canopy sprays 2334.
01:07:35 | INFO: Draco encoder: Encoding mesh Canopy sprays 2335.
01:07:35 | INFO: Draco encoder: Encoding mesh Canopy sprays 2336.
01:07:35 | INFO: Draco encoder: Encoding mesh Canopy sprays 2337.
01:07:35 | INFO: Draco encoder: Encoding mesh Canopy sprays 2338.
01:07:35 | INFO: Draco encoder: Encoding mesh Canopy sprays 2339.
01:07:35 | INFO: Draco encoder: Encoding mesh Canopy sprays 2340.
01:07:35 | INFO: Draco encoder: Encoding mesh Canopy sprays 2341.
01:07:35 | INFO: Draco encoder: Encoding mesh Canopy sprays 2342.
01:07:35 | INFO: Draco encoder: Encoding mesh Canopy sprays 2343.
01:07:35 | INFO: Draco encoder: Encoding mesh Canopy sprays 2344.
01:07:35 | INFO: Draco encoder: Encoding mesh Canopy sprays 2345.
01:07:35 | INFO: Draco encoder: Encoding mesh Canopy sprays 2346.
01:07:35 | INFO: Draco encoder: Encoding mesh Canopy sprays 2347.
01:07:35 | INFO: Draco encoder: Encoding mesh Canopy sprays 2348.
01:07:35 | INFO: Draco encoder: Encoding mesh Canopy sprays 2349.
01:07:35 | INFO: Draco encoder: Encoding mesh Canopy sprays 2350.
01:07:35 | INFO: Draco encoder: Encoding mesh Canopy sprays 2351.
01:07:35 | INFO: Draco encoder: Encoding mesh Canopy sprays 2352.
01:07:35 | INFO: Draco encoder: Encoding mesh Canopy sprays 2353.
01:07:35 | INFO: Draco encoder: Encoding mesh Canopy sprays 2354.
01:07:35 | INFO: Draco encoder: Encoding mesh Canopy sprays 2355.
01:07:35 | INFO: Draco encoder: Encoding mesh Canopy sprays 2356.
01:07:35 | INFO: Draco encoder: Encoding mesh Canopy sprays 2357.
01:07:35 | INFO: Draco encoder: Encoding mesh Canopy sprays 2358.
01:07:35 | INFO: Draco encoder: Encoding mesh Canopy sprays 2359.
01:07:35 | INFO: Draco encoder: Encoding mesh Canopy sprays 2360.
01:07:35 | INFO: Draco encoder: Encoding mesh Canopy sprays 2361.
01:07:35 | INFO: Draco encoder: Encoding mesh Canopy sprays 2362.
01:07:35 | INFO: Draco encoder: Encoding mesh Canopy sprays 2363.
01:07:35 | INFO: Draco encoder: Encoding mesh Canopy sprays 2364.
01:07:35 | INFO: Draco encoder: Encoding mesh Canopy sprays 2365.
01:07:35 | INFO: Draco encoder: Encoding mesh Canopy sprays 2366.
01:07:35 | INFO: Draco encoder: Encoding mesh Canopy sprays 2367.
01:07:35 | INFO: Draco encoder: Encoding mesh Canopy sprays 2368.
01:07:35 | INFO: Draco encoder: Encoding mesh Canopy sprays 2369.
01:07:35 | INFO: Draco encoder: Encoding mesh Canopy sprays 2370.
01:07:35 | INFO: Draco encoder: Encoding mesh Canopy sprays 2371.
01:07:35 | INFO: Draco encoder: Encoding mesh Canopy sprays 2372.
01:07:35 | INFO: Draco encoder: Encoding mesh Canopy sprays 2373.
01:07:35 | INFO: Draco encoder: Encoding mesh Canopy sprays 2374.
01:07:35 | INFO: Draco encoder: Encoding mesh Canopy sprays 2375.
01:07:35 | INFO: Draco encoder: Encoding mesh Canopy sprays 2376.
01:07:35 | INFO: Draco encoder: Encoding mesh Canopy sprays 2377.
01:07:35 | INFO: Draco encoder: Encoding mesh Canopy sprays 2378.
01:07:35 | INFO: Draco encoder: Encoding mesh Canopy sprays 2379.
01:07:35 | INFO: Draco encoder: Encoding mesh Canopy sprays 2380.
01:07:35 | INFO: Draco encoder: Encoding mesh Canopy sprays 2381.
01:07:35 | INFO: Draco encoder: Encoding mesh Canopy sprays 2382.
01:07:35 | INFO: Draco encoder: Encoding mesh Canopy sprays 2383.
01:07:35 | INFO: Draco encoder: Encoding mesh Canopy sprays 2384.
01:07:35 | INFO: Draco encoder: Encoding mesh Canopy sprays 2385.
01:07:35 | INFO: Draco encoder: Encoding mesh Canopy sprays 2386.
01:07:35 | INFO: Draco encoder: Encoding mesh Canopy sprays 2387.
01:07:35 | INFO: Draco encoder: Encoding mesh Canopy sprays 2388.
01:07:35 | INFO: Draco encoder: Encoding mesh Canopy sprays 2389.
01:07:35 | INFO: Draco encoder: Encoding mesh Canopy sprays 2390.
01:07:35 | INFO: Draco encoder: Encoding mesh Canopy sprays 2391.
01:07:35 | INFO: Draco encoder: Encoding mesh Canopy sprays 2392.
01:07:35 | INFO: Draco encoder: Encoding mesh Canopy sprays 2393.
01:07:35 | INFO: Draco encoder: Encoding mesh Canopy sprays 2394.
01:07:35 | INFO: Draco encoder: Encoding mesh Canopy sprays 2395.
01:07:35 | INFO: Draco encoder: Encoding mesh Canopy sprays 2396.
01:07:35 | INFO: Draco encoder: Encoding mesh Canopy sprays 2397.
01:07:35 | INFO: Draco encoder: Encoding mesh Canopy sprays 2398.
01:07:35 | INFO: Draco encoder: Encoding mesh Canopy sprays 2399.
01:07:35 | INFO: Draco encoder: Encoding mesh Canopy sprays 2400.
01:07:35 | INFO: Draco encoder: Encoding mesh Canopy sprays 2401.
01:07:35 | INFO: Draco encoder: Encoding mesh Canopy sprays 2402.
01:07:35 | INFO: Draco encoder: Encoding mesh Canopy sprays 2403.
01:07:35 | INFO: Draco encoder: Encoding mesh Canopy sprays 2404.
01:07:35 | INFO: Draco encoder: Encoding mesh Canopy sprays 2405.
01:07:35 | INFO: Draco encoder: Encoding mesh Canopy sprays 2406.
01:07:35 | INFO: Draco encoder: Encoding mesh Canopy sprays 2407.
01:07:35 | INFO: Draco encoder: Encoding mesh Canopy sprays 2408.
01:07:35 | INFO: Draco encoder: Encoding mesh Canopy sprays 2409.
01:07:35 | INFO: Draco encoder: Encoding mesh Canopy sprays 2410.
01:07:35 | INFO: Draco encoder: Encoding mesh Canopy sprays 2411.
01:07:35 | INFO: Draco encoder: Encoding mesh Canopy sprays 2412.
01:07:35 | INFO: Draco encoder: Encoding mesh Canopy sprays 2413.
01:07:35 | INFO: Draco encoder: Encoding mesh Canopy sprays 2414.
01:07:35 | INFO: Draco encoder: Encoding mesh Canopy sprays 2415.
01:07:35 | INFO: Draco encoder: Encoding mesh Canopy sprays 2416.
01:07:35 | INFO: Draco encoder: Encoding mesh Canopy sprays 2417.
01:07:35 | INFO: Draco encoder: Encoding mesh Canopy sprays 2418.
01:07:35 | INFO: Draco encoder: Encoding mesh Canopy sprays 2419.
01:07:35 | INFO: Draco encoder: Encoding mesh Canopy sprays 2420.
01:07:35 | INFO: Draco encoder: Encoding mesh Canopy sprays 2421.
01:07:35 | INFO: Draco encoder: Encoding mesh Canopy sprays 2422.
01:07:35 | INFO: Draco encoder: Encoding mesh Canopy sprays 2423.
01:07:35 | INFO: Draco encoder: Encoding mesh Canopy sprays 2424.
01:07:35 | INFO: Draco encoder: Encoding mesh Canopy sprays 2425.
01:07:35 | INFO: Draco encoder: Encoding mesh Canopy sprays 2426.
01:07:35 | INFO: Draco encoder: Encoding mesh Canopy sprays 2427.
01:07:35 | INFO: Draco encoder: Encoding mesh Canopy sprays 2428.
01:07:35 | INFO: Draco encoder: Encoding mesh Canopy sprays 2429.
01:07:35 | INFO: Draco encoder: Encoding mesh Canopy sprays 2430.
01:07:35 | INFO: Draco encoder: Encoding mesh Canopy sprays 2431.
01:07:35 | INFO: Draco encoder: Encoding mesh Canopy sprays 2432.
01:07:35 | INFO: Draco encoder: Encoding mesh Canopy sprays 2433.
01:07:35 | INFO: Draco encoder: Encoding mesh Canopy sprays 2434.
01:07:35 | INFO: Draco encoder: Encoding mesh Canopy sprays 2435.
01:07:35 | INFO: Draco encoder: Encoding mesh Canopy sprays 2436.
01:07:35 | INFO: Draco encoder: Encoding mesh Canopy sprays 2437.
01:07:35 | INFO: Draco encoder: Encoding mesh Canopy sprays 2438.
01:07:35 | INFO: Draco encoder: Encoding mesh Canopy sprays 2439.
01:07:35 | INFO: Draco encoder: Encoding mesh Canopy sprays 2440.
01:07:35 | INFO: Draco encoder: Encoding mesh Canopy sprays 2441.
01:07:35 | INFO: Draco encoder: Encoding mesh Canopy sprays 2442.
01:07:35 | INFO: Draco encoder: Encoding mesh Canopy sprays 2443.
01:07:35 | INFO: Draco encoder: Encoding mesh Canopy sprays 2444.
01:07:35 | INFO: Draco encoder: Encoding mesh Canopy sprays 2445.
01:07:35 | INFO: Draco encoder: Encoding mesh Canopy sprays 2446.
01:07:35 | INFO: Draco encoder: Encoding mesh Canopy sprays 2447.
01:07:35 | INFO: Draco encoder: Encoding mesh Canopy sprays 2448.
01:07:35 | INFO: Draco encoder: Encoding mesh Canopy sprays 2449.
01:07:35 | INFO: Draco encoder: Encoding mesh Canopy sprays 2450.
01:07:35 | INFO: Draco encoder: Encoding mesh Canopy sprays 2451.
01:07:35 | INFO: Draco encoder: Encoding mesh Canopy sprays 2452.
01:07:35 | INFO: Draco encoder: Encoding mesh Canopy sprays 2453.
01:07:35 | INFO: Draco encoder: Encoding mesh Canopy sprays 2454.
01:07:35 | INFO: Draco encoder: Encoding mesh Canopy sprays 2455.
01:07:35 | INFO: Draco encoder: Encoding mesh Canopy sprays 2456.
01:07:35 | INFO: Draco encoder: Encoding mesh Canopy sprays 2457.
01:07:35 | INFO: Draco encoder: Encoding mesh Canopy sprays 2458.
01:07:35 | INFO: Draco encoder: Encoding mesh Canopy sprays 2459.
01:07:35 | INFO: Draco encoder: Encoding mesh Canopy sprays 2460.
01:07:35 | INFO: Draco encoder: Encoding mesh Canopy sprays 2461.
01:07:35 | INFO: Draco encoder: Encoding mesh Canopy sprays 2462.
01:07:35 | INFO: Draco encoder: Encoding mesh Canopy sprays 2463.
01:07:35 | INFO: Draco encoder: Encoding mesh Canopy sprays 2464.
01:07:35 | INFO: Draco encoder: Encoding mesh Canopy sprays 2465.
01:07:35 | INFO: Draco encoder: Encoding mesh Canopy sprays 2466.
01:07:35 | INFO: Draco encoder: Encoding mesh Canopy sprays 2467.
01:07:35 | INFO: Draco encoder: Encoding mesh Canopy sprays 2468.
01:07:35 | INFO: Draco encoder: Encoding mesh Canopy sprays 2469.
01:07:35 | INFO: Draco encoder: Encoding mesh Canopy sprays 2470.
01:07:35 | INFO: Draco encoder: Encoding mesh Canopy sprays 2471.
01:07:35 | INFO: Draco encoder: Encoding mesh Canopy sprays 2472.
01:07:35 | INFO: Draco encoder: Encoding mesh Canopy sprays 2473.
01:07:35 | INFO: Draco encoder: Encoding mesh Canopy sprays 2474.
01:07:35 | INFO: Draco encoder: Encoding mesh Canopy sprays 2475.
01:07:35 | INFO: Draco encoder: Encoding mesh Canopy sprays 2476.
01:07:35 | INFO: Draco encoder: Encoding mesh Canopy sprays 2477.
01:07:35 | INFO: Draco encoder: Encoding mesh Canopy sprays 2478.
01:07:35 | INFO: Draco encoder: Encoding mesh Canopy sprays 2479.
01:07:35 | INFO: Draco encoder: Encoding mesh Canopy sprays 2480.
01:07:35 | INFO: Draco encoder: Encoding mesh Canopy sprays 2481.
01:07:35 | INFO: Draco encoder: Encoding mesh Canopy sprays 2482.
01:07:35 | INFO: Draco encoder: Encoding mesh Canopy sprays 2483.
01:07:35 | INFO: Draco encoder: Encoding mesh Canopy sprays 2484.
01:07:35 | INFO: Draco encoder: Encoding mesh Canopy sprays 2485.
01:07:35 | INFO: Draco encoder: Encoding mesh Canopy sprays 2486.
01:07:35 | INFO: Draco encoder: Encoding mesh Canopy sprays 2487.
01:07:35 | INFO: Draco encoder: Encoding mesh Canopy sprays 2488.
01:07:35 | INFO: Draco encoder: Encoding mesh Canopy sprays 2489.
01:07:35 | INFO: Draco encoder: Encoding mesh Canopy sprays 2490.
01:07:35 | INFO: Draco encoder: Encoding mesh Canopy sprays 2491.
01:07:35 | INFO: Draco encoder: Encoding mesh Canopy sprays 2492.
01:07:35 | INFO: Draco encoder: Encoding mesh Canopy sprays 2493.
01:07:35 | INFO: Draco encoder: Encoding mesh Canopy sprays 2494.
01:07:35 | INFO: Draco encoder: Encoding mesh Canopy sprays 2495.
01:07:35 | INFO: Draco encoder: Encoding mesh Canopy sprays 2496.
01:07:35 | INFO: Draco encoder: Encoding mesh Canopy sprays 2497.
01:07:35 | INFO: Draco encoder: Encoding mesh Canopy sprays 2498.
01:07:35 | INFO: Draco encoder: Encoding mesh Canopy sprays 2499.
01:07:35 | INFO: Draco encoder: Encoding mesh Canopy sprays 2500.
01:07:35 | INFO: Draco encoder: Encoding mesh Canopy sprays 2501.
01:07:35 | INFO: Draco encoder: Encoding mesh Canopy sprays 2502.
01:07:35 | INFO: Draco encoder: Encoding mesh Canopy sprays 2503.
01:07:35 | INFO: Draco encoder: Encoding mesh Canopy sprays 2504.
01:07:35 | INFO: Draco encoder: Encoding mesh Canopy sprays 2505.
01:07:35 | INFO: Draco encoder: Encoding mesh Canopy sprays 2506.
01:07:35 | INFO: Draco encoder: Encoding mesh Canopy sprays 2507.
01:07:35 | INFO: Draco encoder: Encoding mesh Canopy sprays 2508.
01:07:35 | INFO: Draco encoder: Encoding mesh Canopy sprays 2509.
01:07:35 | INFO: Draco encoder: Encoding mesh Canopy sprays 2510.
01:07:35 | INFO: Draco encoder: Encoding mesh Canopy sprays 2511.
01:07:35 | INFO: Draco encoder: Encoding mesh Canopy sprays 2512.
01:07:35 | INFO: Draco encoder: Encoding mesh Canopy sprays 2513.
01:07:35 | INFO: Draco encoder: Encoding mesh Canopy sprays 2514.
01:07:35 | INFO: Draco encoder: Encoding mesh Canopy sprays 2515.
01:07:35 | INFO: Draco encoder: Encoding mesh Canopy sprays 2516.
01:07:35 | INFO: Draco encoder: Encoding mesh Canopy sprays 2517.
01:07:35 | INFO: Draco encoder: Encoding mesh Canopy sprays 2518.
01:07:35 | INFO: Draco encoder: Encoding mesh Canopy sprays 2519.
01:07:35 | INFO: Draco encoder: Encoding mesh Canopy sprays 2520.
01:07:35 | INFO: Draco encoder: Encoding mesh Canopy sprays 2521.
01:07:35 | INFO: Draco encoder: Encoding mesh Canopy sprays 2522.
01:07:35 | INFO: Draco encoder: Encoding mesh Canopy sprays 2523.
01:07:35 | INFO: Draco encoder: Encoding mesh Canopy sprays 2524.
01:07:35 | INFO: Draco encoder: Encoding mesh Canopy sprays 2525.
01:07:35 | INFO: Draco encoder: Encoding mesh Canopy sprays 2526.
01:07:35 | INFO: Draco encoder: Encoding mesh Canopy sprays 2527.
01:07:35 | INFO: Draco encoder: Encoding mesh Canopy sprays 2528.
01:07:35 | INFO: Draco encoder: Encoding mesh Canopy sprays 2529.
01:07:35 | INFO: Draco encoder: Encoding mesh Canopy sprays 2530.
01:07:35 | INFO: Draco encoder: Encoding mesh Canopy sprays 2531.
01:07:35 | INFO: Draco encoder: Encoding mesh Canopy sprays 2532.
01:07:35 | INFO: Draco encoder: Encoding mesh Canopy sprays 2533.
01:07:35 | INFO: Draco encoder: Encoding mesh Canopy sprays 2534.
01:07:35 | INFO: Draco encoder: Encoding mesh Canopy sprays 2535.
01:07:35 | INFO: Draco encoder: Encoding mesh Canopy sprays 2536.
01:07:35 | INFO: Draco encoder: Encoding mesh Canopy sprays 2537.
01:07:35 | INFO: Draco encoder: Encoding mesh Canopy sprays 2538.
01:07:35 | INFO: Draco encoder: Encoding mesh Canopy sprays 2539.
01:07:35 | INFO: Draco encoder: Encoding mesh Canopy sprays 2540.
01:07:35 | INFO: Draco encoder: Encoding mesh Canopy sprays 2541.
01:07:35 | INFO: Draco encoder: Encoding mesh Canopy sprays 2542.
01:07:35 | INFO: Draco encoder: Encoding mesh Canopy sprays 2543.
01:07:35 | INFO: Draco encoder: Encoding mesh Canopy sprays 2544.
01:07:35 | INFO: Draco encoder: Encoding mesh Canopy sprays 2545.
01:07:35 | INFO: Draco encoder: Encoding mesh Canopy sprays 2546.
01:07:35 | INFO: Draco encoder: Encoding mesh Canopy sprays 2547.
01:07:35 | INFO: Draco encoder: Encoding mesh Canopy sprays 2548.
01:07:35 | INFO: Draco encoder: Encoding mesh Canopy sprays 2549.
01:07:35 | INFO: Draco encoder: Encoding mesh Canopy sprays 2550.
01:07:35 | INFO: Draco encoder: Encoding mesh Canopy sprays 2551.
01:07:35 | INFO: Draco encoder: Encoding mesh Canopy sprays 2552.
01:07:35 | INFO: Draco encoder: Encoding mesh Canopy sprays 2553.
01:07:35 | INFO: Draco encoder: Encoding mesh Canopy sprays 2554.
01:07:35 | INFO: Draco encoder: Encoding mesh Canopy sprays 2555.
01:07:35 | INFO: Draco encoder: Encoding mesh Canopy sprays 2556.
01:07:35 | INFO: Draco encoder: Encoding mesh Canopy sprays 2557.
01:07:35 | INFO: Draco encoder: Encoding mesh Canopy sprays 2558.
01:07:35 | INFO: Draco encoder: Encoding mesh Canopy sprays 2559.
01:07:35 | INFO: Draco encoder: Encoding mesh Canopy sprays 2560.
01:07:35 | INFO: Draco encoder: Encoding mesh Canopy sprays 2561.
01:07:35 | INFO: Draco encoder: Encoding mesh Canopy sprays 2562.
01:07:35 | INFO: Draco encoder: Encoding mesh Canopy sprays 2563.
01:07:35 | INFO: Draco encoder: Encoding mesh Canopy sprays 2564.
01:07:35 | INFO: Draco encoder: Encoding mesh Canopy sprays 2565.
01:07:35 | INFO: Draco encoder: Encoding mesh Canopy sprays 2566.
01:07:35 | INFO: Draco encoder: Encoding mesh Canopy sprays 2567.
01:07:35 | INFO: Draco encoder: Encoding mesh Canopy sprays 2568.
01:07:35 | INFO: Draco encoder: Encoding mesh Canopy sprays 2569.
01:07:35 | INFO: Draco encoder: Encoding mesh Canopy sprays 2570.
01:07:35 | INFO: Draco encoder: Encoding mesh Canopy sprays 2571.
01:07:35 | INFO: Draco encoder: Encoding mesh Canopy sprays 2572.
01:07:35 | INFO: Draco encoder: Encoding mesh Canopy sprays 2573.
01:07:35 | INFO: Draco encoder: Encoding mesh Canopy sprays 2574.
01:07:35 | INFO: Draco encoder: Encoding mesh Canopy sprays 2575.
01:07:35 | INFO: Draco encoder: Encoding mesh Canopy sprays 2576.
01:07:35 | INFO: Draco encoder: Encoding mesh Canopy sprays 2577.
01:07:35 | INFO: Draco encoder: Encoding mesh Canopy sprays 2578.
01:07:35 | INFO: Draco encoder: Encoding mesh Canopy sprays 2579.
01:07:35 | INFO: Draco encoder: Encoding mesh Canopy sprays 2580.
01:07:35 | INFO: Draco encoder: Encoding mesh Canopy sprays 2581.
01:07:35 | INFO: Draco encoder: Encoding mesh Canopy sprays 2582.
01:07:35 | INFO: Draco encoder: Encoding mesh Canopy sprays 2583.
01:07:35 | INFO: Draco encoder: Encoding mesh Canopy sprays 2584.
01:07:35 | INFO: Draco encoder: Encoding mesh Canopy sprays 2585.
01:07:35 | INFO: Draco encoder: Encoding mesh Canopy sprays 2586.
01:07:35 | INFO: Draco encoder: Encoding mesh Canopy sprays 2587.
01:07:35 | INFO: Draco encoder: Encoding mesh Canopy sprays 2588.
01:07:35 | INFO: Draco encoder: Encoding mesh Canopy sprays 2589.
01:07:35 | INFO: Draco encoder: Encoding mesh Loose soil particles 0000.
01:07:35 | INFO: Draco encoder: Encoding mesh Loose soil particles 0001.
01:07:35 | INFO: Draco encoder: Encoding mesh Loose soil particles 0002.
01:07:35 | INFO: Draco encoder: Encoding mesh Loose soil particles 0003.
01:07:35 | INFO: Draco encoder: Encoding mesh Loose soil particles 0004.
01:07:35 | INFO: Draco encoder: Encoding mesh Loose soil particles 0005.
01:07:35 | INFO: Draco encoder: Encoding mesh Loose soil particles 0006.
01:07:35 | INFO: Draco encoder: Encoding mesh Loose soil particles 0007.
01:07:35 | INFO: Draco encoder: Encoding mesh Loose soil particles 0008.
01:07:35 | INFO: Draco encoder: Encoding mesh Loose soil particles 0009.
01:07:35 | INFO: Draco encoder: Encoding mesh Loose soil particles 0010.
01:07:35 | INFO: Draco encoder: Encoding mesh Loose soil particles 0011.
01:07:35 | INFO: Draco encoder: Encoding mesh Loose soil particles 0012.
01:07:35 | INFO: Draco encoder: Encoding mesh Loose soil particles 0013.
01:07:35 | INFO: Draco encoder: Encoding mesh Loose soil particles 0014.
01:07:35 | INFO: Draco encoder: Encoding mesh Loose soil particles 0015.
01:07:35 | INFO: Draco encoder: Encoding mesh Loose soil particles 0016.
01:07:35 | INFO: Draco encoder: Encoding mesh Loose soil particles 0017.
01:07:35 | INFO: Draco encoder: Encoding mesh Loose soil particles 0018.
01:07:35 | INFO: Draco encoder: Encoding mesh Loose soil particles 0019.
01:07:35 | INFO: Draco encoder: Encoding mesh Loose soil particles 0020.
01:07:35 | INFO: Draco encoder: Encoding mesh Loose soil particles 0021.
01:07:35 | INFO: Draco encoder: Encoding mesh Loose soil particles 0022.
01:07:35 | INFO: Draco encoder: Encoding mesh Loose soil particles 0023.
01:07:35 | INFO: Draco encoder: Encoding mesh Loose soil particles 0024.
01:07:35 | INFO: Draco encoder: Encoding mesh Loose soil particles 0025.
01:07:35 | INFO: Draco encoder: Encoding mesh Loose soil particles 0026.
01:07:35 | INFO: Draco encoder: Encoding mesh Loose soil particles 0027.
01:07:35 | INFO: Draco encoder: Encoding mesh Loose soil particles 0028.
01:07:35 | INFO: Draco encoder: Encoding mesh Loose soil particles 0029.
01:07:35 | INFO: Draco encoder: Encoding mesh Loose soil particles 0030.
01:07:35 | INFO: Draco encoder: Encoding mesh Loose soil particles 0031.
01:07:35 | INFO: Draco encoder: Encoding mesh Loose soil particles 0032.
01:07:35 | INFO: Draco encoder: Encoding mesh Loose soil particles 0033.
01:07:35 | INFO: Draco encoder: Encoding mesh Loose soil particles 0034.
01:07:35 | INFO: Draco encoder: Encoding mesh Loose soil particles 0035.
01:07:35 | INFO: Draco encoder: Encoding mesh Loose soil particles 0036.
01:07:35 | INFO: Draco encoder: Encoding mesh Loose soil particles 0037.
01:07:35 | INFO: Draco encoder: Encoding mesh Loose soil particles 0038.
01:07:35 | INFO: Draco encoder: Encoding mesh Loose soil particles 0039.
01:07:35 | INFO: Draco encoder: Encoding mesh Loose soil particles 0040.
01:07:35 | INFO: Draco encoder: Encoding mesh Loose soil particles 0041.
01:07:35 | INFO: Draco encoder: Encoding mesh Loose soil particles 0042.
01:07:35 | INFO: Draco encoder: Encoding mesh Loose soil particles 0043.
01:07:35 | INFO: Draco encoder: Encoding mesh Loose soil particles 0044.
01:07:35 | INFO: Draco encoder: Encoding mesh Loose soil particles 0045.
01:07:35 | INFO: Draco encoder: Encoding mesh Loose soil particles 0046.
01:07:35 | INFO: Draco encoder: Encoding mesh Loose soil particles 0047.
01:07:35 | INFO: Draco encoder: Encoding mesh Loose soil particles 0048.
01:07:35 | INFO: Draco encoder: Encoding mesh Loose soil particles 0049.
01:07:35 | INFO: Draco encoder: Encoding mesh Loose soil particles 0050.
01:07:35 | INFO: Draco encoder: Encoding mesh Loose soil particles 0051.
01:07:35 | INFO: Draco encoder: Encoding mesh Loose soil particles 0052.
01:07:35 | INFO: Draco encoder: Encoding mesh Loose soil particles 0053.
01:07:35 | INFO: Draco encoder: Encoding mesh Loose soil particles 0054.
01:07:35 | INFO: Draco encoder: Encoding mesh Loose soil particles 0055.
01:07:35 | INFO: Draco encoder: Encoding mesh Loose soil particles 0056.
01:07:35 | INFO: Draco encoder: Encoding mesh Loose soil particles 0057.
01:07:35 | INFO: Draco encoder: Encoding mesh Loose soil particles 0058.
01:07:35 | INFO: Draco encoder: Encoding mesh Loose soil particles 0059.
01:07:35 | INFO: Draco encoder: Encoding mesh Loose soil particles 0060.
01:07:35 | INFO: Draco encoder: Encoding mesh Loose soil particles 0061.
01:07:35 | INFO: Draco encoder: Encoding mesh Loose soil particles 0062.
01:07:35 | INFO: Draco encoder: Encoding mesh Loose soil particles 0063.
01:07:35 | INFO: Draco encoder: Encoding mesh Loose soil particles 0064.
01:07:35 | INFO: Draco encoder: Encoding mesh Loose soil particles 0065.
01:07:35 | INFO: Draco encoder: Encoding mesh Loose soil particles 0066.
01:07:35 | INFO: Draco encoder: Encoding mesh Loose soil particles 0067.
01:07:35 | INFO: Draco encoder: Encoding mesh Loose soil particles 0068.
01:07:35 | INFO: Draco encoder: Encoding mesh Loose soil particles 0069.
01:07:35 | INFO: Draco encoder: Encoding mesh Loose soil particles 0070.
01:07:35 | INFO: Draco encoder: Encoding mesh Loose soil particles 0071.
01:07:35 | INFO: Draco encoder: Encoding mesh Loose soil particles 0072.
01:07:35 | INFO: Draco encoder: Encoding mesh Loose soil particles 0073.
01:07:35 | INFO: Draco encoder: Encoding mesh Loose soil particles 0074.
01:07:35 | INFO: Draco encoder: Encoding mesh Loose soil particles 0075.
01:07:35 | INFO: Draco encoder: Encoding mesh Loose soil particles 0076.
01:07:35 | INFO: Draco encoder: Encoding mesh Loose soil particles 0077.
01:07:35 | INFO: Draco encoder: Encoding mesh Loose soil particles 0078.
01:07:35 | INFO: Draco encoder: Encoding mesh Loose soil particles 0079.
01:07:35 | INFO: Draco encoder: Encoding mesh Loose soil particles 0080.
01:07:35 | INFO: Draco encoder: Encoding mesh Loose soil particles 0081.
01:07:35 | INFO: Draco encoder: Encoding mesh Loose soil particles 0082.
01:07:35 | INFO: Draco encoder: Encoding mesh Loose soil particles 0083.
01:07:35 | INFO: Draco encoder: Encoding mesh Loose soil particles 0084.
01:07:35 | INFO: Draco encoder: Encoding mesh Loose soil particles 0085.
01:07:35 | INFO: Draco encoder: Encoding mesh Loose soil particles 0086.
01:07:35 | INFO: Draco encoder: Encoding mesh Loose soil particles 0087.
01:07:35 | INFO: Draco encoder: Encoding mesh Loose soil particles 0088.
01:07:35 | INFO: Draco encoder: Encoding mesh Loose soil particles 0089.
01:07:35 | INFO: Draco encoder: Encoding mesh Loose soil particles 0090.
01:07:35 | INFO: Draco encoder: Encoding mesh Loose soil particles 0091.
01:07:35 | INFO: Draco encoder: Encoding mesh Loose soil particles 0092.
01:07:35 | INFO: Draco encoder: Encoding mesh Loose soil particles 0093.
01:07:35 | INFO: Draco encoder: Encoding mesh Loose soil particles 0094.
01:07:35 | INFO: Draco encoder: Encoding mesh Loose soil particles 0095.
01:07:35 | INFO: Draco encoder: Encoding mesh Loose soil particles 0096.
01:07:35 | INFO: Draco encoder: Encoding mesh Loose soil particles 0097.
01:07:35 | INFO: Draco encoder: Encoding mesh Loose soil particles 0098.
01:07:35 | INFO: Draco encoder: Encoding mesh Loose soil particles 0099.
01:07:35 | INFO: Draco encoder: Encoding mesh Loose soil particles 0100.
01:07:35 | INFO: Draco encoder: Encoding mesh Loose soil particles 0101.
01:07:35 | INFO: Draco encoder: Encoding mesh Loose soil particles 0102.
01:07:35 | INFO: Draco encoder: Encoding mesh Loose soil particles 0103.
01:07:35 | INFO: Draco encoder: Encoding mesh Loose soil particles 0104.
01:07:35 | INFO: Draco encoder: Encoding mesh Loose soil particles 0105.
01:07:35 | INFO: Draco encoder: Encoding mesh Loose soil particles 0106.
01:07:35 | INFO: Draco encoder: Encoding mesh Loose soil particles 0107.
01:07:35 | INFO: Draco encoder: Encoding mesh Loose soil particles 0108.
01:07:35 | INFO: Draco encoder: Encoding mesh Loose soil particles 0109.
01:07:35 | INFO: Draco encoder: Encoding mesh Loose soil particles 0110.
01:07:35 | INFO: Draco encoder: Encoding mesh Loose soil particles 0111.
01:07:35 | INFO: Draco encoder: Encoding mesh Loose soil particles 0112.
01:07:35 | INFO: Draco encoder: Encoding mesh Loose soil particles 0113.
01:07:35 | INFO: Draco encoder: Encoding mesh Loose soil particles 0114.
01:07:35 | INFO: Draco encoder: Encoding mesh Loose soil particles 0115.
01:07:35 | INFO: Draco encoder: Encoding mesh Loose soil particles 0116.
01:07:35 | INFO: Draco encoder: Encoding mesh Loose soil particles 0117.
01:07:35 | INFO: Draco encoder: Encoding mesh Loose soil particles 0118.
01:07:35 | INFO: Draco encoder: Encoding mesh Loose soil particles 0119.
01:07:35 | INFO: Draco encoder: Encoding mesh Loose soil particles 0120.
01:07:35 | INFO: Draco encoder: Encoding mesh Loose soil particles 0121.
01:07:35 | INFO: Draco encoder: Encoding mesh Loose soil particles 0122.
01:07:35 | INFO: Draco encoder: Encoding mesh Loose soil particles 0123.
01:07:35 | INFO: Draco encoder: Encoding mesh Loose soil particles 0124.
01:07:35 | INFO: Draco encoder: Encoding mesh Loose soil particles 0125.
01:07:35 | INFO: Draco encoder: Encoding mesh Loose soil particles 0126.
01:07:35 | INFO: Draco encoder: Encoding mesh Loose soil particles 0127.
01:07:35 | INFO: Draco encoder: Encoding mesh Loose soil particles 0128.
01:07:35 | INFO: Draco encoder: Encoding mesh Loose soil particles 0129.
01:07:35 | INFO: Draco encoder: Encoding mesh Loose soil particles 0130.
01:07:35 | INFO: Draco encoder: Encoding mesh Loose soil particles 0131.
01:07:35 | INFO: Draco encoder: Encoding mesh Loose soil particles 0132.
01:07:35 | INFO: Draco encoder: Encoding mesh Loose soil particles 0133.
01:07:35 | INFO: Draco encoder: Encoding mesh Loose soil particles 0134.
01:07:35 | INFO: Draco encoder: Encoding mesh Loose soil particles 0135.
01:07:35 | INFO: Draco encoder: Encoding mesh Loose soil particles 0136.
01:07:35 | INFO: Draco encoder: Encoding mesh Loose soil particles 0137.
01:07:35 | INFO: Draco encoder: Encoding mesh Loose soil particles 0138.
01:07:35 | INFO: Draco encoder: Encoding mesh Loose soil particles 0139.
01:07:35 | INFO: Draco encoder: Encoding mesh Loose soil particles 0140.
01:07:35 | INFO: Draco encoder: Encoding mesh Loose soil particles 0141.
01:07:35 | INFO: Draco encoder: Encoding mesh Loose soil particles 0142.
01:07:35 | INFO: Draco encoder: Encoding mesh Loose soil particles 0143.
01:07:35 | INFO: Draco encoder: Encoding mesh Loose soil particles 0144.
01:07:35 | INFO: Draco encoder: Encoding mesh Loose soil particles 0145.
01:07:35 | INFO: Draco encoder: Encoding mesh Loose soil particles 0146.
01:07:35 | INFO: Draco encoder: Encoding mesh Loose soil particles 0147.
01:07:35 | INFO: Draco encoder: Encoding mesh Loose soil particles 0148.
01:07:35 | INFO: Draco encoder: Encoding mesh Loose soil particles 0149.
01:07:35 | INFO: Draco encoder: Encoding mesh Loose soil particles 0150.
01:07:35 | INFO: Draco encoder: Encoding mesh Loose soil particles 0151.
01:07:35 | INFO: Draco encoder: Encoding mesh Loose soil particles 0152.
01:07:35 | INFO: Draco encoder: Encoding mesh Loose soil particles 0153.
01:07:35 | INFO: Draco encoder: Encoding mesh Loose soil particles 0154.
01:07:35 | INFO: Draco encoder: Encoding mesh Loose soil particles 0155.
01:07:35 | INFO: Draco encoder: Encoding mesh Loose soil particles 0156.
01:07:35 | INFO: Draco encoder: Encoding mesh Loose soil particles 0157.
01:07:35 | INFO: Draco encoder: Encoding mesh Loose soil particles 0158.
01:07:35 | INFO: Draco encoder: Encoding mesh Loose soil particles 0159.
01:07:35 | INFO: Draco encoder: Encoding mesh Loose soil particles 0160.
01:07:35 | INFO: Draco encoder: Encoding mesh Loose soil particles 0161.
01:07:35 | INFO: Draco encoder: Encoding mesh Loose soil particles 0162.
01:07:35 | INFO: Draco encoder: Encoding mesh Loose soil particles 0163.
01:07:35 | INFO: Draco encoder: Encoding mesh Loose soil particles 0164.
01:07:35 | INFO: Draco encoder: Encoding mesh Loose soil particles 0165.
01:07:35 | INFO: Draco encoder: Encoding mesh Loose soil particles 0166.
01:07:35 | INFO: Draco encoder: Encoding mesh Loose soil particles 0167.
01:07:35 | INFO: Draco encoder: Encoding mesh Loose soil particles 0168.
01:07:35 | INFO: Draco encoder: Encoding mesh Loose soil particles 0169.
01:07:35 | INFO: Draco encoder: Encoding mesh Loose soil particles 0170.
01:07:35 | INFO: Draco encoder: Encoding mesh Loose soil particles 0171.
01:07:35 | INFO: Draco encoder: Encoding mesh Loose soil particles 0172.
01:07:35 | INFO: Draco encoder: Encoding mesh Loose soil particles 0173.
01:07:35 | INFO: Draco encoder: Encoding mesh Loose soil particles 0174.
01:07:35 | INFO: Draco encoder: Encoding mesh Loose soil particles 0175.
01:07:35 | INFO: Draco encoder: Encoding mesh Loose soil particles 0176.
01:07:35 | INFO: Draco encoder: Encoding mesh Loose soil particles 0177.
01:07:35 | INFO: Draco encoder: Encoding mesh Loose soil particles 0178.
01:07:35 | INFO: Draco encoder: Encoding mesh Loose soil particles 0179.
01:07:35 | INFO: Draco encoder: Encoding mesh Loose soil particles 0180.
01:07:35 | INFO: Draco encoder: Encoding mesh Loose soil particles 0181.
01:07:35 | INFO: Draco encoder: Encoding mesh Loose soil particles 0182.
01:07:35 | INFO: Draco encoder: Encoding mesh Loose soil particles 0183.
01:07:35 | INFO: Draco encoder: Encoding mesh Loose soil particles 0184.
01:07:35 | INFO: Draco encoder: Encoding mesh Loose soil particles 0185.
01:07:35 | INFO: Draco encoder: Encoding mesh Loose soil particles 0186.
01:07:35 | INFO: Draco encoder: Encoding mesh Loose soil particles 0187.
01:07:35 | INFO: Draco encoder: Encoding mesh Loose soil particles 0188.
01:07:35 | INFO: Draco encoder: Encoding mesh Loose soil particles 0189.
01:07:35 | INFO: Draco encoder: Encoding mesh Loose soil particles 0190.
01:07:35 | INFO: Draco encoder: Encoding mesh Loose soil particles 0191.
01:07:35 | INFO: Draco encoder: Encoding mesh Loose soil particles 0192.
01:07:35 | INFO: Draco encoder: Encoding mesh Loose soil particles 0193.
01:07:35 | INFO: Draco encoder: Encoding mesh Loose soil particles 0194.
01:07:35 | INFO: Draco encoder: Encoding mesh Loose soil particles 0195.
01:07:35 | INFO: Draco encoder: Encoding mesh Loose soil particles 0196.
01:07:35 | INFO: Draco encoder: Encoding mesh Loose soil particles 0197.
01:07:35 | INFO: Draco encoder: Encoding mesh Loose soil particles 0198.
01:07:35 | INFO: Draco encoder: Encoding mesh Loose soil particles 0199.
01:07:35 | INFO: Draco encoder: Encoding mesh Loose soil particles 0200.
01:07:35 | INFO: Draco encoder: Encoding mesh Loose soil particles 0201.
01:07:35 | INFO: Draco encoder: Encoding mesh Loose soil particles 0202.
01:07:35 | INFO: Draco encoder: Encoding mesh Loose soil particles 0203.
01:07:35 | INFO: Draco encoder: Encoding mesh Loose soil particles 0204.
01:07:35 | INFO: Draco encoder: Encoding mesh Loose soil particles 0205.
01:07:35 | INFO: Draco encoder: Encoding mesh Loose soil particles 0206.
01:07:35 | INFO: Draco encoder: Encoding mesh Loose soil particles 0207.
01:07:35 | INFO: Draco encoder: Encoding mesh Loose soil particles 0208.
01:07:35 | INFO: Draco encoder: Encoding mesh Loose soil particles 0209.
01:07:35 | INFO: Draco encoder: Encoding mesh Loose soil particles 0210.
01:07:35 | INFO: Draco encoder: Encoding mesh Loose soil particles 0211.
01:07:35 | INFO: Draco encoder: Encoding mesh Loose soil particles 0212.
01:07:35 | INFO: Draco encoder: Encoding mesh Loose soil particles 0213.
01:07:35 | INFO: Draco encoder: Encoding mesh Loose soil particles 0214.
01:07:35 | INFO: Draco encoder: Encoding mesh Loose soil particles 0215.
01:07:35 | INFO: Draco encoder: Encoding mesh Loose soil particles 0216.
01:07:35 | INFO: Draco encoder: Encoding mesh Loose soil particles 0217.
01:07:35 | INFO: Draco encoder: Encoding mesh Loose soil particles 0218.
01:07:35 | INFO: Draco encoder: Encoding mesh Loose soil particles 0219.
01:07:35 | INFO: Draco encoder: Encoding mesh Loose soil particles 0220.
01:07:35 | INFO: Draco encoder: Encoding mesh Loose soil particles 0221.
01:07:35 | INFO: Draco encoder: Encoding mesh Loose soil particles 0222.
01:07:35 | INFO: Draco encoder: Encoding mesh Loose soil particles 0223.
01:07:35 | INFO: Draco encoder: Encoding mesh Loose soil particles 0224.
01:07:35 | INFO: Draco encoder: Encoding mesh Loose soil particles 0225.
01:07:35 | INFO: Draco encoder: Encoding mesh Loose soil particles 0226.
01:07:35 | INFO: Draco encoder: Encoding mesh Loose soil particles 0227.
01:07:35 | INFO: Draco encoder: Encoding mesh Loose soil particles 0228.
01:07:35 | INFO: Draco encoder: Encoding mesh Loose soil particles 0229.
01:07:35 | INFO: Draco encoder: Encoding mesh Loose soil particles 0230.
01:07:35 | INFO: Draco encoder: Encoding mesh Loose soil particles 0231.
01:07:35 | INFO: Draco encoder: Encoding mesh Loose soil particles 0232.
01:07:35 | INFO: Draco encoder: Encoding mesh Loose soil particles 0233.
01:07:35 | INFO: Draco encoder: Encoding mesh Loose soil particles 0234.
01:07:35 | INFO: Draco encoder: Encoding mesh Loose soil particles 0235.
01:07:35 | INFO: Draco encoder: Encoding mesh Loose soil particles 0236.
01:07:35 | INFO: Draco encoder: Encoding mesh Loose soil particles 0237.
01:07:35 | INFO: Draco encoder: Encoding mesh Loose soil particles 0238.
01:07:35 | INFO: Draco encoder: Encoding mesh Loose soil particles 0239.
01:07:35 | INFO: Draco encoder: Encoding mesh Loose soil particles 0240.
01:07:35 | INFO: Draco encoder: Encoding mesh Loose soil particles 0241.
01:07:35 | INFO: Draco encoder: Encoding mesh Loose soil particles 0242.
01:07:35 | INFO: Draco encoder: Encoding mesh Loose soil particles 0243.
01:07:35 | INFO: Draco encoder: Encoding mesh Loose soil particles 0244.
01:07:35 | INFO: Draco encoder: Encoding mesh Loose soil particles 0245.
01:07:35 | INFO: Draco encoder: Encoding mesh Loose soil particles 0246.
01:07:35 | INFO: Draco encoder: Encoding mesh Loose soil particles 0247.
01:07:35 | INFO: Draco encoder: Encoding mesh Loose soil particles 0248.
01:07:35 | INFO: Draco encoder: Encoding mesh Loose soil particles 0249.
01:07:35 | INFO: Draco encoder: Encoding mesh Loose soil particles 0250.
01:07:35 | INFO: Draco encoder: Encoding mesh Loose soil particles 0251.
01:07:35 | INFO: Draco encoder: Encoding mesh Loose soil particles 0252.
01:07:35 | INFO: Draco encoder: Encoding mesh Loose soil particles 0253.
01:07:35 | INFO: Draco encoder: Encoding mesh Loose soil particles 0254.
01:07:35 | INFO: Draco encoder: Encoding mesh Loose soil particles 0255.
01:07:35 | INFO: Draco encoder: Encoding mesh Loose soil particles 0256.
01:07:35 | INFO: Draco encoder: Encoding mesh Loose soil particles 0257.
01:07:35 | INFO: Draco encoder: Encoding mesh Loose soil particles 0258.
01:07:35 | INFO: Draco encoder: Encoding mesh Loose soil particles 0259.
01:07:35 | INFO: Draco encoder: Encoding mesh Loose soil particles 0260.
01:07:35 | INFO: Draco encoder: Encoding mesh Loose soil particles 0261.
01:07:35 | INFO: Draco encoder: Encoding mesh Loose soil particles 0262.
01:07:35 | INFO: Draco encoder: Encoding mesh Loose soil particles 0263.
01:07:35 | INFO: Draco encoder: Encoding mesh Loose soil particles 0264.
01:07:35 | INFO: Draco encoder: Encoding mesh Loose soil particles 0265.
01:07:35 | INFO: Draco encoder: Encoding mesh Loose soil particles 0266.
01:07:35 | INFO: Draco encoder: Encoding mesh Loose soil particles 0267.
01:07:35 | INFO: Draco encoder: Encoding mesh Loose soil particles 0268.
01:07:35 | INFO: Draco encoder: Encoding mesh Loose soil particles 0269.
01:07:35 | INFO: Draco encoder: Encoding mesh Loose soil particles 0270.
01:07:35 | INFO: Draco encoder: Encoding mesh Loose soil particles 0271.
01:07:35 | INFO: Draco encoder: Encoding mesh Loose soil particles 0272.
01:07:35 | INFO: Draco encoder: Encoding mesh Loose soil particles 0273.
01:07:35 | INFO: Draco encoder: Encoding mesh Loose soil particles 0274.
01:07:35 | INFO: Draco encoder: Encoding mesh Loose soil particles 0275.
01:07:35 | INFO: Draco encoder: Encoding mesh Loose soil particles 0276.
01:07:35 | INFO: Draco encoder: Encoding mesh Loose soil particles 0277.
01:07:35 | INFO: Draco encoder: Encoding mesh Loose soil particles 0278.
01:07:35 | INFO: Draco encoder: Encoding mesh Loose soil particles 0279.
01:07:35 | INFO: Draco encoder: Encoding mesh Loose soil particles 0280.
01:07:35 | INFO: Draco encoder: Encoding mesh Loose soil particles 0281.
01:07:35 | INFO: Draco encoder: Encoding mesh Loose soil particles 0282.
01:07:35 | INFO: Draco encoder: Encoding mesh Loose soil particles 0283.
01:07:35 | INFO: Draco encoder: Encoding mesh Loose soil particles 0284.
01:07:35 | INFO: Draco encoder: Encoding mesh Loose soil particles 0285.
01:07:35 | INFO: Draco encoder: Encoding mesh Loose soil particles 0286.
01:07:35 | INFO: Draco encoder: Encoding mesh Loose soil particles 0287.
01:07:35 | INFO: Draco encoder: Encoding mesh Loose soil particles 0288.
01:07:35 | INFO: Draco encoder: Encoding mesh Loose soil particles 0289.
01:07:35 | INFO: Draco encoder: Encoding mesh Loose soil particles 0290.
01:07:35 | INFO: Draco encoder: Encoding mesh Loose soil particles 0291.
01:07:35 | INFO: Draco encoder: Encoding mesh Loose soil particles 0292.
01:07:35 | INFO: Draco encoder: Encoding mesh Loose soil particles 0293.
01:07:35 | INFO: Draco encoder: Encoding mesh Loose soil particles 0294.
01:07:35 | INFO: Draco encoder: Encoding mesh Loose soil particles 0295.
01:07:35 | INFO: Draco encoder: Encoding mesh Loose soil particles 0296.
01:07:35 | INFO: Draco encoder: Encoding mesh Loose soil particles 0297.
01:07:35 | INFO: Draco encoder: Encoding mesh Loose soil particles 0298.
01:07:35 | INFO: Draco encoder: Encoding mesh Loose soil particles 0299.
01:07:35 | INFO: Draco encoder: Encoding mesh Loose soil particles 0300.
01:07:35 | INFO: Draco encoder: Encoding mesh Loose soil particles 0301.
01:07:35 | INFO: Draco encoder: Encoding mesh Loose soil particles 0302.
01:07:35 | INFO: Draco encoder: Encoding mesh Loose soil particles 0303.
01:07:35 | INFO: Draco encoder: Encoding mesh Loose soil particles 0304.
01:07:35 | INFO: Draco encoder: Encoding mesh Loose soil particles 0305.
01:07:35 | INFO: Draco encoder: Encoding mesh Loose soil particles 0306.
01:07:35 | INFO: Draco encoder: Encoding mesh Loose soil particles 0307.
01:07:35 | INFO: Draco encoder: Encoding mesh Loose soil particles 0308.
01:07:35 | INFO: Draco encoder: Encoding mesh Loose soil particles 0309.
01:07:35 | INFO: Draco encoder: Encoding mesh Loose soil particles 0310.
01:07:35 | INFO: Draco encoder: Encoding mesh Loose soil particles 0311.
01:07:35 | INFO: Draco encoder: Encoding mesh Loose soil particles 0312.
01:07:35 | INFO: Draco encoder: Encoding mesh Loose soil particles 0313.
01:07:35 | INFO: Draco encoder: Encoding mesh Loose soil particles 0314.
01:07:35 | INFO: Draco encoder: Encoding mesh Loose soil particles 0315.
01:07:35 | INFO: Draco encoder: Encoding mesh Loose soil particles 0316.
01:07:35 | INFO: Draco encoder: Encoding mesh Loose soil particles 0317.
01:07:35 | INFO: Draco encoder: Encoding mesh Loose soil particles 0318.
01:07:35 | INFO: Draco encoder: Encoding mesh Loose soil particles 0319.
01:07:35 | INFO: Draco encoder: Encoding mesh Loose soil particles 0320.
01:07:35 | INFO: Draco encoder: Encoding mesh Loose soil particles 0321.
01:07:35 | INFO: Draco encoder: Encoding mesh Loose soil particles 0322.
01:07:35 | INFO: Draco encoder: Encoding mesh Loose soil particles 0323.
01:07:35 | INFO: Draco encoder: Encoding mesh Loose soil particles 0324.
01:07:35 | INFO: Draco encoder: Encoding mesh Loose soil particles 0325.
01:07:35 | INFO: Draco encoder: Encoding mesh Loose soil particles 0326.
01:07:35 | INFO: Draco encoder: Encoding mesh Loose soil particles 0327.
01:07:35 | INFO: Draco encoder: Encoding mesh Loose soil particles 0328.
01:07:35 | INFO: Draco encoder: Encoding mesh Loose soil particles 0329.
01:07:35 | INFO: Draco encoder: Encoding mesh Loose soil particles 0330.
01:07:35 | INFO: Draco encoder: Encoding mesh Loose soil particles 0331.
01:07:35 | INFO: Draco encoder: Encoding mesh Loose soil particles 0332.
01:07:35 | INFO: Draco encoder: Encoding mesh Loose soil particles 0333.
01:07:35 | INFO: Draco encoder: Encoding mesh Loose soil particles 0334.
01:07:35 | INFO: Draco encoder: Encoding mesh Loose soil particles 0335.
01:07:35 | INFO: Draco encoder: Encoding mesh Loose soil particles 0336.
01:07:35 | INFO: Draco encoder: Encoding mesh Loose soil particles 0337.
01:07:35 | INFO: Draco encoder: Encoding mesh Loose soil particles 0338.
01:07:35 | INFO: Draco encoder: Encoding mesh Loose soil particles 0339.
01:07:35 | INFO: Draco encoder: Encoding mesh Loose soil particles 0340.
01:07:35 | INFO: Draco encoder: Encoding mesh Loose soil particles 0341.
01:07:35 | INFO: Draco encoder: Encoding mesh Loose soil particles 0342.
01:07:35 | INFO: Draco encoder: Encoding mesh Loose soil particles 0343.
01:07:35 | INFO: Draco encoder: Encoding mesh Loose soil particles 0344.
01:07:35 | INFO: Draco encoder: Encoding mesh Loose soil particles 0345.
01:07:35 | INFO: Draco encoder: Encoding mesh Loose soil particles 0346.
01:07:35 | INFO: Draco encoder: Encoding mesh Loose soil particles 0347.
01:07:35 | INFO: Draco encoder: Encoding mesh Loose soil particles 0348.
01:07:35 | INFO: Draco encoder: Encoding mesh Loose soil particles 0349.
01:07:35 | INFO: Draco encoder: Encoding mesh Loose soil particles 0350.
01:07:35 | INFO: Draco encoder: Encoding mesh Loose soil particles 0351.
01:07:35 | INFO: Draco encoder: Encoding mesh Loose soil particles 0352.
01:07:35 | INFO: Draco encoder: Encoding mesh Loose soil particles 0353.
01:07:35 | INFO: Draco encoder: Encoding mesh Loose soil particles 0354.
01:07:35 | INFO: Draco encoder: Encoding mesh Loose soil particles 0355.
01:07:35 | INFO: Draco encoder: Encoding mesh Loose soil particles 0356.
01:07:35 | INFO: Draco encoder: Encoding mesh Loose soil particles 0357.
01:07:35 | INFO: Draco encoder: Encoding mesh Loose soil particles 0358.
01:07:35 | INFO: Draco encoder: Encoding mesh Loose soil particles 0359.
01:07:35 | INFO: Draco encoder: Encoding mesh Loose soil particles 0360.
01:07:35 | INFO: Draco encoder: Encoding mesh Loose soil particles 0361.
01:07:35 | INFO: Draco encoder: Encoding mesh Loose soil particles 0362.
01:07:35 | INFO: Draco encoder: Encoding mesh Loose soil particles 0363.
01:07:35 | INFO: Draco encoder: Encoding mesh Loose soil particles 0364.
01:07:35 | INFO: Draco encoder: Encoding mesh Loose soil particles 0365.
01:07:35 | INFO: Draco encoder: Encoding mesh Loose soil particles 0366.
01:07:35 | INFO: Draco encoder: Encoding mesh Loose soil particles 0367.
01:07:35 | INFO: Draco encoder: Encoding mesh Loose soil particles 0368.
01:07:35 | INFO: Draco encoder: Encoding mesh Loose soil particles 0369.
01:07:35 | INFO: Draco encoder: Encoding mesh Loose soil particles 0370.
01:07:35 | INFO: Draco encoder: Encoding mesh Loose soil particles 0371.
01:07:35 | INFO: Draco encoder: Encoding mesh Loose soil particles 0372.
01:07:35 | INFO: Draco encoder: Encoding mesh Loose soil particles 0373.
01:07:35 | INFO: Draco encoder: Encoding mesh Loose soil particles 0374.
01:07:35 | INFO: Draco encoder: Encoding mesh Loose soil particles 0375.
01:07:35 | INFO: Draco encoder: Encoding mesh Loose soil particles 0376.
01:07:35 | INFO: Draco encoder: Encoding mesh Loose soil particles 0377.
01:07:35 | INFO: Draco encoder: Encoding mesh Loose soil particles 0378.
01:07:35 | INFO: Draco encoder: Encoding mesh Loose soil particles 0379.
01:07:35 | INFO: Draco encoder: Encoding mesh Loose soil particles 0380.
01:07:35 | INFO: Draco encoder: Encoding mesh Loose soil particles 0381.
01:07:35 | INFO: Draco encoder: Encoding mesh Loose soil particles 0382.
01:07:35 | INFO: Draco encoder: Encoding mesh Loose soil particles 0383.
01:07:35 | INFO: Draco encoder: Encoding mesh Loose soil particles 0384.
01:07:35 | INFO: Draco encoder: Encoding mesh Loose soil particles 0385.
01:07:35 | INFO: Draco encoder: Encoding mesh Loose soil particles 0386.
01:07:35 | INFO: Draco encoder: Encoding mesh Loose soil particles 0387.
01:07:35 | INFO: Draco encoder: Encoding mesh Loose soil particles 0388.
01:07:35 | INFO: Draco encoder: Encoding mesh Loose soil particles 0389.
01:07:35 | INFO: Draco encoder: Encoding mesh Loose soil particles 0390.
01:07:35 | INFO: Draco encoder: Encoding mesh Loose soil particles 0391.
01:07:35 | INFO: Draco encoder: Encoding mesh Loose soil particles 0392.
01:07:35 | INFO: Draco encoder: Encoding mesh Loose soil particles 0393.
01:07:35 | INFO: Draco encoder: Encoding mesh Loose soil particles 0394.
01:07:35 | INFO: Draco encoder: Encoding mesh Loose soil particles 0395.
01:07:35 | INFO: Draco encoder: Encoding mesh Loose soil particles 0396.
01:07:35 | INFO: Draco encoder: Encoding mesh Loose soil particles 0397.
01:07:35 | INFO: Draco encoder: Encoding mesh Loose soil particles 0398.
01:07:35 | INFO: Draco encoder: Encoding mesh Loose soil particles 0399.
01:07:35 | INFO: Draco encoder: Encoding mesh Loose soil particles 0400.
01:07:35 | INFO: Draco encoder: Encoding mesh Loose soil particles 0401.
01:07:35 | INFO: Draco encoder: Encoding mesh Loose soil particles 0402.
01:07:35 | INFO: Draco encoder: Encoding mesh Loose soil particles 0403.
01:07:35 | INFO: Draco encoder: Encoding mesh Loose soil particles 0404.
01:07:35 | INFO: Draco encoder: Encoding mesh Loose soil particles 0405.
01:07:35 | INFO: Draco encoder: Encoding mesh Loose soil particles 0406.
01:07:35 | INFO: Draco encoder: Encoding mesh Loose soil particles 0407.
01:07:35 | INFO: Draco encoder: Encoding mesh Loose soil particles 0408.
01:07:35 | INFO: Draco encoder: Encoding mesh Loose soil particles 0409.
01:07:35 | INFO: Draco encoder: Encoding mesh Loose soil particles 0410.
01:07:35 | INFO: Draco encoder: Encoding mesh Loose soil particles 0411.
01:07:35 | INFO: Draco encoder: Encoding mesh Loose soil particles 0412.
01:07:35 | INFO: Draco encoder: Encoding mesh Loose soil particles 0413.
01:07:35 | INFO: Draco encoder: Encoding mesh Loose soil particles 0414.
01:07:35 | INFO: Draco encoder: Encoding mesh Loose soil particles 0415.
01:07:35 | INFO: Draco encoder: Encoding mesh Loose soil particles 0416.
01:07:35 | INFO: Draco encoder: Encoding mesh Loose soil particles 0417.
01:07:35 | INFO: Draco encoder: Encoding mesh Loose soil particles 0418.
01:07:35 | INFO: Draco encoder: Encoding mesh Loose soil particles 0419.
01:07:35 | INFO: Draco encoder: Encoding mesh Loose soil particles 0420.
01:07:35 | INFO: Draco encoder: Encoding mesh Loose soil particles 0421.
01:07:35 | INFO: Draco encoder: Encoding mesh Loose soil particles 0422.
01:07:35 | INFO: Draco encoder: Encoding mesh Loose soil particles 0423.
01:07:35 | INFO: Draco encoder: Encoding mesh Loose soil particles 0424.
01:07:35 | INFO: Draco encoder: Encoding mesh Loose soil particles 0425.
01:07:35 | INFO: Draco encoder: Encoding mesh Loose soil particles 0426.
01:07:35 | INFO: Draco encoder: Encoding mesh Loose soil particles 0427.
01:07:35 | INFO: Draco encoder: Encoding mesh Loose soil particles 0428.
01:07:35 | INFO: Draco encoder: Encoding mesh Loose soil particles 0429.
01:07:35 | INFO: Draco encoder: Encoding mesh Loose soil particles 0430.
01:07:35 | INFO: Draco encoder: Encoding mesh Loose soil particles 0431.
01:07:35 | INFO: Draco encoder: Encoding mesh Loose soil particles 0432.
01:07:35 | INFO: Draco encoder: Encoding mesh Loose soil particles 0433.
01:07:35 | INFO: Draco encoder: Encoding mesh Loose soil particles 0434.
01:07:35 | INFO: Draco encoder: Encoding mesh Loose soil particles 0435.
01:07:35 | INFO: Draco encoder: Encoding mesh Loose soil particles 0436.
01:07:35 | INFO: Draco encoder: Encoding mesh Loose soil particles 0437.
01:07:35 | INFO: Draco encoder: Encoding mesh Loose soil particles 0438.
01:07:35 | INFO: Draco encoder: Encoding mesh Loose soil particles 0439.
01:07:35 | INFO: Draco encoder: Encoding mesh Loose soil particles 0440.
01:07:35 | INFO: Draco encoder: Encoding mesh Loose soil particles 0441.
01:07:35 | INFO: Draco encoder: Encoding mesh Loose soil particles 0442.
01:07:35 | INFO: Draco encoder: Encoding mesh Loose soil particles 0443.
01:07:35 | INFO: Draco encoder: Encoding mesh Loose soil particles 0444.
01:07:35 | INFO: Draco encoder: Encoding mesh Loose soil particles 0445.
01:07:35 | INFO: Draco encoder: Encoding mesh Loose soil particles 0446.
01:07:35 | INFO: Draco encoder: Encoding mesh Loose soil particles 0447.
01:07:35 | INFO: Draco encoder: Encoding mesh Loose soil particles 0448.
01:07:35 | INFO: Draco encoder: Encoding mesh Loose soil particles 0449.
01:07:35 | INFO: Draco encoder: Encoding mesh Loose soil particles 0450.
01:07:35 | INFO: Draco encoder: Encoding mesh Loose soil particles 0451.
01:07:35 | INFO: Draco encoder: Encoding mesh Loose soil particles 0452.
01:07:35 | INFO: Draco encoder: Encoding mesh Loose soil particles 0453.
01:07:35 | INFO: Draco encoder: Encoding mesh Loose soil particles 0454.
01:07:35 | INFO: Draco encoder: Encoding mesh Loose soil particles 0455.
01:07:35 | INFO: Draco encoder: Encoding mesh Loose soil particles 0456.
01:07:35 | INFO: Draco encoder: Encoding mesh Loose soil particles 0457.
01:07:35 | INFO: Draco encoder: Encoding mesh Loose soil particles 0458.
01:07:35 | INFO: Draco encoder: Encoding mesh Loose soil particles 0459.
01:07:35 | INFO: Draco encoder: Encoding mesh Loose soil particles 0460.
01:07:35 | INFO: Draco encoder: Encoding mesh Loose soil particles 0461.
01:07:35 | INFO: Draco encoder: Encoding mesh Loose soil particles 0462.
01:07:35 | INFO: Draco encoder: Encoding mesh Loose soil particles 0463.
01:07:35 | INFO: Draco encoder: Encoding mesh Loose soil particles 0464.
01:07:35 | INFO: Draco encoder: Encoding mesh Loose soil particles 0465.
01:07:35 | INFO: Draco encoder: Encoding mesh Loose soil particles 0466.
01:07:35 | INFO: Draco encoder: Encoding mesh Loose soil particles 0467.
01:07:35 | INFO: Draco encoder: Encoding mesh Loose soil particles 0468.
01:07:35 | INFO: Draco encoder: Encoding mesh Loose soil particles 0469.
01:07:35 | INFO: Draco encoder: Encoding mesh Loose soil particles 0470.
01:07:35 | INFO: Draco encoder: Encoding mesh Loose soil particles 0471.
01:07:35 | INFO: Draco encoder: Encoding mesh Loose soil particles 0472.
01:07:35 | INFO: Draco encoder: Encoding mesh Loose soil particles 0473.
01:07:35 | INFO: Draco encoder: Encoding mesh Loose soil particles 0474.
01:07:35 | INFO: Draco encoder: Encoding mesh Loose soil particles 0475.
01:07:35 | INFO: Draco encoder: Encoding mesh Loose soil particles 0476.
01:07:35 | INFO: Draco encoder: Encoding mesh Loose soil particles 0477.
01:07:35 | INFO: Draco encoder: Encoding mesh Loose soil particles 0478.
01:07:35 | INFO: Draco encoder: Encoding mesh Loose soil particles 0479.
01:07:35 | INFO: Draco encoder: Encoding mesh Loose soil particles 0480.
01:07:35 | INFO: Draco encoder: Encoding mesh Loose soil particles 0481.
01:07:35 | INFO: Draco encoder: Encoding mesh Loose soil particles 0482.
01:07:35 | INFO: Draco encoder: Encoding mesh Loose soil particles 0483.
01:07:35 | INFO: Draco encoder: Encoding mesh Loose soil particles 0484.
01:07:35 | INFO: Draco encoder: Encoding mesh Loose soil particles 0485.
01:07:35 | INFO: Draco encoder: Encoding mesh Loose soil particles 0486.
01:07:35 | INFO: Draco encoder: Encoding mesh Loose soil particles 0487.
01:07:35 | INFO: Draco encoder: Encoding mesh Loose soil particles 0488.
01:07:35 | INFO: Draco encoder: Encoding mesh Loose soil particles 0489.
01:07:35 | INFO: Draco encoder: Encoding mesh Loose soil particles 0490.
01:07:35 | INFO: Draco encoder: Encoding mesh Loose soil particles 0491.
01:07:35 | INFO: Draco encoder: Encoding mesh Loose soil particles 0492.
01:07:35 | INFO: Draco encoder: Encoding mesh Loose soil particles 0493.
01:07:35 | INFO: Draco encoder: Encoding mesh Loose soil particles 0494.
01:07:35 | INFO: Draco encoder: Encoding mesh Loose soil particles 0495.
01:07:35 | INFO: Draco encoder: Encoding mesh Loose soil particles 0496.
01:07:35 | INFO: Draco encoder: Encoding mesh Loose soil particles 0497.
01:07:35 | INFO: Draco encoder: Encoding mesh Loose soil particles 0498.
01:07:35 | INFO: Draco encoder: Encoding mesh Loose soil particles 0499.
01:07:35 | INFO: Draco encoder: Encoding mesh Loose soil particles 0500.
01:07:35 | INFO: Draco encoder: Encoding mesh Loose soil particles 0501.
01:07:35 | INFO: Draco encoder: Encoding mesh Loose soil particles 0502.
01:07:35 | INFO: Draco encoder: Encoding mesh Loose soil particles 0503.
01:07:35 | INFO: Draco encoder: Encoding mesh Loose soil particles 0504.
01:07:35 | INFO: Draco encoder: Encoding mesh Loose soil particles 0505.
01:07:35 | INFO: Draco encoder: Encoding mesh Loose soil particles 0506.
01:07:35 | INFO: Draco encoder: Encoding mesh Loose soil particles 0507.
01:07:35 | INFO: Draco encoder: Encoding mesh Loose soil particles 0508.
01:07:35 | INFO: Draco encoder: Encoding mesh Loose soil particles 0509.
01:07:35 | INFO: Draco encoder: Encoding mesh Loose soil particles 0510.
01:07:35 | INFO: Draco encoder: Encoding mesh Loose soil particles 0511.
01:07:35 | INFO: Draco encoder: Encoding mesh Loose soil particles 0512.
01:07:35 | INFO: Draco encoder: Encoding mesh Loose soil particles 0513.
01:07:35 | INFO: Draco encoder: Encoding mesh Loose soil particles 0514.
01:07:35 | INFO: Draco encoder: Encoding mesh Loose soil particles 0515.
01:07:35 | INFO: Draco encoder: Encoding mesh Loose soil particles 0516.
01:07:35 | INFO: Draco encoder: Encoding mesh Loose soil particles 0517.
01:07:35 | INFO: Draco encoder: Encoding mesh Loose soil particles 0518.
01:07:35 | INFO: Draco encoder: Encoding mesh Loose soil particles 0519.
01:07:35 | INFO: Draco encoder: Encoding mesh Loose soil particles 0520.
01:07:35 | INFO: Draco encoder: Encoding mesh Loose soil particles 0521.
01:07:35 | INFO: Draco encoder: Encoding mesh Loose soil particles 0522.
01:07:35 | INFO: Draco encoder: Encoding mesh Loose soil particles 0523.
01:07:35 | INFO: Draco encoder: Encoding mesh Loose soil particles 0524.
01:07:35 | INFO: Draco encoder: Encoding mesh Loose soil particles 0525.
01:07:35 | INFO: Draco encoder: Encoding mesh Loose soil particles 0526.
01:07:35 | INFO: Draco encoder: Encoding mesh Loose soil particles 0527.
01:07:35 | INFO: Draco encoder: Encoding mesh Loose soil particles 0528.
01:07:35 | INFO: Draco encoder: Encoding mesh Loose soil particles 0529.
01:07:35 | INFO: Draco encoder: Encoding mesh Loose soil particles 0530.
01:07:35 | INFO: Draco encoder: Encoding mesh Loose soil particles 0531.
01:07:35 | INFO: Draco encoder: Encoding mesh Loose soil particles 0532.
01:07:35 | INFO: Draco encoder: Encoding mesh Loose soil particles 0533.
01:07:35 | INFO: Draco encoder: Encoding mesh Loose soil particles 0534.
01:07:35 | INFO: Draco encoder: Encoding mesh Loose soil particles 0535.
01:07:35 | INFO: Draco encoder: Encoding mesh Loose soil particles 0536.
01:07:35 | INFO: Draco encoder: Encoding mesh Loose soil particles 0537.
01:07:35 | INFO: Draco encoder: Encoding mesh Loose soil particles 0538.
01:07:35 | INFO: Draco encoder: Encoding mesh Loose soil particles 0539.
01:07:35 | INFO: Draco encoder: Encoding mesh Loose soil particles 0540.
01:07:35 | INFO: Draco encoder: Encoding mesh Loose soil particles 0541.
01:07:35 | INFO: Draco encoder: Encoding mesh Loose soil particles 0542.
01:07:35 | INFO: Draco encoder: Encoding mesh Loose soil particles 0543.
01:07:35 | INFO: Draco encoder: Encoding mesh Loose soil particles 0544.
01:07:35 | INFO: Draco encoder: Encoding mesh Loose soil particles 0545.
01:07:35 | INFO: Draco encoder: Encoding mesh Loose soil particles 0546.
01:07:35 | INFO: Draco encoder: Encoding mesh Loose soil particles 0547.
01:07:35 | INFO: Draco encoder: Encoding mesh Loose soil particles 0548.
01:07:35 | INFO: Draco encoder: Encoding mesh Loose soil particles 0549.
01:07:35 | INFO: Draco encoder: Encoding mesh Loose soil particles 0550.
01:07:35 | INFO: Draco encoder: Encoding mesh Loose soil particles 0551.
01:07:35 | INFO: Draco encoder: Encoding mesh Loose soil particles 0552.
01:07:35 | INFO: Draco encoder: Encoding mesh Loose soil particles 0553.
01:07:35 | INFO: Draco encoder: Encoding mesh Loose soil particles 0554.
01:07:35 | INFO: Draco encoder: Encoding mesh Loose soil particles 0555.
01:07:35 | INFO: Draco encoder: Encoding mesh Loose soil particles 0556.
01:07:35 | INFO: Draco encoder: Encoding mesh Loose soil particles 0557.
01:07:35 | INFO: Draco encoder: Encoding mesh Loose soil particles 0558.
01:07:35 | INFO: Draco encoder: Encoding mesh Loose soil particles 0559.
01:07:35 | INFO: Draco encoder: Encoding mesh Loose soil particles 0560.
01:07:35 | INFO: Draco encoder: Encoding mesh Loose soil particles 0561.
01:07:35 | INFO: Draco encoder: Encoding mesh Loose soil particles 0562.
01:07:35 | INFO: Draco encoder: Encoding mesh Loose soil particles 0563.
01:07:35 | INFO: Draco encoder: Encoding mesh Loose soil particles 0564.
01:07:35 | INFO: Draco encoder: Encoding mesh Loose soil particles 0565.
01:07:35 | INFO: Draco encoder: Encoding mesh Loose soil particles 0566.
01:07:35 | INFO: Draco encoder: Encoding mesh Loose soil particles 0567.
01:07:35 | INFO: Draco encoder: Encoding mesh Loose soil particles 0568.
01:07:35 | INFO: Draco encoder: Encoding mesh Loose soil particles 0569.
01:07:35 | INFO: Draco encoder: Encoding mesh Loose soil particles 0570.
01:07:35 | INFO: Draco encoder: Encoding mesh Loose soil particles 0571.
01:07:35 | INFO: Draco encoder: Encoding mesh Loose soil particles 0572.
01:07:35 | INFO: Draco encoder: Encoding mesh Loose soil particles 0573.
01:07:35 | INFO: Draco encoder: Encoding mesh Loose soil particles 0574.
01:07:35 | INFO: Draco encoder: Encoding mesh Loose soil particles 0575.
01:07:35 | INFO: Draco encoder: Encoding mesh Loose soil particles 0576.
01:07:35 | INFO: Draco encoder: Encoding mesh Loose soil particles 0577.
01:07:35 | INFO: Draco encoder: Encoding mesh Loose soil particles 0578.
01:07:35 | INFO: Draco encoder: Encoding mesh Loose soil particles 0579.
01:07:35 | INFO: Draco encoder: Encoding mesh Loose soil particles 0580.
01:07:35 | INFO: Draco encoder: Encoding mesh Loose soil particles 0581.
01:07:35 | INFO: Draco encoder: Encoding mesh Loose soil particles 0582.
01:07:35 | INFO: Draco encoder: Encoding mesh Loose soil particles 0583.
01:07:35 | INFO: Draco encoder: Encoding mesh Loose soil particles 0584.
01:07:35 | INFO: Draco encoder: Encoding mesh Loose soil particles 0585.
01:07:35 | INFO: Draco encoder: Encoding mesh Loose soil particles 0586.
01:07:35 | INFO: Draco encoder: Encoding mesh Loose soil particles 0587.
01:07:35 | INFO: Draco encoder: Encoding mesh Loose soil particles 0588.
01:07:35 | INFO: Draco encoder: Encoding mesh Loose soil particles 0589.
01:07:35 | INFO: Draco encoder: Encoding mesh Loose soil particles 0590.
01:07:35 | INFO: Draco encoder: Encoding mesh Loose soil particles 0591.
01:07:35 | INFO: Draco encoder: Encoding mesh Loose soil particles 0592.
01:07:35 | INFO: Draco encoder: Encoding mesh Loose soil particles 0593.
01:07:35 | INFO: Draco encoder: Encoding mesh Loose soil particles 0594.
01:07:35 | INFO: Draco encoder: Encoding mesh Loose soil particles 0595.
01:07:35 | INFO: Draco encoder: Encoding mesh Loose soil particles 0596.
01:07:35 | INFO: Draco encoder: Encoding mesh Loose soil particles 0597.
01:07:35 | INFO: Draco encoder: Encoding mesh Loose soil particles 0598.
01:07:35 | INFO: Draco encoder: Encoding mesh Loose soil particles 0599.
01:07:35 | INFO: Draco encoder: Encoding mesh Loose soil particles 0600.
01:07:35 | INFO: Draco encoder: Encoding mesh Loose soil particles 0601.
01:07:35 | INFO: Draco encoder: Encoding mesh Loose soil particles 0602.
01:07:35 | INFO: Draco encoder: Encoding mesh Loose soil particles 0603.
01:07:35 | INFO: Draco encoder: Encoding mesh Loose soil particles 0604.
01:07:35 | INFO: Draco encoder: Encoding mesh Loose soil particles 0605.
01:07:35 | INFO: Draco encoder: Encoding mesh Loose soil particles 0606.
01:07:35 | INFO: Draco encoder: Encoding mesh Loose soil particles 0607.
01:07:35 | INFO: Draco encoder: Encoding mesh Loose soil particles 0608.
01:07:35 | INFO: Draco encoder: Encoding mesh Loose soil particles 0609.
01:07:35 | INFO: Draco encoder: Encoding mesh Loose soil particles 0610.
01:07:35 | INFO: Draco encoder: Encoding mesh Loose soil particles 0611.
01:07:35 | INFO: Draco encoder: Encoding mesh Loose soil particles 0612.
01:07:35 | INFO: Draco encoder: Encoding mesh Loose soil particles 0613.
01:07:35 | INFO: Draco encoder: Encoding mesh Loose soil particles 0614.
01:07:35 | INFO: Draco encoder: Encoding mesh Loose soil particles 0615.
01:07:35 | INFO: Draco encoder: Encoding mesh Loose soil particles 0616.
01:07:35 | INFO: Draco encoder: Encoding mesh Loose soil particles 0617.
01:07:35 | INFO: Draco encoder: Encoding mesh Loose soil particles 0618.
01:07:35 | INFO: Draco encoder: Encoding mesh Loose soil particles 0619.
01:07:35 | INFO: Draco encoder: Encoding mesh Loose soil particles 0620.
01:07:35 | INFO: Draco encoder: Encoding mesh Loose soil particles 0621.
01:07:35 | INFO: Draco encoder: Encoding mesh Loose soil particles 0622.
01:07:35 | INFO: Draco encoder: Encoding mesh Loose soil particles 0623.
01:07:35 | INFO: Draco encoder: Encoding mesh Loose soil particles 0624.
01:07:35 | INFO: Draco encoder: Encoding mesh Loose soil particles 0625.
01:07:35 | INFO: Draco encoder: Encoding mesh Loose soil particles 0626.
01:07:35 | INFO: Draco encoder: Encoding mesh Loose soil particles 0627.
01:07:35 | INFO: Draco encoder: Encoding mesh Loose soil particles 0628.
01:07:35 | INFO: Draco encoder: Encoding mesh Loose soil particles 0629.
01:07:35 | INFO: Draco encoder: Encoding mesh Loose soil particles 0630.
01:07:35 | INFO: Draco encoder: Encoding mesh Loose soil particles 0631.
01:07:35 | INFO: Draco encoder: Encoding mesh Loose soil particles 0632.
01:07:35 | INFO: Draco encoder: Encoding mesh Loose soil particles 0633.
01:07:35 | INFO: Draco encoder: Encoding mesh Loose soil particles 0634.
01:07:35 | INFO: Draco encoder: Encoding mesh Loose soil particles 0635.
01:07:35 | INFO: Draco encoder: Encoding mesh Loose soil particles 0636.
01:07:35 | INFO: Draco encoder: Encoding mesh Loose soil particles 0637.
01:07:35 | INFO: Draco encoder: Encoding mesh Loose soil particles 0638.
01:07:35 | INFO: Draco encoder: Encoding mesh Loose soil particles 0639.
01:07:35 | INFO: Draco encoder: Encoding mesh Loose soil particles 0640.
01:07:35 | INFO: Draco encoder: Encoding mesh Loose soil particles 0641.
01:07:35 | INFO: Draco encoder: Encoding mesh Loose soil particles 0642.
01:07:35 | INFO: Draco encoder: Encoding mesh Loose soil particles 0643.
01:07:35 | INFO: Draco encoder: Encoding mesh Loose soil particles 0644.
01:07:35 | INFO: Draco encoder: Encoding mesh Loose soil particles 0645.
01:07:35 | INFO: Draco encoder: Encoding mesh Loose soil particles 0646.
01:07:35 | INFO: Draco encoder: Encoding mesh Loose soil particles 0647.
01:07:35 | INFO: Draco encoder: Encoding mesh Loose soil particles 0648.
01:07:35 | INFO: Draco encoder: Encoding mesh Loose soil particles 0649.
01:07:35 | INFO: Draco encoder: Encoding mesh Loose soil particles 0650.
01:07:35 | INFO: Draco encoder: Encoding mesh Loose soil particles 0651.
01:07:35 | INFO: Draco encoder: Encoding mesh Loose soil particles 0652.
01:07:35 | INFO: Draco encoder: Encoding mesh Loose soil particles 0653.
01:07:35 | INFO: Draco encoder: Encoding mesh Loose soil particles 0654.
01:07:35 | INFO: Draco encoder: Encoding mesh Loose soil particles 0655.
01:07:35 | INFO: Draco encoder: Encoding mesh Loose soil particles 0656.
01:07:35 | INFO: Draco encoder: Encoding mesh Loose soil particles 0657.
01:07:35 | INFO: Draco encoder: Encoding mesh Loose soil particles 0658.
01:07:35 | INFO: Draco encoder: Encoding mesh Loose soil particles 0659.
01:07:35 | INFO: Draco encoder: Encoding mesh Loose soil particles 0660.
01:07:35 | INFO: Draco encoder: Encoding mesh Loose soil particles 0661.
01:07:35 | INFO: Draco encoder: Encoding mesh Loose soil particles 0662.
01:07:35 | INFO: Draco encoder: Encoding mesh Loose soil particles 0663.
01:07:35 | INFO: Draco encoder: Encoding mesh Loose soil particles 0664.
01:07:35 | INFO: Draco encoder: Encoding mesh Loose soil particles 0665.
01:07:35 | INFO: Draco encoder: Encoding mesh Loose soil particles 0666.
01:07:35 | INFO: Draco encoder: Encoding mesh Loose soil particles 0667.
01:07:35 | INFO: Draco encoder: Encoding mesh Loose soil particles 0668.
01:07:35 | INFO: Draco encoder: Encoding mesh Loose soil particles 0669.
01:07:35 | INFO: Draco encoder: Encoding mesh Loose soil particles 0670.
01:07:35 | INFO: Draco encoder: Encoding mesh Loose soil particles 0671.
01:07:35 | INFO: Draco encoder: Encoding mesh Loose soil particles 0672.
01:07:35 | INFO: Draco encoder: Encoding mesh Loose soil particles 0673.
01:07:35 | INFO: Draco encoder: Encoding mesh Loose soil particles 0674.
01:07:35 | INFO: Draco encoder: Encoding mesh Loose soil particles 0675.
01:07:35 | INFO: Draco encoder: Encoding mesh Loose soil particles 0676.
01:07:35 | INFO: Draco encoder: Encoding mesh Loose soil particles 0677.
01:07:35 | INFO: Draco encoder: Encoding mesh Loose soil particles 0678.
01:07:35 | INFO: Draco encoder: Encoding mesh Loose soil particles 0679.
01:07:35 | INFO: Draco encoder: Encoding mesh Loose soil particles 0680.
01:07:35 | INFO: Draco encoder: Encoding mesh Loose soil particles 0681.
01:07:35 | INFO: Draco encoder: Encoding mesh Loose soil particles 0682.
01:07:35 | INFO: Draco encoder: Encoding mesh Loose soil particles 0683.
01:07:35 | INFO: Draco encoder: Encoding mesh Loose soil particles 0684.
01:07:35 | INFO: Draco encoder: Encoding mesh Loose soil particles 0685.
01:07:35 | INFO: Draco encoder: Encoding mesh Loose soil particles 0686.
01:07:35 | INFO: Draco encoder: Encoding mesh Loose soil particles 0687.
01:07:35 | INFO: Draco encoder: Encoding mesh Loose soil particles 0688.
01:07:35 | INFO: Draco encoder: Encoding mesh Loose soil particles 0689.
01:07:35 | INFO: Draco encoder: Encoding mesh Loose soil particles 0690.
01:07:35 | INFO: Draco encoder: Encoding mesh Loose soil particles 0691.
01:07:35 | INFO: Draco encoder: Encoding mesh Loose soil particles 0692.
01:07:35 | INFO: Draco encoder: Encoding mesh Loose soil particles 0693.
01:07:35 | INFO: Draco encoder: Encoding mesh Loose soil particles 0694.
01:07:35 | INFO: Draco encoder: Encoding mesh Loose soil particles 0695.
01:07:35 | INFO: Draco encoder: Encoding mesh Loose soil particles 0696.
01:07:35 | INFO: Draco encoder: Encoding mesh Loose soil particles 0697.
01:07:35 | INFO: Draco encoder: Encoding mesh Loose soil particles 0698.
01:07:35 | INFO: Draco encoder: Encoding mesh Loose soil particles 0699.
01:07:35 | INFO: Draco encoder: Encoding mesh Loose soil particles 0700.
01:07:35 | INFO: Draco encoder: Encoding mesh Loose soil particles 0701.
01:07:35 | INFO: Draco encoder: Encoding mesh Loose soil particles 0702.
01:07:35 | INFO: Draco encoder: Encoding mesh Loose soil particles 0703.
01:07:35 | INFO: Draco encoder: Encoding mesh Loose soil particles 0704.
01:07:35 | INFO: Draco encoder: Encoding mesh Loose soil particles 0705.
01:07:35 | INFO: Draco encoder: Encoding mesh Loose soil particles 0706.
01:07:35 | INFO: Draco encoder: Encoding mesh Loose soil particles 0707.
01:07:35 | INFO: Draco encoder: Encoding mesh Loose soil particles 0708.
01:07:35 | INFO: Draco encoder: Encoding mesh Loose soil particles 0709.
01:07:35 | INFO: Draco encoder: Encoding mesh Loose soil particles 0710.
01:07:35 | INFO: Draco encoder: Encoding mesh Loose soil particles 0711.
01:07:35 | INFO: Draco encoder: Encoding mesh Loose soil particles 0712.
01:07:35 | INFO: Draco encoder: Encoding mesh Loose soil particles 0713.
01:07:35 | INFO: Draco encoder: Encoding mesh Loose soil particles 0714.
01:07:35 | INFO: Draco encoder: Encoding mesh Loose soil particles 0715.
01:07:35 | INFO: Draco encoder: Encoding mesh Loose soil particles 0716.
01:07:35 | INFO: Draco encoder: Encoding mesh Loose soil particles 0717.
01:07:35 | INFO: Draco encoder: Encoding mesh Loose soil particles 0718.
01:07:35 | INFO: Draco encoder: Encoding mesh Loose soil particles 0719.
01:07:35 | INFO: Draco encoder: Encoding mesh Loose soil particles 0720.
01:07:35 | INFO: Draco encoder: Encoding mesh Loose soil particles 0721.
01:07:35 | INFO: Draco encoder: Encoding mesh Loose soil particles 0722.
01:07:35 | INFO: Draco encoder: Encoding mesh Loose soil particles 0723.
01:07:35 | INFO: Draco encoder: Encoding mesh Loose soil particles 0724.
01:07:35 | INFO: Draco encoder: Encoding mesh Loose soil particles 0725.
01:07:35 | INFO: Draco encoder: Encoding mesh Loose soil particles 0726.
01:07:35 | INFO: Draco encoder: Encoding mesh Loose soil particles 0727.
01:07:35 | INFO: Draco encoder: Encoding mesh Loose soil particles 0728.
01:07:35 | INFO: Draco encoder: Encoding mesh Loose soil particles 0729.
01:07:35 | INFO: Draco encoder: Encoding mesh Loose soil particles 0730.
01:07:35 | INFO: Draco encoder: Encoding mesh Loose soil particles 0731.
01:07:35 | INFO: Draco encoder: Encoding mesh Loose soil particles 0732.
01:07:35 | INFO: Draco encoder: Encoding mesh Loose soil particles 0733.
01:07:35 | INFO: Draco encoder: Encoding mesh Loose soil particles 0734.
01:07:35 | INFO: Draco encoder: Encoding mesh Loose soil particles 0735.
01:07:35 | INFO: Draco encoder: Encoding mesh Loose soil particles 0736.
01:07:35 | INFO: Draco encoder: Encoding mesh Loose soil particles 0737.
01:07:35 | INFO: Draco encoder: Encoding mesh Loose soil particles 0738.
01:07:35 | INFO: Draco encoder: Encoding mesh Loose soil particles 0739.
01:07:35 | INFO: Draco encoder: Encoding mesh Loose soil particles 0740.
01:07:35 | INFO: Draco encoder: Encoding mesh Loose soil particles 0741.
01:07:35 | INFO: Draco encoder: Encoding mesh Loose soil particles 0742.
01:07:35 | INFO: Draco encoder: Encoding mesh Loose soil particles 0743.
01:07:35 | INFO: Draco encoder: Encoding mesh Loose soil particles 0744.
01:07:35 | INFO: Draco encoder: Encoding mesh Loose soil particles 0745.
01:07:35 | INFO: Draco encoder: Encoding mesh Loose soil particles 0746.
01:07:35 | INFO: Draco encoder: Encoding mesh Loose soil particles 0747.
01:07:35 | INFO: Draco encoder: Encoding mesh Loose soil particles 0748.
01:07:35 | INFO: Draco encoder: Encoding mesh Loose soil particles 0749.
01:07:35 | INFO: Draco encoder: Encoding mesh Loose soil particles 0750.
01:07:35 | INFO: Draco encoder: Encoding mesh Loose soil particles 0751.
01:07:35 | INFO: Draco encoder: Encoding mesh Loose soil particles 0752.
01:07:35 | INFO: Draco encoder: Encoding mesh Loose soil particles 0753.
01:07:35 | INFO: Draco encoder: Encoding mesh Loose soil particles 0754.
01:07:35 | INFO: Draco encoder: Encoding mesh Loose soil particles 0755.
01:07:35 | INFO: Draco encoder: Encoding mesh Loose soil particles 0756.
01:07:35 | INFO: Draco encoder: Encoding mesh Loose soil particles 0757.
01:07:35 | INFO: Draco encoder: Encoding mesh Loose soil particles 0758.
01:07:35 | INFO: Draco encoder: Encoding mesh Loose soil particles 0759.
01:07:35 | INFO: Draco encoder: Encoding mesh Loose soil particles 0760.
01:07:35 | INFO: Draco encoder: Encoding mesh Loose soil particles 0761.
01:07:35 | INFO: Draco encoder: Encoding mesh Loose soil particles 0762.
01:07:35 | INFO: Draco encoder: Encoding mesh Loose soil particles 0763.
01:07:35 | INFO: Draco encoder: Encoding mesh Loose soil particles 0764.
01:07:35 | INFO: Draco encoder: Encoding mesh Loose soil particles 0765.
01:07:35 | INFO: Draco encoder: Encoding mesh Loose soil particles 0766.
01:07:35 | INFO: Draco encoder: Encoding mesh Loose soil particles 0767.
01:07:35 | INFO: Draco encoder: Encoding mesh Loose soil particles 0768.
01:07:35 | INFO: Draco encoder: Encoding mesh Loose soil particles 0769.
01:07:35 | INFO: Draco encoder: Encoding mesh Loose soil particles 0770.
01:07:35 | INFO: Draco encoder: Encoding mesh Loose soil particles 0771.
01:07:35 | INFO: Draco encoder: Encoding mesh Loose soil particles 0772.
01:07:35 | INFO: Draco encoder: Encoding mesh Loose soil particles 0773.
01:07:35 | INFO: Draco encoder: Encoding mesh Loose soil particles 0774.
01:07:35 | INFO: Draco encoder: Encoding mesh Loose soil particles 0775.
01:07:35 | INFO: Draco encoder: Encoding mesh Loose soil particles 0776.
01:07:35 | INFO: Draco encoder: Encoding mesh Loose soil particles 0777.
01:07:35 | INFO: Draco encoder: Encoding mesh Loose soil particles 0778.
01:07:35 | INFO: Draco encoder: Encoding mesh Loose soil particles 0779.
01:07:35 | INFO: Draco encoder: Encoding mesh Loose soil particles 0780.
01:07:35 | INFO: Draco encoder: Encoding mesh Loose soil particles 0781.
01:07:35 | INFO: Draco encoder: Encoding mesh Loose soil particles 0782.
01:07:35 | INFO: Draco encoder: Encoding mesh Loose soil particles 0783.
01:07:35 | INFO: Draco encoder: Encoding mesh Loose soil particles 0784.
01:07:35 | INFO: Draco encoder: Encoding mesh Loose soil particles 0785.
01:07:35 | INFO: Draco encoder: Encoding mesh Loose soil particles 0786.
01:07:35 | INFO: Draco encoder: Encoding mesh Loose soil particles 0787.
01:07:35 | INFO: Draco encoder: Encoding mesh Loose soil particles 0788.
01:07:35 | INFO: Draco encoder: Encoding mesh Loose soil particles 0789.
01:07:35 | INFO: Draco encoder: Encoding mesh Loose soil particles 0790.
01:07:35 | INFO: Draco encoder: Encoding mesh Loose soil particles 0791.
01:07:35 | INFO: Draco encoder: Encoding mesh Loose soil particles 0792.
01:07:35 | INFO: Draco encoder: Encoding mesh Loose soil particles 0793.
01:07:35 | INFO: Draco encoder: Encoding mesh Loose soil particles 0794.
01:07:35 | INFO: Draco encoder: Encoding mesh Loose soil particles 0795.
01:07:35 | INFO: Draco encoder: Encoding mesh Loose soil particles 0796.
01:07:35 | INFO: Draco encoder: Encoding mesh Loose soil particles 0797.
01:07:35 | INFO: Draco encoder: Encoding mesh Loose soil particles 0798.
01:07:35 | INFO: Draco encoder: Encoding mesh Loose soil particles 0799.
01:07:35 | INFO: Draco encoder: Encoding mesh Loose soil particles 0800.
01:07:35 | INFO: Draco encoder: Encoding mesh Loose soil particles 0801.
01:07:35 | INFO: Draco encoder: Encoding mesh Loose soil particles 0802.
01:07:35 | INFO: Draco encoder: Encoding mesh Loose soil particles 0803.
01:07:35 | INFO: Draco encoder: Encoding mesh Loose soil particles 0804.
01:07:35 | INFO: Draco encoder: Encoding mesh Loose soil particles 0805.
01:07:35 | INFO: Draco encoder: Encoding mesh Loose soil particles 0806.
01:07:35 | INFO: Draco encoder: Encoding mesh Loose soil particles 0807.
01:07:35 | INFO: Draco encoder: Encoding mesh Loose soil particles 0808.
01:07:35 | INFO: Draco encoder: Encoding mesh Loose soil particles 0809.
01:07:35 | INFO: Draco encoder: Encoding mesh Loose soil particles 0810.
01:07:35 | INFO: Draco encoder: Encoding mesh Loose soil particles 0811.
01:07:35 | INFO: Draco encoder: Encoding mesh Loose soil particles 0812.
01:07:35 | INFO: Draco encoder: Encoding mesh Loose soil particles 0813.
01:07:35 | INFO: Draco encoder: Encoding mesh Loose soil particles 0814.
01:07:35 | INFO: Draco encoder: Encoding mesh Loose soil particles 0815.
01:07:35 | INFO: Draco encoder: Encoding mesh Loose soil particles 0816.
01:07:35 | INFO: Draco encoder: Encoding mesh Loose soil particles 0817.
01:07:35 | INFO: Draco encoder: Encoding mesh Loose soil particles 0818.
01:07:35 | INFO: Draco encoder: Encoding mesh Loose soil particles 0819.
01:07:35 | INFO: Draco encoder: Encoding mesh Loose soil particles 0820.
01:07:35 | INFO: Draco encoder: Encoding mesh Loose soil particles 0821.
01:07:35 | INFO: Draco encoder: Encoding mesh Loose soil particles 0822.
01:07:35 | INFO: Draco encoder: Encoding mesh Loose soil particles 0823.
01:07:35 | INFO: Draco encoder: Encoding mesh Loose soil particles 0824.
01:07:35 | INFO: Draco encoder: Encoding mesh Loose soil particles 0825.
01:07:35 | INFO: Draco encoder: Encoding mesh Loose soil particles 0826.
01:07:35 | INFO: Draco encoder: Encoding mesh Loose soil particles 0827.
01:07:35 | INFO: Draco encoder: Encoding mesh Loose soil particles 0828.
01:07:35 | INFO: Draco encoder: Encoding mesh Loose soil particles 0829.
01:07:35 | INFO: Draco encoder: Encoding mesh Loose soil particles 0830.
01:07:35 | INFO: Draco encoder: Encoding mesh Loose soil particles 0831.
01:07:35 | INFO: Draco encoder: Encoding mesh Loose soil particles 0832.
01:07:35 | INFO: Draco encoder: Encoding mesh Loose soil particles 0833.
01:07:35 | INFO: Draco encoder: Encoding mesh Loose soil particles 0834.
01:07:35 | INFO: Draco encoder: Encoding mesh Loose soil particles 0835.
01:07:35 | INFO: Draco encoder: Encoding mesh Loose soil particles 0836.
01:07:35 | INFO: Draco encoder: Encoding mesh Loose soil particles 0837.
01:07:35 | INFO: Draco encoder: Encoding mesh Loose soil particles 0838.
01:07:35 | INFO: Draco encoder: Encoding mesh Loose soil particles 0839.
01:07:35 | INFO: Draco encoder: Encoding mesh Loose soil particles 0840.
01:07:35 | INFO: Draco encoder: Encoding mesh Loose soil particles 0841.
01:07:35 | INFO: Draco encoder: Encoding mesh Loose soil particles 0842.
01:07:35 | INFO: Draco encoder: Encoding mesh Loose soil particles 0843.
01:07:35 | INFO: Draco encoder: Encoding mesh Loose soil particles 0844.
01:07:35 | INFO: Draco encoder: Encoding mesh Loose soil particles 0845.
01:07:35 | INFO: Draco encoder: Encoding mesh Loose soil particles 0846.
01:07:35 | INFO: Draco encoder: Encoding mesh Loose soil particles 0847.
01:07:35 | INFO: Draco encoder: Encoding mesh Loose soil particles 0848.
01:07:35 | INFO: Draco encoder: Encoding mesh Loose soil particles 0849.
01:07:35 | INFO: Draco encoder: Encoding mesh Loose soil particles 0850.
01:07:35 | INFO: Draco encoder: Encoding mesh Loose soil particles 0851.
01:07:35 | INFO: Draco encoder: Encoding mesh Loose soil particles 0852.
01:07:35 | INFO: Draco encoder: Encoding mesh Loose soil particles 0853.
01:07:35 | INFO: Draco encoder: Encoding mesh Loose soil particles 0854.
01:07:35 | INFO: Draco encoder: Encoding mesh Loose soil particles 0855.
01:07:35 | INFO: Draco encoder: Encoding mesh Loose soil particles 0856.
01:07:35 | INFO: Draco encoder: Encoding mesh Loose soil particles 0857.
01:07:35 | INFO: Draco encoder: Encoding mesh Loose soil particles 0858.
01:07:35 | INFO: Draco encoder: Encoding mesh Loose soil particles 0859.
01:07:35 | INFO: Draco encoder: Encoding mesh Loose soil particles 0860.
01:07:35 | INFO: Draco encoder: Encoding mesh Loose soil particles 0861.
01:07:35 | INFO: Draco encoder: Encoding mesh Loose soil particles 0862.
01:07:35 | INFO: Draco encoder: Encoding mesh Loose soil particles 0863.
01:07:35 | INFO: Draco encoder: Encoding mesh Loose soil particles 0864.
01:07:35 | INFO: Draco encoder: Encoding mesh Loose soil particles 0865.
01:07:35 | INFO: Draco encoder: Encoding mesh Loose soil particles 0866.
01:07:35 | INFO: Draco encoder: Encoding mesh Loose soil particles 0867.
01:07:35 | INFO: Draco encoder: Encoding mesh Loose soil particles 0868.
01:07:35 | INFO: Draco encoder: Encoding mesh Loose soil particles 0869.
01:07:35 | INFO: Draco encoder: Encoding mesh Loose soil particles 0870.
01:07:35 | INFO: Draco encoder: Encoding mesh Loose soil particles 0871.
01:07:35 | INFO: Draco encoder: Encoding mesh Loose soil particles 0872.
01:07:35 | INFO: Draco encoder: Encoding mesh Loose soil particles 0873.
01:07:35 | INFO: Draco encoder: Encoding mesh Loose soil particles 0874.
01:07:35 | INFO: Draco encoder: Encoding mesh Loose soil particles 0875.
01:07:35 | INFO: Draco encoder: Encoding mesh Loose soil particles 0876.
01:07:35 | INFO: Draco encoder: Encoding mesh Loose soil particles 0877.
01:07:35 | INFO: Draco encoder: Encoding mesh Loose soil particles 0878.
01:07:35 | INFO: Draco encoder: Encoding mesh Loose soil particles 0879.
01:07:35 | INFO: Draco encoder: Encoding mesh Loose soil particles 0880.
01:07:35 | INFO: Draco encoder: Encoding mesh Loose soil particles 0881.
01:07:35 | INFO: Draco encoder: Encoding mesh Loose soil particles 0882.
01:07:35 | INFO: Draco encoder: Encoding mesh Loose soil particles 0883.
01:07:35 | INFO: Draco encoder: Encoding mesh Loose soil particles 0884.
01:07:35 | INFO: Draco encoder: Encoding mesh Loose soil particles 0885.
01:07:35 | INFO: Draco encoder: Encoding mesh Loose soil particles 0886.
01:07:35 | INFO: Draco encoder: Encoding mesh Loose soil particles 0887.
01:07:35 | INFO: Draco encoder: Encoding mesh Loose soil particles 0888.
01:07:35 | INFO: Draco encoder: Encoding mesh Loose soil particles 0889.
01:07:35 | INFO: Draco encoder: Encoding mesh Loose soil particles 0890.
01:07:35 | INFO: Draco encoder: Encoding mesh Loose soil particles 0891.
01:07:35 | INFO: Draco encoder: Encoding mesh Loose soil particles 0892.
01:07:35 | INFO: Draco encoder: Encoding mesh Loose soil particles 0893.
01:07:35 | INFO: Draco encoder: Encoding mesh Loose soil particles 0894.
01:07:35 | INFO: Draco encoder: Encoding mesh Loose soil particles 0895.
01:07:35 | INFO: Draco encoder: Encoding mesh Loose soil particles 0896.
01:07:35 | INFO: Draco encoder: Encoding mesh Loose soil particles 0897.
01:07:35 | INFO: Draco encoder: Encoding mesh Loose soil particles 0898.
01:07:35 | INFO: Draco encoder: Encoding mesh Loose soil particles 0899.
01:07:35 | INFO: Draco encoder: Encoding mesh Loose soil particles 0900.
01:07:35 | INFO: Draco encoder: Encoding mesh Loose soil particles 0901.
01:07:35 | INFO: Draco encoder: Encoding mesh Loose soil particles 0902.
01:07:35 | INFO: Draco encoder: Encoding mesh Loose soil particles 0903.
01:07:35 | INFO: Draco encoder: Encoding mesh Loose soil particles 0904.
01:07:35 | INFO: Draco encoder: Encoding mesh Loose soil particles 0905.
01:07:35 | INFO: Draco encoder: Encoding mesh Loose soil particles 0906.
01:07:35 | INFO: Draco encoder: Encoding mesh Loose soil particles 0907.
01:07:35 | INFO: Draco encoder: Encoding mesh Loose soil particles 0908.
01:07:35 | INFO: Draco encoder: Encoding mesh Loose soil particles 0909.
01:07:35 | INFO: Draco encoder: Encoding mesh Loose soil particles 0910.
01:07:35 | INFO: Draco encoder: Encoding mesh Loose soil particles 0911.
01:07:35 | INFO: Draco encoder: Encoding mesh Loose soil particles 0912.
01:07:35 | INFO: Draco encoder: Encoding mesh Loose soil particles 0913.
01:07:35 | INFO: Draco encoder: Encoding mesh Loose soil particles 0914.
01:07:35 | INFO: Draco encoder: Encoding mesh Loose soil particles 0915.
01:07:35 | INFO: Draco encoder: Encoding mesh Loose soil particles 0916.
01:07:35 | INFO: Draco encoder: Encoding mesh Loose soil particles 0917.
01:07:35 | INFO: Draco encoder: Encoding mesh Loose soil particles 0918.
01:07:35 | INFO: Draco encoder: Encoding mesh Loose soil particles 0919.
01:07:35 | INFO: Draco encoder: Encoding mesh Loose soil particles 0920.
01:07:35 | INFO: Draco encoder: Encoding mesh Loose soil particles 0921.
01:07:35 | INFO: Draco encoder: Encoding mesh Loose soil particles 0922.
01:07:35 | INFO: Draco encoder: Encoding mesh Loose soil particles 0923.
01:07:35 | INFO: Draco encoder: Encoding mesh Loose soil particles 0924.
01:07:35 | INFO: Draco encoder: Encoding mesh Loose soil particles 0925.
01:07:35 | INFO: Draco encoder: Encoding mesh Loose soil particles 0926.
01:07:35 | INFO: Draco encoder: Encoding mesh Loose soil particles 0927.
01:07:35 | INFO: Draco encoder: Encoding mesh Loose soil particles 0928.
01:07:35 | INFO: Draco encoder: Encoding mesh Loose soil particles 0929.
01:07:35 | INFO: Draco encoder: Encoding mesh Loose soil particles 0930.
01:07:35 | INFO: Draco encoder: Encoding mesh Loose soil particles 0931.
01:07:35 | INFO: Draco encoder: Encoding mesh Loose soil particles 0932.
01:07:35 | INFO: Draco encoder: Encoding mesh Loose soil particles 0933.
01:07:35 | INFO: Draco encoder: Encoding mesh Loose soil particles 0934.
01:07:35 | INFO: Draco encoder: Encoding mesh Loose soil particles 0935.
01:07:35 | INFO: Draco encoder: Encoding mesh Loose soil particles 0936.
01:07:35 | INFO: Draco encoder: Encoding mesh Loose soil particles 0937.
01:07:35 | INFO: Draco encoder: Encoding mesh Loose soil particles 0938.
01:07:35 | INFO: Draco encoder: Encoding mesh Loose soil particles 0939.
01:07:35 | INFO: Draco encoder: Encoding mesh Loose soil particles 0940.
01:07:35 | INFO: Draco encoder: Encoding mesh Loose soil particles 0941.
01:07:35 | INFO: Draco encoder: Encoding mesh Loose soil particles 0942.
01:07:35 | INFO: Draco encoder: Encoding mesh Loose soil particles 0943.
01:07:35 | INFO: Draco encoder: Encoding mesh Loose soil particles 0944.
01:07:35 | INFO: Draco encoder: Encoding mesh Loose soil particles 0945.
01:07:35 | INFO: Draco encoder: Encoding mesh Loose soil particles 0946.
01:07:35 | INFO: Draco encoder: Encoding mesh Loose soil particles 0947.
01:07:35 | INFO: Draco encoder: Encoding mesh Loose soil particles 0948.
01:07:35 | INFO: Draco encoder: Encoding mesh Loose soil particles 0949.
01:07:35 | INFO: Draco encoder: Encoding mesh Loose soil particles 0950.
01:07:35 | INFO: Draco encoder: Encoding mesh Loose soil particles 0951.
01:07:35 | INFO: Draco encoder: Encoding mesh Loose soil particles 0952.
01:07:35 | INFO: Draco encoder: Encoding mesh Loose soil particles 0953.
01:07:35 | INFO: Draco encoder: Encoding mesh Loose soil particles 0954.
01:07:35 | INFO: Draco encoder: Encoding mesh Loose soil particles 0955.
01:07:35 | INFO: Draco encoder: Encoding mesh Loose soil particles 0956.
01:07:35 | INFO: Draco encoder: Encoding mesh Loose soil particles 0957.
01:07:35 | INFO: Draco encoder: Encoding mesh Loose soil particles 0958.
01:07:35 | INFO: Draco encoder: Encoding mesh Loose soil particles 0959.
01:07:35 | INFO: Draco encoder: Encoding mesh Loose soil particles 0960.
01:07:35 | INFO: Draco encoder: Encoding mesh Loose soil particles 0961.
01:07:35 | INFO: Draco encoder: Encoding mesh Loose soil particles 0962.
01:07:35 | INFO: Draco encoder: Encoding mesh Loose soil particles 0963.
01:07:35 | INFO: Draco encoder: Encoding mesh Loose soil particles 0964.
01:07:35 | INFO: Draco encoder: Encoding mesh Loose soil particles 0965.
01:07:35 | INFO: Draco encoder: Encoding mesh Loose soil particles 0966.
01:07:35 | INFO: Draco encoder: Encoding mesh Loose soil particles 0967.
01:07:35 | INFO: Draco encoder: Encoding mesh Loose soil particles 0968.
01:07:35 | INFO: Draco encoder: Encoding mesh Loose soil particles 0969.
01:07:35 | INFO: Draco encoder: Encoding mesh Loose soil particles 0970.
01:07:35 | INFO: Draco encoder: Encoding mesh Loose soil particles 0971.
01:07:35 | INFO: Draco encoder: Encoding mesh Loose soil particles 0972.
01:07:35 | INFO: Draco encoder: Encoding mesh Loose soil particles 0973.
01:07:35 | INFO: Draco encoder: Encoding mesh Loose soil particles 0974.
01:07:35 | INFO: Draco encoder: Encoding mesh Loose soil particles 0975.
01:07:35 | INFO: Draco encoder: Encoding mesh Loose soil particles 0976.
01:07:35 | INFO: Draco encoder: Encoding mesh Loose soil particles 0977.
01:07:35 | INFO: Draco encoder: Encoding mesh Loose soil particles 0978.
01:07:35 | INFO: Draco encoder: Encoding mesh Loose soil particles 0979.
01:07:35 | INFO: Draco encoder: Encoding mesh Loose soil particles 0980.
01:07:35 | INFO: Draco encoder: Encoding mesh Loose soil particles 0981.
01:07:35 | INFO: Draco encoder: Encoding mesh Loose soil particles 0982.
01:07:35 | INFO: Draco encoder: Encoding mesh Loose soil particles 0983.
01:07:35 | INFO: Draco encoder: Encoding mesh Loose soil particles 0984.
01:07:35 | INFO: Draco encoder: Encoding mesh Loose soil particles 0985.
01:07:35 | INFO: Draco encoder: Encoding mesh Loose soil particles 0986.
01:07:35 | INFO: Draco encoder: Encoding mesh Loose soil particles 0987.
01:07:35 | INFO: Draco encoder: Encoding mesh Loose soil particles 0988.
01:07:35 | INFO: Draco encoder: Encoding mesh Loose soil particles 0989.
01:07:35 | INFO: Draco encoder: Encoding mesh Loose soil particles 0990.
01:07:35 | INFO: Draco encoder: Encoding mesh Loose soil particles 0991.
01:07:35 | INFO: Draco encoder: Encoding mesh Loose soil particles 0992.
01:07:35 | INFO: Draco encoder: Encoding mesh Loose soil particles 0993.
01:07:35 | INFO: Draco encoder: Encoding mesh Loose soil particles 0994.
01:07:35 | INFO: Draco encoder: Encoding mesh Loose soil particles 0995.
01:07:35 | INFO: Draco encoder: Encoding mesh Loose soil particles 0996.
01:07:35 | INFO: Draco encoder: Encoding mesh Loose soil particles 0997.
01:07:35 | INFO: Draco encoder: Encoding mesh Loose soil particles 0998.
01:07:35 | INFO: Draco encoder: Encoding mesh Loose soil particles 0999.
01:07:35 | INFO: Draco encoder: Encoding mesh Loose soil particles 1000.
01:07:35 | INFO: Draco encoder: Encoding mesh Loose soil particles 1001.
01:07:35 | INFO: Draco encoder: Encoding mesh Loose soil particles 1002.
01:07:35 | INFO: Draco encoder: Encoding mesh Loose soil particles 1003.
01:07:35 | INFO: Draco encoder: Encoding mesh Loose soil particles 1004.
01:07:35 | INFO: Draco encoder: Encoding mesh Loose soil particles 1005.
01:07:35 | INFO: Draco encoder: Encoding mesh Loose soil particles 1006.
01:07:35 | INFO: Draco encoder: Encoding mesh Loose soil particles 1007.
01:07:35 | INFO: Draco encoder: Encoding mesh Loose soil particles 1008.
01:07:35 | INFO: Draco encoder: Encoding mesh Loose soil particles 1009.
01:07:35 | INFO: Draco encoder: Encoding mesh Loose soil particles 1010.
01:07:35 | INFO: Draco encoder: Encoding mesh Loose soil particles 1011.
01:07:35 | INFO: Draco encoder: Encoding mesh Loose soil particles 1012.
01:07:35 | INFO: Draco encoder: Encoding mesh Loose soil particles 1013.
01:07:35 | INFO: Draco encoder: Encoding mesh Loose soil particles 1014.
01:07:35 | INFO: Draco encoder: Encoding mesh Loose soil particles 1015.
01:07:35 | INFO: Draco encoder: Encoding mesh Loose soil particles 1016.
01:07:35 | INFO: Draco encoder: Encoding mesh Loose soil particles 1017.
01:07:35 | INFO: Draco encoder: Encoding mesh Loose soil particles 1018.
01:07:35 | INFO: Draco encoder: Encoding mesh Loose soil particles 1019.
01:07:35 | INFO: Draco encoder: Encoding mesh Loose soil particles 1020.
01:07:35 | INFO: Draco encoder: Encoding mesh Loose soil particles 1021.
01:07:35 | INFO: Draco encoder: Encoding mesh Loose soil particles 1022.
01:07:35 | INFO: Draco encoder: Encoding mesh Loose soil particles 1023.
01:07:35 | INFO: Draco encoder: Encoding mesh Loose soil particles 1024.
01:07:35 | INFO: Draco encoder: Encoding mesh Loose soil particles 1025.
01:07:35 | INFO: Draco encoder: Encoding mesh Loose soil particles 1026.
01:07:35 | INFO: Draco encoder: Encoding mesh Loose soil particles 1027.
01:07:35 | INFO: Draco encoder: Encoding mesh Loose soil particles 1028.
01:07:35 | INFO: Draco encoder: Encoding mesh Loose soil particles 1029.
01:07:35 | INFO: Draco encoder: Encoding mesh Loose soil particles 1030.
01:07:35 | INFO: Draco encoder: Encoding mesh Loose soil particles 1031.
01:07:35 | INFO: Draco encoder: Encoding mesh Loose soil particles 1032.
01:07:35 | INFO: Draco encoder: Encoding mesh Loose soil particles 1033.
01:07:35 | INFO: Draco encoder: Encoding mesh Loose soil particles 1034.
01:07:35 | INFO: Draco encoder: Encoding mesh Loose soil particles 1035.
01:07:35 | INFO: Draco encoder: Encoding mesh Loose soil particles 1036.
01:07:35 | INFO: Draco encoder: Encoding mesh Loose soil particles 1037.
01:07:35 | INFO: Draco encoder: Encoding mesh Loose soil particles 1038.
01:07:35 | INFO: Draco encoder: Encoding mesh Loose soil particles 1039.
01:07:35 | INFO: Draco encoder: Encoding mesh Loose soil particles 1040.
01:07:35 | INFO: Draco encoder: Encoding mesh Loose soil particles 1041.
01:07:35 | INFO: Draco encoder: Encoding mesh Loose soil particles 1042.
01:07:35 | INFO: Draco encoder: Encoding mesh Loose soil particles 1043.
01:07:35 | INFO: Draco encoder: Encoding mesh Loose soil particles 1044.
01:07:35 | INFO: Draco encoder: Encoding mesh Loose soil particles 1045.
01:07:35 | INFO: Draco encoder: Encoding mesh Loose soil particles 1046.
01:07:35 | INFO: Draco encoder: Encoding mesh Loose soil particles 1047.
01:07:35 | INFO: Draco encoder: Encoding mesh Loose soil particles 1048.
01:07:35 | INFO: Draco encoder: Encoding mesh Loose soil particles 1049.
01:07:35 | INFO: Draco encoder: Encoding mesh Loose soil particles 1050.
01:07:35 | INFO: Draco encoder: Encoding mesh Loose soil particles 1051.
01:07:35 | INFO: Draco encoder: Encoding mesh Loose soil particles 1052.
01:07:35 | INFO: Draco encoder: Encoding mesh Loose soil particles 1053.
01:07:35 | INFO: Draco encoder: Encoding mesh Loose soil particles 1054.
01:07:35 | INFO: Draco encoder: Encoding mesh Loose soil particles 1055.
01:07:35 | INFO: Draco encoder: Encoding mesh Loose soil particles 1056.
01:07:35 | INFO: Draco encoder: Encoding mesh Loose soil particles 1057.
01:07:35 | INFO: Draco encoder: Encoding mesh Loose soil particles 1058.
01:07:35 | INFO: Draco encoder: Encoding mesh Loose soil particles 1059.
01:07:35 | INFO: Draco encoder: Encoding mesh Loose soil particles 1060.
01:07:35 | INFO: Draco encoder: Encoding mesh Loose soil particles 1061.
01:07:35 | INFO: Draco encoder: Encoding mesh Loose soil particles 1062.
01:07:35 | INFO: Draco encoder: Encoding mesh Loose soil particles 1063.
01:07:35 | INFO: Draco encoder: Encoding mesh Loose soil particles 1064.
01:07:35 | INFO: Draco encoder: Encoding mesh Loose soil particles 1065.
01:07:35 | INFO: Draco encoder: Encoding mesh Loose soil particles 1066.
01:07:35 | INFO: Draco encoder: Encoding mesh Loose soil particles 1067.
01:07:35 | INFO: Draco encoder: Encoding mesh Loose soil particles 1068.
01:07:35 | INFO: Draco encoder: Encoding mesh Loose soil particles 1069.
01:07:35 | INFO: Draco encoder: Encoding mesh Loose soil particles 1070.
01:07:35 | INFO: Draco encoder: Encoding mesh Loose soil particles 1071.
01:07:35 | INFO: Draco encoder: Encoding mesh Loose soil particles 1072.
01:07:35 | INFO: Draco encoder: Encoding mesh Loose soil particles 1073.
01:07:35 | INFO: Draco encoder: Encoding mesh Loose soil particles 1074.
01:07:35 | INFO: Draco encoder: Encoding mesh Loose soil particles 1075.
01:07:35 | INFO: Draco encoder: Encoding mesh Loose soil particles 1076.
01:07:35 | INFO: Draco encoder: Encoding mesh Loose soil particles 1077.
01:07:35 | INFO: Draco encoder: Encoding mesh Loose soil particles 1078.
01:07:35 | INFO: Draco encoder: Encoding mesh Loose soil particles 1079.
01:07:35 | INFO: Draco encoder: Encoding mesh Loose soil particles 1080.
01:07:35 | INFO: Draco encoder: Encoding mesh Loose soil particles 1081.
01:07:35 | INFO: Draco encoder: Encoding mesh Loose soil particles 1082.
01:07:35 | INFO: Draco encoder: Encoding mesh Loose soil particles 1083.
01:07:35 | INFO: Draco encoder: Encoding mesh Loose soil particles 1084.
01:07:35 | INFO: Draco encoder: Encoding mesh Loose soil particles 1085.
01:07:35 | INFO: Draco encoder: Encoding mesh Loose soil particles 1086.
01:07:35 | INFO: Draco encoder: Encoding mesh Loose soil particles 1087.
01:07:35 | INFO: Draco encoder: Encoding mesh Loose soil particles 1088.
01:07:35 | INFO: Draco encoder: Encoding mesh Loose soil particles 1089.
01:07:35 | INFO: Draco encoder: Encoding mesh Loose soil particles 1090.
01:07:35 | INFO: Draco encoder: Encoding mesh Loose soil particles 1091.
01:07:35 | INFO: Draco encoder: Encoding mesh Loose soil particles 1092.
01:07:35 | INFO: Draco encoder: Encoding mesh Loose soil particles 1093.
01:07:35 | INFO: Draco encoder: Encoding mesh Loose soil particles 1094.
01:07:35 | INFO: Draco encoder: Encoding mesh Loose soil particles 1095.
01:07:35 | INFO: Draco encoder: Encoding mesh Loose soil particles 1096.
01:07:35 | INFO: Draco encoder: Encoding mesh Loose soil particles 1097.
01:07:35 | INFO: Draco encoder: Encoding mesh Loose soil particles 1098.
01:07:35 | INFO: Draco encoder: Encoding mesh Loose soil particles 1099.
01:07:35 | INFO: Draco encoder: Encoding mesh Loose soil particles 1100.
01:07:35 | INFO: Draco encoder: Encoding mesh Loose soil particles 1101.
01:07:35 | INFO: Draco encoder: Encoding mesh Loose soil particles 1102.
01:07:35 | INFO: Draco encoder: Encoding mesh Loose soil particles 1103.
01:07:35 | INFO: Draco encoder: Encoding mesh Loose soil particles 1104.
01:07:35 | INFO: Draco encoder: Encoding mesh Loose soil particles 1105.
01:07:35 | INFO: Draco encoder: Encoding mesh Loose soil particles 1106.
01:07:35 | INFO: Draco encoder: Encoding mesh Loose soil particles 1107.
01:07:35 | INFO: Draco encoder: Encoding mesh Loose soil particles 1108.
01:07:35 | INFO: Draco encoder: Encoding mesh Loose soil particles 1109.
01:07:35 | INFO: Draco encoder: Encoding mesh Loose soil particles 1110.
01:07:35 | INFO: Draco encoder: Encoding mesh Loose soil particles 1111.
01:07:35 | INFO: Draco encoder: Encoding mesh Loose soil particles 1112.
01:07:35 | INFO: Draco encoder: Encoding mesh Loose soil particles 1113.
01:07:35 | INFO: Draco encoder: Encoding mesh Loose soil particles 1114.
01:07:35 | INFO: Draco encoder: Encoding mesh Loose soil particles 1115.
01:07:35 | INFO: Draco encoder: Encoding mesh Loose soil particles 1116.
01:07:35 | INFO: Draco encoder: Encoding mesh Loose soil particles 1117.
01:07:35 | INFO: Draco encoder: Encoding mesh Loose soil particles 1118.
01:07:35 | INFO: Draco encoder: Encoding mesh Loose soil particles 1119.
01:07:35 | INFO: Draco encoder: Encoding mesh Loose soil particles 1120.
01:07:35 | INFO: Draco encoder: Encoding mesh Loose soil particles 1121.
01:07:35 | INFO: Draco encoder: Encoding mesh Loose soil particles 1122.
01:07:35 | INFO: Draco encoder: Encoding mesh Loose soil particles 1123.
01:07:35 | INFO: Draco encoder: Encoding mesh Loose soil particles 1124.
01:07:35 | INFO: Draco encoder: Encoding mesh Loose soil particles 1125.
01:07:35 | INFO: Draco encoder: Encoding mesh Loose soil particles 1126.
01:07:35 | INFO: Draco encoder: Encoding mesh Loose soil particles 1127.
01:07:35 | INFO: Draco encoder: Encoding mesh Loose soil particles 1128.
01:07:35 | INFO: Draco encoder: Encoding mesh Loose soil particles 1129.
01:07:35 | INFO: Draco encoder: Encoding mesh Loose soil particles 1130.
01:07:35 | INFO: Draco encoder: Encoding mesh Loose soil particles 1131.
01:07:35 | INFO: Draco encoder: Encoding mesh Loose soil particles 1132.
01:07:35 | INFO: Draco encoder: Encoding mesh Loose soil particles 1133.
01:07:35 | INFO: Draco encoder: Encoding mesh Loose soil particles 1134.
01:07:35 | INFO: Draco encoder: Encoding mesh Loose soil particles 1135.
01:07:35 | INFO: Draco encoder: Encoding mesh Loose soil particles 1136.
01:07:35 | INFO: Draco encoder: Encoding mesh Loose soil particles 1137.
01:07:35 | INFO: Draco encoder: Encoding mesh Loose soil particles 1138.
01:07:35 | INFO: Draco encoder: Encoding mesh Loose soil particles 1139.
01:07:35 | INFO: Draco encoder: Encoding mesh Loose soil particles 1140.
01:07:35 | INFO: Draco encoder: Encoding mesh Loose soil particles 1141.
01:07:35 | INFO: Draco encoder: Encoding mesh Loose soil particles 1142.
01:07:35 | INFO: Draco encoder: Encoding mesh Loose soil particles 1143.
01:07:35 | INFO: Draco encoder: Encoding mesh Loose soil particles 1144.
01:07:35 | INFO: Draco encoder: Encoding mesh Loose soil particles 1145.
01:07:35 | INFO: Draco encoder: Encoding mesh Loose soil particles 1146.
01:07:35 | INFO: Draco encoder: Encoding mesh Loose soil particles 1147.
01:07:35 | INFO: Draco encoder: Encoding mesh Loose soil particles 1148.
01:07:35 | INFO: Draco encoder: Encoding mesh Loose soil particles 1149.
01:07:35 | INFO: Draco encoder: Encoding mesh Loose soil particles 1150.
01:07:35 | INFO: Draco encoder: Encoding mesh Loose soil particles 1151.
01:07:35 | INFO: Draco encoder: Encoding mesh Loose soil particles 1152.
01:07:35 | INFO: Draco encoder: Encoding mesh Loose soil particles 1153.
01:07:35 | INFO: Draco encoder: Encoding mesh Loose soil particles 1154.
01:07:35 | INFO: Draco encoder: Encoding mesh Loose soil particles 1155.
01:07:35 | INFO: Draco encoder: Encoding mesh Loose soil particles 1156.
01:07:35 | INFO: Draco encoder: Encoding mesh Loose soil particles 1157.
01:07:35 | INFO: Draco encoder: Encoding mesh Loose soil particles 1158.
01:07:35 | INFO: Draco encoder: Encoding mesh Loose soil particles 1159.
01:07:35 | INFO: Draco encoder: Encoding mesh Loose soil particles 1160.
01:07:35 | INFO: Draco encoder: Encoding mesh Loose soil particles 1161.
01:07:35 | INFO: Draco encoder: Encoding mesh Loose soil particles 1162.
01:07:35 | INFO: Draco encoder: Encoding mesh Loose soil particles 1163.
01:07:35 | INFO: Draco encoder: Encoding mesh Loose soil particles 1164.
01:07:35 | INFO: Draco encoder: Encoding mesh Loose soil particles 1165.
01:07:35 | INFO: Draco encoder: Encoding mesh Loose soil particles 1166.
01:07:35 | INFO: Draco encoder: Encoding mesh Loose soil particles 1167.
01:07:35 | INFO: Draco encoder: Encoding mesh Loose soil particles 1168.
01:07:35 | INFO: Draco encoder: Encoding mesh Loose soil particles 1169.
01:07:35 | INFO: Draco encoder: Encoding mesh Loose soil particles 1170.
01:07:35 | INFO: Draco encoder: Encoding mesh Loose soil particles 1171.
01:07:35 | INFO: Draco encoder: Encoding mesh Loose soil particles 1172.
01:07:35 | INFO: Draco encoder: Encoding mesh Loose soil particles 1173.
01:07:35 | INFO: Draco encoder: Encoding mesh Loose soil particles 1174.
01:07:35 | INFO: Draco encoder: Encoding mesh Loose soil particles 1175.
01:07:35 | INFO: Draco encoder: Encoding mesh Loose soil particles 1176.
01:07:35 | INFO: Draco encoder: Encoding mesh Loose soil particles 1177.
01:07:35 | INFO: Draco encoder: Encoding mesh Loose soil particles 1178.
01:07:35 | INFO: Draco encoder: Encoding mesh Loose soil particles 1179.
01:07:35 | INFO: Draco encoder: Encoding mesh Loose soil particles 1180.
01:07:35 | INFO: Draco encoder: Encoding mesh Loose soil particles 1181.
01:07:35 | INFO: Draco encoder: Encoding mesh Loose soil particles 1182.
01:07:35 | INFO: Draco encoder: Encoding mesh Loose soil particles 1183.
01:07:35 | INFO: Draco encoder: Encoding mesh Loose soil particles 1184.
01:07:35 | INFO: Draco encoder: Encoding mesh Loose soil particles 1185.
01:07:35 | INFO: Draco encoder: Encoding mesh Loose soil particles 1186.
01:07:35 | INFO: Draco encoder: Encoding mesh Loose soil particles 1187.
01:07:35 | INFO: Draco encoder: Encoding mesh Loose soil particles 1188.
01:07:35 | INFO: Draco encoder: Encoding mesh Loose soil particles 1189.
01:07:35 | INFO: Draco encoder: Encoding mesh Loose soil particles 1190.
01:07:35 | INFO: Draco encoder: Encoding mesh Loose soil particles 1191.
01:07:35 | INFO: Draco encoder: Encoding mesh Loose soil particles 1192.
01:07:35 | INFO: Draco encoder: Encoding mesh Loose soil particles 1193.
01:07:35 | INFO: Draco encoder: Encoding mesh Loose soil particles 1194.
01:07:35 | INFO: Draco encoder: Encoding mesh Loose soil particles 1195.
01:07:35 | INFO: Draco encoder: Encoding mesh Loose soil particles 1196.
01:07:35 | INFO: Draco encoder: Encoding mesh Loose soil particles 1197.
01:07:35 | INFO: Draco encoder: Encoding mesh Loose soil particles 1198.
01:07:35 | INFO: Draco encoder: Encoding mesh Loose soil particles 1199.
01:07:35 | INFO: Draco encoder: Encoding mesh Loose soil particles 1200.
01:07:35 | INFO: Draco encoder: Encoding mesh Loose soil particles 1201.
01:07:35 | INFO: Draco encoder: Encoding mesh Loose soil particles 1202.
01:07:35 | INFO: Draco encoder: Encoding mesh Loose soil particles 1203.
01:07:35 | INFO: Draco encoder: Encoding mesh Loose soil particles 1204.
01:07:35 | INFO: Draco encoder: Encoding mesh Loose soil particles 1205.
01:07:35 | INFO: Draco encoder: Encoding mesh Loose soil particles 1206.
01:07:35 | INFO: Draco encoder: Encoding mesh Loose soil particles 1207.
01:07:35 | INFO: Draco encoder: Encoding mesh Loose soil particles 1208.
01:07:35 | INFO: Draco encoder: Encoding mesh Loose soil particles 1209.
01:07:35 | INFO: Draco encoder: Encoding mesh Loose soil particles 1210.
01:07:35 | INFO: Draco encoder: Encoding mesh Loose soil particles 1211.
01:07:35 | INFO: Draco encoder: Encoding mesh Loose soil particles 1212.
01:07:35 | INFO: Draco encoder: Encoding mesh Loose soil particles 1213.
01:07:35 | INFO: Draco encoder: Encoding mesh Loose soil particles 1214.
01:07:35 | INFO: Draco encoder: Encoding mesh Loose soil particles 1215.
01:07:35 | INFO: Draco encoder: Encoding mesh Loose soil particles 1216.
01:07:35 | INFO: Draco encoder: Encoding mesh Loose soil particles 1217.
01:07:35 | INFO: Draco encoder: Encoding mesh Loose soil particles 1218.
01:07:35 | INFO: Draco encoder: Encoding mesh Loose soil particles 1219.
01:07:35 | INFO: Draco encoder: Encoding mesh Loose soil particles 1220.
01:07:35 | INFO: Draco encoder: Encoding mesh Loose soil particles 1221.
01:07:35 | INFO: Draco encoder: Encoding mesh Loose soil particles 1222.
01:07:35 | INFO: Draco encoder: Encoding mesh Loose soil particles 1223.
01:07:35 | INFO: Draco encoder: Encoding mesh Loose soil particles 1224.
01:07:35 | INFO: Draco encoder: Encoding mesh Loose soil particles 1225.
01:07:35 | INFO: Draco encoder: Encoding mesh Loose soil particles 1226.
01:07:35 | INFO: Draco encoder: Encoding mesh Loose soil particles 1227.
01:07:35 | INFO: Draco encoder: Encoding mesh Loose soil particles 1228.
01:07:35 | INFO: Draco encoder: Encoding mesh Loose soil particles 1229.
01:07:35 | INFO: Draco encoder: Encoding mesh Loose soil particles 1230.
01:07:35 | INFO: Draco encoder: Encoding mesh Loose soil particles 1231.
01:07:35 | INFO: Draco encoder: Encoding mesh Loose soil particles 1232.
01:07:35 | INFO: Draco encoder: Encoding mesh Loose soil particles 1233.
01:07:35 | INFO: Draco encoder: Encoding mesh Loose soil particles 1234.
01:07:35 | INFO: Draco encoder: Encoding mesh Loose soil particles 1235.
01:07:35 | INFO: Draco encoder: Encoding mesh Loose soil particles 1236.
01:07:35 | INFO: Draco encoder: Encoding mesh Loose soil particles 1237.
01:07:35 | INFO: Draco encoder: Encoding mesh Loose soil particles 1238.
01:07:35 | INFO: Draco encoder: Encoding mesh Loose soil particles 1239.
01:07:35 | INFO: Draco encoder: Encoding mesh Loose soil particles 1240.
01:07:35 | INFO: Draco encoder: Encoding mesh Loose soil particles 1241.
01:07:35 | INFO: Draco encoder: Encoding mesh Loose soil particles 1242.
01:07:35 | INFO: Draco encoder: Encoding mesh Loose soil particles 1243.
01:07:35 | INFO: Draco encoder: Encoding mesh Loose soil particles 1244.
01:07:35 | INFO: Draco encoder: Encoding mesh Loose soil particles 1245.
01:07:35 | INFO: Draco encoder: Encoding mesh Loose soil particles 1246.
01:07:35 | INFO: Draco encoder: Encoding mesh Loose soil particles 1247.
01:07:35 | INFO: Draco encoder: Encoding mesh Loose soil particles 1248.
01:07:35 | INFO: Draco encoder: Encoding mesh Loose soil particles 1249.
01:07:35 | INFO: Draco encoder: Encoding mesh Loose soil particles 1250.
01:07:35 | INFO: Draco encoder: Encoding mesh Loose soil particles 1251.
01:07:35 | INFO: Draco encoder: Encoding mesh Loose soil particles 1252.
01:07:35 | INFO: Draco encoder: Encoding mesh Loose soil particles 1253.
01:07:35 | INFO: Draco encoder: Encoding mesh Loose soil particles 1254.
01:07:35 | INFO: Draco encoder: Encoding mesh Loose soil particles 1255.
01:07:35 | INFO: Draco encoder: Encoding mesh Loose soil particles 1256.
01:07:35 | INFO: Draco encoder: Encoding mesh Loose soil particles 1257.
01:07:35 | INFO: Draco encoder: Encoding mesh Loose soil particles 1258.
01:07:35 | INFO: Draco encoder: Encoding mesh Loose soil particles 1259.
01:07:35 | INFO: Draco encoder: Encoding mesh Loose soil particles 1260.
01:07:35 | INFO: Draco encoder: Encoding mesh Loose soil particles 1261.
01:07:35 | INFO: Draco encoder: Encoding mesh Loose soil particles 1262.
01:07:35 | INFO: Draco encoder: Encoding mesh Loose soil particles 1263.
01:07:35 | INFO: Draco encoder: Encoding mesh Loose soil particles 1264.
01:07:35 | INFO: Draco encoder: Encoding mesh Loose soil particles 1265.
01:07:35 | INFO: Draco encoder: Encoding mesh Loose soil particles 1266.
01:07:35 | INFO: Draco encoder: Encoding mesh Loose soil particles 1267.
01:07:35 | INFO: Draco encoder: Encoding mesh Loose soil particles 1268.
01:07:35 | INFO: Draco encoder: Encoding mesh Loose soil particles 1269.
01:07:35 | INFO: Draco encoder: Encoding mesh Loose soil particles 1270.
01:07:35 | INFO: Draco encoder: Encoding mesh Loose soil particles 1271.
01:07:35 | INFO: Draco encoder: Encoding mesh Loose soil particles 1272.
01:07:35 | INFO: Draco encoder: Encoding mesh Loose soil particles 1273.
01:07:35 | INFO: Draco encoder: Encoding mesh Loose soil particles 1274.
01:07:35 | INFO: Draco encoder: Encoding mesh Loose soil particles 1275.
01:07:35 | INFO: Draco encoder: Encoding mesh Loose soil particles 1276.
01:07:35 | INFO: Draco encoder: Encoding mesh Loose soil particles 1277.
01:07:35 | INFO: Draco encoder: Encoding mesh Loose soil particles 1278.
01:07:35 | INFO: Draco encoder: Encoding mesh Loose soil particles 1279.
01:07:35 | INFO: Draco encoder: Encoding mesh Loose soil particles 1280.
01:07:35 | INFO: Draco encoder: Encoding mesh Loose soil particles 1281.
01:07:35 | INFO: Draco encoder: Encoding mesh Loose soil particles 1282.
01:07:35 | INFO: Draco encoder: Encoding mesh Loose soil particles 1283.
01:07:35 | INFO: Draco encoder: Encoding mesh Loose soil particles 1284.
01:07:35 | INFO: Draco encoder: Encoding mesh Loose soil particles 1285.
01:07:35 | INFO: Draco encoder: Encoding mesh Loose soil particles 1286.
01:07:35 | INFO: Draco encoder: Encoding mesh Loose soil particles 1287.
01:07:35 | INFO: Draco encoder: Encoding mesh Loose soil particles 1288.
01:07:35 | INFO: Draco encoder: Encoding mesh Loose soil particles 1289.
01:07:35 | INFO: Draco encoder: Encoding mesh Loose soil particles 1290.
01:07:35 | INFO: Draco encoder: Encoding mesh Loose soil particles 1291.
01:07:35 | INFO: Draco encoder: Encoding mesh Loose soil particles 1292.
01:07:35 | INFO: Draco encoder: Encoding mesh Loose soil particles 1293.
01:07:35 | INFO: Draco encoder: Encoding mesh Loose soil particles 1294.
01:07:35 | INFO: Draco encoder: Encoding mesh Loose soil particles 1295.
01:07:35 | INFO: Draco encoder: Encoding mesh Loose soil particles 1296.
01:07:35 | INFO: Draco encoder: Encoding mesh Loose soil particles 1297.
01:07:35 | INFO: Draco encoder: Encoding mesh Loose soil particles 1298.
01:07:35 | INFO: Draco encoder: Encoding mesh Loose soil particles 1299.
01:07:35 | INFO: Draco encoder: Encoding mesh Loose soil particles 1300.
01:07:35 | INFO: Draco encoder: Encoding mesh Loose soil particles 1301.
01:07:35 | INFO: Draco encoder: Encoding mesh Loose soil particles 1302.
01:07:35 | INFO: Draco encoder: Encoding mesh Loose soil particles 1303.
01:07:35 | INFO: Draco encoder: Encoding mesh Loose soil particles 1304.
01:07:35 | INFO: Draco encoder: Encoding mesh Loose soil particles 1305.
01:07:35 | INFO: Draco encoder: Encoding mesh Loose soil particles 1306.
01:07:35 | INFO: Draco encoder: Encoding mesh Loose soil particles 1307.
01:07:35 | INFO: Draco encoder: Encoding mesh Loose soil particles 1308.
01:07:35 | INFO: Draco encoder: Encoding mesh Loose soil particles 1309.
01:07:35 | INFO: Draco encoder: Encoding mesh Loose soil particles 1310.
01:07:35 | INFO: Draco encoder: Encoding mesh Loose soil particles 1311.
01:07:35 | INFO: Draco encoder: Encoding mesh Loose soil particles 1312.
01:07:35 | INFO: Draco encoder: Encoding mesh Loose soil particles 1313.
01:07:35 | INFO: Draco encoder: Encoding mesh Loose soil particles 1314.
01:07:35 | INFO: Draco encoder: Encoding mesh Loose soil particles 1315.
01:07:35 | INFO: Draco encoder: Encoding mesh Loose soil particles 1316.
01:07:35 | INFO: Draco encoder: Encoding mesh Loose soil particles 1317.
01:07:35 | INFO: Draco encoder: Encoding mesh Loose soil particles 1318.
01:07:35 | INFO: Draco encoder: Encoding mesh Loose soil particles 1319.
01:07:35 | INFO: Draco encoder: Encoding mesh Loose soil particles 1320.
01:07:35 | INFO: Draco encoder: Encoding mesh Loose soil particles 1321.
01:07:35 | INFO: Draco encoder: Encoding mesh Loose soil particles 1322.
01:07:35 | INFO: Draco encoder: Encoding mesh Loose soil particles 1323.
01:07:35 | INFO: Draco encoder: Encoding mesh Loose soil particles 1324.
01:07:35 | INFO: Draco encoder: Encoding mesh Loose soil particles 1325.
01:07:35 | INFO: Draco encoder: Encoding mesh Loose soil particles 1326.
01:07:35 | INFO: Draco encoder: Encoding mesh Loose soil particles 1327.
01:07:35 | INFO: Draco encoder: Encoding mesh Loose soil particles 1328.
01:07:35 | INFO: Draco encoder: Encoding mesh Loose soil particles 1329.
01:07:35 | INFO: Draco encoder: Encoding mesh Loose soil particles 1330.
01:07:35 | INFO: Draco encoder: Encoding mesh Loose soil particles 1331.
01:07:35 | INFO: Draco encoder: Encoding mesh Loose soil particles 1332.
01:07:35 | INFO: Draco encoder: Encoding mesh Loose soil particles 1333.
01:07:35 | INFO: Draco encoder: Encoding mesh Loose soil particles 1334.
01:07:35 | INFO: Draco encoder: Encoding mesh Loose soil particles 1335.
01:07:35 | INFO: Draco encoder: Encoding mesh Loose soil particles 1336.
01:07:35 | INFO: Draco encoder: Encoding mesh Loose soil particles 1337.
01:07:35 | INFO: Draco encoder: Encoding mesh Loose soil particles 1338.
01:07:35 | INFO: Draco encoder: Encoding mesh Loose soil particles 1339.
01:07:35 | INFO: Draco encoder: Encoding mesh Loose soil particles 1340.
01:07:35 | INFO: Draco encoder: Encoding mesh Loose soil particles 1341.
01:07:35 | INFO: Draco encoder: Encoding mesh Loose soil particles 1342.
01:07:35 | INFO: Draco encoder: Encoding mesh Loose soil particles 1343.
01:07:35 | INFO: Draco encoder: Encoding mesh Loose soil particles 1344.
01:07:35 | INFO: Draco encoder: Encoding mesh Loose soil particles 1345.
01:07:35 | INFO: Draco encoder: Encoding mesh Loose soil particles 1346.
01:07:35 | INFO: Draco encoder: Encoding mesh Loose soil particles 1347.
01:07:35 | INFO: Draco encoder: Encoding mesh Loose soil particles 1348.
01:07:35 | INFO: Draco encoder: Encoding mesh Loose soil particles 1349.
01:07:35 | INFO: Draco encoder: Encoding mesh Loose soil particles 1350.
01:07:35 | INFO: Draco encoder: Encoding mesh Loose soil particles 1351.
01:07:35 | INFO: Draco encoder: Encoding mesh Loose soil particles 1352.
01:07:35 | INFO: Draco encoder: Encoding mesh Loose soil particles 1353.
01:07:35 | INFO: Draco encoder: Encoding mesh Loose soil particles 1354.
01:07:35 | INFO: Draco encoder: Encoding mesh Loose soil particles 1355.
01:07:35 | INFO: Draco encoder: Encoding mesh Loose soil particles 1356.
01:07:35 | INFO: Draco encoder: Encoding mesh Loose soil particles 1357.
01:07:35 | INFO: Draco encoder: Encoding mesh Loose soil particles 1358.
01:07:35 | INFO: Draco encoder: Encoding mesh Loose soil particles 1359.
01:07:35 | INFO: Draco encoder: Encoding mesh Loose soil particles 1360.
01:07:35 | INFO: Draco encoder: Encoding mesh Loose soil particles 1361.
01:07:35 | INFO: Draco encoder: Encoding mesh Loose soil particles 1362.
01:07:35 | INFO: Draco encoder: Encoding mesh Loose soil particles 1363.
01:07:35 | INFO: Draco encoder: Encoding mesh Loose soil particles 1364.
01:07:35 | INFO: Draco encoder: Encoding mesh Loose soil particles 1365.
01:07:35 | INFO: Draco encoder: Encoding mesh Loose soil particles 1366.
01:07:35 | INFO: Draco encoder: Encoding mesh Loose soil particles 1367.
01:07:35 | INFO: Draco encoder: Encoding mesh Loose soil particles 1368.
01:07:35 | INFO: Draco encoder: Encoding mesh Loose soil particles 1369.
01:07:35 | INFO: Draco encoder: Encoding mesh Loose soil particles 1370.
01:07:35 | INFO: Draco encoder: Encoding mesh Loose soil particles 1371.
01:07:35 | INFO: Draco encoder: Encoding mesh Loose soil particles 1372.
01:07:35 | INFO: Draco encoder: Encoding mesh Loose soil particles 1373.
01:07:35 | INFO: Draco encoder: Encoding mesh Loose soil particles 1374.
01:07:35 | INFO: Draco encoder: Encoding mesh Loose soil particles 1375.
01:07:35 | INFO: Draco encoder: Encoding mesh Loose soil particles 1376.
01:07:35 | INFO: Draco encoder: Encoding mesh Loose soil particles 1377.
01:07:35 | INFO: Draco encoder: Encoding mesh Loose soil particles 1378.
01:07:35 | INFO: Draco encoder: Encoding mesh Loose soil particles 1379.
01:07:35 | INFO: Draco encoder: Encoding mesh Loose soil particles 1380.
01:07:35 | INFO: Draco encoder: Encoding mesh Loose soil particles 1381.
01:07:35 | INFO: Draco encoder: Encoding mesh Loose soil particles 1382.
01:07:35 | INFO: Draco encoder: Encoding mesh Loose soil particles 1383.
01:07:35 | INFO: Draco encoder: Encoding mesh Loose soil particles 1384.
01:07:35 | INFO: Draco encoder: Encoding mesh Loose soil particles 1385.
01:07:35 | INFO: Draco encoder: Encoding mesh Loose soil particles 1386.
01:07:35 | INFO: Draco encoder: Encoding mesh Loose soil particles 1387.
01:07:35 | INFO: Draco encoder: Encoding mesh Loose soil particles 1388.
01:07:35 | INFO: Draco encoder: Encoding mesh Loose soil particles 1389.
01:07:35 | INFO: Draco encoder: Encoding mesh Loose soil particles 1390.
01:07:35 | INFO: Draco encoder: Encoding mesh Loose soil particles 1391.
01:07:35 | INFO: Draco encoder: Encoding mesh Loose soil particles 1392.
01:07:35 | INFO: Draco encoder: Encoding mesh Loose soil particles 1393.
01:07:35 | INFO: Draco encoder: Encoding mesh Loose soil particles 1394.
01:07:35 | INFO: Draco encoder: Encoding mesh Loose soil particles 1395.
01:07:35 | INFO: Draco encoder: Encoding mesh Loose soil particles 1396.
01:07:35 | INFO: Draco encoder: Encoding mesh Loose soil particles 1397.
01:07:35 | INFO: Draco encoder: Encoding mesh Loose soil particles 1398.
01:07:35 | INFO: Draco encoder: Encoding mesh Loose soil particles 1399.
01:07:35 | INFO: Draco encoder: Encoding mesh Loose soil particles 1400.
01:07:35 | INFO: Draco encoder: Encoding mesh Loose soil particles 1401.
01:07:35 | INFO: Draco encoder: Encoding mesh Loose soil particles 1402.
01:07:35 | INFO: Draco encoder: Encoding mesh Loose soil particles 1403.
01:07:35 | INFO: Draco encoder: Encoding mesh Loose soil particles 1404.
01:07:35 | INFO: Draco encoder: Encoding mesh Loose soil particles 1405.
01:07:35 | INFO: Draco encoder: Encoding mesh Loose soil particles 1406.
01:07:35 | INFO: Draco encoder: Encoding mesh Loose soil particles 1407.
01:07:35 | INFO: Draco encoder: Encoding mesh Loose soil particles 1408.
01:07:35 | INFO: Draco encoder: Encoding mesh Loose soil particles 1409.
01:07:35 | INFO: Draco encoder: Encoding mesh Loose soil particles 1410.
01:07:35 | INFO: Draco encoder: Encoding mesh Loose soil particles 1411.
01:07:35 | INFO: Draco encoder: Encoding mesh Loose soil particles 1412.
01:07:35 | INFO: Draco encoder: Encoding mesh Loose soil particles 1413.
01:07:35 | INFO: Draco encoder: Encoding mesh Loose soil particles 1414.
01:07:35 | INFO: Draco encoder: Encoding mesh Loose soil particles 1415.
01:07:35 | INFO: Draco encoder: Encoding mesh Loose soil particles 1416.
01:07:35 | INFO: Draco encoder: Encoding mesh Loose soil particles 1417.
01:07:35 | INFO: Draco encoder: Encoding mesh Loose soil particles 1418.
01:07:35 | INFO: Draco encoder: Encoding mesh Loose soil particles 1419.
01:07:35 | INFO: Draco encoder: Encoding mesh Loose soil particles 1420.
01:07:35 | INFO: Draco encoder: Encoding mesh Loose soil particles 1421.
01:07:35 | INFO: Draco encoder: Encoding mesh Loose soil particles 1422.
01:07:35 | INFO: Draco encoder: Encoding mesh Loose soil particles 1423.
01:07:35 | INFO: Draco encoder: Encoding mesh Loose soil particles 1424.
01:07:35 | INFO: Draco encoder: Encoding mesh Loose soil particles 1425.
01:07:35 | INFO: Draco encoder: Encoding mesh Loose soil particles 1426.
01:07:35 | INFO: Draco encoder: Encoding mesh Loose soil particles 1427.
01:07:35 | INFO: Draco encoder: Encoding mesh Loose soil particles 1428.
01:07:35 | INFO: Draco encoder: Encoding mesh Loose soil particles 1429.
01:07:35 | INFO: Draco encoder: Encoding mesh Loose soil particles 1430.
01:07:35 | INFO: Draco encoder: Encoding mesh Loose soil particles 1431.
01:07:35 | INFO: Draco encoder: Encoding mesh Loose soil particles 1432.
01:07:35 | INFO: Draco encoder: Encoding mesh Loose soil particles 1433.
01:07:35 | INFO: Draco encoder: Encoding mesh Loose soil particles 1434.
01:07:35 | INFO: Draco encoder: Encoding mesh Loose soil particles 1435.
01:07:35 | INFO: Draco encoder: Encoding mesh Loose soil particles 1436.
01:07:35 | INFO: Draco encoder: Encoding mesh Loose soil particles 1437.
01:07:35 | INFO: Draco encoder: Encoding mesh Loose soil particles 1438.
01:07:35 | INFO: Draco encoder: Encoding mesh Loose soil particles 1439.
01:07:35 | INFO: Draco encoder: Encoding mesh Loose soil particles 1440.
01:07:35 | INFO: Draco encoder: Encoding mesh Loose soil particles 1441.
01:07:35 | INFO: Draco encoder: Encoding mesh Loose soil particles 1442.
01:07:35 | INFO: Draco encoder: Encoding mesh Loose soil particles 1443.
01:07:35 | INFO: Draco encoder: Encoding mesh Loose soil particles 1444.
01:07:35 | INFO: Draco encoder: Encoding mesh Loose soil particles 1445.
01:07:35 | INFO: Draco encoder: Encoding mesh Loose soil particles 1446.
01:07:35 | INFO: Draco encoder: Encoding mesh Loose soil particles 1447.
01:07:35 | INFO: Draco encoder: Encoding mesh Loose soil particles 1448.
01:07:35 | INFO: Draco encoder: Encoding mesh Loose soil particles 1449.
01:07:35 | INFO: Draco encoder: Encoding mesh Loose soil particles 1450.
01:07:35 | INFO: Draco encoder: Encoding mesh Loose soil particles 1451.
01:07:35 | INFO: Draco encoder: Encoding mesh Loose soil particles 1452.
01:07:35 | INFO: Draco encoder: Encoding mesh Loose soil particles 1453.
01:07:35 | INFO: Draco encoder: Encoding mesh Loose soil particles 1454.
01:07:35 | INFO: Draco encoder: Encoding mesh Loose soil particles 1455.
01:07:35 | INFO: Draco encoder: Encoding mesh Loose soil particles 1456.
01:07:35 | INFO: Draco encoder: Encoding mesh Loose soil particles 1457.
01:07:35 | INFO: Draco encoder: Encoding mesh Loose soil particles 1458.
01:07:35 | INFO: Draco encoder: Encoding mesh Loose soil particles 1459.
01:07:35 | INFO: Draco encoder: Encoding mesh Loose soil particles 1460.
01:07:35 | INFO: Draco encoder: Encoding mesh Loose soil particles 1461.
01:07:35 | INFO: Draco encoder: Encoding mesh Loose soil particles 1462.
01:07:35 | INFO: Draco encoder: Encoding mesh Loose soil particles 1463.
01:07:35 | INFO: Draco encoder: Encoding mesh Loose soil particles 1464.
01:07:35 | INFO: Draco encoder: Encoding mesh Loose soil particles 1465.
01:07:35 | INFO: Draco encoder: Encoding mesh Loose soil particles 1466.
01:07:35 | INFO: Draco encoder: Encoding mesh Loose soil particles 1467.
01:07:35 | INFO: Draco encoder: Encoding mesh Loose soil particles 1468.
01:07:35 | INFO: Draco encoder: Encoding mesh Loose soil particles 1469.
01:07:35 | INFO: Draco encoder: Encoding mesh Loose soil particles 1470.
01:07:35 | INFO: Draco encoder: Encoding mesh Loose soil particles 1471.
01:07:35 | INFO: Draco encoder: Encoding mesh Loose soil particles 1472.
01:07:35 | INFO: Draco encoder: Encoding mesh Loose soil particles 1473.
01:07:35 | INFO: Draco encoder: Encoding mesh Loose soil particles 1474.
01:07:35 | INFO: Draco encoder: Encoding mesh Loose soil particles 1475.
01:07:35 | INFO: Draco encoder: Encoding mesh Loose soil particles 1476.
01:07:35 | INFO: Draco encoder: Encoding mesh Loose soil particles 1477.
01:07:35 | INFO: Draco encoder: Encoding mesh Loose soil particles 1478.
01:07:35 | INFO: Draco encoder: Encoding mesh Loose soil particles 1479.
01:07:35 | INFO: Draco encoder: Encoding mesh Loose soil particles 1480.
01:07:35 | INFO: Draco encoder: Encoding mesh Loose soil particles 1481.
01:07:35 | INFO: Draco encoder: Encoding mesh Loose soil particles 1482.
01:07:35 | INFO: Draco encoder: Encoding mesh Loose soil particles 1483.
01:07:35 | INFO: Draco encoder: Encoding mesh Loose soil particles 1484.
01:07:35 | INFO: Draco encoder: Encoding mesh Loose soil particles 1485.
01:07:35 | INFO: Draco encoder: Encoding mesh Loose soil particles 1486.
01:07:35 | INFO: Draco encoder: Encoding mesh Loose soil particles 1487.
01:07:35 | INFO: Draco encoder: Encoding mesh Loose soil particles 1488.
01:07:35 | INFO: Draco encoder: Encoding mesh Loose soil particles 1489.
01:07:35 | INFO: Draco encoder: Encoding mesh Loose soil particles 1490.
01:07:35 | INFO: Draco encoder: Encoding mesh Loose soil particles 1491.
01:07:35 | INFO: Draco encoder: Encoding mesh Loose soil particles 1492.
01:07:35 | INFO: Draco encoder: Encoding mesh Loose soil particles 1493.
01:07:35 | INFO: Draco encoder: Encoding mesh Loose soil particles 1494.
01:07:35 | INFO: Draco encoder: Encoding mesh Loose soil particles 1495.
01:07:35 | INFO: Draco encoder: Encoding mesh Loose soil particles 1496.
01:07:35 | INFO: Draco encoder: Encoding mesh Loose soil particles 1497.
01:07:35 | INFO: Draco encoder: Encoding mesh Loose soil particles 1498.
01:07:35 | INFO: Draco encoder: Encoding mesh Loose soil particles 1499.
01:07:35 | INFO: Draco encoder: Encoding mesh Loose soil particles 1500.
01:07:35 | INFO: Draco encoder: Encoding mesh Loose soil particles 1501.
01:07:35 | INFO: Draco encoder: Encoding mesh Loose soil particles 1502.
01:07:35 | INFO: Draco encoder: Encoding mesh Loose soil particles 1503.
01:07:35 | INFO: Draco encoder: Encoding mesh Loose soil particles 1504.
01:07:35 | INFO: Draco encoder: Encoding mesh Loose soil particles 1505.
01:07:35 | INFO: Draco encoder: Encoding mesh Loose soil particles 1506.
01:07:35 | INFO: Draco encoder: Encoding mesh Loose soil particles 1507.
01:07:35 | INFO: Draco encoder: Encoding mesh Loose soil particles 1508.
01:07:35 | INFO: Draco encoder: Encoding mesh Loose soil particles 1509.
01:07:35 | INFO: Draco encoder: Encoding mesh Loose soil particles 1510.
01:07:35 | INFO: Draco encoder: Encoding mesh Loose soil particles 1511.
01:07:35 | INFO: Draco encoder: Encoding mesh Loose soil particles 1512.
01:07:35 | INFO: Draco encoder: Encoding mesh Loose soil particles 1513.
01:07:35 | INFO: Draco encoder: Encoding mesh Loose soil particles 1514.
01:07:35 | INFO: Draco encoder: Encoding mesh Loose soil particles 1515.
01:07:35 | INFO: Draco encoder: Encoding mesh Loose soil particles 1516.
01:07:35 | INFO: Draco encoder: Encoding mesh Loose soil particles 1517.
01:07:35 | INFO: Draco encoder: Encoding mesh Loose soil particles 1518.
01:07:35 | INFO: Draco encoder: Encoding mesh Loose soil particles 1519.
01:07:35 | INFO: Draco encoder: Encoding mesh Loose soil particles 1520.
01:07:35 | INFO: Draco encoder: Encoding mesh Loose soil particles 1521.
01:07:35 | INFO: Draco encoder: Encoding mesh Loose soil particles 1522.
01:07:35 | INFO: Draco encoder: Encoding mesh Loose soil particles 1523.
01:07:35 | INFO: Draco encoder: Encoding mesh Loose soil particles 1524.
01:07:35 | INFO: Draco encoder: Encoding mesh Loose soil particles 1525.
01:07:35 | INFO: Draco encoder: Encoding mesh Loose soil particles 1526.
01:07:35 | INFO: Draco encoder: Encoding mesh Loose soil particles 1527.
01:07:35 | INFO: Draco encoder: Encoding mesh Loose soil particles 1528.
01:07:35 | INFO: Draco encoder: Encoding mesh Loose soil particles 1529.
01:07:35 | INFO: Draco encoder: Encoding mesh Loose soil particles 1530.
01:07:35 | INFO: Draco encoder: Encoding mesh Loose soil particles 1531.
01:07:35 | INFO: Draco encoder: Encoding mesh Loose soil particles 1532.
01:07:35 | INFO: Draco encoder: Encoding mesh Loose soil particles 1533.
01:07:35 | INFO: Draco encoder: Encoding mesh Loose soil particles 1534.
01:07:35 | INFO: Draco encoder: Encoding mesh Loose soil particles 1535.
01:07:35 | INFO: Draco encoder: Encoding mesh Loose soil particles 1536.
01:07:35 | INFO: Draco encoder: Encoding mesh Loose soil particles 1537.
01:07:35 | INFO: Draco encoder: Encoding mesh Loose soil particles 1538.
01:07:35 | INFO: Draco encoder: Encoding mesh Loose soil particles 1539.
01:07:35 | INFO: Draco encoder: Encoding mesh Loose soil particles 1540.
01:07:35 | INFO: Draco encoder: Encoding mesh Loose soil particles 1541.
01:07:35 | INFO: Draco encoder: Encoding mesh Loose soil particles 1542.
01:07:35 | INFO: Draco encoder: Encoding mesh Loose soil particles 1543.
01:07:35 | INFO: Draco encoder: Encoding mesh Loose soil particles 1544.
01:07:35 | INFO: Draco encoder: Encoding mesh Loose soil particles 1545.
01:07:35 | INFO: Draco encoder: Encoding mesh Loose soil particles 1546.
01:07:35 | INFO: Draco encoder: Encoding mesh Loose soil particles 1547.
01:07:35 | INFO: Draco encoder: Encoding mesh Loose soil particles 1548.
01:07:35 | INFO: Draco encoder: Encoding mesh Loose soil particles 1549.
01:07:35 | INFO: Draco encoder: Encoding mesh Loose soil particles 1550.
01:07:35 | INFO: Draco encoder: Encoding mesh Loose soil particles 1551.
01:07:35 | INFO: Draco encoder: Encoding mesh Loose soil particles 1552.
01:07:35 | INFO: Draco encoder: Encoding mesh Loose soil particles 1553.
01:07:35 | INFO: Draco encoder: Encoding mesh Loose soil particles 1554.
01:07:35 | INFO: Draco encoder: Encoding mesh Loose soil particles 1555.
01:07:35 | INFO: Draco encoder: Encoding mesh Loose soil particles 1556.
01:07:35 | INFO: Draco encoder: Encoding mesh Loose soil particles 1557.
01:07:35 | INFO: Draco encoder: Encoding mesh Loose soil particles 1558.
01:07:35 | INFO: Draco encoder: Encoding mesh Loose soil particles 1559.
01:07:35 | INFO: Draco encoder: Encoding mesh Loose soil particles 1560.
01:07:35 | INFO: Draco encoder: Encoding mesh Loose soil particles 1561.
01:07:35 | INFO: Draco encoder: Encoding mesh Loose soil particles 1562.
01:07:35 | INFO: Draco encoder: Encoding mesh Loose soil particles 1563.
01:07:35 | INFO: Draco encoder: Encoding mesh Loose soil particles 1564.
01:07:35 | INFO: Draco encoder: Encoding mesh Loose soil particles 1565.
01:07:35 | INFO: Draco encoder: Encoding mesh Loose soil particles 1566.
01:07:35 | INFO: Draco encoder: Encoding mesh Loose soil particles 1567.
01:07:35 | INFO: Draco encoder: Encoding mesh Loose soil particles 1568.
01:07:35 | INFO: Draco encoder: Encoding mesh Loose soil particles 1569.
01:07:35 | INFO: Draco encoder: Encoding mesh Loose soil particles 1570.
01:07:35 | INFO: Draco encoder: Encoding mesh Loose soil particles 1571.
01:07:35 | INFO: Draco encoder: Encoding mesh Loose soil particles 1572.
01:07:35 | INFO: Draco encoder: Encoding mesh Loose soil particles 1573.
01:07:35 | INFO: Draco encoder: Encoding mesh Loose soil particles 1574.
01:07:35 | INFO: Draco encoder: Encoding mesh Loose soil particles 1575.
01:07:35 | INFO: Draco encoder: Encoding mesh Loose soil particles 1576.
01:07:35 | INFO: Draco encoder: Encoding mesh Loose soil particles 1577.
01:07:35 | INFO: Draco encoder: Encoding mesh Loose soil particles 1578.
01:07:35 | INFO: Draco encoder: Encoding mesh Loose soil particles 1579.
01:07:35 | INFO: Draco encoder: Encoding mesh Loose soil particles 1580.
01:07:35 | INFO: Draco encoder: Encoding mesh Loose soil particles 1581.
01:07:35 | INFO: Draco encoder: Encoding mesh Loose soil particles 1582.
01:07:35 | INFO: Draco encoder: Encoding mesh Loose soil particles 1583.
01:07:35 | INFO: Draco encoder: Encoding mesh Loose soil particles 1584.
01:07:35 | INFO: Draco encoder: Encoding mesh Loose soil particles 1585.
01:07:35 | INFO: Draco encoder: Encoding mesh Loose soil particles 1586.
01:07:35 | INFO: Draco encoder: Encoding mesh Loose soil particles 1587.
01:07:35 | INFO: Draco encoder: Encoding mesh Loose soil particles 1588.
01:07:35 | INFO: Draco encoder: Encoding mesh Loose soil particles 1589.
01:07:35 | INFO: Draco encoder: Encoding mesh Loose soil particles 1590.
01:07:35 | INFO: Draco encoder: Encoding mesh Loose soil particles 1591.
01:07:35 | INFO: Draco encoder: Encoding mesh Loose soil particles 1592.
01:07:35 | INFO: Draco encoder: Encoding mesh Loose soil particles 1593.
01:07:35 | INFO: Draco encoder: Encoding mesh Loose soil particles 1594.
01:07:35 | INFO: Draco encoder: Encoding mesh Loose soil particles 1595.
01:07:35 | INFO: Draco encoder: Encoding mesh Loose soil particles 1596.
01:07:35 | INFO: Draco encoder: Encoding mesh Loose soil particles 1597.
01:07:35 | INFO: Draco encoder: Encoding mesh Loose soil particles 1598.
01:07:35 | INFO: Draco encoder: Encoding mesh Loose soil particles 1599.
01:07:35 | INFO: Draco encoder: Encoding mesh Root moss shoots 0000.
01:07:35 | INFO: Draco encoder: Encoding mesh Root moss shoots 0001.
01:07:35 | INFO: Draco encoder: Encoding mesh Root moss shoots 0002.
01:07:35 | INFO: Draco encoder: Encoding mesh Root moss shoots 0003.
01:07:35 | INFO: Draco encoder: Encoding mesh Root moss shoots 0004.
01:07:35 | INFO: Draco encoder: Encoding mesh Root moss shoots 0005.
01:07:35 | INFO: Draco encoder: Encoding mesh Root moss shoots 0006.
01:07:35 | INFO: Draco encoder: Encoding mesh Root moss shoots 0007.
01:07:35 | INFO: Draco encoder: Encoding mesh Root moss shoots 0008.
01:07:35 | INFO: Draco encoder: Encoding mesh Root moss shoots 0009.
01:07:35 | INFO: Draco encoder: Encoding mesh Root moss shoots 0010.
01:07:35 | INFO: Draco encoder: Encoding mesh Root moss shoots 0011.
01:07:35 | INFO: Draco encoder: Encoding mesh Root moss shoots 0012.
01:07:35 | INFO: Draco encoder: Encoding mesh Root moss shoots 0013.
01:07:35 | INFO: Draco encoder: Encoding mesh Root moss shoots 0014.
01:07:35 | INFO: Draco encoder: Encoding mesh Root moss shoots 0015.
01:07:35 | INFO: Draco encoder: Encoding mesh Root moss shoots 0016.
01:07:35 | INFO: Draco encoder: Encoding mesh Root moss shoots 0017.
01:07:35 | INFO: Draco encoder: Encoding mesh Root moss shoots 0018.
01:07:35 | INFO: Draco encoder: Encoding mesh Root moss shoots 0019.
01:07:35 | INFO: Draco encoder: Encoding mesh Root moss shoots 0020.
01:07:35 | INFO: Draco encoder: Encoding mesh Root moss shoots 0021.
01:07:35 | INFO: Draco encoder: Encoding mesh Root moss shoots 0022.
01:07:35 | INFO: Draco encoder: Encoding mesh Root moss shoots 0023.
01:07:35 | INFO: Draco encoder: Encoding mesh Root moss shoots 0024.
01:07:35 | INFO: Draco encoder: Encoding mesh Root moss shoots 0025.
01:07:35 | INFO: Draco encoder: Encoding mesh Root moss shoots 0026.
01:07:35 | INFO: Draco encoder: Encoding mesh Root moss shoots 0027.
01:07:35 | INFO: Draco encoder: Encoding mesh Root moss shoots 0028.
01:07:35 | INFO: Draco encoder: Encoding mesh Root moss shoots 0029.
01:07:35 | INFO: Draco encoder: Encoding mesh Root moss shoots 0030.
01:07:35 | INFO: Draco encoder: Encoding mesh Root moss shoots 0031.
01:07:35 | INFO: Draco encoder: Encoding mesh Root moss shoots 0032.
01:07:35 | INFO: Draco encoder: Encoding mesh Root moss shoots 0033.
01:07:35 | INFO: Draco encoder: Encoding mesh Root moss shoots 0034.
01:07:35 | INFO: Draco encoder: Encoding mesh Root moss shoots 0035.
01:07:35 | INFO: Draco encoder: Encoding mesh Root moss shoots 0036.
01:07:35 | INFO: Draco encoder: Encoding mesh Root moss shoots 0037.
01:07:35 | INFO: Draco encoder: Encoding mesh Root moss shoots 0038.
01:07:35 | INFO: Draco encoder: Encoding mesh Root moss shoots 0039.
01:07:35 | INFO: Draco encoder: Encoding mesh Root moss shoots 0040.
01:07:35 | INFO: Draco encoder: Encoding mesh Root moss shoots 0041.
01:07:35 | INFO: Draco encoder: Encoding mesh Root moss shoots 0042.
01:07:35 | INFO: Draco encoder: Encoding mesh Root moss shoots 0043.
01:07:35 | INFO: Draco encoder: Encoding mesh Root moss shoots 0044.
01:07:35 | INFO: Draco encoder: Encoding mesh Root moss shoots 0045.
01:07:35 | INFO: Draco encoder: Encoding mesh Root moss shoots 0046.
01:07:35 | INFO: Draco encoder: Encoding mesh Root moss shoots 0047.
01:07:35 | INFO: Draco encoder: Encoding mesh Root moss shoots 0048.
01:07:35 | INFO: Draco encoder: Encoding mesh Root moss shoots 0049.
01:07:35 | INFO: Draco encoder: Encoding mesh Root moss shoots 0050.
01:07:35 | INFO: Draco encoder: Encoding mesh Root moss shoots 0051.
01:07:35 | INFO: Draco encoder: Encoding mesh Root moss shoots 0052.
01:07:35 | INFO: Draco encoder: Encoding mesh Root moss shoots 0053.
01:07:35 | INFO: Draco encoder: Encoding mesh Root moss shoots 0054.
01:07:35 | INFO: Draco encoder: Encoding mesh Root moss shoots 0055.
01:07:35 | INFO: Draco encoder: Encoding mesh Root moss shoots 0056.
01:07:35 | INFO: Draco encoder: Encoding mesh Root moss shoots 0057.
01:07:35 | INFO: Draco encoder: Encoding mesh Root moss shoots 0058.
01:07:35 | INFO: Draco encoder: Encoding mesh Root moss shoots 0059.
01:07:35 | INFO: Draco encoder: Encoding mesh Root moss shoots 0060.
01:07:35 | INFO: Draco encoder: Encoding mesh Root moss shoots 0061.
01:07:35 | INFO: Draco encoder: Encoding mesh Root moss shoots 0062.
01:07:35 | INFO: Draco encoder: Encoding mesh Root moss shoots 0063.
01:07:35 | INFO: Draco encoder: Encoding mesh Root moss shoots 0064.
01:07:35 | INFO: Draco encoder: Encoding mesh Root moss shoots 0065.
01:07:35 | INFO: Draco encoder: Encoding mesh Root moss shoots 0066.
01:07:35 | INFO: Draco encoder: Encoding mesh Root moss shoots 0067.
01:07:35 | INFO: Draco encoder: Encoding mesh Root moss shoots 0068.
01:07:35 | INFO: Draco encoder: Encoding mesh Root moss shoots 0069.
01:07:35 | INFO: Draco encoder: Encoding mesh Root moss shoots 0070.
01:07:35 | INFO: Draco encoder: Encoding mesh Root moss shoots 0071.
01:07:35 | INFO: Draco encoder: Encoding mesh Root moss shoots 0072.
01:07:35 | INFO: Draco encoder: Encoding mesh Root moss shoots 0073.
01:07:35 | INFO: Draco encoder: Encoding mesh Root moss shoots 0074.
01:07:35 | INFO: Draco encoder: Encoding mesh Root moss shoots 0075.
01:07:35 | INFO: Draco encoder: Encoding mesh Root moss shoots 0076.
01:07:35 | INFO: Draco encoder: Encoding mesh Root moss shoots 0077.
01:07:35 | INFO: Draco encoder: Encoding mesh Root moss shoots 0078.
01:07:35 | INFO: Draco encoder: Encoding mesh Root moss shoots 0079.
01:07:35 | INFO: Draco encoder: Encoding mesh Root moss shoots 0080.
01:07:35 | INFO: Draco encoder: Encoding mesh Root moss shoots 0081.
01:07:35 | INFO: Draco encoder: Encoding mesh Root moss shoots 0082.
01:07:35 | INFO: Draco encoder: Encoding mesh Root moss shoots 0083.
01:07:35 | INFO: Draco encoder: Encoding mesh Root moss shoots 0084.
01:07:35 | INFO: Draco encoder: Encoding mesh Root moss shoots 0085.
01:07:35 | INFO: Draco encoder: Encoding mesh Root moss shoots 0086.
01:07:35 | INFO: Draco encoder: Encoding mesh Root moss shoots 0087.
01:07:35 | INFO: Draco encoder: Encoding mesh Root moss shoots 0088.
01:07:35 | INFO: Draco encoder: Encoding mesh Root moss shoots 0089.
01:07:35 | INFO: Draco encoder: Encoding mesh Root moss shoots 0090.
01:07:35 | INFO: Draco encoder: Encoding mesh Root moss shoots 0091.
01:07:35 | INFO: Draco encoder: Encoding mesh Root moss shoots 0092.
01:07:35 | INFO: Draco encoder: Encoding mesh Root moss shoots 0093.
01:07:35 | INFO: Draco encoder: Encoding mesh Root moss shoots 0094.
01:07:35 | INFO: Draco encoder: Encoding mesh Root moss shoots 0095.
01:07:35 | INFO: Draco encoder: Encoding mesh Root moss shoots 0096.
01:07:35 | INFO: Draco encoder: Encoding mesh Root moss shoots 0097.
01:07:35 | INFO: Draco encoder: Encoding mesh Root moss shoots 0098.
01:07:35 | INFO: Draco encoder: Encoding mesh Root moss shoots 0099.
01:07:35 | INFO: Draco encoder: Encoding mesh Root moss shoots 0100.
01:07:35 | INFO: Draco encoder: Encoding mesh Root moss shoots 0101.
01:07:35 | INFO: Draco encoder: Encoding mesh Root moss shoots 0102.
01:07:35 | INFO: Draco encoder: Encoding mesh Root moss shoots 0103.
01:07:35 | INFO: Draco encoder: Encoding mesh Root moss shoots 0104.
01:07:35 | INFO: Draco encoder: Encoding mesh Root moss shoots 0105.
01:07:35 | INFO: Draco encoder: Encoding mesh Root moss shoots 0106.
01:07:35 | INFO: Draco encoder: Encoding mesh Root moss shoots 0107.
01:07:35 | INFO: Draco encoder: Encoding mesh Root moss shoots 0108.
01:07:35 | INFO: Draco encoder: Encoding mesh Root moss shoots 0109.
01:07:35 | INFO: Draco encoder: Encoding mesh Root moss shoots 0110.
01:07:35 | INFO: Draco encoder: Encoding mesh Root moss shoots 0111.
01:07:35 | INFO: Draco encoder: Encoding mesh Root moss shoots 0112.
01:07:35 | INFO: Draco encoder: Encoding mesh Root moss shoots 0113.
01:07:35 | INFO: Draco encoder: Encoding mesh Root moss shoots 0114.
01:07:35 | INFO: Draco encoder: Encoding mesh Root moss shoots 0115.
01:07:35 | INFO: Draco encoder: Encoding mesh Root moss shoots 0116.
01:07:35 | INFO: Draco encoder: Encoding mesh Root moss shoots 0117.
01:07:35 | INFO: Draco encoder: Encoding mesh Root moss shoots 0118.
01:07:35 | INFO: Draco encoder: Encoding mesh Root moss shoots 0119.
01:07:35 | INFO: Draco encoder: Encoding mesh Root moss shoots 0120.
01:07:35 | INFO: Draco encoder: Encoding mesh Root moss shoots 0121.
01:07:35 | INFO: Draco encoder: Encoding mesh Root moss shoots 0122.
01:07:35 | INFO: Draco encoder: Encoding mesh Root moss shoots 0123.
01:07:35 | INFO: Draco encoder: Encoding mesh Root moss shoots 0124.
01:07:35 | INFO: Draco encoder: Encoding mesh Root moss shoots 0125.
01:07:35 | INFO: Draco encoder: Encoding mesh Root moss shoots 0126.
01:07:35 | INFO: Draco encoder: Encoding mesh Root moss shoots 0127.
01:07:35 | INFO: Draco encoder: Encoding mesh Root moss shoots 0128.
01:07:35 | INFO: Draco encoder: Encoding mesh Root moss shoots 0129.
01:07:35 | INFO: Draco encoder: Encoding mesh Root moss shoots 0130.
01:07:35 | INFO: Draco encoder: Encoding mesh Root moss shoots 0131.
01:07:35 | INFO: Draco encoder: Encoding mesh Root moss shoots 0132.
01:07:35 | INFO: Draco encoder: Encoding mesh Root moss shoots 0133.
01:07:35 | INFO: Draco encoder: Encoding mesh Root moss shoots 0134.
01:07:35 | INFO: Draco encoder: Encoding mesh Root moss shoots 0135.
01:07:35 | INFO: Draco encoder: Encoding mesh Root moss shoots 0136.
01:07:35 | INFO: Draco encoder: Encoding mesh Root moss shoots 0137.
01:07:35 | INFO: Draco encoder: Encoding mesh Root moss shoots 0138.
01:07:35 | INFO: Draco encoder: Encoding mesh Root moss shoots 0139.
01:07:35 | INFO: Draco encoder: Encoding mesh Root moss shoots 0140.
01:07:35 | INFO: Draco encoder: Encoding mesh Root moss shoots 0141.
01:07:35 | INFO: Draco encoder: Encoding mesh Root moss shoots 0142.
01:07:35 | INFO: Draco encoder: Encoding mesh Root moss shoots 0143.
01:07:35 | INFO: Draco encoder: Encoding mesh Root moss shoots 0144.
01:07:35 | INFO: Draco encoder: Encoding mesh Root moss shoots 0145.
01:07:35 | INFO: Draco encoder: Encoding mesh Root moss shoots 0146.
01:07:35 | INFO: Draco encoder: Encoding mesh Root moss shoots 0147.
01:07:35 | INFO: Draco encoder: Encoding mesh Root moss shoots 0148.
01:07:35 | INFO: Draco encoder: Encoding mesh Root moss shoots 0149.
01:07:35 | INFO: Draco encoder: Encoding mesh Root moss shoots 0150.
01:07:35 | INFO: Draco encoder: Encoding mesh Root moss shoots 0151.
01:07:35 | INFO: Draco encoder: Encoding mesh Root moss shoots 0152.
01:07:35 | INFO: Draco encoder: Encoding mesh Root moss shoots 0153.
01:07:35 | INFO: Draco encoder: Encoding mesh Root moss shoots 0154.
01:07:35 | INFO: Draco encoder: Encoding mesh Root moss shoots 0155.
01:07:35 | INFO: Draco encoder: Encoding mesh Root moss shoots 0156.
01:07:35 | INFO: Draco encoder: Encoding mesh Root moss shoots 0157.
01:07:35 | INFO: Draco encoder: Encoding mesh Root moss shoots 0158.
01:07:35 | INFO: Draco encoder: Encoding mesh Root moss shoots 0159.
01:07:35 | INFO: Draco encoder: Encoding mesh Root moss shoots 0160.
01:07:35 | INFO: Draco encoder: Encoding mesh Root moss shoots 0161.
01:07:35 | INFO: Draco encoder: Encoding mesh Root moss shoots 0162.
01:07:35 | INFO: Draco encoder: Encoding mesh Root moss shoots 0163.
01:07:35 | INFO: Draco encoder: Encoding mesh Root moss shoots 0164.
01:07:35 | INFO: Draco encoder: Encoding mesh Root moss shoots 0165.
01:07:35 | INFO: Draco encoder: Encoding mesh Root moss shoots 0166.
01:07:35 | INFO: Draco encoder: Encoding mesh Root moss shoots 0167.
01:07:35 | INFO: Draco encoder: Encoding mesh Root moss shoots 0168.
01:07:35 | INFO: Draco encoder: Encoding mesh Root moss shoots 0169.
01:07:35 | INFO: Draco encoder: Encoding mesh Root moss shoots 0170.
01:07:35 | INFO: Draco encoder: Encoding mesh Root moss shoots 0171.
01:07:35 | INFO: Draco encoder: Encoding mesh Root moss shoots 0172.
01:07:35 | INFO: Draco encoder: Encoding mesh Root moss shoots 0173.
01:07:35 | INFO: Draco encoder: Encoding mesh Root moss shoots 0174.
01:07:35 | INFO: Draco encoder: Encoding mesh Root moss shoots 0175.
01:07:35 | INFO: Draco encoder: Encoding mesh Root moss shoots 0176.
01:07:35 | INFO: Draco encoder: Encoding mesh Root moss shoots 0177.
01:07:35 | INFO: Draco encoder: Encoding mesh Root moss shoots 0178.
01:07:35 | INFO: Draco encoder: Encoding mesh Root moss shoots 0179.
01:07:35 | INFO: Draco encoder: Encoding mesh Root moss shoots 0180.
01:07:35 | INFO: Draco encoder: Encoding mesh Root moss shoots 0181.
01:07:35 | INFO: Draco encoder: Encoding mesh Root moss shoots 0182.
01:07:35 | INFO: Draco encoder: Encoding mesh Root moss shoots 0183.
01:07:35 | INFO: Draco encoder: Encoding mesh Root moss shoots 0184.
01:07:35 | INFO: Draco encoder: Encoding mesh Root moss shoots 0185.
01:07:35 | INFO: Draco encoder: Encoding mesh Root moss shoots 0186.
01:07:35 | INFO: Draco encoder: Encoding mesh Root moss shoots 0187.
01:07:35 | INFO: Draco encoder: Encoding mesh Root moss shoots 0188.
01:07:35 | INFO: Draco encoder: Encoding mesh Root moss shoots 0189.
01:07:35 | INFO: Draco encoder: Encoding mesh Root moss shoots 0190.
01:07:35 | INFO: Draco encoder: Encoding mesh Root moss shoots 0191.
01:07:35 | INFO: Draco encoder: Encoding mesh Root moss shoots 0192.
01:07:35 | INFO: Draco encoder: Encoding mesh Root moss shoots 0193.
01:07:35 | INFO: Draco encoder: Encoding mesh Root moss shoots 0194.
01:07:35 | INFO: Draco encoder: Encoding mesh Root moss shoots 0195.
01:07:35 | INFO: Draco encoder: Encoding mesh Root moss shoots 0196.
01:07:35 | INFO: Draco encoder: Encoding mesh Root moss shoots 0197.
01:07:35 | INFO: Draco encoder: Encoding mesh Root moss shoots 0198.
01:07:35 | INFO: Draco encoder: Encoding mesh Root moss shoots 0199.
01:07:35 | INFO: Draco encoder: Encoding mesh Root moss shoots 0200.
01:07:35 | INFO: Draco encoder: Encoding mesh Root moss shoots 0201.
01:07:35 | INFO: Draco encoder: Encoding mesh Root moss shoots 0202.
01:07:35 | INFO: Draco encoder: Encoding mesh Root moss shoots 0203.
01:07:35 | INFO: Draco encoder: Encoding mesh Root moss shoots 0204.
01:07:35 | INFO: Draco encoder: Encoding mesh Root moss shoots 0205.
01:07:35 | INFO: Draco encoder: Encoding mesh Root moss shoots 0206.
01:07:35 | INFO: Draco encoder: Encoding mesh Root moss shoots 0207.
01:07:35 | INFO: Draco encoder: Encoding mesh Root moss shoots 0208.
01:07:35 | INFO: Draco encoder: Encoding mesh Root moss shoots 0209.
01:07:35 | INFO: Draco encoder: Encoding mesh Root moss shoots 0210.
01:07:35 | INFO: Draco encoder: Encoding mesh Root moss shoots 0211.
01:07:35 | INFO: Draco encoder: Encoding mesh Root moss shoots 0212.
01:07:35 | INFO: Draco encoder: Encoding mesh Root moss shoots 0213.
01:07:35 | INFO: Draco encoder: Encoding mesh Root moss shoots 0214.
01:07:35 | INFO: Draco encoder: Encoding mesh Root moss shoots 0215.
01:07:35 | INFO: Draco encoder: Encoding mesh Root moss shoots 0216.
01:07:35 | INFO: Draco encoder: Encoding mesh Root moss shoots 0217.
01:07:35 | INFO: Draco encoder: Encoding mesh Root moss shoots 0218.
01:07:35 | INFO: Draco encoder: Encoding mesh Root moss shoots 0219.
01:07:35 | INFO: Draco encoder: Encoding mesh Root moss shoots 0220.
01:07:35 | INFO: Draco encoder: Encoding mesh Root moss shoots 0221.
01:07:35 | INFO: Draco encoder: Encoding mesh Root moss shoots 0222.
01:07:35 | INFO: Draco encoder: Encoding mesh Root moss shoots 0223.
01:07:35 | INFO: Draco encoder: Encoding mesh Root moss shoots 0224.
01:07:35 | INFO: Draco encoder: Encoding mesh Root moss shoots 0225.
01:07:35 | INFO: Draco encoder: Encoding mesh Root moss shoots 0226.
01:07:35 | INFO: Draco encoder: Encoding mesh Root moss shoots 0227.
01:07:35 | INFO: Draco encoder: Encoding mesh Root moss shoots 0228.
01:07:35 | INFO: Draco encoder: Encoding mesh Root moss shoots 0229.
01:07:35 | INFO: Draco encoder: Encoding mesh Root moss shoots 0230.
01:07:35 | INFO: Draco encoder: Encoding mesh Root moss shoots 0231.
01:07:35 | INFO: Draco encoder: Encoding mesh Root moss shoots 0232.
01:07:35 | INFO: Draco encoder: Encoding mesh Root moss shoots 0233.
01:07:35 | INFO: Draco encoder: Encoding mesh Root moss shoots 0234.
01:07:35 | INFO: Draco encoder: Encoding mesh Root moss shoots 0235.
01:07:35 | INFO: Draco encoder: Encoding mesh Root moss shoots 0236.
01:07:35 | INFO: Draco encoder: Encoding mesh Root moss shoots 0237.
01:07:35 | INFO: Draco encoder: Encoding mesh Root moss shoots 0238.
01:07:35 | INFO: Draco encoder: Encoding mesh Root moss shoots 0239.
01:07:35 | INFO: Draco encoder: Encoding mesh Root moss shoots 0240.
01:07:35 | INFO: Draco encoder: Encoding mesh Root moss shoots 0241.
01:07:35 | INFO: Draco encoder: Encoding mesh Root moss shoots 0242.
01:07:35 | INFO: Draco encoder: Encoding mesh Root moss shoots 0243.
01:07:35 | INFO: Draco encoder: Encoding mesh Root moss shoots 0244.
01:07:35 | INFO: Draco encoder: Encoding mesh Root moss shoots 0245.
01:07:35 | INFO: Draco encoder: Encoding mesh Root moss shoots 0246.
01:07:35 | INFO: Draco encoder: Encoding mesh Root moss shoots 0247.
01:07:35 | INFO: Draco encoder: Encoding mesh Root moss shoots 0248.
01:07:35 | INFO: Draco encoder: Encoding mesh Root moss shoots 0249.
01:07:35 | INFO: Draco encoder: Encoding mesh Root moss shoots 0250.
01:07:35 | INFO: Draco encoder: Encoding mesh Root moss shoots 0251.
01:07:35 | INFO: Draco encoder: Encoding mesh Root moss shoots 0252.
01:07:35 | INFO: Draco encoder: Encoding mesh Root moss shoots 0253.
01:07:35 | INFO: Draco encoder: Encoding mesh Root moss shoots 0254.
01:07:35 | INFO: Draco encoder: Encoding mesh Root moss shoots 0255.
01:07:35 | INFO: Draco encoder: Encoding mesh Root moss shoots 0256.
01:07:35 | INFO: Draco encoder: Encoding mesh Root moss shoots 0257.
01:07:35 | INFO: Draco encoder: Encoding mesh Root moss shoots 0258.
01:07:35 | INFO: Draco encoder: Encoding mesh Root moss shoots 0259.
01:07:35 | INFO: Draco encoder: Encoding mesh Root moss shoots 0260.
01:07:35 | INFO: Draco encoder: Encoding mesh Root moss shoots 0261.
01:07:35 | INFO: Draco encoder: Encoding mesh Root moss shoots 0262.
01:07:35 | INFO: Draco encoder: Encoding mesh Root moss shoots 0263.
01:07:35 | INFO: Draco encoder: Encoding mesh Root moss shoots 0264.
01:07:35 | INFO: Draco encoder: Encoding mesh Root moss shoots 0265.
01:07:35 | INFO: Draco encoder: Encoding mesh Root moss shoots 0266.
01:07:35 | INFO: Draco encoder: Encoding mesh Root moss shoots 0267.
01:07:35 | INFO: Draco encoder: Encoding mesh Root moss shoots 0268.
01:07:35 | INFO: Draco encoder: Encoding mesh Root moss shoots 0269.
01:07:35 | INFO: Draco encoder: Encoding mesh Root moss shoots 0270.
01:07:35 | INFO: Draco encoder: Encoding mesh Root moss shoots 0271.
01:07:35 | INFO: Draco encoder: Encoding mesh Root moss shoots 0272.
01:07:35 | INFO: Draco encoder: Encoding mesh Root moss shoots 0273.
01:07:35 | INFO: Draco encoder: Encoding mesh Root moss shoots 0274.
01:07:35 | INFO: Draco encoder: Encoding mesh Root moss shoots 0275.
01:07:35 | INFO: Draco encoder: Encoding mesh Root moss shoots 0276.
01:07:35 | INFO: Draco encoder: Encoding mesh Root moss shoots 0277.
01:07:35 | INFO: Draco encoder: Encoding mesh Root moss shoots 0278.
01:07:35 | INFO: Draco encoder: Encoding mesh Root moss shoots 0279.
01:07:35 | INFO: Draco encoder: Encoding mesh Root moss shoots 0280.
01:07:35 | INFO: Draco encoder: Encoding mesh Root moss shoots 0281.
01:07:35 | INFO: Draco encoder: Encoding mesh Root moss shoots 0282.
01:07:35 | INFO: Draco encoder: Encoding mesh Root moss shoots 0283.
01:07:35 | INFO: Draco encoder: Encoding mesh Root moss shoots 0284.
01:07:35 | INFO: Draco encoder: Encoding mesh Root moss shoots 0285.
01:07:35 | INFO: Draco encoder: Encoding mesh Root moss shoots 0286.
01:07:35 | INFO: Draco encoder: Encoding mesh Root moss shoots 0287.
01:07:35 | INFO: Draco encoder: Encoding mesh Root moss shoots 0288.
01:07:35 | INFO: Draco encoder: Encoding mesh Root moss shoots 0289.
01:07:35 | INFO: Draco encoder: Encoding mesh Root moss shoots 0290.
01:07:35 | INFO: Draco encoder: Encoding mesh Root moss shoots 0291.
01:07:35 | INFO: Draco encoder: Encoding mesh Root moss shoots 0292.
01:07:35 | INFO: Draco encoder: Encoding mesh Root moss shoots 0293.
01:07:35 | INFO: Draco encoder: Encoding mesh Root moss shoots 0294.
01:07:35 | INFO: Draco encoder: Encoding mesh Root moss shoots 0295.
01:07:35 | INFO: Draco encoder: Encoding mesh Root moss shoots 0296.
01:07:35 | INFO: Draco encoder: Encoding mesh Root moss shoots 0297.
01:07:35 | INFO: Draco encoder: Encoding mesh Root moss shoots 0298.
01:07:35 | INFO: Draco encoder: Encoding mesh Root moss shoots 0299.
01:07:35 | INFO: Draco encoder: Encoding mesh Root moss shoots 0300.
01:07:35 | INFO: Draco encoder: Encoding mesh Root moss shoots 0301.
01:07:35 | INFO: Draco encoder: Encoding mesh Root moss shoots 0302.
01:07:35 | INFO: Draco encoder: Encoding mesh Root moss shoots 0303.
01:07:35 | INFO: Draco encoder: Encoding mesh Root moss shoots 0304.
01:07:35 | INFO: Draco encoder: Encoding mesh Root moss shoots 0305.
01:07:35 | INFO: Draco encoder: Encoding mesh Root moss shoots 0306.
01:07:35 | INFO: Draco encoder: Encoding mesh Root moss shoots 0307.
01:07:35 | INFO: Draco encoder: Encoding mesh Root moss shoots 0308.
01:07:35 | INFO: Draco encoder: Encoding mesh Root moss shoots 0309.
01:07:35 | INFO: Draco encoder: Encoding mesh Root moss shoots 0310.
01:07:35 | INFO: Draco encoder: Encoding mesh Root moss shoots 0311.
01:07:35 | INFO: Draco encoder: Encoding mesh Root moss shoots 0312.
01:07:35 | INFO: Draco encoder: Encoding mesh Root moss shoots 0313.
01:07:35 | INFO: Draco encoder: Encoding mesh Root moss shoots 0314.
01:07:35 | INFO: Draco encoder: Encoding mesh Root moss shoots 0315.
01:07:35 | INFO: Draco encoder: Encoding mesh Root moss shoots 0316.
01:07:35 | INFO: Draco encoder: Encoding mesh Root moss shoots 0317.
01:07:35 | INFO: Draco encoder: Encoding mesh Root moss shoots 0318.
01:07:35 | INFO: Draco encoder: Encoding mesh Root moss shoots 0319.
01:07:35 | INFO: Draco encoder: Encoding mesh Root moss shoots 0320.
01:07:35 | INFO: Draco encoder: Encoding mesh Root moss shoots 0321.
01:07:35 | INFO: Draco encoder: Encoding mesh Root moss shoots 0322.
01:07:35 | INFO: Draco encoder: Encoding mesh Root moss shoots 0323.
01:07:35 | INFO: Draco encoder: Encoding mesh Root moss shoots 0324.
01:07:35 | INFO: Draco encoder: Encoding mesh Root moss shoots 0325.
01:07:35 | INFO: Draco encoder: Encoding mesh Root moss shoots 0326.
01:07:35 | INFO: Draco encoder: Encoding mesh Root moss shoots 0327.
01:07:35 | INFO: Draco encoder: Encoding mesh Root moss shoots 0328.
01:07:35 | INFO: Draco encoder: Encoding mesh Root moss shoots 0329.
01:07:35 | INFO: Draco encoder: Encoding mesh Root moss shoots 0330.
01:07:35 | INFO: Draco encoder: Encoding mesh Root moss shoots 0331.
01:07:35 | INFO: Draco encoder: Encoding mesh Root moss shoots 0332.
01:07:35 | INFO: Draco encoder: Encoding mesh Root moss shoots 0333.
01:07:35 | INFO: Draco encoder: Encoding mesh Root moss shoots 0334.
01:07:35 | INFO: Draco encoder: Encoding mesh Root moss shoots 0335.
01:07:35 | INFO: Draco encoder: Encoding mesh Root moss shoots 0336.
01:07:35 | INFO: Draco encoder: Encoding mesh Root moss shoots 0337.
01:07:35 | INFO: Draco encoder: Encoding mesh Root moss shoots 0338.
01:07:35 | INFO: Draco encoder: Encoding mesh Root moss shoots 0339.
01:07:35 | INFO: Draco encoder: Encoding mesh Root moss shoots 0340.
01:07:35 | INFO: Draco encoder: Encoding mesh Root moss shoots 0341.
01:07:35 | INFO: Draco encoder: Encoding mesh Root moss shoots 0342.
01:07:35 | INFO: Draco encoder: Encoding mesh Root moss shoots 0343.
01:07:35 | INFO: Draco encoder: Encoding mesh Root moss shoots 0344.
01:07:35 | INFO: Draco encoder: Encoding mesh Root moss shoots 0345.
01:07:35 | INFO: Draco encoder: Encoding mesh Root moss shoots 0346.
01:07:35 | INFO: Draco encoder: Encoding mesh Root moss shoots 0347.
01:07:35 | INFO: Draco encoder: Encoding mesh Root moss shoots 0348.
01:07:35 | INFO: Draco encoder: Encoding mesh Root moss shoots 0349.
01:07:35 | INFO: Draco encoder: Encoding mesh Root moss shoots 0350.
01:07:35 | INFO: Draco encoder: Encoding mesh Root moss shoots 0351.
01:07:35 | INFO: Draco encoder: Encoding mesh Root moss shoots 0352.
01:07:35 | INFO: Draco encoder: Encoding mesh Root moss shoots 0353.
01:07:35 | INFO: Draco encoder: Encoding mesh Root moss shoots 0354.
01:07:35 | INFO: Draco encoder: Encoding mesh Root moss shoots 0355.
01:07:35 | INFO: Draco encoder: Encoding mesh Root moss shoots 0356.
01:07:35 | INFO: Draco encoder: Encoding mesh Root moss shoots 0357.
01:07:35 | INFO: Draco encoder: Encoding mesh Root moss shoots 0358.
01:07:35 | INFO: Draco encoder: Encoding mesh Root moss shoots 0359.
01:07:35 | INFO: Draco encoder: Encoding mesh Root moss shoots 0360.
01:07:35 | INFO: Draco encoder: Encoding mesh Root moss shoots 0361.
01:07:35 | INFO: Draco encoder: Encoding mesh Root moss shoots 0362.
01:07:35 | INFO: Draco encoder: Encoding mesh Root moss shoots 0363.
01:07:35 | INFO: Draco encoder: Encoding mesh Root moss shoots 0364.
01:07:35 | INFO: Draco encoder: Encoding mesh Root moss shoots 0365.
01:07:35 | INFO: Draco encoder: Encoding mesh Root moss shoots 0366.
01:07:35 | INFO: Draco encoder: Encoding mesh Root moss shoots 0367.
01:07:35 | INFO: Draco encoder: Encoding mesh Root moss shoots 0368.
01:07:35 | INFO: Draco encoder: Encoding mesh Root moss shoots 0369.
01:07:35 | INFO: Draco encoder: Encoding mesh Root moss shoots 0370.
01:07:35 | INFO: Draco encoder: Encoding mesh Root moss shoots 0371.
01:07:35 | INFO: Draco encoder: Encoding mesh Root moss shoots 0372.
01:07:35 | INFO: Draco encoder: Encoding mesh Root moss shoots 0373.
01:07:35 | INFO: Draco encoder: Encoding mesh Root moss shoots 0374.
01:07:35 | INFO: Draco encoder: Encoding mesh Root moss shoots 0375.
01:07:35 | INFO: Draco encoder: Encoding mesh Root moss shoots 0376.
01:07:35 | INFO: Draco encoder: Encoding mesh Root moss shoots 0377.
01:07:35 | INFO: Draco encoder: Encoding mesh Root moss shoots 0378.
01:07:35 | INFO: Draco encoder: Encoding mesh Root moss shoots 0379.
01:07:35 | INFO: Draco encoder: Encoding mesh Root moss shoots 0380.
01:07:35 | INFO: Draco encoder: Encoding mesh Root moss shoots 0381.
01:07:35 | INFO: Draco encoder: Encoding mesh Root moss shoots 0382.
01:07:35 | INFO: Draco encoder: Encoding mesh Root moss shoots 0383.
01:07:35 | INFO: Draco encoder: Encoding mesh Root moss shoots 0384.
01:07:35 | INFO: Draco encoder: Encoding mesh Root moss shoots 0385.
01:07:35 | INFO: Draco encoder: Encoding mesh Root moss shoots 0386.
01:07:35 | INFO: Draco encoder: Encoding mesh Root moss shoots 0387.
01:07:35 | INFO: Draco encoder: Encoding mesh Root moss shoots 0388.
01:07:35 | INFO: Draco encoder: Encoding mesh Root moss shoots 0389.
01:07:35 | INFO: Draco encoder: Encoding mesh Root moss shoots 0390.
01:07:35 | INFO: Draco encoder: Encoding mesh Root moss shoots 0391.
01:07:35 | INFO: Draco encoder: Encoding mesh Root moss shoots 0392.
01:07:35 | INFO: Draco encoder: Encoding mesh Root moss shoots 0393.
01:07:35 | INFO: Draco encoder: Encoding mesh Root moss shoots 0394.
01:07:35 | INFO: Draco encoder: Encoding mesh Root moss shoots 0395.
01:07:35 | INFO: Draco encoder: Encoding mesh Root moss shoots 0396.
01:07:35 | INFO: Draco encoder: Encoding mesh Root moss shoots 0397.
01:07:35 | INFO: Draco encoder: Encoding mesh Root moss shoots 0398.
01:07:35 | INFO: Draco encoder: Encoding mesh Root moss shoots 0399.
01:07:35 | INFO: Draco encoder: Encoding mesh Root moss shoots 0400.
01:07:35 | INFO: Draco encoder: Encoding mesh Root moss shoots 0401.
01:07:35 | INFO: Draco encoder: Encoding mesh Root moss shoots 0402.
01:07:35 | INFO: Draco encoder: Encoding mesh Root moss shoots 0403.
01:07:35 | INFO: Draco encoder: Encoding mesh Root moss shoots 0404.
01:07:35 | INFO: Draco encoder: Encoding mesh Root moss shoots 0405.
01:07:35 | INFO: Draco encoder: Encoding mesh Root moss shoots 0406.
01:07:35 | INFO: Draco encoder: Encoding mesh Root moss shoots 0407.
01:07:35 | INFO: Draco encoder: Encoding mesh Root moss shoots 0408.
01:07:35 | INFO: Draco encoder: Encoding mesh Root moss shoots 0409.
01:07:35 | INFO: Draco encoder: Encoding mesh Root moss shoots 0410.
01:07:35 | INFO: Draco encoder: Encoding mesh Root moss shoots 0411.
01:07:35 | INFO: Draco encoder: Encoding mesh Root moss shoots 0412.
01:07:35 | INFO: Draco encoder: Encoding mesh Root moss shoots 0413.
01:07:35 | INFO: Draco encoder: Encoding mesh Root moss shoots 0414.
01:07:35 | INFO: Draco encoder: Encoding mesh Root moss shoots 0415.
01:07:35 | INFO: Draco encoder: Encoding mesh Root moss shoots 0416.
01:07:35 | INFO: Draco encoder: Encoding mesh Root moss shoots 0417.
01:07:35 | INFO: Draco encoder: Encoding mesh Root moss shoots 0418.
01:07:35 | INFO: Draco encoder: Encoding mesh Root moss shoots 0419.
01:07:35 | INFO: Draco encoder: Encoding mesh Root moss shoots 0420.
01:07:35 | INFO: Draco encoder: Encoding mesh Root moss shoots 0421.
01:07:35 | INFO: Draco encoder: Encoding mesh Root moss shoots 0422.
01:07:35 | INFO: Draco encoder: Encoding mesh Root moss shoots 0423.
01:07:35 | INFO: Draco encoder: Encoding mesh Root moss shoots 0424.
01:07:35 | INFO: Draco encoder: Encoding mesh Root moss shoots 0425.
01:07:35 | INFO: Draco encoder: Encoding mesh Root moss shoots 0426.
01:07:35 | INFO: Draco encoder: Encoding mesh Root moss shoots 0427.
01:07:35 | INFO: Draco encoder: Encoding mesh Root moss shoots 0428.
01:07:35 | INFO: Draco encoder: Encoding mesh Root moss shoots 0429.
01:07:35 | INFO: Draco encoder: Encoding mesh Root moss shoots 0430.
01:07:35 | INFO: Draco encoder: Encoding mesh Root moss shoots 0431.
01:07:35 | INFO: Draco encoder: Encoding mesh Root moss shoots 0432.
01:07:35 | INFO: Draco encoder: Encoding mesh Root moss shoots 0433.
01:07:35 | INFO: Draco encoder: Encoding mesh Root moss shoots 0434.
01:07:35 | INFO: Draco encoder: Encoding mesh Root moss shoots 0435.
01:07:35 | INFO: Draco encoder: Encoding mesh Root moss shoots 0436.
01:07:35 | INFO: Draco encoder: Encoding mesh Root moss shoots 0437.
01:07:35 | INFO: Draco encoder: Encoding mesh Root moss shoots 0438.
01:07:35 | INFO: Draco encoder: Encoding mesh Root moss shoots 0439.
01:07:35 | INFO: Draco encoder: Encoding mesh Root moss shoots 0440.
01:07:35 | INFO: Draco encoder: Encoding mesh Root moss shoots 0441.
01:07:35 | INFO: Draco encoder: Encoding mesh Root moss shoots 0442.
01:07:35 | INFO: Draco encoder: Encoding mesh Root moss shoots 0443.
01:07:35 | INFO: Draco encoder: Encoding mesh Root moss shoots 0444.
01:07:35 | INFO: Draco encoder: Encoding mesh Root moss shoots 0445.
01:07:35 | INFO: Draco encoder: Encoding mesh Root moss shoots 0446.
01:07:35 | INFO: Draco encoder: Encoding mesh Root moss shoots 0447.
01:07:35 | INFO: Draco encoder: Encoding mesh Root moss shoots 0448.
01:07:35 | INFO: Draco encoder: Encoding mesh Root moss shoots 0449.
01:07:35 | INFO: Draco encoder: Encoding mesh Root moss shoots 0450.
01:07:35 | INFO: Draco encoder: Encoding mesh Root moss shoots 0451.
01:07:35 | INFO: Draco encoder: Encoding mesh Root moss shoots 0452.
01:07:35 | INFO: Draco encoder: Encoding mesh Root moss shoots 0453.
01:07:35 | INFO: Draco encoder: Encoding mesh Root moss shoots 0454.
01:07:35 | INFO: Draco encoder: Encoding mesh Root moss shoots 0455.
01:07:35 | INFO: Draco encoder: Encoding mesh Root moss shoots 0456.
01:07:35 | INFO: Draco encoder: Encoding mesh Root moss shoots 0457.
01:07:35 | INFO: Draco encoder: Encoding mesh Root moss shoots 0458.
01:07:35 | INFO: Draco encoder: Encoding mesh Root moss shoots 0459.
01:07:35 | INFO: Draco encoder: Encoding mesh Root moss shoots 0460.
01:07:35 | INFO: Draco encoder: Encoding mesh Root moss shoots 0461.
01:07:35 | INFO: Draco encoder: Encoding mesh Root moss shoots 0462.
01:07:35 | INFO: Draco encoder: Encoding mesh Root moss shoots 0463.
01:07:35 | INFO: Draco encoder: Encoding mesh Root moss shoots 0464.
01:07:35 | INFO: Draco encoder: Encoding mesh Root moss shoots 0465.
01:07:35 | INFO: Draco encoder: Encoding mesh Root moss shoots 0466.
01:07:35 | INFO: Draco encoder: Encoding mesh Root moss shoots 0467.
01:07:35 | INFO: Draco encoder: Encoding mesh Root moss shoots 0468.
01:07:35 | INFO: Draco encoder: Encoding mesh Root moss shoots 0469.
01:07:35 | INFO: Draco encoder: Encoding mesh Root moss shoots 0470.
01:07:35 | INFO: Draco encoder: Encoding mesh Root moss shoots 0471.
01:07:35 | INFO: Draco encoder: Encoding mesh Root moss shoots 0472.
01:07:35 | INFO: Draco encoder: Encoding mesh Root moss shoots 0473.
01:07:35 | INFO: Draco encoder: Encoding mesh Root moss shoots 0474.
01:07:35 | INFO: Draco encoder: Encoding mesh Root moss shoots 0475.
01:07:35 | INFO: Draco encoder: Encoding mesh Root moss shoots 0476.
01:07:35 | INFO: Draco encoder: Encoding mesh Root moss shoots 0477.
01:07:35 | INFO: Draco encoder: Encoding mesh Root moss shoots 0478.
01:07:35 | INFO: Draco encoder: Encoding mesh Root moss shoots 0479.
01:07:35 | INFO: Draco encoder: Encoding mesh Root moss shoots 0480.
01:07:35 | INFO: Draco encoder: Encoding mesh Root moss shoots 0481.
01:07:35 | INFO: Draco encoder: Encoding mesh Root moss shoots 0482.
01:07:35 | INFO: Draco encoder: Encoding mesh Root moss shoots 0483.
01:07:35 | INFO: Draco encoder: Encoding mesh Root moss shoots 0484.
01:07:35 | INFO: Draco encoder: Encoding mesh Root moss shoots 0485.
01:07:35 | INFO: Draco encoder: Encoding mesh Root moss shoots 0486.
01:07:35 | INFO: Draco encoder: Encoding mesh Root moss shoots 0487.
01:07:35 | INFO: Draco encoder: Encoding mesh Root moss shoots 0488.
01:07:35 | INFO: Draco encoder: Encoding mesh Root moss shoots 0489.
01:07:35 | INFO: Draco encoder: Encoding mesh Root moss shoots 0490.
01:07:35 | INFO: Draco encoder: Encoding mesh Root moss shoots 0491.
01:07:35 | INFO: Draco encoder: Encoding mesh Root moss shoots 0492.
01:07:35 | INFO: Draco encoder: Encoding mesh Root moss shoots 0493.
01:07:35 | INFO: Draco encoder: Encoding mesh Root moss shoots 0494.
01:07:35 | INFO: Draco encoder: Encoding mesh Root moss shoots 0495.
01:07:35 | INFO: Draco encoder: Encoding mesh Root moss shoots 0496.
01:07:35 | INFO: Draco encoder: Encoding mesh Root moss shoots 0497.
01:07:35 | INFO: Draco encoder: Encoding mesh Root moss shoots 0498.
01:07:35 | INFO: Draco encoder: Encoding mesh Root moss shoots 0499.
01:07:35 | INFO: Draco encoder: Encoding mesh Root moss shoots 0500.
01:07:35 | INFO: Draco encoder: Encoding mesh Root moss shoots 0501.
01:07:35 | INFO: Draco encoder: Encoding mesh Root moss shoots 0502.
01:07:35 | INFO: Draco encoder: Encoding mesh Root moss shoots 0503.
01:07:35 | INFO: Draco encoder: Encoding mesh Root moss shoots 0504.
01:07:35 | INFO: Draco encoder: Encoding mesh Root moss shoots 0505.
01:07:35 | INFO: Draco encoder: Encoding mesh Root moss shoots 0506.
01:07:35 | INFO: Draco encoder: Encoding mesh Root moss shoots 0507.
01:07:35 | INFO: Draco encoder: Encoding mesh Root moss shoots 0508.
01:07:35 | INFO: Draco encoder: Encoding mesh Root moss shoots 0509.
01:07:35 | INFO: Draco encoder: Encoding mesh Root moss shoots 0510.
01:07:35 | INFO: Draco encoder: Encoding mesh Root moss shoots 0511.
01:07:35 | INFO: Draco encoder: Encoding mesh Root moss shoots 0512.
01:07:35 | INFO: Draco encoder: Encoding mesh Root moss shoots 0513.
01:07:35 | INFO: Draco encoder: Encoding mesh Root moss shoots 0514.
01:07:35 | INFO: Draco encoder: Encoding mesh Root moss shoots 0515.
01:07:35 | INFO: Draco encoder: Encoding mesh Root moss shoots 0516.
01:07:35 | INFO: Draco encoder: Encoding mesh Root moss shoots 0517.
01:07:35 | INFO: Draco encoder: Encoding mesh Root moss shoots 0518.
01:07:35 | INFO: Draco encoder: Encoding mesh Root moss shoots 0519.
01:07:35 | INFO: Draco encoder: Encoding mesh Root moss shoots 0520.
01:07:35 | INFO: Draco encoder: Encoding mesh Root moss shoots 0521.
01:07:35 | INFO: Draco encoder: Encoding mesh Root moss shoots 0522.
01:07:35 | INFO: Draco encoder: Encoding mesh Root moss shoots 0523.
01:07:35 | INFO: Draco encoder: Encoding mesh Root moss shoots 0524.
01:07:35 | INFO: Draco encoder: Encoding mesh Root moss shoots 0525.
01:07:35 | INFO: Draco encoder: Encoding mesh Root moss shoots 0526.
01:07:35 | INFO: Draco encoder: Encoding mesh Root moss shoots 0527.
01:07:35 | INFO: Draco encoder: Encoding mesh Root moss shoots 0528.
01:07:35 | INFO: Draco encoder: Encoding mesh Root moss shoots 0529.
01:07:35 | INFO: Draco encoder: Encoding mesh Root moss shoots 0530.
01:07:35 | INFO: Draco encoder: Encoding mesh Root moss shoots 0531.
01:07:35 | INFO: Draco encoder: Encoding mesh Root moss shoots 0532.
01:07:35 | INFO: Draco encoder: Encoding mesh Root moss shoots 0533.
01:07:35 | INFO: Draco encoder: Encoding mesh Root moss shoots 0534.
01:07:35 | INFO: Draco encoder: Encoding mesh Root moss shoots 0535.
01:07:35 | INFO: Draco encoder: Encoding mesh Root moss shoots 0536.
01:07:35 | INFO: Draco encoder: Encoding mesh Root moss shoots 0537.
01:07:35 | INFO: Draco encoder: Encoding mesh Root moss shoots 0538.
01:07:35 | INFO: Draco encoder: Encoding mesh Root moss shoots 0539.
01:07:35 | INFO: Draco encoder: Encoding mesh Root moss shoots 0540.
01:07:35 | INFO: Draco encoder: Encoding mesh Root moss shoots 0541.
01:07:35 | INFO: Draco encoder: Encoding mesh Root moss shoots 0542.
01:07:35 | INFO: Draco encoder: Encoding mesh Root moss shoots 0543.
01:07:35 | INFO: Draco encoder: Encoding mesh Root moss shoots 0544.
01:07:35 | INFO: Draco encoder: Encoding mesh Root moss shoots 0545.
01:07:35 | INFO: Draco encoder: Encoding mesh Root moss shoots 0546.
01:07:35 | INFO: Draco encoder: Encoding mesh Root moss shoots 0547.
01:07:35 | INFO: Draco encoder: Encoding mesh Root moss shoots 0548.
01:07:35 | INFO: Draco encoder: Encoding mesh Root moss shoots 0549.
01:07:35 | INFO: Draco encoder: Encoding mesh Root moss shoots 0550.
01:07:35 | INFO: Draco encoder: Encoding mesh Root moss shoots 0551.
01:07:35 | INFO: Draco encoder: Encoding mesh Root moss shoots 0552.
01:07:35 | INFO: Draco encoder: Encoding mesh Root moss shoots 0553.
01:07:35 | INFO: Draco encoder: Encoding mesh Root moss shoots 0554.
01:07:35 | INFO: Draco encoder: Encoding mesh Root moss shoots 0555.
01:07:35 | INFO: Draco encoder: Encoding mesh Root moss shoots 0556.
01:07:35 | INFO: Draco encoder: Encoding mesh Root moss shoots 0557.
01:07:35 | INFO: Draco encoder: Encoding mesh Root moss shoots 0558.
01:07:35 | INFO: Draco encoder: Encoding mesh Root moss shoots 0559.
01:07:35 | INFO: Draco encoder: Encoding mesh Root moss shoots 0560.
01:07:35 | INFO: Draco encoder: Encoding mesh Root moss shoots 0561.
01:07:35 | INFO: Draco encoder: Encoding mesh Root moss shoots 0562.
01:07:35 | INFO: Draco encoder: Encoding mesh Root moss shoots 0563.
01:07:35 | INFO: Draco encoder: Encoding mesh Root moss shoots 0564.
01:07:35 | INFO: Draco encoder: Encoding mesh Root moss shoots 0565.
01:07:35 | INFO: Draco encoder: Encoding mesh Root moss shoots 0566.
01:07:35 | INFO: Draco encoder: Encoding mesh Root moss shoots 0567.
01:07:35 | INFO: Draco encoder: Encoding mesh Root moss shoots 0568.
01:07:35 | INFO: Draco encoder: Encoding mesh Root moss shoots 0569.
01:07:35 | INFO: Draco encoder: Encoding mesh Root moss shoots 0570.
01:07:35 | INFO: Draco encoder: Encoding mesh Root moss shoots 0571.
01:07:35 | INFO: Draco encoder: Encoding mesh Root moss shoots 0572.
01:07:35 | INFO: Draco encoder: Encoding mesh Root moss shoots 0573.
01:07:35 | INFO: Draco encoder: Encoding mesh Root moss shoots 0574.
01:07:35 | INFO: Draco encoder: Encoding mesh Root moss shoots 0575.
01:07:35 | INFO: Draco encoder: Encoding mesh Root moss shoots 0576.
01:07:35 | INFO: Draco encoder: Encoding mesh Root moss shoots 0577.
01:07:35 | INFO: Draco encoder: Encoding mesh Root moss shoots 0578.
01:07:35 | INFO: Draco encoder: Encoding mesh Root moss shoots 0579.
01:07:35 | INFO: Draco encoder: Encoding mesh Root moss shoots 0580.
01:07:35 | INFO: Draco encoder: Encoding mesh Root moss shoots 0581.
01:07:35 | INFO: Draco encoder: Encoding mesh Root moss shoots 0582.
01:07:35 | INFO: Draco encoder: Encoding mesh Root moss shoots 0583.
01:07:35 | INFO: Draco encoder: Encoding mesh Root moss shoots 0584.
01:07:35 | INFO: Draco encoder: Encoding mesh Root moss shoots 0585.
01:07:35 | INFO: Draco encoder: Encoding mesh Root moss shoots 0586.
01:07:35 | INFO: Draco encoder: Encoding mesh Root moss shoots 0587.
01:07:35 | INFO: Draco encoder: Encoding mesh Root moss shoots 0588.
01:07:35 | INFO: Draco encoder: Encoding mesh Root moss shoots 0589.
01:07:35 | INFO: Draco encoder: Encoding mesh Root moss shoots 0590.
01:07:35 | INFO: Draco encoder: Encoding mesh Root moss shoots 0591.
01:07:35 | INFO: Draco encoder: Encoding mesh Root moss shoots 0592.
01:07:35 | INFO: Draco encoder: Encoding mesh Root moss shoots 0593.
01:07:35 | INFO: Draco encoder: Encoding mesh Root moss shoots 0594.
01:07:35 | INFO: Draco encoder: Encoding mesh Root moss shoots 0595.
01:07:35 | INFO: Draco encoder: Encoding mesh Root moss shoots 0596.
01:07:35 | INFO: Draco encoder: Encoding mesh Root moss shoots 0597.
01:07:35 | INFO: Draco encoder: Encoding mesh Root moss shoots 0598.
01:07:35 | INFO: Draco encoder: Encoding mesh Root moss shoots 0599.
01:07:35 | INFO: Draco encoder: Encoding mesh Root moss shoots 0600.
01:07:35 | INFO: Draco encoder: Encoding mesh Root moss shoots 0601.
01:07:35 | INFO: Draco encoder: Encoding mesh Root moss shoots 0602.
01:07:35 | INFO: Draco encoder: Encoding mesh Root moss shoots 0603.
01:07:35 | INFO: Draco encoder: Encoding mesh Root moss shoots 0604.
01:07:35 | INFO: Draco encoder: Encoding mesh Root moss shoots 0605.
01:07:35 | INFO: Draco encoder: Encoding mesh Root moss shoots 0606.
01:07:35 | INFO: Draco encoder: Encoding mesh Root moss shoots 0607.
01:07:35 | INFO: Draco encoder: Encoding mesh Root moss shoots 0608.
01:07:35 | INFO: Draco encoder: Encoding mesh Root moss shoots 0609.
01:07:35 | INFO: Draco encoder: Encoding mesh Root moss shoots 0610.
01:07:35 | INFO: Draco encoder: Encoding mesh Root moss shoots 0611.
01:07:35 | INFO: Draco encoder: Encoding mesh Root moss shoots 0612.
01:07:35 | INFO: Draco encoder: Encoding mesh Root moss shoots 0613.
01:07:35 | INFO: Draco encoder: Encoding mesh Root moss shoots 0614.
01:07:35 | INFO: Draco encoder: Encoding mesh Root moss shoots 0615.
01:07:35 | INFO: Draco encoder: Encoding mesh Root moss shoots 0616.
01:07:35 | INFO: Draco encoder: Encoding mesh Root moss shoots 0617.
01:07:35 | INFO: Draco encoder: Encoding mesh Root moss shoots 0618.
01:07:35 | INFO: Draco encoder: Encoding mesh Root moss shoots 0619.
01:07:35 | INFO: Draco encoder: Encoding mesh Root moss shoots 0620.
01:07:35 | INFO: Draco encoder: Encoding mesh Root moss shoots 0621.
01:07:35 | INFO: Draco encoder: Encoding mesh Root moss shoots 0622.
01:07:35 | INFO: Draco encoder: Encoding mesh Root moss shoots 0623.
01:07:35 | INFO: Draco encoder: Encoding mesh Root moss shoots 0624.
01:07:35 | INFO: Draco encoder: Encoding mesh Root moss shoots 0625.
01:07:35 | INFO: Draco encoder: Encoding mesh Root moss shoots 0626.
01:07:35 | INFO: Draco encoder: Encoding mesh Root moss shoots 0627.
01:07:35 | INFO: Draco encoder: Encoding mesh Root moss shoots 0628.
01:07:35 | INFO: Draco encoder: Encoding mesh Root moss shoots 0629.
01:07:35 | INFO: Draco encoder: Encoding mesh Root moss shoots 0630.
01:07:35 | INFO: Draco encoder: Encoding mesh Root moss shoots 0631.
01:07:35 | INFO: Draco encoder: Encoding mesh Root moss shoots 0632.
01:07:35 | INFO: Draco encoder: Encoding mesh Root moss shoots 0633.
01:07:35 | INFO: Draco encoder: Encoding mesh Root moss shoots 0634.
01:07:35 | INFO: Draco encoder: Encoding mesh Root moss shoots 0635.
01:07:35 | INFO: Draco encoder: Encoding mesh Root moss shoots 0636.
01:07:35 | INFO: Draco encoder: Encoding mesh Root moss shoots 0637.
01:07:35 | INFO: Draco encoder: Encoding mesh Root moss shoots 0638.
01:07:35 | INFO: Draco encoder: Encoding mesh Root moss shoots 0639.
01:07:35 | INFO: Draco encoder: Encoding mesh Root moss shoots 0640.
01:07:35 | INFO: Draco encoder: Encoding mesh Root moss shoots 0641.
01:07:35 | INFO: Draco encoder: Encoding mesh Root moss shoots 0642.
01:07:35 | INFO: Draco encoder: Encoding mesh Root moss shoots 0643.
01:07:35 | INFO: Draco encoder: Encoding mesh Root moss shoots 0644.
01:07:35 | INFO: Draco encoder: Encoding mesh Root moss shoots 0645.
01:07:35 | INFO: Draco encoder: Encoding mesh Root moss shoots 0646.
01:07:35 | INFO: Draco encoder: Encoding mesh Root moss shoots 0647.
01:07:35 | INFO: Draco encoder: Encoding mesh Root moss shoots 0648.
01:07:35 | INFO: Draco encoder: Encoding mesh Root moss shoots 0649.
01:07:35 | INFO: Draco encoder: Encoding mesh Root moss shoots 0650.
01:07:35 | INFO: Draco encoder: Encoding mesh Root moss shoots 0651.
01:07:35 | INFO: Draco encoder: Encoding mesh Root moss shoots 0652.
01:07:35 | INFO: Draco encoder: Encoding mesh Root moss shoots 0653.
01:07:35 | INFO: Draco encoder: Encoding mesh Root moss shoots 0654.
01:07:35 | INFO: Draco encoder: Encoding mesh Root moss shoots 0655.
01:07:35 | INFO: Draco encoder: Encoding mesh Root moss shoots 0656.
01:07:35 | INFO: Draco encoder: Encoding mesh Root moss shoots 0657.
01:07:35 | INFO: Draco encoder: Encoding mesh Root moss shoots 0658.
01:07:35 | INFO: Draco encoder: Encoding mesh Root moss shoots 0659.
01:07:35 | INFO: Draco encoder: Encoding mesh Root moss shoots 0660.
01:07:35 | INFO: Draco encoder: Encoding mesh Root moss shoots 0661.
01:07:35 | INFO: Draco encoder: Encoding mesh Root moss shoots 0662.
01:07:35 | INFO: Draco encoder: Encoding mesh Root moss shoots 0663.
01:07:35 | INFO: Draco encoder: Encoding mesh Root moss shoots 0664.
01:07:35 | INFO: Draco encoder: Encoding mesh Root moss shoots 0665.
01:07:35 | INFO: Draco encoder: Encoding mesh Root moss shoots 0666.
01:07:35 | INFO: Draco encoder: Encoding mesh Root moss shoots 0667.
01:07:35 | INFO: Draco encoder: Encoding mesh Root moss shoots 0668.
01:07:35 | INFO: Draco encoder: Encoding mesh Root moss shoots 0669.
01:07:35 | INFO: Draco encoder: Encoding mesh Root moss shoots 0670.
01:07:35 | INFO: Draco encoder: Encoding mesh Root moss shoots 0671.
01:07:35 | INFO: Draco encoder: Encoding mesh Root moss shoots 0672.
01:07:35 | INFO: Draco encoder: Encoding mesh Root moss shoots 0673.
01:07:35 | INFO: Draco encoder: Encoding mesh Root moss shoots 0674.
01:07:35 | INFO: Draco encoder: Encoding mesh Root moss shoots 0675.
01:07:35 | INFO: Draco encoder: Encoding mesh Root moss shoots 0676.
01:07:35 | INFO: Draco encoder: Encoding mesh Root moss shoots 0677.
01:07:35 | INFO: Draco encoder: Encoding mesh Root moss shoots 0678.
01:07:35 | INFO: Draco encoder: Encoding mesh Root moss shoots 0679.
01:07:35 | INFO: Draco encoder: Encoding mesh Root moss shoots 0680.
01:07:35 | INFO: Draco encoder: Encoding mesh Root moss shoots 0681.
01:07:35 | INFO: Draco encoder: Encoding mesh Root moss shoots 0682.
01:07:35 | INFO: Draco encoder: Encoding mesh Root moss shoots 0683.
01:07:35 | INFO: Draco encoder: Encoding mesh Root moss shoots 0684.
01:07:35 | INFO: Draco encoder: Encoding mesh Root moss shoots 0685.
01:07:35 | INFO: Draco encoder: Encoding mesh Root moss shoots 0686.
01:07:35 | INFO: Draco encoder: Encoding mesh Root moss shoots 0687.
01:07:35 | INFO: Draco encoder: Encoding mesh Root moss shoots 0688.
01:07:35 | INFO: Draco encoder: Encoding mesh Root moss shoots 0689.
01:07:35 | INFO: Draco encoder: Encoding mesh Root moss shoots 0690.
01:07:35 | INFO: Draco encoder: Encoding mesh Root moss shoots 0691.
01:07:35 | INFO: Draco encoder: Encoding mesh Root moss shoots 0692.
01:07:35 | INFO: Draco encoder: Encoding mesh Root moss shoots 0693.
01:07:35 | INFO: Draco encoder: Encoding mesh Root moss shoots 0694.
01:07:35 | INFO: Draco encoder: Encoding mesh Root moss shoots 0695.
01:07:35 | INFO: Draco encoder: Encoding mesh Root moss shoots 0696.
01:07:35 | INFO: Draco encoder: Encoding mesh Root moss shoots 0697.
01:07:35 | INFO: Draco encoder: Encoding mesh Root moss shoots 0698.
01:07:35 | INFO: Draco encoder: Encoding mesh Root moss shoots 0699.
01:07:35 | INFO: Draco encoder: Encoding mesh Root moss shoots 0700.
01:07:35 | INFO: Draco encoder: Encoding mesh Root moss shoots 0701.
01:07:35 | INFO: Draco encoder: Encoding mesh Root moss shoots 0702.
01:07:35 | INFO: Draco encoder: Encoding mesh Root moss shoots 0703.
01:07:35 | INFO: Draco encoder: Encoding mesh Root moss shoots 0704.
01:07:35 | INFO: Draco encoder: Encoding mesh Root moss shoots 0705.
01:07:35 | INFO: Draco encoder: Encoding mesh Root moss shoots 0706.
01:07:35 | INFO: Draco encoder: Encoding mesh Root moss shoots 0707.
01:07:35 | INFO: Draco encoder: Encoding mesh Root moss shoots 0708.
01:07:35 | INFO: Draco encoder: Encoding mesh Root moss shoots 0709.
01:07:35 | INFO: Draco encoder: Encoding mesh Root moss shoots 0710.
01:07:35 | INFO: Draco encoder: Encoding mesh Root moss shoots 0711.
01:07:35 | INFO: Draco encoder: Encoding mesh Root moss shoots 0712.
01:07:35 | INFO: Draco encoder: Encoding mesh Root moss shoots 0713.
01:07:35 | INFO: Draco encoder: Encoding mesh Root moss shoots 0714.
01:07:35 | INFO: Draco encoder: Encoding mesh Root moss shoots 0715.
01:07:35 | INFO: Draco encoder: Encoding mesh Root moss shoots 0716.
01:07:35 | INFO: Draco encoder: Encoding mesh Root moss shoots 0717.
01:07:35 | INFO: Draco encoder: Encoding mesh Root moss shoots 0718.
01:07:35 | INFO: Draco encoder: Encoding mesh Root moss shoots 0719.
01:07:35 | INFO: Draco encoder: Encoding mesh Root moss shoots 0720.
01:07:35 | INFO: Draco encoder: Encoding mesh Root moss shoots 0721.
01:07:35 | INFO: Draco encoder: Encoding mesh Root moss shoots 0722.
01:07:35 | INFO: Draco encoder: Encoding mesh Root moss shoots 0723.
01:07:35 | INFO: Draco encoder: Encoding mesh Root moss shoots 0724.
01:07:35 | INFO: Draco encoder: Encoding mesh Root moss shoots 0725.
01:07:35 | INFO: Draco encoder: Encoding mesh Root moss shoots 0726.
01:07:35 | INFO: Draco encoder: Encoding mesh Root moss shoots 0727.
01:07:35 | INFO: Draco encoder: Encoding mesh Root moss shoots 0728.
01:07:35 | INFO: Draco encoder: Encoding mesh Root moss shoots 0729.
01:07:35 | INFO: Draco encoder: Encoding mesh Root moss shoots 0730.
01:07:35 | INFO: Draco encoder: Encoding mesh Root moss shoots 0731.
01:07:35 | INFO: Draco encoder: Encoding mesh Root moss shoots 0732.
01:07:35 | INFO: Draco encoder: Encoding mesh Root moss shoots 0733.
01:07:35 | INFO: Draco encoder: Encoding mesh Root moss shoots 0734.
01:07:35 | INFO: Draco encoder: Encoding mesh Root moss shoots 0735.
01:07:35 | INFO: Draco encoder: Encoding mesh Root moss shoots 0736.
01:07:35 | INFO: Draco encoder: Encoding mesh Root moss shoots 0737.
01:07:35 | INFO: Draco encoder: Encoding mesh Root moss shoots 0738.
01:07:35 | INFO: Draco encoder: Encoding mesh Root moss shoots 0739.
01:07:35 | INFO: Draco encoder: Encoding mesh Root moss shoots 0740.
01:07:35 | INFO: Draco encoder: Encoding mesh Root moss shoots 0741.
01:07:35 | INFO: Draco encoder: Encoding mesh Root moss shoots 0742.
01:07:35 | INFO: Draco encoder: Encoding mesh Root moss shoots 0743.
01:07:35 | INFO: Draco encoder: Encoding mesh Root moss shoots 0744.
01:07:35 | INFO: Draco encoder: Encoding mesh Root moss shoots 0745.
01:07:35 | INFO: Draco encoder: Encoding mesh Root moss shoots 0746.
01:07:35 | INFO: Draco encoder: Encoding mesh Root moss shoots 0747.
01:07:35 | INFO: Draco encoder: Encoding mesh Root moss shoots 0748.
01:07:35 | INFO: Draco encoder: Encoding mesh Root moss shoots 0749.
01:07:35 | INFO: Draco encoder: Encoding mesh Root moss shoots 0750.
01:07:35 | INFO: Draco encoder: Encoding mesh Root moss shoots 0751.
01:07:35 | INFO: Draco encoder: Encoding mesh Root moss shoots 0752.
01:07:35 | INFO: Draco encoder: Encoding mesh Root moss shoots 0753.
01:07:35 | INFO: Draco encoder: Encoding mesh Root moss shoots 0754.
01:07:35 | INFO: Draco encoder: Encoding mesh Root moss shoots 0755.
01:07:35 | INFO: Draco encoder: Encoding mesh Root moss shoots 0756.
01:07:35 | INFO: Draco encoder: Encoding mesh Root moss shoots 0757.
01:07:35 | INFO: Draco encoder: Encoding mesh Root moss shoots 0758.
01:07:35 | INFO: Draco encoder: Encoding mesh Root moss shoots 0759.
01:07:35 | INFO: Draco encoder: Encoding mesh Root moss shoots 0760.
01:07:35 | INFO: Draco encoder: Encoding mesh Root moss shoots 0761.
01:07:35 | INFO: Draco encoder: Encoding mesh Root moss shoots 0762.
01:07:35 | INFO: Draco encoder: Encoding mesh Root moss shoots 0763.
01:07:35 | INFO: Draco encoder: Encoding mesh Root moss shoots 0764.
01:07:35 | INFO: Draco encoder: Encoding mesh Root moss shoots 0765.
01:07:35 | INFO: Draco encoder: Encoding mesh Root moss shoots 0766.
01:07:35 | INFO: Draco encoder: Encoding mesh Root moss shoots 0767.
01:07:35 | INFO: Draco encoder: Encoding mesh Root moss shoots 0768.
01:07:35 | INFO: Draco encoder: Encoding mesh Root moss shoots 0769.
01:07:35 | INFO: Draco encoder: Encoding mesh Root moss shoots 0770.
01:07:35 | INFO: Draco encoder: Encoding mesh Root moss shoots 0771.
01:07:35 | INFO: Draco encoder: Encoding mesh Root moss shoots 0772.
01:07:35 | INFO: Draco encoder: Encoding mesh Root moss shoots 0773.
01:07:35 | INFO: Draco encoder: Encoding mesh Root moss shoots 0774.
01:07:35 | INFO: Draco encoder: Encoding mesh Root moss shoots 0775.
01:07:35 | INFO: Draco encoder: Encoding mesh Root moss shoots 0776.
01:07:35 | INFO: Draco encoder: Encoding mesh Root moss shoots 0777.
01:07:35 | INFO: Draco encoder: Encoding mesh Root moss shoots 0778.
01:07:35 | INFO: Draco encoder: Encoding mesh Root moss shoots 0779.
01:07:35 | INFO: Draco encoder: Encoding mesh Root moss shoots 0780.
01:07:35 | INFO: Draco encoder: Encoding mesh Root moss shoots 0781.
01:07:35 | INFO: Draco encoder: Encoding mesh Root moss shoots 0782.
01:07:35 | INFO: Draco encoder: Encoding mesh Root moss shoots 0783.
01:07:35 | INFO: Draco encoder: Encoding mesh Root moss shoots 0784.
01:07:35 | INFO: Draco encoder: Encoding mesh Root moss shoots 0785.
01:07:35 | INFO: Draco encoder: Encoding mesh Root moss shoots 0786.
01:07:35 | INFO: Draco encoder: Encoding mesh Root moss shoots 0787.
01:07:35 | INFO: Draco encoder: Encoding mesh Root moss shoots 0788.
01:07:35 | INFO: Draco encoder: Encoding mesh Root moss shoots 0789.
01:07:35 | INFO: Draco encoder: Encoding mesh Root moss shoots 0790.
01:07:35 | INFO: Draco encoder: Encoding mesh Root moss shoots 0791.
01:07:35 | INFO: Draco encoder: Encoding mesh Root moss shoots 0792.
01:07:35 | INFO: Draco encoder: Encoding mesh Root moss shoots 0793.
01:07:35 | INFO: Draco encoder: Encoding mesh Root moss shoots 0794.
01:07:35 | INFO: Draco encoder: Encoding mesh Root moss shoots 0795.
01:07:35 | INFO: Draco encoder: Encoding mesh Root moss shoots 0796.
01:07:35 | INFO: Draco encoder: Encoding mesh Root moss shoots 0797.
01:07:35 | INFO: Draco encoder: Encoding mesh Root moss shoots 0798.
01:07:35 | INFO: Draco encoder: Encoding mesh Root moss shoots 0799.
01:07:35 | INFO: Draco encoder: Encoding mesh Root moss shoots 0800.
01:07:35 | INFO: Draco encoder: Encoding mesh Root moss shoots 0801.
01:07:35 | INFO: Draco encoder: Encoding mesh Root moss shoots 0802.
01:07:35 | INFO: Draco encoder: Encoding mesh Root moss shoots 0803.
01:07:35 | INFO: Draco encoder: Encoding mesh Root moss shoots 0804.
01:07:35 | INFO: Draco encoder: Encoding mesh Root moss shoots 0805.
01:07:35 | INFO: Draco encoder: Encoding mesh Root moss shoots 0806.
01:07:35 | INFO: Draco encoder: Encoding mesh Root moss shoots 0807.
01:07:35 | INFO: Draco encoder: Encoding mesh Root moss shoots 0808.
01:07:35 | INFO: Draco encoder: Encoding mesh Root moss shoots 0809.
01:07:35 | INFO: Draco encoder: Encoding mesh Root moss shoots 0810.
01:07:35 | INFO: Draco encoder: Encoding mesh Root moss shoots 0811.
01:07:35 | INFO: Draco encoder: Encoding mesh Root moss shoots 0812.
01:07:35 | INFO: Draco encoder: Encoding mesh Root moss shoots 0813.
01:07:35 | INFO: Draco encoder: Encoding mesh Root moss shoots 0814.
01:07:35 | INFO: Draco encoder: Encoding mesh Root moss shoots 0815.
01:07:35 | INFO: Draco encoder: Encoding mesh Root moss shoots 0816.
01:07:35 | INFO: Draco encoder: Encoding mesh Root moss shoots 0817.
01:07:35 | INFO: Draco encoder: Encoding mesh Root moss shoots 0818.
01:07:35 | INFO: Draco encoder: Encoding mesh Root moss shoots 0819.
01:07:35 | INFO: Draco encoder: Encoding mesh Root moss shoots 0820.
01:07:35 | INFO: Draco encoder: Encoding mesh Root moss shoots 0821.
01:07:35 | INFO: Draco encoder: Encoding mesh Root moss shoots 0822.
01:07:35 | INFO: Draco encoder: Encoding mesh Root moss shoots 0823.
01:07:35 | INFO: Draco encoder: Encoding mesh Root moss shoots 0824.
01:07:35 | INFO: Draco encoder: Encoding mesh Root moss shoots 0825.
01:07:35 | INFO: Draco encoder: Encoding mesh Root moss shoots 0826.
01:07:35 | INFO: Draco encoder: Encoding mesh Root moss shoots 0827.
01:07:35 | INFO: Draco encoder: Encoding mesh Root moss shoots 0828.
01:07:35 | INFO: Draco encoder: Encoding mesh Root moss shoots 0829.
01:07:35 | INFO: Draco encoder: Encoding mesh Root moss shoots 0830.
01:07:35 | INFO: Draco encoder: Encoding mesh Root moss shoots 0831.
01:07:35 | INFO: Draco encoder: Encoding mesh Root moss shoots 0832.
01:07:35 | INFO: Draco encoder: Encoding mesh Root moss shoots 0833.
01:07:35 | INFO: Draco encoder: Encoding mesh Root moss shoots 0834.
01:07:35 | INFO: Draco encoder: Encoding mesh Root moss shoots 0835.
01:07:35 | INFO: Draco encoder: Encoding mesh Root moss shoots 0836.
01:07:35 | INFO: Draco encoder: Encoding mesh Root moss shoots 0837.
01:07:35 | INFO: Draco encoder: Encoding mesh Root moss shoots 0838.
01:07:35 | INFO: Draco encoder: Encoding mesh Root moss shoots 0839.
01:07:35 | INFO: Draco encoder: Encoding mesh Root moss shoots 0840.
01:07:35 | INFO: Draco encoder: Encoding mesh Root moss shoots 0841.
01:07:35 | INFO: Draco encoder: Encoding mesh Root moss shoots 0842.
01:07:35 | INFO: Draco encoder: Encoding mesh Root moss shoots 0843.
01:07:35 | INFO: Draco encoder: Encoding mesh Root moss shoots 0844.
01:07:35 | INFO: Draco encoder: Encoding mesh Root moss shoots 0845.
01:07:35 | INFO: Draco encoder: Encoding mesh Root moss shoots 0846.
01:07:35 | INFO: Draco encoder: Encoding mesh Root moss shoots 0847.
01:07:35 | INFO: Draco encoder: Encoding mesh Root moss shoots 0848.
01:07:35 | INFO: Draco encoder: Encoding mesh Root moss shoots 0849.
01:07:35 | INFO: Draco encoder: Encoding mesh Root moss shoots 0850.
01:07:35 | INFO: Draco encoder: Encoding mesh Root moss shoots 0851.
01:07:35 | INFO: Draco encoder: Encoding mesh Root moss shoots 0852.
01:07:35 | INFO: Draco encoder: Encoding mesh Root moss shoots 0853.
01:07:35 | INFO: Draco encoder: Encoding mesh Root moss shoots 0854.
01:07:35 | INFO: Draco encoder: Encoding mesh Root moss shoots 0855.
01:07:35 | INFO: Draco encoder: Encoding mesh Root moss shoots 0856.
01:07:35 | INFO: Draco encoder: Encoding mesh Root moss shoots 0857.
01:07:35 | INFO: Draco encoder: Encoding mesh Root moss shoots 0858.
01:07:35 | INFO: Draco encoder: Encoding mesh Root moss shoots 0859.
01:07:35 | INFO: Draco encoder: Encoding mesh Root moss shoots 0860.
01:07:35 | INFO: Draco encoder: Encoding mesh Root moss shoots 0861.
01:07:35 | INFO: Draco encoder: Encoding mesh Root moss shoots 0862.
01:07:35 | INFO: Draco encoder: Encoding mesh Root moss shoots 0863.
01:07:35 | INFO: Draco encoder: Encoding mesh Root moss shoots 0864.
01:07:35 | INFO: Draco encoder: Encoding mesh Root moss shoots 0865.
01:07:35 | INFO: Draco encoder: Encoding mesh Root moss shoots 0866.
01:07:35 | INFO: Draco encoder: Encoding mesh Root moss shoots 0867.
01:07:35 | INFO: Draco encoder: Encoding mesh Root moss shoots 0868.
01:07:35 | INFO: Draco encoder: Encoding mesh Root moss shoots 0869.
01:07:35 | INFO: Draco encoder: Encoding mesh Root moss shoots 0870.
01:07:35 | INFO: Draco encoder: Encoding mesh Root moss shoots 0871.
01:07:35 | INFO: Draco encoder: Encoding mesh Root moss shoots 0872.
01:07:35 | INFO: Draco encoder: Encoding mesh Root moss shoots 0873.
01:07:35 | INFO: Draco encoder: Encoding mesh Root moss shoots 0874.
01:07:35 | INFO: Draco encoder: Encoding mesh Root moss shoots 0875.
01:07:35 | INFO: Draco encoder: Encoding mesh Root moss shoots 0876.
01:07:35 | INFO: Draco encoder: Encoding mesh Root moss shoots 0877.
01:07:35 | INFO: Draco encoder: Encoding mesh Root moss shoots 0878.
01:07:35 | INFO: Draco encoder: Encoding mesh Root moss shoots 0879.
01:07:35 | INFO: Draco encoder: Encoding mesh Root moss shoots 0880.
01:07:35 | INFO: Draco encoder: Encoding mesh Root moss shoots 0881.
01:07:35 | INFO: Draco encoder: Encoding mesh Root moss shoots 0882.
01:07:35 | INFO: Draco encoder: Encoding mesh Root moss shoots 0883.
01:07:35 | INFO: Draco encoder: Encoding mesh Root moss shoots 0884.
01:07:35 | INFO: Draco encoder: Encoding mesh Root moss shoots 0885.
01:07:35 | INFO: Draco encoder: Encoding mesh Root moss shoots 0886.
01:07:35 | INFO: Draco encoder: Encoding mesh Root moss shoots 0887.
01:07:35 | INFO: Draco encoder: Encoding mesh Root moss shoots 0888.
01:07:35 | INFO: Draco encoder: Encoding mesh Root moss shoots 0889.
01:07:35 | INFO: Draco encoder: Encoding mesh Root moss shoots 0890.
01:07:35 | INFO: Draco encoder: Encoding mesh Root moss shoots 0891.
01:07:35 | INFO: Draco encoder: Encoding mesh Root moss shoots 0892.
01:07:35 | INFO: Draco encoder: Encoding mesh Root moss shoots 0893.
01:07:35 | INFO: Draco encoder: Encoding mesh Root moss shoots 0894.
01:07:35 | INFO: Draco encoder: Encoding mesh Root moss shoots 0895.
01:07:35 | INFO: Draco encoder: Encoding mesh Root moss shoots 0896.
01:07:35 | INFO: Draco encoder: Encoding mesh Root moss shoots 0897.
01:07:35 | INFO: Draco encoder: Encoding mesh Root moss shoots 0898.
01:07:35 | INFO: Draco encoder: Encoding mesh Root moss shoots 0899.
01:07:35 | INFO: Draco encoder: Encoding mesh Root moss shoots 0900.
01:07:35 | INFO: Draco encoder: Encoding mesh Root moss shoots 0901.
01:07:35 | INFO: Draco encoder: Encoding mesh Root moss shoots 0902.
01:07:35 | INFO: Draco encoder: Encoding mesh Root moss shoots 0903.
01:07:35 | INFO: Draco encoder: Encoding mesh Root moss shoots 0904.
01:07:35 | INFO: Draco encoder: Encoding mesh Root moss shoots 0905.
01:07:35 | INFO: Draco encoder: Encoding mesh Root moss shoots 0906.
01:07:35 | INFO: Draco encoder: Encoding mesh Root moss shoots 0907.
01:07:35 | INFO: Draco encoder: Encoding mesh Root moss shoots 0908.
01:07:35 | INFO: Draco encoder: Encoding mesh Root moss shoots 0909.
01:07:35 | INFO: Draco encoder: Encoding mesh Root moss shoots 0910.
01:07:35 | INFO: Draco encoder: Encoding mesh Root moss shoots 0911.
01:07:35 | INFO: Draco encoder: Encoding mesh Root moss shoots 0912.
01:07:35 | INFO: Draco encoder: Encoding mesh Root moss shoots 0913.
01:07:35 | INFO: Draco encoder: Encoding mesh Root moss shoots 0914.
01:07:35 | INFO: Draco encoder: Encoding mesh Root moss shoots 0915.
01:07:35 | INFO: Draco encoder: Encoding mesh Root moss shoots 0916.
01:07:35 | INFO: Draco encoder: Encoding mesh Root moss shoots 0917.
01:07:35 | INFO: Draco encoder: Encoding mesh Root moss shoots 0918.
01:07:35 | INFO: Draco encoder: Encoding mesh Root moss shoots 0919.
01:07:35 | INFO: Draco encoder: Encoding mesh Root moss shoots 0920.
01:07:35 | INFO: Draco encoder: Encoding mesh Root moss shoots 0921.
01:07:35 | INFO: Draco encoder: Encoding mesh Root moss shoots 0922.
01:07:35 | INFO: Draco encoder: Encoding mesh Root moss shoots 0923.
01:07:35 | INFO: Draco encoder: Encoding mesh Root moss shoots 0924.
01:07:35 | INFO: Draco encoder: Encoding mesh Root moss shoots 0925.
01:07:35 | INFO: Draco encoder: Encoding mesh Root moss shoots 0926.
01:07:35 | INFO: Draco encoder: Encoding mesh Root moss shoots 0927.
01:07:35 | INFO: Draco encoder: Encoding mesh Root moss shoots 0928.
01:07:35 | INFO: Draco encoder: Encoding mesh Root moss shoots 0929.
01:07:35 | INFO: Draco encoder: Encoding mesh Root moss shoots 0930.
01:07:35 | INFO: Draco encoder: Encoding mesh Root moss shoots 0931.
01:07:35 | INFO: Draco encoder: Encoding mesh Root moss shoots 0932.
01:07:35 | INFO: Draco encoder: Encoding mesh Root moss shoots 0933.
01:07:35 | INFO: Draco encoder: Encoding mesh Root moss shoots 0934.
01:07:35 | INFO: Draco encoder: Encoding mesh Root moss shoots 0935.
01:07:35 | INFO: Draco encoder: Encoding mesh Root moss shoots 0936.
01:07:35 | INFO: Draco encoder: Encoding mesh Root moss shoots 0937.
01:07:35 | INFO: Draco encoder: Encoding mesh Root moss shoots 0938.
01:07:35 | INFO: Draco encoder: Encoding mesh Root moss shoots 0939.
01:07:35 | INFO: Draco encoder: Encoding mesh Root moss shoots 0940.
01:07:35 | INFO: Draco encoder: Encoding mesh Root moss shoots 0941.
01:07:35 | INFO: Draco encoder: Encoding mesh Root moss shoots 0942.
01:07:35 | INFO: Draco encoder: Encoding mesh Root moss shoots 0943.
01:07:35 | INFO: Draco encoder: Encoding mesh Root moss shoots 0944.
01:07:35 | INFO: Draco encoder: Encoding mesh Root moss shoots 0945.
01:07:35 | INFO: Draco encoder: Encoding mesh Root moss shoots 0946.
01:07:35 | INFO: Draco encoder: Encoding mesh Root moss shoots 0947.
01:07:35 | INFO: Draco encoder: Encoding mesh Root moss shoots 0948.
01:07:35 | INFO: Draco encoder: Encoding mesh Root moss shoots 0949.
01:07:35 | INFO: Draco encoder: Encoding mesh Root moss shoots 0950.
01:07:35 | INFO: Draco encoder: Encoding mesh Root moss shoots 0951.
01:07:35 | INFO: Draco encoder: Encoding mesh Root moss shoots 0952.
01:07:35 | INFO: Draco encoder: Encoding mesh Root moss shoots 0953.
01:07:35 | INFO: Draco encoder: Encoding mesh Root moss shoots 0954.
01:07:35 | INFO: Draco encoder: Encoding mesh Root moss shoots 0955.
01:07:35 | INFO: Draco encoder: Encoding mesh Root moss shoots 0956.
01:07:35 | INFO: Draco encoder: Encoding mesh Root moss shoots 0957.
01:07:35 | INFO: Draco encoder: Encoding mesh Root moss shoots 0958.
01:07:35 | INFO: Draco encoder: Encoding mesh Root moss shoots 0959.
01:07:35 | INFO: Draco encoder: Encoding mesh Root moss shoots 0960.
01:07:35 | INFO: Draco encoder: Encoding mesh Root moss shoots 0961.
01:07:35 | INFO: Draco encoder: Encoding mesh Root moss shoots 0962.
01:07:35 | INFO: Draco encoder: Encoding mesh Root moss shoots 0963.
01:07:35 | INFO: Draco encoder: Encoding mesh Root moss shoots 0964.
01:07:35 | INFO: Draco encoder: Encoding mesh Root moss shoots 0965.
01:07:35 | INFO: Draco encoder: Encoding mesh Root moss shoots 0966.
01:07:35 | INFO: Draco encoder: Encoding mesh Root moss shoots 0967.
01:07:35 | INFO: Draco encoder: Encoding mesh Root moss shoots 0968.
01:07:35 | INFO: Draco encoder: Encoding mesh Root moss shoots 0969.
01:07:35 | INFO: Draco encoder: Encoding mesh Root moss shoots 0970.
01:07:35 | INFO: Draco encoder: Encoding mesh Root moss shoots 0971.
01:07:35 | INFO: Draco encoder: Encoding mesh Root moss shoots 0972.
01:07:35 | INFO: Draco encoder: Encoding mesh Root moss shoots 0973.
01:07:35 | INFO: Draco encoder: Encoding mesh Root moss shoots 0974.
01:07:35 | INFO: Draco encoder: Encoding mesh Root moss shoots 0975.
01:07:35 | INFO: Draco encoder: Encoding mesh Root moss shoots 0976.
01:07:35 | INFO: Draco encoder: Encoding mesh Root moss shoots 0977.
01:07:35 | INFO: Draco encoder: Encoding mesh Root moss shoots 0978.
01:07:35 | INFO: Draco encoder: Encoding mesh Root moss shoots 0979.
01:07:35 | INFO: Draco encoder: Encoding mesh Root moss shoots 0980.
01:07:35 | INFO: Draco encoder: Encoding mesh Root moss shoots 0981.
01:07:35 | INFO: Draco encoder: Encoding mesh Root moss shoots 0982.
01:07:35 | INFO: Draco encoder: Encoding mesh Root moss shoots 0983.
01:07:35 | INFO: Draco encoder: Encoding mesh Root moss shoots 0984.
01:07:35 | INFO: Draco encoder: Encoding mesh Root moss shoots 0985.
01:07:35 | INFO: Draco encoder: Encoding mesh Root moss shoots 0986.
01:07:35 | INFO: Draco encoder: Encoding mesh Root moss shoots 0987.
01:07:35 | INFO: Draco encoder: Encoding mesh Root moss shoots 0988.
01:07:35 | INFO: Draco encoder: Encoding mesh Root moss shoots 0989.
01:07:35 | INFO: Draco encoder: Encoding mesh Root moss shoots 0990.
01:07:35 | INFO: Draco encoder: Encoding mesh Root moss shoots 0991.
01:07:35 | INFO: Draco encoder: Encoding mesh Root moss shoots 0992.
01:07:35 | INFO: Draco encoder: Encoding mesh Root moss shoots 0993.
01:07:35 | INFO: Draco encoder: Encoding mesh Root moss shoots 0994.
01:07:35 | INFO: Draco encoder: Encoding mesh Root moss shoots 0995.
01:07:35 | INFO: Draco encoder: Encoding mesh Root moss shoots 0996.
01:07:35 | INFO: Draco encoder: Encoding mesh Root moss shoots 0997.
01:07:35 | INFO: Draco encoder: Encoding mesh Root moss shoots 0998.
01:07:35 | INFO: Draco encoder: Encoding mesh Root moss shoots 0999.
01:07:35 | INFO: Draco encoder: Encoding mesh Root moss shoots 1000.
01:07:35 | INFO: Draco encoder: Encoding mesh Root moss shoots 1001.
01:07:35 | INFO: Draco encoder: Encoding mesh Root moss shoots 1002.
01:07:35 | INFO: Draco encoder: Encoding mesh Root moss shoots 1003.
01:07:35 | INFO: Draco encoder: Encoding mesh Root moss shoots 1004.
01:07:35 | INFO: Draco encoder: Encoding mesh Root moss shoots 1005.
01:07:35 | INFO: Draco encoder: Encoding mesh Root moss shoots 1006.
01:07:35 | INFO: Draco encoder: Encoding mesh Root moss shoots 1007.
01:07:35 | INFO: Draco encoder: Encoding mesh Root moss shoots 1008.
01:07:35 | INFO: Draco encoder: Encoding mesh Root moss shoots 1009.
01:07:35 | INFO: Draco encoder: Encoding mesh Root moss shoots 1010.
01:07:35 | INFO: Draco encoder: Encoding mesh Root moss shoots 1011.
01:07:35 | INFO: Draco encoder: Encoding mesh Root moss shoots 1012.
01:07:35 | INFO: Draco encoder: Encoding mesh Root moss shoots 1013.
01:07:35 | INFO: Draco encoder: Encoding mesh Root moss shoots 1014.
01:07:35 | INFO: Draco encoder: Encoding mesh Root moss shoots 1015.
01:07:35 | INFO: Draco encoder: Encoding mesh Root moss shoots 1016.
01:07:35 | INFO: Draco encoder: Encoding mesh Root moss shoots 1017.
01:07:35 | INFO: Draco encoder: Encoding mesh Root moss shoots 1018.
01:07:35 | INFO: Draco encoder: Encoding mesh Root moss shoots 1019.
01:07:35 | INFO: Draco encoder: Encoding mesh Root moss shoots 1020.
01:07:35 | INFO: Draco encoder: Encoding mesh Root moss shoots 1021.
01:07:35 | INFO: Draco encoder: Encoding mesh Root moss shoots 1022.
01:07:35 | INFO: Draco encoder: Encoding mesh Root moss shoots 1023.
01:07:35 | INFO: Draco encoder: Encoding mesh Root moss shoots 1024.
01:07:35 | INFO: Draco encoder: Encoding mesh Root moss shoots 1025.
01:07:35 | INFO: Draco encoder: Encoding mesh Root moss shoots 1026.
01:07:35 | INFO: Draco encoder: Encoding mesh Root moss shoots 1027.
01:07:35 | INFO: Draco encoder: Encoding mesh Root moss shoots 1028.
01:07:35 | INFO: Draco encoder: Encoding mesh Root moss shoots 1029.
01:07:35 | INFO: Draco encoder: Encoding mesh Root moss shoots 1030.
01:07:35 | INFO: Draco encoder: Encoding mesh Root moss shoots 1031.
01:07:35 | INFO: Draco encoder: Encoding mesh Root moss shoots 1032.
01:07:35 | INFO: Draco encoder: Encoding mesh Root moss shoots 1033.
01:07:35 | INFO: Draco encoder: Encoding mesh Root moss shoots 1034.
01:07:35 | INFO: Draco encoder: Encoding mesh Root moss shoots 1035.
01:07:35 | INFO: Draco encoder: Encoding mesh Root moss shoots 1036.
01:07:35 | INFO: Draco encoder: Encoding mesh Root moss shoots 1037.
01:07:35 | INFO: Draco encoder: Encoding mesh Root moss shoots 1038.
01:07:35 | INFO: Draco encoder: Encoding mesh Root moss shoots 1039.
01:07:35 | INFO: Draco encoder: Encoding mesh Root moss shoots 1040.
01:07:35 | INFO: Draco encoder: Encoding mesh Root moss shoots 1041.
01:07:35 | INFO: Draco encoder: Encoding mesh Root moss shoots 1042.
01:07:35 | INFO: Draco encoder: Encoding mesh Root moss shoots 1043.
01:07:35 | INFO: Draco encoder: Encoding mesh Root moss shoots 1044.
01:07:35 | INFO: Draco encoder: Encoding mesh Root moss shoots 1045.
01:07:35 | INFO: Draco encoder: Encoding mesh Root moss shoots 1046.
01:07:35 | INFO: Draco encoder: Encoding mesh Root moss shoots 1047.
01:07:35 | INFO: Draco encoder: Encoding mesh Root moss shoots 1048.
01:07:35 | INFO: Draco encoder: Encoding mesh Root moss shoots 1049.
01:07:35 | INFO: Draco encoder: Encoding mesh Root moss shoots 1050.
01:07:35 | INFO: Draco encoder: Encoding mesh Root moss shoots 1051.
01:07:35 | INFO: Draco encoder: Encoding mesh Root moss shoots 1052.
01:07:35 | INFO: Draco encoder: Encoding mesh Root moss shoots 1053.
01:07:35 | INFO: Draco encoder: Encoding mesh Root moss shoots 1054.
01:07:35 | INFO: Draco encoder: Encoding mesh Root moss shoots 1055.
01:07:35 | INFO: Draco encoder: Encoding mesh Root moss shoots 1056.
01:07:35 | INFO: Draco encoder: Encoding mesh Root moss shoots 1057.
01:07:35 | INFO: Draco encoder: Encoding mesh Root moss shoots 1058.
01:07:35 | INFO: Draco encoder: Encoding mesh Root moss shoots 1059.
01:07:35 | INFO: Draco encoder: Encoding mesh Root moss shoots 1060.
01:07:35 | INFO: Draco encoder: Encoding mesh Root moss shoots 1061.
01:07:35 | INFO: Draco encoder: Encoding mesh Root moss shoots 1062.
01:07:35 | INFO: Draco encoder: Encoding mesh Root moss shoots 1063.
01:07:35 | INFO: Draco encoder: Encoding mesh Root moss shoots 1064.
01:07:35 | INFO: Draco encoder: Encoding mesh Root moss shoots 1065.
01:07:35 | INFO: Draco encoder: Encoding mesh Root moss shoots 1066.
01:07:35 | INFO: Draco encoder: Encoding mesh Root moss shoots 1067.
01:07:35 | INFO: Draco encoder: Encoding mesh Root moss shoots 1068.
01:07:35 | INFO: Draco encoder: Encoding mesh Root moss shoots 1069.
01:07:35 | INFO: Draco encoder: Encoding mesh Root moss shoots 1070.
01:07:35 | INFO: Draco encoder: Encoding mesh Root moss shoots 1071.
01:07:35 | INFO: Draco encoder: Encoding mesh Root moss shoots 1072.
01:07:35 | INFO: Draco encoder: Encoding mesh Root moss shoots 1073.
01:07:35 | INFO: Draco encoder: Encoding mesh Root moss shoots 1074.
01:07:35 | INFO: Draco encoder: Encoding mesh Root moss shoots 1075.
01:07:35 | INFO: Draco encoder: Encoding mesh Root moss shoots 1076.
01:07:35 | INFO: Draco encoder: Encoding mesh Root moss shoots 1077.
01:07:35 | INFO: Draco encoder: Encoding mesh Root moss shoots 1078.
01:07:35 | INFO: Draco encoder: Encoding mesh Root moss shoots 1079.
01:07:35 | INFO: Draco encoder: Encoding mesh Root moss shoots 1080.
01:07:35 | INFO: Draco encoder: Encoding mesh Root moss shoots 1081.
01:07:35 | INFO: Draco encoder: Encoding mesh Root moss shoots 1082.
01:07:35 | INFO: Draco encoder: Encoding mesh Root moss shoots 1083.
01:07:35 | INFO: Draco encoder: Encoding mesh Root moss shoots 1084.
01:07:35 | INFO: Draco encoder: Encoding mesh Root moss shoots 1085.
01:07:35 | INFO: Draco encoder: Encoding mesh Root moss shoots 1086.
01:07:35 | INFO: Draco encoder: Encoding mesh Root moss shoots 1087.
01:07:35 | INFO: Draco encoder: Encoding mesh Root moss shoots 1088.
01:07:35 | INFO: Draco encoder: Encoding mesh Root moss shoots 1089.
01:07:35 | INFO: Draco encoder: Encoding mesh Root moss shoots 1090.
01:07:35 | INFO: Draco encoder: Encoding mesh Root moss shoots 1091.
01:07:35 | INFO: Draco encoder: Encoding mesh Root moss shoots 1092.
01:07:35 | INFO: Draco encoder: Encoding mesh Root moss shoots 1093.
01:07:35 | INFO: Draco encoder: Encoding mesh Root moss shoots 1094.
01:07:35 | INFO: Draco encoder: Encoding mesh Root moss shoots 1095.
01:07:35 | INFO: Draco encoder: Encoding mesh Root moss shoots 1096.
01:07:35 | INFO: Draco encoder: Encoding mesh Root moss shoots 1097.
01:07:35 | INFO: Draco encoder: Encoding mesh Root moss shoots 1098.
01:07:35 | INFO: Draco encoder: Encoding mesh Root moss shoots 1099.
01:07:35 | INFO: Draco encoder: Encoding mesh Root moss shoots 1100.
01:07:35 | INFO: Draco encoder: Encoding mesh Root moss shoots 1101.
01:07:35 | INFO: Draco encoder: Encoding mesh Root moss shoots 1102.
01:07:35 | INFO: Draco encoder: Encoding mesh Root moss shoots 1103.
01:07:35 | INFO: Draco encoder: Encoding mesh Root moss shoots 1104.
01:07:35 | INFO: Draco encoder: Encoding mesh Root moss shoots 1105.
01:07:35 | INFO: Draco encoder: Encoding mesh Root moss shoots 1106.
01:07:35 | INFO: Draco encoder: Encoding mesh Root moss shoots 1107.
01:07:35 | INFO: Draco encoder: Encoding mesh Root moss shoots 1108.
01:07:35 | INFO: Draco encoder: Encoding mesh Root moss shoots 1109.
01:07:35 | INFO: Draco encoder: Encoding mesh Root moss shoots 1110.
01:07:35 | INFO: Draco encoder: Encoding mesh Root moss shoots 1111.
01:07:35 | INFO: Draco encoder: Encoding mesh Root moss shoots 1112.
01:07:35 | INFO: Draco encoder: Encoding mesh Root moss shoots 1113.
01:07:35 | INFO: Draco encoder: Encoding mesh Root moss shoots 1114.
01:07:35 | INFO: Draco encoder: Encoding mesh Root moss shoots 1115.
01:07:35 | INFO: Draco encoder: Encoding mesh Root moss shoots 1116.
01:07:35 | INFO: Draco encoder: Encoding mesh Root moss shoots 1117.
01:07:35 | INFO: Draco encoder: Encoding mesh Root moss shoots 1118.
01:07:35 | INFO: Draco encoder: Encoding mesh Root moss shoots 1119.
01:07:35 | INFO: Draco encoder: Encoding mesh Root moss shoots 1120.
01:07:35 | INFO: Draco encoder: Encoding mesh Root moss shoots 1121.
01:07:35 | INFO: Draco encoder: Encoding mesh Root moss shoots 1122.
01:07:35 | INFO: Draco encoder: Encoding mesh Root moss shoots 1123.
01:07:35 | INFO: Draco encoder: Encoding mesh Root moss shoots 1124.
01:07:35 | INFO: Draco encoder: Encoding mesh Root moss shoots 1125.
01:07:35 | INFO: Draco encoder: Encoding mesh Root moss shoots 1126.
01:07:35 | INFO: Draco encoder: Encoding mesh Root moss shoots 1127.
01:07:35 | INFO: Draco encoder: Encoding mesh Root moss shoots 1128.
01:07:35 | INFO: Draco encoder: Encoding mesh Root moss shoots 1129.
01:07:35 | INFO: Draco encoder: Encoding mesh Root moss shoots 1130.
01:07:35 | INFO: Draco encoder: Encoding mesh Root moss shoots 1131.
01:07:35 | INFO: Draco encoder: Encoding mesh Root moss shoots 1132.
01:07:35 | INFO: Draco encoder: Encoding mesh Root moss shoots 1133.
01:07:35 | INFO: Draco encoder: Encoding mesh Root moss shoots 1134.
01:07:35 | INFO: Draco encoder: Encoding mesh Root moss shoots 1135.
01:07:35 | INFO: Draco encoder: Encoding mesh Root moss shoots 1136.
01:07:35 | INFO: Draco encoder: Encoding mesh Root moss shoots 1137.
01:07:35 | INFO: Draco encoder: Encoding mesh Root moss shoots 1138.
01:07:35 | INFO: Draco encoder: Encoding mesh Root moss shoots 1139.
01:07:35 | INFO: Draco encoder: Encoding mesh Root moss shoots 1140.
01:07:35 | INFO: Draco encoder: Encoding mesh Root moss shoots 1141.
01:07:35 | INFO: Draco encoder: Encoding mesh Root moss shoots 1142.
01:07:35 | INFO: Draco encoder: Encoding mesh Root moss shoots 1143.
01:07:35 | INFO: Draco encoder: Encoding mesh Root moss shoots 1144.
01:07:35 | INFO: Draco encoder: Encoding mesh Root moss shoots 1145.
01:07:35 | INFO: Draco encoder: Encoding mesh Root moss shoots 1146.
01:07:35 | INFO: Draco encoder: Encoding mesh Root moss shoots 1147.
01:07:35 | INFO: Draco encoder: Encoding mesh Root moss shoots 1148.
01:07:35 | INFO: Draco encoder: Encoding mesh Root moss shoots 1149.
01:07:35 | INFO: Draco encoder: Encoding mesh Root moss shoots 1150.
01:07:35 | INFO: Draco encoder: Encoding mesh Root moss shoots 1151.
01:07:35 | INFO: Draco encoder: Encoding mesh Root moss shoots 1152.
01:07:35 | INFO: Draco encoder: Encoding mesh Root moss shoots 1153.
01:07:35 | INFO: Draco encoder: Encoding mesh Root moss shoots 1154.
01:07:35 | INFO: Draco encoder: Encoding mesh Root moss shoots 1155.
01:07:35 | INFO: Draco encoder: Encoding mesh Root moss shoots 1156.
01:07:35 | INFO: Draco encoder: Encoding mesh Root moss shoots 1157.
01:07:35 | INFO: Draco encoder: Encoding mesh Root moss shoots 1158.
01:07:35 | INFO: Draco encoder: Encoding mesh Root moss shoots 1159.
01:07:35 | INFO: Draco encoder: Encoding mesh Root moss shoots 1160.
01:07:35 | INFO: Draco encoder: Encoding mesh Root moss shoots 1161.
01:07:35 | INFO: Draco encoder: Encoding mesh Root moss shoots 1162.
01:07:35 | INFO: Draco encoder: Encoding mesh Root moss shoots 1163.
01:07:35 | INFO: Draco encoder: Encoding mesh Root moss shoots 1164.
01:07:35 | INFO: Draco encoder: Encoding mesh Root moss shoots 1165.
01:07:35 | INFO: Draco encoder: Encoding mesh Root moss shoots 1166.
01:07:35 | INFO: Draco encoder: Encoding mesh Root moss shoots 1167.
01:07:35 | INFO: Draco encoder: Encoding mesh Root moss shoots 1168.
01:07:35 | INFO: Draco encoder: Encoding mesh Root moss shoots 1169.
01:07:35 | INFO: Draco encoder: Encoding mesh Root moss shoots 1170.
01:07:35 | INFO: Draco encoder: Encoding mesh Root moss shoots 1171.
01:07:35 | INFO: Draco encoder: Encoding mesh Root moss shoots 1172.
01:07:35 | INFO: Draco encoder: Encoding mesh Root moss shoots 1173.
01:07:35 | INFO: Draco encoder: Encoding mesh Root moss shoots 1174.
01:07:35 | INFO: Draco encoder: Encoding mesh Root moss shoots 1175.
01:07:35 | INFO: Draco encoder: Encoding mesh Root moss shoots 1176.
01:07:35 | INFO: Draco encoder: Encoding mesh Root moss shoots 1177.
01:07:35 | INFO: Draco encoder: Encoding mesh Root moss shoots 1178.
01:07:35 | INFO: Draco encoder: Encoding mesh Root moss shoots 1179.
01:07:35 | INFO: Draco encoder: Encoding mesh Root moss shoots 1180.
01:07:35 | INFO: Draco encoder: Encoding mesh Root moss shoots 1181.
01:07:35 | INFO: Draco encoder: Encoding mesh Root moss shoots 1182.
01:07:35 | INFO: Draco encoder: Encoding mesh Root moss shoots 1183.
01:07:35 | INFO: Draco encoder: Encoding mesh Root moss shoots 1184.
01:07:35 | INFO: Draco encoder: Encoding mesh Root moss shoots 1185.
01:07:35 | INFO: Draco encoder: Encoding mesh Root moss shoots 1186.
01:07:35 | INFO: Draco encoder: Encoding mesh Root moss shoots 1187.
01:07:35 | INFO: Draco encoder: Encoding mesh Root moss shoots 1188.
01:07:35 | INFO: Draco encoder: Encoding mesh Root moss shoots 1189.
01:07:35 | INFO: Draco encoder: Encoding mesh Root moss shoots 1190.
01:07:35 | INFO: Draco encoder: Encoding mesh Root moss shoots 1191.
01:07:35 | INFO: Draco encoder: Encoding mesh Root moss shoots 1192.
01:07:35 | INFO: Draco encoder: Encoding mesh Root moss shoots 1193.
01:07:35 | INFO: Draco encoder: Encoding mesh Root moss shoots 1194.
01:07:35 | INFO: Draco encoder: Encoding mesh Root moss shoots 1195.
01:07:35 | INFO: Draco encoder: Encoding mesh Root moss shoots 1196.
01:07:35 | INFO: Draco encoder: Encoding mesh Root moss shoots 1197.
01:07:35 | INFO: Draco encoder: Encoding mesh Root moss shoots 1198.
01:07:35 | INFO: Draco encoder: Encoding mesh Root moss shoots 1199.
01:07:35 | INFO: Draco encoder: Encoding mesh Root moss shoots 1200.
01:07:35 | INFO: Draco encoder: Encoding mesh Root moss shoots 1201.
01:07:35 | INFO: Draco encoder: Encoding mesh Root moss shoots 1202.
01:07:35 | INFO: Draco encoder: Encoding mesh Root moss shoots 1203.
01:07:35 | INFO: Draco encoder: Encoding mesh Root moss shoots 1204.
01:07:35 | INFO: Draco encoder: Encoding mesh Root moss shoots 1205.
01:07:35 | INFO: Draco encoder: Encoding mesh Root moss shoots 1206.
01:07:35 | INFO: Draco encoder: Encoding mesh Root moss shoots 1207.
01:07:35 | INFO: Draco encoder: Encoding mesh Root moss shoots 1208.
01:07:35 | INFO: Draco encoder: Encoding mesh Root moss shoots 1209.
01:07:35 | INFO: Draco encoder: Encoding mesh Root moss shoots 1210.
01:07:35 | INFO: Draco encoder: Encoding mesh Root moss shoots 1211.
01:07:35 | INFO: Draco encoder: Encoding mesh Root moss shoots 1212.
01:07:35 | INFO: Draco encoder: Encoding mesh Root moss shoots 1213.
01:07:35 | INFO: Draco encoder: Encoding mesh Root moss shoots 1214.
01:07:35 | INFO: Draco encoder: Encoding mesh Root moss shoots 1215.
01:07:35 | INFO: Draco encoder: Encoding mesh Root moss shoots 1216.
01:07:35 | INFO: Draco encoder: Encoding mesh Root moss shoots 1217.
01:07:35 | INFO: Draco encoder: Encoding mesh Root moss shoots 1218.
01:07:35 | INFO: Draco encoder: Encoding mesh Root moss shoots 1219.
01:07:35 | INFO: Draco encoder: Encoding mesh Root moss shoots 1220.
01:07:35 | INFO: Draco encoder: Encoding mesh Root moss shoots 1221.
01:07:35 | INFO: Draco encoder: Encoding mesh Root moss shoots 1222.
01:07:35 | INFO: Draco encoder: Encoding mesh Root moss shoots 1223.
01:07:35 | INFO: Draco encoder: Encoding mesh Root moss shoots 1224.
01:07:35 | INFO: Draco encoder: Encoding mesh Root moss shoots 1225.
01:07:35 | INFO: Draco encoder: Encoding mesh Root moss shoots 1226.
01:07:35 | INFO: Draco encoder: Encoding mesh Root moss shoots 1227.
01:07:35 | INFO: Draco encoder: Encoding mesh Root moss shoots 1228.
01:07:35 | INFO: Draco encoder: Encoding mesh Root moss shoots 1229.
01:07:35 | INFO: Draco encoder: Encoding mesh Root moss shoots 1230.
01:07:35 | INFO: Draco encoder: Encoding mesh Root moss shoots 1231.
01:07:35 | INFO: Draco encoder: Encoding mesh Root moss shoots 1232.
01:07:35 | INFO: Draco encoder: Encoding mesh Root moss shoots 1233.
01:07:35 | INFO: Draco encoder: Encoding mesh Root moss shoots 1234.
01:07:35 | INFO: Draco encoder: Encoding mesh Root moss shoots 1235.
01:07:35 | INFO: Draco encoder: Encoding mesh Root moss shoots 1236.
01:07:35 | INFO: Draco encoder: Encoding mesh Root moss shoots 1237.
01:07:35 | INFO: Draco encoder: Encoding mesh Root moss shoots 1238.
01:07:35 | INFO: Draco encoder: Encoding mesh Root moss shoots 1239.
01:07:35 | INFO: Draco encoder: Encoding mesh Root moss shoots 1240.
01:07:35 | INFO: Draco encoder: Encoding mesh Root moss shoots 1241.
01:07:35 | INFO: Draco encoder: Encoding mesh Root moss shoots 1242.
01:07:35 | INFO: Draco encoder: Encoding mesh Root moss shoots 1243.
01:07:35 | INFO: Draco encoder: Encoding mesh Root moss shoots 1244.
01:07:35 | INFO: Draco encoder: Encoding mesh Root moss shoots 1245.
01:07:35 | INFO: Draco encoder: Encoding mesh Root moss shoots 1246.
01:07:35 | INFO: Draco encoder: Encoding mesh Root moss shoots 1247.
01:07:35 | INFO: Draco encoder: Encoding mesh Root moss shoots 1248.
01:07:35 | INFO: Draco encoder: Encoding mesh Root moss shoots 1249.
01:07:35 | INFO: Draco encoder: Encoding mesh Root moss shoots 1250.
01:07:35 | INFO: Draco encoder: Encoding mesh Root moss shoots 1251.
01:07:35 | INFO: Draco encoder: Encoding mesh Root moss shoots 1252.
01:07:35 | INFO: Draco encoder: Encoding mesh Root moss shoots 1253.
01:07:35 | INFO: Draco encoder: Encoding mesh Root moss shoots 1254.
01:07:35 | INFO: Draco encoder: Encoding mesh Root moss shoots 1255.
01:07:35 | INFO: Draco encoder: Encoding mesh Root moss shoots 1256.
01:07:35 | INFO: Draco encoder: Encoding mesh Root moss shoots 1257.
01:07:35 | INFO: Draco encoder: Encoding mesh Root moss shoots 1258.
01:07:35 | INFO: Draco encoder: Encoding mesh Root moss shoots 1259.
01:07:35 | INFO: Draco encoder: Encoding mesh Root moss shoots 1260.
01:07:35 | INFO: Draco encoder: Encoding mesh Root moss shoots 1261.
01:07:35 | INFO: Draco encoder: Encoding mesh Root moss shoots 1262.
01:07:35 | INFO: Draco encoder: Encoding mesh Root moss shoots 1263.
01:07:35 | INFO: Draco encoder: Encoding mesh Root moss shoots 1264.
01:07:35 | INFO: Draco encoder: Encoding mesh Root moss shoots 1265.
01:07:35 | INFO: Draco encoder: Encoding mesh Root moss shoots 1266.
01:07:35 | INFO: Draco encoder: Encoding mesh Root moss shoots 1267.
01:07:35 | INFO: Draco encoder: Encoding mesh Root moss shoots 1268.
01:07:35 | INFO: Draco encoder: Encoding mesh Root moss shoots 1269.
01:07:35 | INFO: Draco encoder: Encoding mesh Root moss shoots 1270.
01:07:35 | INFO: Draco encoder: Encoding mesh Root moss shoots 1271.
01:07:35 | INFO: Draco encoder: Encoding mesh Root moss shoots 1272.
01:07:35 | INFO: Draco encoder: Encoding mesh Root moss shoots 1273.
01:07:35 | INFO: Draco encoder: Encoding mesh Root moss shoots 1274.
01:07:35 | INFO: Draco encoder: Encoding mesh Root moss shoots 1275.
01:07:35 | INFO: Draco encoder: Encoding mesh Root moss shoots 1276.
01:07:35 | INFO: Draco encoder: Encoding mesh Root moss shoots 1277.
01:07:35 | INFO: Draco encoder: Encoding mesh Root moss shoots 1278.
01:07:35 | INFO: Draco encoder: Encoding mesh Root moss shoots 1279.
01:07:35 | INFO: Draco encoder: Encoding mesh Root moss shoots 1280.
01:07:35 | INFO: Draco encoder: Encoding mesh Root moss shoots 1281.
01:07:35 | INFO: Draco encoder: Encoding mesh Root moss shoots 1282.
01:07:35 | INFO: Draco encoder: Encoding mesh Root moss shoots 1283.
01:07:35 | INFO: Draco encoder: Encoding mesh Root moss shoots 1284.
01:07:35 | INFO: Draco encoder: Encoding mesh Root moss shoots 1285.
01:07:35 | INFO: Draco encoder: Encoding mesh Root moss shoots 1286.
01:07:35 | INFO: Draco encoder: Encoding mesh Root moss shoots 1287.
01:07:35 | INFO: Draco encoder: Encoding mesh Root moss shoots 1288.
01:07:35 | INFO: Draco encoder: Encoding mesh Root moss shoots 1289.
01:07:35 | INFO: Draco encoder: Encoding mesh Root moss shoots 1290.
01:07:35 | INFO: Draco encoder: Encoding mesh Root moss shoots 1291.
01:07:35 | INFO: Draco encoder: Encoding mesh Root moss shoots 1292.
01:07:35 | INFO: Draco encoder: Encoding mesh Root moss shoots 1293.
01:07:35 | INFO: Draco encoder: Encoding mesh Root moss shoots 1294.
01:07:35 | INFO: Draco encoder: Encoding mesh Root moss shoots 1295.
01:07:35 | INFO: Draco encoder: Encoding mesh Root moss shoots 1296.
01:07:35 | INFO: Draco encoder: Encoding mesh Root moss shoots 1297.
01:07:35 | INFO: Draco encoder: Encoding mesh Root moss shoots 1298.
01:07:35 | INFO: Draco encoder: Encoding mesh Root moss shoots 1299.
01:07:35 | INFO: Draco encoder: Encoding mesh Root moss shoots 1300.
01:07:35 | INFO: Draco encoder: Encoding mesh Root moss shoots 1301.
01:07:35 | INFO: Draco encoder: Encoding mesh Root moss shoots 1302.
01:07:35 | INFO: Draco encoder: Encoding mesh Root moss shoots 1303.
01:07:35 | INFO: Draco encoder: Encoding mesh Root moss shoots 1304.
01:07:35 | INFO: Draco encoder: Encoding mesh Root moss shoots 1305.
01:07:35 | INFO: Draco encoder: Encoding mesh Root moss shoots 1306.
01:07:35 | INFO: Draco encoder: Encoding mesh Root moss shoots 1307.
01:07:35 | INFO: Draco encoder: Encoding mesh Root moss shoots 1308.
01:07:35 | INFO: Draco encoder: Encoding mesh Root moss shoots 1309.
01:07:35 | INFO: Draco encoder: Encoding mesh Root moss shoots 1310.
01:07:35 | INFO: Draco encoder: Encoding mesh Root moss shoots 1311.
01:07:35 | INFO: Draco encoder: Encoding mesh Root moss shoots 1312.
01:07:35 | INFO: Draco encoder: Encoding mesh Root moss shoots 1313.
01:07:35 | INFO: Draco encoder: Encoding mesh Root moss shoots 1314.
01:07:35 | INFO: Draco encoder: Encoding mesh Root moss shoots 1315.
01:07:35 | INFO: Draco encoder: Encoding mesh Root moss shoots 1316.
01:07:35 | INFO: Draco encoder: Encoding mesh Root moss shoots 1317.
01:07:35 | INFO: Draco encoder: Encoding mesh Root moss shoots 1318.
01:07:35 | INFO: Draco encoder: Encoding mesh Root moss shoots 1319.
01:07:35 | INFO: Draco encoder: Encoding mesh Root moss shoots 1320.
01:07:35 | INFO: Draco encoder: Encoding mesh Root moss shoots 1321.
01:07:35 | INFO: Draco encoder: Encoding mesh Root moss shoots 1322.
01:07:35 | INFO: Draco encoder: Encoding mesh Root moss shoots 1323.
01:07:35 | INFO: Draco encoder: Encoding mesh Root moss shoots 1324.
01:07:35 | INFO: Draco encoder: Encoding mesh Root moss shoots 1325.
01:07:35 | INFO: Draco encoder: Encoding mesh Root moss shoots 1326.
01:07:35 | INFO: Draco encoder: Encoding mesh Root moss shoots 1327.
01:07:35 | INFO: Draco encoder: Encoding mesh Root moss shoots 1328.
01:07:35 | INFO: Draco encoder: Encoding mesh Root moss shoots 1329.
01:07:35 | INFO: Draco encoder: Encoding mesh Root moss shoots 1330.
01:07:35 | INFO: Draco encoder: Encoding mesh Root moss shoots 1331.
01:07:35 | INFO: Draco encoder: Encoding mesh Root moss shoots 1332.
01:07:35 | INFO: Draco encoder: Encoding mesh Root moss shoots 1333.
01:07:35 | INFO: Draco encoder: Encoding mesh Root moss shoots 1334.
01:07:35 | INFO: Draco encoder: Encoding mesh Root moss shoots 1335.
01:07:35 | INFO: Draco encoder: Encoding mesh Root moss shoots 1336.
01:07:35 | INFO: Draco encoder: Encoding mesh Root moss shoots 1337.
01:07:35 | INFO: Draco encoder: Encoding mesh Root moss shoots 1338.
01:07:35 | INFO: Draco encoder: Encoding mesh Root moss shoots 1339.
01:07:35 | INFO: Draco encoder: Encoding mesh Root moss shoots 1340.
01:07:35 | INFO: Draco encoder: Encoding mesh Root moss shoots 1341.
01:07:35 | INFO: Draco encoder: Encoding mesh Root moss shoots 1342.
01:07:35 | INFO: Draco encoder: Encoding mesh Root moss shoots 1343.
01:07:35 | INFO: Draco encoder: Encoding mesh Root moss shoots 1344.
01:07:35 | INFO: Draco encoder: Encoding mesh Root moss shoots 1345.
01:07:35 | INFO: Draco encoder: Encoding mesh Root moss shoots 1346.
01:07:35 | INFO: Draco encoder: Encoding mesh Root moss shoots 1347.
01:07:35 | INFO: Draco encoder: Encoding mesh Root moss shoots 1348.
01:07:35 | INFO: Draco encoder: Encoding mesh Root moss shoots 1349.
01:07:35 | INFO: Draco encoder: Encoding mesh Root moss shoots 1350.
01:07:35 | INFO: Draco encoder: Encoding mesh Root moss shoots 1351.
01:07:35 | INFO: Draco encoder: Encoding mesh Root moss shoots 1352.
01:07:35 | INFO: Draco encoder: Encoding mesh Root moss shoots 1353.
01:07:35 | INFO: Draco encoder: Encoding mesh Root moss shoots 1354.
01:07:35 | INFO: Draco encoder: Encoding mesh Root moss shoots 1355.
01:07:35 | INFO: Draco encoder: Encoding mesh Root moss shoots 1356.
01:07:35 | INFO: Draco encoder: Encoding mesh Root moss shoots 1357.
01:07:35 | INFO: Draco encoder: Encoding mesh Root moss shoots 1358.
01:07:35 | INFO: Draco encoder: Encoding mesh Root moss shoots 1359.
01:07:35 | INFO: Draco encoder: Encoding mesh Root moss shoots 1360.
01:07:35 | INFO: Draco encoder: Encoding mesh Root moss shoots 1361.
01:07:35 | INFO: Draco encoder: Encoding mesh Root moss shoots 1362.
01:07:35 | INFO: Draco encoder: Encoding mesh Root moss shoots 1363.
01:07:35 | INFO: Draco encoder: Encoding mesh Root moss shoots 1364.
01:07:35 | INFO: Draco encoder: Encoding mesh Root moss shoots 1365.
01:07:35 | INFO: Draco encoder: Encoding mesh Root moss shoots 1366.
01:07:35 | INFO: Draco encoder: Encoding mesh Root moss shoots 1367.
01:07:35 | INFO: Draco encoder: Encoding mesh Root moss shoots 1368.
01:07:35 | INFO: Draco encoder: Encoding mesh Root moss shoots 1369.
01:07:35 | INFO: Draco encoder: Encoding mesh Root moss shoots 1370.
01:07:35 | INFO: Draco encoder: Encoding mesh Root moss shoots 1371.
01:07:35 | INFO: Draco encoder: Encoding mesh Root moss shoots 1372.
01:07:35 | INFO: Draco encoder: Encoding mesh Root moss shoots 1373.
01:07:35 | INFO: Draco encoder: Encoding mesh Root moss shoots 1374.
01:07:35 | INFO: Draco encoder: Encoding mesh Root moss shoots 1375.
01:07:35 | INFO: Draco encoder: Encoding mesh Root moss shoots 1376.
01:07:35 | INFO: Draco encoder: Encoding mesh Root moss shoots 1377.
01:07:35 | INFO: Draco encoder: Encoding mesh Root moss shoots 1378.
01:07:35 | INFO: Draco encoder: Encoding mesh Root moss shoots 1379.
01:07:35 | INFO: Draco encoder: Encoding mesh Root moss shoots 1380.
01:07:35 | INFO: Draco encoder: Encoding mesh Root moss shoots 1381.
01:07:35 | INFO: Draco encoder: Encoding mesh Root moss shoots 1382.
01:07:35 | INFO: Draco encoder: Encoding mesh Root moss shoots 1383.
01:07:35 | INFO: Draco encoder: Encoding mesh Root moss shoots 1384.
01:07:35 | INFO: Draco encoder: Encoding mesh Root moss shoots 1385.
01:07:35 | INFO: Draco encoder: Encoding mesh Root moss shoots 1386.
01:07:35 | INFO: Draco encoder: Encoding mesh Root moss shoots 1387.
01:07:35 | INFO: Draco encoder: Encoding mesh Root moss shoots 1388.
01:07:35 | INFO: Draco encoder: Encoding mesh Root moss shoots 1389.
01:07:35 | INFO: Draco encoder: Encoding mesh Root moss shoots 1390.
01:07:35 | INFO: Draco encoder: Encoding mesh Root moss shoots 1391.
01:07:35 | INFO: Draco encoder: Encoding mesh Root moss shoots 1392.
01:07:35 | INFO: Draco encoder: Encoding mesh Root moss shoots 1393.
01:07:35 | INFO: Draco encoder: Encoding mesh Root moss shoots 1394.
01:07:35 | INFO: Draco encoder: Encoding mesh Root moss shoots 1395.
01:07:35 | INFO: Draco encoder: Encoding mesh Root moss shoots 1396.
01:07:35 | INFO: Draco encoder: Encoding mesh Root moss shoots 1397.
01:07:35 | INFO: Draco encoder: Encoding mesh Root moss shoots 1398.
01:07:35 | INFO: Draco encoder: Encoding mesh Root moss shoots 1399.
01:07:35 | INFO: Draco encoder: Encoding mesh Terminal twig hierarchy.
01:07:35 | INFO: Draco encoder: Encoding mesh Continuous aged trunk and primary branches.
Blender 5.2.1 LTS (hash 9e2066aef7ef built 2026-08-25 01:35:57)
DracoEncoder | Preserve triangle order: no
DracoEncoder | Encoded 4184 vertices, 5004 indices, raw size: 177368, encoded size: 44148, compression ratio: 4.02
DracoEncoder | Preserve triangle order: no
DracoEncoder | Encoded 4184 vertices, 5004 indices, raw size: 177368, encoded size: 44083, compression ratio: 4.02
DracoEncoder | Preserve triangle order: no
DracoEncoder | Encoded 4184 vertices, 5004 indices, raw size: 177368, encoded size: 44153, compression ratio: 4.02
DracoEncoder | Preserve triangle order: no
DracoEncoder | Encoded 4184 vertices, 5004 indices, raw size: 177368, encoded size: 44171, compression ratio: 4.02
DracoEncoder | Preserve triangle order: no
DracoEncoder | Encoded 4184 vertices, 5004 indices, raw size: 177368, encoded size: 44182, compression ratio: 4.01
DracoEncoder | Preserve triangle order: no
DracoEncoder | Encoded 4184 vertices, 5004 indices, raw size: 177368, encoded size: 44116, compression ratio: 4.02
DracoEncoder | Preserve triangle order: no
DracoEncoder | Encoded 4184 vertices, 5004 indices, raw size: 177368, encoded size: 44177, compression ratio: 4.01
DracoEncoder | Preserve triangle order: no
DracoEncoder | Encoded 4184 vertices, 5004 indices, raw size: 177368, encoded size: 44100, compression ratio: 4.02
DracoEncoder | Preserve triangle order: no
DracoEncoder | Encoded 4184 vertices, 5004 indices, raw size: 177368, encoded size: 44177, compression ratio: 4.01
DracoEncoder | Preserve triangle order: no
DracoEncoder | Encoded 4184 vertices, 5004 indices, raw size: 177368, encoded size: 44092, compression ratio: 4.02
DracoEncoder | Preserve triangle order: no
DracoEncoder | Encoded 4184 vertices, 5004 indices, raw size: 177368, encoded size: 44095, compression ratio: 4.02
DracoEncoder | Preserve triangle order: no
DracoEncoder | Encoded 4184 vertices, 5004 indices, raw size: 177368, encoded size: 44094, compression ratio: 4.02
DracoEncoder | Preserve triangle order: no
DracoEncoder | Encoded 30 vertices, 30 indices, raw size: 1020, encoded size: 479, compression ratio: 2.13
DracoEncoder | Preserve triangle order: no
DracoEncoder | Encoded 30 vertices, 30 indices, raw size: 1020, encoded size: 477, compression ratio: 2.14
DracoEncoder | Preserve triangle order: no
DracoEncoder | Encoded 30 vertices, 30 indices, raw size: 1020, encoded size: 476, compression ratio: 2.14
DracoEncoder | Preserve triangle order: no
DracoEncoder | Encoded 30 vertices, 30 indices, raw size: 1020, encoded size: 481, compression ratio: 2.12
DracoEncoder | Preserve triangle order: no
DracoEncoder | Encoded 30 vertices, 30 indices, raw size: 1020, encoded size: 480, compression ratio: 2.12
DracoEncoder | Preserve triangle order: no
DracoEncoder | Encoded 30 vertices, 30 indices, raw size: 1020, encoded size: 477, compression ratio: 2.14
DracoEncoder | Preserve triangle order: no
DracoEncoder | Encoded 144 vertices, 144 indices, raw size: 6048, encoded size: 2865, compression ratio: 2.11
DracoEncoder | Preserve triangle order: no
DracoEncoder | Encoded 144 vertices, 144 indices, raw size: 6048, encoded size: 2865, compression ratio: 2.11
DracoEncoder | Preserve triangle order: no
DracoEncoder | Encoded 144 vertices, 144 indices, raw size: 6048, encoded size: 2866, compression ratio: 2.11
DracoEncoder | Preserve triangle order: no
DracoEncoder | Encoded 144 vertices, 144 indices, raw size: 6048, encoded size: 2860, compression ratio: 2.11
DracoEncoder | Preserve triangle order: no
DracoEncoder | Encoded 144 vertices, 144 indices, raw size: 6048, encoded size: 2862, compression ratio: 2.11
DracoEncoder | Preserve triangle order: no
DracoEncoder | Encoded 144 vertices, 144 indices, raw size: 6048, encoded size: 2865, compression ratio: 2.11
DracoEncoder | Preserve triangle order: no
DracoEncoder | Encoded 34305 vertices, 110214 indices, raw size: 1318188, encoded size: 240410, compression ratio: 5.48
DracoEncoder | Preserve triangle order: no
DracoEncoder | Encoded 12521 vertices, 55620 indices, raw size: 784360, encoded size: 143786, compression ratio:01:07:35 | INFO: Draco encoder: Encoding mesh Continuous planted soil.
01:07:35 | INFO: Draco encoder: Encoding mesh Foliage detail template 00.
01:07:35 | INFO: Draco encoder: Encoding mesh Foliage detail template 01.
01:07:35 | INFO: Draco encoder: Encoding mesh Foliage detail template 02.
01:07:35 | INFO: Draco encoder: Encoding mesh Foliage detail template 03.
01:07:35 | INFO: Draco encoder: Encoding mesh Foliage detail template 04.
01:07:35 | INFO: Draco encoder: Encoding mesh Foliage detail template 05.
01:07:35 | INFO: Draco encoder: Encoding mesh Foliage detail template 06.
01:07:35 | INFO: Draco encoder: Encoding mesh Foliage detail template 07.
01:07:35 | INFO: Draco encoder: Encoding mesh Foliage detail template 08.
01:07:35 | INFO: Draco encoder: Encoding mesh Foliage detail template 09.
01:07:35 | INFO: Draco encoder: Encoding mesh Foliage detail template 10.
01:07:35 | INFO: Draco encoder: Encoding mesh Foliage detail template 11.
01:07:35 | INFO: Draco encoder: Encoding mesh Low ceramic foot.
01:07:35 | INFO: Draco encoder: Encoding mesh Low ceramic foot.001.
01:07:35 | INFO: Draco encoder: Encoding mesh Low ceramic foot.002.
01:07:35 | INFO: Draco encoder: Encoding mesh Low ceramic foot.003.
01:07:35 | INFO: Draco encoder: Encoding mesh Low split natural bedding stone.
01:07:35 | INFO: Draco encoder: Encoding mesh Shallow unglazed pot.
01:07:35 | INFO: Finished glTF 2.0 export in 1.7077569961547852 s

{"version": "edge-v01", "inspection": {"control_vertices": 2319, "control_faces": 2318, "evaluated_vertices": 9272, "evaluated_triangles": 18540, "volume": 0.21754641746576978, "volume_ratio": 1.0249335829704536, "boundary_edges": 0, "nonmanifold_edges": 0, "nonadjacent_intersections": 0, "fixed_boundary_count": 40, "fixed_boundary_max_error": 0.0, "outside_patch_max_error": 0.0, "edited_old_controls": 56, "added_control_vertices": 5, "new_shoulder_rail": [2314, 2315, 2316, 2317, 2318], "max_position_edit": 0.0823334813740303, "subdivision": 1}, "glb_bytes": 1453756}
 5.46
DracoEncoder | Preserve triangle order: no
DracoEncoder | Encoded 3936 vertices, 23040 indices, raw size: 203520, encoded size: 27054, compression ratio: 7.52
DracoEncoder | Preserve triangle order: no
DracoEncoder | Encoded 807 vertices, 930 indices, raw size: 34140, encoded size: 10143, compression ratio: 3.37
DracoEncoder | Preserve triangle order: no
DracoEncoder | Encoded 807 vertices, 930 indices, raw size: 34140, encoded size: 10151, compression ratio: 3.36
DracoEncoder | Preserve triangle order: no
DracoEncoder | Encoded 807 vertices, 930 indices, raw size: 34140, encoded size: 10154, compression ratio: 3.36
DracoEncoder | Preserve triangle order: no
DracoEncoder | Encoded 807 vertices, 930 indices, raw size: 34140, encoded size: 10145, compression ratio: 3.37
DracoEncoder | Preserve triangle order: no
DracoEncoder | Encoded 807 vertices, 930 indices, raw size: 34140, encoded size: 10205, compression ratio: 3.35
DracoEncoder | Preserve triangle order: no
DracoEncoder | Encoded 807 vertices, 930 indices, raw size: 34140, encoded size: 10123, compression ratio: 3.37
DracoEncoder | Preserve triangle order: no
DracoEncoder | Encoded 807 vertices, 930 indices, raw size: 34140, encoded size: 10128, compression ratio: 3.37
DracoEncoder | Preserve triangle order: no
DracoEncoder | Encoded 807 vertices, 930 indices, raw size: 34140, encoded size: 10154, compression ratio: 3.36
DracoEncoder | Preserve triangle order: no
DracoEncoder | Encoded 807 vertices, 930 indices, raw size: 34140, encoded size: 10152, compression ratio: 3.36
DracoEncoder | Preserve triangle order: no
DracoEncoder | Encoded 807 vertices, 930 indices, raw size: 34140, encoded size: 10164, compression ratio: 3.36
DracoEncoder | Preserve triangle order: no
DracoEncoder | Encoded 807 vertices, 930 indices, raw size: 34140, encoded size: 10136, compression ratio: 3.37
DracoEncoder | Preserve triangle order: no
DracoEncoder | Encoded 807 vertices, 930 indices, raw size: 34140, encoded size: 10171, compression ratio: 3.36
DracoEncoder | Preserve triangle order: no
DracoEncoder | Encoded 116 vertices, 564 indices, raw size: 4840, encoded size: 1255, compression ratio: 3.86
DracoEncoder | Preserve triangle order: no
DracoEncoder | Encoded 116 vertices, 564 indices, raw size: 4840, encoded size: 1255, compression ratio: 3.86
DracoEncoder | Preserve triangle order: no
DracoEncoder | Encoded 116 vertices, 564 indices, raw size: 4840, encoded size: 1255, compression ratio: 3.86
DracoEncoder | Preserve triangle order: no
DracoEncoder | Encoded 116 vertices, 564 indices, raw size: 4840, encoded size: 1255, compression ratio: 3.86
DracoEncoder | Preserve triangle order: no
DracoEncoder | Encoded 5397 vertices, 12102 indices, raw size: 196908, encoded size: 44800, compression ratio: 4.40
DracoEncoder | Preserve triangle order: no
DracoEncoder | Encoded 1440 vertices, 8628 indices, raw size: 63336, encoded size: 9999, compression ratio: 6.33

Blender quit
